Adair County,Alfalfa County,Atoka County,Beaver County,Beckham County,Blaine County,Bryan County,Caddo County,Canadian County,Carter County,Cherokee County,Choctaw County,Cimarron County,Cleveland County,Coal County,Comanche County,Cotton County,Craig County,Creek County,Custer County,Delaware County,Dewey County,Ellis County,Garfield County,Garvin County,Grady County,Grant County,Greer County,Harmon County,Harper County,Haskell County,Hughes County,Jackson County,Jefferson County,Johnston County,Kay County,Kingfisher County,Kiowa County,Latimer County,Le Flore County,Lincoln County,Logan County,Love County,Major County,Marshall County,Mayes County,McClain County,McCurtain County,McIntosh County,Murray County,Muskogee County,Noble County,Nowata County,Okfuskee County,Oklahoma County,Okmulgee County,Osage County,Ottawa County,Pawnee County,Payne County,Pittsburg County,Pontotoc County,Pottawatomie County,Pushmataha County,Roger Mills County,Rogers County,Seminole County,Sequoyah County,Stephens County,Texas County,Tillman County,Tulsa County,Wagoner County,Washington County,Washita County,Woods County,Woodward County
,,,,0.0030837428929363013,0.5101667148501494,0.0009636696540425942,0.03613761202659728,0.06813144454081141,0.0009636696540425942,,,,0.005107449166425749,,0.0009636696540425942,0.0009636696540425942,,0.002023706273489448,0.0629276284089814,0.0030837428929363013,0.028910089621277824,0.004047412546978896,0.025826346728341526,,0.0030837428929363013,,,0.0009636696540425942,,,,0.0009636696540425942,,,,0.07535896694613087,0.0009636696540425942,,,0.002023706273489448,0.005107449166425749,0.002023706273489448,0.03922135491953358,,,0.0009636696540425942,,0.0009636696540425942,,0.005107449166425749,,,0.002023706273489448,0.06610773826732196,,,0.004047412546978896,0.0009636696540425942,0.004047412546978896,,,0.002023706273489448,,0.0009636696540425942,0.002023706273489448,,,0.0030837428929363013,,,0.007227522405319456,0.0009636696540425942,,,0.0030837428929363013,0.013395008191192059
,0.00327647682374482,,,0.012142237640936688,0.2722366772670327,0.0010600366194468537,0.032090199479618386,0.1273007612990267,0.0021200732388937074,,,,0.0021200732388937074,,0.0021200732388937074,,,0.00327647682374482,0.08740483762166329,,0.032090199479618386,0.004336513443191674,0.0952105618194083,0.00327647682374482,0.007709357232340753,,,,0.0010600366194468537,,,,,,,0.08962127782596126,,,,,0.007709357232340753,0.0021200732388937074,0.06080755517008769,,,,,,,,0.0021200732388937074,,,0.11621856027753687,0.0010600366194468537,,,,0.010985834056085574,,0.0010600366194468537,0.0010600366194468537,,0.005492917028042787,,,,0.0021200732388937074,,,,0.0021200732388937074,,0.0021200732388937074,,0.00655295364748964
,0.003180109858340561,,,0.013973209983617617,0.16430567601426227,0.005396550062638527,0.06803507757540715,0.10581092801387684,0.004240146477787415,,,,0.0010600366194468537,,0.009636696540425942,,,0.0021200732388937074,0.1360701551508143,,0.038835887057916546,0.004240146477787415,0.10263081815553628,0.003180109858340561,0.004240146477787415,,,,0.0010600366194468537,,,0.007516623301532235,,,0.004240146477787415,0.07988821432013106,0.0010600366194468537,,,,0.0021200732388937074,,0.050689023802640454,0.004240146477787415,,,,,,0.005396550062638527,0.0010600366194468537,,,0.13289004529247375,0.0010600366194468537,,,,0.010793100125277054,,,,,0.003180109858340561,0.0021200732388937074,,0.0021200732388937074,0.0010600366194468537,,,,0.0010600366194468537,,,0.003180109858340561,0.01830972342680929
,0.0010600366194468537,,,0.008576659920979088,0.10610002891008952,,0.0389322540233208,0.1373229257010697,0.0064565866820853815,,,,0.007516623301532235,,0.013973209983617617,,,0.0021200732388937074,0.09405415823455719,0.003180109858340561,0.03565577719957599,0.005396550062638527,0.11573672545051557,0.003180109858340561,0.008576659920979088,,,,0.0010600366194468537,,,0.003180109858340561,,,0.0064565866820853815,0.084321094728727,,,,0.0010600366194468537,0.0010600366194468537,,0.05300183097234268,0.005396550062638527,0.0021200732388937074,0.0010600366194468537,,,,,0.005396550062638527,,,0.16112556615592175,,0.0021200732388937074,0.004240146477787415,,0.016189650187915582,,,0.0097330635058302,,0.0021200732388937074,0.004240146477787415,0.0010600366194468537,,0.0010600366194468537,0.0010600366194468537,,0.013973209983617617,0.0021200732388937074,,0.004240146477787415,0.008576659920979088,0.016189650187915582
,,,,0.00655295364748964,0.3788185410041437,0.0010600366194468537,0.030644694998554496,0.1140021200732389,0.0021200732388937074,,,,0.004336513443191674,,0.0010600366194468537,,,0.0010600366194468537,0.09318685554591886,0.00327647682374482,0.03180109858340561,0.004336513443191674,0.0536763997301725,0.0010600366194468537,0.0010600366194468537,,,,0.0010600366194468537,,,0.00327647682374482,,,0.0021200732388937074,0.0909704153416209,,,,,0.0010600366194468537,,0.040570492435193214,0.0010600366194468537,,,,,,0.0010600366194468537,0.0021200732388937074,,0.0010600366194468537,0.08663390189842922,,,,0.0010600366194468537,0.009829430471234461,,,0.0021200732388937074,,0.0021200732388937074,0.0010600366194468537,0.0021200732388937074,0.00327647682374482,0.0021200732388937074,,,0.0021200732388937074,0.0010600366194468537,,0.0010600366194468537,0.0021200732388937074,0.010889467090681315
,,,,0.004240146477787415,0.42334007902091164,,0.03922135491953358,0.08056278307796087,,,,,0.0010600366194468537,,0.0010600366194468537,,,0.0021200732388937074,0.08692300279464199,,0.024380842247277632,0.0021200732388937074,0.048761684494555264,0.0010600366194468537,0.004240146477787415,0.0010600366194468537,,,0.0010600366194468537,,,0.0010600366194468537,,,0.005300183097234268,0.09752336898911053,0.0010600366194468537,,,,0.003180109858340561,,0.056181940830683244,,,,,,,0.0010600366194468537,,,,0.08162281969740773,0.0010600366194468537,,,,0.005300183097234268,,0.0021200732388937074,,,0.0021200732388937074,,,,0.0010600366194468537,,,0.006360219716681122,0.0010600366194468537,,,0.004240146477787415,0.00848029295557483
,0.0021200732388937074,,,0.0010600366194468537,0.27156210850920315,,0.035270309337958945,0.11371301917702611,,,,,0.0021200732388937074,,0.0021200732388937074,0.0010600366194468537,,0.00327647682374482,0.09607786450804665,,0.03748674954225691,0.0010600366194468537,0.060711188204683436,,0.012142237640936688,,,,,,,,,,0.0010600366194468537,0.13134817384600558,,,,0.0010600366194468537,,,0.060711188204683436,0.0010600366194468537,0.0010600366194468537,0.0021200732388937074,,,,0.00327647682374482,0.0010600366194468537,,0.00327647682374482,0.09829430471234461,0.0010600366194468537,,,0.0010600366194468537,0.00655295364748964,,,,,0.0010600366194468537,,,,0.00655295364748964,,,0.005492917028042787,0.0021200732388937074,,,0.00327647682374482,0.028717355690469307
,0.0022164402042979666,,,0.0022164402042979666,0.34682470848992974,,0.04259419870868266,0.09106678230702515,0.00337284378914908,0.0010600366194468537,,,0.005685650958851306,,0.004529247374000193,,,0.00337284378914908,0.11641129420834538,,0.020718897561915774,0.00337284378914908,0.04490700587838489,,0.005685650958851306,,,,0.0010600366194468537,,,,,,0.0010600366194468537,0.08759757155247182,0.0010600366194468537,,,0.0010600366194468537,0.006842054543702419,,0.04837621663293823,0.0022164402042979666,,0.0010600366194468537,,,,0.00337284378914908,0.0022164402042979666,,,0.10031801098583405,0.0010600366194468537,,,0.0010600366194468537,0.005685650958851306,0.0010600366194468537,,0.0010600366194468537,,0.0022164402042979666,,,0.0010600366194468537,0.0022164402042979666,,,0.012624072467957983,0.004529247374000193,,,0.00337284378914908,0.013780476052809097
,0.00327647682374482,,,0.008769393851787608,0.220680350775754,,0.04384696925893804,0.0909704153416209,0.0010600366194468537,0.0010600366194468537,,,0.004336513443191674,,0.0021200732388937074,,0.0010600366194468537,,0.13597378818541003,0.0010600366194468537,0.027368218174809677,0.005396550062638527,0.06360219716681122,0.0010600366194468537,0.004336513443191674,0.007612990266936494,,0.0021200732388937074,0.00327647682374482,,,,,0.0010600366194468537,,0.13819022838970801,0.0021200732388937074,,,0.0010600366194468537,0.00655295364748964,,0.05145995952587453,,,,,,,0.0010600366194468537,0.00327647682374482,,0.0010600366194468537,0.11294208345379204,,,,,,,,0.0010600366194468537,,0.0021200732388937074,0.00327647682374482,,0.0010600366194468537,0.00327647682374482,,,0.012045870675532427,0.0021200732388937074,,0.0021200732388937074,0.0021200732388937074,0.023031704731618002
,0.00327647682374482,,,0.0021200732388937074,0.20256336127975327,,0.059554784619832324,0.11698949600077094,,,,,0.008769393851787608,,0.0010600366194468537,,,0.0010600366194468537,0.10600366194468536,,0.020911631492724295,0.007709357232340753,0.0684205454370242,0.0010600366194468537,0.005492917028042787,0.01647875108412836,,,0.005492917028042787,,,,,,,0.14358677845234655,0.0010600366194468537,,,0.004336513443191674,0.0010600366194468537,,0.0684205454370242,,,0.004336513443191674,0.0021200732388937074,,,0.004336513443191674,,,,0.0904885805145996,,,,,0.004336513443191674,0.0010600366194468537,0.0010600366194468537,0.0021200732388937074,,0.004336513443191674,0.005492917028042787,,0.0010600366194468537,0.00327647682374482,,,0.0021200732388937074,0.00327647682374482,0.0021200732388937074,0.0010600366194468537,0.0021200732388937074,0.01985159487327744
,0.00327647682374482,,,0.00327647682374482,0.1763515466897948,0.0022164402042979666,0.056663775657704536,0.11785679868940926,,,,,0.014455044810638912,,0.00327647682374482,,,0.0022164402042979666,0.10455815746362147,,0.02332080562783078,0.0066493206128939,0.08779030548328033,0.0010600366194468537,0.007709357232340753,0.022164402042979668,,0.0010600366194468537,0.0010600366194468537,,,,,,0.005492917028042787,0.13790112749349523,,,,,0.005492917028042787,,0.056663775657704536,,,,0.0010600366194468537,,,0.0022164402042979666,0.004432880408595933,,,0.09896887347017443,,,,,0.0132986412257878,,0.0010600366194468537,0.0010600366194468537,,0.00327647682374482,0.0010600366194468537,0.0010600366194468537,,0.00327647682374482,,,0.0022164402042979666,0.004432880408595933,0.0010600366194468537,0.0066493206128939,0.00327647682374482,0.011082201021489834
,0.0022164402042979666,,,0.0022164402042979666,0.37477112845716487,0.0022164402042979666,0.026790016382384117,0.10166714850149369,0.0010600366194468537,,,,0.011082201021489834,,0.0010600366194468537,,,0.0010600366194468537,0.08152645273200347,,0.017827888599787994,0.00327647682374482,0.04355786836272526,,0.011082201021489834,,,,,,,,,,0.00327647682374482,0.07709357232340754,,,,,0.008865760817191867,0.004432880408595933,0.053580032764768235,,,0.0010600366194468537,0.0010600366194468537,,,,0.0010600366194468537,,,0.12065144068613279,,,,,0.017827888599787994,,0.0010600366194468537,,,0.0010600366194468537,,0.0010600366194468537,,0.0010600366194468537,,,0.015611448395490026,0.0010600366194468537,0.0010600366194468537,0.0010600366194468537,0.0022164402042979666,0.004432880408595933
,0.0011564035848511131,,0.0011564035848511131,0.003469210754553339,0.3906716777488676,0.0011564035848511131,0.05338729883395972,0.06736050881757734,,,,,0.005782017924255565,,0.0011564035848511131,,,,0.0848029295557483,,0.0429796665702997,0.0011564035848511131,0.051074491664257496,,0.003469210754553339,,,,,0.0023128071697022263,,,0.0011564035848511131,,,0.11034017538787703,0.0011564035848511131,,0.003469210754553339,0.0011564035848511131,0.0023128071697022263,,0.05454370241881083,,,0.0011564035848511131,,,,0.0023128071697022263,,,,0.0731425267418329,0.0011564035848511131,,,,0.010407632263660017,,,,,0.0011564035848511131,,,,0.0011564035848511131,,,0.005782017924255565,0.0011564035848511131,,,0.0011564035848511131,0.016189650187915582
,0.00337284378914908,,0.0010600366194468537,,0.3896116411294208,,0.04837621663293823,0.08451382865953551,,,,,0.00337284378914908,,,0.0010600366194468537,,,0.09231955285728052,,0.02813915389804375,0.005589283993447046,0.029295557482894863,,0.00674568757829816,0.0010600366194468537,,,,0.0010600366194468537,,,,,,0.12845716488387782,0.0022164402042979666,,0.0022164402042979666,,0.005589283993447046,,0.05174906042208731,,,,,,,0.0022164402042979666,0.0010600366194468537,,,0.07429893032668401,0.0010600366194468537,,,0.0010600366194468537,0.00674568757829816,,,0.0010600366194468537,,,,,,0.0010600366194468537,0.0022164402042979666,,0.004432880408595933,0.0022164402042979666,,0.0010600366194468537,0.00337284378914908,0.012334971571745205
,0.009251228678808905,,,0.003469210754553339,0.2655873566541389,,0.03960682278115062,0.1353955863929845,,,,,0.0023128071697022263,,,,,0.0011564035848511131,0.09684880023128072,,0.025633612797533005,0.0011564035848511131,0.07468439818830105,,0.004625614339404453,,,,0.0011564035848511131,,,,,,,0.12257877999421798,,,,,0.003469210754553339,,0.05945841765442806,,,0.003469210754553339,,,,0.005782017924255565,,,,0.09800520381613183,0.0011564035848511131,,,,0.009251228678808905,0.0011564035848511131,,,,,,,,0.004625614339404453,0.0011564035848511131,,0.005782017924255565,0.0011564035848511131,,,0.005782017924255565,0.016286017153319843
,0.0022164402042979666,,,0.008865760817191867,0.35540136841090864,,0.04664161125566156,0.08779030548328033,0.004432880408595933,,,,0.005492917028042787,,,,0.0010600366194468537,0.005492917028042787,0.09781246988532331,0.00327647682374482,0.024380842247277632,0.00327647682374482,0.04336513443191674,0.0010600366194468537,0.007709357232340753,,,,0.0022164402042979666,,,0.0010600366194468537,,,,0.10002891008962128,0.0022164402042979666,,,,0.007709357232340753,,0.051074491664257496,0.0022164402042979666,,0.00327647682374482,,,,0.0022164402042979666,,,,0.06446949985544956,0.0010600366194468537,,,,0.015515081430085767,,,,,0.0010600366194468537,,0.0022164402042979666,,0.004432880408595933,,,0.00992579743663872,0.0010600366194468537,,0.0066493206128939,0.004432880408595933,0.018887925219234845
,,,,0.0022164402042979666,0.24091741351064866,0.0022164402042979666,0.0593620506890238,0.09627059843885516,,,,,0.010022164402042979,,,,,0.005589283993447046,0.11082201021489833,0.004432880408595933,0.021200732388937073,0.0022164402042979666,0.06938421509106678,0.004432880408595933,0.008962127782596125,0.0022164402042979666,,,0.0022164402042979666,,,,,,,0.1187241013780476,0.0010600366194468537,,,,0.00327647682374482,,0.0952105618194083,0.0022164402042979666,,0.0022164402042979666,,,0.0022164402042979666,0.00327647682374482,0.0010600366194468537,,,0.08624843403681218,,,,,0.008962127782596125,,,,,0.0010600366194468537,0.0010600366194468537,0.0010600366194468537,0.0022164402042979666,0.0010600366194468537,,,0.007805724197745013,0.0010600366194468537,,0.00327647682374482,0.004432880408595933,0.010022164402042979
,0.0010600366194468537,,,0.00674568757829816,0.0520381613183003,0.0010600366194468537,0.03623397899200154,0.17365327165847547,0.0010600366194468537,,,,0.013587742122000578,,0.009058494748000386,,,0.007902091163149272,0.07824997590825865,0.004529247374000193,0.04307603353570396,0.0010600366194468537,0.07824997590825865,0.0010600366194468537,0.00674568757829816,,,,0.0022164402042979666,,0.0010600366194468537,,,,,0.13279367832706948,,,,0.0010600366194468537,0.009058494748000386,,0.056663775657704536,0.004529247374000193,,0.0022164402042979666,,,,0.0010600366194468537,0.0022164402042979666,,,0.18502457357617808,,,,,0.03517394237255469,0.0010600366194468537,,0.005589283993447046,,0.0022164402042979666,0.0010600366194468537,,0.0022164402042979666,0.00337284378914908,,,0.015804182326298544,0.0010600366194468537,,0.0010600366194468537,0.00337284378914908,0.014744145706851692
,0.00337284378914908,,,0.0022164402042979666,0.3583887443384408,,0.030741061963958757,0.11062927628408982,0.007902091163149272,,,,0.010214898332851498,,0.0010600366194468537,,,0.004529247374000193,0.10378722174038739,,0.02621181458995856,0.004529247374000193,0.03758311650766118,0.0010600366194468537,0.00337284378914908,0.0010600366194468537,,,,,,,,,,0.09010311265298256,,,,,0.006842054543702419,,0.035270309337958945,0.0022164402042979666,,0.0022164402042979666,0.0022164402042979666,,,,,,0.0022164402042979666,0.11631492724294112,,,,,0.012527705502553724,,,,,0.0022164402042979666,0.0010600366194468537,,0.0010600366194468537,0.0022164402042979666,,,0.0010600366194468537,0.0010600366194468537,,0.00337284378914908,0.005685650958851306,0.005685650958851306
,0.0022164402042979666,,,0.00674568757829816,0.19755227907873174,,0.03835405223089525,0.13096270598438856,0.00337284378914908,,,,0.005589283993447046,,0.012334971571745205,,,0.004432880408595933,0.13549195335838873,,0.03160836465259709,0.0010600366194468537,0.07227522405319456,,0.007902091163149272,,,,,,,0.0010600366194468537,,,,0.13549195335838873,0.0010600366194468537,,,,0.00674568757829816,,0.045099739809193407,,,0.0022164402042979666,,,,0.0010600366194468537,,,0.0022164402042979666,0.11631492724294112,0.0010600366194468537,,,,0.007902091163149272,,,0.0022164402042979666,,0.0010600366194468537,0.0010600366194468537,,0.0010600366194468537,0.0022164402042979666,,0.0010600366194468537,0.007902091163149272,0.0022164402042979666,0.0010600366194468537,0.0022164402042979666,0.0022164402042979666,0.005589283993447046
,0.0023128071697022263,,,0.005782017924255565,0.2394719090295847,,0.045388840705406185,0.10841283607979185,0.0011564035848511131,,,,0.005782017924255565,,,,,0.005782017924255565,0.12007323889370723,,0.026790016382384117,0.0023128071697022263,0.08037004914715236,,0.016286017153319843,,,,0.0023128071697022263,,,,,,,0.12826443095306927,0.0011564035848511131,,,,0.02332080562783078,,0.03845041919629951,,,0.003469210754553339,,,,,0.0011564035848511131,,,0.08509203045196106,0.0011564035848511131,,,0.0011564035848511131,0.016286017153319843,,0.0011564035848511131,0.0011564035848511131,,0.0011564035848511131,,,0.0011564035848511131,0.0023128071697022263,,0.0011564035848511131,0.006938421509106678,0.0011564035848511131,0.003469210754553339,,0.0023128071697022263,0.016286017153319843
,0.0022164402042979666,,,0.00674568757829816,0.2859207863544375,,0.0363303459574058,0.08065915004336513,0.0010600366194468537,,,,0.0022164402042979666,,,,,0.00337284378914908,0.11930230317047316,,0.03517394237255469,0.005589283993447046,0.0669750409559603,,0.00674568757829816,,,,0.0010600366194468537,,,,,,,0.1432013105907295,0.007902091163149272,,,0.0010600366194468537,0.0022164402042979666,,0.0726606919148116,,,0.00337284378914908,,,,,,,,0.06128938999710899,,0.0010600366194468537,,0.00337284378914908,0.012431338537149466,,0.0010600366194468537,,,0.0010600366194468537,,,,0.0010600366194468537,,,0.010214898332851498,0.0010600366194468537,0.005589283993447046,0.0022164402042979666,0.007902091163149272,0.007902091163149272
,,,,0.00674568757829816,0.24650669750409548,,0.02698275031319264,0.08557386527898236,0.0010600366194468537,,,,0.0010600366194468537,,,,,0.00337284378914908,0.14647778741447431,,0.02698275031319264,0.007805724197745013,0.0562783077960875,0.0010600366194468537,0.014647778741447431,,,0.0010600366194468537,0.012334971571745205,,,,,,0.0022164402042979666,0.12055507372072853,0.0022164402042979666,,,0.0022164402042979666,0.03604124506119302,,0.054061867591789534,,,,,,,,,,,0.06986604991808808,0.0010600366194468537,0.0010600366194468537,,,0.0168642189457454,,0.0010600366194468537,0.0010600366194468537,,,,,,0.00337284378914908,,,0.007805724197745013,0.0010600366194468537,0.005589283993447046,0.0022164402042979666,0.004432880408595933,0.029295557482894863
,,,,0.004625614339404453,0.07352799460344994,,0.03536667630336321,0.11429122096945167,0.0011564035848511131,,,,0.0023128071697022263,,0.0011564035848511131,,,,0.15563264912787897,,0.03295750216825672,0.004625614339404453,0.062445793581960105,0.0011564035848511131,0.020044328804085958,,,,0.017635154668979473,,,0.0011564035848511131,,0.0011564035848511131,0.0058783848896598245,0.10610002891008963,0.0011564035848511131,,,,0.04355786836272526,,0.06948058205647104,,,0.0011564035848511131,0.0011564035848511131,0.0011564035848511131,0.0023128071697022263,0.004625614339404453,0.0011564035848511131,,,0.13433554977353762,,,,,0.03411390575310783,,0.0011564035848511131,,,,,,,0.004625614339404453,,,0.01647875108412836,0.0011564035848511131,0.003469210754553339,0.0011564035848511131,0.0058783848896598245,0.030644694998554496
,,,,0.010503999229064276,0.07680447142719471,,0.034017538787703576,0.14782692493013394,0.0011564035848511131,,,,0.00819119205936205,,0.0011564035848511131,,,,0.11727859689698371,,0.02698275031319264,0.003469210754553339,0.08210465452442903,0.005782017924255565,0.017538787703575216,,,,0.018695191288426328,,,,,0.0011564035848511131,0.005782017924255565,0.07506986604991808,,,,0.0023128071697022263,0.058591114965789726,,0.03979955671195914,,,0.004625614339404453,0.0011564035848511131,,0.0023128071697022263,0.0023128071697022263,0.0023128071697022263,,,0.1571745205743471,,0.0011564035848511131,,0.0023128071697022263,0.02813915389804375,,,0.007034788474510938,,,,0.0011564035848511131,,0.0023128071697022263,,,0.01166040281391539,0.0011564035848511131,,,0.009347595644213164,0.03160836465259709
,0.0023128071697022263,,,0.0023128071697022263,0.41919629950852855,,0.02360990652404356,0.12190421123638817,0.0011564035848511131,,,,0.010600366194468537,,0.0011564035848511131,,,,0.08403199383251421,,0.027175484244001156,0.0023128071697022263,0.03305386913366098,0.0011564035848511131,0.013009540329575022,,,,0.0011564035848511131,,,,,0.0011564035848511131,0.003469210754553339,0.0674568757829816,0.0011564035848511131,,,,,,0.048472583598342486,,,0.0011564035848511131,,,0.003469210754553339,0.003469210754553339,0.0023128071697022263,,,0.08277922328225884,,,,0.0011564035848511131,0.014165943914426134,,,0.0011564035848511131,,0.0011564035848511131,0.0011564035848511131,,,0.003469210754553339,,,,0.0011564035848511131,,0.0023128071697022263,0.011756769779319649,0.003469210754553339
,0.0022164402042979666,,0.0010600366194468537,0.004529247374000193,0.30847065625903447,,0.044617904982172114,0.06524043557868363,0.0010600366194468537,,,,0.00337284378914908,,,,,,0.09839067167774887,,0.034306639683916354,0.005685650958851306,0.05830201406957695,0.006842054543702419,0.015996916257107065,0.004529247374000193,,0.0022164402042979666,0.005685650958851306,,,,0.0010600366194468537,0.0010600366194468537,,0.11217114773055796,0.0010600366194468537,,,,0.00337284378914908,,0.06976968295268382,,,,,,0.0010600366194468537,,,,,0.09607786450804665,,,,0.0010600366194468537,0.011371301917702612,,0.0010600366194468537,0.0022164402042979666,,0.0010600366194468537,0.0010600366194468537,,0.0010600366194468537,0.0022164402042979666,0.0022164402042979666,,,0.0010600366194468537,,,0.01830972342680929,0.009154861713404645
,,,,0.0023128071697022263,0.46323600269827503,,0.0327647682374482,0.05155632649127879,,,,,,,,,,,0.10658186373711091,,0.025729979762937265,0.004625614339404453,0.040955960296810257,,0.013973209983617617,,,0.0023128071697022263,0.0011564035848511131,,,,,,,0.09839067167774887,0.0011564035848511131,,,0.0011564035848511131,,,0.046834345186470075,,,0.0023128071697022263,,,0.0023128071697022263,,,,,0.06437313289004529,0.0011564035848511131,,,,0.013973209983617617,,,,,,,,,0.0011564035848511131,0.005782017924255565,,0.003469210754553339,0.0011564035848511131,,,0.005782017924255565,0.005782017924255565
,0.0011564035848511131,,0.0011564035848511131,0.005782017924255565,0.38922617326780373,,0.03710128168063988,0.0695769490218753,0.0011564035848511131,,,,0.008094825093957791,,,,,,0.1218078442709839,,0.024284475281873375,0.0023128071697022263,0.047508913944299895,,0.024284475281873375,0.003469210754553339,,,0.0011564035848511131,,,0.0023128071697022263,,0.0011564035848511131,,0.1218078442709839,0.0011564035848511131,,,,0.0011564035848511131,,0.052134528283704344,,,0.0023128071697022263,,,,0.0023128071697022263,0.0011564035848511131,,,0.040570492435193214,0.0011564035848511131,,,0.0011564035848511131,0.016189650187915582,,,,,,,,,0.0011564035848511131,0.0023128071697022263,,0.0023128071697022263,0.0011564035848511131,,0.0011564035848511131,0.0023128071697022263,0.006938421509106678
,0.004529247374000193,,,0.0022164402042979666,0.306832417847162,,0.03652307988821432,0.09366869037294015,,,,,,,0.0010600366194468537,,,0.0022164402042979666,0.1166040281391539,,0.02621181458995856,0.004529247374000193,0.06630047219813048,,0.015996916257107065,0.00337284378914908,,0.0022164402042979666,,,,,,0.0010600366194468537,0.0010600366194468537,0.13144454081140985,0.0022164402042979666,,,,0.005685650958851306,0.0010600366194468537,0.051363592560470274,,,0.004529247374000193,,,,0.0010600366194468537,0.0022164402042979666,,,0.07998458128553532,,,,,0.010214898332851498,,,,,,0.0010600366194468537,,,0.0022164402042979666,0.0022164402042979666,,,0.0010600366194468537,,0.0022164402042979666,0.006842054543702419,0.010214898332851498
,0.003469210754553339,,0.0011564035848511131,0.0011564035848511131,0.20921268189264708,,0.05512190421123639,0.12200057820179243,,0.0011564035848511131,,,0.003469210754553339,,0.004625614339404453,,0.0011564035848511131,0.0023128071697022263,0.13953936590536764,,0.034017538787703576,0.004625614339404453,0.06687867399055604,,0.0163823841187241,,,,,,,0.0023128071697022263,,,,0.10436542353281295,0.0011564035848511131,,,0.0011564035848511131,0.005782017924255565,,0.06687867399055604,0.0023128071697022263,,0.003469210754553339,,,,0.004625614339404453,0.0011564035848511131,,,0.09029584658379107,,,,,0.00819119205936205,,,0.0011564035848511131,,0.0023128071697022263,0.0011564035848511131,,,0.0023128071697022263,,,0.0023128071697022263,0.0011564035848511131,,0.0011564035848511131,0.00819119205936205,0.022260769008383925
,0.0008673026886383347,0.0008673026886383347,,0.004625614339404453,0.07449166425749254,0.001830972342680929,0.051074491664257496,0.14599595258745302,,,,,0.007420256336127975,,0.0026982750313192636,,,0.0008673026886383347,0.10503999229064277,,0.0194661270116604,0.001830972342680929,0.11804953262021779,0.0008673026886383347,0.013009540329575022,,,,0.0008673026886383347,,,,,,0.001830972342680929,0.13857569625132504,,,,0.001830972342680929,0.005492917028042787,,0.05386913366098101,0.005492917028042787,,0.005492917028042787,,,,,,,,0.1887828852269442,,,,0.0008673026886383347,0.013876843018213356,,,0.001830972342680929,,0.004625614339404453,,,0.0008673026886383347,0.005492917028042787,,,0.0008673026886383347,0.0008673026886383347,,0.001830972342680929,0.007420256336127975,0.010214898332851498
,,,0.0008673026886383347,0.004721981304808711,0.46545244290257304,0.001830972342680929,0.03507757540715043,0.07680447142719475,0.0008673026886383347,,,,0.002794641996723523,,0.0008673026886383347,,,,0.06350583020140696,,0.02177893418136263,0.002794641996723523,0.022742603835405224,,0.01802062253059651,,,,,,,,0.0008673026886383347,,,0.11284571648838779,,,,,0.005685650958851306,,0.03979955671195914,0.001830972342680929,,0.0008673026886383347,,,,,,,,0.08152645273200347,,,,,0.010407632263660017,,,,0.0008673026886383347,0.0037583116507661175,,,,0.004721981304808711,,,0.0008673026886383347,0.0008673026886383347,,0.001830972342680929,0.0037583116507661175,0.011371301917702612
,0.004529247374000193,,0.0026982750313192636,0.009058494748000386,0.38373325623976107,0.0017346053772766695,0.0398959236773634,0.0598438855160451,0.0008673026886383347,,,,0.0008673026886383347,,0.0008673026886383347,0.0017346053772766695,,,0.09877613953936591,,0.03170473161800135,0.0035655777199575986,0.06437313289004529,0.0035655777199575986,0.016286017153319843,,,,,,,,,,,0.12508432109472872,0.0017346053772766695,,,,0.0017346053772766695,,0.0634094632360027,,,0.0026982750313192636,,,,,,,,0.05435096848800231,,,,,0.0035655777199575986,,0.0008673026886383347,0.0008673026886383347,,0.0008673026886383347,,,,0.0035655777199575986,,,,,,0.0026982750313192636,0.005396550062638527,0.009058494748000386
,,,,0.0009636696540425942,0.4412643345861039,,0.029006456586682085,0.058109280138768434,,,,,0.005974751855064084,,0.0009636696540425942,0.0009636696540425942,,,0.08210465452442903,,0.023031704731618002,0.007998458128553532,0.03006649320612894,0.0019273393080851884,0.015996916257107065,0.0009636696540425942,,,,,,,,,0.0019273393080851884,0.12219331213260094,0.0019273393080851884,,,,0.0019273393080851884,,0.04905078539076804,,,0.0009636696540425942,,,,,0.0009636696540425942,,,0.09116314927242941,,,,0.0009636696540425942,0.005974751855064084,,0.0009636696540425942,0.003951045581574636,,0.0009636696540425942,,,,0.0019273393080851884,,,,,,0.0019273393080851884,0.0019273393080851884,0.011949503710128168
,,,,0.0009636696540425942,0.611062927628409,,0.022068035077575408,0.03469210754553339,,,,,0.006263852751276862,,,,,,0.07044425171051363,,0.0199479618386817,0.010503999229064276,0.03151199768719283,,0.010503999229064276,,,,,,,0.0009636696540425942,,,0.002023706273489448,0.06206032572034307,,,,0.0009636696540425942,,,0.05261636311072564,,,0.002023706273489448,,,,,,,0.0009636696540425942,0.03469210754553339,,,,,0.005203816131830009,,,0.0009636696540425942,,0.0009636696540425942,,0.0009636696540425942,,0.0030837428929363013,,,,,,0.0009636696540425942,0.005203816131830009,0.00838392599017057
,0.0010600366194468537,,,0.0022164402042979666,0.3046159776428642,,0.05097812469885323,0.07863544376987569,0.0022164402042979666,,,,0.0022164402042979666,,0.0022164402042979666,,,,0.10195624939770646,,0.01657511804953262,0.0066493206128939,0.0598438855160451,0.0010600366194468537,0.02322443866242652,,,,,,,,,,0.0010600366194468537,0.16844945552664548,0.0022164402042979666,,,,0.0010600366194468537,,0.05203816131830009,,,0.0022164402042979666,,,0.0010600366194468537,,,,,0.08528476438276959,,,,,0.008865760817191867,,,0.004432880408595933,,,,0.0010600366194468537,,0.0066493206128939,,,,,,,0.00327647682374482,0.008865760817191867
,0.03517394237255469,,,0.005974751855064084,0.12421701840609045,,0.03517394237255469,0.10157078153608942,0.0019273393080851884,,,,0.002987375927532042,,0.002987375927532042,,,,0.18010985834056087,,0.042208730847065626,0.007034788474510938,0.049243519321576563,0.003951045581574636,0.014069576949021875,0.0009636696540425942,,,0.0009636696540425942,,,,,,0.0009636696540425942,0.17105136359256046,0.003951045581574636,,,,0.003951045581574636,,0.0562783077960875,0.003951045581574636,,0.0019273393080851884,,,,,0.0019273393080851884,,,0.09761973595451479,,,,,0.020044328804085958,0.0009636696540425942,0.0009636696540425942,0.002987375927532042,,,,,,0.0019273393080851884,,,0.002987375927532042,,,0.0009636696540425942,0.007998458128553532,0.010985834056085574
,,,,0.01156403584851113,0.11419485400404739,,0.053290931868555456,0.15225980533872988,0.0019273393080851884,,,,0.009636696540425942,,0.0028910089621277824,,,,0.15129613568468728,,0.029102823552086345,0.008673026886383347,0.09598149754264239,0.0009636696540425942,0.01349137515659632,0.0009636696540425942,,,,,0.0009636696540425942,,,,0.0009636696540425942,0.08827214031030163,0.0009636696540425942,0.0009636696540425942,,,0.0019273393080851884,,0.048472583598342486,,,0.0028910089621277824,,,,,0.0019273393080851884,,,0.14262310879830395,0.0009636696540425942,,,0.0009636696540425942,0.03392117182229932,0.0019273393080851884,0.0019273393080851884,0.0019273393080851884,,,,,0.0009636696540425942,0.005782017924255565,,,0.007709357232340753,,,,,0.007709357232340753
,0.0028910089621277824,,,0.0028910089621277824,0.4065722270405705,,0.03796858436927821,0.11005107449166426,,,,,0.0019273393080851884,,0.004818348270212971,,,0.0009636696540425942,0.08962127782596126,,0.031126529825575792,0.00674568757829816,0.04866531752915101,,0.01166040281391539,,,,0.0009636696540425942,,,,,,,0.08567023224438662,,,,,0.0038546786161703767,,0.03604124506119302,,,0.0028910089621277824,,,,,,,,0.0788281777006842,0.0009636696540425942,,,,0.0097330635058302,0.0028910089621277824,,,,,0.0009636696540425942,,0.0009636696540425942,0.004818348270212971,,,,,,0.0009636696540425942,0.0009636696540425942,0.013587742122000578
,0.0009636696540425942,,,0.0038546786161703767,0.4057049243519322,,0.05126722559506601,0.0531945649031512,,0.0028910089621277824,,,0.005782017924255565,,0.0019273393080851884,,,,0.07641900356557772,,0.02023706273489448,0.00674568757829816,0.050207188975619155,0.0009636696540425942,0.012527705502553724,0.0009636696540425942,,,,,,0.0019273393080851884,,,0.0009636696540425942,0.1325045774308567,0.0028910089621277824,,,,0.004818348270212971,,0.05608557386527898,,,0.0009636696540425942,,0.0009636696540425942,,0.0009636696540425942,0.0019273393080851884,,,0.06572227040570493,,,,,0.008673026886383347,0.0009636696540425942,,,,,0.0009636696540425942,,,0.005782017924255565,,,0.00674568757829816,,,0.0009636696540425942,,0.012527705502553724
,0.007323889370723716,,0.0009636696540425942,,0.3070251517779704,,0.03555941023417172,0.07738267321962032,,0.0009636696540425942,,,0.004143779512383155,,0.002023706273489448,,,,0.11197841379974945,,0.03661944685361858,0.006263852751276862,0.05965115158523658,0.002023706273489448,0.009347595644213164,0.002023706273489448,,,,,,,0.002023706273489448,0.0030837428929363013,0.002023706273489448,0.1339500819119206,0.002023706273489448,,,0.0009636696540425942,0.007323889370723716,0.0009636696540425942,0.047027079117278596,,,0.0009636696540425942,,0.005203816131830009,,0.0009636696540425942,0.0009636696540425942,,,0.08682663582923773,,,,,0.006263852751276862,,,0.0009636696540425942,,,,,0.0009636696540425942,0.012527705502553724,0.0009636696540425942,,0.0009636696540425942,,,,0.004143779512383155,0.015611448395490026
,0.0021200732388937074,,0.00327647682374482,0.005492917028042787,0.3162763804567795,,0.034017538787703576,0.07911727859689699,,,,,0.0021200732388937074,,,,,,0.10002891008962128,,0.025248144935915966,0.007612990266936494,0.04066685940059748,0.0010600366194468537,0.012045870675532427,0.0010600366194468537,,,,,,,,0.0010600366194468537,,0.1472487231377084,,,,,0.0010600366194468537,,0.05598920689987472,,,,,0.00327647682374482,,,0.005492917028042787,,,0.1120747807651537,0.0010600366194468537,,,,0.00655295364748964,,0.0010600366194468537,,,,,,0.0010600366194468537,0.005492917028042787,0.0010600366194468537,0.0010600366194468537,0.00327647682374482,,,,0.00655295364748964,0.01647875108412836
,0.002023706273489448,,,0.004047412546978896,0.29632841861809756,,0.0465452442902573,0.08200828755902477,0.002023706273489448,,,,,,0.002023706273489448,,,0.0009636696540425942,0.1336609810157078,,0.029295557482894863,0.01011853136744724,0.0505926568372362,,0.030355594102341718,,,0.0009636696540425942,0.0009636696540425942,0.002023706273489448,,,,0.0009636696540425942,,0.11140021200732389,0.0009636696540425942,,,,0.002987375927532042,,0.055700106003661945,0.002023706273489448,,0.0009636696540425942,,0.002023706273489448,,0.0009636696540425942,0.0009636696540425942,,0.0009636696540425942,0.09010311265298256,,,,,0.015129613568468729,0.0009636696540425942,,,,,0.0009636696540425942,,,0.002023706273489448,0.0009636696540425942,0.0009636696540425942,0.004047412546978896,0.0009636696540425942,,0.002987375927532042,0.002023706273489448,0.005011082201021489
,0.0009636696540425942,,0.0009636696540425942,0.004914715235617231,0.07979184735472677,,0.06543316950949214,0.11217114773055796,0.0009636696540425942,,,,0.0019273393080851884,,0.0028910089621277824,,,0.0009636696540425942,0.1011853136744724,,0.04066685940059748,0.008865760817191867,0.0684205454370242,0.0019273393080851884,0.03170473161800135,0.0019273393080851884,,,0.0019273393080851884,,,,,0.0009636696540425942,0.004914715235617231,0.14194854004047414,0.0019273393080851884,,,,0.003951045581574636,0.0009636696540425942,0.09029584658379107,0.0019273393080851884,,0.004914715235617231,,0.0028910089621277824,0.0009636696540425942,0.0009636696540425942,0.0019273393080851884,,,0.15678905271273008,,,0.0019273393080851884,,0.007902091163149272,,0.003951045581574636,0.0019273393080851884,,0.0009636696540425942,0.0009636696540425942,,,0.004914715235617231,0.0009636696540425942,,0.007902091163149272,,0.0058783848896598245,0.0019273393080851884,0.007902091163149272,0.00992579743663872
,0.0018796992481203006,0.0009398496240601503,,0.007800751879699248,0.0,,0.03712406015037594,0.12706766917293233,0.002913533834586466,,,,0.005827067669172932,,0.0018796992481203006,,,0.004887218045112782,0.10751879699248121,,0.04398496240601504,0.008740601503759398,0.0849624060150376,,0.027349624060150377,,0.0018796992481203006,,0.0009398496240601503,0.0018796992481203006,,0.0009398496240601503,,,0.0038533834586466165,0.11531954887218045,0.0018796992481203006,0.0009398496240601503,,0.0009398496240601503,0.011654135338345865,,0.04981203007518797,0.0018796992481203006,,0.002913533834586466,,0.002913533834586466,,0.0038533834586466165,,,0.0009398496240601503,0.22678571428571428,,0.0038533834586466165,0.0038533834586466165,,0.015601503759398496,,0.0009398496240601503,0.0038533834586466165,,0.02443609022556391,,0.0018796992481203006,,0.0038533834586466165,0.0018796992481203006,,0.016541353383458645,,0.008740601503759398,0.007800751879699248,0.008740601503759398,0.005827067669172932
,0.0028910089621277824,0.0009636696540425942,0.0019273393080851884,,0.31868555459188574,,0.030548328033150236,0.08682663582923773,0.0009636696540425942,,,,0.008865760817191867,,0.006842054543702419,,,0.0028910089621277824,0.09376505733834442,,0.027560952105618194,0.011756769779319649,0.0394140888503421,,0.017731521634383733,,,,0.0019273393080851884,,,0.0019273393080851884,,,0.0028910089621277824,0.09867977257396164,,,,,0.0019273393080851884,,0.053290931868555456,0.0009636696540425942,,0.0009636696540425942,,,,0.0028910089621277824,0.0009636696540425942,,0.0009636696540425942,0.09578876361183386,,0.004914715235617231,,0.004914715235617231,0.02360990652404356,,0.0009636696540425942,0.0009636696540425942,,0.0019273393080851884,,,0.0019273393080851884,0.009829430471234461,0.0019273393080851884,,0.009829430471234461,0.0019273393080851884,0.0038546786161703767,0.0019273393080851884,0.006842054543702419,0.009829430471234461
,,,,0.009347595644213164,0.2720439433362244,,0.04673797822106582,0.1049436253252385,,,,,0.004143779512383155,,0.002023706273489448,,,0.002023706273489448,0.11641129420834538,,0.02486267707429893,0.014551411776043173,0.059265683723619546,0.0009636696540425942,0.012431338537149466,,,0.0009636696540425942,0.0009636696540425942,,,0.0009636696540425942,,,,0.12055507372072853,0.0009636696540425942,,,0.0009636696540425942,0.004143779512383155,,0.050881757733448975,,,0.002023706273489448,,,0.0009636696540425942,,0.0009636696540425942,,0.0009636696540425942,0.09771610291991906,,,,0.002023706273489448,0.015515081430085767,,0.0009636696540425942,0.0009636696540425942,,,0.0009636696540425942,,,0.002023706273489448,,,0.009347595644213164,,,0.0030837428929363013,0.0061674857858726026,0.0061674857858726026
,0.0010600366194468537,,,0.006842054543702419,0.2899681989014167,,0.041245061193023035,0.08364652597089718,0.0022164402042979666,0.00337284378914908,,,0.00337284378914908,,,,,,0.09848703864315313,,0.02515177797051171,0.013684109087404838,0.0767081044617905,0.0022164402042979666,0.015996916257107065,,,,0.0010600366194468537,,,,,,,0.13520285246217598,0.0022164402042979666,,,0.0022164402042979666,0.006842054543702419,,0.059554784619832324,,,,,,0.0010600366194468537,0.0010600366194468537,0.0010600366194468537,,,0.09395779126915293,,,,,0.010311265298255759,,0.0010600366194468537,,,,,,,0.0010600366194468537,,,0.0010600366194468537,,,,0.010311265298255759,0.007998458128553532
,0.002023706273489448,0.0009636696540425942,0.0009636696540425942,0.005107449166425749,0.3791076419003565,,0.030933795894767274,0.07844270983906716,0.005107449166425749,0.0009636696540425942,,,0.004047412546978896,,,,,,0.09501782788859979,,0.02168256721595837,0.012334971571745205,0.03922135491953358,0.0009636696540425942,0.010311265298255759,0.002023706273489448,,,,,,0.0009636696540425942,,,,0.107352799460345,0.0009636696540425942,,0.0009636696540425942,,0.004047412546978896,0.0009636696540425942,0.04644887732485304,,,0.0009636696540425942,,,,,0.0030837428929363013,,,0.10947287269923871,0.0009636696540425942,,,,0.005107449166425749,,,0.0009636696540425942,,,0.0009636696540425942,,,0.004047412546978896,0.0009636696540425942,,0.005107449166425749,0.002023706273489448,,0.0009636696540425942,0.007227522405319456,0.007227522405319456
,0.0009636696540425942,0.0009636696540425942,,0.008769393851787608,0.2420738170954997,,0.040088657608171915,0.09983617615881275,0.004818348270212971,,,,0.0038546786161703767,,0.0009636696540425942,,,,0.0793100125277055,,0.020526163631107257,0.007805724197745013,0.07343162763804567,0.0009636696540425942,0.008769393851787608,,,,,,,,,,0.0009636696540425942,0.14589958562204877,0.0009636696540425942,,0.0009636696540425942,,0.030355594102341718,0.0009636696540425942,0.07728630625421605,,,0.0038546786161703767,,,,,0.018598824323022067,,,0.07632263660017347,,,,0.0009636696540425942,0.012720439433362244,,,0.0009636696540425942,,,,,,0.007805724197745013,0.0028910089621277824,,0.008769393851787608,,,0.0009636696540425942,0.0028910089621277824,0.012720439433362244
,0.0009636696540425942,0.0009636696540425942,,0.004143779512383155,0.20988725065047698,,0.04355786836272526,0.07998458128553532,0.0009636696540425942,,,,0.0061674857858726026,,,0.0009636696540425942,,,0.14638142044907007,,0.02177893418136263,0.009347595644213164,0.048761684494555264,,0.012431338537149466,,,,,,,,,,0.0009636696540425942,0.16411294208345378,,,0.0009636696540425942,,0.023802640454852076,,0.09443962609617423,,,0.002023706273489448,,,,0.0009636696540425942,0.0009636696540425942,,,0.07998458128553532,,,,,0.017635154668979473,,,,,,,,,0.004143779512383155,,,0.00828755902476631,0.002023706273489448,,0.0009636696540425942,0.004143779512383155,0.00828755902476631
,0.0030837428929363013,0.0009636696540425942,,0.005203816131830009,0.03555941023417164,,0.0389322540233208,0.16208923580996434,0.0009636696540425942,,,,0.00838392599017057,,0.007323889370723716,0.0009636696540425942,0.0009636696540425942,0.0009636696540425942,0.08836850727570589,,0.0199479618386817,0.01156403584851113,0.08730847065625903,0.0009636696540425942,0.013684109087404838,,,,0.0009636696540425942,,0.0009636696540425942,,,,0.0009636696540425942,0.1557290160932832,0.002023706273489448,,0.002023706273489448,,0.028331887828852268,,0.07256432494940734,,,0.002023706273489448,,,,0.004143779512383155,,,0.002023706273489448,0.1557290160932832,,,,,0.03151199768719283,,0.0009636696540425942,0.0009636696540425942,0.0009636696540425942,0.002023706273489448,0.002023706273489448,0.0009636696540425942,,0.002023706273489448,0.0009636696540425942,,0.01676785198034114,0.004143779512383155,,0.0009636696540425942,0.010503999229064276,0.010503999229064276
,,,0.0009636696540425942,0.004914715235617231,0.382287751758697,,0.03459574058012913,0.09800520381613183,0.0009636696540425942,,,0.0009636696540425942,0.0028910089621277824,,0.0009636696540425942,0.0009636696540425942,,,0.08123735183579069,,0.022742603835405224,0.010889467090681315,0.05647104172689602,0.0019273393080851884,0.009829430471234461,,,,,,0.0009636696540425942,,0.0009636696540425942,,0.003951045581574636,0.07323889370723716,,,0.0009636696540425942,,0.003951045581574636,0.0019273393080851884,0.05049628987183193,,,0.009829430471234461,,,,0.010889467090681315,,,0.003951045581574636,0.0762262696347692,,,,,0.015804182326298544,,0.0009636696540425942,0.0019273393080851884,0.0009636696540425942,0.0028910089621277824,0.0009636696540425942,,0.0009636696540425942,0.003951045581574636,,,0.012816806398766502,0.004914715235617231,,,,0.0058783848896598245
,0.0019273393080851884,,,0.0028910089621277824,0.36311072564324953,,0.035270309337958945,0.07545533391153512,0.0019273393080851884,,,,0.0019273393080851884,,0.0038546786161703767,,,,0.10581092801387684,,0.027368218174809677,0.012720439433362244,0.05483280331502361,0.0028910089621277824,0.013684109087404838,0.0009636696540425942,,,0.0009636696540425942,,,,,,,0.10291991905174906,0.0009636696540425942,,0.0019273393080851884,,0.0028910089621277824,,0.06167485785872603,,,0.0019273393080851884,,0.0009636696540425942,,,0.0009636696540425942,,,0.08913944299893996,,,,,0.0058783848896598245,,0.0009636696540425942,0.0019273393080851884,,,,,,0.0019273393080851884,0.0038546786161703767,,0.006842054543702419,,,0.0019273393080851884,0.0028910089621277824,0.004818348270212971
,0.003661944685361858,,,,0.5461115929459381,,0.023417172593235037,0.04779801484051267,0.002794641996723523,,,,0.002794641996723523,,0.0008673026886383347,,,,0.066493206128939,,0.025248144935915966,0.010311265298255759,0.029006456586682085,0.0008673026886383347,0.00655295364748964,,,,0.0008673026886383347,,,,,,,0.08991037872217404,,,0.003661944685361858,,0.0008673026886383347,,0.04307603353570396,,,0.003661944685361858,,0.0008673026886383347,,,0.0008673026886383347,,,0.05242362917991712,,,,,0.005589283993447046,,0.001830972342680929,0.0008673026886383347,,,0.0008673026886383347,,0.0008673026886383347,0.001830972342680929,0.0008673026886383347,,0.004625614339404453,,,0.001830972342680929,0.001830972342680929,0.0168642189457454
,0.0028910089621277824,,,0.004818348270212971,0.3109761973595452,,0.03854678616170377,0.09251228678808904,0.0019273393080851884,,,,0.0019273393080851884,0.0019273393080851884,,,,,0.09829430471234461,,0.022164402042979668,0.01349137515659632,0.05782017924255565,0.0019273393080851884,0.012527705502553724,0.0009636696540425942,,,,,,,,,0.0019273393080851884,0.1011853136744724,0.0019273393080851884,,0.0038546786161703767,,0.0038546786161703767,0.0019273393080851884,0.07902091163149272,,0.0009636696540425942,0.0028910089621277824,,,,,0.0009636696540425942,,,0.08576659920979088,0.0009636696540425942,,,,0.02023706273489448,0.0009636696540425942,0.0009636696540425942,,,0.0019273393080851884,,,,0.0028910089621277824,0.005782017924255565,,0.0019273393080851884,,,0.0009636696540425942,0.0009636696540425942,0.015418714464681507
,0.003951045581574636,,,0.0019273393080851884,0.1948540040474125,,0.03796858436927821,0.10407632263660017,0.002987375927532042,,,,0.003951045581574636,,,0.002987375927532042,0.0019273393080851884,,0.10407632263660017,,0.03199383251421413,0.013973209983617617,0.05097812469885323,0.002987375927532042,0.022935337766213742,0.0009636696540425942,,,,,,,,,0.023995374385660597,0.10407632263660017,0.0019273393080851884,,0.0019273393080851884,,0.005974751855064084,0.0019273393080851884,0.06398766502842826,0.002987375927532042,,0.008962127782596125,,,0.0009636696540425942,,0.003951045581574636,,,0.11409848703864316,,0.0019273393080851884,,0.01802062253059651,0.021007998458128552,,,,,,,0.0009636696540425942,0.002987375927532042,0.003951045581574636,0.002987375927532042,,0.002987375927532042,,,0.0019273393080851884,0.005974751855064084,0.0199479618386817
,0.005107449166425749,,,0.002023706273489448,0.06678230702515175,0.004047412546978896,0.041245061193023035,0.15804182326298544,,,,,0.00819119205936205,,,0.0009636696540425942,,0.002023706273489448,0.09916160740098294,,0.03305386913366098,0.013395008191192059,0.13115543991519707,0.0009636696540425942,0.010311265298255759,0.0009636696540425942,,,,,,,,,0.02476631010889467,0.09916160740098294,,,,0.0009636696540425942,0.00819119205936205,0.0009636696540425942,0.058880215862002504,0.0030837428929363013,0.0009636696540425942,0.002023706273489448,,,0.0009636696540425942,,0.004047412546978896,,,0.14975426423821914,,0.002023706273489448,,0.014455044810638912,0.012334971571745205,,,,,,,,,0.004047412546978896,,,0.00819119205936205,,,0.0030837428929363013,0.013395008191192059,0.011274934952298352
,,,,,0.0,,0.03282610776150828,0.15484735381376208,0.0009570293808019906,,,,0.01119724375538329,,0.0020097616996841805,,,0.0009570293808019906,0.08919513829074553,,0.044023351516891567,0.01119724375538329,0.1528375921140779,,0.02966791080486171,,0.0009570293808019906,,,,0.0009570293808019906,,,,0.00612498803713274,0.09532012632787827,,,,,0.00612498803713274,0.0009570293808019906,0.05225380419178869,0.004019523399368361,0.0009570293808019906,0.0009570293808019906,,0.0009570293808019906,0.0009570293808019906,,0.0020097616996841805,,,0.2143745812996459,0.0020097616996841805,0.0020097616996841805,,0.00918748205569911,0.03282610776150828,0.0009570293808019906,0.0020097616996841805,,,0.0009570293808019906,,0.0009570293808019906,0.0009570293808019906,0.0009570293808019906,,,0.0050722557182505505,0.0009570293808019906,,0.00306249401856637,0.01119724375538329,0.0102402143745813
,0.002794641996723523,,0.001830972342680929,0.001830972342680929,0.3507757540715042,,0.04066685940059748,0.11265298255757926,0.0008673026886383347,0.0008673026886383347,,,0.009443962609617423,,0.001830972342680929,,,,0.07574443480774791,0.0008673026886383347,0.034017538787703576,0.007516623301532235,0.060518454273874915,0.0008673026886383347,0.00848029295557483,,,,,,,,,,,0.06813144454081141,,,,,0.007516623301532235,0.001830972342680929,0.04635251035944878,,0.0008673026886383347,0.0037583116507661175,,,0.0008673026886383347,0.005589283993447046,,,0.0037583116507661175,0.09087404837621663,0.0008673026886383347,,,,,0.002794641996723523,0.004721981304808711,0.009443962609617423,,0.0008673026886383347,0.0008673026886383347,0.002794641996723523,,0.0008673026886383347,,,0.004721981304808711,0.002794641996723523,0.0008673026886383347,0.004721981304808711,0.005589283993447046,0.01696058591114966
,,,,0.0026982750313192636,0.385564228582442,,0.02958465837910764,0.07776814108123735,0.001830972342680929,,,,0.007323889370723716,,,,,,0.07680447142719475,,0.0342102727185121,0.00828755902476631,0.04625614339404452,0.001830972342680929,0.003661944685361858,,,,,,,,,0.0008673026886383347,,0.1315409077768141,,,,0.0008673026886383347,0.003661944685361858,0.0008673026886383347,0.07131155439915197,,,0.0008673026886383347,,,,0.011949503710128168,0.001830972342680929,,,0.0731425267418329,0.0008673026886383347,,,,0.0008673026886383347,,0.0008673026886383347,0.0008673026886383347,,,0.0008673026886383347,,0.0008673026886383347,,,,0.004625614339404453,0.0008673026886383347,,0.003661944685361858,0.001830972342680929,0.011082201021489834
,0.0168642189457454,,,,0.21827117664064755,,0.03180109858340561,0.0890430760335357,,,,,0.00838392599017057,,,,,,0.08991037872217404,,0.0327647682374482,0.007420256336127975,0.08528476438276959,,0.009347595644213164,,,,0.001830972342680929,,,,,0.0008673026886383347,0.0008673026886383347,0.16401657511804954,0.001830972342680929,,,0.001830972342680929,0.004625614339404453,0.0008673026886383347,0.0833574250746844,,,,,0.001830972342680929,,0.00655295364748964,0.0008673026886383347,,0.0008673026886383347,0.06273489447817288,0.0008673026886383347,,,0.0008673026886383347,0.001830972342680929,,0.0008673026886383347,0.004625614339404453,,0.0008673026886383347,0.0008673026886383347,,,0.001830972342680929,0.0008673026886383347,,0.002794641996723523,0.001830972342680929,,0.004625614339404453,0.03555941023417172,0.019658860942468923
,0.004721981304808711,,,0.005685650958851306,0.31242170184060913,,0.037390382576852656,0.06524043557868363,0.001830972342680929,,,,0.010503999229064276,,0.0008673026886383347,,,,0.08827214031030163,,0.030644694998554496,0.004721981304808711,0.09405415823455719,0.0008673026886383347,0.008576659920979088,0.0008673026886383347,,,0.001830972342680929,,,,,,,0.15071793389226174,0.001830972342680929,,,0.0008673026886383347,0.001830972342680929,0.0008673026886383347,0.053772766695576756,,,0.001830972342680929,,,,,0.0008673026886383347,,0.0008673026886383347,0.07584080177315217,0.0008673026886383347,,,,,0.0008673026886383347,0.0008673026886383347,0.0037583116507661175,,0.0008673026886383347,0.001830972342680929,,,,0.004721981304808711,,0.001830972342680929,0.002794641996723523,,0.004721981304808711,0.0008673026886383347,0.01821335646140503
,0.0064565866820853815,,,0.0008673026886383347,0.1977450130095404,,0.030548328033150236,0.10841283607979185,0.0008673026886383347,,,,0.003661944685361858,,0.001830972342680929,,,,0.06485496771706659,,0.03613761202659728,0.003661944685361858,0.10937650573383444,0.0008673026886383347,0.011082201021489834,,,0.0008673026886383347,0.001830972342680929,,0.0008673026886383347,,,,0.0008673026886383347,0.15206707140792136,0.0008673026886383347,,0.0008673026886383347,,0.0026982750313192636,0.0008673026886383347,0.06119302303170473,,,0.0008673026886383347,,,,,0.003661944685361858,,,0.1474414570685169,0.0008673026886383347,,,,0.0026982750313192636,0.001830972342680929,0.0026982750313192636,0.001830972342680929,,0.0008673026886383347,,,,,0.004625614339404453,,0.005492917028042787,,,0.001830972342680929,,0.025922713693745783
,0.005589283993447046,,0.0008673026886383347,0.0037583116507661175,0.07979184735472677,,0.023513539558639298,0.11795316565481354,0.001830972342680929,,,,0.005589283993447046,,0.001830972342680929,,,,0.10195624939770646,,0.038643153127108025,0.004625614339404453,0.12932446757251614,,0.014069576949021875,0.0008673026886383347,,,0.001830972342680929,,,,,,0.001830972342680929,0.16237833670617713,0.0008673026886383347,,0.0008673026886383347,,0.0037583116507661175,0.0008673026886383347,0.0660113713019177,,,0.002794641996723523,,,,0.0008673026886383347,0.001830972342680929,,,0.16420930904885805,,,,,0.004625614339404453,,0.005589283993447046,0.001830972342680929,,0.001830972342680929,0.001830972342680929,,,,,,0.007516623301532235,0.001830972342680929,,0.005589283993447046,0.004625614339404453,0.026404548520767082
,0.00655295364748964,,0.001830972342680929,0.004625614339404453,0.03748674954225695,,0.023417172593235037,0.14570685169124023,0.001830972342680929,,,,0.00838392599017057,,0.0037583116507661175,0.0008673026886383347,,0.0008673026886383347,0.05820564710417269,,0.03478847451093765,0.005589283993447046,0.11274934952298352,,0.01503324660306447,,,,0.002794641996723523,0.001830972342680929,,,,,0.001830972342680929,0.14753782403392118,,,,0.0008673026886383347,0.009347595644213164,0.0008673026886383347,0.04885805145995953,,,0.004625614339404453,,,,0.0008673026886383347,,,0.0008673026886383347,0.2255950660113713,,0.001830972342680929,,0.001830972342680929,0.009347595644213164,,0.001830972342680929,0.012142237640936688,,0.0008673026886383347,0.0008673026886383347,,,0.005589283993447046,,,0.017827888599787994,0.0008673026886383347,,0.0037583116507661175,0.009347595644213164,0.02630818155536282
,0.0008673026886383347,,0.002794641996723523,0.00838392599017057,0.34268092897754643,,0.030837428929363014,0.09829430471234461,0.0008673026886383347,,,,0.005589283993447046,,0.0008673026886383347,0.0008673026886383347,0.002794641996723523,,0.0767081044617905,,0.022453502939192446,0.00655295364748964,0.06928784812566252,0.0008673026886383347,0.009347595644213164,,,,0.001830972342680929,0.0008673026886383347,,,,,,0.11140021200732389,,,,0.0008673026886383347,0.001830972342680929,0.0008673026886383347,0.045870675532427484,,,0.001830972342680929,,,,0.0008673026886383347,0.0008673026886383347,,0.0008673026886383347,0.08981401175676978,,,,,0.004625614339404453,,0.001830972342680929,0.010214898332851498,,0.0008673026886383347,,0.001830972342680929,0.0008673026886383347,0.0008673026886383347,,,0.00838392599017057,,,0.003661944685361858,,0.029006456586682085
,0.010407632263660017,,,0.002794641996723523,0.3082779223282257,,0.02852462175966079,0.06668594005974753,0.001830972342680929,,,,0.0066493206128939,,0.002794641996723523,0.0008673026886383347,,,0.10484725835983424,,0.04288329960489544,0.010407632263660017,0.040955960296810257,,0.0066493206128939,,0.0008673026886383347,,0.001830972342680929,,,,,,0.0008673026886383347,0.17538787703575215,0.0008673026886383347,,,0.0008673026886383347,0.002794641996723523,0.0008673026886383347,0.06668594005974753,,,0.001830972342680929,,,,0.0008673026886383347,,,,0.07054061867591789,0.0008673026886383347,,,,0.0008673026886383347,,0.005685650958851306,0.004721981304808711,,0.0008673026886383347,0.0008673026886383347,,,0.001830972342680929,,,0.0037583116507661175,0.0008673026886383347,,0.004721981304808711,0.0008673026886383347,0.015225980533872988
,0.004143779512383155,,0.0030837428929363013,0.005107449166425749,0.2888117953165654,,0.03951045581574636,0.10291991905174906,0.002023706273489448,,,,0.007227522405319456,,0.0009636696540425942,,,0.0009636696540425942,0.08422472776332274,,0.03006649320612894,0.007227522405319456,0.05300183097234268,,0.00828755902476631,,,,0.004143779512383155,,,,,0.0009636696540425942,,0.12575888985255854,0.0009636696540425942,,,,0.0061674857858726026,0.0009636696540425942,0.0634094632360027,,0.0009636696540425942,0.005107449166425749,,0.0009636696540425942,,0.0009636696540425942,0.0009636696540425942,,0.0009636696540425942,0.10291991905174906,0.002023706273489448,,0.002023706273489448,,0.0009636696540425942,,0.0009636696540425942,0.0030837428929363013,,0.0009636696540425942,0.002023706273489448,,,,0.0030837428929363013,,0.007227522405319456,,,0.0030837428929363013,0.004143779512383155,0.017635154668979473
,0.004529247374000193,,,0.00337284378914908,0.2560470270791173,,0.03902862098872507,0.11496578972728148,,,,,0.006842054543702419,,0.0010600366194468537,,,,0.08740483762166329,,0.031030162860171535,0.005685650958851306,0.05290546400693842,,0.004529247374000193,,0.0010600366194468537,,0.00337284378914908,,0.0010600366194468537,0.005685650958851306,,,,0.14830875975715524,,,,,0.005685650958851306,0.0010600366194468537,0.06321672930519417,,,0.00337284378914908,,,,,,,0.0010600366194468537,0.11149657897272815,0.0022164402042979666,0.0010600366194468537,,,0.00337284378914908,,0.0010600366194468537,0.0022164402042979666,,0.0010600366194468537,0.0022164402042979666,,,0.0010600366194468537,0.005685650958851306,,0.0022164402042979666,0.0010600366194468537,,0.005685650958851306,0.00337284378914908,0.01493687963766021
,0.002023706273489448,,0.0009636696540425942,0.005203816131830009,0.18618097716102922,,0.05348366579936398,0.1237351835790691,0.007323889370723716,,,,0.0009636696540425942,,0.002023706273489448,,,0.002023706273489448,0.08807940637949312,,0.02515177797051171,0.004143779512383155,0.09858340560855738,0.0009636696540425942,0.004143779512383155,,,,0.004143779512383155,,,0.005203816131830009,0.002023706273489448,0.0009636696540425942,0.0009636696540425942,0.1479232918955382,0.002023706273489448,,,,0.007323889370723716,,0.08181555362821624,0.0009636696540425942,0.0009636696540425942,0.0030837428929363013,,0.0009636696540425942,,0.002023706273489448,0.0009636696540425942,,,0.08807940637949312,0.005203816131830009,,0.002023706273489448,,0.010407632263660017,,0.0030837428929363013,,,,0.004143779512383155,,,0.002023706273489448,0.0030837428929363013,,0.004143779512383155,,,0.006263852751276862,,0.005203816131830009
,,,0.002794641996723523,0.009443962609617423,0.13221547653464383,,0.04259419870868266,0.14493591596800617,,0.0008673026886383347,,0.0008673026886383347,0.011371301917702612,,0.005685650958851306,,,0.001830972342680929,0.10513635925604703,,0.032186566445022644,0.007516623301532235,0.07959911342391827,0.0008673026886383347,0.015129613568468729,,0.0008673026886383347,,0.002794641996723523,,0.0008673026886383347,0.0037583116507661175,,,,0.10802736821817481,0.002794641996723523,,,0.0008673026886383347,0.00655295364748964,,0.07294979281102439,0.0037583116507661175,,0.002794641996723523,,0.001830972342680929,,,,,,0.14117760431724005,0.001830972342680929,,0.001830972342680929,,0.005685650958851306,,0.004721981304808711,0.002794641996723523,,0.0008673026886383347,0.0008673026886383347,0.0008673026886383347,,,0.0008673026886383347,,0.00655295364748964,0.001830972342680929,,0.007516623301532235,0.0037583116507661175,0.01792425556519225
,0.002023706273489448,,0.0030837428929363013,0.010311265298255759,0.17741158330924145,,0.026886383347788378,0.13173364170762264,0.0009636696540425942,0.0009636696540425942,0.0009636696540425942,,0.017635154668979473,,0.002023706273489448,,,0.002023706273489448,0.09540329575021683,,0.03006649320612894,0.004143779512383155,0.07988821432013106,0.0009636696540425942,0.009251228678808905,0.0030837428929363013,,,0.0030837428929363013,,,0.0030837428929363013,,,,0.09434325913076998,0.0009636696540425942,,,0.0009636696540425942,0.00828755902476631,,0.05078539076804471,0.0009636696540425942,,0.004143779512383155,,0.0009636696540425942,,,0.0009636696540425942,,,0.16806398766502842,0.002023706273489448,,,,0.010311265298255759,0.004143779512383155,0.0009636696540425942,0.005107449166425749,0.0009636696540425942,0.0030837428929363013,0.0009636696540425942,,,,,,0.010311265298255759,0.0009636696540425942,0.0009636696540425942,0.005107449166425749,0.0030837428929363013,0.01657511804953262
,,,0.004047412546978896,0.00819119205936205,0.3782403392117183,0.0009636696540425942,0.028717355690469307,0.10157078153608942,0.002987375927532042,,,,0.006071118820468344,,0.004047412546978896,,,0.002023706273489448,0.07179338922617327,,0.023513539558639298,0.006071118820468344,0.023513539558639298,0.0009636696540425942,0.004047412546978896,0.002023706273489448,,,0.002023706273489448,,,0.006071118820468344,,0.002023706273489448,,0.060518454273874915,,,0.0009636696540425942,,0.009154861713404645,,0.04615977642864026,0.002987375927532042,0.0009636696540425942,0.002987375927532042,0.005107449166425749,0.004047412546978896,,,,,,0.13337188011949505,0.002987375927532042,,,,0.005107449166425749,0.005107449166425749,,0.0009636696540425942,,,0.002023706273489448,,,,,,0.007131155439915197,0.002023706273489448,0.0009636696540425942,0.006071118820468344,0.002987375927532042,0.0194661270116604
,0.0009636696540425942,,0.0030837428929363013,0.010503999229064276,0.34229546111592957,,0.030644694998554496,0.09405415823455719,,,,0.002023706273489448,0.002023706273489448,,0.002023706273489448,,,0.002023706273489448,0.06128938999710899,,0.018984292184639106,0.005203816131830009,0.05492917028042787,,0.007323889370723716,,,,0.0009636696540425942,,,0.004143779512383155,,0.002023706273489448,,0.09511419485400405,0.0009636696540425942,,,,0.0030837428929363013,,0.05174906042208731,0.0030837428929363013,0.0009636696540425942,0.0009636696540425942,0.006263852751276862,,,,,,,0.11833863351643056,0.004143779512383155,,0.0009636696540425942,,0.004143779512383155,,0.0030837428929363013,0.005203816131830009,,0.0009636696540425942,0.002023706273489448,,,0.0009636696540425942,0.006263852751276862,,0.01792425556519225,0.002023706273489448,,0.005203816131830009,0.005203816131830009,0.0168642189457454
,0.002023706273489448,,0.002023706273489448,0.0030837428929363013,0.4568757829815939,,0.02312807169702226,0.08403199383251421,,,,,0.007323889370723716,,0.0009636696540425942,,,0.0009636696540425942,0.061963958754938805,,0.028331887828852268,0.0009636696540425942,0.04827984966753397,0.002023706273489448,0.009443962609617423,,,,,,,0.004143779512383155,,0.002023706273489448,,0.09771610291991906,0.0009636696540425942,,0.0009636696540425942,,0.0030837428929363013,,0.04827984966753397,0.002023706273489448,,0.006263852751276862,0.005203816131830009,,,0.0009636696540425942,0.0009636696540425942,,,0.04827984966753397,0.002023706273489448,,,,0.002023706273489448,,0.004143779512383155,0.002023706273489448,,,0.0009636696540425942,,,,0.0009636696540425942,,0.007323889370723716,,,0.006263852751276862,0.005203816131830009,0.01676785198034114
,0.0009636696540425942,,0.0030837428929363013,0.005107449166425749,0.4449262792714658,,0.025826346728341526,0.09087404837621663,0.0009636696540425942,,,,,,0.0009636696540425942,,,0.0030837428929363013,0.06707140792136455,,0.02370627348944782,0.0030837428929363013,0.03507757540715043,0.005107449166425749,0.013395008191192059,0.0009636696540425942,,0.0009636696540425942,0.002023706273489448,,,0.0061674857858726026,,0.0009636696540425942,0.002023706273489448,0.08470656259034404,0.0009636696540425942,,0.0009636696540425942,,,,0.04953262021778934,0.0030837428929363013,,0.002023706273489448,0.002023706273489448,,,,0.0009636696540425942,,,0.04953262021778934,0.002023706273489448,,,0.0009636696540425942,0.005107449166425749,,0.009251228678808905,0.0030837428929363013,,0.002023706273489448,,,,,,,0.0061674857858726026,,,0.007227522405319456,0.009251228678808905,0.02476631010889467
,0.0019273393080851884,,0.0009636696540425942,0.0058783848896598245,0.48414763419099927,,0.03459574058012913,0.07025151777970512,0.0009636696540425942,,,0.0009636696540425942,0.0028910089621277824,,0.0009636696540425942,,,0.0009636696540425942,0.057338344415534356,,0.0296810253445119,0.006842054543702419,0.03459574058012913,0.004914715235617231,0.01185313674472391,,,0.0019273393080851884,0.0028910089621277824,,,0.008865760817191867,,,0.0058783848896598245,0.08210465452442903,0.0009636696540425942,,0.0009636696540425942,0.0009636696540425942,0.004914715235617231,,0.05145995952587453,0.0028910089621277824,,0.0028910089621277824,0.0019273393080851884,,0.0019273393080851884,,,,,0.04644887732485304,0.0009636696540425942,,,,,,0.006842054543702419,,,,,,0.0009636696540425942,0.0009636696540425942,0.0019273393080851884,,0.0019273393080851884,,,0.006842054543702419,0.003951045581574636,0.008865760817191867
,0.0009636696540425942,,0.002023706273489448,0.005203816131830009,0.5005300183097234,,0.0199479618386817,0.06630047219813048,,,,,,,0.007323889370723716,,,0.0009636696540425942,0.0536763997301725,,0.030451961067745975,0.00838392599017057,0.06206032572034307,0.002023706273489448,0.006263852751276862,0.0009636696540425942,,,0.002023706273489448,,0.0009636696540425942,0.0009636696540425942,,,0.0009636696540425942,0.11149657897272815,0.0009636696540425942,,0.0009636696540425942,,0.007323889370723716,,0.03469210754553339,0.0030837428929363013,,0.0030837428929363013,0.0030837428929363013,,,,,,,0.030451961067745975,0.0009636696540425942,,,,,0.0009636696540425942,0.006263852751276862,0.0009636696540425942,,0.0009636696540425942,0.0009636696540425942,,,,,0.0009636696540425942,0.002023706273489448,,,0.004143779512383155,0.004143779512383155,0.010503999229064276
,,,0.0010600366194468537,0.004240146477787415,0.585814782692493,,0.012913173364170763,0.05502553724583213,,,,,0.0010600366194468537,,0.0010600366194468537,,,0.0021200732388937074,0.056181940830683244,,0.02370627348944782,0.003180109858340561,0.025922713693745783,0.0021200732388937074,0.0064565866820853815,0.0010600366194468537,0.003180109858340561,,0.003180109858340561,,0.0021200732388937074,0.0021200732388937074,,,0.005396550062638527,0.06369856413221547,,,0.0010600366194468537,0.0010600366194468537,0.0064565866820853815,,0.0398959236773634,0.003180109858340561,0.0021200732388937074,0.0021200732388937074,0.003180109858340561,0.0010600366194468537,,0.0010600366194468537,0.0010600366194468537,,,0.032379300375831165,0.0021200732388937074,,,,0.004240146477787415,,0.0021200732388937074,0.0021200732388937074,,0.0010600366194468537,0.0010600366194468537,,0.0021200732388937074,,,,0.007516623301532235,0.0010600366194468537,,0.004240146477787415,0.003180109858340561,0.012913173364170763
,0.0009636696540425942,,0.002023706273489448,0.005203816131830009,0.6386238797340271,,0.012624072467957983,0.04837621663293823,0.0009636696540425942,,,,0.0009636696540425942,,0.0009636696540425942,,,0.0009636696540425942,0.042015996916257105,,0.029391924448299123,0.004143779512383155,0.025248144935915966,0.002023706273489448,0.009443962609617423,,0.002023706273489448,,0.004143779512383155,,0.0009636696540425942,0.0030837428929363013,0.0009636696540425942,,0.0030837428929363013,0.061000289100896214,,,0.0009636696540425942,,0.0009636696540425942,,0.0368121807844271,0.0009636696540425942,,0.0030837428929363013,0.0030837428929363013,,,,,,,0.018887925219234845,0.0009636696540425942,,,,0.002023706273489448,,0.0009636696540425942,0.0009636696540425942,,0.0009636696540425942,0.002023706273489448,,,,0.0009636696540425942,,0.0030837428929363013,,,0.006263852751276862,0.004143779512383155,0.013684109087404838
,,,0.002023706273489448,0.006071118820468344,0.4833766984677652,,0.030644694998554496,0.0684205454370242,,,,,0.004047412546978896,,,,,0.0009636696540425942,0.06128938999710899,,0.035752144164980244,0.002023706273489448,0.04384696925893804,0.002987375927532042,0.005107449166425749,,,0.002023706273489448,0.006071118820468344,,,0.007131155439915197,,,0.0009636696540425942,0.10214898332851499,0.0009636696540425942,,0.0009636696540425942,,0.008094825093957791,,0.05203816131830009,0.002023706273489448,,,,,,,,,0.0009636696540425942,0.03469210754553339,0.002023706273489448,,,,,0.0009636696540425942,0.004047412546978896,0.007131155439915197,,0.0009636696540425942,0.002023706273489448,,0.0009636696540425942,,,,0.002023706273489448,,,0.005107449166425749,0.004047412546978896,0.006071118820468344
,,,0.0009636696540425942,0.002023706273489448,0.45803218656644484,,0.020815264527320035,0.0593620506890238,0.004143779512383155,,,,0.007227522405319456,,,,,0.0009636696540425942,0.07911727859689699,,0.046834345186470075,,0.031222896790980052,0.0009636696540425942,0.0061674857858726026,,0.0030837428929363013,,0.0030837428929363013,,,0.005203816131830009,,,,0.10108894670906814,0.004143779512383155,,0.0009636696540425942,0.002023706273489448,0.007227522405319456,0.0009636696540425942,0.06350583020140696,,,0.002023706273489448,,,,,0.0009636696540425942,,0.0009636696540425942,0.03228293341042691,0.0009636696540425942,,,,0.0009636696540425942,,0.005203816131830009,0.002023706273489448,,0.0009636696540425942,0.004143779512383155,,,,,,0.0061674857858726026,0.002023706273489448,,0.004143779512383155,0.004143779512383155,0.023899007420256337
,0.0009636696540425942,,0.0019273393080851884,0.007902091163149272,0.4250746843981883,,0.028910089621277824,0.06186759178953455,0.002987375927532042,,,,0.003951045581574636,,,,0.0009636696540425942,0.0009636696540425942,0.0788281777006842,,0.038835887057916546,0.004914715235617231,0.037872217403873955,0.004914715235617231,0.010889467090681315,,,,0.003951045581574636,,,0.0019273393080851884,,,,0.10475089139442999,0.0019273393080851884,,0.0019273393080851884,0.0019273393080851884,0.0019273393080851884,0.0019273393080851884,0.07776814108123735,0.0009636696540425942,,0.005974751855064084,,,0.0009636696540425942,0.0009636696540425942,0.0009636696540425942,,,0.028910089621277824,0.0009636696540425942,,,,,,0.003951045581574636,0.0019273393080851884,,0.0009636696540425942,0.0009636696540425942,,,0.002987375927532042,0.0009636696540425942,,0.002987375927532042,,,0.004914715235617231,0.003951045581574636,0.026886383347788378
,0.0030837428929363013,,0.002023706273489448,0.01156403584851113,0.49224245928495725,,0.029488291413703384,0.0527127300761299,0.0030837428929363013,,,,0.005203816131830009,,,,,0.0009636696540425942,0.056952876553917314,,0.04529247374000193,0.0030837428929363013,0.059072949792811025,0.005203816131830009,0.006263852751276862,,0.002023706273489448,0.0009636696540425942,0.002023706273489448,,,0.004143779512383155,0.0009636696540425942,,,0.084321094728727,0.00838392599017057,,0.0030837428929363013,,0.006263852751276862,0.0009636696540425942,0.04317240050110822,0.0030837428929363013,,0.002023706273489448,,,,,0.0009636696540425942,,,0.021007998458128552,0.0009636696540425942,,,,0.01156403584851113,,0.0030837428929363013,,,,0.0009636696540425942,,0.002023706273489448,0.0009636696540425942,,,0.006263852751276862,,,0.0030837428929363013,0.0030837428929363013,0.00838392599017057
,0.0022164402042979666,0.0010600366194468537,0.0022164402042979666,0.0066493206128939,0.4753782403392117,,0.028910089621277824,0.07246795798400309,0.0022164402042979666,,,,0.007709357232340753,,0.008865760817191867,,,0.0022164402042979666,0.0802736821817481,,0.034499373614724875,0.00327647682374482,0.03228293341042691,0.005492917028042787,0.005492917028042787,,0.0022164402042979666,,0.0022164402042979666,,,0.0022164402042979666,0.0010600366194468537,,,0.06350583020140696,0.0010600366194468537,,0.0010600366194468537,0.0022164402042979666,0.0010600366194468537,0.00327647682374482,0.06234942661655585,0.004432880408595933,,,,,,,,,,0.03343933699527802,0.0022164402042979666,,,0.0010600366194468537,,,0.004432880408595933,,,0.0022164402042979666,0.0022164402042979666,,,0.0010600366194468537,,,0.011082201021489834,,,0.0066493206128939,0.00327647682374482,0.014455044810638912
,0.0021200732388937074,,0.0021200732388937074,0.003180109858340561,0.5459188590151296,,0.017249686807362438,0.06061482123927917,0.004240146477787415,,,,0.005396550062638527,,0.0010600366194468537,0.0010600366194468537,,,0.04760528090970415,,0.02813915389804375,0.004240146477787415,0.03353570396068228,0.0010600366194468537,0.008576659920979088,,,,0.0021200732388937074,,,0.003180109858340561,0.0021200732388937074,,0.0010600366194468537,0.0833574250746844,,,0.0010600366194468537,0.0010600366194468537,,0.003180109858340561,0.045388840705406185,0.0021200732388937074,,0.003180109858340561,,,,,,,0.0010600366194468537,0.025922713693745783,,,0.0010600366194468537,0.0010600366194468537,0.0010600366194468537,,0.003180109858340561,0.0010600366194468537,,,0.003180109858340561,,,0.003180109858340561,,,0.003180109858340561,,,0.0064565866820853815,0.007516623301532235,0.02813915389804375
,0.00327647682374482,,0.0010600366194468537,0.009829430471234461,0.6061482123927917,,0.03392117182229932,0.04375060229353377,0.0021200732388937074,,,,0.00327647682374482,,,,,0.0010600366194468537,0.045870675532427484,,0.037197648646044135,0.00327647682374482,0.020718897561915774,0.0021200732388937074,0.00327647682374482,,,,0.00655295364748964,,,0.00327647682374482,,,0.0021200732388937074,0.052519996145321386,,,0.00327647682374482,,,0.004336513443191674,0.04375060229353377,,,,,0.0010600366194468537,,,,,,0.018598824323022067,0.00327647682374482,,0.00327647682374482,0.0010600366194468537,0.0021200732388937074,0.0010600366194468537,0.0021200732388937074,,,,0.0021200732388937074,,,0.0010600366194468537,,,0.00327647682374482,,,0.005396550062638527,0.007612990266936494,0.015225980533872988
,0.002023706273489448,,0.0009636696540425942,0.00828755902476631,0.5493880697696829,,0.02283897080080948,0.05097812469885323,0.002023706273489448,,,,0.00828755902476631,,0.0009636696540425942,,,0.0030837428929363013,0.04259419870868266,,0.02698275031319264,0.0061674857858726026,0.034306639683916354,,0.0030837428929363013,,0.0009636696540425942,0.0009636696540425942,0.005203816131830009,,,0.0030837428929363013,,,0.002023706273489448,0.09154861713404645,,,0.0009636696540425942,,0.007227522405319456,0.002023706273489448,0.046834345186470075,,,0.002023706273489448,,0.0009636696540425942,,,,,,0.043654235328129516,0.0009636696540425942,,,0.0009636696540425942,0.0030837428929363013,,0.002023706273489448,,,0.002023706273489448,0.0030837428929363013,,0.0009636696540425942,0.0009636696540425942,,,0.002023706273489448,,,0.0030837428929363013,,0.011371301917702612
,0.0010600366194468537,,0.0010600366194468537,0.005300183097234268,0.5656740869230028,,0.02669364941697986,0.052327262214512865,0.004240146477787415,,,,0.011756769779319649,,,,,0.0010600366194468537,0.05560373903825769,,0.027753686036426712,0.0021200732388937074,0.022453502939192446,,0.0021200732388937074,,,,0.0021200732388937074,0.0021200732388937074,,0.004240146477787415,,,,0.09511419485400405,0.0010600366194468537,,0.0010600366194468537,,0.0021200732388937074,0.003180109858340561,0.052327262214512865,,,0.0021200732388937074,,,0.0010600366194468537,,0.0010600366194468537,,,0.025633612797533005,0.0010600366194468537,,,0.0010600366194468537,0.0010600366194468537,,,,,0.003180109858340561,,,0.0010600366194468537,0.0010600366194468537,,,0.0021200732388937074,,,0.003180109858340561,0.003180109858340561,0.010600366194468537
,0.001830972342680929,,0.0008673026886383347,0.002794641996723523,0.598053387298834,,0.03353570396068228,0.05743471138093861,0.001830972342680929,,,,0.0037583116507661175,,,,,0.0008673026886383347,0.0593620506890238,,0.03353570396068228,0.0008673026886383347,0.020044328804085958,0.0008673026886383347,0.004721981304808711,,0.002794641996723523,0.0008673026886383347,0.001830972342680929,0.0008673026886383347,,,,,,0.07853907680447143,0.0008673026886383347,,,,0.004721981304808711,,0.034499373614724875,,,0.0008673026886383347,,,,,0.0008673026886383347,,,0.022935337766213742,0.0008673026886383347,,,,,,0.0008673026886383347,,0.002794641996723523,0.0008673026886383347,,,,,0.001830972342680929,,0.002794641996723523,,,0.002794641996723523,0.001830972342680929,0.015322347499277248
,0.001830972342680929,,,0.00655295364748964,0.5433169509492146,,0.02823552086344801,0.06022935337766214,,,,,0.002794641996723523,,,,,0.001830972342680929,0.07902091163149272,,0.035752144164980244,0.002794641996723523,0.032861135202852464,0.001830972342680929,0.004625614339404453,0.001830972342680929,0.001830972342680929,0.0008673026886383347,0.001830972342680929,,,,,,0.0008673026886383347,0.09405415823455719,0.002794641996723523,,,,0.001830972342680929,,0.04982172111400212,0.001830972342680929,,0.0008673026886383347,,,,,0.0008673026886383347,,,0.01879155825383059,0.0008673026886383347,,,,0.0008673026886383347,,0.0008673026886383347,,0.001830972342680929,0.0008673026886383347,,,,,,,,,,0.00655295364748964,0.001830972342680929,0.00655295364748964
,0.001830972342680929,,,0.0037583116507661175,0.5639394815457262,0.0037583116507661175,0.026886383347788378,0.06736050881757734,0.001830972342680929,,,,0.005685650958851306,,,,,0.001830972342680929,0.05772381227715139,,0.023995374385660597,0.004721981304808711,0.028813722655873567,0.0008673026886383347,0.004721981304808711,0.0008673026886383347,0.001830972342680929,,,,,,,,,0.09328322251132312,0.0008673026886383347,,,,0.002794641996723523,0.0008673026886383347,0.04326876746651248,0.0037583116507661175,,,,,0.001830972342680929,,,,,0.029777392309916162,0.001830972342680929,,,0.0008673026886383347,,,0.005685650958851306,,0.001830972342680929,0.002794641996723523,0.0008673026886383347,,,,,,0.001830972342680929,,,0.001830972342680929,0.001830972342680929,0.0037583116507661175
,0.0028910089621277824,0.0009636696540425942,,0.005782017924255565,0.5482316661848319,,0.026115447624554304,0.08037004914715236,0.0028910089621277824,,,,0.010600366194468537,,,,,,0.07651537053098198,,0.02322443866242652,0.005782017924255565,0.032861135202852464,0.0009636696540425942,0.0019273393080851884,,,,,,0.0009636696540425942,,,,,0.08229738845523754,0.0028910089621277824,,0.0009636696540425942,,0.00674568757829816,0.0009636696540425942,0.02804278693263949,0.0019273393080851884,,,,,,,,,0.0019273393080851884,0.0368121807844271,0.0009636696540425942,,,,,,0.0009636696540425942,,0.0009636696540425942,,0.0009636696540425942,,0.0009636696540425942,,,,0.0009636696540425942,,,0.0038546786161703767,0.0019273393080851884,0.005782017924255565
,0.0009636696540425942,,0.0019273393080851884,0.003951045581574636,0.6936494169798594,,0.0199479618386817,0.0389322540233208,0.002987375927532042,,,,0.004914715235617231,,0.0009636696540425942,,,0.0009636696540425942,0.05194179435289583,,0.01696058591114966,0.006938421509106678,0.02698275031319264,0.0009636696540425942,0.0019273393080851884,,,,0.0009636696540425942,,,,,,,0.05492917028042787,0.0009636696540425942,,,0.0009636696540425942,0.003951045581574636,,0.020911631492724295,,,,,0.0009636696540425942,,,,,0.002987375927532042,0.01792425556519225,0.0009636696540425942,,,0.0009636696540425942,0.0009636696540425942,,0.0009636696540425942,,0.0009636696540425942,,0.0019273393080851884,,,,,,0.002987375927532042,,,0.004914715235617231,0.0009636696540425942,0.004914715235617231
,0.0009636696540425942,,,0.010311265298255759,0.546400693842151,,0.026886383347788378,0.07343162763804567,0.002023706273489448,,,,0.0009636696540425942,,,,,0.002023706273489448,0.06928784812566252,,0.026886383347788378,0.007227522405319456,0.015515081430085767,0.002023706273489448,0.004047412546978896,,,0.0009636696540425942,0.0009636696540425942,,,0.0009636696540425942,,,,0.07246795798400309,0.0030837428929363013,,,0.0009636696540425942,0.004047412546978896,,0.04760528090970415,,,,,0.002023706273489448,,0.0009636696540425942,0.0009636696540425942,,0.004047412546978896,0.03517394237255469,,,,,0.0030837428929363013,,0.005107449166425749,,0.002023706273489448,0.002023706273489448,0.0030837428929363013,,,,,,0.0030837428929363013,0.0009636696540425942,,0.0061674857858726026,0.004047412546978896,0.00819119205936205
,0.002023706273489448,,,0.002023706273489448,0.5509299412161511,,0.025922713693745783,0.07372072853425846,0.0009636696540425942,,,,0.0009636696540425942,,0.002023706273489448,,,0.0009636696540425942,0.06331309627059845,,0.03315023609906524,0.004143779512383155,0.017635154668979473,,0.004143779512383155,,0.0009636696540425942,,,,,,,,,0.08200828755902477,,,,0.0009636696540425942,0.002023706273489448,,0.05916931675821528,,,,,0.0030837428929363013,,0.0009636696540425942,0.0009636696540425942,,0.002023706273489448,0.02698275031319264,,,,,0.0009636696540425942,0.002023706273489448,0.005107449166425749,,0.002023706273489448,0.002023706273489448,,,0.0009636696540425942,,,,0.0009636696540425942,,,0.004143779512383155,0.004143779512383155,0.01657511804953262
,0.002023706273489448,,,0.006263852751276862,0.5572901609328322,,0.01879155825383059,0.04596704249783174,,,,,0.002023706273489448,,,,,0.0009636696540425942,0.06591500433651344,,0.03661944685361858,0.00828755902476631,0.03343933699527802,0.0009636696540425942,0.0030837428929363013,,0.0009636696540425942,0.0009636696540425942,0.0009636696540425942,,,,,,0.002023706273489448,0.07844270983906716,0.0030837428929363013,,,,0.0030837428929363013,,0.049147152356172306,,,0.0009636696540425942,,0.0030837428929363013,,,0.0030837428929363013,,,0.021971668112171147,,0.0009636696540425942,,,0.004143779512383155,,0.002023706273489448,,0.002023706273489448,,0.0030837428929363013,,,0.002023706273489448,,0.0009636696540425942,0.005203816131830009,,,0.00828755902476631,0.004143779512383155,0.017731521634383733
,0.0030837428929363013,,,0.004143779512383155,0.5257781632456393,,0.024091741351064854,0.05868748193119399,,,,,,,,,,0.002023706273489448,0.07747904018502458,,0.034499373614724875,0.006263852751276862,0.037679483473065434,,0.0009636696540425942,,0.0009636696540425942,0.002023706273489448,0.0009636696540425942,,,,,,,0.08171918666281199,,,,,0.004143779512383155,,0.04818348270212971,0.0030837428929363013,,,,0.0030837428929363013,,,,,,0.023031704731618002,,,,,0.014647778741447431,,0.004143779512383155,0.002023706273489448,0.002023706273489448,,0.0009636696540425942,,,0.002023706273489448,,,0.005203816131830009,,,0.004143779512383155,0.004143779512383155,0.01879155825383059
,0.002023706273489448,,,0.002023706273489448,0.5544955189361087,,0.03363207092608654,0.05685650958851306,0.0009636696540425942,,,,,,,0.0009636696540425942,,0.0009636696540425942,0.0726606919148116,,0.03999229064276766,0.006263852751276862,0.024188108316469115,,0.006263852751276862,0.0009636696540425942,,,0.0009636696540425942,,,0.0009636696540425942,,,0.002023706273489448,0.07054061867591789,0.0009636696540425942,,,,0.005203816131830009,,0.05155632649127879,0.0030837428929363013,,,,,,,,,,0.02630818155536282,,,,,0.004143779512383155,,0.0030837428929363013,,0.0030837428929363013,,0.0009636696540425942,,,0.0009636696540425942,,,0.006263852751276862,,0.0009636696540425942,0.005203816131830009,0.002023706273489448,0.009443962609617423
,0.0030837428929363013,,0.0009636696540425942,0.004047412546978896,0.5477498313578105,0.002023706273489448,0.022646236870000964,0.05656740869230028,0.002023706273489448,0.0030837428929363013,,,0.00819119205936205,,0.002023706273489448,,,0.002023706273489448,0.08229738845523754,,0.027753686036426712,0.0009636696540425942,0.04114869422761877,,0.004047412546978896,,,,0.0009636696540425942,,,,,,0.002023706273489448,0.05965115158523658,0.0009636696540425942,,,,0.007131155439915197,,0.05348366579936398,0.004047412546978896,,,,,,0.0009636696540425942,,,,0.0163823841187241,0.005107449166425749,0.0009636696540425942,,,0.0030837428929363013,,0.004047412546978896,0.0030837428929363013,0.0009636696540425942,0.0009636696540425942,0.0009636696540425942,,,0.002023706273489448,,,0.0030837428929363013,0.0030837428929363013,,0.005107449166425749,0.002023706273489448,0.009251228678808905
,,,0.002023706273489448,0.007323889370723716,0.7347017442420738,,0.01985159487327744,0.030355594102341718,,,,,0.006263852751276862,,,,,0.0009636696540425942,0.05338729883395972,,0.015611448395490026,0.0030837428929363013,0.014647778741447431,0.0009636696540425942,0.0030837428929363013,,,,0.0009636696540425942,,,,,,,0.034499373614724875,,,,,0.0009636696540425942,,0.021971668112171147,0.002023706273489448,,0.0009636696540425942,,,,,,,,0.014647778741447431,,,,,0.002023706273489448,0.0009636696540425942,0.004143779512383155,0.002023706273489448,0.0009636696540425942,0.0009636696540425942,0.0009636696540425942,,0.0009636696540425942,,,,0.004143779512383155,,,0.005203816131830009,0.0030837428929363013,0.006263852751276862
,0.0022164402042979666,,,0.010022164402042979,0.5566155921750024,,0.024477209212681893,0.055700106003661945,0.0022164402042979666,,,,0.004432880408595933,,,,,0.0010600366194468537,0.07468439818830105,,0.028910089621277824,0.004432880408595933,0.027850053001830972,0.005492917028042787,0.00327647682374482,,0.0010600366194468537,,0.0022164402042979666,,0.0022164402042979666,0.0010600366194468537,,,0.0022164402042979666,0.07131155439915197,,,,,0.00327647682374482,0.0022164402042979666,0.0501108220102149,,,0.0022164402042979666,,,,,0.0010600366194468537,,,0.022260769008383925,0.0010600366194468537,,,,0.0010600366194468537,,0.005492917028042787,,0.0022164402042979666,,0.0022164402042979666,,0.0010600366194468537,0.0010600366194468537,,,0.0022164402042979666,0.0022164402042979666,,0.005492917028042787,0.0010600366194468537,0.012238604606340946
,0.0011564035848511131,,,0.004625614339404453,0.5839838103498121,,0.020911631492724295,0.0593620506890238,,,,,0.004625614339404453,,,,,0.0023128071697022263,0.052327262214512865,,0.030259227136937458,0.006938421509106678,0.02322443866242652,,0.004625614339404453,,0.0011564035848511131,,0.0023128071697022263,,,,,,,0.08143008576659921,,,,,0.0011564035848511131,,0.05704924351932158,,,,,,,,,,,0.022068035077575408,0.0011564035848511131,,,,,,0.004625614339404453,0.0023128071697022263,0.0023128071697022263,,0.0011564035848511131,,,0.0011564035848511131,,,0.003469210754553339,0.0011564035848511131,,0.008094825093957791,0.004625614339404453,0.010407632263660017
,0.0024091741351064855,,,0.004818348270212971,0.4515755998843596,,0.03758311650766118,0.07767177411583309,0.004818348270212971,,,0.0011564035848511131,0.0035655777199575986,,,,,0.0011564035848511131,0.07767177411583309,,0.023031704731618002,0.0011564035848511131,0.03517394237255469,0.0011564035848511131,0.0024091741351064855,,,,0.004818348270212971,,,0.0011564035848511131,,,,0.10561819408306833,,,,,,,0.07160065529536475,0.0024091741351064855,,0.0024091741351064855,,,,,0.0011564035848511131,,,0.03517394237255469,0.0011564035848511131,,0.0011564035848511131,,0.0035655777199575986,0.0011564035848511131,0.004818348270212971,0.0011564035848511131,0.0024091741351064855,,0.0024091741351064855,,0.0011564035848511131,0.0011564035848511131,,,0.0024091741351064855,,,0.005974751855064084,0.004818348270212971,0.01696058591114966
,0.00337284378914908,,,0.010214898332851498,0.48135299219427574,0.0022164402042979666,0.02168256721595837,0.09154861713404645,0.0010600366194468537,,,0.0010600366194468537,0.00337284378914908,,,,,0.0010600366194468537,0.05030355594102342,,0.027464585140213934,0.006842054543702419,0.03777585043846969,0.0010600366194468537,0.006842054543702419,,0.0010600366194468537,,0.00337284378914908,,,0.0010600366194468537,,,,0.1007034788474511,0.004529247374000193,,,,0.0022164402042979666,,0.05945841765442806,,,,,,,,,0.0010600366194468537,,0.027464585140213934,0.0010600366194468537,,0.0010600366194468537,,0.009154861713404645,,0.004529247374000193,0.0010600366194468537,0.0022164402042979666,0.0010600366194468537,0.004529247374000193,0.0010600366194468537,,,,,0.00337284378914908,,,0.0022164402042979666,0.004529247374000193,0.015996916257107065
,,,,0.0058783848896598245,0.44367350872121036,,0.022453502939192446,0.06755324274838585,0.0011564035848511131,,,,0.0023128071697022263,,,,,0.0011564035848511131,0.08297195721306735,,0.036715813819022836,0.0058783848896598245,0.05454370241881083,,0.004721981304808711,0.0058783848896598245,,0.0011564035848511131,0.004721981304808711,,,,,,0.0011564035848511131,0.10195624939770646,0.0011564035848511131,,,,0.003469210754553339,,0.05454370241881083,0.0023128071697022263,,,,,,,0.0011564035848511131,,,0.020140695769490218,,,0.0011564035848511131,,,,0.004721981304808711,,0.0023128071697022263,,0.009443962609617423,,,,,,0.00828755902476631,,,0.004721981304808711,0.004721981304808711,0.03796858436927821
,,,0.0023128071697022263,0.004721981304808711,0.4930133950081911,,0.035463043268767466,0.0900067456875783,,,,,0.007034788474510938,,,,,0.0023128071697022263,0.0900067456875783,,0.026019080659150044,,0.036715813819022836,0.0023128071697022263,0.0023128071697022263,,,,0.004721981304808711,,,,,,,0.08056278307796087,0.0023128071697022263,,,,,,0.030741061963958757,0.004721981304808711,,,,,,,0.0011564035848511131,,,0.03199383251421413,0.0011564035848511131,,,,0.004721981304808711,,0.007034788474510938,,0.0023128071697022263,0.0011564035848511131,0.0023128071697022263,,0.0011564035848511131,,,,0.010600366194468537,0.003469210754553339,,0.007034788474510938,0.0011564035848511131,0.009443962609617423
,0.0023128071697022263,,0.004721981304808711,0.004721981304808711,0.6004625614339405,,0.022549869904596703,0.05945841765442806,0.0011564035848511131,,,,0.0011564035848511131,,0.009443962609617423,,,0.0023128071697022263,0.05348366579936398,,0.027271851209405416,0.0035655777199575986,0.03565577719957599,,0.0035655777199575986,,,,0.0023128071697022263,,,,,,0.0011564035848511131,0.07256432494940734,,,,,0.0035655777199575986,,0.027271851209405416,0.0011564035848511131,,,,,0.0011564035848511131,,,,,0.015418714464681507,0.0011564035848511131,,,,0.0023128071697022263,,0.0035655777199575986,,0.0023128071697022263,,0.0023128071697022263,,,,,,0.00828755902476631,,,0.0058783848896598245,0.0011564035848511131,0.01657511804953262
,0.004240146477787415,0.003180109858340561,0.003180109858340561,0.01811698949600077,0.4968680736243616,0.003180109858340561,0.030837428929363014,0.063891298063024,0.0010600366194468537,,,,0.0010600366194468537,,,,,0.0010600366194468537,0.06813144454081141,,0.025537245832128748,0.004240146477787415,0.0265972824515756,0.005300183097234268,0.005300183097234268,,,,0.003180109858340561,,,,,,0.0010600366194468537,0.09694516719668497,0.0021200732388937074,0.0010600366194468537,,,0.00848029295557483,0.003180109858340561,0.052134528283704344,,,0.0010600366194468537,,,0.0010600366194468537,,0.0021200732388937074,,,0.029777392309916162,0.0010600366194468537,,,,,,0.004240146477787415,,0.0021200732388937074,0.0010600366194468537,0.0010600366194468537,0.0010600366194468537,,0.0010600366194468537,,,0.003180109858340561,,,0.006360219716681122,0.0010600366194468537,0.013780476052809097
,0.0028910089621277824,0.0028910089621277824,0.0009636696540425942,0.007902091163149272,0.47528187337380745,0.0019273393080851884,0.028717355690469307,0.06533680254408789,0.0009636696540425942,,,,0.0019273393080851884,,,,,0.003951045581574636,0.07824997590825865,,0.03363207092608654,0.0058783848896598245,0.04259419870868266,0.003951045581574636,0.0058783848896598245,,,,,,,,,,,0.08412836079791847,0.0019273393080851884,,,,0.003951045581574636,,0.05743471138093861,,,,,,0.0009636696540425942,,0.0009636696540425942,,,0.02476631010889467,0.0009636696540425942,,0.0009636696540425942,,0.01484051267225595,,0.0058783848896598245,0.0009636696540425942,0.0019273393080851884,0.0028910089621277824,0.0028910089621277824,,,,,,0.007902091163149272,,,0.0019273393080851884,0.003951045581574636,0.017827888599787994
,0.0038546786161703767,0.0019273393080851884,0.0009636696540425942,0.007805724197745013,0.5002409174135106,,0.023513539558639298,0.05878384889659825,0.0009636696540425942,,,,0.0019273393080851884,,,,0.0009636696540425942,0.0009636696540425942,0.08037004914715236,0.0009636696540425942,0.027368218174809677,0.006842054543702419,0.05386913366098101,0.0009636696540425942,0.008769393851787608,0.0009636696540425942,,0.0009636696540425942,0.0019273393080851884,,,,,,,0.08037004914715236,,,,0.0009636696540425942,0.0028910089621277824,,0.05483280331502361,,0.0028910089621277824,,,,,,,,,0.034306639683916354,,,0.0009636696540425942,,0.0028910089621277824,,0.0058783848896598245,0.0038546786161703767,0.0019273393080851884,0.0009636696540425942,,,,,,,0.0019273393080851884,,,0.0038546786161703767,0.004818348270212971,0.011756769779319649
,0.004143779512383155,0.002023706273489448,0.0009636696540425942,0.004143779512383155,0.4247855835019756,0.0009636696540425942,0.032186566445022644,0.08836850727570589,0.0030837428929363013,,0.002023706273489448,,0.004143779512383155,,,,,0.0009636696540425942,0.07690083839259902,,0.034306639683916354,0.0030837428929363013,0.08210465452442903,,0.007227522405319456,,,,,,,,,,,0.07998458128553532,0.0009636696540425942,,,0.0009636696540425942,0.002023706273489448,,0.066493206128939,0.0009636696540425942,,0.002023706273489448,0.0009636696540425942,,,,,,,0.02698275031319264,0.0009636696540425942,,,,,0.0009636696540425942,0.004143779512383155,0.0009636696540425942,0.002023706273489448,0.002023706273489448,0.002023706273489448,,,0.002023706273489448,,,0.004143779512383155,,,0.0061674857858726026,,0.02177893418136263
,0.002023706273489448,0.0030837428929363013,0.0009636696540425942,0.014455044810638912,0.4119687771032089,0.0009636696540425942,0.03315023609906524,0.10157078153608942,0.004143779512383155,,,,0.005107449166425749,,0.002023706273489448,,,0.002023706273489448,0.07352799460344994,,0.026886383347788378,0.004143779512383155,0.03825768526549099,,0.007227522405319456,,0.0030837428929363013,,,,,,,,,0.08701936976004626,0.005107449166425749,,,0.0009636696540425942,0.0009636696540425942,,0.05492917028042787,0.004143779512383155,,0.0009636696540425942,0.00828755902476631,,0.002023706273489448,,,,,0.043461501397320995,,,0.0009636696540425942,,0.002023706273489448,,0.0061674857858726026,0.0009636696540425942,0.002023706273489448,,0.0030837428929363013,,,,,,0.011371301917702612,,,0.004143779512383155,0.005107449166425749,0.02168256721595837
,0.0021200732388937074,,,0.00655295364748964,0.4216054736436349,0.0021200732388937074,0.037197648646044135,0.05464006938421509,0.0021200732388937074,,,,0.00327647682374482,,,,,0.00327647682374482,0.0797918473547268,,0.0327647682374482,0.00327647682374482,0.06784234364459864,,0.004336513443191674,,0.0021200732388937074,0.0010600366194468537,,,,,,,,0.07323889370723716,0.0021200732388937074,,,0.0010600366194468537,0.007612990266936494,,0.08528476438276959,0.00655295364748964,,,0.005396550062638527,,0.0010600366194468537,,,,,0.045870675532427484,,,,,,,0.004336513443191674,0.00327647682374482,0.0021200732388937074,0.0021200732388937074,0.0021200732388937074,,0.0010600366194468537,,0.0010600366194468537,,0.00327647682374482,,,0.00655295364748964,0.01310590729497928,0.008673026886383347
,0.0010600366194468537,,,0.0097330635058302,0.5463043268767467,,0.020622530596511517,0.045581574636214706,0.0010600366194468537,,,,0.005396550062638527,,0.004336513443191674,,,0.0021200732388937074,0.07054061867591789,,0.020622530596511517,0.0064565866820853815,0.029295557482894863,,0.003180109858340561,,0.0010600366194468537,,0.0010600366194468537,,,,,,0.005396550062638527,0.06736050881757734,0.0010600366194468537,,0.0010600366194468537,0.0010600366194468537,0.003180109858340561,,0.04885805145995953,0.0021200732388937074,,,0.0064565866820853815,,,,,,,0.041245061193023035,0.0010600366194468537,,,,0.0010600366194468537,,0.0021200732388937074,0.0021200732388937074,0.003180109858340561,0.0021200732388937074,0.0010600366194468537,,,,,,0.010793100125277054,,,0.005396550062638527,0.005396550062638527,0.0194661270116604
0.0010600366194468537,0.004240146477787415,0.0021200732388937074,0.0021200732388937074,0.011756769779319649,0.4286402621181459,,0.03334297002987376,0.07747904018502458,0.004240146477787415,,,,0.0064565866820853815,,,,,0.0010600366194468537,0.09896887347017443,,0.03228293341042691,0.003180109858340561,0.027946419967235233,0.0021200732388937074,0.0021200732388937074,0.0021200732388937074,,,0.0010600366194468537,,,0.0010600366194468537,,,,0.09896887347017443,0.0021200732388937074,,,0.003180109858340561,0.004240146477787415,,0.06996241688349233,,0.0021200732388937074,0.0021200732388937074,0.0010600366194468537,,,,,,,0.037679483473065434,,,,,0.0021200732388937074,0.0010600366194468537,0.003180109858340561,,0.0021200732388937074,0.0010600366194468537,0.0021200732388937074,,,,,,0.008576659920979088,,,0.004240146477787415,0.003180109858340561,0.007516623301532235
,,0.0021200732388937074,,0.00655295364748964,0.44627541678712535,,0.03507757540715043,0.0833574250746844,0.0010600366194468537,,,,0.0021200732388937074,,,,,0.0021200732388937074,0.10523272622145129,,0.03507757540715043,0.004336513443191674,0.046063409463236005,,0.0021200732388937074,0.0010600366194468537,,,0.0010600366194468537,,,,,,,0.08441746169413125,0.0021200732388937074,,,,0.00327647682374482,,0.060325720343066394,,,,0.0010600366194468537,,,,0.00327647682374482,,,0.027368218174809677,,,,,0.009829430471234461,,0.00327647682374482,,0.0021200732388937074,,0.0021200732388937074,0.0021200732388937074,0.0010600366194468537,,,,0.0021200732388937074,,,0.008769393851787608,0.00327647682374482,0.009829430471234461
0.0010600366194468537,0.0021200732388937074,0.0021200732388937074,,0.015322347499277248,0.5187433747711285,0.0010600366194468537,0.0296810253445119,0.06485496771706659,0.005492917028042787,,,,0.00327647682374482,,,,,0.00327647682374482,0.08798303941408885,,0.023031704731618002,0.00327647682374482,0.02852462175966079,,0.00327647682374482,0.0010600366194468537,0.0010600366194468537,,0.0010600366194468537,,,,,,,0.07921364556230125,0.00327647682374482,,,,0.0021200732388937074,,0.05386913366098101,,,0.0010600366194468537,0.0021200732388937074,,,0.0010600366194468537,0.0010600366194468537,,0.0010600366194468537,0.031897465548809865,,,,,0.00327647682374482,,0.00327647682374482,,0.0021200732388937074,0.0010600366194468537,0.0010600366194468537,0.0010600366194468537,0.00327647682374482,,,,0.0021200732388937074,,,0.00327647682374482,0.0021200732388937074,0.004336513443191674
,0.0010600366194468537,,,0.008865760817191867,0.37322925701069676,,0.04452153801676785,0.10137804760528091,0.005492917028042787,,,,0.00327647682374482,,,,0.0010600366194468537,0.0010600366194468537,0.09251228678808904,,0.027850053001830972,0.00327647682374482,0.05454370241881083,,0.007709357232340753,0.0022164402042979666,,0.0010600366194468537,0.0022164402042979666,,,,,,0.0010600366194468537,0.09251228678808904,0.004432880408595933,,,,0.004432880408595933,,0.06234942661655585,0.00327647682374482,,0.004432880408595933,0.0010600366194468537,,,0.0010600366194468537,0.0010600366194468537,,,0.04230509781246988,0.00327647682374482,,0.0010600366194468537,,,,0.005492917028042787,0.0010600366194468537,0.0022164402042979666,,0.0022164402042979666,0.0010600366194468537,0.0022164402042979666,,0.0022164402042979666,0.0010600366194468537,0.012238604606340946,0.0010600366194468537,,0.004432880408595933,0.0022164402042979666,0.008865760817191867
,0.0019273393080851884,0.0009636696540425942,,0.003951045581574636,0.41370338248048577,,0.045581574636214706,0.10214898332851499,0.0009636696540425942,0.0019273393080851884,,,0.0028910089621277824,,0.0019273393080851884,,,,0.08326105810928014,,0.03565577719957599,0.0009636696540425942,0.04856895056374675,0.0009636696540425942,0.0028910089621277824,0.0019273393080851884,,,0.0019273393080851884,,,,,,0.003951045581574636,0.06736050881757734,0.0028910089621277824,,,,0.004914715235617231,,0.055507372072853424,0.004914715235617231,0.0009636696540425942,0.0019273393080851884,0.0019273393080851884,,,,,,,0.05155632649127879,0.01185313674472391,,0.004914715235617231,,0.003951045581574636,0.0028910089621277824,,0.0009636696540425942,,,0.004914715235617231,,0.0009636696540425942,0.0019273393080851884,,,0.0019273393080851884,0.0019273393080851884,,0.003951045581574636,0.0019273393080851884,0.009829430471234461
,0.003180109858340561,0.0010600366194468537,,0.004336513443191674,0.3574250746843982,0.003180109858340561,0.03902862098872507,0.08991037872217404,0.0010600366194468537,0.0010600366194468537,0.0010600366194468537,,0.007516623301532235,,,,0.0010600366194468537,,0.11274934952298352,0.0010600366194468537,0.02168256721595837,0.0021200732388937074,0.055218271176640646,,0.005396550062638527,0.0021200732388937074,,,0.0010600366194468537,,,,,,0.0010600366194468537,0.08345379204008865,0.0021200732388937074,,,,0.0064565866820853815,,0.05637467476149176,0.004336513443191674,0.0010600366194468537,0.0010600366194468537,,,0.0010600366194468537,,0.003180109858340561,,,0.07256432494940734,0.0064565866820853815,,,,0.013009540329575022,0.0021200732388937074,,0.0021200732388937074,0.0010600366194468537,0.0010600366194468537,0.0010600366194468537,,0.004336513443191674,,,,0.0064565866820853815,,,0.004336513443191674,0.003180109858340561,0.010793100125277054
,,,,0.004336513443191674,0.5206707140792137,0.003180109858340561,0.023802640454852076,0.08788667244868459,0.0010600366194468537,0.007516623301532235,0.0010600366194468537,,0.005396550062638527,,0.0097330635058302,,,,0.07487713211910957,,0.022742603835405224,,0.03796858436927821,,0.0064565866820853815,0.0010600366194468537,,,0.0021200732388937074,,,,,,,0.03469210754553339,0.004336513443191674,,,,0.0064565866820853815,,0.040088657608171915,0.003180109858340561,,0.0010600366194468537,,0.0010600366194468537,,,,,0.003180109858340561,0.05743471138093861,0.005396550062638527,,0.0021200732388937074,,0.004336513443191674,0.0021200732388937074,,0.0021200732388937074,0.0010600366194468537,0.005396550062638527,,0.0010600366194468537,0.0010600366194468537,,,,0.004336513443191674,0.0010600366194468537,,0.003180109858340561,,0.005396550062638527
,0.005011082201021489,,,0.007034788474510938,0.4047412546978896,,0.03642671292281006,0.1002216440204298,0.0009636696540425942,0.002987375927532042,,0.0009636696540425942,0.007034788474510938,0.0009636696540425942,0.0009636696540425942,,,,0.0961742314734509,,0.02630818155536282,0.0009636696540425942,0.056663775657704536,,0.004047412546978896,0.002023706273489448,,0.0009636696540425942,0.002987375927532042,,,0.005011082201021489,,,,0.07188975619157753,0.002987375927532042,,,,0.002023706273489448,,0.07082971957213068,,,,,,,,0.002023706273489448,,,0.03951045581574636,,,0.0009636696540425942,,0.005011082201021489,,,,0.002023706273489448,,,0.0009636696540425942,0.002023706273489448,,,,0.011082201021489834,0.0009636696540425942,,0.005011082201021489,0.01011853136744724,0.01011853136744724
,0.003951045581574636,,,0.003951045581574636,0.3868169991326972,,0.039317721884937845,0.07863544376987569,0.0009636696540425942,0.005011082201021489,,0.0009636696540425942,0.007034788474510938,,0.0019273393080851884,,,,0.09675243326587646,,0.030259227136937458,0.0019273393080851884,0.0695769490218753,,0.0019273393080851884,0.0009636696540425942,,,0.0009636696540425942,,,0.003951045581574636,,,0.005011082201021489,0.09174135106485497,0.007998458128553532,,,0.0019273393080851884,0.002987375927532042,,0.07863544376987569,,,0.0009636696540425942,,,,,0.0009636696540425942,,,0.04134142815842729,0.0009636696540425942,,0.0009636696540425942,0.0019273393080851884,0.002987375927532042,,,,,0.0009636696540425942,0.0009636696540425942,0.0009636696540425942,0.0019273393080851884,,0.0009636696540425942,,0.0019273393080851884,,,0.005974751855064084,0.002987375927532042,0.010022164402042979
,0.0009636696540425942,,,0.0009636696540425942,0.43606051845427385,,0.02997012624072468,0.09607786450804665,0.0009636696540425942,0.004914715235617231,,0.0009636696540425942,0.0019273393080851884,,,,,,0.09511419485400405,,0.031030162860171535,,0.04403970318974656,0.0009636696540425942,,0.0009636696540425942,,,0.003951045581574636,,,0.0019273393080851884,,,0.004914715235617231,0.09405415823455719,0.002987375927532042,,,,0.0019273393080851884,,0.07102245350293919,,,,,,,,0.0009636696540425942,,,0.03700491471523562,0.0009636696540425942,0.0009636696540425942,0.0009636696540425942,,0.0019273393080851884,,,,0.0009636696540425942,,0.003951045581574636,,0.0019273393080851884,,,0.0009636696540425942,0.005974751855064084,0.0009636696540425942,,0.004914715235617231,0.0019273393080851884,0.00992579743663872
,0.004721981304808711,,,0.001830972342680929,0.42362917991712434,,0.035463043268767466,0.07381709549966271,,0.0037583116507661175,0.0008673026886383347,,0.001830972342680929,,0.0008673026886383347,,,,0.07381709549966271,,0.034499373614724875,0.001830972342680929,0.06234942661655585,,0.002794641996723523,0.001830972342680929,,,0.001830972342680929,,,0.004721981304808711,,,0.0066493206128939,0.08538113134817385,0.005685650958851306,,0.0008673026886383347,0.0008673026886383347,0.001830972342680929,,0.05849474800038547,0.002794641996723523,,0.001830972342680929,,,,,0.0008673026886383347,0.001830972342680929,,0.04317240050110822,0.002794641996723523,0.001830972342680929,0.0008673026886383347,,0.007612990266936494,,,0.001830972342680929,0.0008673026886383347,,0.002794641996723523,0.001830972342680929,0.001830972342680929,,,0.0008673026886383347,0.008576659920979088,0.002794641996723523,,0.004721981304808711,0.004721981304808711,0.015322347499277248
,0.0019273393080851884,,,0.008962127782596125,0.3242748385853329,,0.04317240050110822,0.1063891298063024,,0.006938421509106678,0.0009636696540425942,,0.007998458128553532,,,,,0.002987375927532042,0.09337958947672738,,0.021007998458128552,0.0019273393080851884,0.07632263660017347,,0.0009636696540425942,0.005011082201021489,,,0.0019273393080851884,,,0.0019273393080851884,,,0.005974751855064084,0.08528476438276959,0.002987375927532042,,,0.0019273393080851884,0.0009636696540425942,,0.06726414185217308,0.003951045581574636,,0.0009636696540425942,,,,0.0019273393080851884,,,0.0019273393080851884,0.07429893032668401,0.002987375927532042,,,,0.006938421509106678,,0.0019273393080851884,0.0019273393080851884,0.0009636696540425942,,0.0009636696540425942,0.0009636696540425942,0.0019273393080851884,,,0.0009636696540425942,0.008962127782596125,,,0.003951045581574636,0.005011082201021489,0.008962127782596125
,0.0009636696540425942,,0.0009636696540425942,0.00819119205936205,0.2899681989014167,0.002023706273489448,0.03488484147634191,0.1028235520863448,,0.0009636696540425942,,,0.011274934952298352,,0.0030837428929363013,,,,0.09761973595451479,,0.025633612797533005,0.005107449166425749,0.084321094728727,0.0061674857858726026,0.004047412546978896,0.002023706273489448,,,0.0030837428929363013,,,0.0030837428929363013,,,0.004047412546978896,0.084321094728727,0.004047412546978896,0.002023706273489448,,0.0030837428929363013,0.004047412546978896,,0.07709357232340754,0.0030837428929363013,,0.002023706273489448,,,,,0.002023706273489448,,0.0009636696540425942,0.07815360894285439,0.002023706273489448,,,,0.004047412546978896,0.002023706273489448,0.0009636696540425942,,,,,,0.005107449166425749,,,,0.007131155439915197,0.0009636696540425942,,0.0061674857858726026,0.004047412546978896,0.0163823841187241
,,,,0.005107449166425749,0.4291220969451671,0.0009636696540425942,0.020718897561915774,0.06736050881757734,,0.005107449166425749,,,0.007227522405319456,,0.004143779512383155,,,,0.0788281777006842,,0.027946419967235233,,0.07468439818830105,,0.005107449166425749,0.002023706273489448,,,0.002023706273489448,,,0.0030837428929363013,0.002023706273489448,,0.0030837428929363013,0.08191192059362051,0.004143779512383155,0.0030837428929363013,,,0.0030837428929363013,,0.0767081044617905,0.002023706273489448,,0.0009636696540425942,,,,,,,0.0009636696540425942,0.0372940156114484,0.002023706273489448,,,,0.0061674857858726026,,,0.0009636696540425942,,,,0.0009636696540425942,0.002023706273489448,,,0.0009636696540425942,0.009251228678808905,,,0.0061674857858726026,,0.022742603835405224
,0.004914715235617231,0.0009636696540425942,,0.009829430471234461,0.38411872410137804,,0.03160836465259709,0.08807940637949312,0.0019273393080851884,0.004914715235617231,,,0.008865760817191867,,0.0019273393080851884,,,,0.08008094825093957,,0.0296810253445119,,0.05435096848800231,,0.004914715235617231,0.0028910089621277824,,,0.0009636696540425942,,,0.0019273393080851884,,,0.006842054543702419,0.09790883685072757,0.004914715235617231,,,,0.004914715235617231,,0.06822781150621567,,,0.0019273393080851884,,,,0.0019273393080851884,0.0009636696540425942,,,0.03951045581574636,0.003951045581574636,0.0009636696540425942,,,0.0009636696540425942,,,0.0009636696540425942,,0.0009636696540425942,0.003951045581574636,0.0009636696540425942,0.0019273393080851884,0.0019273393080851884,,,0.02168256721595837,,,0.003951045581574636,0.0028910089621277824,0.015804182326298544
,0.004721981304808711,0.0008673026886383347,,0.0037583116507661175,0.4712344608268284,,0.023031704731618002,0.07208249012238604,0.0008673026886383347,0.001830972342680929,,,0.001830972342680929,,0.0008673026886383347,,,,0.08836850727570589,,0.03845041919629951,0.001830972342680929,0.047027079117278596,0.0008673026886383347,0.0008673026886383347,0.0037583116507661175,0.0008673026886383347,,0.002794641996723523,,,0.005685650958851306,,,0.0066493206128939,0.0797918473547268,0.004721981304808711,,,,,,0.052809097041534164,,,,,,,0.001830972342680929,,0.001830972342680929,,0.04317240050110822,0.0008673026886383347,,,0.0008673026886383347,,,,0.0008673026886383347,,0.001830972342680929,0.001830972342680929,,0.001830972342680929,,,,0.0037583116507661175,,,0.0066493206128939,0.0037583116507661175,0.015322347499277248
,0.001830972342680929,0.0008673026886383347,,0.003661944685361858,0.4065722270405704,,0.03922135491953358,0.08779030548328033,0.0008673026886383347,0.005589283993447046,,,0.004625614339404453,,0.004625614339404453,,,,0.07005878384889659,,0.03170473161800135,0.001830972342680929,0.07381709549966271,,0.003661944685361858,0.001830972342680929,0.001830972342680929,,0.0008673026886383347,,0.0008673026886383347,0.0064565866820853815,,,0.003661944685361858,0.08779030548328033,0.002794641996723523,,0.0008673026886383347,0.0008673026886383347,0.005589283993447046,,0.060711188204683436,,,,,,,0.0008673026886383347,,,0.0008673026886383347,0.04481063891298063,0.0008673026886383347,,,,0.002794641996723523,,,0.0008673026886383347,,,0.0008673026886383347,,0.001830972342680929,,,0.0008673026886383347,0.007420256336127975,,,0.002794641996723523,0.002794641996723523,0.02148983328514985
,0.0037583116507661175,0.0008673026886383347,,0.009443962609617423,0.3981883010503998,,0.038835887057916546,0.09193408499566348,,0.002794641996723523,,,0.010407632263660017,,0.001830972342680929,,,,0.07767177411583309,,0.031222896790980052,0.002794641996723523,0.04548520767081045,,0.007516623301532235,0.002794641996723523,,,,,0.0008673026886383347,0.0037583116507661175,,,0.001830972342680929,0.08528476438276959,0.005685650958851306,,0.0008673026886383347,,0.007516623301532235,,0.05868748193119399,0.001830972342680929,,,,,0.0037583116507661175,,,,,0.05868748193119399,,,,0.0008673026886383347,0.007516623301532235,,,0.001830972342680929,,0.0008673026886383347,0.002794641996723523,,0.001830972342680929,,,0.0008673026886383347,0.001830972342680929,0.0008673026886383347,,0.0037583116507661175,0.004721981304808711,0.01792425556519225
,0.0019273393080851884,0.0009636696540425942,0.0009636696540425942,0.0009636696540425942,0.31897465548809856,,0.04211236388166137,0.10340175387877036,0.0009636696540425942,0.003951045581574636,,,0.002987375927532042,,0.0009636696540425942,,,,0.12546978895634575,,0.02505541100510745,0.0009636696540425942,0.05415823455719379,,0.005011082201021489,0.002987375927532042,,,0.0009636696540425942,,,0.0009636696540425942,,,0.0019273393080851884,0.09135588320323793,0.003951045581574636,,,,0.0009636696540425942,,0.06822781150621567,0.005011082201021489,,0.0009636696540425942,,0.0019273393080851884,0.0009636696540425942,0.0009636696540425942,0.0009636696540425942,,,0.07131155439915197,,0.0009636696540425942,,0.0009636696540425942,0.003951045581574636,0.002987375927532042,,0.003951045581574636,,,0.003951045581574636,,,0.0009636696540425942,,,0.005974751855064084,0.005011082201021489,,0.003951045581574636,0.005011082201021489,0.020044328804085958
,0.0058783848896598245,,0.0009636696540425942,0.0019273393080851884,0.3050978124698853,,0.032379300375831165,0.10311265298255758,0.0009636696540425942,0.004818348270212971,,,0.012720439433362244,,0.0019273393080851884,,,,0.10706369856413221,,0.030451961067745975,0.0019273393080851884,0.09328322251132312,0.0019273393080851884,0.0028910089621277824,0.0009636696540425942,,,0.0058783848896598245,,,0.0019273393080851884,,,,0.06870964633323697,0.0028910089621277824,,0.0009636696540425942,,,,0.056952876553917314,0.0038546786161703767,0.0009636696540425942,0.0009636696540425942,,0.0028910089621277824,0.0009636696540425942,0.0009636696540425942,,,,0.09029584658379107,,,,,0.0009636696540425942,0.0097330635058302,,,,0.0028910089621277824,0.0019273393080851884,0.0009636696540425942,0.0038546786161703767,,,,0.007805724197745013,0.0009636696540425942,,0.004818348270212971,0.0058783848896598245,0.013684109087404838
,0.0038546786161703767,,,0.0038546786161703767,0.4537920400886576,,0.02129709935434133,0.07738267321962032,0.0038546786161703767,0.0038546786161703767,,,0.00674568757829816,,0.0019273393080851884,,,,0.08326105810928014,,0.035752144164980244,0.0019273393080851884,0.04452153801676785,0.0019273393080851884,0.004818348270212971,0.0019273393080851884,,,0.0019273393080851884,,,0.004818348270212971,,,0.0019273393080851884,0.05801291317336417,0.0028910089621277824,,,,0.0009636696540425942,0.0009636696540425942,0.05704924351932158,0.0019273393080851884,,,,,,,0.0009636696540425942,,0.0019273393080851884,0.04259419870868266,,,,,0.005782017924255565,0.00674568757829816,,0.0019273393080851884,0.0009636696540425942,0.0028910089621277824,0.0019273393080851884,0.005782017924255565,0.0028910089621277824,0.0009636696540425942,,,0.01156403584851113,,,0.004818348270212971,0.00674568757829816,0.02033342970029874
,0.004818348270212971,,,0.0038546786161703767,0.30085766599209784,,0.032379300375831165,0.0971379011274935,0.0028910089621277824,0.0038546786161703767,,,0.0038546786161703767,,,,,0.0009636696540425942,0.0833574250746844,,0.03334297002987376,0.0019273393080851884,0.06369856413221547,,0.0058783848896598245,0.0019273393080851884,,,0.0019273393080851884,,,0.0028910089621277824,,,0.0019273393080851884,0.11082201021489833,0.0019273393080851884,,,0.0009636696540425942,0.0019273393080851884,,0.07651537053098198,,,,,,,0.0009636696540425942,,,,0.09415052519996145,0.0009636696540425942,,,0.0009636696540425942,0.007805724197745013,,,,0.0009636696540425942,,0.004818348270212971,,0.0019273393080851884,0.0009636696540425942,,,0.023513539558639298,0.0009636696540425942,,0.004818348270212971,0.0028910089621277824,0.014647778741447431
,0.0030837428929363013,,0.002023706273489448,0.011274934952298352,0.23927917509877605,,0.039124987954129324,0.10831646911438758,0.002023706273489448,0.005107449166425749,,,0.0009636696540425942,,,,,,0.1258552568179628,,0.04741254697889564,0.004047412546978896,0.07015515081430086,0.0030837428929363013,0.0030837428929363013,0.004047412546978896,,,0.0009636696540425942,,,0.005107449166425749,,,0.0030837428929363013,0.08971764479136551,0.0030837428929363013,,0.0061674857858726026,,0.0009636696540425942,,0.07015515081430086,0.002023706273489448,,,,0.0009636696540425942,0.0009636696540425942,0.002023706273489448,0.002023706273489448,,0.0009636696540425942,0.07526259998072661,0.0009636696540425942,,,,0.01647875108412836,,,0.002023706273489448,,0.0009636696540425942,0.0009636696540425942,0.0009636696540425942,,,,,0.010311265298255759,,,0.005107449166425749,0.002023706273489448,0.027850053001830972
,0.003951045581574636,,0.0028910089621277824,0.0058783848896598245,0.2729112460248626,,0.04471427194757637,0.0904885805145996,0.0009636696540425942,0.0028910089621277824,,,0.0058783848896598245,,,,,,0.09443962609617423,,0.040763226366001735,0.0019273393080851884,0.06263852751276862,,0.003951045581574636,0.0019273393080851884,0.0009636696540425942,,0.0009636696540425942,,,0.004914715235617231,,,0.003951045581574636,0.09443962609617423,0.004914715235617231,,0.0019273393080851884,0.0009636696540425942,0.00992579743663872,,0.08846487424111014,0.003951045581574636,,,,0.0009636696540425942,0.0009636696540425942,0.0019273393080851884,0.0019273393080851884,,0.0009636696540425942,0.06263852751276862,0.0009636696540425942,,,,0.013876843018213356,,0.0009636696540425942,0.003951045581574636,,0.0009636696540425942,0.0009636696540425942,,0.0028910089621277824,,,,0.017827888599787994,0.0009636696540425942,,0.004914715235617231,0.0028910089621277824,0.027850053001830972
,0.005782017924255565,,0.0009636696540425942,0.0038546786161703767,0.3462465066975041,0.008673026886383347,0.03873952009251229,0.10475089139442999,0.0009636696540425942,0.0019273393080851884,,0.0009636696540425942,0.00674568757829816,,,,,,0.09019947961838681,,0.03777585043846969,0.0028910089621277824,0.06206032572034307,,0.00674568757829816,0.0028910089621277824,,,0.0038546786161703767,,0.0009636696540425942,0.004818348270212971,,,0.0028910089621277824,0.08923580996434423,0.0019273393080851884,,,,0.012527705502553724,,0.06302399537438566,0.0038546786161703767,,,,0.0038546786161703767,0.0009636696540425942,0.0019273393080851884,0.0009636696540425942,,,0.03199383251421413,0.0009636696540425942,0.0009636696540425942,,,0.01349137515659632,,,0.0009636696540425942,,0.0009636696540425942,,,0.0019273393080851884,0.0009636696540425942,,,0.007709357232340753,0.0009636696540425942,,0.0038546786161703767,0.007709357232340753,0.014551411776043173
,0.001830972342680929,,0.0008673026886383347,0.01493687963766021,0.22877517586971186,0.005589283993447046,0.05704924351932158,0.09453599306157849,0.004625614339404453,0.003661944685361858,,,0.012142237640936688,,0.0008673026886383347,,0.0008673026886383347,,0.13009540329575023,,0.03459574058012913,0.004625614339404453,0.05145995952587453,0.003661944685361858,0.007420256336127975,,,,0.0008673026886383347,,,0.001830972342680929,,,0.005589283993447046,0.09077768141081237,0.004625614339404453,,,0.0008673026886383347,,0.001830972342680929,0.06832417847161992,0.010214898332851498,0.0008673026886383347,0.002794641996723523,,0.003661944685361858,0.0008673026886383347,0.001830972342680929,0.0008673026886383347,,,0.08894670906813144,0.001830972342680929,,,,0.011178567986894093,0.001830972342680929,,0.0008673026886383347,,,0.0008673026886383347,,0.002794641996723523,,,,0.005589283993447046,,,0.00655295364748964,0.002794641996723523,0.02332080562783078
,0.002794641996723523,0.0008673026886383347,,0.0037583116507661175,0.2999903633034595,0.001830972342680929,0.04644887732485304,0.09212681892647201,0.0037583116507661175,0.0037583116507661175,0.001830972342680929,,0.005685650958851306,,0.002794641996723523,,,0.0008673026886383347,0.08634480100221643,,0.03315023609906524,0.001830972342680929,0.06928784812566252,0.0008673026886383347,0.002794641996723523,,,,,,,0.00655295364748964,0.0008673026886383347,,0.004721981304808711,0.058880215862002504,0.0008673026886383347,,,0.0008673026886383347,0.0037583116507661175,0.0008673026886383347,0.0854774983135781,0.007516623301532235,,0.001830972342680929,,0.001830972342680929,,0.0008673026886383347,0.002794641996723523,,0.001830972342680929,0.06263852751276862,0.002794641996723523,0.001830972342680929,,,0.010407632263660017,0.002794641996723523,0.001830972342680929,0.002794641996723523,,0.0008673026886383347,,,0.002794641996723523,,,0.0008673026886383347,0.00848029295557483,0.004721981304808711,0.001830972342680929,0.004721981304808711,0.012334971571745205,0.03796858436927821
,0.001830972342680929,0.0008673026886383347,0.0008673026886383347,0.002794641996723523,0.4585140213934664,0.004721981304808711,0.03517394237255469,0.07034788474510938,0.007612990266936494,0.001830972342680929,,,0.004721981304808711,,0.0037583116507661175,,,0.0008673026886383347,0.06090392213549195,0.0037583116507661175,0.025633612797533005,,0.03613761202659728,0.002794641996723523,0.0066493206128939,0.0008673026886383347,,,0.0008673026886383347,,,0.0037583116507661175,,,0.015225980533872988,0.05801291317336417,0.0037583116507661175,,,,0.004721981304808711,,0.049436253252385085,0.007612990266936494,,0.002794641996723523,,0.002794641996723523,0.0008673026886383347,0.001830972342680929,0.0008673026886383347,,0.0008673026886383347,0.050399922906427676,,0.001830972342680929,,0.0008673026886383347,0.004721981304808711,0.002794641996723523,0.0008673026886383347,0.0037583116507661175,,0.0008673026886383347,0.0008673026886383347,,0.002794641996723523,0.0008673026886383347,,0.0008673026886383347,0.00848029295557483,0.001830972342680929,,0.004721981304808711,0.004721981304808711,0.02466994314349041
,0.002794641996723523,0.0008673026886383347,0.0008673026886383347,0.001830972342680929,0.4807747904018502,0.001830972342680929,0.04664161125566156,0.06948058205647104,0.0008673026886383347,0.0037583116507661175,,,0.0008673026886383347,,0.011371301917702612,,,0.002794641996723523,0.06948058205647104,,0.027560952105618194,,0.04953262021778934,0.001830972342680929,0.0066493206128939,,0.0008673026886383347,,0.001830972342680929,,,0.004721981304808711,,,0.002794641996723523,0.04953262021778934,0.001830972342680929,,,,0.0037583116507661175,0.0008673026886383347,0.04182326298544859,0.001830972342680929,,,0.0008673026886383347,0.0037583116507661175,0.0008673026886383347,0.0008673026886383347,,,0.0008673026886383347,0.04471427194757637,,,,,0.014262310879830395,0.0008673026886383347,,0.001830972342680929,,0.0008673026886383347,0.0008673026886383347,,0.001830972342680929,,,,0.007612990266936494,0.001830972342680929,,0.0037583116507661175,0.0066493206128939,0.01802062253059651
,0.0019273393080851884,0.0009636696540425942,,0.006938421509106678,0.3411390575310783,,0.025729979762937265,0.10012527705502554,,0.0028910089621277824,,0.0019273393080851884,0.003951045581574636,,,,,,0.10503999229064277,,0.03363207092608654,0.0019273393080851884,0.06736050881757734,,0.0009636696540425942,0.0009636696540425942,,,,,,0.0009636696540425942,,,,0.07728630625421605,0.003951045581574636,,,,0.0019273393080851884,,0.08123735183579069,,,,0.0019273393080851884,0.0058783848896598245,,0.0009636696540425942,0.0009636696540425942,0.0009636696540425942,,0.06938421509106678,,,,,0.01185313674472391,,,0.0028910089621277824,,,0.0009636696540425942,,0.0019273393080851884,,,,0.01676785198034114,,,0.008865760817191867,0.0009636696540425942,0.01484051267225595
,0.002987375927532042,0.0009636696540425942,0.0009636696540425942,0.002987375927532042,0.3125180688060132,,0.029295557482894863,0.10426905656740869,,0.006071118820468344,,0.0009636696540425942,0.002023706273489448,,0.002023706273489448,,,0.002023706273489448,0.10224535029391925,,0.03845041919629951,0.002023706273489448,0.06986604991808808,,0.002023706273489448,,,,0.0009636696540425942,,,0.002987375927532042,,,0.002987375927532042,0.08306832417847163,0.002987375927532042,,,,0.006071118820468344,,0.07690083839259902,,,,0.0009636696540425942,0.006071118820468344,,,0.008094825093957791,,,0.07487713211910957,,,,,0.01011853136744724,,,0.007034788474510938,,0.0009636696540425942,0.0009636696540425942,,0.002023706273489448,0.002987375927532042,,,0.009058494748000386,0.0009636696540425942,,0.004047412546978896,0.004047412546978896,0.01011853136744724
,0.0028910089621277824,0.0009636696540425942,0.0009636696540425942,0.005782017924255565,0.3325623976100993,,0.030837428929363014,0.10417268960200443,0.0028910089621277824,0.0019273393080851884,,0.0009636696540425942,0.004818348270212971,,0.0009636696540425942,,,,0.10417268960200443,,0.03661944685361858,0.0019273393080851884,0.06273489447817288,0.0009636696540425942,0.0038546786161703767,0.0009636696540425942,,,0.0009636696540425942,,,0.0019273393080851884,,,0.0009636696540425942,0.10995470752625999,0.004818348270212971,,0.0009636696540425942,,0.005782017924255565,,0.06562590344030067,0.0019273393080851884,,,0.0028910089621277824,0.0009636696540425942,,,0.004818348270212971,,,0.05791654620795991,0.0009636696540425942,,0.0009636696540425942,,0.004818348270212971,,,,,0.0009636696540425942,0.0009636696540425942,,0.0009636696540425942,,,,0.0038546786161703767,0.0009636696540425942,,0.00674568757829816,0.0009636696540425942,0.017346053772766695
,0.0038546786161703767,0.0009636696540425942,,0.0019273393080851884,0.21798207574443484,,0.04355786836272526,0.12402428447528187,0.0028910089621277824,0.007709357232340753,,,0.014455044810638912,,,,,0.0009636696540425942,0.11429122096945167,0.0028910089621277824,0.04548520767081045,0.0019273393080851884,0.04644887732485304,,0.0038546786161703767,0.0009636696540425942,,,0.0009636696540425942,0.0009636696540425942,,0.0009636696540425942,,,,0.09106678230702515,0.00674568757829816,,,,0.0028910089621277824,0.0009636696540425942,0.09492146092319553,0.0019273393080851884,,0.005782017924255565,0.0009636696540425942,0.0009636696540425942,,,0.0019273393080851884,,,0.09395779126915293,,,0.0019273393080851884,,0.02129709935434133,,,0.0019273393080851884,,0.0019273393080851884,0.0009636696540425942,,,,,,0.004818348270212971,,,0.00674568757829816,0.005782017924255565,0.015418714464681507
,0.004721981304808711,0.0008673026886383347,,0.0008673026886383347,0.24824130288137214,0.005685650958851306,0.04905078539076804,0.13183000867302688,,0.011467668883106871,,,0.01821335646140503,,0.0008673026886383347,,,,0.08364652597089718,0.005685650958851306,0.017249686807362438,0.0008673026886383347,0.08364652597089718,0.001830972342680929,0.008576659920979088,0.0008673026886383347,,,0.0008673026886383347,0.001830972342680929,,0.0008673026886383347,,,,0.0778645080466416,0.002794641996723523,,0.001830972342680929,,0.002794641996723523,0.0008673026886383347,0.06350583020140696,0.001830972342680929,,0.004721981304808711,,0.0008673026886383347,,,0.001830972342680929,,0.0008673026886383347,0.10773826732196203,,,0.0037583116507661175,,0.009540329575021683,0.0008673026886383347,0.0008673026886383347,0.0008673026886383347,,0.001830972342680929,,,,0.0008673026886383347,,,0.005685650958851306,0.0008673026886383347,,0.0066493206128939,0.0066493206128939,0.016286017153319843
,0.003951045581574636,,,0.005974751855064084,0.37862580707333504,0.003951045581574636,0.02495904403970319,0.08489929652115255,0.0019273393080851884,0.0019273393080851884,,,0.011949503710128168,,,,,,0.08788667244868459,0.005974751855064084,0.023899007420256337,0.0009636696540425942,0.04490700587838489,0.0019273393080851884,0.0019273393080851884,0.0009636696540425942,,,0.0009636696540425942,0.0009636696540425942,,0.0019273393080851884,,0.0009636696540425942,0.005974751855064084,0.0828755902476631,,,0.0009636696540425942,0.0009636696540425942,0.004914715235617231,0.0009636696540425942,0.05994025248144936,0.002987375927532042,,0.0009636696540425942,,0.0009636696540425942,0.0009636696540425942,,0.0019273393080851884,,,0.07584080177315217,0.0009636696540425942,,0.002987375927532042,0.002987375927532042,0.015900549291702804,0.0019273393080851884,,0.0009636696540425942,,0.0019273393080851884,0.0009636696540425942,0.0009636696540425942,,0.0009636696540425942,,,0.00992579743663872,,,0.002987375927532042,0.005974751855064084,0.018887925219234845
,0.007516623301532235,,,0.004721981304808711,0.322058398381035,0.005589283993447046,0.03305386913366098,0.09549966271562109,0.001830972342680929,,,,0.011274934952298352,,0.0008673026886383347,,,,0.09077768141081237,0.0008673026886383347,0.032090199479618386,0.0008673026886383347,0.08037004914715236,0.001830972342680929,0.002794641996723523,0.0008673026886383347,,0.0008673026886383347,0.002794641996723523,,,0.001830972342680929,,0.001830972342680929,0.002794641996723523,0.09742700202370627,0.001830972342680929,,,,0.0037583116507661175,,0.0557964729690662,,,0.0008673026886383347,,0.001830972342680929,,0.0008673026886383347,0.001830972342680929,,,0.06996241688349233,,0.0008673026886383347,0.0037583116507661175,,0.007516623301532235,,0.0008673026886383347,0.004721981304808711,,,,,,0.0008673026886383347,,,0.01792425556519225,,,0.007516623301532235,0.0008673026886383347,0.01792425556519225
,0.011756769779319649,0.0009636696540425942,,0.006842054543702419,0.2933410426905656,0.0058783848896598245,0.04336513443191674,0.09068131444540811,,,,,0.0058783848896598245,,0.0019273393080851884,0.0009636696540425942,,,0.11641129420834538,,0.04827984966753397,0.0038546786161703767,0.06899874722944975,0.004914715235617231,0.004914715235617231,,0.0019273393080851884,,0.0009636696540425942,,,0.0019273393080851884,,0.0009636696540425942,0.0009636696540425942,0.10157078153608942,0.0009636696540425942,,,,0.0058783848896598245,,0.06504770164787511,,,0.0019273393080851884,,0.0009636696540425942,0.0019273393080851884,,0.0009636696540425942,,,0.04827984966753397,0.0009636696540425942,,0.0038546786161703767,,0.010793100125277054,,0.0009636696540425942,0.004914715235617231,,0.0009636696540425942,,,,0.0009636696540425942,,,0.019658860942468923,,,0.0058783848896598245,,0.007805724197745013
,0.002023706273489448,,0.0009636696540425942,0.015129613568468729,0.32196203141563073,0.002987375927532042,0.05165269345668305,0.09935434133179147,0.002023706273489448,,,,0.004047412546978896,,0.0009636696540425942,,,0.0009636696540425942,0.09935434133179147,,0.03141563072178857,0.004047412546978896,0.06485496771706659,0.002023706273489448,0.002023706273489448,,0.0009636696540425942,,,,,0.002987375927532042,,0.0009636696540425942,,0.08306832417847163,0.002987375927532042,,,,0.004047412546978896,,0.08615206707140792,0.0009636696540425942,,0.0009636696540425942,,0.002023706273489448,,,0.002023706273489448,,,0.05165269345668305,0.002023706273489448,,0.004047412546978896,,0.017153319841958177,,0.0009636696540425942,0.0009636696540425942,,0.002987375927532042,0.002023706273489448,,,0.0009636696540425942,,,0.002023706273489448,,,0.002023706273489448,0.002023706273489448,0.01821335646140503
,0.007805724197745013,0.0009636696540425942,,0.007805724197745013,0.36966367929073907,0.0019273393080851884,0.03440300664932061,0.08461019562493977,0.0019273393080851884,,,,0.006842054543702419,,0.0009636696540425942,,,,0.08461019562493977,,0.037390382576852656,0.0058783848896598245,0.04423243712055507,,0.0019273393080851884,0.0009636696540425942,,0.0009636696540425942,0.0009636696540425942,,0.0009636696540425942,,,0.0009636696540425942,,0.10822010214898332,0.0028910089621277824,,,0.0019273393080851884,0.004914715235617231,0.0009636696540425942,0.07179338922617327,0.004914715235617231,,,,0.0009636696540425942,,0.0019273393080851884,0.0019273393080851884,,0.0019273393080851884,0.05704924351932158,0.0038546786161703767,,,,0.015707815360894287,,0.0009636696540425942,,,0.0009636696540425942,0.0009636696540425942,0.0009636696540425942,,,,,0.0009636696540425942,0.0038546786161703767,,0.0038546786161703767,0.0009636696540425942,0.011756769779319649
0.005011082201021489,0.004047412546978896,0.0009636696540425942,,0.004047412546978896,0.2666473932735859,,0.04856895056374675,0.11833863351643056,0.0009636696540425942,0.0009636696540425942,,,0.012142237640936688,,0.0009636696540425942,,,,0.10523272622145129,,0.03334297002987376,0.002987375927532042,0.05155632649127879,,0.004047412546978896,,0.002023706273489448,0.0009636696540425942,0.002023706273489448,,,,,0.0009636696540425942,,0.10619639587549388,0.004047412546978896,,,0.002023706273489448,0.002987375927532042,,0.08297195721306735,0.005011082201021489,,0.002987375927532042,,0.002023706273489448,0.0009636696540425942,0.009058494748000386,0.0009636696540425942,,,0.06572227040570493,0.0009636696540425942,,,,0.01011853136744724,0.0009636696540425942,,,,,0.0009636696540425942,,,0.004047412546978896,,,0.002987375927532042,0.0009636696540425942,0.0009636696540425942,0.006071118820468344,,0.021200732388937073
,0.002023706273489448,0.0009636696540425942,,0.006071118820468344,0.2429411197841379,,0.04721981304808712,0.15100703478847452,0.0009636696540425942,0.005107449166425749,,,0.005107449166425749,,0.002023706273489448,,,,0.09655969933506794,,0.022549869904596703,0.005107449166425749,0.07805724197745013,0.002987375927532042,0.004047412546978896,0.0009636696540425942,0.002023706273489448,,0.002023706273489448,,,0.0009636696540425942,,,,0.07805724197745013,0.004047412546978896,,,0.0009636696540425942,0.004047412546978896,,0.035944878095788765,0.002987375927532042,,0.004047412546978896,,0.002023706273489448,,0.006071118820468344,0.004047412546978896,,,0.10889467090681315,0.002023706273489448,,0.0009636696540425942,,0.017442420738170955,,,0.002023706273489448,,0.0009636696540425942,0.002987375927532042,,0.002023706273489448,0.004047412546978896,,,0.009154861713404645,0.0009636696540425942,,0.005107449166425749,0.004047412546978896,0.01840609039221355
,0.005011082201021489,0.0009636696540425942,,0.007131155439915197,0.4065722270405705,0.0009636696540425942,0.02852462175966079,0.07641900356557772,0.0009636696540425942,0.002023706273489448,,,0.004047412546978896,,0.0009636696540425942,,0.0009636696540425942,0.0009636696540425942,0.07237159101859883,,0.019369760046256145,0.002987375927532042,0.05097812469885323,0.0009636696540425942,0.002987375927532042,0.002023706273489448,0.002023706273489448,,,,,,,0.0009636696540425942,0.0009636696540425942,0.06822781150621567,0.0009636696540425942,,,,0.005011082201021489,,0.045870675532427484,0.002023706273489448,,0.002023706273489448,,0.0009636696540425942,0.0009636696540425942,,0.002023706273489448,,0.0009636696540425942,0.1253734219909415,0.004047412546978896,,0.0009636696540425942,,0.014262310879830395,,,0.0009636696540425942,,0.002023706273489448,,,,0.005011082201021489,0.0009636696540425942,,0.004047412546978896,0.0009636696540425942,,0.006071118820468344,0.002987375927532042,0.012142237640936688
,0.0058783848896598245,0.0028910089621277824,,0.0058783848896598245,0.37004914715235615,0.0019273393080851884,0.03151199768719283,0.09260865375349331,0.0038546786161703767,,,,0.0038546786161703767,,0.0009636696540425942,,,,0.08962127782596126,,0.025537245832128748,0.0038546786161703767,0.04827984966753397,0.0038546786161703767,0.0019273393080851884,,,,0.0019273393080851884,,,,0.0009636696540425942,,0.0028910089621277824,0.08865760817191867,0.0009636696540425942,,,0.0009636696540425942,0.007805724197745013,,0.05117085862966175,,,,,0.0019273393080851884,,,0.0028910089621277824,,0.0009636696540425942,0.08567023224438662,0.0028910089621277824,,,0.0009636696540425942,0.008865760817191867,,,0.0038546786161703767,,0.0009636696540425942,0.0009636696540425942,0.0009636696540425942,0.0009636696540425942,0.0009636696540425942,0.0019273393080851884,,0.013780476052809097,,,0.004914715235617231,,0.018695191288426328
,0.007034788474510938,0.0019273393080851884,,0.005974751855064084,0.316565481352992,0.0009636696540425942,0.0403777585043847,0.09887250650477017,0.005011082201021489,,,,0.003951045581574636,,,,,,0.09386142430374868,,0.02322443866242652,0.003951045581574636,0.054447335453406576,0.002987375927532042,0.002987375927532042,0.002987375927532042,,,0.0019273393080851884,,,,,,0.0019273393080851884,0.11409848703864316,0.0009636696540425942,,,,0.0009636696540425942,,0.06658957309434325,0.0009636696540425942,,0.003951045581574636,,0.0009636696540425942,0.0019273393080851884,,,,,0.07969548038932255,0.0019273393080851884,,,,0.005974751855064084,,,0.003951045581574636,,0.0019273393080851884,,,,0.0009636696540425942,0.0009636696540425942,,0.020140695769490218,,,0.005974751855064084,0.0009636696540425942,0.01811698949600077
,0.002987375927532042,0.002023706273489448,,0.007131155439915197,0.31203623397899205,,0.052327262214512865,0.11814589958562205,0.005107449166425749,,,0.0009636696540425942,0.010214898332851498,,,,,,0.09752336898911053,,0.020526163631107257,0.002987375927532042,0.044136070155150815,0.004047412546978896,0.006071118820468344,,0.002987375927532042,,0.0009636696540425942,,,,,0.0009636696540425942,0.002023706273489448,0.09858340560855738,0.004047412546978896,,0.0009636696540425942,,,0.002023706273489448,0.07082971957213068,,,0.0009636696540425942,,0.0009636696540425942,0.002987375927532042,0.002023706273489448,,,,0.06157849089332177,0.004047412546978896,,0.0009636696540425942,,0.010214898332851498,,,0.004047412546978896,,0.002987375927532042,0.002987375927532042,,,0.0009636696540425942,0.0009636696540425942,,0.004047412546978896,,,0.006071118820468344,0.002023706273489448,0.022549869904596703
,0.009154861713404645,,,0.011178567986894093,0.25334875204779794,0.0009636696540425942,0.05300183097234268,0.12132600944396262,0.004047412546978896,,,,0.006071118820468344,,,,,,0.07950274645851402,,0.037679483473065434,0.002023706273489448,0.06620410523272623,0.006071118820468344,0.002987375927532042,,,,0.002023706273489448,,,,,,0.002023706273489448,0.10908740483762167,0.0009636696540425942,,0.0009636696540425942,,0.005011082201021489,0.002987375927532042,0.07333526067264141,0.002023706273489448,,0.002023706273489448,,0.002987375927532042,0.005011082201021489,,,0.0009636696540425942,0.0009636696540425942,0.07747904018502458,0.002023706273489448,,0.0009636696540425942,,0.014262310879830395,0.002023706273489448,0.002023706273489448,0.002987375927532042,,0.0009636696540425942,0.0009636696540425942,,,0.0009636696540425942,,,0.006071118820468344,,,0.005011082201021489,0.004047412546978896,0.016286017153319843
,0.004047412546978896,,0.002023706273489448,0.007131155439915197,0.21345282837043444,,0.06109665606630047,0.10706369856413221,0.002023706273489448,0.002987375927532042,,,0.006071118820468344,,,,,,0.11313481738460056,,0.03363207092608654,0.002987375927532042,0.07333526067264141,0.0009636696540425942,0.009154861713404645,,0.0009636696540425942,,0.002987375927532042,,,,,,0.009154861713404645,0.10089621277825961,0.0009636696540425942,0.0009636696540425942,0.004047412546978896,0.0009636696540425942,0.002023706273489448,,0.07034788474510938,0.002023706273489448,,0.0009636696540425942,,0.002987375927532042,,,,,0.0009636696540425942,0.09684880023128072,0.002987375927532042,,,,0.008094825093957791,0.006071118820468344,0.0009636696540425942,0.0009636696540425942,,,0.002023706273489448,0.002023706273489448,,,,,0.002987375927532042,0.002023706273489448,,0.004047412546978896,,0.03160836465259709
,0.005011082201021489,,0.0009636696540425942,0.005011082201021489,0.2305097812469884,,0.0531945649031512,0.11246024862677075,0.002987375927532042,0.005011082201021489,,,0.010022164402042979,,,,,0.002987375927532042,0.11140021200732389,,0.03305386913366098,0.0019273393080851884,0.06620410523272623,,0.006938421509106678,,0.0009636696540425942,,0.0009636696540425942,,,,,,0.002987375927532042,0.08836850727570589,0.0019273393080851884,,0.0009636696540425942,0.0009636696540425942,0.002987375927532042,,0.0531945649031512,0.0019273393080851884,,0.002987375927532042,,0.007998458128553532,,,0.0009636696540425942,,,0.09135588320323793,0.0019273393080851884,,,,0.013973209983617617,0.005011082201021489,0.0009636696540425942,0.003951045581574636,,,,,,,0.007998458128553532,0.0019273393080851884,0.008962127782596125,0.002987375927532042,,0.002987375927532042,0.0009636696540425942,0.04211236388166137
,0.005011082201021489,,0.0009636696540425942,0.006071118820468344,0.3768912016960585,,0.03459574058012913,0.06928784812566252,0.002987375927532042,0.0009636696540425942,,0.002023706273489448,0.008094825093957791,,,,,,0.07131155439915197,,0.030548328033150236,0.002987375927532042,0.05097812469885323,,0.004047412546978896,,,,0.002987375927532042,,,0.0009636696540425942,,,0.0009636696540425942,0.08258648935145033,0.0009636696540425942,,,,0.0009636696540425942,,0.05300183097234268,0.002023706273489448,,0.004047412546978896,,0.012142237640936688,,,0.0009636696540425942,,,0.10397995567119592,0.0009636696540425942,,,,0.005011082201021489,0.002987375927532042,0.0009636696540425942,0.007131155439915197,,0.0009636696540425942,0.0009636696540425942,,,,0.004047412546978896,,0.01011853136744724,0.0009636696540425942,,0.0009636696540425942,,0.032572034306639686
,0.0064565866820853815,,,0.0064565866820853815,0.3169509492146091,,0.03999229064276766,0.10716006552953647,,,,,0.010793100125277054,,0.0010600366194468537,,,0.0010600366194468537,0.09415052519996145,,0.0368121807844271,0.004240146477787415,0.06495133468247084,,0.0097330635058302,,0.0021200732388937074,,0.0010600366194468537,0.004240146477787415,,0.005396550062638527,,,0.005396550062638527,0.07574443480774791,0.0010600366194468537,,,,0.0021200732388937074,,0.063891298063024,,,0.0010600366194468537,,0.0097330635058302,,0.0021200732388937074,0.003180109858340561,,,0.08229738845523754,,,,,0.005396550062638527,0.003180109858340561,,,,0.004240146477787415,0.0010600366194468537,,,,,,0.0064565866820853815,0.0021200732388937074,,0.0021200732388937074,,0.016189650187915582
,0.00337284378914908,,0.0010600366194468537,0.0010600366194468537,0.30500144550448105,,0.0327647682374482,0.0961742314734509,0.00337284378914908,,,,0.0022164402042979666,,0.0010600366194468537,0.0010600366194468537,,,0.10417268960200443,,0.0372940156114484,0.00337284378914908,0.07246795798400309,0.004529247374000193,0.004529247374000193,,,,,,0.0010600366194468537,0.004529247374000193,0.0022164402042979666,,0.004529247374000193,0.09964344222800424,0.0010600366194468537,,,,,,0.07699720535800328,,,,,0.009058494748000386,,,0.0022164402042979666,,,0.08942854389515274,,,,0.0022164402042979666,0.005589283993447046,0.0010600366194468537,,0.0022164402042979666,,0.0010600366194468537,0.0022164402042979666,,,0.004529247374000193,,,0.004529247374000193,0.0022164402042979666,,0.0010600366194468537,,0.009058494748000386
,0.004143779512383155,,0.0009636696540425942,0.005203816131830009,0.29921942758022546,,0.040955960296810257,0.1018598824323022,,,,,0.00838392599017057,,,,,0.0009636696540425942,0.1018598824323022,,0.03247566734123542,0.0030837428929363013,0.07034788474510938,0.0030837428929363013,0.002023706273489448,0.002023706273489448,,,,0.002023706273489448,,0.002023706273489448,,,0.011467668883106871,0.06504770164787511,0.0009636696540425942,,,,,,0.09241591982268478,,,0.0009636696540425942,,0.00838392599017057,,,,,,0.0997398091934085,,,,,0.012527705502553724,0.0009636696540425942,,0.0030837428929363013,,0.0009636696540425942,0.0009636696540425942,,,,,,0.00838392599017057,,,0.002023706273489448,0.005203816131830009,0.006263852751276862
,0.007516623301532235,,,0.005300183097234268,0.23812277151392502,0.0021200732388937074,0.03652307988821432,0.12055507372072853,0.0010600366194468537,0.0010600366194468537,,,0.004240146477787415,,0.007516623301532235,0.0021200732388937074,,0.0010600366194468537,0.10764190035655777,0.0010600366194468537,0.031222896790980052,0.0021200732388937074,0.06668594005974753,0.003180109858340561,0.0021200732388937074,0.005300183097234268,,,0.0021200732388937074,0.0021200732388937074,,,,0.0010600366194468537,0.0010600366194468537,0.08721210369085478,0.0021200732388937074,,,0.0010600366194468537,0.01503324660306447,,0.0807555170087694,0.004240146477787415,,,0.0010600366194468537,0.007516623301532235,,,0.004240146477787415,,,0.07959911342391827,,0.0010600366194468537,,0.0010600366194468537,0.037679483473065434,0.003180109858340561,,0.0010600366194468537,,0.0010600366194468537,0.003180109858340561,,,,,,0.0010600366194468537,,,0.0021200732388937074,0.0010600366194468537,0.011756769779319649
,0.003180109858340561,,0.0021200732388937074,0.00848029295557483,0.2835116122193312,,0.03951045581574636,0.1068709646333237,,,,,0.00848029295557483,,0.003180109858340561,0.0010600366194468537,,,0.12508432109472872,,0.028813722655873567,0.0021200732388937074,0.06630047219813048,,0.005300183097234268,0.003180109858340561,,,0.0021200732388937074,,0.0010600366194468537,,,,0.004240146477787415,0.0854774983135781,0.0010600366194468537,,,,0.006360219716681122,,0.07805724197745013,0.0021200732388937074,,,,0.0010600366194468537,,,0.0021200732388937074,,,0.09511419485400405,,0.0010600366194468537,,0.0010600366194468537,0.004240146477787415,0.0010600366194468537,,0.0010600366194468537,,,,,,,,,0.010600366194468537,,,0.0010600366194468537,,0.013876843018213356
,0.0021200732388937074,0.0021200732388937074,,0.012720439433362244,0.2059362050689023,0.0021200732388937074,0.04471427194757637,0.1140021200732389,0.003180109858340561,,,,0.009540329575021683,,0.013780476052809097,0.004240146477787415,,,0.1182422665510263,,0.01811698949600077,0.003180109858340561,0.09694516719668497,,0.004240146477787415,0.0021200732388937074,,,0.0021200732388937074,,0.0021200732388937074,,,,0.007420256336127975,0.06177122482413029,0.0021200732388937074,,,,0.0021200732388937074,,0.08094825093957791,0.004240146477787415,0.0010600366194468537,0.004240146477787415,0.0010600366194468537,0.0010600366194468537,0.0010600366194468537,0.0021200732388937074,,0.0010600366194468537,,0.10870193697600462,,,0.0010600366194468537,,0.006360219716681122,0.0021200732388937074,0.0010600366194468537,0.005300183097234268,,0.0010600366194468537,,0.0010600366194468537,,0.0010600366194468537,,,0.024477209212681893,,0.0021200732388937074,0.0010600366194468537,0.0010600366194468537,0.01166040281391539
,0.0010600366194468537,,0.004240146477787415,0.003180109858340561,0.4084031993832514,,0.034017538787703576,0.12113327551315409,0.003180109858340561,,,0.003180109858340561,0.00848029295557483,,,,,0.0010600366194468537,0.07015515081430086,,0.030837428929363014,0.0021200732388937074,0.04779801484051267,,0.012720439433362244,0.003180109858340561,,,0.0010600366194468537,,0.0010600366194468537,,,,0.004240146477787415,0.05203816131830009,0.0021200732388937074,,,0.0010600366194468537,0.007420256336127975,,0.04779801484051267,0.004240146477787415,0.0010600366194468537,,,0.003180109858340561,,,,,0.0010600366194468537,0.06485496771706659,,,,,0.005300183097234268,0.0010600366194468537,0.0010600366194468537,0.010600366194468537,,0.004240146477787415,0.0021200732388937074,,,,0.0021200732388937074,,0.015900549291702804,,,0.005300183097234268,,0.006360219716681122
,0.0030837428929363013,,0.002023706273489448,0.0030837428929363013,0.3211910956923967,,0.031897465548809865,0.08750120458706755,,,,0.0009636696540425942,0.005107449166425749,,0.0009636696540425942,,,,0.11429122096945167,,0.031897465548809865,0.0009636696540425942,0.057627445311747134,0.0009636696540425942,0.0009636696540425942,0.0009636696540425942,,,0.002023706273489448,,0.0009636696540425942,,,,0.002023706273489448,0.1018598824323022,0.0009636696540425942,,,,0.004047412546978896,,0.07198612315698179,,,0.0030837428929363013,,0.0009636696540425942,,,,,,0.08846487424111014,,,0.0009636696540425942,0.0009636696540425942,0.011274934952298352,0.0009636696540425942,,0.0009636696540425942,,,0.004047412546978896,,,0.002023706273489448,,,0.017442420738170955,,,0.002023706273489448,0.0009636696540425942,0.01850245735761781
,0.005300183097234268,0.0010600366194468537,,,0.35337766213741917,,0.03825768526549099,0.08827214031030163,,,,,0.012720439433362244,,0.0010600366194468537,,,,0.10108894670906814,,0.046834345186470075,0.0010600366194468537,0.06813144454081141,0.004240146477787415,0.003180109858340561,,,,0.0010600366194468537,,0.0010600366194468537,,,0.0010600366194468537,0.0010600366194468537,0.08191192059362051,,,,0.0010600366194468537,0.0010600366194468537,0.0021200732388937074,0.07131155439915197,,,0.003180109858340561,,0.0010600366194468537,,0.0010600366194468537,,,,0.07237159101859883,,,0.0010600366194468537,0.0010600366194468537,0.004240146477787415,,,,,0.0010600366194468537,0.0021200732388937074,,,,,,0.009540329575021683,,,0.003180109858340561,,0.013780476052809097
,0.0022164402042979666,,,0.00327647682374482,0.3550159005492918,,0.04317240050110822,0.08865760817191867,0.004432880408595933,,,,0.004432880408595933,,,,,,0.10744916642574925,,0.02987375927532042,0.0010600366194468537,0.05541100510744917,0.005492917028042787,0.00327647682374482,,0.0022164402042979666,,0.00327647682374482,,,,,0.0010600366194468537,,0.08865760817191867,0.0010600366194468537,,,,0.0010600366194468537,0.0022164402042979666,0.06206032572034307,,0.0022164402042979666,0.00327647682374482,,0.0010600366194468537,,,0.0010600366194468537,,0.0010600366194468537,0.09415052519996145,,,,,0.005492917028042787,,,0.0022164402042979666,,,0.0010600366194468537,,,0.0010600366194468537,,,0.0010600366194468537,0.00327647682374482,,0.00327647682374482,0.0022164402042979666,0.012142237640936688
,0.00327647682374482,,0.0022164402042979666,0.004432880408595933,0.2225113231184349,0.0022164402042979666,0.05560373903825769,0.11467668883106871,0.0022164402042979666,0.0010600366194468537,,0.0010600366194468537,0.007709357232340753,,0.0022164402042979666,0.0022164402042979666,,0.0022164402042979666,0.10349812084417462,,0.03228293341042691,0.0010600366194468537,0.0567601426231088,0.0066493206128939,0.007709357232340753,0.0010600366194468537,,,0.00327647682374482,,,,,,0.00327647682374482,0.11246024862677075,0.005492917028042787,,,,0.0132986412257878,0.0022164402042979666,0.06678230702515178,0.004432880408595933,,0.00327647682374482,,0.0010600366194468537,,,0.00327647682374482,,,0.08788667244868459,,,,,0.007709357232340753,,,0.0010600366194468537,,0.0022164402042979666,0.0022164402042979666,,0.0010600366194468537,0.00327647682374482,0.00327647682374482,,0.012238604606340946,0.0010600366194468537,,0.007709357232340753,0.0010600366194468537,0.017731521634383733
,0.004240146477787415,0.0010600366194468537,,0.007516623301532235,0.30403777585043845,,0.0389322540233208,0.112556615592175,,0.0021200732388937074,,,0.0064565866820853815,,0.004240146477787415,,,,0.0930904885805146,0.0010600366194468537,0.02813915389804375,,0.06813144454081141,0.004240146477787415,0.0097330635058302,,0.0010600366194468537,,0.0010600366194468537,,,,,0.0010600366194468537,0.0021200732388937074,0.08008094825093957,,,,,,,0.07574443480774791,0.005396550062638527,,0.003180109858340561,,,,,,,0.0021200732388937074,0.10503999229064277,,,,,0.005396550062638527,,,0.0021200732388937074,,,,,0.0010600366194468537,0.003180109858340561,,,0.0064565866820853815,,,0.0021200732388937074,0.005396550062638527,0.01185313674472391
,0.004143779512383155,0.0009636696540425942,,0.004143779512383155,0.27310397995567115,,0.04182326298544859,0.11496578972728148,,0.0030837428929363013,,,0.006263852751276862,,0.0030837428929363013,,,,0.08461019562493977,0.0009636696540425942,0.023995374385660597,0.005203816131830009,0.06687867399055604,,0.0009636696540425942,0.0009636696540425942,,,0.0009636696540425942,,,,,,0.0030837428929363013,0.07728630625421605,0.0009636696540425942,,0.0009636696540425942,,0.0030837428929363013,,0.0679387106100029,0.0030837428929363013,,,0.002023706273489448,0.0030837428929363013,0.0009636696540425942,,0.004143779512383155,,,0.14426134721017636,,,0.002023706273489448,0.005203816131830009,0.013587742122000578,0.0030837428929363013,,0.006263852751276862,,,,,,,,,0.0009636696540425942,,,0.0030837428929363013,,0.01879155825383059
,0.0021200732388937074,,,0.00655295364748964,0.4533102052616361,0.0010600366194468537,0.024091741351064854,0.08220102148983328,,0.004336513443191674,,0.0021200732388937074,0.00327647682374482,,0.00327647682374482,,,0.0010600366194468537,0.06360219716681122,0.0010600366194468537,0.021875301146766887,0.0021200732388937074,0.0394140888503421,,0.0021200732388937074,,,,0.00327647682374482,,,,,,,0.05483280331502361,,,0.0010600366194468537,,0.009829430471234461,,0.0536763997301725,0.0010600366194468537,,0.005396550062638527,0.0010600366194468537,0.004336513443191674,0.0021200732388937074,0.005396550062638527,,,,0.09212681892647201,,,,0.004336513443191674,0.005396550062638527,0.00327647682374482,,0.00327647682374482,,,,,,0.0010600366194468537,,0.0010600366194468537,0.005396550062638527,,,0.0021200732388937074,,0.02630818155536282
,0.008576659920979088,,,0.007516623301532235,0.40098294304712334,0.0010600366194468537,0.04191962995085285,0.08277922328225884,,0.003180109858340561,,,0.011756769779319649,,0.0010600366194468537,,0.0010600366194468537,0.0021200732388937074,0.0655295364748964,,0.027946419967235233,0.0010600366194468537,0.04191962995085285,,0.006360219716681122,,,,,,,,,,,0.09029584658379107,0.0021200732388937074,,0.0010600366194468537,,0.008576659920979088,0.0010600366194468537,0.07420256336127976,,,0.003180109858340561,,0.0010600366194468537,0.0010600366194468537,,,,,0.07198612315698179,0.0010600366194468537,,,,0.010696733159872795,0.0010600366194468537,,0.0010600366194468537,,,,,,,,,0.010696733159872795,0.0010600366194468537,,0.0021200732388937074,,0.012816806398766502
0.0010600366194468537,0.003180109858340561,,,0.009540329575021683,0.34104269056567404,0.0010600366194468537,0.0372940156114484,0.09588513057723812,0.0010600366194468537,0.004240146477787415,,,0.009540329575021683,,0.0010600366194468537,,,0.0021200732388937074,0.07564806784234364,0.0010600366194468537,0.03507757540715043,0.003180109858340561,0.06177122482413029,0.0010600366194468537,0.004240146477787415,,,,0.0010600366194468537,,,,,,,0.09164498409945071,0.006360219716681122,,,0.0021200732388937074,0.006360219716681122,0.0010600366194468537,0.05435096848800231,,,0.0021200732388937074,,0.0010600366194468537,0.0010600366194468537,0.0010600366194468537,0.0010600366194468537,,,0.0788281777006842,,,,,0.006360219716681122,,,,,,0.0021200732388937074,,0.0021200732388937074,,,,0.028717355690469307,0.0021200732388937074,,0.0010600366194468537,,0.02023706273489448
,0.00337284378914908,,,0.005685650958851306,0.29584658379107653,0.0010600366194468537,0.03295750216825672,0.11486942276187723,0.005685650958851306,0.0022164402042979666,,,0.0022164402042979666,,0.0010600366194468537,,,,0.1068709646333237,0.0010600366194468537,0.03295750216825672,0.00337284378914908,0.055700106003661945,0.0022164402042979666,0.0022164402042979666,0.0010600366194468537,,,,,,0.0010600366194468537,,0.0010600366194468537,0.0010600366194468537,0.10918377180302592,0.005685650958851306,,,,0.00337284378914908,,0.07160065529536475,0.0010600366194468537,,0.0022164402042979666,0.00337284378914908,,,0.0010600366194468537,0.0010600366194468537,,,0.06591500433651344,0.0010600366194468537,0.0022164402042979666,,,0.0022164402042979666,,0.00337284378914908,0.004529247374000193,,0.0022164402042979666,0.00337284378914908,,,0.004529247374000193,0.0010600366194468537,,0.011371301917702612,0.0022164402042979666,,0.00337284378914908,0.0010600366194468537,0.019273393080851884
,0.0022164402042979666,0.0010600366194468537,0.0010600366194468537,,0.27975330056856496,0.0022164402042979666,0.03517394237255469,0.11689312903536668,0.007902091163149272,,,,0.00337284378914908,,0.00337284378914908,0.0010600366194468537,,0.0010600366194468537,0.10436542353281295,0.011274934952298352,0.037390382576852656,0.0022164402042979666,0.07372072853425846,0.0022164402042979666,0.0010600366194468537,0.0010600366194468537,,,,,0.004529247374000193,,,,0.0022164402042979666,0.07487713211910957,0.00674568757829816,,,0.0010600366194468537,0.0010600366194468537,0.0010600366194468537,0.06803507757540715,0.0022164402042979666,,,0.005589283993447046,0.00337284378914908,0.00337284378914908,0.0010600366194468537,0.0010600366194468537,,,0.07256432494940734,0.0010600366194468537,0.0010600366194468537,0.009058494748000386,0.0022164402042979666,0.005589283993447046,,0.0010600366194468537,0.0022164402042979666,,,0.013587742122000578,0.0010600366194468537,,0.0010600366194468537,,,0.009058494748000386,,,0.0010600366194468537,0.0022164402042979666,0.012431338537149466
,0.009540329575021683,0.004240146477787415,,0.003180109858340561,0.3226366001734605,0.0021200732388937074,0.0372940156114484,0.0885612412065144,,0.0010600366194468537,,,0.005300183097234268,,0.0010600366194468537,,,0.0010600366194468537,0.12055507372072853,0.009540329575021683,0.028717355690469307,0.003180109858340561,0.08740483762166329,0.003180109858340561,0.0021200732388937074,0.0010600366194468537,,,,,0.005300183097234268,0.0010600366194468537,,0.0010600366194468537,,0.06398766502842826,,,,0.0021200732388937074,0.004240146477787415,,0.06822781150621567,0.0021200732388937074,0.0010600366194468537,0.0010600366194468537,0.006360219716681122,0.007420256336127975,0.003180109858340561,,,,,0.05541100510744917,0.0010600366194468537,0.0010600366194468537,0.003180109858340561,,0.0021200732388937074,,0.0010600366194468537,0.005300183097234268,0.0021200732388937074,0.003180109858340561,0.0010600366194468537,0.0010600366194468537,,0.0021200732388937074,,,0.004240146477787415,0.006360219716681122,0.0021200732388937074,0.0010600366194468537,,0.00848029295557483
,0.0030837428929363013,0.0009636696540425942,,0.002023706273489448,0.5435096848800232,,0.03247566734123542,0.0629276284089814,,0.002023706273489448,,,0.0009636696540425942,,0.0009636696540425942,,,,0.05242362917991712,0.011467668883106871,0.02621181458995856,0.0009636696540425942,0.037679483473065434,0.0030837428929363013,0.011467668883106871,0.0009636696540425942,,,0.0009636696540425942,,0.0009636696540425942,0.005203816131830009,0.0009636696540425942,0.0009636696540425942,,0.0429796665702997,0.005203816131830009,,,0.0030837428929363013,0.004143779512383155,,0.036715813819022836,0.002023706273489448,,0.002023706273489448,,0.005203816131830009,0.002023706273489448,,,,0.0009636696540425942,0.04085959333140599,0.0009636696540425942,0.0009636696540425942,0.0030837428929363013,0.0009636696540425942,0.004143779512383155,0.0009636696540425942,,0.002023706273489448,,0.004143779512383155,0.0009636696540425942,0.0009636696540425942,,0.006263852751276862,,,0.00838392599017057,0.0030837428929363013,,,0.002023706273489448,0.013587742122000578
,0.0061674857858726026,,,,0.5172015033246602,,0.017538787703575216,0.07246795798400309,,,,0.0009636696540425942,0.004047412546978896,,0.0009636696540425942,0.0009636696540425942,,0.005107449166425749,0.04442517105136359,0.011371301917702612,0.022742603835405224,0.0009636696540425942,0.03411390575310783,0.004047412546978896,0.005107449166425749,,0.0009636696540425942,,0.0009636696540425942,0.004047412546978896,0.0009636696540425942,0.005107449166425749,,,0.0009636696540425942,0.04240146477787415,,,,0.002023706273489448,0.004047412546978896,,0.04134142815842729,0.004047412546978896,,0.004047412546978896,,0.0030837428929363013,,,0.0009636696540425942,,0.0009636696540425942,0.05685650958851306,0.005107449166425749,,0.0009636696540425942,,0.007227522405319456,0.004047412546978896,,0.0030837428929363013,,0.0030837428929363013,0.0030837428929363013,,0.0009636696540425942,0.0030837428929363013,,0.0009636696540425942,0.019658860942468923,0.002023706273489448,,0.0009636696540425942,0.0009636696540425942,0.023802640454852076
,0.003180109858340561,,,0.0010600366194468537,0.3498120844174617,0.0021200732388937074,0.04230509781246988,0.08798303941408885,,,,,0.003180109858340561,,0.0021200732388937074,,,0.0010600366194468537,0.11409848703864316,0.005396550062638527,0.022742603835405224,0.003180109858340561,0.04230509781246988,0.0010600366194468537,0.0010600366194468537,0.0010600366194468537,0.0010600366194468537,,,,,0.0010600366194468537,,,0.0021200732388937074,0.09125951623783367,0.0010600366194468537,,,,,,0.08037004914715236,,,,0.0021200732388937074,0.003180109858340561,,,0.0021200732388937074,,,0.06736050881757734,0.0010600366194468537,,0.0021200732388937074,,0.0064565866820853815,0.003180109858340561,0.0010600366194468537,0.003180109858340561,,0.0010600366194468537,0.0021200732388937074,,0.0010600366194468537,0.0010600366194468537,,0.0010600366194468537,0.026019080659150044,,,0.0021200732388937074,,0.013009540329575022
,0.00327647682374482,,,0.005396550062638527,0.32311843500048176,0.0010600366194468537,0.04384696925893804,0.10320901994796183,0.0010600366194468537,0.0021200732388937074,,,0.007612990266936494,,0.00327647682374482,,,,0.0900067456875783,0.0021200732388937074,0.02852462175966079,0.00327647682374482,0.06148212392791751,,0.0010600366194468537,,,,,,0.0010600366194468537,,,,,0.08229738845523754,,,,,0.00327647682374482,,0.06475860075166233,,0.0021200732388937074,,0.004336513443191674,0.008769393851787608,,0.0010600366194468537,0.004336513443191674,,,0.08557386527898236,0.0010600366194468537,,0.0010600366194468537,0.0021200732388937074,0.014262310879830395,,,0.008769393851787608,,0.0010600366194468537,0.0010600366194468537,,0.0021200732388937074,,,0.0021200732388937074,0.00655295364748964,,,0.0021200732388937074,0.0010600366194468537,0.018598824323022067
,0.003180109858340561,,,0.0010600366194468537,0.3355497735376314,0.0010600366194468537,0.0496289871831936,0.09386142430374868,0.0010600366194468537,0.0010600366194468537,,,0.0064565866820853815,,,,0.0010600366194468537,,0.0992579743663872,,0.025826346728341526,0.004240146477787415,0.07121518743374772,0.0021200732388937074,0.003180109858340561,,0.0010600366194468537,,,,0.0010600366194468537,,,,0.007516623301532235,0.09280138768430182,0.0021200732388937074,,0.0010600366194468537,,0.0010600366194468537,,0.06042208730847066,,,,0.004240146477787415,0.003180109858340561,,0.0010600366194468537,0.0010600366194468537,,0.0010600366194468537,0.07545533391153512,0.0010600366194468537,0.0021200732388937074,0.0010600366194468537,0.0021200732388937074,0.0064565866820853815,,,0.003180109858340561,,0.0010600366194468537,0.0021200732388937074,,0.003180109858340561,0.0010600366194468537,,,0.009636696540425942,,,0.0021200732388937074,,0.01185313674472391
,0.003180109858340561,,,0.004240146477787415,0.32128746265780084,,0.03613761202659728,0.08393562686710995,,,,,0.004240146477787415,,0.0010600366194468537,,0.004240146477787415,,0.11265298255757926,0.0010600366194468537,0.028620988725065046,0.005300183097234268,0.04355786836272526,0.0010600366194468537,0.0021200732388937074,,,,0.0010600366194468537,,,,,,0.005300183097234268,0.08711573672545052,0.004240146477787415,,,,0.005300183097234268,,0.08711573672545052,0.004240146477787415,,,0.004240146477787415,,,,0.0010600366194468537,,,0.10523272622145129,0.0010600366194468537,,0.0021200732388937074,0.003180109858340561,0.00848029295557483,,,0.0010600366194468537,,,,,0.0010600366194468537,0.004240146477787415,0.0010600366194468537,,0.007420256336127975,,,0.003180109858340561,0.0021200732388937074,0.007420256336127975
,0.002023706273489448,,0.0009636696540425942,0.0009636696540425942,0.2883299604895442,,0.040763226366001735,0.08470656259034404,0.002023706273489448,0.0009636696540425942,,0.0030837428929363013,0.009347595644213164,,0.0009636696540425942,,,0.0009636696540425942,0.1130384504191963,,0.03131926375638431,0.004143779512383155,0.06803507757540715,,0.006263852751276862,0.0030837428929363013,,,0.002023706273489448,,,0.0009636696540425942,,,0.00828755902476631,0.10677459766791944,,,,,0.0009636696540425942,,0.06591500433651344,0.005203816131830009,,,0.007323889370723716,,,,0.0009636696540425942,,0.0009636696540425942,0.08788667244868459,,,,0.002023706273489448,0.00828755902476631,0.0030837428929363013,,0.002023706273489448,,,,,,0.004143779512383155,,,0.002023706273489448,,,0.005203816131830009,0.002023706273489448,0.022935337766213742
,0.0009636696540425942,,,0.0061674857858726026,0.37737303652307985,,0.04664161125566156,0.08085188397417366,,0.0009636696540425942,,,0.009251228678808905,,0.0009636696540425942,,,0.005107449166425749,0.08923580996434423,,0.022742603835405224,0.005107449166425749,0.07054061867591789,,0.0009636696540425942,0.002023706273489448,,,0.004143779512383155,,0.0009636696540425942,,,,0.0009636696540425942,0.08403199383251421,,,,0.0009636696540425942,0.004143779512383155,,0.04664161125566156,0.0030837428929363013,,0.0009636696540425942,0.002023706273489448,0.0009636696540425942,,,0.0009636696540425942,,,0.08923580996434423,,,,0.005107449166425749,0.007227522405319456,0.004143779512383155,,0.007227522405319456,,,,0.0009636696540425942,,0.0009636696540425942,,,0.004143779512383155,,,0.0009636696540425942,0.0009636696540425942,0.010311265298255759
,0.00327647682374482,,,0.0010600366194468537,0.47402910282355204,0.0021200732388937074,0.04635251035944878,0.060711188204683436,,0.0010600366194468537,,,0.004336513443191674,,0.004336513443191674,,0.004336513443191674,0.0021200732388937074,0.07391346246506697,,0.02312807169702226,0.004336513443191674,0.04741254697889564,0.0010600366194468537,,,,,0.004336513443191674,,0.00327647682374482,,,,0.00327647682374482,0.060711188204683436,,,,0.0021200732388937074,0.005492917028042787,,0.051845427387491566,0.0021200732388937074,,,0.0010600366194468537,0.0021200732388937074,,,0.0010600366194468537,,,0.07612990266936494,,,,,0.004336513443191674,0.00327647682374482,,0.004336513443191674,,,,,,,,,0.00992579743663872,0.0010600366194468537,,,,0.00992579743663872
,0.005107449166425749,,,0.0061674857858726026,0.3242748385853329,0.0009636696540425942,0.05772381227715139,0.0679387106100029,,,,,,,,0.002023706273489448,,0.0009636696540425942,0.10610002891008963,,0.031897465548809865,0.0061674857858726026,0.05772381227715139,0.0030837428929363013,0.0061674857858726026,,,,0.005107449166425749,,,,,0.0009636696540425942,,0.10099257974366387,0.0009636696540425942,,,,0.002023706273489448,,0.06177122482413029,,,0.0030837428929363013,0.0009636696540425942,,0.0009636696540425942,,0.002023706273489448,,,0.09068131444540811,,,,0.0030837428929363013,0.010214898332851498,,,,,,0.002023706273489448,,0.0009636696540425942,0.0009636696540425942,,,0.01850245735761781,0.0009636696540425942,,0.005107449166425749,,0.012334971571745205
,0.007516623301532235,,0.0010600366194468537,0.005300183097234268,0.351064854967717,,0.04191962995085285,0.08499566348655681,0.0010600366194468537,,,0.0021200732388937074,0.0021200732388937074,,,,,0.0010600366194468537,0.11082201021489833,,0.04085959333140599,0.005300183097234268,0.0505926568372362,0.004240146477787415,0.0010600366194468537,,0.0010600366194468537,,0.0021200732388937074,,,,,0.0010600366194468537,0.0010600366194468537,0.09251228678808904,,,,,0.003180109858340561,,0.07641900356557772,,,0.0021200732388937074,0.0021200732388937074,,,0.0010600366194468537,0.0010600366194468537,,,0.06668594005974753,,,,0.003180109858340561,0.003180109858340561,,,,,0.0010600366194468537,0.0021200732388937074,,0.0021200732388937074,0.0010600366194468537,,,0.0064565866820853815,,,,0.0010600366194468537,0.01821335646140503
,0.0010600366194468537,,,0.0021200732388937074,0.3156018116989495,0.0010600366194468537,0.0389322540233208,0.09945070829719573,0.0010600366194468537,,,,0.005396550062638527,,,,,,0.10484725835983424,,0.03343933699527802,0.0021200732388937074,0.10600366194468536,0.0010600366194468537,,0.0010600366194468537,0.0010600366194468537,,0.0021200732388937074,,,0.0010600366194468537,,,0.0010600366194468537,0.10051074491664258,,,,0.003180109858340561,0.003180109858340561,,0.06919148116025826,0.003180109858340561,,0.0010600366194468537,0.0021200732388937074,,,,,,,0.06919148116025826,,,,0.003180109858340561,0.0021200732388937074,,,,,0.0010600366194468537,0.003180109858340561,,,,,,0.0010600366194468537,0.0010600366194468537,,0.0021200732388937074,0.003180109858340561,0.012913173364170763
,0.00828755902476631,,,0.009347595644213164,0.32851498506312027,,0.04779801484051267,0.09993254312421702,0.0009636696540425942,,,,0.0061674857858726026,,0.004143779512383155,,0.0009636696540425942,0.0009636696540425942,0.09993254312421702,0.0009636696540425942,0.04991808807940638,0.0009636696540425942,0.046834345186470075,,0.005203816131830009,,0.0009636696540425942,,,,,0.0061674857858726026,,,0.0030837428929363013,0.0904885805145996,0.0030837428929363013,,,0.0009636696540425942,0.0030837428929363013,,0.059265683723619546,0.004143779512383155,0.0009636696540425942,0.0009636696540425942,0.0009636696540425942,,,,0.0061674857858726026,,,0.07805724197745013,,,0.0009636696540425942,0.0030837428929363013,0.005203816131830009,0.0009636696540425942,,,,0.0009636696540425942,0.0009636696540425942,,,,0.0009636696540425942,,,,,0.004143779512383155,0.0030837428929363013,0.010407632263660017
,0.0010600366194468537,,,0.0022164402042979666,0.12778259612604803,,0.05454370241881083,0.12026597282451576,0.00327647682374482,,,,0.010022164402042979,,0.0022164402042979666,,0.0010600366194468537,,0.12132600944396262,0.0022164402042979666,0.03777585043846969,0.0010600366194468537,0.07902091163149272,,0.0010600366194468537,,0.0022164402042979666,,0.0010600366194468537,,0.0010600366194468537,0.00327647682374482,,,0.017731521634383733,0.11024380842247278,0.0010600366194468537,,,0.00327647682374482,0.0022164402042979666,,0.07902091163149272,0.005492917028042787,0.0010600366194468537,0.0022164402042979666,0.0066493206128939,0.004432880408595933,0.0022164402042979666,,0.0010600366194468537,,0.0010600366194468537,0.1135202852462176,,0.005492917028042787,0.00327647682374482,0.00327647682374482,0.010022164402042979,0.00327647682374482,,0.0022164402042979666,0.0022164402042979666,0.0010600366194468537,0.00327647682374482,0.0022164402042979666,,0.004432880408595933,0.0022164402042979666,0.0022164402042979666,0.0132986412257878,0.0010600366194468537,,,0.004432880408595933,0.012238604606340946
,0.005589283993447046,,0.004432880408595933,0.00337284378914908,0.18762648164209306,,0.04288329960489544,0.10051074491664258,,0.004432880408595933,,0.0010600366194468537,0.01011853136744724,,,,0.0010600366194468537,,0.10051074491664258,0.004432880408595933,0.02476631010889467,0.0010600366194468537,0.1253734219909415,,,,0.0010600366194468537,,,,0.0010600366194468537,,,,0.008962127782596125,0.08470656259034404,,,,0.0010600366194468537,0.01011853136744724,,0.05647104172689602,0.0022164402042979666,0.0010600366194468537,0.0022164402042979666,,0.0022164402042979666,,,0.004432880408595933,,,0.11631492724294112,,0.00337284378914908,0.011274934952298352,0.0022164402042979666,0.008962127782596125,0.0022164402042979666,,0.0010600366194468537,,0.0022164402042979666,0.00337284378914908,,,0.012334971571745205,,,0.011274934952298352,,,0.0010600366194468537,0.004432880408595933,0.027079117278596895
,0.0022164402042979666,,,0.005589283993447046,0.3479811120747808,,0.030162860171533197,0.11747133082779224,,,,0.004432880408595933,0.008865760817191867,,0.00327647682374482,,0.0022164402042979666,,0.0726606919148116,0.015611448395490026,0.023417172593235037,,0.07381709549966271,,,,,,,,0.00327647682374482,,,,,0.06263852751276862,,,,0.0022164402042979666,0.013395008191192059,,0.055892839934470466,0.005589283993447046,0.0010600366194468537,0.00327647682374482,,0.00327647682374482,,,,,,0.06928784812566252,,,0.004432880408595933,0.0022164402042979666,0.011178567986894093,0.0022164402042979666,,0.005589283993447046,,0.00327647682374482,0.004432880408595933,,,,,,0.010022164402042979,,,,0.004432880408595933,0.024573576178086153
,0.0021200732388937074,0.0010600366194468537,,0.003180109858340561,0.3396935530500145,,0.05647104172689602,0.09337958947672738,0.0010600366194468537,,0.0010600366194468537,,0.004336513443191674,,,,0.0010600366194468537,,0.10966560663004722,0.003180109858340561,0.03469210754553339,,0.06408403199383252,0.0010600366194468537,0.0064565866820853815,,,,0.0010600366194468537,,,,0.0010600366194468537,,0.0010600366194468537,0.10214898332851499,0.0064565866820853815,,,,0.0021200732388937074,,0.052134528283704344,0.0064565866820853815,0.0010600366194468537,,0.0010600366194468537,,0.0010600366194468537,,0.0010600366194468537,,,0.05541100510744917,,0.0010600366194468537,,0.0021200732388937074,0.013009540329575022,0.0010600366194468537,,0.004336513443191674,,0.0010600366194468537,0.004336513443191674,0.0010600366194468537,,,,,0.005396550062638527,,,,0.004336513443191674,0.007516623301532235
,0.002023706273489448,,,,0.3713982846680157,,0.047701647875108416,0.07574443480774791,0.0009636696540425942,,0.0009636696540425942,,0.0009636696540425942,,0.0009636696540425942,,0.0009636696540425942,,0.1078346342873663,0.0030837428929363013,0.04664161125566156,0.0030837428929363013,0.05492917028042787,0.002023706273489448,0.0030837428929363013,,0.0009636696540425942,,0.002023706273489448,,,,,,0.0009636696540425942,0.09646333236966367,0.002023706273489448,,,,0.004143779512383155,,0.059072949792811025,0.005107449166425749,0.0009636696540425942,0.0009636696540425942,,,0.0009636696540425942,,0.0009636696540425942,,,0.044617904982172114,,0.0009636696540425942,0.0030837428929363013,0.0009636696540425942,0.007227522405319456,0.0009636696540425942,,0.004143779512383155,,0.0009636696540425942,0.002023706273489448,0.004143779512383155,0.002023706273489448,,,,0.014455044810638912,,,0.005107449166425749,0.005107449166425749,0.007227522405319456
,0.0030837428929363013,,,0.0030837428929363013,0.2365809000674568,,0.05916931675821528,0.1007034788474511,,,0.0009636696540425942,0.00828755902476631,0.004143779512383155,,0.004143779512383155,,,,0.10484725835983424,0.0030837428929363013,0.031126529825575792,0.002023706273489448,0.08509203045196106,,0.00828755902476631,,0.0009636696540425942,,0.0009636696540425942,,,,,,0.0030837428929363013,0.08933217692974849,0.0030837428929363013,,,,0.002023706273489448,,0.0778645080466416,0.005107449166425749,0.0009636696540425942,0.002023706273489448,,0.0009636696540425942,,,0.0009636696540425942,,,0.09761973595451479,0.002023706273489448,0.0009636696540425942,0.005107449166425749,0.002023706273489448,0.010311265298255759,0.002023706273489448,0.002023706273489448,0.004143779512383155,,0.0009636696540425942,0.002023706273489448,,0.004143779512383155,,,,0.0009636696540425942,,,0.0009636696540425942,0.0009636696540425942,0.02177893418136263
,0.005203816131830009,,,0.012431338537149466,0.2814879059458417,,0.054254601522598055,0.1063891298063024,,,,0.002023706273489448,0.010407632263660017,,,0.0009636696540425942,0.0009636696540425942,,0.11265298255757926,0.0009636696540425942,0.03334297002987376,0.002023706273489448,0.04172689602004433,,0.0061674857858726026,,0.0009636696540425942,,0.002023706273489448,0.0009636696540425942,,,,,0.0030837428929363013,0.09598149754264239,0.002023706273489448,,0.002023706273489448,,0.0061674857858726026,,0.06360219716681122,0.010407632263660017,0.0009636696540425942,0.004143779512383155,,0.0030837428929363013,,,0.0009636696540425942,,,0.07921364556230125,0.0009636696540425942,,0.004143779512383155,0.0009636696540425942,0.005203816131830009,0.0009636696540425942,0.0009636696540425942,0.004143779512383155,,0.002023706273489448,,,0.00828755902476631,0.0009636696540425942,,,0.0009636696540425942,,,0.0009636696540425942,0.0030837428929363013,0.01975522790787318
,0.002023706273489448,,,0.0030837428929363013,0.22472776332273292,0.002023706273489448,0.043943336224342294,0.10041437795123831,,0.005203816131830009,,,0.011467668883106871,,,0.0009636696540425942,,0.0009636696540425942,0.12248241302881373,0.002023706273489448,0.03131926375638431,0.0009636696540425942,0.07323889370723716,,0.005203816131830009,,,,0.0009636696540425942,,0.0030837428929363013,,,,0.002023706273489448,0.08470656259034404,0.004143779512383155,,0.0009636696540425942,,0.006263852751276862,,0.10465452442902573,0.010407632263660017,0.0009636696540425942,0.002023706273489448,,0.005203816131830009,,,0.0009636696540425942,,,0.07641900356557772,0.0009636696540425942,,0.0030837428929363013,0.002023706273489448,0.023995374385660597,0.0009636696540425942,,0.00828755902476631,,,,,0.0009636696540425942,,,,0.0030837428929363013,0.0009636696540425942,,0.0009636696540425942,0.004143779512383155,0.017731521634383733
,0.003180109858340561,,,0.005300183097234268,0.20420159969162555,0.0021200732388937074,0.05608557386527898,0.10359448780957888,0.0064565866820853815,0.004240146477787415,,0.0021200732388937074,0.0021200732388937074,,,,,0.0010600366194468537,0.0797918473547268,,0.026886383347788378,,0.042015996916257105,0.0010600366194468537,0.003180109858340561,0.0010600366194468537,,,0.0010600366194468537,,0.0010600366194468537,,,,0.0010600366194468537,0.07005878384889659,0.004240146477787415,,,0.003180109858340561,0.009636696540425942,0.0010600366194468537,0.089524910860557,0.007516623301532235,,0.0021200732388937074,,0.0021200732388937074,,,0.0010600366194468537,,,0.18560277536860365,0.0010600366194468537,,0.0010600366194468537,0.0010600366194468537,0.02804278693263949,0.0010600366194468537,0.0010600366194468537,0.004240146477787415,,0.0010600366194468537,0.0010600366194468537,0.0010600366194468537,,0.0010600366194468537,0.004240146477787415,,0.0064565866820853815,,,0.0010600366194468537,,0.022646236870000964
,0.0030837428929363013,,,0.004143779512383155,0.42420738170954986,0.0009636696540425942,0.03170473161800135,0.0823937554206418,0.0009636696540425942,0.0030837428929363013,,,0.005203816131830009,,,,,0.0009636696540425942,0.06128938999710899,0.0009636696540425942,0.02958465837910764,0.0009636696540425942,0.050689023802640454,0.002023706273489448,0.0030837428929363013,,,,0.0009636696540425942,,0.002023706273489448,,,0.0009636696540425942,0.002023706273489448,0.06446949985544956,,,,0.002023706273489448,0.00838392599017057,,0.06234942661655585,0.009443962609617423,0.002023706273489448,0.006263852751276862,0.0009636696540425942,0.0009636696540425942,,0.002023706273489448,,,,0.08769393851787607,0.0009636696540425942,,0.0009636696540425942,0.0009636696540425942,0.006263852751276862,0.0009636696540425942,0.0009636696540425942,0.004143779512383155,,0.002023706273489448,0.004143779512383155,,0.0009636696540425942,,,,0.0030837428929363013,0.002023706273489448,,,0.0009636696540425942,0.013684109087404838
,0.002023706273489448,,0.0009636696540425942,0.002023706273489448,0.4001156403584851,0.002023706273489448,0.04240146477787415,0.07873181073527995,,,,,0.009251228678808905,,0.0009636696540425942,0.0009636696540425942,,0.0009636696540425942,0.0942468921653657,0.0009636696540425942,0.03315023609906524,0.0030837428929363013,0.05174906042208731,0.0030837428929363013,0.0030837428929363013,,0.0009636696540425942,,,,,,,,0.0030837428929363013,0.09010311265298256,0.004143779512383155,,,,0.005107449166425749,,0.06109665606630047,0.0009636696540425942,,0.005107449166425749,0.0030837428929363013,0.002023706273489448,0.004143779512383155,,0.0009636696540425942,,,0.05174906042208731,0.0009636696540425942,,0.0009636696540425942,0.0009636696540425942,0.005107449166425749,,,0.007227522405319456,,0.0009636696540425942,0.0009636696540425942,,,,,,0.00828755902476631,0.0009636696540425942,,0.0009636696540425942,0.004143779512383155,0.0061674857858726026
,0.004047412546978896,,,0.002987375927532042,0.4049339886286981,0.002987375927532042,0.0327647682374482,0.07468439818830105,,,,,0.007131155439915197,,0.004047412546978896,,,,0.0992579743663872,0.0009636696540425942,0.0327647682374482,0.002987375927532042,0.04808711573672545,0.006071118820468344,0.006071118820468344,,0.0009636696540425942,,,,,0.0009636696540425942,,,0.002023706273489448,0.10137804760528091,0.009154861713404645,,,,0.0009636696540425942,,0.0655295364748964,,0.0009636696540425942,0.0009636696540425942,0.002023706273489448,0.004047412546978896,0.002987375927532042,,,,,0.03170473161800135,0.0009636696540425942,0.004047412546978896,0.0009636696540425942,,0.011178567986894093,,,0.002987375927532042,,,0.0009636696540425942,,,,,,0.004047412546978896,,,0.002987375927532042,,0.01840609039221355
,0.006938421509106678,,,0.006938421509106678,0.250361376120266,0.0009636696540425942,0.04760528090970415,0.09231955285728052,0.003951045581574636,,,,0.0019273393080851884,,,,,,0.12007323889370723,0.0009636696540425942,0.03266840127204394,0.004914715235617231,0.055507372072853424,0.003951045581574636,0.0028910089621277824,,,0.0009636696540425942,,0.0009636696540425942,,,,,0.0009636696540425942,0.12701166040281392,0.0009636696540425942,,,0.0009636696540425942,0.0019273393080851884,,0.06350583020140696,0.0019273393080851884,0.0058783848896598245,0.0028910089621277824,0.0019273393080851884,0.0019273393080851884,,0.004914715235617231,,,,0.10523272622145129,0.0009636696540425942,,,0.0009636696540425942,0.01185313674472391,0.0019273393080851884,0.0009636696540425942,0.0028910089621277824,,,0.0009636696540425942,,,,0.0019273393080851884,,0.008865760817191867,,,0.0019273393080851884,,0.012816806398766502
,0.011274934952298352,,,0.011274934952298352,0.24641033053869132,0.006071118820468344,0.05117085862966175,0.12200057820179243,0.002023706273489448,0.005107449166425749,,,0.002023706273489448,,,,0.0009636696540425942,,0.11371301917702611,,0.028620988725065046,,0.054254601522598055,0.0009636696540425942,0.002023706273489448,,,,,,,,,0.0009636696540425942,0.005107449166425749,0.10349812084417462,0.002023706273489448,,,0.0009636696540425942,0.002023706273489448,,0.06861327936783271,0.002023706273489448,0.004047412546978896,0.004047412546978896,0.004047412546978896,0.006071118820468344,,,0.0009636696540425942,,,0.06658957309434325,,,,0.0009636696540425942,0.02148983328514985,,,0.002987375927532042,0.0009636696540425942,,0.002987375927532042,,,,,,0.023513539558639298,0.0009636696540425942,,0.0009636696540425942,0.002987375927532042,0.0132986412257878
,0.0021200732388937074,,,0.01166040281391539,0.18097716102919914,0.0021200732388937074,0.05656740869230028,0.09183771803025922,,,,,0.01166040281391539,,0.00848029295557483,,,,0.12065144068613279,0.003180109858340561,0.04163052905464007,,0.06186759178953455,0.0010600366194468537,0.0021200732388937074,,0.0010600366194468537,,0.003180109858340561,,,,,0.0021200732388937074,0.003180109858340561,0.10253445119013202,0.0010600366194468537,,,0.003180109858340561,0.00848029295557483,0.0010600366194468537,0.06514406861327937,0.01166040281391539,0.009540329575021683,0.004240146477787415,,0.0021200732388937074,0.0021200732388937074,,0.004240146477787415,,0.0010600366194468537,0.10253445119013202,0.0021200732388937074,,,0.0010600366194468537,0.017056952876553916,,0.0021200732388937074,0.005300183097234268,,,0.0010600366194468537,,0.005300183097234268,,,,0.02129709935434133,0.0010600366194468537,,0.003180109858340561,0.0021200732388937074,0.013876843018213356
,0.0021200732388937074,,,0.0010600366194468537,0.18868651826154004,0.004336513443191674,0.052519996145321386,0.11274934952298352,,0.009829430471234461,,,0.004336513443191674,,0.0021200732388937074,,,,0.08653753493302496,0.004336513443191674,0.03825768526549099,0.0010600366194468537,0.062445793581960105,,0.004336513443191674,,,,,,,,,0.0010600366194468537,,0.11274934952298352,0.0010600366194468537,,,0.0021200732388937074,,,0.0536763997301725,0.009829430471234461,0.005396550062638527,0.00327647682374482,,,0.004336513443191674,0.0010600366194468537,,,0.0010600366194468537,0.12922810060711187,,,,,0.018598824323022067,0.0010600366194468537,0.0010600366194468537,0.00327647682374482,,,0.0010600366194468537,,0.0021200732388937074,,,,0.04047412546978896,0.00327647682374482,,,0.009829430471234461,0.019658860942468923
,0.0009636696540425942,,,0.002023706273489448,0.4164016575118049,0.0009636696540425942,0.0296810253445119,0.06446949985544956,0.002987375927532042,,,,0.012238604606340946,,0.0009636696540425942,,,0.002023706273489448,0.0562783077960875,0.002023706273489448,0.0368121807844271,0.002987375927532042,0.0368121807844271,0.0009636696540425942,0.002987375927532042,0.0009636696540425942,,,,,,0.002987375927532042,,0.002023706273489448,,0.10137804760528091,0.0009636696540425942,,,0.0009636696540425942,0.002023706273489448,0.0009636696540425942,0.05830201406957695,0.002987375927532042,0.002023706273489448,0.002987375927532042,,,0.002987375927532042,,0.002023706273489448,,0.0009636696540425942,0.09415052519996145,,,0.0009636696540425942,,0.006071118820468344,0.0009636696540425942,,0.0009636696540425942,,,,,0.002023706273489448,,0.002023706273489448,,0.0163823841187241,0.004047412546978896,,,0.002987375927532042,0.0132986412257878
,0.004240146477787415,,,,0.28813722655873575,0.0010600366194468537,0.039317721884937845,0.10947287269923871,0.0010600366194468537,,,,0.005300183097234268,,,,,,0.09887250650477017,,0.030837428929363014,0.0021200732388937074,0.04885805145995953,0.0021200732388937074,0.0010600366194468537,,,,0.0010600366194468537,,,,,,,0.11901320227426038,0.004240146477787415,,,,,0.0010600366194468537,0.08923580996434423,,,0.0010600366194468537,0.0010600366194468537,0.003180109858340561,,0.0010600366194468537,0.0021200732388937074,,,0.09781246988532331,,,,,0.013780476052809097,0.0010600366194468537,,0.004240146477787415,,,,,0.0010600366194468537,,,,0.006360219716681122,,,0.0021200732388937074,0.005300183097234268,0.012720439433362244
,0.005107449166425749,,0.0009636696540425942,0.002023706273489448,0.1871446468150718,0.002023706273489448,0.040955960296810257,0.13626288908162282,0.006071118820468344,,,0.0009636696540425942,0.002987375927532042,,0.0009636696540425942,,,,0.10552182711766407,,0.0296810253445119,0.005107449166425749,0.0942468921653657,0.002023706273489448,0.002023706273489448,,0.0009636696540425942,,0.0009636696540425942,,,,,0.0009636696540425942,0.002023706273489448,0.1322154765346439,0.002023706273489448,,,,0.009154861713404645,0.004047412546978896,0.057338344415534356,,,0.002023706273489448,0.002023706273489448,0.009154861713404645,,,0.004047412546978896,,,0.10041437795123831,0.0009636696540425942,,,0.0009636696540425942,0.010214898332851498,0.0009636696540425942,0.0009636696540425942,0.002023706273489448,,0.0009636696540425942,,,,,0.0009636696540425942,,0.004047412546978896,,0.0009636696540425942,,0.009154861713404645,0.0163823841187241
,0.0019273393080851884,,,0.005011082201021489,0.284186180977161,0.003951045581574636,0.04326876746651248,0.09058494748000386,0.0019273393080851884,,,0.0009636696540425942,0.009058494748000386,,,,,,0.10966560663004722,,0.030162860171533197,0.003951045581574636,0.05435096848800231,0.0009636696540425942,0.007998458128553532,,0.0009636696540425942,,,,,0.0009636696540425942,,0.0019273393080851884,,0.12884263274549485,0.0009636696540425942,,,,0.0019273393080851884,,0.052327262214512865,,0.0009636696540425942,0.007998458128553532,0.0009636696540425942,0.003951045581574636,0.0019273393080851884,,0.002987375927532042,,,0.11265298255757926,0.0009636696540425942,,,,0.005011082201021489,0.005011082201021489,,,,,0.0019273393080851884,,,0.0009636696540425942,,,0.0019273393080851884,,0.0009636696540425942,0.0009636696540425942,0.0019273393080851884,0.013009540329575022
,0.002023706273489448,,,0.007131155439915197,0.2703093379589476,0.002987375927532042,0.040955960296810257,0.10956923966464296,0.002023706273489448,,,,0.004047412546978896,,,,,,0.1023417172593235,,0.0265972824515756,0.004047412546978896,0.07160065529536475,,0.006071118820468344,,0.0009636696540425942,,,,,,,,,0.12383155054447335,0.002987375927532042,,,0.002023706273489448,0.002023706273489448,0.0009636696540425942,0.08085188397417366,0.004047412546978896,,0.0009636696540425942,,0.002023706273489448,0.0009636696540425942,0.002023706273489448,0.007131155439915197,,0.002023706273489448,0.08499566348655681,,,,,0.00819119205936205,0.004047412546978896,,0.002023706273489448,,,0.002023706273489448,,,0.0009636696540425942,,,,0.0009636696540425942,,0.002023706273489448,0.002023706273489448,0.010214898332851498
,0.0030837428929363013,,,0.004143779512383155,0.1629565384986027,0.0030837428929363013,0.05030355594102342,0.1299026693649417,0.002023706273489448,,,,0.0030837428929363013,,,,0.0009636696540425942,,0.13722655873566542,0.006263852751276862,0.03141563072178857,0.0030837428929363013,0.07227522405319456,0.0009636696540425942,0.004143779512383155,,0.0030837428929363013,,0.0009636696540425942,,0.002023706273489448,,,,,0.127782596126048,0.002023706273489448,,,0.002023706273489448,0.002023706273489448,0.0009636696540425942,0.08171918666281199,0.005203816131830009,0.0009636696540425942,0.0030837428929363013,,,,0.004143779512383155,0.0030837428929363013,,0.0009636696540425942,0.08586296617519515,,,,,0.0009636696540425942,0.0030837428929363013,0.0009636696540425942,0.009347595644213164,,,0.002023706273489448,0.0009636696540425942,,,,,0.011467668883106871,,,,0.006263852751276862,0.024091741351064854
,0.0030837428929363013,,,0.0030837428929363013,0.20661077382673232,0.0030837428929363013,0.0389322540233208,0.11785679868940926,0.0030837428929363013,,,,0.004143779512383155,,0.005203816131830009,,,,0.08306832417847163,0.014647778741447431,0.022068035077575408,0.0009636696540425942,0.08730847065625903,0.004143779512383155,0.009443962609617423,,0.002023706273489448,,,,0.0030837428929363013,,,0.0009636696540425942,,0.11785679868940926,0.002023706273489448,,,0.0009636696540425942,0.004143779512383155,0.0009636696540425942,0.054736436349619354,0.0030837428929363013,,0.006263852751276862,,,,0.007323889370723716,0.0030837428929363013,,,0.12624072467957984,,,,,0.0030837428929363013,0.0009636696540425942,,0.007323889370723716,,,,,0.0009636696540425942,,,,0.005203816131830009,,,0.0009636696540425942,0.005203816131830009,0.0368121807844271
,0.0021200732388937074,,,0.005396550062638527,0.353281295172015,0.004240146477787415,0.03131926375638431,0.12315698178664354,0.0021200732388937074,,,,0.0021200732388937074,,0.02370627348944782,,,,0.07015515081430086,0.010793100125277054,0.02476631010889467,,0.04644887732485304,,0.004240146477787415,0.0010600366194468537,,,,,0.0064565866820853815,,,,,0.05502553724583213,0.0021200732388937074,,,,0.004240146477787415,,0.05290546400693842,0.004240146477787415,0.0010600366194468537,0.005396550062638527,,0.0021200732388937074,,0.004240146477787415,0.0021200732388937074,,0.0010600366194468537,0.10147441457068516,,,,0.0010600366194468537,0.02158620025055411,0.0021200732388937074,0.0010600366194468537,0.009636696540425942,,,,,,,,,0.0010600366194468537,,,,0.0021200732388937074,0.013973209983617617
,0.004047412546978896,,,0.0009636696540425942,0.3032668401272043,,0.03970318974655488,0.09983617615881275,0.0009636696540425942,,,,0.004047412546978896,,,,,0.0009636696540425942,0.09482509395779128,0.002023706273489448,0.02650091548617134,0.002023706273489448,0.10195624939770646,0.002023706273489448,0.002987375927532042,0.002023706273489448,,,0.0009636696540425942,,,,,,0.0009636696540425942,0.1049436253252385,,,,,0.002023706273489448,,0.08046641611255662,,0.0009636696540425942,0.002023706273489448,,0.0009636696540425942,,0.0009636696540425942,0.005011082201021489,,,0.06726414185217308,,0.0009636696540425942,,,0.017249686807362438,0.0009636696540425942,0.0009636696540425942,0.002023706273489448,,0.0009636696540425942,0.002987375927532042,,,,,,0.004047412546978896,,,0.002987375927532042,0.002023706273489448,0.01011853136744724
,0.002987375927532042,,,0.0009636696540425942,0.2943047123446082,,0.0429796665702997,0.11168931290353666,0.0009636696540425942,,,0.002023706273489448,0.002987375927532042,,,,,,0.10860557001060037,,0.03170473161800135,0.005107449166425749,0.0429796665702997,,0.0009636696540425942,,,,0.0009636696540425942,,0.0009636696540425942,0.0009636696540425942,,,,0.11891683530885612,,,,,0.005107449166425749,,0.08509203045196106,,,0.002987375927532042,,0.002023706273489448,,,0.004047412546978896,,,0.09530692878481256,,0.0009636696540425942,,,0.005107449166425749,0.0009636696540425942,,0.0009636696540425942,,,0.004047412546978896,,,,0.002023706273489448,,0.006071118820468344,,,0.0009636696540425942,0.002987375927532042,0.011274934952298352
,0.005203816131830009,,,0.002023706273489448,0.1782788859978799,,0.05155632649127879,0.1063891298063024,0.002023706273489448,,,0.002023706273489448,0.009443962609617423,,,,,0.0009636696540425942,0.12113327551315409,,0.02842825479425653,0.002023706273489448,0.10320901994796183,,,0.002023706273489448,,,,,,,,0.0030837428929363013,0.010503999229064276,0.09588513057723812,,,,0.0009636696540425942,0.002023706273489448,,0.08008094825093957,0.0009636696540425942,,0.0030837428929363013,,,0.0030837428929363013,0.0009636696540425942,0.0030837428929363013,,,0.11795316565481354,,0.0009636696540425942,,,0.012624072467957983,,,0.002023706273489448,,,0.004143779512383155,0.0009636696540425942,,,0.0009636696540425942,,0.0199479618386817,,,0.002023706273489448,0.004143779512383155,0.015804182326298544
,0.005203816131830009,,,0.005203816131830009,0.30018309723426806,,0.04856895056374675,0.07603353570396068,0.0009636696540425942,,,0.002023706273489448,0.0009636696540425942,,,,,0.0009636696540425942,0.11930230317047316,,0.029488291413703384,0.004143779512383155,0.06437313289004529,,0.005203816131830009,,,,0.0009636696540425942,,,,,0.0009636696540425942,,0.11506215669268574,,,,0.0009636696540425942,0.006263852751276862,0.002023706273489448,0.07391346246506697,0.002023706273489448,,0.0009636696540425942,,,,0.002023706273489448,0.006263852751276862,,0.0009636696540425942,0.06437313289004529,,0.0009636696540425942,,,0.018984292184639106,,0.0009636696540425942,0.002023706273489448,,0.0030837428929363013,,0.0009636696540425942,,,,,0.005203816131830009,,,,0.004143779512383155,0.024284475281873375
,0.004143779512383155,,0.0009636696540425942,0.007323889370723716,0.14156307217885689,0.004143779512383155,0.050689023802640454,0.13616652211621855,0.002023706273489448,,,,0.005203816131830009,,0.0009636696540425942,,,,0.1467668883106871,,0.03902862098872507,0.002023706273489448,0.09395779126915293,0.0009636696540425942,0.009443962609617423,0.0009636696540425942,,,,,0.002023706273489448,0.0009636696540425942,,0.0009636696540425942,0.0009636696540425942,0.10137804760528091,0.004143779512383155,,,0.0030837428929363013,0.009443962609617423,,0.08441746169413125,0.002023706273489448,,0.0009636696540425942,,0.0009636696540425942,0.004143779512383155,,0.006263852751276862,,0.0009636696540425942,0.08123735183579069,,0.0009636696540425942,,0.0009636696540425942,0.007323889370723716,0.0009636696540425942,,0.0030837428929363013,,,0.0009636696540425942,0.0009636696540425942,,,0.002023706273489448,,0.00838392599017057,,,0.0030837428929363013,0.004143779512383155,0.0168642189457454
,0.002023706273489448,,0.0009636696540425942,0.0030837428929363013,0.2175002409174136,,0.05155632649127879,0.09800520381613183,0.005203816131830009,,,,0.006263852751276862,,0.0009636696540425942,,,,0.14647778741447431,,0.030548328033150236,0.0009636696540425942,0.11689312903536668,,0.005203816131830009,,,,,0.0009636696540425942,0.004143779512383155,,,,0.002023706273489448,0.07796087501204588,0.004143779512383155,,,0.002023706273489448,0.0009636696540425942,,0.06109665606630047,0.002023706273489448,,0.00838392599017057,,0.004143779512383155,0.002023706273489448,0.0009636696540425942,0.005203816131830009,,0.0009636696540425942,0.08008094825093957,,,,0.0009636696540425942,0.00838392599017057,0.0009636696540425942,,0.005203816131830009,,0.002023706273489448,0.0009636696540425942,,,,,,0.007323889370723716,0.0009636696540425942,,,0.002023706273489448,0.02842825479425653
,0.0019273393080851884,,0.0009636696540425942,0.0009636696540425942,0.4132215476534645,0.0009636696540425942,0.034017538787703576,0.08403199383251421,0.0019273393080851884,,,,0.003951045581574636,,0.0009636696540425942,,,,0.07208249012238604,,0.029006456586682085,0.0019273393080851884,0.06302399537438566,0.002987375927532042,0.002987375927532042,,,,0.0009636696540425942,,0.002987375927532042,,,0.0009636696540425942,0.002987375927532042,0.08403199383251421,,,,0.0019273393080851884,0.005974751855064084,,0.042015996916257105,0.0019273393080851884,,0.003951045581574636,,0.002987375927532042,0.003951045581574636,,0.004914715235617231,,0.0019273393080851884,0.06707140792136455,,,,0.0009636696540425942,0.018984292184639106,0.002987375927532042,,0.004914715235617231,,0.0019273393080851884,0.0019273393080851884,0.0009636696540425942,,,,,0.002987375927532042,,,0.0019273393080851884,0.00992579743663872,0.008962127782596125
,0.005011082201021489,,,0.009154861713404645,0.2748385853329478,,0.03979955671195914,0.10812373518357907,0.0009636696540425942,,,,0.012238604606340946,0.0009636696540425942,,,,,0.12758986219523946,,0.03469210754553339,0.0009636696540425942,0.03979955671195914,0.002023706273489448,0.011178567986894093,0.0009636696540425942,0.002023706273489448,,,,0.0009636696540425942,,,0.002023706273489448,,0.10610002891008963,,,,0.0009636696540425942,0.002987375927532042,,0.06119302303170473,0.0009636696540425942,,0.005011082201021489,,0.002023706273489448,,,0.004047412546978896,,,0.08470656259034404,0.0009636696540425942,,,,0.004047412546978896,0.005011082201021489,0.002023706273489448,0.009154861713404645,,,0.008094825093957791,0.0009636696540425942,,,0.002023706273489448,,0.002023706273489448,0.0009636696540425942,,0.002023706273489448,0.007131155439915197,0.014262310879830395
,0.014165943914426134,,0.0009636696540425942,0.002023706273489448,0.1919629950852848,,0.04471427194757637,0.11188204683434519,0.0009636696540425942,,,,0.005011082201021489,,0.0009636696540425942,,,,0.11592945938132408,,0.03960682278115062,0.002023706273489448,0.08037004914715236,,0.004047412546978896,0.0009636696540425942,,,0.0009636696540425942,,0.002987375927532042,,,0.002987375927532042,0.002023706273489448,0.11997687192830297,,,,0.0009636696540425942,0.005011082201021489,,0.05994025248144936,,0.0009636696540425942,0.002987375927532042,,0.004047412546978896,,,0.006071118820468344,,,0.10879830394140888,,,,,0.011178567986894093,0.007034788474510938,,0.002023706273489448,,0.0009636696540425942,0.012142237640936688,,,,,,0.0009636696540425942,0.0009636696540425942,,0.005011082201021489,0.006071118820468344,0.02033342970029874
,0.004240146477787415,,0.0010600366194468537,0.0010600366194468537,0.20844174616941302,0.0021200732388937074,0.05203816131830009,0.09463236002698275,0.0021200732388937074,,,,0.007420256336127975,,0.0021200732388937074,,,,0.13819022838970801,,0.034017538787703576,0.003180109858340561,0.07969548038932255,0.0010600366194468537,0.005300183097234268,0.0021200732388937074,,,,,,0.0010600366194468537,,0.003180109858340561,,0.0956923966464296,0.0021200732388937074,,,0.0010600366194468537,0.0021200732388937074,,0.06485496771706659,,0.0010600366194468537,0.0021200732388937074,,0.003180109858340561,,,0.006360219716681122,,,0.09993254312421702,,,,,0.01696058591114966,0.010600366194468537,,0.004240146477787415,,,0.0021200732388937074,,,,0.0010600366194468537,,0.009540329575021683,0.0021200732388937074,,0.003180109858340561,0.006360219716681122,0.022260769008383925
,0.0030837428929363013,,0.0009636696540425942,0.002023706273489448,0.24833766984677652,0.002023706273489448,0.05338729883395972,0.09839067167774887,,,,,0.007323889370723716,,0.004143779512383155,,,,0.10879830394140888,,0.03661944685361858,0.0030837428929363013,0.07429893032668401,0.002023706273489448,0.0030837428929363013,,,,,,,0.004143779512383155,,0.0030837428929363013,0.0009636696540425942,0.10571456104847259,0.009347595644213164,,0.002023706273489448,,0.002023706273489448,,0.07429893032668401,0.002023706273489448,0.0009636696540425942,0.0030837428929363013,,0.0009636696540425942,,,0.006263852751276862,0.0009636696540425942,,0.06899874722944975,,,,,0.010407632263660017,0.0030837428929363013,,0.0030837428929363013,,0.0009636696540425942,0.005203816131830009,,,,0.006263852751276862,,0.012527705502553724,0.0009636696540425942,,0.004143779512383155,0.006263852751276862,0.014647778741447431
,0.002023706273489448,,,0.0030837428929363013,0.22530596511515855,0.012527705502553724,0.047027079117278596,0.1161221933121326,0.007323889370723716,0.0009636696540425942,,0.0009636696540425942,0.0030837428929363013,,,,,,0.10985834056085574,0.0009636696540425942,0.032379300375831165,0.005203816131830009,0.08268285631685458,0.0009636696540425942,0.0009636696540425942,,,,,,,,,0.002023706273489448,,0.10041437795123831,0.002023706273489448,,,,0.005203816131830009,,0.06379493109761973,0.007323889370723716,,,,,0.0009636696540425942,0.0009636696540425942,0.006263852751276862,,,0.08162281969740773,0.002023706273489448,0.0009636696540425942,,,0.010407632263660017,0.007323889370723716,,0.0030837428929363013,,0.0009636696540425942,,,,,0.004143779512383155,,0.007323889370723716,,,0.010407632263660017,0.005203816131830009,0.026115447624554304
,0.002023706273489448,,,0.002023706273489448,0.28910089621277824,0.004143779512383155,0.03488484147634191,0.1196877710320902,0.002023706273489448,0.0009636696540425942,,,0.01156403584851113,,0.0009636696540425942,,,,0.08788667244868459,,0.025344511901320227,0.0030837428929363013,0.04336513443191674,0.0030837428929363013,0.0009636696540425942,,,,,,,,,,,0.10272718512094055,0.0030837428929363013,,,0.0009636696540425942,0.012624072467957983,,0.051845427387491566,0.002023706273489448,,,,0.0009636696540425942,0.002023706273489448,,0.005203816131830009,,,0.10166714850149369,,0.0009636696540425942,,,0.027464585140213934,0.0009636696540425942,,0.005203816131830009,,0.004143779512383155,,0.0009636696540425942,0.002023706273489448,0.0030837428929363013,0.00838392599017057,,0.006263852751276862,,,,0.0030837428929363013,0.02322443866242652
,0.0010600366194468537,,,0.0064565866820853815,0.3430663968391634,0.0064565866820853815,0.0337284378914908,0.08711573672545052,0.0010600366194468537,0.0010600366194468537,,,0.003180109858340561,,0.0010600366194468537,0.0010600366194468537,,,0.09800520381613183,,0.039124987954129324,0.0064565866820853815,0.05223089524910861,0.0010600366194468537,0.0021200732388937074,,,,,,,,,0.0010600366194468537,0.003180109858340561,0.06639683916353474,,,,,0.0097330635058302,0.0010600366194468537,0.06639683916353474,0.0021200732388937074,,0.003180109858340561,,0.0021200732388937074,,,0.005396550062638527,,,0.09251228678808904,0.0010600366194468537,0.0021200732388937074,,0.0010600366194468537,0.019562493977064662,0.0010600366194468537,,0.0021200732388937074,,,0.0021200732388937074,0.0010600366194468537,0.0021200732388937074,,0.005396550062638527,,0.004336513443191674,,,0.0021200732388937074,0.0021200732388937074,0.016286017153319843
,,,,0.0010600366194468537,0.3408499566348656,0.0010600366194468537,0.041052327262214514,0.10870193697600462,,,,,0.00327647682374482,,,,0.0010600366194468537,,0.09646333236966367,,0.03661944685361858,0.0010600366194468537,0.04991808807940638,,0.004432880408595933,0.0022164402042979666,,,,,,,,0.0022164402042979666,0.0022164402042979666,0.08316469114387588,0.0010600366194468537,,0.0010600366194468537,0.0010600366194468537,0.00992579743663872,,0.07323889370723716,,,0.0010600366194468537,,0.0022164402042979666,,0.0022164402042979666,0.005492917028042787,,,0.08316469114387588,0.0022164402042979666,,,,0.007709357232340753,,,0.0022164402042979666,,,0.00327647682374482,0.0010600366194468537,0.0022164402042979666,,0.004432880408595933,,0.00327647682374482,,,,0.004432880408595933,0.0132986412257878
,0.00992579743663872,,,,0.2630818155536282,,0.041052327262214514,0.1187241013780476,,,,,0.011082201021489834,,0.0010600366194468537,,,,0.13308277922328227,,0.0398959236773634,0.0022164402042979666,0.061000289100896214,0.0010600366194468537,0.0022164402042979666,0.0010600366194468537,,,,,,,,0.0022164402042979666,0.0066493206128939,0.08653753493302496,,,,,0.011082201021489834,,0.07102245350293919,,,,,,,0.0010600366194468537,0.005492917028042787,,,0.07873181073527995,,,,,0.00992579743663872,,,0.0010600366194468537,,0.0022164402042979666,0.005492917028042787,0.0010600366194468537,0.00327647682374482,,,,0.00327647682374482,,,0.0022164402042979666,0.0132986412257878,0.00992579743663872
,0.0021200732388937074,,,0.0021200732388937074,0.29218463910571446,,0.04452153801676785,0.10436542353281295,0.004336513443191674,,,,0.0097330635058302,,,,,,0.10985834056085574,,0.02495904403970319,0.004336513443191674,0.0848029295557483,0.0021200732388937074,0.0064565866820853815,0.0010600366194468537,,,,,,0.0021200732388937074,,0.003180109858340561,0.0021200732388937074,0.09463236002698275,0.0010600366194468537,,,,0.007612990266936494,,0.06851691240242845,0.0010600366194468537,,0.0010600366194468537,,0.0021200732388937074,,0.0021200732388937074,0.0064565866820853815,,,0.07940637949310976,,,,,0.016286017153319843,,,0.0010600366194468537,,,,0.0010600366194468537,,,,,0.0021200732388937074,,,0.003180109858340561,0.003180109858340561,0.008673026886383347
,0.00327647682374482,,,,0.25585429314830876,0.0021200732388937074,0.048472583598342486,0.10369085477498313,0.005492917028042787,,,,0.013202274260383541,,0.0010600366194468537,,,,0.15437987857762359,,0.03199383251421413,0.0010600366194468537,0.05512190421123639,,0.00327647682374482,0.0021200732388937074,,,,,,0.0010600366194468537,,0.0021200732388937074,,0.10918377180302592,0.0010600366194468537,,,,0.020911631492724295,0.0010600366194468537,0.07603353570396068,0.0021200732388937074,,,,0.00327647682374482,,0.0010600366194468537,0.005492917028042787,,,0.06398766502842826,,,,,0.00992579743663872,0.0021200732388937074,,0.0021200732388937074,,0.0010600366194468537,,,,,0.0010600366194468537,,0.0021200732388937074,,,,0.004336513443191674,0.008769393851787608
,0.0010600366194468537,,,0.0010600366194468537,0.3498120844174616,,0.03979955671195914,0.08191192059362051,0.00327647682374482,0.0010600366194468537,,,0.010985834056085574,,,0.0010600366194468537,,,0.1007034788474511,,0.03536667630336321,0.0010600366194468537,0.04972535414859786,,0.0010600366194468537,,,,0.0010600366194468537,,,,,0.0010600366194468537,,0.1007034788474511,,,,,0.00327647682374482,,0.07853907680447143,0.0021200732388937074,,0.010985834056085574,,0.0010600366194468537,,,0.004336513443191674,,,0.09405415823455719,,,,,0.00327647682374482,0.0010600366194468537,,0.004336513443191674,,0.0010600366194468537,0.0021200732388937074,0.0010600366194468537,,,,,0.0010600366194468537,,,0.0010600366194468537,0.0021200732388937074,0.007709357232340753
,0.005589283993447046,,,0.0010600366194468537,0.20757444348077503,,0.053772766695576756,0.10523272622145129,0.0010600366194468537,0.0022164402042979666,,,0.01792425556519225,,0.004432880408595933,,,0.0022164402042979666,0.10523272622145129,,0.039124987954129324,0.0022164402042979666,0.09289775464970608,,0.0022164402042979666,0.0010600366194468537,,,,,,0.0010600366194468537,,,0.0010600366194468537,0.1175676977931965,0.0010600366194468537,,,,0.004432880408595933,,0.06716777488676881,0.0022164402042979666,,0.00327647682374482,,0.0010600366194468537,0.0010600366194468537,,0.005589283993447046,,,0.09964344222800424,,,,,0.0066493206128939,0.0010600366194468537,,0.0066493206128939,,,0.0010600366194468537,0.0010600366194468537,,,0.011178567986894093,,0.0022164402042979666,,,0.00327647682374482,0.00327647682374482,0.014551411776043173
,0.0010600366194468537,,,,0.47460730461597767,,0.023802640454852076,0.10311265298255758,0.0022164402042979666,0.0010600366194468537,,,0.005589283993447046,,,,,,0.07140792136455623,,0.01811698949600077,0.0022164402042979666,0.03623397899200154,0.0010600366194468537,0.0010600366194468537,,,,0.0010600366194468537,,,,,0.0010600366194468537,,0.07140792136455623,,,,,0.0022164402042979666,,0.04644887732485304,0.0010600366194468537,,0.0022164402042979666,,0.0022164402042979666,0.0022164402042979666,,0.0022164402042979666,,0.0010600366194468537,0.07709357232340754,,,,,0.007902091163149272,0.00337284378914908,,0.00337284378914908,,0.0010600366194468537,0.0010600366194468537,0.0010600366194468537,,,0.005589283993447046,,0.00337284378914908,,,,0.00674568757829816,0.014647778741447431
,0.0030837428929363013,,,,0.3399826539462273,,0.04326876746651248,0.09183771803025922,,,,,0.005203816131830009,,,,,,0.10870193697600462,,0.042208730847065626,0.0030837428929363013,0.052809097041534164,0.0009636696540425942,0.002023706273489448,0.002023706273489448,,,0.0009636696540425942,,,,,0.0030837428929363013,0.0009636696540425942,0.08653753493302496,0.005203816131830009,,,,0.007323889370723716,,0.07073335260672642,,,,,0.0009636696540425942,0.0009636696540425942,0.0009636696540425942,0.004143779512383155,,0.0009636696540425942,0.07497349908451383,,,,,0.010503999229064276,,,0.002023706273489448,,,0.002023706273489448,,,,,,0.006263852751276862,,,0.005203816131830009,0.006263852751276862,0.014744145706851692
,0.003180109858340561,,,0.0010600366194468537,0.3823841187241013,,0.0501108220102149,0.08865760817191867,,,,,0.004240146477787415,,0.005300183097234268,,,,0.08750120458706755,,0.03517394237255469,0.0021200732388937074,0.06514406861327937,,0.0010600366194468537,0.0010600366194468537,,,0.0010600366194468537,,,,,0.0010600366194468537,,0.08538113134817385,0.0010600366194468537,,,0.0010600366194468537,0.003180109858340561,,0.06408403199383252,,,,0.0010600366194468537,,,0.0010600366194468537,,,,0.08008094825093957,,,,,0.00848029295557483,,,0.003180109858340561,,,0.0021200732388937074,,,0.0010600366194468537,0.0010600366194468537,,0.005300183097234268,,,0.0010600366194468537,0.003180109858340561,0.00848029295557483
,0.004336513443191674,,,0.0021200732388937074,0.38248048568950566,,0.042015996916257105,0.08403199383251421,,,,,0.00327647682374482,,0.0010600366194468537,,,0.0010600366194468537,0.09839067167774887,,0.029777392309916162,0.0021200732388937074,0.05078539076804471,,,,0.0010600366194468537,,0.0010600366194468537,,,0.0021200732388937074,,0.0010600366194468537,0.0021200732388937074,0.089524910860557,0.0010600366194468537,,0.0010600366194468537,0.0010600366194468537,0.005492917028042787,,0.06408403199383252,,0.0010600366194468537,,0.0010600366194468537,,,0.0010600366194468537,,,,0.09945070829719573,0.0010600366194468537,,,,0.004336513443191674,,,0.0010600366194468537,,,0.0010600366194468537,,,,,,0.00327647682374482,,,,0.0010600366194468537,0.014358677845234653
,0.0021200732388937074,,0.0010600366194468537,0.0021200732388937074,0.3299604895441841,,0.0368121807844271,0.08008094825093957,,,,,0.0097330635058302,,,,,0.0010600366194468537,0.11795316565481354,,0.03565577719957599,0.003180109858340561,0.07902091163149272,,,0.005396550062638527,,,0.0010600366194468537,,,0.0010600366194468537,0.0010600366194468537,0.0021200732388937074,0.0010600366194468537,0.08769393851787607,,,0.0021200732388937074,0.008576659920979088,0.0064565866820853815,,0.07574443480774791,0.0021200732388937074,,,0.0021200732388937074,,,,0.0010600366194468537,,,0.07796087501204588,0.0010600366194468537,,,,0.004240146477787415,,,,,,,0.0021200732388937074,,,,,0.003180109858340561,,,0.0010600366194468537,0.003180109858340561,0.010793100125277054
,0.0021200732388937074,,0.00327647682374482,0.0021200732388937074,0.22684783656162655,,0.05261636311072564,0.13173364170762264,,0.005396550062638527,,,0.005396550062638527,,0.004336513443191674,,,,0.1130384504191963,0.00655295364748964,0.03180109858340561,0.004336513443191674,0.04384696925893804,0.0010600366194468537,,0.0010600366194468537,,,0.0010600366194468537,,0.0021200732388937074,,,0.0021200732388937074,0.0010600366194468537,0.09549966271562109,0.0010600366194468537,,,0.0010600366194468537,0.008769393851787608,,0.08779030548328033,0.00327647682374482,,0.00327647682374482,,,0.0021200732388937074,,0.00655295364748964,,0.0010600366194468537,0.08229738845523754,0.0021200732388937074,,0.00327647682374482,0.0010600366194468537,0.0021200732388937074,,0.0010600366194468537,,,,0.004336513443191674,,,0.0010600366194468537,,,0.00327647682374482,,,0.0021200732388937074,0.02630818155536282,0.018598824323022067
0.0010600366194468537,0.005396550062638527,,0.004336513443191674,0.015225980533872988,0.20304519610677463,,0.051363592560470274,0.14763419099932543,0.0010600366194468537,0.00655295364748964,,,0.011949503710128168,,0.014165943914426134,,,0.0010600366194468537,0.07439529729208827,0.010889467090681315,0.03825768526549099,0.00327647682374482,0.06668594005974753,0.0010600366194468537,0.0010600366194468537,0.0010600366194468537,,,,,0.004336513443191674,,,,0.0010600366194468537,0.11371301917702611,0.0021200732388937074,,0.00327647682374482,0.004336513443191674,0.015225980533872988,,0.06119302303170473,0.00327647682374482,,0.0021200732388937074,,0.0010600366194468537,0.0021200732388937074,0.0010600366194468537,0.00655295364748964,,,0.08528476438276959,,,,,0.0163823841187241,0.005396550062638527,,,,,0.0010600366194468537,,,,,,,,,0.004336513443191674,,0.00655295364748964
,0.0021200732388937074,,0.0021200732388937074,0.0010600366194468537,0.43991519707044424,0.0021200732388937074,0.042015996916257105,0.11949503710128168,,0.007709357232340753,,,0.00655295364748964,,0.0021200732388937074,0.0010600366194468537,0.0021200732388937074,,0.06861327936783271,0.007709357232340753,0.02322443866242652,0.0021200732388937074,0.061963958754938805,,0.0021200732388937074,,0.0021200732388937074,,,,0.00327647682374482,,,,,0.061963958754938805,,,0.00327647682374482,0.0010600366194468537,0.0021200732388937074,,0.050881757733448975,0.00327647682374482,,0.0010600366194468537,,0.00327647682374482,0.00655295364748964,,0.00327647682374482,,,0.03979955671195914,,,,,0.004336513443191674,0.0021200732388937074,,0.0021200732388937074,,,,,,,,,,,,0.0010600366194468537,0.00327647682374482,0.010985834056085574
,0.0021200732388937074,,0.003180109858340561,0.004240146477787415,0.4597667919437216,0.0010600366194468537,0.02370627348944782,0.07121518743374772,,0.004240146477787415,,,0.004240146477787415,,0.0010600366194468537,,,0.0021200732388937074,0.07333526067264141,0.009636696540425942,0.029102823552086345,0.0021200732388937074,0.0496289871831936,,,,,,0.0021200732388937074,,0.003180109858340561,,,0.0010600366194468537,,0.0496289871831936,,,,,0.0021200732388937074,,0.04741254697889564,0.0010600366194468537,,,,0.003180109858340561,0.0021200732388937074,0.0010600366194468537,0.0010600366194468537,,,0.089524910860557,0.0010600366194468537,,0.0010600366194468537,,0.022646236870000964,0.005300183097234268,,0.0010600366194468537,,,0.0010600366194468537,0.003180109858340561,,,,,0.003180109858340561,,,0.0010600366194468537,0.0010600366194468537,0.01503324660306447
,0.004143779512383155,,0.0009636696540425942,0.002023706273489448,0.4276765924641034,,0.029488291413703384,0.066493206128939,,,,,0.0030837428929363013,,,,,,0.09183771803025922,,0.02842825479425653,0.0030837428929363013,0.050689023802640454,,0.002023706273489448,0.0009636696540425942,,,0.0030837428929363013,,0.002023706273489448,0.0009636696540425942,,0.0009636696540425942,,0.07285342584562012,,,,,,,0.07285342584562012,,,,,,,,0.0009636696540425942,,,0.08759757155247182,0.0009636696540425942,,,,0.006263852751276862,,0.002023706273489448,0.0009636696540425942,,0.0030837428929363013,0.002023706273489448,,0.0009636696540425942,,,,0.00838392599017057,,,,0.007323889370723716,0.015804182326298544
,0.004143779512383155,,0.0009636696540425942,,0.4122578779994217,,0.04972535414859786,0.07718993928881179,0.0009636696540425942,,,,0.009443962609617423,,0.0009636696540425942,,,,0.07400982943047124,,0.024284475281873375,0.002023706273489448,0.06668594005974753,,0.002023706273489448,,,,,,0.0009636696540425942,,,0.002023706273489448,,0.0930904885805146,,,,,0.002023706273489448,,0.06456586682085382,,,0.0009636696540425942,,0.0009636696540425942,,0.0009636696540425942,0.0009636696540425942,,0.0009636696540425942,0.07506986604991808,0.0009636696540425942,,,,0.007323889370723716,,0.0009636696540425942,0.0009636696540425942,,0.002023706273489448,,0.0009636696540425942,0.0009636696540425942,0.0009636696540425942,,,0.002023706273489448,,,0.0030837428929363013,0.0009636696540425942,0.01156403584851113
,0.005011082201021489,,0.0019273393080851884,0.003951045581574636,0.38016767851980326,,0.043461501397320995,0.07275705888021586,,,,,0.005011082201021489,,0.002987375927532042,,,,0.1232533487520478,,0.02322443866242652,0.003951045581574636,0.06562590344030067,0.0009636696540425942,0.0009636696540425942,,,,,,0.0019273393080851884,0.0009636696540425942,0.007034788474510938,0.0009636696540425942,,0.0788281777006842,,,,0.0009636696540425942,0.005974751855064084,,0.06466223378625807,0.0009636696540425942,,0.002987375927532042,,0.0009636696540425942,0.0009636696540425942,0.0009636696540425942,,,,0.052519996145321386,,,,,0.007034788474510938,,,,,,0.0019273393080851884,0.002987375927532042,,0.007998458128553532,,,0.005011082201021489,0.0009636696540425942,,0.005011082201021489,,0.015129613568468729
,0.00838392599017057,,0.002023706273489448,0.0009636696540425942,0.2531560181169894,,0.042208730847065626,0.10571456104847259,0.0009636696540425942,,,,0.00838392599017057,,0.0009636696540425942,0.0009636696540425942,,,0.12151874337477113,,0.024284475281873375,0.004143779512383155,0.052809097041534164,0.0009636696540425942,0.050689023802640454,0.0009636696540425942,,,,,,,,0.0030837428929363013,,0.07506986604991808,,,0.007323889370723716,,0.004143779512383155,,0.08981401175676978,0.004143779512383155,,0.007323889370723716,,,0.0030837428929363013,0.002023706273489448,,,,0.07612990266936494,,,,,0.0030837428929363013,,0.002023706273489448,0.0030837428929363013,,,0.002023706273489448,0.0009636696540425942,0.0009636696540425942,,,,0.002023706273489448,0.0009636696540425942,,0.004143779512383155,0.002023706273489448,0.027464585140213934
,0.027368218174809677,,0.004143779512383155,0.0009636696540425942,0.24978317432784036,0.0009636696540425942,0.047316180013491374,0.112556615592175,,,,,0.0009636696540425942,,0.0009636696540425942,0.0009636696540425942,,,0.08210465452442903,,0.024188108316469115,0.0030837428929363013,0.06938421509106678,,0.0009636696540425942,0.0009636696540425942,0.002023706273489448,,,,,,,0.0009636696540425942,0.002023706273489448,0.07256432494940734,0.002023706273489448,,0.01156403584851113,,0.0030837428929363013,,0.10523272622145129,0.007323889370723716,,0.0009636696540425942,,,0.0009636696540425942,,,,0.0009636696540425942,0.09684880023128072,,,,,0.0030837428929363013,,,,,,0.002023706273489448,,0.0009636696540425942,,0.0030837428929363013,,0.0009636696540425942,,,0.005203816131830009,0.0030837428929363013,0.04837621663293823
,0.007805724197745013,,0.0010600366194468537,0.004432880408595933,0.44752818733738065,0.0010600366194468537,0.0557964729690662,0.08711573672545052,0.0010600366194468537,,,,0.0010600366194468537,0.0010600366194468537,0.008865760817191867,0.0010600366194468537,0.0010600366194468537,,0.0557964729690662,,0.014455044810638912,0.00327647682374482,0.049147152356172306,0.0022164402042979666,0.0022164402042979666,,,,,,,,,0.004432880408595933,0.0010600366194468537,0.06369856413221547,,,,0.0010600366194468537,0.005492917028042787,,0.051363592560470274,0.004432880408595933,,0.0022164402042979666,,,0.0022164402042979666,,,,,0.07034788474510938,,,,,0.00327647682374482,,,0.0022164402042979666,,,0.0010600366194468537,,,,,,0.0066493206128939,,0.0010600366194468537,0.004432880408595933,0.005492917028042787,0.023417172593235037
,0.0021200732388937074,,,0.0064565866820853815,0.39905560373903826,,0.04789438180591693,0.08162281969740773,,,,,0.003180109858340561,,0.0010600366194468537,,,,0.13173364170762264,,0.02177893418136263,0.0021200732388937074,0.03806495133468247,,0.0021200732388937074,0.0010600366194468537,,,,,,,,0.003180109858340561,0.0021200732388937074,0.06639683916353474,,,,,0.0064565866820853815,,0.0674568757829816,0.0010600366194468537,,,,,,,,,,0.06967331598727956,,,,,0.003180109858340561,,0.0010600366194468537,0.0010600366194468537,,,0.003180109858340561,,,,,,0.015225980533872988,,,0.005396550062638527,,0.016286017153319843
,0.0022164402042979666,,0.0010600366194468537,0.00327647682374482,0.4571648838778066,,0.04153416208923581,0.0741061963958755,0.0022164402042979666,,,,0.0022164402042979666,,0.0010600366194468537,,,,0.1033053869133661,,0.026886383347788378,0.004432880408595933,0.02804278693263949,,0.008962127782596125,0.0010600366194468537,0.0010600366194468537,,,,,0.0066493206128939,,0.004432880408595933,0.004432880408595933,0.07516623301532235,0.0010600366194468537,,,,0.004432880408595933,0.0010600366194468537,0.05049628987183193,,,0.0010600366194468537,,,,,,,0.0010600366194468537,0.06167485785872603,,,,,,,0.0022164402042979666,0.0010600366194468537,,0.00327647682374482,0.0010600366194468537,,,,,,0.00327647682374482,,,0.005589283993447046,,0.013395008191192059
,0.009540329575021683,,,0.0010600366194468537,0.4027175484244001,,0.042690565674086925,0.05656740869230028,0.004240146477787415,,,,0.0010600366194468537,,,,,,0.10147441457068516,,0.03199383251421413,0.0021200732388937074,0.05656740869230028,0.0010600366194468537,0.0010600366194468537,0.0010600366194468537,,,,,,0.0021200732388937074,,0.005300183097234268,0.0021200732388937074,0.0864411679676207,,,,,0.0021200732388937074,,0.054447335453406576,0.0010600366194468537,,,,,,,,,0.0010600366194468537,0.08538113134817385,,0.003180109858340561,,,0.003180109858340561,,0.0010600366194468537,0.0010600366194468537,,,0.006360219716681122,,0.0010600366194468537,0.003180109858340561,,,0.00848029295557483,0.0010600366194468537,,0.004240146477787415,0.0010600366194468537,0.012816806398766502
,0.007323889370723716,,0.0009636696540425942,0.002023706273489448,0.38884070540618665,,0.030548328033150236,0.08123735183579069,0.0009636696540425942,,,,,,,,,,0.1140021200732389,0.0009636696540425942,0.03266840127204394,0.0030837428929363013,0.04644887732485304,,,,,,0.0009636696540425942,,,,,0.002023706273489448,0.004143779512383155,0.09819793774694034,,,,,0.002023706273489448,0.0009636696540425942,0.07497349908451383,0.0030837428929363013,,0.0009636696540425942,0.0009636696540425942,,,0.002023706273489448,0.002023706273489448,,0.0009636696540425942,0.05174906042208731,,,,,0.0009636696540425942,,0.0009636696540425942,,,0.0030837428929363013,0.007323889370723716,,,,,,0.0030837428929363013,,,0.00838392599017057,0.0030837428929363013,0.018984292184639106
,0.004240146477787415,,0.0010600366194468537,0.0021200732388937074,0.20102148983328505,,0.0372940156114484,0.12604799074877132,,,,,0.0021200732388937074,,0.006360219716681122,,,,0.11535125758889853,0.0010600366194468537,0.03411390575310783,0.0021200732388937074,0.05974751855064084,,0.01166040281391539,,,,0.0010600366194468537,,,,,0.003180109858340561,0.0021200732388937074,0.10465452442902573,0.009540329575021683,,,,0.0021200732388937074,,0.09289775464970608,0.003180109858340561,,,,0.0010600366194468537,,0.005300183097234268,0.003180109858340561,,,0.08865760817191867,0.0010600366194468537,,,,0.013876843018213356,0.0021200732388937074,,0.0010600366194468537,,0.0021200732388937074,0.003180109858340561,,,0.02987375927532042,,,0.0021200732388937074,,,0.00848029295557483,0.005300183097234268,0.009540329575021683
,0.0021200732388937074,,0.0021200732388937074,0.00327647682374482,0.20391249879541296,,0.026404548520767082,0.12209694516719669,0.0021200732388937074,,,,0.013202274260383541,,0.013202274260383541,,,,0.10340175387877036,,0.03517394237255469,0.00327647682374482,0.08249012238604607,,0.004336513443191674,,,,0.0010600366194468537,,,,,0.0021200732388937074,0.00327647682374482,0.07699720535800328,0.0021200732388937074,,,,0.017538787703575216,,0.06273489447817288,0.004336513443191674,,0.004336513443191674,,0.0010600366194468537,,0.004336513443191674,0.005492917028042787,,,0.08798303941408885,0.0010600366194468537,,,,0.024188108316469115,0.0021200732388937074,,0.0010600366194468537,,0.0010600366194468537,0.0021200732388937074,0.00327647682374482,,0.05165269345668305,,,0.0010600366194468537,,,0.00327647682374482,0.0010600366194468537,0.017538787703575216
,0.0022164402042979666,,0.0010600366194468537,0.0010600366194468537,0.43153127108027367,0.0010600366194468537,0.030355594102341718,0.0788281777006842,0.0010600366194468537,,,,0.01011853136744724,,0.005589283993447046,,,,0.07661173749638624,,0.03266840127204394,0.004432880408595933,0.0394140888503421,,0.007805724197745013,,,,,,,,,0.0022164402042979666,,0.05965115158523658,,,,,0.0022164402042979666,,0.040570492435193214,0.0022164402042979666,,0.0010600366194468537,,0.0022164402042979666,0.0010600366194468537,0.004432880408595933,0.004432880408595933,,0.0010600366194468537,0.09347595644213164,0.0022164402042979666,,,,0.005589283993447046,0.0022164402042979666,,0.0010600366194468537,,,,,,0.03151199768719283,,,,0.0010600366194468537,,0.0022164402042979666,0.0010600366194468537,0.014647778741447431
,0.004721981304808711,0.0023128071697022263,,0.007131155439915197,0.3463428736629083,,0.035944878095788765,0.10561819408306833,,,,,0.00838392599017057,,,,0.0011564035848511131,,0.10436542353281295,,0.03835405223089525,0.005974751855064084,0.05396550062638528,,0.004721981304808711,0.0011564035848511131,,,,,,,,,0.0011564035848511131,0.10195624939770646,0.0011564035848511131,,,,0.0011564035848511131,,0.07796087501204588,,,0.0011564035848511131,,,,,0.0023128071697022263,,,0.05994025248144936,,0.0011564035848511131,,,0.0023128071697022263,,0.0011564035848511131,0.0011564035848511131,,0.0023128071697022263,0.0023128071697022263,,,,,,0.004721981304808711,,,0.0035655777199575986,,0.014358677845234653
,0.007034788474510938,0.0011564035848511131,,0.003469210754553339,0.29025729979762926,,0.050689023802640454,0.1002216440204298,,,,,0.0023128071697022263,,,,,,0.08721210369085478,,0.02823552086344801,,0.1002216440204298,0.0011564035848511131,0.009347595644213164,0.0023128071697022263,,,,,0.0011564035848511131,0.0011564035848511131,,0.0011564035848511131,0.0023128071697022263,0.07073335260672642,0.0011564035848511131,,,,0.003469210754553339,,0.12498795412932447,,,0.003469210754553339,,,,,0.0011564035848511131,,,0.07304615977642864,,,,,0.004625614339404453,,0.0023128071697022263,,,,0.003469210754553339,0.0011564035848511131,,,,,0.004625614339404453,,,0.0011564035848511131,0.0023128071697022263,0.012913173364170763
,0.0066493206128939,,0.0010600366194468537,0.0010600366194468537,0.39211718222993175,,0.04567794160161896,0.08143008576659921,0.005492917028042787,,,,0.0066493206128939,,0.0010600366194468537,0.0010600366194468537,,,0.10041437795123831,0.0010600366194468537,0.029006456586682085,0.0022164402042979666,0.050207188975619155,0.0022164402042979666,0.008865760817191867,,,,0.0010600366194468537,,,,,0.0022164402042979666,0.005492917028042787,0.07140792136455623,0.0010600366194468537,,,,0.004432880408595933,,0.06919148116025826,,,0.0022164402042979666,,,0.0010600366194468537,,0.0022164402042979666,,,0.059072949792811025,,,,,0.005492917028042787,,0.0010600366194468537,,,,0.0022164402042979666,,,,,,0.010022164402042979,,,0.00327647682374482,0.0022164402042979666,0.020044328804085958
,0.006360219716681122,0.0010600366194468537,0.0021200732388937074,0.0010600366194468537,0.344030066493206,,0.04182326298544859,0.12132600944396262,0.003180109858340561,,,,0.0010600366194468537,,0.004240146477787415,,,0.0010600366194468537,0.10523272622145129,0.0021200732388937074,0.026790016382384117,,0.062253059651151584,,0.006360219716681122,,,,0.0010600366194468537,,,,,0.0010600366194468537,0.005300183097234268,0.07188975619157753,0.0010600366194468537,,,,0.005300183097234268,0.0010600366194468537,0.07516623301532235,0.0021200732388937074,,0.0010600366194468537,,,,,,,,0.07082971957213068,,,,,0.004240146477787415,0.003180109858340561,0.003180109858340561,,,,0.0021200732388937074,,,0.0010600366194468537,0.0010600366194468537,,0.009636696540425942,0.0010600366194468537,,0.003180109858340561,0.0010600366194468537,0.004240146477787415
,0.003180109858340561,0.004336513443191674,0.004336513443191674,0.0010600366194468537,0.16170376794834718,,0.040088657608171915,0.14002120073238894,,,,,0.0010600366194468537,0.0010600366194468537,0.0097330635058302,,,0.0010600366194468537,0.135588320323793,0.0010600366194468537,0.027079117278596895,,0.08567023224438662,,0.0021200732388937074,,,,0.003180109858340561,,,,,0.0010600366194468537,0.004336513443191674,0.06504770164787511,0.0010600366194468537,,,0.0010600366194468537,0.003180109858340561,,0.11718222993157945,0.0064565866820853815,0.0021200732388937074,0.003180109858340561,,,0.0021200732388937074,0.003180109858340561,,,,0.10956923966464296,,,,,0.010793100125277054,0.0010600366194468537,0.0010600366194468537,0.0064565866820853815,,,0.004336513443191674,0.0021200732388937074,,0.003180109858340561,,,0.014069576949021875,0.0010600366194468537,,0.0021200732388937074,0.0021200732388937074,0.0097330635058302
,0.0022164402042979666,,,0.0010600366194468537,0.0979088368507276,0.0010600366194468537,0.04452153801676785,0.15187433747711285,0.0010600366194468537,,0.0022164402042979666,,0.01484051267225595,,0.004529247374000193,,,,0.09819793774694034,0.00337284378914908,0.02852462175966079,,0.07988821432013106,,0.0022164402042979666,0.0022164402042979666,,,0.0010600366194468537,,0.0010600366194468537,,,,0.004529247374000193,0.07073335260672642,0.0022164402042979666,,,0.0010600366194468537,0.012527705502553724,0.0010600366194468537,0.08104461790498217,0.004529247374000193,0.0010600366194468537,0.0022164402042979666,,,,,0.0010600366194468537,,,0.19523947190902957,,0.0022164402042979666,,0.0010600366194468537,0.02852462175966079,,0.0022164402042979666,0.004529247374000193,,,0.0022164402042979666,0.0010600366194468537,,0.004529247374000193,0.00337284378914908,,0.02283897080080948,,,0.007902091163149272,0.00337284378914908,0.0010600366194468537
,0.00327647682374482,,0.0021200732388937074,0.0021200732388937074,0.4693071215187433,0.0010600366194468537,0.030837428929363014,0.09482509395779128,,,0.0010600366194468537,,0.007709357232340753,,0.008769393851787608,,,,0.07940637949310976,0.004336513443191674,0.030837428929363014,0.0010600366194468537,0.04519610677459767,,0.0010600366194468537,0.0010600366194468537,,,0.0010600366194468537,,0.0021200732388937074,,,0.0010600366194468537,0.00327647682374482,0.03411390575310783,,,,,0.005492917028042787,,0.06504770164787511,0.0021200732388937074,0.0021200732388937074,,,,,,0.0021200732388937074,,,0.048472583598342486,,,0.0021200732388937074,0.0010600366194468537,0.015418714464681507,,0.0021200732388937074,0.0010600366194468537,,,0.0021200732388937074,0.0010600366194468537,0.0010600366194468537,,0.0010600366194468537,,0.014262310879830395,,,0.005492917028042787,,0.0021200732388937074
,0.004432880408595933,,0.0010600366194468537,0.00327647682374482,0.3571359737881853,0.0010600366194468537,0.06784234364459864,0.0778645080466416,,,,,0.0066493206128939,,,,,,0.11785679868940926,,0.028910089621277824,,0.06784234364459864,,0.0010600366194468537,0.0022164402042979666,0.0010600366194468537,,,,,0.0022164402042979666,,0.0022164402042979666,0.0010600366194468537,0.060036619446853616,0.0066493206128939,,,,0.0022164402042979666,,0.0833574250746844,,,,,,,,,,,0.06446949985544956,,,,,0.005492917028042787,,,0.00327647682374482,,0.0010600366194468537,0.004432880408595933,,0.0022164402042979666,,,,0.012142237640936688,0.0010600366194468537,0.0010600366194468537,0.0010600366194468537,0.0022164402042979666,0.005492917028042787
,0.00327647682374482,,,0.00655295364748964,0.34007902091163156,0.0010600366194468537,0.04615977642864026,0.08576659920979088,,,,,0.0021200732388937074,,,,,,0.09896887347017443,,0.03295750216825672,0.0010600366194468537,0.07478076515370531,,,0.0021200732388937074,,,,,,,,0.0010600366194468537,,0.11005107449166426,0.0021200732388937074,,,,0.0021200732388937074,,0.08249012238604607,,,0.0010600366194468537,,,,0.0010600366194468537,0.0010600366194468537,,,0.0593620506890238,,0.0010600366194468537,,,0.00655295364748964,,,0.0010600366194468537,,,0.00327647682374482,,0.0021200732388937074,,,,0.018695191288426328,0.0021200732388937074,,0.00327647682374482,0.0010600366194468537,0.005492917028042787
,0.004529247374000193,,,0.007998458128553532,0.2974848222029488,,0.04230509781246988,0.08114098487038643,0.0010600366194468537,,,,0.006842054543702419,,,,,0.0010600366194468537,0.11997687192830297,,0.037679483473065434,0.0022164402042979666,0.06851691240242845,0.0010600366194468537,0.0022164402042979666,,,,0.0022164402042979666,,,0.0022164402042979666,,0.0022164402042979666,0.0022164402042979666,0.10976197359545148,0.0010600366194468537,,,0.00337284378914908,0.004529247374000193,,0.0731425267418329,0.0010600366194468537,,,,,,,0.0010600366194468537,,,0.051363592560470274,,,,0.004529247374000193,0.004529247374000193,,0.00337284378914908,,,,0.0010600366194468537,,,,,,0.047990748771321194,,,0.004529247374000193,,0.005685650958851306
,0.00337284378914908,0.0010600366194468537,,,0.18897561915775274,0.0010600366194468537,0.049147152356172306,0.11429122096945167,,,,,0.004529247374000193,,,,,,0.11197841379974945,,0.02852462175966079,0.0010600366194468537,0.08461019562493977,,0.0022164402042979666,0.0010600366194468537,,,,,,0.00337284378914908,,0.0010600366194468537,0.007998458128553532,0.09945070829719573,0.0022164402042979666,0.00337284378914908,,0.0010600366194468537,0.00337284378914908,,0.08114098487038643,0.00337284378914908,,0.0022164402042979666,,,,,0.00337284378914908,,,0.09029584658379107,,,,0.0022164402042979666,0.005685650958851306,,,0.004529247374000193,,0.00337284378914908,0.0010600366194468537,,,,,0.0010600366194468537,0.06514406861327937,0.0022164402042979666,,0.007998458128553532,,0.012527705502553724
,0.004336513443191674,,0.0021200732388937074,0.0010600366194468537,0.1291317336417076,0.00327647682374482,0.05502553724583213,0.11120747807651538,,,,,0.00327647682374482,,,,,0.00327647682374482,0.09916160740098294,,0.024188108316469115,,0.08701936976004626,0.0010600366194468537,0.012045870675532427,0.0010600366194468537,,,0.010985834056085574,,,,0.015418714464681507,,0.010985834056085574,0.1068709646333237,0.0010600366194468537,0.004336513443191674,0.0010600366194468537,0.0010600366194468537,0.00327647682374482,,0.08923580996434423,0.007709357232340753,,0.0010600366194468537,,,,,0.0021200732388937074,,,0.09800520381613183,,,,,0.009829430471234461,0.0010600366194468537,0.0010600366194468537,,,,,,,0.012045870675532427,,,0.052809097041534164,0.0010600366194468537,0.0021200732388937074,0.017538787703575216,0.004336513443191674,0.007709357232340753
,0.003180109858340561,,0.0010600366194468537,0.0010600366194468537,0.13385371494651632,0.005300183097234268,0.05174906042208731,0.10899103787221741,,,,,0.013973209983617617,,,,,0.0021200732388937074,0.09819793774694034,,0.026886383347788378,0.0010600366194468537,0.10243808422472776,0.0010600366194468537,0.004240146477787415,0.0021200732388937074,,,0.0021200732388937074,,,,,0.0010600366194468537,0.004240146477787415,0.08624843403681218,0.003180109858340561,0.0064565866820853815,0.0010600366194468537,,0.0064565866820853815,0.0010600366194468537,0.08412836079791847,0.005300183097234268,,0.0021200732388937074,,,,,0.0010600366194468537,,,0.13057723812277153,0.0010600366194468537,,,0.0010600366194468537,0.005300183097234268,,,,,,0.0010600366194468537,,,0.0064565866820853815,0.0010600366194468537,,0.07661173749638624,0.0010600366194468537,,,0.0010600366194468537,0.012913173364170763
,0.004432880408595933,,0.0022164402042979666,,0.3772766695576756,0.0022164402042979666,0.03131926375638431,0.10291991905174906,,,0.0022164402042979666,,0.008865760817191867,,0.004432880408595933,,0.0022164402042979666,0.0010600366194468537,0.09174135106485497,,0.029006456586682085,,0.06928784812566252,,0.004432880408595933,,,,0.0010600366194468537,,,,,,0.0010600366194468537,0.055892839934470466,0.0010600366194468537,0.0022164402042979666,0.0010600366194468537,0.0010600366194468537,0.004432880408595933,,0.054736436349619354,0.004432880408595933,,0.0010600366194468537,,,,,0.0010600366194468537,0.0010600366194468537,,0.06263852751276862,,,0.0066493206128939,,0.004432880408595933,0.00327647682374482,,,,,0.0010600366194468537,,0.0022164402042979666,,,,0.04808711573672545,,,0.0022164402042979666,,0.005589283993447046
,0.007323889370723716,0.0009636696540425942,0.002023706273489448,,0.3626288908162282,,0.041052327262214514,0.06630047219813048,,,,,0.0030837428929363013,,0.002023706273489448,,,0.0030837428929363013,0.09800520381613183,,0.030548328033150236,0.0030837428929363013,0.0684205454370242,,0.0030837428929363013,,,,,,,0.0009636696540425942,0.0009636696540425942,,0.0009636696540425942,0.11795316565481354,,,,,0.002023706273489448,,0.08528476438276959,0.0030837428929363013,,0.0030837428929363013,,,,0.0009636696540425942,0.0009636696540425942,,,0.05897658282740677,,,,,0.0009636696540425942,,0.002023706273489448,,,0.0009636696540425942,0.002023706273489448,,,,,,0.006263852751276862,,0.006263852751276862,,0.006263852751276862,0.00838392599017057
,0.005203816131830009,,0.0009636696540425942,,0.37958947672737786,0.0009636696540425942,0.04288329960489544,0.09954707526259998,,,,,0.004143779512383155,,0.0009636696540425942,,,0.0009636696540425942,0.10581092801387684,,0.027175484244001156,0.0030837428929363013,0.0660113713019177,0.0009636696540425942,0.004143779512383155,,,,0.0009636696540425942,,,,,,0.0009636696540425942,0.07853907680447143,0.002023706273489448,,,,0.0009636696540425942,,0.08065915004336513,,,,,,0.0009636696540425942,0.0009636696540425942,0.0009636696540425942,,,0.06707140792136455,,,,,0.004143779512383155,,,,,0.0009636696540425942,0.0030837428929363013,0.0009636696540425942,0.0009636696540425942,,,,0.0009636696540425942,,,0.002023706273489448,0.005203816131830009,0.005203816131830009
,0.005107449166425749,,0.0009636696540425942,0.0009636696540425942,0.3529921942758022,0.0009636696540425942,0.048472583598342486,0.06803507757540715,,,,,0.004047412546978896,,,,0.0009636696540425942,0.0009636696540425942,0.11246024862677075,,0.02370627348944782,0.0009636696540425942,0.05155632649127879,0.0009636696540425942,0.0030837428929363013,0.0009636696540425942,,,0.0009636696540425942,,,,,0.002023706273489448,0.004047412546978896,0.08971764479136551,0.002023706273489448,,,,0.004047412546978896,,0.08865760817191867,0.0030837428929363013,,,,,0.0009636696540425942,,0.0009636696540425942,,,0.10002891008962128,,,,,0.004047412546978896,,,,,,0.002023706273489448,,0.0009636696540425942,,0.0009636696540425942,,0.004047412546978896,,,0.002023706273489448,0.004047412546978896,0.00819119205936205
,0.005107449166425749,,0.002023706273489448,0.0009636696540425942,0.30557964729690645,0.0009636696540425942,0.057627445311747134,0.11120747807651538,0.0030837428929363013,,,,0.0009636696540425942,,,,,0.002023706273489448,0.11323118435000482,,0.02360990652404356,,0.06273489447817288,,,0.005107449166425749,,,0.0009636696540425942,,,,0.0009636696540425942,0.0009636696540425942,0.002023706273489448,0.1049436253252385,0.002023706273489448,,,,0.002023706273489448,,0.0833574250746844,0.004047412546978896,,,,0.002023706273489448,,,0.002023706273489448,,,0.08229738845523754,,,,,0.002023706273489448,0.0030837428929363013,0.0009636696540425942,,,0.0009636696540425942,,,0.0009636696540425942,,,,,,,0.0009636696540425942,0.005107449166425749,0.004047412546978896
,0.006071118820468344,,0.002023706273489448,,0.28938999710899116,,0.04490700587838489,0.07959911342391827,0.0009636696540425942,,,,0.005011082201021489,,0.0009636696540425942,,,0.004047412546978896,0.12036233978992002,,0.06630047219813048,0.002023706273489448,0.05097812469885323,0.0009636696540425942,0.01011853136744724,0.002987375927532042,,,,,,0.0009636696540425942,0.0009636696540425942,,0.0009636696540425942,0.10002891008962128,0.002023706273489448,,0.0009636696540425942,,0.006071118820468344,,0.06938421509106678,0.002987375927532042,,0.0009636696540425942,,,0.0009636696540425942,,0.002987375927532042,,,0.07343162763804567,,,,0.002023706273489448,0.011178567986894093,0.005011082201021489,,0.002023706273489448,,,0.0009636696540425942,,,,,,0.007131155439915197,,0.0009636696540425942,0.007131155439915197,0.006071118820468344,0.008094825093957791
,0.002023706273489448,,0.002023706273489448,0.002023706273489448,0.15447624554302775,0.010311265298255759,0.043654235328129516,0.1268189264720054,,,,,0.002023706273489448,,0.004143779512383155,,,0.0009636696540425942,0.09877613953936591,,0.050881757733448975,0.0030837428929363013,0.13722655873566542,,0.0061674857858726026,,,,0.0009636696540425942,,,0.0030837428929363013,,,0.002023706273489448,0.1018598824323022,,,,,0.015515081430085767,,0.06128938999710899,0.002023706273489448,,0.004143779512383155,,,,0.004143779512383155,0.002023706273489448,,,0.08836850727570589,,,0.005107449166425749,,0.010311265298255759,0.0030837428929363013,0.002023706273489448,0.004143779512383155,,,0.005107449166425749,0.002023706273489448,,,0.0030837428929363013,,0.005107449166425749,0.0030837428929363013,0.0009636696540425942,0.004143779512383155,0.002023706273489448,0.01975522790787318
,0.006071118820468344,,0.002987375927532042,,0.46285053483665795,0.002023706273489448,0.029777392309916162,0.06774597667919437,,,,,0.006071118820468344,,0.002987375927532042,,0.002023706273489448,0.0009636696540425942,0.08422472776332274,0.002987375927532042,0.022549869904596703,0.002987375927532042,0.044136070155150815,,0.006071118820468344,,,,0.0009636696540425942,,0.0009636696540425942,,,,0.002023706273489448,0.07188975619157753,,,,,0.002023706273489448,,0.05647104172689602,,,0.007131155439915197,,0.002023706273489448,,,,,,0.05338729883395972,,,0.002987375927532042,,0.010214898332851498,0.002987375927532042,0.002023706273489448,0.0009636696540425942,,,0.0009636696540425942,0.0009636696540425942,,0.0009636696540425942,,,0.012238604606340946,0.0009636696540425942,,0.007131155439915197,0.002023706273489448,0.012238604606340946
,0.009058494748000386,,0.002987375927532042,0.0009636696540425942,0.3543413317914619,,0.02023706273489448,0.0942468921653657,,,,,,,,,,0.002023706273489448,0.13076997205358004,,0.016189650187915582,0.005011082201021489,0.06890238026404548,0.0009636696540425942,0.02630818155536282,,,,0.002987375927532042,,,,,,0.004047412546978896,0.09125951623783367,0.002023706273489448,0.0009636696540425942,,,0.004047412546978896,,0.07092608653753493,,,0.002987375927532042,,0.002023706273489448,,0.002023706273489448,0.0009636696540425942,,,0.054736436349619354,,,,0.0009636696540425942,,0.0009636696540425942,0.002023706273489448,0.0009636696540425942,,,0.002987375927532042,,,0.0009636696540425942,,,0.006071118820468344,,,0.002023706273489448,0.002987375927532042,0.009058494748000386
,0.005011082201021489,0.0009636696540425942,0.002023706273489448,0.002023706273489448,0.39144261347210163,,0.03854678616170377,0.0629276284089814,0.0009636696540425942,,,,0.005011082201021489,,,,,0.002023706273489448,0.08827214031030163,,0.028331887828852268,0.0009636696540425942,0.04866531752915101,0.004047412546978896,0.009058494748000386,,,,0.0009636696540425942,,,,,,0.002987375927532042,0.09434325913076998,0.002023706273489448,,,,,0.0009636696540425942,0.07911727859689699,,0.0009636696540425942,0.0009636696540425942,,0.002023706273489448,,0.0009636696540425942,0.002023706273489448,,,0.07208249012238604,,,,,0.007034788474510938,0.002023706273489448,0.0009636696540425942,0.002987375927532042,,,,,0.0009636696540425942,,,,0.017249686807362438,,,0.005011082201021489,0.005011082201021489,0.009058494748000386
,0.006938421509106678,0.0009636696540425942,0.0009636696540425942,0.0019273393080851884,0.3976100992579743,,0.03180109858340561,0.08451382865953551,,,,,0.0019273393080851884,,,,,0.0009636696540425942,0.08846487424111014,,0.023802640454852076,0.0009636696540425942,0.06861327936783271,0.0028910089621277824,0.01185313674472391,,,,0.0009636696540425942,,,,,,,0.08750120458706755,,,,,0.0058783848896598245,,0.06764960971379011,,0.0009636696540425942,0.0009636696540425942,,0.0019273393080851884,,,,,0.0009636696540425942,0.0536763997301725,0.0009636696540425942,,,,0.0028910089621277824,,,0.0009636696540425942,,,,,0.0009636696540425942,,0.0009636696540425942,,0.007902091163149272,,,0.012913173364170763,0.0019273393080851884,0.025826346728341526
,0.026790016382384117,,0.0009636696540425942,0.0009636696540425942,0.26481642093090485,,0.03710128168063988,0.09578876361183386,0.0030837428929363013,,,,0.0030837428929363013,,0.0009636696540425942,,0.002023706273489448,0.002023706273489448,0.10099257974366387,,0.028813722655873567,0.0009636696540425942,0.05974751855064084,0.002023706273489448,0.020526163631107257,0.0009636696540425942,,,,,,,,,0.005107449166425749,0.11226751469596222,0.0009636696540425942,,0.0030837428929363013,0.0009636696540425942,0.02370627348944782,0.0009636696540425942,0.06899874722944975,,,0.0009636696540425942,,0.004047412546978896,,,,,0.002023706273489448,0.0679387106100029,,,,0.002023706273489448,0.0030837428929363013,0.0030837428929363013,0.0009636696540425942,0.0009636696540425942,,,,,0.0009636696540425942,,0.009251228678808905,,0.009251228678808905,,,0.0009636696540425942,0.013395008191192059,0.013395008191192059
,0.0061674857858726026,,0.002023706273489448,0.004143779512383155,0.2487231377083935,,0.04066685940059748,0.0854774983135781,0.0009636696540425942,0.005203816131830009,,,0.005203816131830009,,0.004143779512383155,,,0.0030837428929363013,0.11891683530885612,0.0009636696540425942,0.035463043268767466,0.0030837428929363013,0.07824997590825865,,0.0061674857858726026,,,,0.0009636696540425942,,,,,0.0009636696540425942,0.009347595644213164,0.09174135106485497,,,0.002023706273489448,,0.005203816131830009,,0.07824997590825865,0.0030837428929363013,0.0030837428929363013,0.005203816131830009,0.0009636696540425942,0.004143779512383155,0.002023706273489448,0.0030837428929363013,0.0030837428929363013,,,0.06986604991808808,,,,,0.017731521634383733,0.0030837428929363013,0.002023706273489448,,,,0.005203816131830009,0.0009636696540425942,,,0.0030837428929363013,,0.009347595644213164,0.002023706273489448,,0.004143779512383155,0.002023706273489448,0.018695191288426328
,0.005107449166425749,,0.0009636696540425942,0.002023706273489448,0.14724872313770832,0.0030837428929363013,0.034017538787703576,0.1033053869133661,0.002023706273489448,0.0009636696540425942,,,0.020622530596511517,0.0009636696540425942,0.007227522405319456,0.0009636696540425942,0.0009636696540425942,0.002023706273489448,0.11978413799749446,0.0009636696540425942,0.025826346728341526,0.004047412546978896,0.09704153416208923,0.004047412546978896,0.010311265298255759,,,,,,0.0030837428929363013,,,0.0061674857858726026,0.002023706273489448,0.07747904018502458,0.0030837428929363013,0.0009636696540425942,0.0009636696540425942,,0.022646236870000964,0.0009636696540425942,0.05261636311072564,0.00819119205936205,0.004047412546978896,0.004047412546978896,0.002023706273489448,0.002023706273489448,0.002023706273489448,,0.005107449166425749,0.0009636696540425942,,0.13944299893996337,0.0009636696540425942,0.002023706273489448,0.005107449166425749,,0.0061674857858726026,0.002023706273489448,0.002023706273489448,0.0009636696540425942,,0.0030837428929363013,0.002023706273489448,,,,,,0.012334971571745205,,,0.007227522405319456,0.005107449166425749,0.019562493977064662
,0.00838392599017057,,0.002023706273489448,0.002023706273489448,0.4375060229353378,0.002023706273489448,0.021971668112171147,0.07969548038932255,0.0009636696540425942,0.0009636696540425942,,,0.015707815360894287,,0.004143779512383155,0.0009636696540425942,0.0009636696540425942,0.002023706273489448,0.07545533391153512,0.002023706273489448,0.027271851209405416,,0.045099739809193407,0.006263852751276862,0.005203816131830009,,,,0.0030837428929363013,,0.0009636696540425942,,,0.0009636696540425942,0.0009636696540425942,0.05656740869230028,0.004143779512383155,,,,0.002023706273489448,0.002023706273489448,0.04818348270212971,0.009347595644213164,0.0009636696540425942,0.007323889370723716,0.0009636696540425942,0.002023706273489448,0.0030837428929363013,,0.0009636696540425942,,,0.06707140792136455,,,,,0.005203816131830009,0.002023706273489448,,0.002023706273489448,0.0009636696540425942,0.0009636696540425942,0.00838392599017057,,0.002023706273489448,0.0009636696540425942,,,0.012527705502553724,,,0.005203816131830009,,0.00838392599017057
,0.002987375927532042,,0.0009636696540425942,0.002987375927532042,0.27377854871350105,0.002023706273489448,0.04278693263949118,0.09694516719668497,,,,,0.004047412546978896,0.0009636696540425942,0.0009636696540425942,,,0.002023706273489448,0.10610002891008963,,0.03469210754553339,0.002023706273489448,0.08875397513732293,0.0009636696540425942,0.007131155439915197,0.0009636696540425942,,,,,0.002023706273489448,,,,,0.10099257974366387,0.0009636696540425942,,,,0.0009636696540425942,0.002023706273489448,0.07757540715042884,0.0009636696540425942,,0.002987375927532042,,,,,0.0009636696540425942,,,0.09790883685072757,,,,,0.002023706273489448,,0.002023706273489448,0.002023706273489448,,,0.0009636696540425942,,0.002023706273489448,0.0009636696540425942,,,0.012238604606340946,,,0.002023706273489448,0.005011082201021489,0.012238604606340946
,0.004914715235617231,,,0.0028910089621277824,0.37390382576852654,0.0009636696540425942,0.04471427194757637,0.09251228678808904,0.0009636696540425942,,,0.0009636696540425942,0.0019273393080851884,,0.0009636696540425942,,,0.003951045581574636,0.08750120458706755,,0.027850053001830972,0.003951045581574636,0.04471427194757637,0.0028910089621277824,0.0058783848896598245,,,,0.0009636696540425942,,,,,,0.0028910089621277824,0.08451382865953551,0.0009636696540425942,,,0.0009636696540425942,0.0009636696540425942,0.0009636696540425942,0.07853907680447143,0.0009636696540425942,,0.003951045581574636,,,,,,,,0.07757540715042884,,,,,0.008865760817191867,,,,,,0.004914715235617231,0.0009636696540425942,0.0019273393080851884,,,,0.006938421509106678,,,0.0019273393080851884,0.0019273393080851884,0.017827888599787994
0.0009636696540425942,0.003951045581574636,,0.0009636696540425942,0.0019273393080851884,0.3003758311650766,,0.05348366579936398,0.06861327936783271,0.0019273393080851884,,,0.002987375927532042,0.002987375927532042,,0.003951045581574636,0.0009636696540425942,,0.002987375927532042,0.10089621277825961,,0.0372940156114484,0.005011082201021489,0.045388840705406185,,0.002987375927532042,,,,0.0009636696540425942,,,,,,0.005011082201021489,0.09588513057723812,0.0009636696540425942,,,,0.003951045581574636,0.0009636696540425942,0.08277922328225884,,,0.0019273393080851884,,,,0.0009636696540425942,0.0019273393080851884,,,0.08682663582923773,,,,0.0009636696540425942,0.010022164402042979,,,0.0009636696540425942,0.0009636696540425942,,0.005011082201021489,,0.0009636696540425942,,,,0.002987375927532042,0.0009636696540425942,0.007998458128553532,0.0009636696540425942,0.005974751855064084,0.04240146477787415
,0.008094825093957791,0.0009636696540425942,0.002023706273489448,0.002987375927532042,0.3112652982557579,0.0009636696540425942,0.046834345186470075,0.09771610291991906,0.0009636696540425942,0.0009636696540425942,,0.002023706273489448,0.002023706273489448,,0.0009636696540425942,0.0009636696540425942,,0.002987375927532042,0.08962127782596126,,0.027464585140213934,0.01011853136744724,0.07333526067264141,0.0009636696540425942,0.006071118820468344,,0.0009636696540425942,,0.002023706273489448,,,,,,0.005011082201021489,0.08249012238604607,0.002023706273489448,,,,0.002987375927532042,,0.06822781150621567,0.002023706273489448,,0.0009636696540425942,,,,0.016286017153319843,0.0009636696540425942,,0.002987375927532042,0.08345379204008865,,,,,0.008094825093957791,,,0.002987375927532042,,0.002023706273489448,0.007034788474510938,,0.0009636696540425942,0.004047412546978896,,,0.004047412546978896,,0.002023706273489448,,0.002023706273489448,0.007034788474510938
,0.009347595644213164,,0.0009636696540425942,0.011467668883106871,0.238508239375542,,0.048954418425363785,0.09068131444540811,,0.0030837428929363013,,0.002023706273489448,0.004143779512383155,0.002023706273489448,0.0030837428929363013,,,0.0030837428929363013,0.15023609906524044,,0.035463043268767466,0.0061674857858726026,0.06668594005974753,0.002023706273489448,0.0061674857858726026,,,0.0009636696540425942,0.002023706273489448,,,0.004143779512383155,,,,0.07400982943047124,,,,,0.002023706273489448,,0.07506986604991808,0.004143779512383155,,0.0030837428929363013,0.002023706273489448,,0.0009636696540425942,0.012431338537149466,0.0030837428929363013,,,0.07824997590825865,0.004143779512383155,,,,0.017731521634383733,,0.0009636696540425942,,0.0030837428929363013,,0.0030837428929363013,,0.002023706273489448,0.0009636696540425942,,,0.005203816131830009,,,0.0009636696540425942,0.002023706273489448,0.01349137515659632
,0.005203816131830009,0.0009636696540425942,0.0009636696540425942,0.002023706273489448,0.20805627830779616,,0.045099739809193407,0.1018598824323022,0.004143779512383155,0.0030837428929363013,,0.002023706273489448,0.004143779512383155,,0.0009636696540425942,,,0.03353570396068228,0.08393562686710995,,0.03247566734123542,0.006263852751276862,0.07873181073527995,0.005203816131830009,0.007323889370723716,0.0030837428929363013,,,0.0030837428929363013,,0.0009636696540425942,0.0030837428929363013,,,,0.06090392213549195,,,,0.0009636696540425942,0.0030837428929363013,,0.056663775657704536,0.002023706273489448,0.002023706273489448,0.002023706273489448,0.0030837428929363013,,0.0009636696540425942,0.007323889370723716,0.002023706273489448,,0.0009636696540425942,0.15119976871928303,,,0.0009636696540425942,,0.03777585043846969,,0.002023706273489448,0.002023706273489448,,,0.002023706273489448,0.002023706273489448,,0.005203816131830009,0.0009636696540425942,,0.005203816131830009,0.002023706273489448,,0.0009636696540425942,0.0009636696540425942,0.00838392599017057
,0.005974751855064084,0.0009636696540425942,0.0019273393080851884,0.0009636696540425942,0.45070829719572136,,0.016093283222511322,0.10263081815553628,,0.0009636696540425942,,0.0009636696540425942,0.0009636696540425942,,0.009058494748000386,,,0.0009636696540425942,0.06234942661655585,0.002987375927532042,0.02813915389804375,0.009058494748000386,0.0562783077960875,0.0019273393080851884,0.005974751855064084,0.002987375927532042,,,0.0019273393080851884,,0.002987375927532042,,,,,0.05126722559506601,,,,0.0009636696540425942,0.003951045581574636,,0.04827984966753397,0.0019273393080851884,,0.0019273393080851884,0.0019273393080851884,,,0.005974751855064084,0.0009636696540425942,,0.0009636696540425942,0.06938421509106678,,,0.003951045581574636,0.003951045581574636,0.005011082201021489,,,,,,0.003951045581574636,,,0.0009636696540425942,0.0019273393080851884,,0.010985834056085574,0.0009636696540425942,,0.0019273393080851884,,0.012045870675532427
,0.005107449166425749,0.0009636696540425942,0.0009636696540425942,0.002987375927532042,0.6510552182711766,,0.0265972824515756,0.04818348270212971,,,,0.0009636696540425942,0.002987375927532042,,0.0009636696540425942,,,0.002987375927532042,0.060518454273874915,,0.0327647682374482,0.006071118820468344,0.006071118820468344,,0.0009636696540425942,,,0.0009636696540425942,0.0009636696540425942,,0.002023706273489448,,,,,0.060518454273874915,,,,,0.0009636696540425942,,0.03999229064276766,,,0.0009636696540425942,0.002987375927532042,,,,0.0009636696540425942,,,0.020526163631107257,,,,,,0.002023706273489448,0.0009636696540425942,0.0009636696540425942,0.0009636696540425942,,0.002023706273489448,0.0009636696540425942,,0.0009636696540425942,,,0.005107449166425749,,,0.002023706273489448,0.0009636696540425942,0.002023706273489448
,0.005203816131830009,,0.002023706273489448,0.0030837428929363013,0.7282451575599884,,0.021971668112171147,0.02515177797051171,,,,0.002023706273489448,0.0030837428929363013,,,,,0.0009636696540425942,0.03247566734123542,,0.021971668112171147,0.006263852751276862,0.014647778741447431,,0.0009636696540425942,,,,0.0030837428929363013,,0.002023706273489448,,,,,0.04191962995085285,0.002023706273489448,,,,0.0009636696540425942,,0.03459574058012913,,,,0.002023706273489448,,,,0.002023706273489448,,,0.020911631492724295,,,,,,0.0009636696540425942,,0.002023706273489448,,,0.0009636696540425942,0.0030837428929363013,,0.002023706273489448,0.0030837428929363013,,0.0030837428929363013,,,0.002023706273489448,0.0009636696540425942,0.004143779512383155
,0.003180109858340561,,0.005300183097234268,0.005300183097234268,0.6056663775657704,,0.02370627348944782,0.044136070155150815,,,,0.0010600366194468537,0.0021200732388937074,,0.0010600366194468537,,0.0010600366194468537,0.0010600366194468537,0.040955960296810257,,0.02148983328514985,0.004240146477787415,0.03873952009251229,,0.003180109858340561,,,,0.0010600366194468537,,0.004240146477787415,,,,,0.06678230702515178,0.0010600366194468537,,,,0.0010600366194468537,,0.06890238026404548,,,,0.0010600366194468537,,,,0.0021200732388937074,,,0.02370627348944782,,,,,,0.0010600366194468537,0.0010600366194468537,0.003180109858340561,,,0.003180109858340561,,,,0.0021200732388937074,,0.0010600366194468537,,,0.003180109858340561,0.0010600366194468537,0.01185313674472391
,0.004143779512383155,,0.0009636696540425942,0.0030837428929363013,0.43278404163052886,,0.02852462175966079,0.06774597667919437,,,,,0.002023706273489448,,0.002023706273489448,,,0.002023706273489448,0.08673026886383348,,0.025344511901320227,,0.062445793581960105,,0.006263852751276862,,,0.0009636696540425942,0.0030837428929363013,,,,,,,0.10581092801387684,0.002023706273489448,,,,0.002023706273489448,,0.05820564710417269,,,,,,,0.0009636696540425942,0.0009636696540425942,,,0.07400982943047124,,,,,0.002023706273489448,,,0.002023706273489448,,,0.002023706273489448,,,,0.002023706273489448,,0.0030837428929363013,,,0.004143779512383155,0.0009636696540425942,0.01156403584851113
,0.003180109858340561,,0.0021200732388937074,0.00848029295557483,0.18454273874915672,,0.045581574636214706,0.08374289293630144,,,,,0.003180109858340561,,,,,0.0021200732388937074,0.13260094439626097,0.0010600366194468537,0.028620988725065046,0.015900549291702804,0.1474414570685169,0.0010600366194468537,0.009540329575021683,,,,0.0021200732388937074,,,,,,,0.10610002891008963,0.0021200732388937074,,0.0010600366194468537,,0.003180109858340561,,0.0731425267418329,,,0.0010600366194468537,,0.0010600366194468537,,0.0021200732388937074,0.0010600366194468537,,,0.0731425267418329,,,,0.0010600366194468537,0.007420256336127975,,,,,,0.003180109858340561,,,,0.0010600366194468537,,0.022260769008383925,,,0.0010600366194468537,0.005300183097234268,0.02332080562783078
,0.005396550062638527,,0.00327647682374482,0.009829430471234461,0.2694420352703094,,0.03604124506119302,0.1192059362050689,,,,,0.009829430471234461,,,,,0.00327647682374482,0.11043654235328129,0.008673026886383347,0.02842825479425653,,0.05685650958851306,,0.037197648646044135,0.0010600366194468537,,,0.0010600366194468537,,0.0010600366194468537,,,,,0.08750120458706755,,,0.005396550062638527,0.0010600366194468537,0.005396550062638527,,0.06784234364459864,,,0.0010600366194468537,,,,0.0021200732388937074,0.0010600366194468537,,,0.053580032764768235,,,,0.0010600366194468537,0.02842825479425653,,,0.0010600366194468537,,,0.0021200732388937074,0.0010600366194468537,0.0021200732388937074,,,,0.023995374385660597,0.00327647682374482,,0.0021200732388937074,0.00327647682374482,0.005396550062638527
,0.0021200732388937074,,0.003180109858340561,0.010793100125277054,0.41601618965018783,0.0010600366194468537,0.027079117278596895,0.08123735183579069,,,,,0.010793100125277054,,,,,0.0021200732388937074,0.07584080177315217,0.004336513443191674,0.027079117278596895,,0.05743471138093861,,0.007516623301532235,,,,0.0010600366194468537,,0.0021200732388937074,,,,0.007516623301532235,0.07911727859689699,,,0.003180109858340561,,0.003180109858340561,,0.06177122482413029,,,0.003180109858340561,,,,,0.0010600366194468537,,,0.04336513443191674,,0.0010600366194468537,,,0.01185313674472391,,,0.0021200732388937074,,,0.0010600366194468537,,0.0010600366194468537,0.0010600366194468537,0.0021200732388937074,,0.029199190517490606,0.004336513443191674,,0.003180109858340561,0.0010600366194468537,0.0097330635058302
,0.004143779512383155,,0.0009636696540425942,0.0061674857858726026,0.4358677845234652,,0.029006456586682085,0.06736050881757734,,,,,0.0009636696540425942,,,,0.0009636696540425942,,0.0807555170087694,,0.02997012624072468,0.002023706273489448,0.045581574636214706,0.0009636696540425942,0.0030837428929363013,0.0009636696540425942,,0.0009636696540425942,0.0009636696540425942,,,,,0.0009636696540425942,,0.10985834056085574,,,0.004143779512383155,,0.002023706273489448,,0.0745880312228968,,,,,,0.0009636696540425942,,,,,0.05492917028042787,,,,0.0009636696540425942,0.0009636696540425942,,,0.0009636696540425942,,,0.002023706273489448,,,0.002023706273489448,0.002023706273489448,,0.009251228678808905,,,0.005107449166425749,0.005107449166425749,0.013395008191192059
,0.0030837428929363013,,,0.010311265298255759,0.38498602679001637,0.0009636696540425942,0.03710128168063988,0.08567023224438662,,,,,0.002023706273489448,,,,0.002023706273489448,,0.07950274645851402,,0.02476631010889467,0.002023706273489448,0.058880215862002504,,0.005107449166425749,,0.0009636696540425942,0.0009636696540425942,0.0030837428929363013,,,,,0.0009636696540425942,,0.10012527705502554,0.0009636696540425942,,0.002023706273489448,,,,0.07844270983906716,,,,,,0.002023706273489448,,,,,0.06919148116025826,,,,0.0009636696540425942,0.005107449166425749,,,0.0009636696540425942,,0.0009636696540425942,0.0030837428929363013,,,,0.002023706273489448,,0.011274934952298352,0.0009636696540425942,,0.0061674857858726026,0.004047412546978896,0.009251228678808905
,0.0061674857858726026,,0.0030837428929363013,0.005107449166425749,0.27156210850920304,0.0009636696540425942,0.027850053001830972,0.1187241013780476,,,,,0.004047412546978896,,,,,,0.09501782788859979,0.0009636696540425942,0.026790016382384117,0.0030837428929363013,0.07535896694613087,,0.0061674857858726026,0.0009636696540425942,,0.0009636696540425942,0.0030837428929363013,,,,0.0009636696540425942,0.0009636696540425942,0.0030837428929363013,0.10426905656740869,0.0009636696540425942,,0.002023706273489448,,0.002023706273489448,,0.07535896694613087,0.002023706273489448,,,,,,,0.0030837428929363013,,,0.11053290931868555,,,,,0.0030837428929363013,,,0.004047412546978896,,0.0009636696540425942,0.0009636696540425942,,,,0.0009636696540425942,0.0009636696540425942,0.010311265298255759,,0.0009636696540425942,0.0061674857858726026,0.004047412546978896,0.012334971571745205
,0.003469210754553339,,0.0023128071697022263,0.009347595644213164,0.284860749734991,,0.04317240050110822,0.12383155054447335,0.0011564035848511131,,,,0.0011564035848511131,,0.003469210754553339,,,,0.10744916642574925,0.0011564035848511131,0.025633612797533005,0.003469210754553339,0.07824997590825865,,0.008094825093957791,,,0.0023128071697022263,0.0023128071697022263,,,,0.0011564035848511131,0.0011564035848511131,0.0023128071697022263,0.12498795412932447,0.0011564035848511131,,0.0023128071697022263,,,,0.060711188204683436,0.004625614339404453,,0.0011564035848511131,,,0.0023128071697022263,,0.0011564035848511131,,,0.06427676592464103,,,,,0.004625614339404453,,0.0011564035848511131,0.0011564035848511131,,0.0011564035848511131,0.0023128071697022263,,,0.0011564035848511131,,,0.005782017924255565,,,0.004625614339404453,0.003469210754553339,0.005782017924255565
,0.01011853136744724,,0.008962127782596125,0.00337284378914908,0.25903440300664937,0.0010600366194468537,0.06774597667919437,0.10610002891008963,0.0010600366194468537,,,0.0022164402042979666,0.004432880408595933,,0.0022164402042979666,,,,0.06890238026404548,,0.027079117278596895,0.004432880408595933,0.06206032572034307,,0.007902091163149272,,0.0010600366194468537,,0.0022164402042979666,0.0010600366194468537,0.0010600366194468537,0.0010600366194468537,0.0010600366194468537,0.0010600366194468537,0.0022164402042979666,0.11853136744723909,,,0.0022164402042979666,,0.0010600366194468537,,0.07680447142719475,0.0022164402042979666,,0.0010600366194468537,,,,,0.00337284378914908,,,0.09029584658379107,,,,0.0010600366194468537,0.01011853136744724,,0.0010600366194468537,0.004432880408595933,,0.00337284378914908,0.00337284378914908,0.0010600366194468537,0.0022164402042979666,0.0022164402042979666,0.00674568757829816,,0.00337284378914908,,,0.004432880408595933,0.00674568757829816,0.00674568757829816
,0.0011564035848511131,,0.0011564035848511131,0.0023128071697022263,0.17808615206707135,,0.03960682278115062,0.13289004529247375,0.0011564035848511131,,,0.0023128071697022263,0.008094825093957791,,0.006938421509106678,,,,0.0745880312228968,0.006938421509106678,0.0337284378914908,0.0023128071697022263,0.1002216440204298,,0.016286017153319843,,0.0011564035848511131,,0.0023128071697022263,,0.003469210754553339,,0.0011564035848511131,0.004625614339404453,0.0011564035848511131,0.10369085477498313,,,0.0023128071697022263,0.009251228678808905,0.008094825093957791,,0.07805724197745013,0.0023128071697022263,,0.0011564035848511131,,,,,0.0023128071697022263,,,0.12007323889370723,,,,,0.025633612797533005,,,0.004625614339404453,,0.0023128071697022263,,,,0.0011564035848511131,0.0011564035848511131,,0.0011564035848511131,,,0.004625614339404453,0.0011564035848511131,0.009251228678808905
,,,0.0010600366194468537,0.0022164402042979666,0.4477209212681892,,0.031030162860171535,0.09559602968102535,0.0010600366194468537,,,0.0022164402042979666,0.0010600366194468537,,0.005685650958851306,,,,0.07824997590825865,0.00337284378914908,0.023031704731618002,0.00337284378914908,0.0368121807844271,,0.005685650958851306,,,,0.0022164402042979666,,0.004529247374000193,,0.0010600366194468537,,0.0010600366194468537,0.08518839741736532,,,,0.0022164402042979666,0.0022164402042979666,,0.039124987954129324,0.0022164402042979666,,0.0010600366194468537,,,,0.0010600366194468537,0.0022164402042979666,,0.0010600366194468537,0.0598438855160451,,,,0.0022164402042979666,0.028717355690469307,,,0.00337284378914908,,0.0010600366194468537,0.0010600366194468537,0.0010600366194468537,,0.004529247374000193,0.0010600366194468537,,,,,0.006842054543702419,,0.006842054543702419
,0.0024091741351064855,,0.0011564035848511131,,0.369952780186952,,0.037679483473065434,0.10205261636311072,,,,,0.0035655777199575986,,,,,,0.09723426809289776,,0.025440878866724487,,0.060711188204683436,,0.006071118820468344,,,,,,,,,,,0.1360701551508143,,,,,,,0.059554784619832324,,,0.0024091741351064855,,0.0011564035848511131,,,,,0.0011564035848511131,0.06678230702515178,,,,,0.010889467090681315,,,0.0024091741351064855,,,,,,,,,0.0024091741351064855,,,0.006071118820468344,0.0024091741351064855,0.0024091741351064855
,0.0010600366194468537,,,0.0010600366194468537,0.3285149850631204,,0.043654235328129516,0.12219331213260094,0.0010600366194468537,,,,0.005589283993447046,,0.0010600366194468537,,,,0.09077768141081237,,0.029102823552086345,,0.06726414185217308,,0.004432880408595933,0.0010600366194468537,,,,,,,,,0.0022164402042979666,0.11544762455430278,,,,,,,0.07959911342391827,,,0.0010600366194468537,,,,,,,0.0010600366194468537,0.0807555170087694,,,,,0.010022164402042979,,0.0010600366194468537,0.0010600366194468537,,,0.0010600366194468537,0.0010600366194468537,,,,,,,,0.0010600366194468537,0.004432880408595933,0.00327647682374482
,0.003180109858340561,,,0.004240146477787415,0.42044907005878385,,0.03392117182229932,0.06687867399055604,0.0010600366194468537,,,,,,,,,,0.09877613953936591,,0.022260769008383925,,0.06369856413221547,,0.006360219716681122,0.0010600366194468537,,,0.0010600366194468537,,,,,,0.00848029295557483,0.10089621277825961,,,,0.0010600366194468537,0.004240146477787415,,0.07323889370723716,,,0.0010600366194468537,,,,,,,0.0010600366194468537,0.05309819793774694,,,,0.0010600366194468537,0.0021200732388937074,,,0.003180109858340561,,,0.0021200732388937074,0.004240146477787415,,,,,0.0010600366194468537,,,0.006360219716681122,0.005300183097234268,0.00848029295557483
,0.004240146477787415,,,0.003180109858340561,0.3632070926086537,,0.04779801484051267,0.08277922328225884,0.005300183097234268,,,,0.003180109858340561,,,,,,0.09877613953936591,,0.03498120844174617,0.0021200732388937074,0.03498120844174617,,0.005300183097234268,,0.0010600366194468537,,,,,0.0010600366194468537,,,0.004240146477787415,0.11149657897272815,0.0010600366194468537,,,,0.004240146477787415,,0.07959911342391827,0.0010600366194468537,,0.0021200732388937074,,,0.003180109858340561,,0.0010600366194468537,,,0.07641900356557772,,,,0.0010600366194468537,0.006360219716681122,,,0.003180109858340561,,,0.0010600366194468537,,,,,,0.0021200732388937074,,,0.003180109858340561,0.007420256336127975,0.003180109858340561
,0.003180109858340561,,,0.0021200732388937074,0.22916064373132883,,0.04664161125566156,0.11458032186566446,0.012720439433362244,,,,0.0021200732388937074,,0.004240146477787415,,,,0.09858340560855738,,0.02650091548617134,0.0021200732388937074,0.09646333236966367,0.003180109858340561,0.006360219716681122,,0.0010600366194468537,,,,,,,,0.006360219716681122,0.10610002891008963,,,,0.0021200732388937074,0.0010600366194468537,0.003180109858340561,0.06996241688349233,,,0.022260769008383925,,0.0010600366194468537,,,0.0021200732388937074,,,0.1007034788474511,,0.0021200732388937074,,,0.015900549291702804,0.0010600366194468537,,0.003180109858340561,,,0.0010600366194468537,,,0.0010600366194468537,,,,,,0.006360219716681122,0.003180109858340561,0.0021200732388937074
,0.002023706273489448,,,0.0009636696540425942,0.1843500048183483,,0.04403970318974656,0.1344319167389419,0.002023706273489448,,,,0.006263852751276862,,,,,0.0009636696540425942,0.12595162378336705,,0.027271851209405416,0.005203816131830009,0.12074780765153706,,0.00838392599017057,,,,,,,,,,0.0030837428929363013,0.0997398091934085,0.002023706273489448,,0.002023706273489448,0.002023706273489448,0.002023706273489448,0.002023706273489448,0.056663775657704536,,,0.002023706273489448,,0.004143779512383155,,0.0009636696540425942,,,0.002023706273489448,0.09443962609617423,0.0009636696540425942,,,0.0009636696540425942,0.007323889370723716,,,0.004143779512383155,,0.0009636696540425942,0.0009636696540425942,0.0009636696540425942,0.0030837428929363013,0.002023706273489448,,,0.021971668112171147,0.005203816131830009,,0.004143779512383155,0.002023706273489448,0.009443962609617423
,0.0021200732388937074,,,0.0010600366194468537,0.5051556326491278,0.0010600366194468537,0.02515177797051171,0.08104461790498217,0.0021200732388937074,,,,0.00655295364748964,,,,,,0.07776814108123735,,0.027368218174809677,0.00655295364748964,0.0394140888503421,,0.004336513443191674,,,,,,,,,,,0.09193408499566348,0.0010600366194468537,,0.004336513443191674,,0.0010600366194468537,0.0021200732388937074,0.04047412546978896,,,0.005396550062638527,,,0.0010600366194468537,,,,,0.04163052905464007,0.0010600366194468537,,,,0.0021200732388937074,0.0021200732388937074,0.0010600366194468537,0.0010600366194468537,,0.0010600366194468537,0.004336513443191674,,,0.00327647682374482,,,0.005396550062638527,,,0.004336513443191674,0.0010600366194468537,0.004336513443191674
,0.0023128071697022263,,,0.0011564035848511131,0.3674472390864413,,0.04066685940059748,0.09077768141081237,,,,,0.0011564035848511131,,,,,,0.08846487424111014,,0.01975522790787318,0.006938421509106678,0.03951045581574636,0.003469210754553339,0.005782017924255565,0.0011564035848511131,,0.0011564035848511131,,,,0.0011564035848511131,,,0.0023128071697022263,0.13385371494651632,,,,,0.0023128071697022263,,0.060518454273874915,,,0.003469210754553339,,,,0.0011564035848511131,0.0011564035848511131,0.0011564035848511131,0.003469210754553339,0.0838392599017057,,0.0011564035848511131,0.0011564035848511131,,0.004625614339404453,,0.0011564035848511131,,,0.0023128071697022263,0.0011564035848511131,,,0.0011564035848511131,,,0.006938421509106678,,,0.009251228678808905,0.003469210754553339,0.003469210754553339
,0.0023128071697022263,,,0.004625614339404453,0.35405223089524906,,0.040088657608171915,0.089524910860557,,,,,0.0023128071697022263,,,,,,0.09781246988532331,,0.030644694998554496,0.0023128071697022263,0.05415823455719379,,0.003469210754553339,0.0023128071697022263,,,,,,0.0011564035848511131,,,0.0023128071697022263,0.1237351835790691,,,,,0.003469210754553339,,0.07776814108123735,,,0.0011564035848511131,,,,0.0011564035848511131,0.0023128071697022263,,0.0011564035848511131,0.07420256336127976,,,,,0.003469210754553339,,0.0011564035848511131,,,,0.0011564035848511131,0.0011564035848511131,,,0.0011564035848511131,,0.00819119205936205,,,0.0058783848896598245,0.0023128071697022263,0.003469210754553339
,0.00327647682374482,,,0.004336513443191674,0.3832514214127397,0.0021200732388937074,0.03305386913366098,0.0629276284089814,,,,,0.00655295364748964,,,,0.0021200732388937074,0.0010600366194468537,0.11043654235328129,,0.024284475281873375,0.004336513443191674,0.051845427387491566,0.0010600366194468537,0.004336513443191674,0.00327647682374482,,,,,,0.0010600366194468537,,,0.0021200732388937074,0.12257877999421798,0.0010600366194468537,,,0.0010600366194468537,0.005492917028042787,,0.055218271176640646,0.0010600366194468537,,0.0021200732388937074,,,,0.0010600366194468537,0.0010600366194468537,0.0010600366194468537,0.0010600366194468537,0.08499566348655681,,,,,0.00992579743663872,,,0.0010600366194468537,,,0.005492917028042787,,,,,,,,,0.0021200732388937074,0.0010600366194468537,0.0010600366194468537
,0.004336513443191674,,,0.00327647682374482,0.3467283415245255,,0.03835405223089525,0.09867977257396164,,,,,0.014165943914426134,,0.0010600366194468537,,0.0021200732388937074,0.0021200732388937074,0.09752336898911053,,0.023031704731618002,0.00327647682374482,0.05483280331502361,0.0021200732388937074,0.004336513443191674,,,,0.0021200732388937074,,0.0010600366194468537,,,,0.0021200732388937074,0.12720439433362243,0.0010600366194468537,,,,0.00327647682374482,,0.055892839934470466,0.0021200732388937074,,0.0010600366194468537,,,,,0.0010600366194468537,0.0021200732388937074,0.0010600366194468537,0.07237159101859883,,,,,0.005396550062638527,,,,,,0.0010600366194468537,0.0010600366194468537,,,,,0.00327647682374482,0.0010600366194468537,,0.00327647682374482,0.00655295364748964,0.009829430471234461
,0.004336513443191674,,,0.0021200732388937074,0.2780186951912884,0.0021200732388937074,0.0337284378914908,0.08605570010600366,,,,,0.007612990266936494,,0.0010600366194468537,,,0.004336513443191674,0.12209694516719669,,0.028331887828852268,0.02177893418136263,0.04905078539076804,0.003180109858340561,0.005396550062638527,0.0010600366194468537,,,0.003180109858340561,,,0.0010600366194468537,,,0.0021200732388937074,0.12315698178664354,,,0.0097330635058302,0.0010600366194468537,0.0021200732388937074,,0.06427676592464103,0.004336513443191674,,0.003180109858340561,,,,0.0021200732388937074,0.0010600366194468537,0.0010600366194468537,0.0021200732388937074,0.06976968295268382,,0.0010600366194468537,0.0021200732388937074,0.0010600366194468537,0.008673026886383347,0.0010600366194468537,,,,,0.005396550062638527,0.0010600366194468537,0.0021200732388937074,0.0010600366194468537,,,0.011949503710128168,0.0010600366194468537,,0.005396550062638527,0.0021200732388937074,0.015225980533872988
,0.005300183097234268,,0.0021200732388937074,0.010600366194468537,0.34836657993639775,,0.025633612797533005,0.11323118435000482,,,,,0.006360219716681122,,0.004240146477787415,,,0.0021200732388937074,0.09395779126915293,,0.030933795894767274,0.003180109858340561,0.0501108220102149,0.0010600366194468537,0.003180109858340561,,,,0.0021200732388937074,,,0.0010600366194468537,,,0.003180109858340561,0.09607786450804665,,,0.0010600366194468537,0.0021200732388937074,0.004240146477787415,0.0010600366194468537,0.05126722559506601,0.0010600366194468537,0.0010600366194468537,0.004240146477787415,,,,0.0010600366194468537,0.0021200732388937074,,0.0010600366194468537,0.08220102148983328,,,,,0.015996916257107065,0.0010600366194468537,,,,,,0.0010600366194468537,,,,,0.010600366194468537,,,0.0021200732388937074,0.006360219716681122,0.007420256336127975
,0.003180109858340561,,0.0010600366194468537,,0.47460730461597767,0.0021200732388937074,0.013009540329575022,0.08268285631685458,,,,,0.0021200732388937074,,,,0.0010600366194468537,,0.0848029295557483,0.0010600366194468537,0.032572034306639686,0.0021200732388937074,0.03363207092608654,0.0010600366194468537,0.0021200732388937074,,,,0.0021200732388937074,,,,,,0.0010600366194468537,0.09463236002698275,0.0010600366194468537,,,0.0010600366194468537,,,0.048954418425363785,0.0010600366194468537,0.0010600366194468537,0.004336513443191674,,,,,,,,0.08046641611255662,,,,,0.008673026886383347,0.0021200732388937074,,,,0.004336513443191674,,,,,,,0.0010600366194468537,,,,,0.010793100125277054
,0.00327647682374482,,0.00327647682374482,0.00327647682374482,0.3728437891490797,,0.027271851209405416,0.11140021200732389,0.0010600366194468537,,,,0.01310590729497928,,0.0010600366194468537,,,,0.10600366194468536,,0.022935337766213742,0.005396550062638527,0.049147152356172306,,0.00327647682374482,0.0021200732388937074,0.0010600366194468537,0.0010600366194468537,0.0010600366194468537,,0.0010600366194468537,,,,0.0010600366194468537,0.09829430471234461,0.00327647682374482,,,0.0010600366194468537,0.0021200732388937074,,0.05791654620795991,,0.0010600366194468537,0.0021200732388937074,,0.004336513443191674,,,0.0021200732388937074,,,0.06446949985544956,,,0.00327647682374482,,0.00327647682374482,0.0021200732388937074,,0.0010600366194468537,,,,,,0.0010600366194468537,0.0010600366194468537,,0.011949503710128168,,,0.00327647682374482,0.00327647682374482,0.0021200732388937074
,0.0011564035848511131,,0.0011564035848511131,0.004625614339404453,0.3345861038835888,,0.0327647682374482,0.1018598824323022,,,,,0.005782017924255565,,0.0011564035848511131,,0.0011564035848511131,,0.07728630625421605,,0.03507757540715043,0.004625614339404453,0.0527127300761299,,0.003469210754553339,0.0011564035848511131,0.003469210754553339,,0.0011564035848511131,,0.0011564035848511131,,,,0.005782017924255565,0.10773826732196203,0.003469210754553339,,,0.0011564035848511131,0.0023128071697022263,,0.047990748771321194,,0.0011564035848511131,0.005782017924255565,,0.0011564035848511131,,,0.0011564035848511131,,,0.11718222993157945,,,0.0011564035848511131,,0.0011564035848511131,0.003469210754553339,,,,,0.0011564035848511131,,,,0.004625614339404453,,0.015225980533872988,,,,0.003469210754553339,0.010503999229064276
,0.00327647682374482,,0.00327647682374482,0.005492917028042787,0.36657993639780273,0.0021200732388937074,0.024284475281873375,0.08393562686710995,,,,,0.010985834056085574,,0.004336513443191674,,,,0.06736050881757734,,0.020911631492724295,0.0010600366194468537,0.08942854389515274,,0.017635154668979473,,0.0010600366194468537,,0.0010600366194468537,,0.0010600366194468537,,,,0.0021200732388937074,0.10378722174038739,0.0010600366194468537,0.0010600366194468537,,0.0010600366194468537,,,0.06177122482413029,0.00327647682374482,,0.00327647682374482,,,,,,,,0.08393562686710995,,,,,0.0010600366194468537,0.0021200732388937074,,0.0021200732388937074,,,0.0010600366194468537,0.0010600366194468537,,0.00327647682374482,0.007709357232340753,,0.00655295364748964,,,,0.0010600366194468537,0.008769393851787608
,0.002023706273489448,0.0009636696540425942,,0.002023706273489448,0.5857184157270887,0.0030837428929363013,0.02322443866242652,0.04548520767081045,0.0009636696540425942,,,,0.010503999229064276,,0.004143779512383155,,,,0.03806495133468247,,0.00838392599017057,0.004143779512383155,0.018984292184639106,0.0009636696540425942,0.0168642189457454,,,,0.002023706273489448,,0.0009636696540425942,,,,0.0009636696540425942,0.07198612315698179,,,,,0.0030837428929363013,,0.05078539076804471,0.006263852751276862,,,,,,,,,,0.035944878095788765,,0.0009636696540425942,0.0009636696540425942,,0.007323889370723716,0.0030837428929363013,,0.005203816131830009,,0.004143779512383155,0.004143779512383155,,,0.004143779512383155,0.007323889370723716,,0.007323889370723716,,,,0.004143779512383155,0.013684109087404838
,0.003180109858340561,,,0.012816806398766502,0.3233111689312903,0.003180109858340561,0.031030162860171535,0.11043654235328129,,,0.0010600366194468537,,0.010696733159872795,,0.003180109858340561,,,0.0010600366194468537,0.08470656259034404,,0.02139346631974559,0.004240146477787415,0.08364652597089718,,0.008576659920979088,,,,0.0021200732388937074,,,,,,0.0010600366194468537,0.09222318589187627,0.0010600366194468537,,,,0.003180109858340561,,0.04712344608268285,0.0021200732388937074,0.0010600366194468537,0.003180109858340561,,0.0021200732388937074,,0.003180109858340561,,0.0021200732388937074,,0.07824997590825865,,0.0010600366194468537,,,0.017153319841958177,0.003180109858340561,,0.0021200732388937074,,0.003180109858340561,0.0010600366194468537,,,0.0010600366194468537,0.003180109858340561,0.0010600366194468537,0.010696733159872795,0.0021200732388937074,,,,0.012816806398766502
,0.003180109858340561,,,0.0021200732388937074,0.3197455912113326,,0.0342102727185121,0.1336609810157078,,,,,0.00848029295557483,,0.003180109858340561,,,0.0021200732388937074,0.09511419485400405,,0.025633612797533005,0.005300183097234268,0.06736050881757734,0.003180109858340561,0.0021200732388937074,,,,0.0021200732388937074,,0.004240146477787415,,,,0.004240146477787415,0.07372072853425846,0.0010600366194468537,,,,0.0010600366194468537,,0.05338729883395972,0.003180109858340561,,0.0021200732388937074,,,,,,,,0.09405415823455719,,,0.0010600366194468537,,0.017056952876553916,0.0010600366194468537,0.0010600366194468537,,,0.0021200732388937074,0.0021200732388937074,,,,,,0.012816806398766502,0.0021200732388937074,,0.0021200732388937074,,0.013876843018213356
,0.0030837428929363013,,0.0009636696540425942,0.002023706273489448,0.5201888792521923,0.0009636696540425942,0.026019080659150044,0.08759757155247182,,,,,0.0030837428929363013,,,,,,0.055218271176640646,,0.01667148501493688,0.0030837428929363013,0.035463043268767466,0.0030837428929363013,0.004143779512383155,,,,0.002023706273489448,,,0.0009636696540425942,,,0.0009636696540425942,0.06148212392791751,0.0009636696540425942,,,0.0009636696540425942,0.0009636696540425942,0.0009636696540425942,0.051074491664257496,0.0009636696540425942,,0.002023706273489448,,,0.0009636696540425942,,0.0009636696540425942,,,0.07294979281102439,,,,,0.009347595644213164,,,0.0009636696540425942,,0.002023706273489448,0.0030837428929363013,,,,,,0.009347595644213164,0.002023706273489448,,0.0009636696540425942,0.0009636696540425942,0.011467668883106871
,0.005203816131830009,,0.002023706273489448,0.0030837428929363013,0.3966464296039317,0.0009636696540425942,0.023995374385660597,0.07921364556230125,,,,,0.011467668883106871,,,,,,0.10426905656740869,,0.030162860171533197,0.0061674857858726026,0.047990748771321194,0.002023706273489448,0.0009636696540425942,,,0.0009636696540425942,0.0009636696540425942,,,,,,0.0030837428929363013,0.1011853136744724,0.002023706273489448,,,,0.0030837428929363013,0.0009636696540425942,0.06042208730847066,,,0.0009636696540425942,,,0.004143779512383155,,0.002023706273489448,,,0.09280138768430182,,,,,,,0.0009636696540425942,,,,0.0009636696540425942,,,,,,,,,0.0009636696540425942,0.002023706273489448,0.00828755902476631
,0.0030837428929363013,,0.0009636696540425942,0.0030837428929363013,0.4432880408595933,0.002023706273489448,0.03642671292281006,0.07391346246506697,,,,,0.004143779512383155,,0.0009636696540425942,,0.0009636696540425942,,0.08750120458706755,,0.031222896790980052,0.005203816131830009,0.06764960971379011,0.002023706273489448,,,,,0.0009636696540425942,,,,,,0.002023706273489448,0.08750120458706755,0.0009636696540425942,,,0.0009636696540425942,0.002023706273489448,,0.048954418425363785,,,0.002023706273489448,,,0.002023706273489448,0.0009636696540425942,0.0009636696540425942,,,0.06870964633323697,,,,,,,0.002023706273489448,,,,0.0009636696540425942,,,,,,0.0030837428929363013,,,0.002023706273489448,0.0030837428929363013,0.00828755902476631
,0.0030837428929363013,,0.0009636696540425942,0.0030837428929363013,0.4509973980919342,,0.03228293341042691,0.06668594005974753,,,,,0.009347595644213164,,0.0009636696540425942,,0.0009636696540425942,,0.0854774983135781,,0.02813915389804375,0.004143779512383155,0.06254216054736436,,0.002023706273489448,,,,0.0009636696540425942,,,,,,0.0009636696540425942,0.09598149754264239,0.0030837428929363013,,,,0.0009636696540425942,,0.052134528283704344,0.0009636696540425942,,0.0009636696540425942,,0.0009636696540425942,,,0.0009636696540425942,,,0.06986604991808808,,,,,0.0009636696540425942,,,0.0009636696540425942,,0.004143779512383155,,,,,,,0.002023706273489448,,,0.005203816131830009,0.0009636696540425942,0.007227522405319456
,0.004240146477787415,,0.0010600366194468537,0.004240146477787415,0.3731328900452925,,0.0363303459574058,0.09193408499566348,0.0010600366194468537,,,,0.010600366194468537,,0.0010600366194468537,0.0010600366194468537,,,0.08769393851787607,,0.02987375927532042,0.003180109858340561,0.06948058205647104,0.003180109858340561,0.006360219716681122,,0.0010600366194468537,0.0010600366194468537,0.0021200732388937074,,,0.0010600366194468537,,,0.0010600366194468537,0.09945070829719573,0.0010600366194468537,,,0.003180109858340561,,,0.06090392213549195,0.004240146477787415,,0.0010600366194468537,,0.0021200732388937074,,,,,,0.07805724197745013,,,,,0.0010600366194468537,,,,,0.0010600366194468537,,,,,,,0.003180109858340561,,,0.005300183097234268,0.0010600366194468537,0.007420256336127975
,0.002023706273489448,,0.0009636696540425942,0.002023706273489448,0.2975811891683531,0.0009636696540425942,0.06167485785872603,0.0961742314734509,0.0030837428929363013,,,0.002023706273489448,0.00828755902476631,,0.0009636696540425942,,,,0.11390575310783463,,0.02505541100510745,0.0009636696540425942,0.05223089524910861,0.002023706273489448,0.010407632263660017,0.0009636696540425942,,0.002023706273489448,0.002023706273489448,,,0.0009636696540425942,,0.0030837428929363013,,0.11284571648838779,0.002023706273489448,,,0.002023706273489448,0.0009636696540425942,,0.06687867399055604,0.0030837428929363013,,0.004143779512383155,0.0009636696540425942,,,0.0009636696540425942,,,,0.08779030548328033,,,,,0.006263852751276862,,,0.0009636696540425942,,,,,,,0.0009636696540425942,,,0.0009636696540425942,,0.005203816131830009,0.002023706273489448,0.012527705502553724
,0.0030837428929363013,,0.0009636696540425942,0.0030837428929363013,0.17394237255468814,0.0009636696540425942,0.04885805145995953,0.13308277922328227,0.0061674857858726026,,,0.0009636696540425942,0.01657511804953262,,0.0061674857858726026,,,,0.10079984581285535,,0.018695191288426328,0.007227522405319456,0.08518839741736532,,0.017635154668979473,,0.0009636696540425942,,0.0009636696540425942,,0.0009636696540425942,0.0009636696540425942,0.002023706273489448,0.0009636696540425942,0.0009636696540425942,0.1018598824323022,0.0009636696540425942,,0.010311265298255759,0.004143779512383155,0.005107449166425749,,0.07063698564132216,0.0030837428929363013,,0.005107449166425749,,,0.002023706273489448,0.0009636696540425942,,,0.0009636696540425942,0.1246988532331117,,,,,0.0061674857858726026,,,0.0009636696540425942,,,,0.0061674857858726026,0.002023706273489448,,,,0.0061674857858726026,0.0009636696540425942,,0.002023706273489448,0.002023706273489448,0.012431338537149466
,0.003180109858340561,,0.0021200732388937074,0.004240146477787415,0.43288040859593324,,0.0296810253445119,0.09251228678808904,0.003180109858340561,,,0.0010600366194468537,0.01166040281391539,,,,,,0.06803507757540715,,0.02650091548617134,0.0021200732388937074,0.055218271176640646,,0.003180109858340561,,,,0.0010600366194468537,,0.0010600366194468537,,,0.0010600366194468537,,0.07121518743374772,,,0.0010600366194468537,0.005300183097234268,0.0010600366194468537,,0.04991808807940638,0.0021200732388937074,,0.0021200732388937074,,,,,,,0.0010600366194468537,0.08499566348655681,,,,,0.007420256336127975,,,0.004240146477787415,,0.0010600366194468537,,0.0010600366194468537,0.0010600366194468537,,0.003180109858340561,,0.0021200732388937074,0.0010600366194468537,,0.004240146477787415,,0.01696058591114966
,0.005300183097234268,,,0.005300183097234268,0.33179146188686504,0.0010600366194468537,0.04481063891298063,0.08634480100221643,,,,,0.003180109858340561,,0.0010600366194468537,,,,0.1023417172593235,,0.027657319071022455,0.006360219716681122,0.06504770164787511,,,,0.0010600366194468537,,0.0010600366194468537,,,,,,0.0010600366194468537,0.10128168063987665,,,,0.0010600366194468537,0.003180109858340561,,0.06080755517008769,,,0.0010600366194468537,,,0.0010600366194468537,,0.0021200732388937074,,,0.11091837718030259,,,,,0.003180109858340561,,,0.0010600366194468537,,,,,,,,,0.009540329575021683,,,0.0010600366194468537,0.003180109858340561,0.017056952876553916
,0.0061674857858726026,,0.0009636696540425942,0.0009636696540425942,0.3548231666184831,0.0009636696540425942,0.04047412546978896,0.09241591982268478,,,,,0.007227522405319456,,0.002023706273489448,,,,0.1059072949792811,,0.029006456586682085,0.005107449166425749,0.0394140888503421,,,,,0.002023706273489448,0.0009636696540425942,,,0.002023706273489448,,,0.0030837428929363013,0.1111111111111111,0.002023706273489448,,,,0.004143779512383155,,0.058109280138768434,0.0009636696540425942,,0.0009636696540425942,,,0.0009636696540425942,,0.0030837428929363013,,,0.08509203045196106,,,,0.0009636696540425942,0.002023706273489448,,,0.002023706273489448,,0.0009636696540425942,,,,0.0009636696540425942,,,0.00828755902476631,,0.0009636696540425942,0.004143779512383155,0.004143779512383155,0.015515081430085767
,0.0021200732388937074,,,0.004240146477787415,0.38286595355112274,,0.03613761202659728,0.0828755902476631,0.0010600366194468537,,,,0.010600366194468537,,0.005300183097234268,0.0021200732388937074,,,0.07333526067264141,,0.027560952105618194,0.0021200732388937074,0.08711573672545052,,0.004240146477787415,,,,0.0010600366194468537,,0.0010600366194468537,0.0010600366194468537,,,0.0021200732388937074,0.09781246988532331,0.0010600366194468537,,,,0.0010600366194468537,,0.05415823455719379,0.0021200732388937074,,0.0010600366194468537,,,0.0010600366194468537,,0.003180109858340561,,,0.0669750409559603,,,0.0010600366194468537,,0.004240146477787415,0.0010600366194468537,0.0010600366194468537,0.0010600366194468537,0.0010600366194468537,0.0021200732388937074,,0.0021200732388937074,,0.0021200732388937074,,,0.007420256336127975,0.0010600366194468537,,0.004240146477787415,0.0021200732388937074,0.013780476052809097
,0.005492917028042787,,0.0010600366194468537,0.0010600366194468537,0.35665413896116416,,0.027464585140213934,0.09896887347017443,0.0010600366194468537,,,,0.004336513443191674,,,,,,0.11226751469596222,0.0010600366194468537,0.03623397899200154,0.0010600366194468537,0.043943336224342294,,0.005492917028042787,,,,,,,0.0010600366194468537,,,0.004336513443191674,0.0956923966464296,,,,,0.004336513443191674,,0.08692300279464199,0.0021200732388937074,,0.0010600366194468537,,,,0.0010600366194468537,0.0010600366194468537,,0.0010600366194468537,0.07921364556230125,,,,,0.0010600366194468537,,0.0010600366194468537,0.0010600366194468537,,,0.0010600366194468537,0.0010600366194468537,,0.0010600366194468537,,,0.00327647682374482,0.0010600366194468537,,0.004336513443191674,0.0010600366194468537,0.009829430471234461
,0.0021200732388937074,,0.0010600366194468537,,0.30114676688831066,,0.0505926568372362,0.09039221354919534,,,,,0.0064565866820853815,,0.0010600366194468537,,,,0.15177797051170858,,0.016093283222511322,0.0021200732388937074,0.07853907680447143,0.0010600366194468537,0.008576659920979088,0.0010600366194468537,,,0.0021200732388937074,,,,,,0.0021200732388937074,0.094728726992387,,,,,0.008576659920979088,,0.06562590344030067,0.004240146477787415,,0.0010600366194468537,,,0.0010600366194468537,,0.0021200732388937074,,,0.06890238026404548,,,,0.0010600366194468537,0.003180109858340561,,0.0010600366194468537,0.0010600366194468537,,,,0.0010600366194468537,,,,,0.0064565866820853815,,,0.005300183097234268,0.003180109858340561,0.01503324660306447
,0.002023706273489448,,0.0009636696540425942,,0.17779705117085853,0.002023706273489448,0.022935337766213742,0.1819408306832418,0.0009636696540425942,,,,0.011467668883106871,,0.012527705502553724,,,,0.10764190035655777,,0.022935337766213742,0.002023706273489448,0.11284571648838779,0.0009636696540425942,0.011467668883106871,0.0009636696540425942,,,,,,,,,0.004143779512383155,0.07632263660017347,,,,0.0009636696540425942,0.002023706273489448,,0.05541100510744917,0.002023706273489448,,,,,,,0.0009636696540425942,,,0.14946516334200635,,,,,0.005203816131830009,,,,,0.0009636696540425942,0.0009636696540425942,,,0.005203816131830009,,,0.004143779512383155,,,0.002023706273489448,0.0030837428929363013,0.015611448395490026
,0.002023706273489448,,,,0.6746651247952202,,0.01985159487327744,0.043943336224342294,,,,,0.006263852751276862,,,,,,0.05435096848800231,,0.020911631492724295,0.005203816131830009,0.01879155825383059,,0.0009636696540425942,,,,,,,0.0009636696540425942,,,,0.06591500433651344,,,,0.0009636696540425942,,,0.02823552086344801,0.0009636696540425942,,,,,,,0.0009636696540425942,,,0.02823552086344801,,,,,0.002023706273489448,,,0.0009636696540425942,,,0.0009636696540425942,,,0.002023706273489448,,,0.005203816131830009,,,0.0030837428929363013,,0.012527705502553724
,0.0030837428929363013,,,0.002023706273489448,0.4308567023224439,0.0009636696540425942,0.040281391538980436,0.07651537053098198,0.0009636696540425942,,,,0.00819119205936205,,0.0009636696540425942,,,,0.09511419485400405,,0.028910089621277824,0.005107449166425749,0.04134142815842729,,0.0061674857858726026,,,,0.0009636696540425942,,,,,,,0.10436542353281295,,,,0.0030837428929363013,0.0009636696540425942,0.002023706273489448,0.0496289871831936,,,0.002023706273489448,,,,,,,0.0009636696540425942,0.061963958754938805,,,,,0.0030837428929363013,,0.0009636696540425942,,,0.0009636696540425942,0.0009636696540425942,0.0009636696540425942,,0.004047412546978896,,,,,,0.005107449166425749,0.0009636696540425942,0.01647875108412836
,0.0030837428929363013,,,0.0009636696540425942,0.5878384889659825,0.0009636696540425942,0.03131926375638431,0.03131926375638431,,,,,0.006263852751276862,,,,0.0009636696540425942,,0.07940637949310976,,0.023995374385660597,0.0030837428929363013,0.032379300375831165,0.002023706273489448,0.0030837428929363013,,0.0009636696540425942,,0.0009636696540425942,,,,,,,0.08364652597089718,,,,0.0030837428929363013,0.002023706273489448,,0.04384696925893804,,,0.0009636696540425942,,,,,0.0009636696540425942,,0.0009636696540425942,0.029199190517490606,,,,,0.004143779512383155,,0.0009636696540425942,,,,0.0009636696540425942,,,0.0009636696540425942,,,0.0009636696540425942,,,0.004143779512383155,0.002023706273489448,0.012527705502553724
,0.003180109858340561,,,0.004240146477787415,0.3931772188493784,,0.03748674954225691,0.06639683916353474,0.0010600366194468537,,,,0.005300183097234268,,,,0.0010600366194468537,,0.08461019562493977,,0.026790016382384117,0.0021200732388937074,0.07285342584562012,0.0021200732388937074,0.010696733159872795,,0.003180109858340561,,,,,,,,0.0010600366194468537,0.09752336898911053,,,,0.0021200732388937074,0.0010600366194468537,,0.055700106003661945,,,0.0010600366194468537,,,,,,,,0.07073335260672642,,,,,0.02139346631974559,,0.0021200732388937074,,,,0.0021200732388937074,,,0.0010600366194468537,,,0.003180109858340561,0.0010600366194468537,,0.00848029295557483,0.0010600366194468537,0.015996916257107065
,0.003180109858340561,,,0.003180109858340561,0.21750024091741338,,0.04500337284378915,0.13289004529247375,0.0010600366194468537,,,,0.004240146477787415,,,,,0.0010600366194468537,0.14146670521345284,,0.031030162860171535,0.0021200732388937074,0.0695769490218753,,0.009636696540425942,,,,0.0021200732388937074,,,,,,0.0010600366194468537,0.08143008576659921,,,,0.0021200732388937074,0.0021200732388937074,,0.07497349908451383,0.0010600366194468537,,,,,0.0010600366194468537,,0.0021200732388937074,,,0.13067360508817577,0.0010600366194468537,0.0010600366194468537,,,0.00848029295557483,,0.0010600366194468537,,,,0.0021200732388937074,,,,,,0.0021200732388937074,0.0010600366194468537,,0.005300183097234268,0.0021200732388937074,0.01493687963766021
,0.005300183097234268,,,0.003180109858340561,0.1766406475860074,0.0021200732388937074,0.0372940156114484,0.13770839356268672,,,,,0.007420256336127975,,,,0.0010600366194468537,,0.12383155054447335,0.0010600366194468537,0.024477209212681893,0.0010600366194468537,0.08114098487038643,0.0021200732388937074,0.028813722655873567,,,,0.0010600366194468537,,0.0010600366194468537,0.0010600366194468537,,,0.003180109858340561,0.0971379011274935,,,0.0010600366194468537,0.00848029295557483,0.004240146477787415,,0.06938421509106678,0.0021200732388937074,,0.004240146477787415,0.0021200732388937074,,0.0010600366194468537,,0.003180109858340561,,,0.11641129420834538,0.0010600366194468537,,0.0010600366194468537,,0.005300183097234268,0.0021200732388937074,,0.006360219716681122,0.0010600366194468537,,0.003180109858340561,,,0.0021200732388937074,,,0.004240146477787415,,,0.003180109858340561,0.0021200732388937074,0.019177026115447623
,0.003180109858340561,,0.0010600366194468537,0.013780476052809097,0.1208441746169413,0.0021200732388937074,0.027560952105618194,0.16970222607690083,,,,0.0010600366194468537,0.0296810253445119,,,,,0.0010600366194468537,0.11034017538787703,,0.02650091548617134,0.003180109858340561,0.10716006552953647,0.0010600366194468537,0.012720439433362244,,,,,,0.004240146477787415,,,,0.0021200732388937074,0.08268285631685458,,,0.0021200732388937074,0.0021200732388937074,0.004240146477787415,,0.05724197745013009,0.0021200732388937074,0.0010600366194468537,0.0010600366194468537,0.004240146477787415,,0.0010600366194468537,,0.0021200732388937074,,,0.14956153030741062,0.0010600366194468537,,,,0.013780476052809097,0.0021200732388937074,,,,,,,,0.005300183097234268,0.0021200732388937074,0.0010600366194468537,0.007420256336127975,,,0.0010600366194468537,0.003180109858340561,0.015900549291702804
,0.0021200732388937074,,,0.003180109858340561,0.40454852076708103,,0.026790016382384117,0.13192637563843115,,,,,0.010696733159872795,,,,,0.0010600366194468537,0.05897658282740677,,0.0332466030644695,0.003180109858340561,0.046063409463236005,0.0010600366194468537,0.004240146477787415,,,,0.0010600366194468537,,0.0021200732388937074,,,,,0.07824997590825865,,,0.003180109858340561,0.004240146477787415,,,0.03642671292281006,0.0021200732388937074,,0.0021200732388937074,0.005300183097234268,,,,0.0010600366194468537,,,0.0997398091934085,0.0010600366194468537,,,,0.0021200732388937074,0.003180109858340561,0.0010600366194468537,,,0.0010600366194468537,0.0010600366194468537,0.0021200732388937074,,0.0010600366194468537,,,0.010696733159872795,,,0.0010600366194468537,0.0010600366194468537,0.011756769779319649
,0.005396550062638527,,,0.004336513443191674,0.3395971860846101,,0.029488291413703384,0.09511419485400405,,,,,0.004336513443191674,0.0010600366194468537,,,,,0.1028235520863448,,0.03825768526549099,0.0010600366194468537,0.0797918473547268,,0.010889467090681315,0.0010600366194468537,0.0021200732388937074,,,,,0.0010600366194468537,,,0.0010600366194468537,0.08094825093957791,0.0021200732388937074,,0.004336513443191674,0.004336513443191674,0.00327647682374482,,0.03498120844174617,,,,0.00327647682374482,,,0.0010600366194468537,0.0021200732388937074,,,0.10060711188204684,0.0010600366194468537,,,,0.005396550062638527,,,0.0010600366194468537,0.0010600366194468537,0.0010600366194468537,0.00327647682374482,,,,0.00327647682374482,,0.011949503710128168,,,0.0021200732388937074,0.0021200732388937074,0.01310590729497928
,0.00337284378914908,,,0.0010600366194468537,0.1724968680736244,,0.029488291413703384,0.1375156596318782,0.0010600366194468537,,,,0.00674568757829816,,,,,,0.13973209983617615,0.0010600366194468537,0.04317240050110822,0.0022164402042979666,0.08971764479136551,0.0022164402042979666,0.005589283993447046,,0.0022164402042979666,,,,,0.0010600366194468537,,,0.00337284378914908,0.12151874337477113,0.0022164402042979666,,0.0010600366194468537,0.0010600366194468537,0.0022164402042979666,,0.051074491664257496,,0.004529247374000193,,,,0.0010600366194468537,0.0010600366194468537,0.0010600366194468537,,,0.11698949600077094,0.0010600366194468537,,,,0.0010600366194468537,,0.0010600366194468537,,,,0.007902091163149272,,,,0.013587742122000578,,,,,0.0022164402042979666,0.0022164402042979666,0.02495904403970319
,0.00337284378914908,,,0.0022164402042979666,0.22655873566541396,,0.03555941023417172,0.15486171340464489,0.0010600366194468537,,,0.0010600366194468537,0.0022164402042979666,,0.0010600366194468537,,,,0.11583309241591982,,0.024091741351064854,0.0022164402042979666,0.07796087501204588,,0.013684109087404838,,0.0010600366194468537,0.0022164402042979666,,,,0.0010600366194468537,,,0.009154861713404645,0.08489929652115255,0.0010600366194468537,,0.0022164402042979666,,0.004529247374000193,,0.06302399537438566,,,0.0010600366194468537,,,0.0010600366194468537,0.0010600366194468537,0.0010600366194468537,,,0.1078346342873663,0.004529247374000193,,,,,,,0.005685650958851306,,,0.0010600366194468537,,,,0.011467668883106871,,0.007998458128553532,,,0.0010600366194468537,0.0010600366194468537,0.024091741351064854
,0.0011564035848511131,,,0.0023128071697022263,0.3966464296039319,,0.030162860171533197,0.11149657897272815,0.004625614339404453,,,,0.004625614339404453,,,,,,0.09867977257396164,,0.027850053001830972,0.0023128071697022263,0.04644887732485304,0.0011564035848511131,0.012720439433362244,,,,0.003469210754553339,,0.0023128071697022263,,,,0.004625614339404453,0.09867977257396164,0.0023128071697022263,,,,,,0.0429796665702997,,,,,,,0.0011564035848511131,0.0023128071697022263,,,0.04991808807940638,0.0011564035848511131,,,,0.004625614339404453,0.0023128071697022263,,0.0023128071697022263,,0.0011564035848511131,0.0011564035848511131,0.0011564035848511131,,,0.012720439433362244,,0.004625614339404453,,,0.003469210754553339,0.004625614339404453,0.012720439433362244
,0.0022164402042979666,,0.0010600366194468537,0.004529247374000193,0.5806109665606629,,0.037679483473065434,0.04905078539076804,,,,,0.00337284378914908,,0.005685650958851306,,,,0.042208730847065626,,0.02505541100510745,0.005685650958851306,0.02621181458995856,,0.004529247374000193,,,,0.004529247374000193,,0.0022164402042979666,,,,0.010214898332851498,0.06620410523272623,0.0010600366194468537,,0.0010600366194468537,,0.005685650958851306,,0.04336513443191674,,,0.0022164402042979666,,0.0010600366194468537,,,0.0022164402042979666,,,0.031897465548809865,0.0010600366194468537,,,0.0010600366194468537,0.00337284378914908,,0.0010600366194468537,,,0.00337284378914908,0.0010600366194468537,,,,0.0022164402042979666,,0.004529247374000193,0.0022164402042979666,,0.004529247374000193,,0.015900549291702804
0.0010600366194468537,0.00327647682374482,,,,0.27406764960971375,0.0010600366194468537,0.025440878866724487,0.11631492724294112,0.0010600366194468537,,,,0.012142237640936688,,0.0022164402042979666,,,,0.11525489062349427,,0.025440878866724487,0.0022164402042979666,0.11525489062349427,0.0010600366194468537,0.01879155825383059,,,,,,,,,,0.0010600366194468537,0.07863544376987569,0.0010600366194468537,,,0.0010600366194468537,0.0022164402042979666,,0.0598438855160451,,,0.00327647682374482,,,,,,,,0.09752336898911053,,,,,0.0066493206128939,,0.0010600366194468537,,,0.0010600366194468537,0.0010600366194468537,,,0.0022164402042979666,0.0010600366194468537,,0.005492917028042787,0.0022164402042979666,,0.00327647682374482,0.0010600366194468537,0.015515081430085767
0.0010600366194468537,0.0010600366194468537,,,0.003180109858340561,0.557193793967428,,0.019562493977064662,0.07400982943047124,0.0010600366194468537,,,,0.007612990266936494,,,,,,0.06090392213549195,,0.016286017153319843,0.0010600366194468537,0.02495904403970319,0.005396550062638527,0.010889467090681315,,,,0.0010600366194468537,,,,,,0.0010600366194468537,0.0674568757829816,0.0010600366194468537,,,0.0010600366194468537,0.0021200732388937074,0.0021200732388937074,0.046834345186470075,,,0.003180109858340561,,,,,,,,0.06090392213549195,,,,,0.0021200732388937074,,0.0010600366194468537,,,,0.0021200732388937074,,,0.0021200732388937074,,,0.003180109858340561,0.003180109858340561,,0.0021200732388937074,,0.013009540329575022
,0.005300183097234268,0.0021200732388937074,,0.004240146477787415,0.35790690951141957,0.0021200732388937074,0.040763226366001735,0.12238604606340946,,,,,0.004240146477787415,,0.0021200732388937074,,,0.003180109858340561,0.09983617615881275,,0.02360990652404356,0.0010600366194468537,0.03652307988821432,0.004240146477787415,0.009636696540425942,,0.0021200732388937074,,0.0010600366194468537,,,,0.0010600366194468537,,0.0010600366194468537,0.06976968295268382,0.0021200732388937074,,,0.0021200732388937074,0.0010600366194468537,0.0021200732388937074,0.0536763997301725,0.0021200732388937074,,0.0021200732388937074,,,0.0010600366194468537,,0.003180109858340561,,,0.10629276284089814,,,,0.0010600366194468537,,,,,,0.003180109858340561,0.0021200732388937074,,,,,,0.003180109858340561,0.0010600366194468537,,0.005300183097234268,0.0021200732388937074,0.011756769779319649
,0.003180109858340561,0.0010600366194468537,,0.006360219716681122,0.38537149465163345,,0.037197648646044135,0.08191192059362051,,,,,0.003180109858340561,,,,,,0.10850920304519611,,0.024477209212681893,0.0021200732388937074,0.04143779512383155,0.004240146477787415,0.005300183097234268,,,,0.004240146477787415,,,0.0010600366194468537,,,0.0010600366194468537,0.07767177411583309,0.005300183097234268,,,0.005300183097234268,0.0010600366194468537,0.0021200732388937074,0.07131155439915197,0.0010600366194468537,,,,,0.0010600366194468537,,0.0010600366194468537,,0.0010600366194468537,0.0904885805145996,,,,,0.0010600366194468537,,,,,0.0021200732388937074,0.003180109858340561,,,,,,0.010600366194468537,,,0.005300183097234268,0.0010600366194468537,0.00848029295557483
,0.004240146477787415,,,0.007516623301532235,0.26009443962609613,0.0021200732388937074,0.03565577719957599,0.13713019177026115,0.0010600366194468537,,,,0.003180109858340561,,0.004240146477787415,,,,0.08210465452442903,,0.02698275031319264,0.0010600366194468537,0.08422472776332274,0.0064565866820853815,0.007516623301532235,,,,0.0010600366194468537,,,,,,0.0021200732388937074,0.0885612412065144,,,,0.003180109858340561,0.0021200732388937074,,0.07776814108123735,0.0021200732388937074,,,,0.0021200732388937074,,0.0010600366194468537,0.0010600366194468537,,0.0010600366194468537,0.10263081815553628,,,,,0.005396550062638527,,0.0010600366194468537,0.0010600366194468537,,0.0021200732388937074,0.0021200732388937074,,,,,,0.009636696540425942,,,0.0064565866820853815,,0.02370627348944782
,0.0021200732388937074,,,0.003180109858340561,0.25710706369856406,0.0010600366194468537,0.0398959236773634,0.10802736821817481,,,,,0.005396550062638527,,0.0021200732388937074,,0.0010600366194468537,0.0010600366194468537,0.10696733159872795,,0.030162860171533197,0.004240146477787415,0.07015515081430086,0.003180109858340561,0.020526163631107257,,,,,,0.0021200732388937074,,,,0.0021200732388937074,0.07776814108123735,,,,0.009636696540425942,0.005396550062638527,,0.07015515081430086,0.0021200732388937074,,,,0.0021200732388937074,,,0.0010600366194468537,,0.0010600366194468537,0.11988050496289872,,,,,0.010793100125277054,0.0021200732388937074,0.004240146477787415,,,0.0021200732388937074,0.0010600366194468537,0.0010600366194468537,,0.003180109858340561,,,0.004240146477787415,,,0.0064565866820853815,0.0010600366194468537,0.013973209983617617
