Adair County,Alfalfa County,Atoka County,Beaver County,Beckham County,Blaine County,Bryan County,Caddo County,Canadian County,Carter County,Cherokee County,Choctaw County,Cimarron County,Cleveland County,Coal County,Comanche County,Cotton County,Craig County,Creek County,Custer County,Delaware County,Dewey County,Ellis County,Garfield County,Garvin County,Grady County,Grant County,Greer County,Harmon County,Harper County,Haskell County,Hughes County,Jackson County,Jefferson County,Johnston County,Kay County,Kingfisher County,Kiowa County,Latimer County,Le Flore County,Lincoln County,Logan County,Love County,Major County,Marshall County,Mayes County,McClain County,McCurtain County,McIntosh County,Murray County,Muskogee County,Noble County,Nowata County,Okfuskee County,Oklahoma County,Okmulgee County,Osage County,Ottawa County,Pawnee County,Payne County,Pittsburg County,Pontotoc County,Pottawatomie County,Pushmataha County,Roger Mills County,Rogers County,Seminole County,Sequoyah County,Stephens County,Texas County,Tillman County,Tulsa County,Wagoner County,Washington County,Washita County,Woods County,Woodward County
,,0.12703530549734,,,,0.04481702402063518,,,0.0024181847493148475,,,,0.014831533129131066,0.41399322908270186,,,,,,,,,0.0024181847493148475,0.007415766564565533,0.004836369498629695,,0.0,,0.0,0.0024181847493148475,0.004836369498629695,,,0.014831533129131066,,0.007415766564565533,,0.0024181847493148475,,,,0.0024181847493148475,,,0.0024181847493148475,0.007415766564565533,,,0.0174109301950669,0.0024181847493148475,,,0.0024181847493148475,0.03240367564081896,,,,,0.00983395131388038,0.02240851201031759,0.20699661454135096,0.004836369498629695,0.004836369498629695,,,0.014831533129131066,0.0024181847493148475,0.0024181847493148475,,,0.014831533129131066,,,,,
,,0.21989359987103016,,,,0.05303885216830566,,,0.004997581815250685,,0.004997581815250685,,0.004997581815250685,0.16524262453651462,,,,,,,,,,0.00999516363050137,0.007576978881186523,,0.0,,0.0,0.0024181847493148475,0.017572142511687892,,,0.027728518458810254,,0.004997581815250685,,,,,0.0024181847493148475,0.0024181847493148475,,0.0024181847493148475,0.007576978881186523,0.0024181847493148475,,,0.007576978881186523,,,,0.00999516363050137,0.02015153957762373,0.004997581815250685,,,,,0.04030307915524746,0.3361276801547638,0.00999516363050137,,,,0.017572142511687892,,0.012574560696437209,,,,,,,,
,,0.21332105586249234,,,,0.06123388581952118,,0.014579496623695518,0.004757519950890117,,,,0.012124002455494168,0.0,0.009668508287292817,,,,,,,,,0.029312461632903623,,,0.0,,0.0,0.0023020257826887663,0.02440147329650092,,,0.02194597912829957,,0.007213014119091467,,,,,,0.0023020257826887663,,0.0023020257826887663,,,,,0.004757519950890117,,,0.0023020257826887663,,0.034223449969306326,0.004757519950890117,,,,,0.034223449969306326,0.45135052179251073,0.026856967464702272,0.0023020257826887663,,,0.012124002455494168,,0.014579496623695518,,,0.004757519950890117,0.0023020257826887663,,,,
,,0.11655650491697565,,,,0.0683540222472997,,0.012574560696437209,0.004997581815250685,,0.0024181847493148475,,0.00999516363050137,0.23456392068354015,0.00999516363050137,,,0.0024181847493148475,,,,,0.004997581815250685,0.017733354828308883,0.004997581815250685,,0.0,,0.0,0.0024181847493148475,0.007576978881186523,,,0.022730936643559567,,0.004997581815250685,,0.0024181847493148475,,,,0.0024181847493148475,,0.007576978881186523,,0.00999516363050137,,,0.007576978881186523,0.0024181847493148475,,,,0.00999516363050137,,,,,,0.06077704336611317,0.3319361599226181,0.004997581815250685,,,,0.015153957762373046,,0.00999516363050137,,,0.004997581815250685,0.0024181847493148475,,,,
,,0.12590681928099307,,,,0.050298242785748834,,0.0024181847493148475,0.004997581815250685,,,,0.00999516363050137,0.46799935515073354,,,,,,,,,,0.0024181847493148475,0.0024181847493148475,,0.0,,0.0,0.0024181847493148475,0.007415766564565533,,,0.014992745445752055,,0.0024181847493148475,,0.0024181847493148475,,,,0.007415766564565533,,0.0024181847493148475,,0.007415766564565533,,,0.007415766564565533,,,,,0.017572142511687892,0.0024181847493148475,,,,0.004997581815250685,0.02015153957762373,0.19909721102692246,0.012574560696437209,0.0024181847493148475,,,0.012574560696437209,,0.007415766564565533,,,,,,,,
,,0.2171529904884733,,,,0.06126068031597614,,,0.012735773013058197,,,,0.0024181847493148475,0.16169595357085287,,,,,,,,,,0.017733354828308883,0.0024181847493148475,,0.0,,0.0,0.0024181847493148475,0.01015637594712236,,,0.028050943092052232,0.007576978881186523,,,,,,,0.0024181847493148475,,0.01015637594712236,0.0024181847493148475,,,,,,,,0.0024181847493148475,0.03562792197323875,0.01015637594712236,,,,0.004997581815250685,0.017733354828308883,0.33225858455586005,0.015315170078994035,0.007576978881186523,,0.0024181847493148475,0.012735773013058197,,0.017733354828308883,,,0.0024181847493148475,,,,,
,,0.21328389488956956,,,,0.08221828147670482,,,0.015315170078994035,,,,,0.08221828147670474,,,,,,,,,,0.015315170078994035,0.0024181847493148475,,0.0,,0.0,,0.03852974367241657,,,0.02047396421086571,,,,,0.0024181847493148475,,,0.004997581815250685,,0.02047396421086571,0.0024181847493148475,,,0.004997581815250685,0.004997581815250685,,,,0.004997581815250685,0.05384491375141061,0.004997581815250685,,,,0.015315170078994035,0.02305336127680155,0.3185555376430759,0.04368853780428825,,,,0.02047396421086571,,0.004997581815250685,,,,,,,,
,,0.23456392068354023,,,,0.06738674834757376,,0.016121231662098983,0.013380622279542157,,,,0.005320006448492665,0.157504433338707,,,,,,,,,,0.008060615831049492,0.0025793970659358373,,0.0,,0.0,0.0025793970659358373,0.005320006448492665,,,0.029663066258262132,,0.0025793970659358373,,0.0025793970659358373,0.005320006448492665,,,0.013380622279542157,,,,,,,,,,,0.005320006448492665,0.024181847493148476,0.01886184104465581,,,,0.016121231662098983,0.06738674834757376,0.26954699339029503,0.008060615831049492,,,,0.016121231662098983,,0.008060615831049492,,,,,,,,
,,0.1886184104465581,,,0.0025793970659358373,0.06367886506529098,,0.013219409962921168,0.013219409962921168,,,,,0.15234563920683541,,,,,,,,,,0.0025793970659358373,0.005158794131871675,,0.0,,0.0,,0.02111881347734967,,,0.0238594228599065,0.0025793970659358373,,,,0.005158794131871675,0.005158794131871675,,0.005158794131871675,,0.007899403514428503,,0.0025793970659358373,,,0.005158794131871675,0.005158794131871675,0.0025793970659358373,,0.005158794131871675,0.018539416411413833,0.02111881347734967,,,,0.0238594228599065,0.03449943575689183,0.3401579880702886,0.01047880058036434,,,,0.007899403514428503,,0.007899403514428503,,,,,,,0.0025793970659358373,
,,0.21231662098984364,,,0.0024181847493148475,0.09592132838948896,,0.00999516363050137,0.007576978881186523,,,,0.004997581815250685,0.10962437530227331,,,,,,,,,,0.012574560696437209,0.004997581815250685,,0.0,,0.0,0.004997581815250685,0.022730936643559567,,,0.047880058036433984,,0.004997581815250685,,,,,,0.0024181847493148475,,0.007576978881186523,,,0.0024181847493148475,,0.0024181847493148475,0.0024181847493148475,0.0024181847493148475,,0.0024181847493148475,0.015153957762373046,0.004997581815250685,,,,0.004997581815250685,0.05303885216830566,0.3159761405771401,0.00999516363050137,,,,0.012574560696437209,,0.007576978881186523,,,0.004997581815250685,,,,0.007576978881186523,
,,0.1571820087054651,,,,0.07722069966145413,,,0.004997581815250685,,,,,0.2348863453167821,,,,,,,,,,0.01015637594712236,0.0024181847493148475,,0.0,,0.0,0.0024181847493148475,0.012735773013058197,,0.004997581815250685,0.02305336127680155,,,,,,,,,,0.007576978881186523,,0.004997581815250685,,0.0024181847493148475,0.004997581815250685,,,,,0.017894567144929874,,,,,,0.02305336127680155,0.3633725616637111,0.012735773013058197,,,,0.012735773013058197,0.0024181847493148475,0.015315170078994035,,,,,,,0.0024181847493148475,
,,0.142511687892955,,,,0.056907947767209414,,,0.012896985329679188,,,,,0.3999677575366758,0.012896985329679188,,,,,,,,,0.0206351765274867,,,0.0,,0.0,0.005158794131871675,0.005158794131871675,0.005158794131871675,,0.028373367725294214,,,,0.012896985329679188,,,,,,,,,,,0.012896985329679188,,,,,0.028373367725294214,,,,,0.005158794131871675,0.033532161857165885,0.18652265033048526,0.005158794131871675,,,,0.0206351765274867,,0.005158794131871675,,,,,,,,
,,0.21376753183943253,,,,0.05819764630017733,,,0.01096243753022731,,,,0.01096243753022731,0.06013219409962922,,,,,,,,0.0027406093825568275,,0.013864259229405127,,,0.0,,0.0,0.008221828147670482,0.013864259229405127,,,0.06109946799935515,,,,,,,,0.0027406093825568275,,0.008221828147670482,,0.008221828147670482,,,0.005481218765113655,,,,,0.04433338707077221,0.008221828147670482,,,,0.01096243753022731,0.03046912784136708,0.3861034983072707,0.016604868611961955,,,,0.013864259229405127,,0.01096243753022731,,,,,,,,
,,0.20957601160728678,,,,0.09156859584072223,,0.005158794131871675,,,,,0.007738191197807513,0.1600838304046429,,,,,,,,0.0025793970659358373,,0.02095760116072868,0.0025793970659358373,,0.0,,0.0,0.005158794131871675,0.01047880058036434,,,0.0444945993873932,,0.0025793970659358373,,,,,,0.0025793970659358373,,0.005158794131871675,,,0.0025793970659358373,,,,,,,0.02095760116072868,0.01047880058036434,,,,0.007738191197807513,0.0444945993873932,0.3222634209253587,0.0025793970659358373,,,,0.007738191197807513,,0.01047880058036434,,,,,,,,
,,0.2572402044293015,,,,0.11367508130710856,,0.010686077125600124,0.029735171132104693,,,,,0.0,,,,,,,,0.002632801610655103,,0.016106551029890042,0.005265603221310206,,0.0,,0.0,0.008053275514945021,0.013473749419234939,,,0.04599659284497445,,0.002632801610655103,,,,,,0.005265603221310206,,0.005265603221310206,,,,,,0.002632801610655103,,,0.005265603221310206,0.03515564503639461,0.008053275514945021,,,,0.008053275514945021,0.029735171132104693,0.3385473129936503,0.029735171132104693,,,,0.013473749419234939,,0.005265603221310206,,,0.008053275514945021,,,,,
,,0.2089621188789652,,,,0.06544502617801047,,0.015090853095164768,0.0024638127502309825,0.0024638127502309825,,,0.0024638127502309825,0.0,,,,,,0.02001847859562673,,,,0.004927625500461965,0.004927625500461965,,0.0,,0.0,0.004927625500461965,0.01755466584539575,,,0.06282722513089005,,0.0024638127502309825,,,,,,0.004927625500461965,,0.010009239297813366,,,0.007545426547582384,,0.010009239297813366,0.007545426547582384,,,0.004927625500461965,0.01755466584539575,0.012473052048044348,,,0.0024638127502309825,0.004927625500461965,0.05281798583307669,0.3875885432707114,0.022636279642747153,0.007545426547582384,,,0.02001847859562673,,0.004927625500461965,,,0.007545426547582384,,,,,
,,0.22327905852007093,,,,0.05835885861679832,,0.005158794131871675,0.01047880058036434,,,,0.005158794131871675,0.016927293245204034,0.0025793970659358373,0.0025793970659358373,,,,0.013219409962921168,,,,0.013219409962921168,0.0025793970659358373,,0.0,,0.0,0.005158794131871675,0.02917942930839916,,,0.03981944220538449,,0.0025793970659358373,,,,,,0.0025793970659358373,,,,0.0025793970659358373,0.007899403514428503,0.005158794131871675,0.02111881347734967,0.0025793970659358373,,,,0.047718845719813,0.007899403514428503,,0.005158794131871675,,,0.031758826374335,0.37739803320973725,0.007899403514428503,0.02917942930839916,,,0.01047880058036434,0.005158794131871675,0.0025793970659358373,,,,,,,,0.0025793970659358373
,,0.14728911212882256,,,,0.09824198552223372,,0.012261781651647215,0.004875166198847688,,,,0.02452356330329443,1.1102230246251565e-16,0.0023637169448958487,,,,,,,,,,0.007238883143743537,,0.0,,0.0,0.004875166198847688,0.009750332397695375,,,0.03427389570098981,,0.0023637169448958487,,0.0023637169448958487,0.004875166198847688,,0.0023637169448958487,0.0023637169448958487,,0.004875166198847688,,0.009750332397695375,0.007238883143743537,,0.017136947850494903,,0.0023637169448958487,,0.0023637169448958487,0.11050376717388093,0.0023637169448958487,,,,,0.056433742059388385,0.38321760969123947,0.014625498596543064,,,,0.017136947850494903,,0.0023637169448958487,,,0.0023637169448958487,,,,,0.007238883143743537
,,0.15186200225697244,,,,0.056907947767209414,,0.0025793970659358373,0.008060615831049492,,,,0.02982427857488312,0.33773980332097375,,,,,,,,,,,0.005320006448492665,,0.0,,0.0,0.008060615831049492,0.008060615831049492,,,0.048686119619538934,,0.0025793970659358373,,0.0025793970659358373,,,,0.0025793970659358373,,0.0025793970659358373,0.005320006448492665,0.0025793970659358373,0.008060615831049492,,0.024343059809769467,0.0025793970659358373,,,0.0025793970659358373,0.07044978236337256,,,,,,0.01886184104465581,0.17088505561824924,0.013541834596163147,,,,0.01080122521360632,,0.0025793970659358373,,,,,,,,
,,0.20280509430920524,,,,0.11623408028373368,,0.008060615831049492,0.026922456875705304,,,,0.026922456875705304,0.12606803159761415,0.0025793970659358373,,,,,,,,,0.016121231662098983,,,0.0,,0.0,0.005320006448492665,0.035144285023375785,0.0025793970659358373,,0.054006126068031596,,0.0025793970659358373,,,,0.0025793970659358373,,0.0025793970659358373,,0.0025793970659358373,,0.005320006448492665,,0.0025793970659358373,0.024343059809769467,,,,,0.013380622279542157,,,,,0.005320006448492665,0.029663066258262132,0.24875060454618733,0.013380622279542157,,,,0.013380622279542157,,0.01080122521360632,,,,,,,,
,,0.19152023214573594,,,,0.07496372722876028,,0.008221828147670482,0.013864259229405127,,,0.0027406093825568275,0.0027406093825568275,0.10752861518620027,0.0027406093825568275,0.0027406093825568275,,,,,,,0.0027406093825568275,0.01096243753022731,,,0.0,,0.0,0.005481218765113655,0.013864259229405127,0.0027406093825568275,,0.04997581815250685,,0.008221828147670482,,,,,0.0027406093825568275,,,,,,0.016604868611961955,,0.0027406093825568275,0.005481218765113655,,,,0.022086087377075608,0.008221828147670482,,,,0.01096243753022731,0.04159277768821538,0.3166209898436241,0.04159277768821538,0.005481218765113655,,,0.01934547799451878,,0.005481218765113655,,,,,,,,
,,0.1568595840722231,,,0.005320006448492665,0.0459455102369821,,,0.013380622279542157,,,,0.016121231662098983,0.19635660164436575,0.024343059809769467,0.0025793970659358373,,,0.008060615831049492,,,,0.0025793970659358373,0.005320006448492665,,,0.0,,0.0,0.005320006448492665,0.026922456875705304,,,0.040464291471868453,0.0025793970659358373,,0.005320006448492665,,0.0025793970659358373,,,0.0025793970659358373,,,,0.0025793970659358373,,,,0.0025793970659358373,,,,0.03240367564081896,0.01080122521360632,,,,0.01080122521360632,0.029663066258262132,0.31645977752700305,0.008060615831049492,0.0025793970659358373,,,0.013380622279542157,,0.008060615831049492,,,,,,,,
,,0.1616959535708528,,,0.0025793970659358373,0.05658552313396743,,0.005320006448492665,0.024181847493148476,,,,,0.14976624214089962,,,,,0.005320006448492665,,,,,0.016121231662098983,,,0.0,,0.0,0.008060615831049492,0.016121231662098983,,,0.026922456875705304,,,,,,0.0025793970659358373,,0.005320006448492665,,0.0025793970659358373,,,,,0.0025793970659358373,,,,,0.024181847493148476,0.008060615831049492,,,,0.01064001289698533,0.024181847493148476,0.39900048363694984,0.016121231662098983,,,,0.026922456875705304,,0.0025793970659358373,,,0.0025793970659358373,,,,,
,,0.17987711213517665,,,0.002457757296466974,0.07956989247311828,,,0.012749615975422427,,,,0.002457757296466974,0.0,,,,,0.002457757296466974,,,,0.005069124423963134,0.005069124423963134,,,0.0,,0.0,0.005069124423963134,0.012749615975422427,,0.002457757296466974,0.041013824884792625,,,,,,0.002457757296466974,,0.005069124423963134,,,,,,,0.012749615975422427,,,,0.005069124423963134,0.012749615975422427,0.007680491551459293,,,,0.017972350230414748,0.035944700460829496,0.5113671274961598,0.010138248847926268,0.005069124423963134,,0.002457757296466974,0.007680491551459293,0.002457757296466974,0.007680491551459293,,,0.002457757296466974,,,,,
,,0.17784301606922126,,,,0.11572929542645241,0.002626699629171817,0.010661310259579728,0.0188504326328801,,,,0.013442521631644005,0.0,0.002626699629171817,,,,0.010661310259579728,,,,0.002626699629171817,0.008034610630407911,0.002626699629171817,,0.0,,0.0,0.005253399258343634,0.010661310259579728,,,0.0377008652657602,,0.005253399258343634,,,,,,,,0.002626699629171817,,0.016069221260815822,,0.002626699629171817,0.0188504326328801,,,,0.002626699629171817,0.0377008652657602,,0.002626699629171817,,,0.016069221260815822,0.03491965389369592,0.3691285537700865,0.021477132262051914,,,0.005253399258343634,0.013442521631644005,0.002626699629171817,0.005253399258343634,,,0.024103831891223733,,,,,
,,0.11010801225213607,,,0.0024181847493148475,0.05110430436885378,0.0024181847493148475,0.004997581815250685,0.007576978881186523,,,,0.012735773013058197,0.4594551023698211,,,,,0.01015637594712236,,0.0024181847493148475,,,,,,0.0,,0.0,0.004997581815250685,0.015315170078994035,,,0.025471546026116395,,0.004997581815250685,,,,,,0.0024181847493148475,,,,,,,0.01015637594712236,,,,0.007576978881186523,0.03320973722392391,,,,,0.012735773013058197,0.015315170078994035,0.17427051426729,0.007576978881186523,0.0024181847493148475,,0.0024181847493148475,0.01015637594712236,,0.007576978881186523,,,,,,,,
,,0.21070449782363374,,,,0.08947283572464937,0.0025793970659358373,0.01047880058036434,,,,,0.015798807028857005,0.08479767854264053,0.0025793970659358373,,,0.007899403514428503,0.0025793970659358373,,,,,0.0025793970659358373,0.005158794131871675,,0.0,,0.0,0.005158794131871675,0.007899403514428503,,,0.03949701757214251,0.0025793970659358373,0.005158794131871675,,,,0.005158794131871675,,0.007899403514428503,,0.005158794131871675,,,,,0.005158794131871675,,,,,0.03159761405771401,0.007899403514428503,,,,0.026277607609221345,0.028857004675157182,0.3320973722392391,0.007899403514428503,0.015798807028857005,,,0.013058197646300177,0.0025793970659358373,0.013058197646300177,,,0.0025793970659358373,,,,,
,,0.17410930195066904,,,,0.10559406738674834,0.0027406093825568275,0.0027406093825568275,0.008544252780912462,,,,0.005642431081734645,0.18539416411413834,,,,,0.0027406093825568275,,0.0027406093825568275,0.0027406093825568275,,,,,0.0,,0.0,0.008544252780912462,0.005642431081734645,,,0.04272126390456231,,0.0027406093825568275,,,,,,0.005642431081734645,,,,,,0.0027406093825568275,0.0027406093825568275,,,,,0.017088505561824924,0.005642431081734645,,,,0.014186683862647107,0.03127518942447203,0.3396743511204256,0.008544252780912462,,,,0.017088505561824924,,0.0027406093825568275,,,,,,,,
,,0.2713203288731259,,,,0.06416250201515396,0.0029018216991778174,,0.005803643398355635,,,,,0.1637917136869257,,,,,0.0029018216991778174,,,0.0029018216991778174,,0.005803643398355635,,,0.0,,0.0,0.00870546509753345,0.02031275189424472,,,0.03208125100757698,0.005803643398355635,0.0029018216991778174,,,,,,0.005803643398355635,,0.00870546509753345,,,,,,,0.0029018216991778174,,,0.02031275189424472,0.005803643398355635,,,0.005803643398355635,0.014509108495889086,0.029018216991778173,0.2887312590681928,0.01160728679671127,,,,0.00870546509753345,0.0029018216991778174,0.005803643398355635,,,,,,,,
,,0.2347251330001612,,,,0.0507818797356118,,,0.01128486216346929,,0.0027406093825568275,,0.0027406093825568275,0.13960986619377713,,,,0.0027406093825568275,0.0027406093825568275,,,,,,0.0027406093825568275,,0.0,,0.0,0.008383040464291471,0.033854586490407866,,,0.028212155408673223,,0.0027406093825568275,,0.0027406093825568275,0.0027406093825568275,0.0027406093825568275,,0.014025471546026116,,,,0.0027406093825568275,0.008383040464291471,,,0.0027406093825568275,,,,0.025310333709495404,0.005642431081734645,,,,0.016927293245203933,0.04513944865387716,0.3053361276801548,0.008383040464291471,0.005642431081734645,,,0.016927293245203933,0.005642431081734645,0.005642431081734645,,,,,,,,
,,0.24395341893102418,,,,0.06091370558375635,,0.00791280979396835,0.01851298895192595,,,,0.0212003583159152,0.0,,,,,0.005225440429979098,,,0.0025380710659898475,,0.005225440429979098,0.0025380710659898475,,0.0,,0.0,0.00791280979396835,0.0424007166318304,,,0.0370259779038519,0.005225440429979098,0.005225440429979098,,0.0025380710659898475,,0.0025380710659898475,,0.0106001791579576,,0.0025380710659898475,,0.005225440429979098,0.01851298895192595,,0.0158256195879367,0.0025380710659898475,0.0025380710659898475,,0.005225440429979098,0.03971334726784115,0.013138250223947446,,,,0.013138250223947446,0.04493878769782025,0.3235294117647059,0.0212003583159152,,,,0.005225440429979098,,0.005225440429979098,,,,,,,,
,,0.18329840399806546,,,,0.06609704981460583,,0.012735773013058197,0.01064001289698533,,,,0.016927293245203933,0.07883282282766402,,,0.002095760116072868,,0.002095760116072868,,0.002095760116072868,,0.002095760116072868,0.008383040464291471,0.02128002579397066,,0.0,,0.0,,0.016927293245203933,,,0.040464291471868453,,0.004191520232145736,,0.01064001289698533,,0.002095760116072868,0.002095760116072868,,,0.006287280348218604,,0.002095760116072868,0.016927293245203933,,0.016927293245203933,,,,0.004191520232145736,0.02128002579397066,0.01064001289698533,,,,0.008383040464291471,0.049008544252780915,0.3304852490730292,0.02128002579397066,,,,0.006287280348218604,0.004191520232145736,0.002095760116072868,,,0.016927293245203933,,,,,
,,0.14267290020957601,,,,0.026761244559084314,,0.008866677414154442,0.004352732548766725,0.002095760116072868,,,0.0222472996936966,0.37127196517813965,,,,,,,,,0.002095760116072868,0.006609704981460584,0.004352732548766725,,0.0,,0.0,,0.004352732548766725,,,0.03562792197323875,,0.002095760116072868,,0.002095760116072868,,0.004352732548766725,,,,,,,0.026761244559084314,0.004352732548766725,0.024504272126390458,,,,0.004352732548766725,0.031113977107851038,0.006609704981460584,,,,0.006609704981460584,0.013380622279542157,0.2140899564726745,0.017733354828308883,0.002095760116072868,,,0.004352732548766725,0.002095760116072868,,,,0.002095760116072868,,,,,
,,0.14492987264226986,,,,0.05110430436885378,,0.01064001289698533,0.016927293245203933,,,,0.02128002579397066,0.2703530549733999,0.002095760116072868,0.002095760116072868,,,,,,,,0.02128002579397066,0.02128002579397066,,0.0,,0.0,,0.019184265677897792,,,0.038368531355795585,,0.004191520232145736,,0.002095760116072868,,,,,,0.002095760116072868,,0.006287280348218604,,0.002095760116072868,0.006287280348218604,,,,0.002095760116072868,0.014831533129131066,0.012735773013058197,,,,0.012735773013058197,0.025471546026116395,0.25793970659358373,0.002095760116072868,,,,0.014831533129131066,0.002095760116072868,0.006287280348218604,,,0.006287280348218604,,,,,
,,0.19442205384491376,,,,0.024504272126390458,0.002095760116072868,0.006609704981460584,0.002095760116072868,,,,0.0111236498468483,0.15750443333870712,0.002095760116072868,,,,,,,,,0.0111236498468483,0.026761244559084314,,0.0,,0.0,,0.008866677414154442,,0.002095760116072868,0.06480735128163792,,0.004352732548766725,,0.002095760116072868,,,,,,0.002095760116072868,,0.008866677414154442,,,0.004352732548766725,,,,0.004352732548766725,0.015637594712236014,0.004352732548766725,,,,0.013380622279542157,0.04014186683862647,0.3262937288408834,0.0111236498468483,,,0.008866677414154442,0.0111236498468483,,0.0111236498468483,,,0.015637594712236014,,,0.002095760116072868,,
,,0.13944865387715621,,,,0.048686119619538934,,,0.0022569724326938576,,,,,0.5805255521521844,,,,,0.0022569724326938576,,,,,0.009189102047396421,,,0.0,,0.0,,0.016121231662098983,,,0.02321457359342254,,,,0.0022569724326938576,,,,,,,,,,,,,,,,0.009189102047396421,0.004513944865387715,,,,0.009189102047396421,0.03240367564081896,0.11849105271642754,,,,,,0.0022569724326938576,,,,,,,,,
,,0.22811542801870063,,,,0.04304368853780429,,0.007576978881186523,0.025310333709495404,,,,0.004997581815250685,0.23133967435112046,,,,,0.0024181847493148475,,,,0.0024181847493148475,,0.0024181847493148475,,0.0,,0.0,,0.015153957762373046,,,0.025310333709495404,,,,0.0024181847493148475,,,,,,,,,0.0024181847493148475,,0.0024181847493148475,,,,,0.0024181847493148475,0.0024181847493148475,,,,0.02015153957762373,0.055618249234241496,0.3092052232790585,0.004997581815250685,,,,0.0024181847493148475,0.004997581815250685,0.0024181847493148475,,,,,,,,
,,0.18732871191359018,,,,0.06787038529743672,,0.014025471546026116,0.004675157182008705,,,,0.0022569724326938576,0.04836369498629689,,,,,0.0022569724326938576,,,,0.004675157182008705,0.02095760116072868,0.016282443978719974,,0.0,,0.0,0.004675157182008705,0.023375785910043526,,,0.01870062872803482,,0.0022569724326938576,,0.01870062872803482,0.0022569724326938576,0.0022569724326938576,,,,0.004675157182008705,,,0.028050943092052232,,0.004675157182008705,,,,0.00935031436401741,0.03272610027406094,0.006932129614702564,,,,0.00935031436401741,0.0491697565694019,0.3466064807351282,0.006932129614702564,0.03030791552474609,,,0.00935031436401741,0.004675157182008705,0.004675157182008705,,,0.01160728679671127,,,,,
,,0.2094147992906658,,,,0.04723520876995002,,0.004352732548766725,0.004352732548766725,,,,0.040464291471868453,0.005964855714976625,,,,,,,,,,0.0111236498468483,0.02240851201031759,,0.0,,0.0,0.002095760116072868,0.004352732548766725,,,0.031436401741093016,,,,0.002095760116072868,,0.006609704981460584,0.004352732548766725,,,0.002095760116072868,,0.02015153957762373,,0.0111236498468483,0.0111236498468483,,,,0.006609704981460584,0.08092858294373691,0.015637594712236014,,,,,0.04723520876995002,0.36691923262937287,0.02015153957762373,0.002095760116072868,,0.002095760116072868,0.0111236498468483,,0.004352732548766725,,,0.002095760116072868,,,,,
,,0.09285829437369016,,,,0.024343059809769467,,,0.00870546509753345,,,,0.015476382395615025,0.5213606319522811,,,,,,,,,,,0.002095760116072868,,0.0,,0.0,,0.004352732548766725,,,0.013219409962921168,,,,,,,,,,,,0.004352732548766725,,,0.01096243753022731,,,,0.006609704981460584,0.026438819925842336,0.024343059809769467,,,,0.004352732548766725,0.026438819925842336,0.1924875060454619,0.002095760116072868,0.002095760116072868,,,0.002095760116072868,0.004352732548766725,0.006609704981460584,,,0.004352732548766725,,,,,
,,0.13380622279542156,,,,0.0461067225536031,,0.006770917298081574,0.0206351765274867,,,,0.006770917298081574,0.30291794293083996,,,,,,,,,,0.027567306142189264,0.018378204094792842,,0.0,,0.0,,0.013703046912784136,,,0.032242463324197966,,0.0022569724326938576,,,,,,0.0022569724326938576,,0.013703046912784136,,0.004513944865387715,,,,,,,,0.025310333709495404,0.0206351765274867,,,,0.011446074480090279,0.02998549089150411,0.2284378526519426,0.02998549089150411,0.004513944865387715,,0.0022569724326938576,0.006770917298081574,0.004513944865387715,0.004513944865387715,,,,,,,,
,,0.159116556504917,,,,0.05658552313396743,,0.008060615831049492,0.013380622279542157,,,0.0025793970659358373,,0.08802192487506033,,,,,,,,,,0.024181847493148476,0.02144123811059165,,0.0,,0.0,0.0025793970659358373,0.013380622279542157,,,0.04030307915524746,,0.0025793970659358373,,0.01064001289698533,,,,0.0025793970659358373,,,,,,,0.008060615831049492,,,,,0.026922456875705304,0.013380622279542157,0.0025793970659358373,,0.0025793970659358373,0.016121231662098983,0.08350798000967274,0.3667580203127519,0.016121231662098983,0.0025793970659358373,,,0.005320006448492665,0.005320006448492665,0.005320006448492665,,,,,,,,
,,0.18748992423021119,,,,0.027728518458810254,,0.004997581815250685,0.012574560696437209,,0.004997581815250685,,0.0024181847493148475,0.17556021280025802,,,,,,,,,,0.015153957762373046,0.0024181847493148475,,0.0,,0.0,,0.022730936643559567,,,0.012574560696437209,,,,,,,,,,,,,,,0.007576978881186523,,,,0.004997581815250685,0.05062066741899081,0.00999516363050137,0.0024181847493148475,,,0.02015153957762373,0.04804127035305497,0.37514106077704334,0.0024181847493148475,,,,,,0.004997581815250685,,,0.004997581815250685,,,,,
,,0.22585845558600678,,,,0.05045945510236982,,,0.014347896179268096,,0.02869579235853619,,0.0022569724326938576,0.13251652426245364,,,,,,,,,,0.014347896179268096,0.004675157182008705,,0.0,,0.0,0.0022569724326938576,0.01192971142995325,,,0.026438819925842336,,,,,0.0022569724326938576,0.007093341931323553,,,,,,0.0095115266806384,,0.0022569724326938576,,,,,0.0022569724326938576,0.02160245042721264,0.0095115266806384,0.0022569724326938576,,,0.02160245042721264,0.05287763985168467,0.3195228115428019,0.014347896179268096,0.004675157182008705,,,0.0095115266806384,0.0022569724326938576,0.004675157182008705,,,,,,,,
,,0.21005964855714976,,,,0.0983395131388038,,0.00870546509753345,0.015315170078994035,,0.004352732548766725,,0.00870546509753345,0.0019345477994519023,,,,,,,,,,0.013058197646300177,0.002095760116072868,,0.0,,0.0,0.002095760116072868,0.026116395292600354,,,0.03933580525552152,,0.002095760116072868,,0.002095760116072868,,0.002095760116072868,,,,0.00870546509753345,,0.006448492664839594,0.004352732548766725,,0.013058197646300177,,,,0.002095760116072868,0.03063034015798807,0.006448492664839594,,,,0.015315170078994035,0.04368853780428825,0.4002901821699178,0.015315170078994035,0.006448492664839594,,,0.004352732548766725,,0.006448492664839594,,,,,,,,
,,0.1441238110591649,,,,0.044172174754151215,,0.01160728679671127,0.0022569724326938576,,0.004513944865387715,,0.004513944865387715,0.144446235692407,0.0022569724326938576,,,,,,,,,0.009189102047396421,0.0022569724326938576,,0.0,,0.0,0.0022569724326938576,0.006932129614702564,,,0.0301467032081251,0.0022569724326938576,0.0022569724326938576,,0.025471546026116395,0.004513944865387715,0.01160728679671127,,,,0.0022569724326938576,,0.006932129614702564,,,0.02079638884410769,0.0022569724326938576,,,,0.037078832822827666,0.0022569724326938576,,,,0.013864259229405127,0.0906013219409963,0.3230694825084636,0.02079638884410769,,,,,0.0022569724326938576,0.018539416411413833,,,0.004513944865387715,,,,,
,,0.09882315008866678,,,,0.04175399000483637,0.002095760116072868,0.01096243753022731,0.00870546509753345,0.002095760116072868,0.002095760116072868,,,0.46364662260196676,,,,,,,,,0.002095760116072868,0.006448492664839594,0.004352732548766725,,0.0,,0.0,0.002095760116072868,0.015315170078994035,,,0.04836369498629695,0.002095760116072868,0.006448492664839594,,0.002095760116072868,,0.004352732548766725,0.004352732548766725,,,0.01096243753022731,,,,,0.013058197646300177,,,,,0.0285345800419152,,,,,0.013058197646300177,0.006448492664839594,0.1670159600193455,0.01096243753022731,,,,0.004352732548766725,0.002095760116072868,0.015315170078994035,,,,,,,,
,,0.15831049492181204,,,,0.05674673545058843,,0.00983395131388038,0.007415766564565533,0.007415766564565533,0.004836369498629695,,0.024665484443011445,0.22747057875221655,,,,,,,,,,0.024665484443011445,0.0222472996936966,,0.0,,0.0,,0.004836369498629695,,,0.024665484443011445,,0.0024181847493148475,,,,,,0.0024181847493148475,,0.004836369498629695,,0.007415766564565533,,,0.014831533129131066,0.004836369498629695,,,,0.03208125100757698,0.004836369498629695,,,,0.007415766564565533,0.03449943575689183,0.26471062389166533,0.024665484443011445,0.004836369498629695,,,0.004836369498629695,0.0024181847493148475,0.007415766564565533,,,,0.0024181847493148475,,,,
,,0.17201354183459616,,,,0.04030307915524746,,0.008060615831049492,0.016121231662098983,,,,,0.060938255682734255,,0.0025793970659358373,,,,,,,,0.016121231662098983,0.008060615831049492,,0.0,,0.0,0.0025793970659358373,0.005320006448492665,,0.0025793970659358373,0.0348218603901338,0.0025793970659358373,0.005320006448492665,,,,,,,,0.0025793970659358373,,,0.01064001289698533,0.0025793970659358373,0.0025793970659358373,,,0.0025793970659358373,,0.0428824762211833,0.005320006448492665,,,,0.01064001289698533,0.10478800580364339,0.41673383846525874,0.0025793970659358373,0.005320006448492665,,,,0.005320006448492665,0.008060615831049492,,,,,,,,
,,0.18732871191359018,,,,0.04030307915524746,,0.007093341931323553,0.01886184104465581,,0.00935031436401741,,0.00935031436401741,0.15315170078994045,,,,,,,,,,0.011768499113332258,0.00935031436401741,,0.0,,0.0,0.0022569724326938576,0.014186683862647107,,,0.025955182975979364,,0.004675157182008705,,0.0022569724326938576,,,0.004675157182008705,0.0022569724326938576,,,,0.0022569724326938576,,0.0022569724326938576,0.007093341931323553,,,0.0022569724326938576,0.0022569724326938576,0.03079155247460906,0.004675157182008705,,,,0.016604868611961955,0.037884894405932616,0.3772368208931162,,0.0022569724326938576,,,0.004675157182008705,0.0022569724326938576,0.004675157182008705,,,,,,,,
,,0.20280509430920524,,,,0.05013703046912784,,0.0022569724326938576,0.02047396421086571,,0.006770917298081574,,0.02047396421086571,0.06319522811542799,,,,,,,,0.0022569724326938576,0.004513944865387715,0.015798807028857005,0.01128486216346929,,0.0,,0.0,0.0022569724326938576,0.01821699177817185,,,0.031758826374335,,0.0022569724326938576,,0.004513944865387715,,0.004513944865387715,0.0022569724326938576,,,,,0.00902788973077543,0.0022569724326938576,,0.013541834596163147,0.006770917298081574,,,0.006770917298081574,0.06142189263259713,0.01128486216346929,,,,0.03869095598903756,0.07738191197807512,0.2506851523456392,0.015798807028857005,0.006770917298081574,,0.00902788973077543,0.01128486216346929,0.004513944865387715,0.004513944865387715,,,0.004513944865387715,,,,,
,,0.1890622632934404,,,,0.043478260869565216,,0.010755946068777458,0.008635055294652326,0.0042417815482502655,0.008635055294652326,,0.0042417815482502655,0.0,,,,,,,,,0.0021208907741251328,0.015149219815179518,0.02166338433570671,,0.0,,0.0,0.0021208907741251328,0.010755946068777458,,,0.030298439630359036,,0.006514164520527193,,0.06514164520527192,0.0042417815482502655,0.006514164520527193,,,,,,0.0042417815482502655,0.006514164520527193,,0.013028329041054386,,,,0.006514164520527193,0.04120587789728829,0.010755946068777458,,,,0.019542493561581577,0.1195273443417664,0.29131949704590215,0.010755946068777458,0.0042417815482502655,,,0.019542493561581577,0.0021208907741251328,0.0042417815482502655,,0.0021208907741251328,0.010755946068777458,,,,,
,,0.17077250608272507,0.002281021897810219,,,0.05991484184914842,,0.02068126520681265,0.016119221411192215,0.006843065693430657,,,0.043795620437956206,1.1102230246251565e-16,,,,,,,,,0.009124087591240875,0.011405109489051095,0.009124087591240875,,0.0,,0.0,0.002281021897810219,0.009124087591240875,,,0.05535279805352798,,0.013838199513381996,,0.048357664233576646,,0.002281021897810219,0.004562043795620438,0.002281021897810219,,0.004562043795620438,,0.004562043795620438,0.013838199513381996,0.006843065693430657,0.016119221411192215,0.002281021897810219,,,0.004562043795620438,0.03223844282238443,0.009124087591240875,,,,0.004562043795620438,0.09002433090024331,0.27706812652068125,0.02995742092457421,,,,,,0.002281021897810219,,,0.013838199513381996,,,,,
,,0.1317104626793487,,,0.0022569724326938576,0.04304368853780429,0.0022569724326938576,0.0022569724326938576,0.0022569724326938576,0.007093341931323553,0.0022569724326938576,,0.01192971142995325,0.380622279542157,,,,,,,,,0.0022569724326938576,0.0022569724326938576,0.0022569724326938576,,0.0,,0.0,0.0022569724326938576,0.004675157182008705,,,0.047880058036433984,,0.004675157182008705,,0.0022569724326938576,,0.004675157182008705,0.0022569724326938576,,,0.004675157182008705,,0.004675157182008705,0.007093341931323553,,0.01192971142995325,,,0.0022569724326938576,0.004675157182008705,0.0238594228599065,,,,,0.007093341931323553,0.014347896179268096,0.22279542157020796,0.02144123811059165,0.007093341931323553,,,,0.0022569724326938576,,,,0.004675157182008705,,,,,
,,0.13074318877962277,,,,0.05739158471707238,0.0022569724326938576,0.004513944865387715,0.00902788973077543,,,,0.0022569724326938576,0.2489118168628084,0.0022569724326938576,,,,,,0.0022569724326938576,,,0.011446074480090279,0.0206351765274867,,0.0,,0.0,0.0022569724326938576,0.015960019345477996,,,0.05964855714976624,0.0022569724326938576,,,0.0022569724326938576,0.0022569724326938576,,,0.0022569724326938576,,0.006770917298081574,,,,,0.015960019345477996,,,,0.0022569724326938576,0.0206351765274867,0.0022569724326938576,,,,0.00902788973077543,0.0619055295824601,0.2685797194905691,0.013703046912784136,0.0022569724326938576,,,0.006770917298081574,0.004513944865387715,,,,0.0022569724326938576,,,,,0.004513944865387715
,,0.15186200225697244,,,,0.04239883927132033,0.002095760116072868,,0.017733354828308883,,,,0.002095760116072868,0.3458004191520233,,,0.002095760116072868,,,,,,,0.015637594712236014,0.015637594712236014,,0.0,,0.0,0.002095760116072868,0.0111236498468483,,,0.044655811704014184,,,,0.006609704981460584,0.002095760116072868,,,0.004352732548766725,,0.013380622279542157,0.002095760116072868,0.004352732548766725,,,0.006609704981460584,0.002095760116072868,,,,0.024504272126390458,0.013380622279542157,,,,0.013380622279542157,0.026761244559084314,0.20328873125906818,0.004352732548766725,0.006609704981460584,,,,0.002095760116072868,0.002095760116072868,,,0.006609704981460584,0.002095760116072868,,,,
,,0.22634209253586973,,,,0.06206674189908109,0.01096243753022731,0.004352732548766725,0.01982911494438175,,0.002095760116072868,,0.002095760116072868,0.018055779461550903,,,,,0.002095760116072868,,,,,0.022086087377075608,0.013219409962921168,,0.0,,0.0,0.002095760116072868,0.008866677414154442,,,0.07544736417862324,,0.002095760116072868,,0.002095760116072868,,,,0.002095760116072868,,0.006609704981460584,0.002095760116072868,,0.002095760116072868,0.002095760116072868,0.008866677414154442,0.002095760116072868,,,0.002095760116072868,0.03981944220538449,0.01096243753022731,,,,0.01096243753022731,0.05980976946638723,0.3040464291471868,0.01982911494438175,0.008866677414154442,,,0.006609704981460584,0.002095760116072868,0.004352732548766725,,,0.02869579235853619,0.002095760116072868,,,,
,,0.1760438497501209,,,,0.06093825568273416,0.0022569724326938576,0.006770917298081574,0.01128486216346929,,,,0.013541834596163147,0.10623891665323226,,,,,,,,,,0.013541834596163147,0.02031275189424472,,0.0,,0.0,0.0022569724326938576,0.02031275189424472,,,0.0428824762211833,0.0022569724326938576,0.0022569724326938576,,0.03611155892310172,,0.0022569724326938576,0.0022569724326938576,0.0022569724326938576,,0.01805577946155086,0.0022569724326938576,0.0022569724326938576,0.004513944865387715,,0.01128486216346929,0.0022569724326938576,0.0022569724326938576,,,0.04513944865387716,0.006770917298081574,,,,0.00902788973077543,0.09253586974044817,0.27083669192326293,0.004513944865387715,,,,,0.0022569724326938576,,,,,,0.0022569724326938576,,,
,,0.23692353027847354,,,0.00221010755856785,0.04096066008545749,,0.006777663179608075,0.011345218800648298,,,,0.018122881980256373,0.0,,,,,,,,,0.00221010755856785,0.020480330042728746,0.01355532635921615,,0.0,,0.0,,0.008987770738175924,,,0.02725799322233682,,0.00221010755856785,,0.022690437601296597,0.008987770738175924,0.00221010755856785,0.006777663179608075,0.006777663179608075,,0.006777663179608075,,0.00221010755856785,0.0044202151171357,,0.008987770738175924,0.00221010755856785,,,,0.07293354943273905,0.006777663179608075,,,,0.0044202151171357,0.07735376454987476,0.31899219095329306,0.020480330042728746,0.00221010755856785,,,0.020480330042728746,,0.0044202151171357,,,0.0044202151171357,,0.0044202151171357,,,
,,0.15251549661236846,,,,0.12382874441401182,,0.002162318004901254,0.013262217096727692,,,,0.022055643649992792,0.0,,,,,,,,,,0.013262217096727692,0.0175868531065302,,0.0,,0.0,0.004324636009802508,,,,0.026524434193455383,,,,0.0175868531065302,,0.002162318004901254,,,,0.004324636009802508,,0.002162318004901254,,0.002162318004901254,0.013262217096727692,0.002162318004901254,,,,0.1326221709672769,,0.002162318004901254,,,0.004324636009802508,0.07510451203690356,0.29854403921003314,0.030849070203257892,0.004324636009802508,,,0.004324636009802508,0.004324636009802508,0.010955744558166355,,,0.010955744558166355,,0.002162318004901254,,,
,,0.12252136063195228,,,,0.04691278413670805,,0.006126068031597614,0.0019345477994518782,,,,0.02031275189424472,0.3445107206190553,,0.0019345477994518782,,,,,,,,,0.01015637594712236,,0.0,,0.0,,0.006126068031597614,,,0.03063034015798807,,0.0019345477994518782,,0.0019345477994518782,0.0019345477994518782,0.0019345477994518782,,0.0019345477994518782,,0.0019345477994518782,,,0.004030307915524746,,0.014186683862647107,,,,,0.024504272126390458,0.016282443978719974,0.0019345477994518782,,,0.008060615831049492,0.02031275189424472,0.25133000161212316,0.026438819925842336,0.0019345477994518782,,,0.0019345477994518782,0.0019345477994518782,0.006126068031597614,,,0.008060615831049492,,0.01015637594712236,,,
,,0.19313235531194584,,,,0.05094309205223279,,0.004191520232145736,0.033854586490407866,,0.006287280348218604,,0.006287280348218604,0.07625342576172833,,,,,,0.016927293245203933,,,,0.029663066258262132,0.01047880058036434,,0.0,,0.0,,0.0190230533612768,,0.002095760116072868,0.05513461228437853,,0.002095760116072868,,0.008383040464291471,,,,0.002095760116072868,,0.004191520232145736,,,0.004191520232145736,0.002095760116072868,0.004191520232145736,,,,0.004191520232145736,0.01047880058036434,,,,,,0.059326132516524265,0.3672416572626149,0.002095760116072868,,,0.004191520232145736,0.008383040464291471,0.002095760116072868,0.006287280348218604,,,0.002095760116072868,,0.002095760116072868,,,
,,0.18329840399806546,,,,0.06109946799935515,,0.016766080928582942,0.05045945510236982,,,,0.004191520232145736,0.07818797356118024,,0.002095760116072868,,,,0.014670320812510075,,,,0.01886184104465581,0.01047880058036434,,0.0,,0.0,0.006287280348218604,0.01047880058036434,,,0.03159761405771401,,0.002095760116072868,,0.002095760116072868,0.002095760116072868,,0.002095760116072868,0.002095760116072868,,0.002095760116072868,,0.006287280348218604,0.004191520232145736,0.006287280348218604,0.004191520232145736,,,0.002095760116072868,,0.05045945510236982,,,,,,0.03159761405771401,0.34354344671932935,0.02095760116072868,,,0.002095760116072868,0.008383040464291471,,0.008383040464291471,,,0.002095760116072868,0.002095760116072868,0.006287280348218604,,,
0.004513944865387715,,0.20973722392390778,,,,0.0348218603901338,,0.006932129614702564,0.0348218603901338,,0.013864259229405127,,0.004513944865387715,0.15186200225697244,,,0.004513944865387715,,,,,,,0.025632758342737386,0.004513944865387715,,0.0,,0.0,,0.01160728679671127,,,0.04191520232145736,,0.0022569724326938576,,0.0022569724326938576,0.0022569724326938576,,,0.0022569724326938576,,0.004513944865387715,0.0022569724326938576,,,0.0022569724326938576,0.006932129614702564,,,,,0.03949701757214251,,,,,,0.0348218603901338,0.31001128486216345,0.006932129614702564,0.0022569724326938576,,0.009189102047396421,0.006932129614702564,,0.01160728679671127,,,0.004513944865387715,,,,,
,,0.206351765274867,,,,0.07593100112848622,,0.0238594228599065,0.028212155408673223,,0.01080122521360632,,0.008544252780912462,0.038046106722553485,,,0.002095760116072868,0.002095760116072868,,,,,,0.015153957762373046,0.012896985329679188,,0.0,,0.0,,0.015153957762373046,,,0.0238594228599065,,,,0.015153957762373046,0.002095760116072868,0.002095760116072868,0.002095760116072868,0.002095760116072868,,0.004191520232145736,0.002095760116072868,0.004191520232145736,0.015153957762373046,,0.006448492664839594,0.002095760116072868,,,,0.03691762050620667,0.002095760116072868,,,,,0.10414315653715944,0.28679671126874096,0.01080122521360632,0.004191520232145736,,0.002095760116072868,0.017249717878445914,,0.008544252780912462,,,0.006448492664839594,,,,,
,,0.201775956284153,,,,0.1105191256830601,0.001912568306010929,0.009699453551912568,0.023224043715846996,,0.001912568306010929,,0.021311475409836064,0.0,,,,0.001912568306010929,0.003825136612021858,,0.001912568306010929,,,0.017349726775956285,0.013524590163934426,,0.0,,0.0,0.001912568306010929,0.017349726775956285,,,0.0407103825136612,,0.001912568306010929,,0.001912568306010929,0.001912568306010929,0.001912568306010929,,0.001912568306010929,,0.013524590163934426,,,,,0.001912568306010929,0.003825136612021858,,,,0.06393442622950819,,,0.001912568306010929,,,0.04849726775956284,0.3241803278688525,0.029098360655737704,0.001912568306010929,,,0.011612021857923498,,0.007650273224043716,,,0.013524590163934426,,,,,
,,0.21924875060454618,,,,0.09366435595679509,,0.004513944865387715,0.01821699177817185,,0.02047396421086571,,0.004513944865387715,0.0037078832822826646,,,,,,,,,,0.01821699177817185,,,0.0,,0.0,,0.02047396421086571,,,0.04110914073835241,,,,0.004513944865387715,0.004513944865387715,0.006770917298081574,,0.00902788973077543,,0.01128486216346929,,,0.0022569724326938576,0.0022569724326938576,0.0022569724326938576,0.00902788973077543,,,,0.059326132516524265,0.004513944865387715,,0.006770917298081574,,0.022730936643559567,0.06158310494921812,0.2809930678703853,0.024987909076253426,0.006770917298081574,,,0.0022569724326938576,,0.004513944865387715,,0.0022569724326938576,0.024987909076253426,,,0.0022569724326938576,,
,,0.1408995647267451,,,,0.03401579880702886,,,0.022730936643559567,,0.0022569724326938576,,0.022730936643559567,0.382556827341609,,,,,,,,,,0.00902788973077543,0.004513944865387715,,0.0,,0.0,,0.0022569724326938576,,,0.013541834596163147,,,,0.0022569724326938576,0.0022569724326938576,0.0022569724326938576,,,,0.0022569724326938576,,,,,0.004513944865387715,,,,,0.05223279058520071,,,,,0.0022569724326938576,0.027244881508947282,0.21360631952281153,0.022730936643559567,0.0022569724326938576,,,0.0022569724326938576,,0.02031275189424472,,,0.006770917298081574,,,0.0022569724326938576,,
,,0.18636143801386426,,,,0.06206674189908109,,,0.036756408189585685,,,,0.004513944865387715,0.0049975818152506735,,0.0022569724326938576,,0.0022569724326938576,,,,,,0.018378204094792842,0.011446074480090279,,0.0,,0.0,,0.036756408189585685,,,0.0459455102369821,,,,0.004513944865387715,,,,0.004513944865387715,,0.006770917298081574,,0.006770917298081574,,0.0022569724326938576,0.006770917298081574,,,,,0.05513461228437853,,,,,,0.03449943575689183,0.42124778333064644,0.018378204094792842,0.004513944865387715,,,0.009189102047396421,,0.009189102047396421,,,0.004513944865387715,,,,,
,,0.2460253733740164,,,,0.07531716717520476,,,0.027621647663401316,,,,0.004978320218403725,1.1102230246251565e-16,,0.0024088646218082543,0.0024088646218082543,,,,,,,0.027621647663401316,0.014934960655211178,,0.0,,0.0,,0.012526096033402923,,,0.04255660831861249,,,,0.0073871848402119805,0.0024088646218082543,,,0.0073871848402119805,,0.004978320218403725,,0.014934960655211178,,,0.014934960655211178,,,,,0.017504416251806647,,,0.004978320218403725,,,0.027621647663401316,0.39425084310261765,0.017504416251806647,0.004978320218403725,,,0.014934960655211178,0.0024088646218082543,0.004978320218403725,,,,0.0024088646218082543,,,,
,,0.19538932774463968,,,,0.031113977107851038,,,0.01821699177817185,,0.0025793970659358373,,0.015476382395615025,0.053361276801547564,,,,,,,,,,0.025955182975979364,0.005158794131871675,,0.0,,0.0,,0.015476382395615025,,,0.033854586490407866,,,,0.005158794131871675,,,,0.007738191197807513,,0.01031758826374335,,,0.0025793970659358373,,0.01821699177817185,,,,,0.04675157182008705,0.0025793970659358373,,,,,0.06238916653232307,0.37514106077704334,0.01821699177817185,0.0025793970659358373,,,0.015476382395615025,,0.005158794131871675,,,0.031113977107851038,,,,,
,,0.2348863453167822,,0.0024181847493148475,,0.07980009672738997,,,0.024181847493148476,,,,0.01934547799451878,0.16749959696920858,,,,,,,,,,0.012090923746574238,0.016927293245203933,,0.0,,0.0,0.0024181847493148475,0.00967273899725939,,,0.031436401741093016,,,,0.00967273899725939,,0.0024181847493148475,0.0024181847493148475,0.0024181847493148475,,0.0024181847493148475,,0.0024181847493148475,0.0024181847493148475,,0.0024181847493148475,0.007254554247944543,,,,0.01934547799451878,0.004836369498629695,,,,0.0024181847493148475,0.029018216991778173,0.26390456230856035,0.007254554247944543,0.007254554247944543,,,0.007254554247944543,,0.004836369498629695,,,0.012090923746574238,0.004836369498629695,0.0024181847493148475,,,
,,0.2780912461712075,,,,0.028857004675157182,0.002095760116072868,,0.026600032242463323,,0.006609704981460584,,0.015476382395615025,0.023375785910043523,,0.002095760116072868,,,,,,,,0.017733354828308883,0.006609704981460584,,0.0,,0.0,0.002095760116072868,0.017733354828308883,,,0.028857004675157182,,,,0.002095760116072868,0.002095760116072868,0.006609704981460584,,0.002095760116072868,,0.004352732548766725,,0.004352732548766725,,,0.0111236498468483,,,,0.004352732548766725,0.057714009350314364,0.006609704981460584,,,,,0.0333709495405449,0.3314525229727551,0.031113977107851038,,,,0.017733354828308883,,0.006609704981460584,,,0.01999032726100274,,0.002095760116072868,,,
,,0.1487989682411736,,,,0.026761244559084314,0.00967273899725939,0.0024181847493148475,0.01950669031113977,,0.012090923746574238,,0.05126551668547477,0.08157343221022073,0.0024181847493148475,,,,,,,,,0.00967273899725939,0.0024181847493148475,,0.0,,0.0,,0.0024181847493148475,,,0.02192487506045462,,,,0.004836369498629695,0.0024181847493148475,0.00967273899725939,,0.0024181847493148475,,0.004836369498629695,,,,0.004836369498629695,0.024343059809769467,,,,,0.095115266806384,0.012090923746574238,,,,0.02192487506045462,0.048686119619538934,0.2782524584878285,0.024343059809769467,0.012090923746574238,,,0.03159761405771401,,,,,0.02917942930839916,,0.0024181847493148475,,,
,0.0022569724326938576,0.1510559406738675,,,,0.016443656295340964,,0.0022569724326938576,0.016443656295340964,,,,0.014025471546026116,0.32726100274060943,0.0022569724326938576,,,,0.0022569724326938576,,,,,,0.0022569724326938576,,0.0,,0.0,,,,,0.025955182975979364,,,0.0022569724326938576,0.006932129614702564,,0.00935031436401741,,0.0022569724326938576,,0.006932129614702564,,0.0022569724326938576,0.016443656295340964,,0.011768499113332258,,,,0.0022569724326938576,0.11317104626793487,0.004675157182008705,,,,,0.02111881347734967,0.1841044655811704,0.03063034015798807,0.011768499113332258,,,0.004675157182008705,,,,,0.006932129614702564,,,,,
,0.0024181847493148475,0.2158632919555054,,,,0.04368853780428825,0.01015637594712236,0.015315170078994035,0.017894567144929874,,,,0.007576978881186523,0.14218926325971304,,,,,,,,,,0.02305336127680155,,,0.0,,0.0,,0.007576978881186523,,,0.025632758342737386,0.0024181847493148475,0.004997581815250685,,0.0024181847493148475,,0.0024181847493148475,,0.0024181847493148475,,,,0.0024181847493148475,0.01015637594712236,,0.007576978881186523,,,,0.0024181847493148475,0.06158310494921812,0.02047396421086571,,,,,0.03852974367241657,0.2774463969047235,0.02305336127680155,0.0024181847493148475,,,0.015315170078994035,,,,,0.01015637594712236,,0.0024181847493148475,,,
,,0.12316620989843624,,,,0.02160245042721264,,0.0022569724326938576,0.019184265677897792,,,,0.01192971142995325,0.3058197646300178,,,,0.0022569724326938576,,,,,,0.019184265677897792,0.004675157182008705,,0.0,,0.0,,0.01192971142995325,,,0.03611155892310172,0.004675157182008705,0.007093341931323553,,0.0022569724326938576,,0.004675157182008705,,,,0.01192971142995325,,0.0022569724326938576,0.01192971142995325,,0.0022569724326938576,0.0022569724326938576,0.0022569724326938576,,0.0022569724326938576,0.026438819925842336,,,,,0.0022569724326938576,0.03127518942447203,0.2995324842817991,0.007093341931323553,0.007093341931323553,,,0.014347896179268096,,,,,,,,,,
,,0.1934547799451878,,,,0.025632758342737386,,0.004513944865387715,0.02095760116072868,,,,0.004513944865387715,0.27502821215540874,,,,,,,,,,0.009189102047396421,0.009189102047396421,,0.0,,0.0,,0.018539416411413833,,,0.03724004513944865,,0.004513944865387715,,0.0022569724326938576,,0.0022569724326938576,,0.0022569724326938576,,,,0.004513944865387715,0.004513944865387715,0.0022569724326938576,0.0022569724326938576,0.0022569724326938576,,,0.0022569724326938576,0.006932129614702564,0.004513944865387715,,,,,0.04884733193615992,0.2587457681766887,0.006932129614702564,0.0022569724326938576,,,0.02095760116072868,,,,,0.02321457359342254,,,,,
,,0.14396259874254394,,,,0.02015153957762373,0.002095760116072868,0.006609704981460584,0.017894567144929874,,,,0.008866677414154442,0.32403675640818963,,,,,0.004352732548766725,,,,,0.008866677414154442,0.002095760116072868,,0.0,,0.0,,0.0111236498468483,,,0.013380622279542157,0.002095760116072868,0.002095760116072868,,0.006609704981460584,,0.002095760116072868,,,,0.002095760116072868,,0.008866677414154442,0.02240851201031759,0.002095760116072868,0.004352732548766725,,,,0.004352732548766725,0.0111236498468483,0.004352732548766725,,,,,0.02917942930839916,0.285829437369015,0.015637594712236014,0.008866677414154442,,,0.02240851201031759,,,,,,,0.002095760116072868,,,
,,0.12187651136546832,,,,0.027244881508947282,0.004836369498629695,0.0024181847493148475,0.01982911494438175,,,,0.012413348379816218,0.3430598097694665,,,,,0.004836369498629695,,,,0.004836369498629695,0.007415766564565533,,,0.0,,0.0,,0.012413348379816218,,,0.0174109301950669,0.0024181847493148475,0.004836369498629695,,0.004836369498629695,,,,0.0024181847493148475,,0.004836369498629695,,0.0024181847493148475,0.02982427857488312,0.0024181847493148475,0.0024181847493148475,,,,0.0024181847493148475,0.014831533129131066,,,,,,0.0222472996936966,0.29098823150088665,0.014831533129131066,0.007415766564565533,,,0.00983395131388038,,,,,,,0.0024181847493148475,,,
,,0.07544736417862324,,,,0.033854586490407866,,,0.01031758826374335,,,,0.007738191197807513,0.5531194583266161,,,,,,,,,,,0.005158794131871675,,0.0,,0.0,0.0025793970659358373,0.005158794131871675,,,0.023375785910043526,0.0025793970659358373,0.005158794131871675,,0.005158794131871675,0.0025793970659358373,,,,,,,0.0025793970659358373,0.025955182975979364,0.0025793970659358373,0.007738191197807513,,,,0.0025793970659358373,0.01821699177817185,,,,,,0.012896985329679188,0.1823311300983395,0.005158794131871675,0.005158794131871675,,,,,,,,,,0.0025793970659358373,,,
,,0.11300983395131388,,,,0.01015637594712236,,,0.015315170078994035,,,,0.0024181847493148475,0.6071255843946477,,,,,,,,,,,0.0024181847493148475,,0.0,,0.0,,0.004997581815250685,,,0.007576978881186523,0.0024181847493148475,0.007576978881186523,,0.004997581815250685,0.0024181847493148475,0.0024181847493148475,0.0024181847493148475,,,,,,0.015315170078994035,0.0024181847493148475,0.0024181847493148475,,,,0.004997581815250685,0.015315170078994035,,,,,,0.02305336127680155,0.13864259229405126,0.004997581815250685,0.007576978881186523,,,,,,,,,,,,,
,,0.1463807834918588,,,,0.028212155408673223,,,0.01015637594712236,,,,0.004997581815250685,0.3736901499274544,,0.0024181847493148475,,,,,,,,0.01015637594712236,0.007576978881186523,,0.0,,0.0,,0.01015637594712236,,,0.035950346606480735,,0.004997581815250685,,0.004997581815250685,0.0024181847493148475,0.007576978881186523,,0.0024181847493148475,,0.007576978881186523,,0.004997581815250685,,0.0024181847493148475,0.004997581815250685,0.0024181847493148475,,,0.0024181847493148475,0.012735773013058197,,,,,,0.02305336127680155,0.254393035627922,0.012735773013058197,0.004997581815250685,,,0.004997581815250685,,0.01015637594712236,,,,,,,,
,,0.21957117523778816,,0.005158794131871675,,0.04384975012090924,,0.0025793970659358373,0.0206351765274867,,0.0025793970659358373,,0.007738191197807513,0.24858939222956633,,,,,,,,,,0.01031758826374335,0.005158794131871675,,0.0,,0.0,,0.01031758826374335,,,0.03095276479123005,,0.007738191197807513,,0.0025793970659358373,0.0025793970659358373,0.005158794131871675,0.0025793970659358373,0.01031758826374335,,0.005158794131871675,,0.0025793970659358373,0.0025793970659358373,0.0025793970659358373,0.0025793970659358373,,,,0.005158794131871675,0.025793970659358376,,,,,,0.03095276479123005,0.26100274060938256,0.01031758826374335,0.0025793970659358373,,,0.0025793970659358373,,0.007738191197807513,,,,,,,,
,,0.2551990972110269,,,,0.049008544252780915,,0.0024181847493148475,0.012252136063195229,,,,0.007254554247944543,0.20409479284217324,,,,0.0024181847493148475,,,,,,0.012252136063195229,0.0024181847493148475,,0.0,,0.0,,0.024504272126390458,,,0.049008544252780915,,0.004836369498629695,,0.0024181847493148475,,0.00967273899725939,,0.0024181847493148475,,0.0024181847493148475,,0.007254554247944543,0.004836369498629695,,0.004836369498629695,,,,0.004836369498629695,0.012252136063195229,0.004836369498629695,,,,,0.05384491375141061,0.2331130098339513,0.00967273899725939,0.0024181847493148475,,,0.004836369498629695,,0.012252136063195229,,,0.0024181847493148475,,,,,
,,0.1447686603256489,,,,0.03740125745606964,,,0.01064001289698533,,,,0.0025793970659358373,0.3909398678059004,,,,0.0025793970659358373,,,,,,0.015960019345477996,0.01064001289698533,,0.0,,0.0,,0.015960019345477996,,,0.0348218603901338,,0.005320006448492665,,0.005320006448492665,,0.007899403514428503,0.0025793970659358373,0.0025793970659358373,,0.01064001289698533,,0.0025793970659358373,0.0025793970659358373,,,,,,,0.0025793970659358373,,,,,,0.026761244559084314,0.2332742221505723,0.005320006448492665,0.0025793970659358373,,,0.007899403514428503,,0.007899403514428503,,,0.005320006448492665,,,,,0.0025793970659358373
0.0027406093825568275,,0.20490085442527808,,,,0.01982911494438175,,,0.016927293245203933,0.005642431081734645,,,0.01982911494438175,0.24810575527970347,0.0027406093825568275,,,0.0027406093825568275,,,,,0.005642431081734645,0.03127518942447203,,,0.0,,0.0,,0.008383040464291471,,,0.04256005158794132,,0.0027406093825568275,,0.005642431081734645,0.0027406093825568275,,,0.005642431081734645,,0.005642431081734645,,,,,,,,,,0.005642431081734645,,,,,,0.022730936643559567,0.2872803482186039,0.016927293245203933,,,,0.014186683862647107,0.0027406093825568275,0.005642431081734645,,,0.008383040464291471,,,,,0.0027406093825568275
,,0.1887796227631791,,,,0.008060615831049492,,,0.01064001289698533,,0.005320006448492665,,0.008060615831049492,0.5029824278574883,,,,0.0025793970659358373,,,,,,0.01886184104465581,,,0.0,,0.0,,0.005320006448492665,,,0.029663066258262132,,0.0025793970659358373,0.0025793970659358373,0.005320006448492665,,0.005320006448492665,0.0025793970659358373,0.0025793970659358373,,0.008060615831049492,,,,0.0025793970659358373,,,,,,,0.0025793970659358373,,,,,0.016121231662098983,0.13751410607770434,0.0025793970659358373,,,,0.005320006448492665,,0.01064001289698533,,,0.008060615831049492,,,,,0.005320006448492665
,,0.07867161051104304,,,,0.015153957762373046,,,0.007576978881186523,,0.0024181847493148475,,0.004997581815250685,0.6617765597291634,,,,,,,,,,0.015153957762373046,0.0024181847493148475,,0.0,,0.0,,0.0024181847493148475,,0.0024181847493148475,0.01015637594712236,,0.01015637594712236,,0.004997581815250685,,0.004997581815250685,0.0024181847493148475,0.0024181847493148475,,0.0024181847493148475,,,,0.0024181847493148475,,,,,,0.0024181847493148475,,,,,,0.025310333709495404,0.12187651136546832,0.0024181847493148475,0.0024181847493148475,,,0.007576978881186523,,0.004997581815250685,,,,,,,,
,,0.0906013219409963,,,,0.0333709495405449,,,0.0190230533612768,,,,0.004675157182008705,0.4631629856521038,,,,,0.0022569724326938576,,,,,0.016604868611961955,0.0022569724326938576,,0.0,,0.0,,0.0095115266806384,,,0.023698210543285508,,0.0022569724326938576,,0.007093341931323553,,0.007093341931323553,,0.004675157182008705,,0.0095115266806384,,0.0022569724326938576,,,0.004675157182008705,,,,0.0022569724326938576,0.004675157182008705,,,,,,0.023698210543285508,0.24326938578107368,0.004675157182008705,0.0022569724326938576,,,0.0095115266806384,,0.004675157182008705,,,,,,,,0.0022569724326938576
,,0.16427535063678866,,,,0.022730936643559567,,0.004997581815250685,0.03030791552474609,,0.0024181847493148475,,0.012574560696437209,0.34467193293567633,0.022730936643559567,,,,,,,,,0.017572142511687892,,,0.0,,0.0,,0.012574560696437209,,,0.012574560696437209,0.0024181847493148475,0.004997581815250685,,0.004997581815250685,0.0024181847493148475,0.004997581815250685,0.0024181847493148475,,,0.0024181847493148475,,0.004997581815250685,0.0024181847493148475,,0.007576978881186523,0.0024181847493148475,,,,0.004997581815250685,0.0024181847493148475,,,,,0.02015153957762373,0.25020151539577623,0.004997581815250685,,,,0.007576978881186523,,0.015153957762373046,,,,,,,,0.004997581815250685
,,0.18942447202966306,,,,0.015315170078994035,,0.004352732548766725,0.006609704981460584,,,,0.002095760116072868,0.42414960502982424,,,,,,,,,,0.00870546509753345,,,0.0,,0.0,,0.01982911494438175,,,0.013219409962921168,,0.004352732548766725,,,,0.002095760116072868,,,,0.002095760116072868,,0.006609704981460584,0.002095760116072868,,0.002095760116072868,,,,,,0.017572142511687892,,,,0.006609704981460584,0.01982911494438175,0.22021602450427213,0.00870546509753345,0.002095760116072868,,,0.01096243753022731,,0.004352732548766725,,,,,,,,0.006609704981460584
,,0.11704014186683863,,,,0.02917942930839916,,,0.006609704981460584,,,,0.002095760116072868,0.44752539093986776,,,,,0.002095760116072868,,,,,0.002095760116072868,,,0.0,,0.0,,0.017894567144929874,,,0.024665484443011445,0.002095760116072868,0.002095760116072868,,,,0.002095760116072868,0.002095760116072868,0.0111236498468483,,0.004352732548766725,,0.002095760116072868,0.002095760116072868,,0.002095760116072868,,,,,0.015637594712236014,0.006609704981460584,,,,0.006609704981460584,0.015637594712236014,0.24987909076253426,0.006609704981460584,,,,0.004352732548766725,,0.002095760116072868,,,0.008866677414154442,,,,,0.004352732548766725
,,0.14009350314364016,,,,0.026600032242463323,0.002095760116072868,,0.006609704981460584,,,,,0.4728357246493632,,,,,,,,,0.002095760116072868,0.002095760116072868,,,0.0,,0.0,0.002095760116072868,0.01999032726100274,,,0.006609704981460584,,0.002095760116072868,,,0.004352732548766725,0.002095760116072868,0.006609704981460584,,,0.008866677414154442,,0.002095760116072868,,0.002095760116072868,0.006609704981460584,,,,,0.01999032726100274,0.008866677414154442,,,,,0.013219409962921168,0.21134934709011768,0.008866677414154442,0.0111236498468483,,,0.002095760116072868,,0.002095760116072868,,,0.002095760116072868,,,,,0.004352732548766725
,,0.12832500403030792,,,,0.014186683862647107,,,0.007093341931323553,,,,,0.5624697726906336,,,,,,,,,,0.004675157182008705,,,0.0,,0.0,0.0022569724326938576,0.007093341931323553,,,0.016604868611961955,,0.007093341931323553,,,,0.0022569724326938576,0.0022569724326938576,,,0.0022569724326938576,,0.0022569724326938576,,0.0022569724326938576,0.0022569724326938576,,0.0022569724326938576,,0.0022569724326938576,0.011768499113332258,0.0095115266806384,,,,,0.026116395292600354,0.14025471546026116,0.011768499113332258,0.004675157182008705,,,0.007093341931323553,0.0022569724326938576,0.0022569724326938576,,,0.011768499113332258,,,,,0.004675157182008705
,,0.08141221989359987,,,0.0022569724326938576,0.014347896179268096,,,0.0022569724326938576,,,,0.004675157182008705,0.6543607931645978,,,,,,,0.0022569724326938576,,,,,,0.0,,0.0,,0.0095115266806384,,0.0022569724326938576,0.01192971142995325,,0.004675157182008705,,,,0.0022569724326938576,,,,,,,,0.0022569724326938576,,,,,0.0022569724326938576,,,,,,,0.014347896179268096,0.17249717878445914,0.004675157182008705,,,,0.0095115266806384,,,,,0.0022569724326938576,,,,,
,,0.11252619700145092,,,,0.016766080928582942,,,0.007093341931323553,,,,0.0022569724326938576,0.5324842817991295,,,,,,,,,,0.0022569724326938576,,,0.0,,0.0,0.0022569724326938576,0.02144123811059165,,,0.016766080928582942,0.0022569724326938576,0.0022569724326938576,,,,0.0022569724326938576,,,,0.0022569724326938576,,,,,0.0095115266806384,,,,0.004675157182008705,0.0022569724326938576,,,,,,0.035950346606480735,0.206029340641625,0.004675157182008705,,,,0.0022569724326938576,,0.004675157182008705,,,,,,,,0.007093341931323553
,,0.12993712719651782,,,,0.05384491375141061,,,0.01950669031113977,,,,,0.4541350959213284,,,,,,,,,,,,,0.0,,0.0,,0.022086087377075608,,,0.01950669031113977,,0.007254554247944543,,,,0.0024181847493148475,,,,0.014670320812510075,,0.0024181847493148475,,,0.00967273899725939,,,,0.004836369498629695,,,,,0.007254554247944543,,0.017088505561824924,0.21344510720619056,0.0024181847493148475,,,,0.012252136063195229,,0.0024181847493148475,,,,,,,,0.004836369498629695
,,0.16088989198774786,,,,0.031113977107851038,,,0.026438819925842336,,,,0.0022569724326938576,0.33387070772206995,,,,,,,,,0.0022569724326938576,0.01192971142995325,,,0.0,,0.0,,0.026438819925842336,,,0.02160245042721264,,0.0022569724326938576,,,,,,,,,,0.0022569724326938576,,,0.007093341931323553,,,,0.01192971142995325,0.024020635176527486,,,,0.004675157182008705,0.0095115266806384,0.016766080928582942,0.28357246493632116,,,,,0.01192971142995325,,0.0022569724326938576,,,0.0022569724326938576,,,,,0.004675157182008705
,,0.16556504916975656,,,,0.033048524907302916,,,0.00935031436401741,,,,,0.4033532161857165,,,0.0022569724326938576,,,,,,0.0022569724326938576,0.0022569724326938576,,,0.0,,0.0,,0.01886184104465581,,,0.01886184104465581,,0.004675157182008705,,,,0.0022569724326938576,,0.007093341931323553,,0.004675157182008705,,,,,0.00935031436401741,,,,,0.00935031436401741,0.0022569724326938576,,,0.004675157182008705,0.004675157182008705,0.016443656295340964,0.2555215218442689,,0.0022569724326938576,,,0.00935031436401741,,0.0022569724326938576,,,,,0.004675157182008705,,,0.004675157182008705
,,0.23359664678381428,,,0.004675157182008705,0.03852974367241657,,,0.0095115266806384,,0.0022569724326938576,,,0.3066258262131226,,,,,,,0.0022569724326938576,,,0.004675157182008705,,,0.0,,0.0,,0.01192971142995325,,,0.016766080928582942,,0.004675157182008705,,,,0.0022569724326938576,,,,,,,,,0.004675157182008705,,,,,0.007093341931323553,0.004675157182008705,,,0.004675157182008705,0.0022569724326938576,0.04094792842173142,0.25294212477833306,0.016766080928582942,0.004675157182008705,,,0.0095115266806384,,0.004675157182008705,,,,,0.004675157182008705,,,0.004675157182008705
,,0.11172013541834597,,,,0.026116395292600354,,,0.004675157182008705,,,,0.0022569724326938576,0.6047073996453329,,,,0.0022569724326938576,,,,,,0.0095115266806384,,,0.0,,0.0,,0.0095115266806384,,,0.016604868611961955,,0.0022569724326938576,0.0022569724326938576,,,0.0022569724326938576,0.0022569724326938576,,,0.004675157182008705,,,,,0.0022569724326938576,0.004675157182008705,,,,0.004675157182008705,0.014186683862647107,,,,,0.0190230533612768,0.12123166209898437,0.007093341931323553,0.0095115266806384,,,0.011768499113332258,,,,,,,0.0022569724326938576,,,0.0022569724326938576
,,0.09495405448976302,,,,0.007254554247944543,,0.0024181847493148475,0.0024181847493148475,,,,,0.713203288731259,,,,,,,,,,0.0024181847493148475,,,0.0,,0.0,,0.007254554247944543,,,0.007254554247944543,,0.007254554247944543,0.0024181847493148475,,,,,,,,,,,,,,,,0.0024181847493148475,0.004836369498629695,,,,,0.0024181847493148475,0.004836369498629695,0.12413348379816218,0.007254554247944543,0.0024181847493148475,,,,,,,,,,0.004836369498629695,,,
,,0.16459777527003064,,0.0024181847493148475,,0.027406093825568273,,0.0024181847493148475,0.004836369498629695,,,,,0.5176527486699984,,,,,,,,,,0.004836369498629695,,,0.0,,0.0,,0.012413348379816218,,,0.01982911494438175,,0.0024181847493148475,,,0.00983395131388038,,,,,,,,,,,,,,,0.007415766564565533,,,,,,0.00983395131388038,0.19941963566016443,0.0024181847493148475,0.007415766564565533,,,,,,,,,,0.0024181847493148475,,,0.0024181847493148475
,,0.12896985329679186,,,,0.027406093825568273,,0.0027406093825568275,0.008221828147670482,,0.0027406093825568275,,0.0027406093825568275,0.4020635176527487,,,,,0.0027406093825568275,,,,,0.005481218765113655,,,0.0,,0.0,,0.019184265677897792,,,0.0301467032081251,0.0027406093825568275,0.005481218765113655,,,,,,0.005481218765113655,,0.0027406093825568275,,,,,0.005481218765113655,,,,0.0027406093825568275,0.024665484443011445,,,,,,0.01096243753022731,0.29904884733193615,0.0027406093825568275,,,,,,,0.0027406093825568275,,,,,,,0.0027406093825568275
,,0.15798807028857004,,,,0.044655811704014184,0.0025793970659358373,0.005158794131871675,0.01047880058036434,,,,0.005158794131871675,0.4270514267290022,,,,,,,,,,0.007899403514428503,,,0.0,,0.0,0.005158794131871675,0.015798807028857005,,,0.02095760116072868,,0.0025793970659358373,,,,,0.0025793970659358373,,,,,,,0.007899403514428503,,,,,0.005158794131871675,0.013058197646300177,0.0025793970659358373,,,,,0.015798807028857005,0.2397227148154119,0.005158794131871675,,,,,,,,,,,,,,0.0025793970659358373
,,0.18055779461550864,,,,0.0349830727067548,,,,,,,0.0025793970659358373,0.39303562792197333,,,0.0025793970659358373,,0.0025793970659358373,,,,0.0025793970659358373,0.01064001289698533,,,0.0,,0.0,0.005320006448492665,0.01886184104465581,,,0.026922456875705304,0.0025793970659358373,0.005320006448492665,,,0.0025793970659358373,,,,,,,0.0025793970659358373,,0.008060615831049492,0.005320006448492665,,,,0.0025793970659358373,0.013380622279542157,,,,0.008060615831049492,0.013380622279542157,0.013380622279542157,0.22102208608737708,0.013380622279542157,,,,0.0025793970659358373,0.0025793970659358373,,,,,,,,,0.0025793970659358373
,,0.1710462679348702,,,,0.03852974367241657,0.0027406093825568275,,0.013703046912784136,,,,0.01096243753022731,0.33322585845558605,,,,,,,,,0.0027406093825568275,0.01096243753022731,,,0.0,,0.0,,0.016443656295340964,,0.0027406093825568275,0.016443656295340964,0.0027406093825568275,0.005481218765113655,0.0027406093825568275,0.0027406093825568275,,,,0.0027406093825568275,,,,0.0027406093825568275,,,0.005481218765113655,,,,0.0027406093825568275,0.005481218765113655,,,,0.0027406093825568275,,0.027567306142189264,0.2953409640496534,0.008221828147670482,0.0027406093825568275,,,0.0027406093825568275,,0.005481218765113655,,,,,,,,0.0027406093825568275
,,0.22134451072061906,,0.0027406093825568275,,0.05594067386748348,,,0.008383040464291471,0.0027406093825568275,0.0027406093825568275,,0.008383040464291471,0.3935192648718362,,,,,,,,,,0.0027406093825568275,0.0027406093825568275,,0.0,,0.0,,0.008383040464291471,,0.0027406093825568275,0.02788973077543124,0.005481218765113655,0.008383040464291471,0.0027406093825568275,,,,,0.0027406093825568275,,0.008383040464291471,,0.0027406093825568275,,,,,,,0.0027406093825568275,0.0027406093825568275,,,,,,0.02788973077543124,0.1792680960825407,0.005481218765113655,0.008383040464291471,,,,,,,,,0.0027406093825568275,,,,
,,0.12896985329679186,,,,0.027406093825568273,,,0.008221828147670482,0.0027406093825568275,0.005481218765113655,,,0.6379171368692569,,,,,,,,,,0.005481218765113655,,,0.0,,0.0,,0.013703046912784136,,,0.016443656295340964,0.0027406093825568275,0.005481218765113655,,,,,,,,,,0.0027406093825568275,,,,,,,0.0027406093825568275,0.005481218765113655,,,,,0.0027406093825568275,0.005481218765113655,0.11526680638400774,0.005481218765113655,0.0027406093825568275,,0.0027406093825568275,,,,,,,,,,,
,,0.15669837175560214,,,,0.05223279058520071,,,0.00983395131388038,,,,0.0024181847493148475,0.3522489118168628,,,,,,,,,,0.0024181847493148475,,,0.0,,0.0,,0.02982427857488312,,0.0024181847493148475,0.0222472996936966,,0.007415766564565533,,0.0024181847493148475,,,,,,,,,0.007415766564565533,,,,,,0.004836369498629695,0.004836369498629695,,,,,,0.04223762695469934,0.285990649685636,0.0024181847493148475,0.004836369498629695,,,0.0024181847493148475,,,,,0.0024181847493148475,,,,,0.0024181847493148475
,,0.14396259874254394,,,,0.047073996453329034,,,0.0022569724326938576,,0.0022569724326938576,,0.004675157182008705,0.47509269708205704,,,,,,,,,,0.011768499113332258,,,0.0,,0.0,,0.01886184104465581,,,0.014025471546026116,0.0022569724326938576,0.004675157182008705,,,,,0.0022569724326938576,,,,,0.0022569724326938576,0.0022569724326938576,,,,,,0.0022569724326938576,0.011768499113332258,,,,,,0.025955182975979364,0.20054812187651136,0.01886184104465581,0.0022569724326938576,,,,,,,,,,,,,0.004675157182008705
,,0.11446074480090279,,,,0.04320490085442528,,,0.006448492664839594,,,,,0.49975818152506846,,,,,0.002095760116072868,,,,,0.006448492664839594,,,0.0,,0.0,,0.014992745445752055,,,0.02160245042721264,,0.004191520232145736,,,,,0.004191520232145736,,,0.006448492664839594,,,0.002095760116072868,,,0.002095760116072868,,,0.002095760116072868,0.002095760116072868,,,,,0.002095760116072868,0.03885216830565855,0.2205384491375141,0.002095760116072868,,,,0.004191520232145736,,,,,,,,,,
,,0.1350959213283895,,,,0.06045461873287119,,,0.018539416411413833,,0.004513944865387715,,,0.37514106077704334,,,,,0.0022569724326938576,,,,0.0022569724326938576,0.009189102047396421,0.0022569724326938576,,0.0,,0.0,,0.01160728679671127,,,0.02321457359342254,0.0022569724326938576,0.0022569724326938576,,,,,,,0.0022569724326938576,0.016282443978719974,,,0.0022569724326938576,,0.013864259229405127,,,,0.004513944865387715,0.016282443978719974,0.0022569724326938576,,,,,0.05126551668547477,0.23069482508463646,0.0022569724326938576,,,,0.004513944865387715,,,,,0.0022569724326938576,,,,,0.0022569724326938576
,,0.22811542801870063,,,,0.05013703046912784,,,0.007415766564565533,,0.0024181847493148475,,0.007415766564565533,0.2772851845881026,,,,,0.0024181847493148475,,,,,0.007415766564565533,,,0.0,,0.0,,0.007415766564565533,,,0.027567306142189264,0.004997581815250685,0.007415766564565533,,,0.004997581815250685,,,,,0.0024181847493148475,,0.004997581815250685,,0.0024181847493148475,0.007415766564565533,,,,0.0024181847493148475,0.012413348379816218,0.0024181847493148475,,,,,0.02240851201031759,0.2908270191842657,0.0024181847493148475,0.004997581815250685,,,0.007415766564565533,,,,,0.0024181847493148475,,,,,
,,0.20828631307431889,,,,0.022730936643559567,,,0.0024181847493148475,,0.004997581815250685,,0.0024181847493148475,0.4077059487344833,,,,,,,,,,0.01015637594712236,,,0.0,,0.0,0.007576978881186523,0.007576978881186523,,,0.022730936643559567,,0.004997581815250685,,,,,,0.0024181847493148475,,0.0024181847493148475,,0.0024181847493148475,,0.0024181847493148475,0.012574560696437209,,,,0.007576978881186523,0.012574560696437209,0.022730936643559567,,,,,0.025310333709495404,0.1981299371271965,0.004997581815250685,0.0024181847493148475,,,0.0024181847493148475,,,,,,,,,,
,,0.1189746896662905,,,,0.0222472996936966,,,0.014831533129131066,,,,0.0024181847493148475,0.5302273093664356,,,,,,,,,,,,,0.0,,0.0,,0.014831533129131066,,,0.012252136063195229,,0.004836369498629695,,0.004836369498629695,,,,0.0024181847493148475,,0.014831533129131066,,,,0.004836369498629695,0.017249717878445914,,,,0.0024181847493148475,0.004836369498629695,,,,,,0.054489763017894564,0.16604868611961954,,0.007415766564565533,,,,,,,,,,,,,
,,0.15927776882153796,,0.0025793970659358373,,0.0364339835563437,,,0.01031758826374335,,0.005158794131871675,,,0.41060777043366115,,,,,0.0025793970659358373,,,,,0.01031758826374335,,,0.0,,0.0,,0.026116395292600354,,,0.03127518942447203,,,,,,,,,,,,,,,0.005158794131871675,,,,0.0025793970659358373,,,,,,,0.04433338707077221,0.23778816701596,0.01031758826374335,0.0025793970659358373,,,0.0025793970659358373,,,,,,,,,,
,,0.1525068515234564,,,,0.0333709495405449,,,0.007093341931323553,0.004675157182008705,,,0.0095115266806384,0.4896018055779462,,,,,0.0022569724326938576,,,,,0.0022569724326938576,,,0.0,,0.0,,0.02144123811059165,,,0.023698210543285508,,,,,0.0022569724326938576,,,,,0.004675157182008705,,,0.0022569724326938576,0.0022569724326938576,,0.0022569724326938576,,0.0022569724326938576,,0.014186683862647107,,,,0.0022569724326938576,,0.023698210543285508,0.16927293245203934,0.02144123811059165,0.0022569724326938576,,,0.0022569724326938576,,,0.0022569724326938576,,,,,,,
,,0.1631468644204417,,,,0.03885216830565855,,,0.007738191197807513,0.007738191197807513,0.005158794131871675,,0.0025793970659358373,0.3374173786877317,,0.0025793970659358373,,,0.0025793970659358373,,,,,0.005158794131871675,,,0.0,,0.0,,0.01031758826374335,,,0.025793970659358376,0.005158794131871675,,,,0.0025793970659358373,0.0025793970659358373,,,,0.0025793970659358373,,,0.0025793970659358373,,0.005158794131871675,,,,,0.005158794131871675,0.005158794131871675,,,,,0.0491697565694019,0.2953409640496534,0.0025793970659358373,0.005158794131871675,,,0.0025793970659358373,,0.0025793970659358373,,,0.0025793970659358373,,,,,
,,0.1860390133806223,,,,0.059326132516524265,,,0.0206351765274867,0.0025793970659358373,,,0.005158794131871675,0.2692245687570529,,,,0.0025793970659358373,,0.005158794131871675,,,0.0025793970659358373,0.01031758826374335,,,0.0,,0.0,,0.015476382395615025,,,0.03095276479123005,0.0025793970659358373,,,,,0.0025793970659358373,,0.0025793970659358373,,0.0025793970659358373,,0.0025793970659358373,,0.0025793970659358373,0.007738191197807513,,,,,0.007738191197807513,0.005158794131871675,,,,,0.0619055295824601,0.27389972593906176,0.01031758826374335,0.005158794131871675,,,,,0.0025793970659358373,,,,,,,,
,,0.2140899564726745,,,,0.07996130904401096,,,0.006448492664839594,0.006448492664839594,0.002095760116072868,,0.012896985329679188,0.18249234241496048,,,0.004191520232145736,,,,,,,0.006448492664839594,,,0.0,,0.0,0.002095760116072868,0.028050943092052232,,,0.01934547799451878,0.002095760116072868,,,,0.004191520232145736,0.002095760116072868,0.004191520232145736,0.002095760116072868,,0.004191520232145736,,0.006448492664839594,0.004191520232145736,,0.01080122521360632,,,,,0.002095760116072868,0.002095760116072868,,,,,0.04094792842173142,0.3156537159438981,0.012896985329679188,0.006448492664839594,,,0.006448492664839594,0.006448492664839594,0.002095760116072868,,,,,,,,
,,0.2347251330001612,,,,0.027244881508947282,,0.015798807028857005,0.0022569724326938576,0.0022569724326938576,0.004513944865387715,,0.00902788973077543,0.30162824439787195,,,,,,,,,,0.0022569724326938576,0.004513944865387715,,0.0,,0.0,0.0022569724326938576,0.022730936643559567,,,0.01128486216346929,,,,,,,,0.0022569724326938576,,0.00902788973077543,,,,,0.013541834596163147,,,,0.006770917298081574,0.00902788973077543,0.0022569724326938576,,,,,0.05013703046912784,0.24149605029824278,0.0022569724326938576,0.0022569724326938576,,,0.01821699177817185,0.0022569724326938576,,,,,,,,,
,,0.15621473480573916,,,,0.017088505561824924,,,0.004836369498629695,0.004836369498629695,0.007254554247944543,,0.007254554247944543,0.43962598742543924,,,,,,,,,,,,,0.0,,0.0,0.004836369498629695,0.014509108495889086,,,0.01950669031113977,,,,,,,,0.004836369498629695,,0.00967273899725939,,,,0.0024181847493148475,,0.004836369498629695,,,,0.004836369498629695,,,,,0.0024181847493148475,0.02192487506045462,0.24165726261486378,0.012090923746574238,0.0024181847493148475,,,0.004836369498629695,0.0024181847493148475,,,,0.00967273899725939,,,,,
0.0019345477994518782,,0.14831533129131066,,,,0.037078832822827666,0.0019345477994518782,0.004030307915524746,0.018539416411413833,,0.004030307915524746,,0.006126068031597614,0.3859422859906496,,,,,,,,,,0.008221828147670482,0.0019345477994518782,,0.0,,0.0,0.0019345477994518782,0.018539416411413833,,,0.03288731259068193,0.0019345477994518782,,,,,,,0.006126068031597614,,0.004030307915524746,,0.0019345477994518782,,,0.004030307915524746,,,,0.0019345477994518782,0.018539416411413833,,,,,0.0019345477994518782,0.06384007738191198,0.206029340641625,0.006126068031597614,,,,0.0019345477994518782,0.0019345477994518782,,,,0.008221828147670482,,,,,
,,0.20264388199258423,,0.002095760116072868,,0.06384007738191198,0.002095760116072868,0.002095760116072868,0.01982911494438175,,0.002095760116072868,,0.02192487506045462,0.2593906174431727,,,,,,,,,,0.006609704981460584,0.002095760116072868,,0.0,,0.0,0.002095760116072868,0.01982911494438175,,,0.024181847493148476,,,,,0.002095760116072868,,0.002095760116072868,0.002095760116072868,,0.002095760116072868,,,,,,,,,0.002095760116072868,0.017572142511687892,,,,0.002095760116072868,0.004352732548766725,0.035144285023375785,0.28196034177011126,0.006609704981460584,,,,0.004352732548766725,0.006609704981460584,,,,,,,,,
,,0.18684507496372724,,,,0.04884733193615992,,,0.013219409962921168,,,,,0.30356279219732385,,,,0.002095760116072868,0.002095760116072868,,,,,0.004352732548766725,0.008866677414154442,,0.0,,0.0,,0.026600032242463323,,,0.035466709656617766,,,,,,,0.002095760116072868,0.004352732548766725,,0.004352732548766725,,,0.004352732548766725,,,,,,0.004352732548766725,0.0111236498468483,,,,,0.002095760116072868,0.0444945993873932,0.2669675963243592,0.004352732548766725,0.004352732548766725,,0.002095760116072868,0.006609704981460584,0.004352732548766725,,,,,,,0.002095760116072868,,
,,0.158794131871675,,,,0.04433338707077221,,,0.006287280348218604,,,,0.006287280348218604,0.35724649363211347,,,,,,,,,,0.002095760116072868,0.002095760116072868,,0.0,,0.0,,0.02321457359342254,,,0.0190230533612768,,,,,,0.002095760116072868,0.002095760116072868,0.004191520232145736,,0.008383040464291471,,,0.002095760116072868,,,,,,,0.031758826374335,0.004191520232145736,,,0.002095760116072868,0.002095760116072868,0.02111881347734967,0.2879251974850879,0.008383040464291471,,,0.002095760116072868,,0.002095760116072868,,,,,,,,,
,,0.206351765274867,,,0.006448492664839594,0.034660648073512816,,0.002095760116072868,0.004191520232145736,,0.008544252780912462,,0.012896985329679188,0.12558439464775106,,,,,0.006448492664839594,,,,,0.008544252780912462,0.006448492664839594,,0.0,,0.0,,0.017249717878445914,0.002095760116072868,,0.03901338062227954,0.004191520232145736,,,,0.004191520232145736,0.002095760116072868,,0.002095760116072868,,0.01080122521360632,0.002095760116072868,,,0.002095760116072868,,,0.004191520232145736,,0.006448492664839594,0.03030791552474609,,,,,0.002095760116072868,0.047718845719813,0.3432210220860874,0.03030791552474609,0.006448492664839594,,0.002095760116072868,0.008544252780912462,0.004191520232145736,,,,0.002095760116072868,,,,,0.004191520232145736
,,0.21602450427212638,,0.004352732548766725,,0.06109946799935515,,,0.006448492664839594,,0.01080122521360632,,0.00870546509753345,0.18813477349669505,,,,0.002095760116072868,0.00870546509753345,,,,,0.015153957762373046,0.004352732548766725,,0.0,,0.0,,0.015153957762373046,0.002095760116072868,,0.039174592938900535,0.004352732548766725,,,0.006448492664839594,0.0174109301950669,0.004352732548766725,0.002095760116072868,0.006448492664839594,,0.026116395292600354,0.002095760116072868,0.002095760116072868,0.004352732548766725,,,0.002095760116072868,,,,0.02176366274383363,,,,,0.002095760116072868,0.0348218603901338,0.25536030952764793,0.006448492664839594,0.004352732548766725,,0.002095760116072868,0.006448492664839594,0.002095760116072868,,,,,0.004352732548766725,,,,
,,0.1571820087054651,,,,0.047073996453329034,,,0.006609704981460584,0.006609704981460584,0.006609704981460584,,,0.41705626309850075,,,,0.004352732548766725,0.008866677414154442,,,,,,0.002095760116072868,,0.0,,0.0,,0.008866677414154442,,,0.024665484443011445,,,,0.004352732548766725,,0.006609704981460584,,0.004352732548766725,,0.008866677414154442,,0.006609704981460584,,,0.02015153957762373,,,,0.002095760116072868,0.017894567144929874,,,,,0.004352732548766725,0.013380622279542157,0.20651297759148798,0.002095760116072868,0.004352732548766725,,0.002095760116072868,0.002095760116072868,,0.002095760116072868,,,,,,0.002095760116072868,,
,,0.1776559729163308,,,,0.05013703046912784,,0.004513944865387715,,0.01128486216346929,0.004513944865387715,,0.004513944865387715,0.27180396582298894,,,,0.0022569724326938576,,,,,,0.00902788973077543,0.0022569724326938576,,0.0,,0.0,,0.01128486216346929,,,0.024987909076253426,,,,0.004513944865387715,,,,,,,,0.0022569724326938576,0.0022569724326938576,,,,,,0.0022569724326938576,0.01821699177817185,0.013541834596163147,,,,0.01821699177817185,0.03417701112364985,0.31001128486216345,0.004513944865387715,0.004513944865387715,,0.0022569724326938576,,,0.0022569724326938576,,,0.004513944865387715,,,0.0022569724326938576,,
,,0.12429469611478317,,,,0.058842495566661296,0.002095760116072868,,0.004352732548766725,,,,0.01080122521360632,0.41254231823311305,,,,,,,,,0.004352732548766725,0.006448492664839594,0.002095760116072868,0.002095760116072868,0.0,,0.0,,0.01950669031113977,,,0.02176366274383363,,,,0.004352732548766725,,,,0.002095760116072868,,0.00870546509753345,,0.006448492664839594,,,0.002095760116072868,0.002095760116072868,,,0.004352732548766725,0.05013703046912784,0.002095760116072868,,,,,0.05223279058520071,0.1855553764307593,0.002095760116072868,,,0.002095760116072868,0.004352732548766725,,0.002095760116072868,,,,,,,,
,,0.18990810897952604,,,,0.05577946155086248,0.002095760116072868,,0.002095760116072868,,0.002095760116072868,,0.004352732548766725,0.2948573270997905,,,,,,,,,,0.002095760116072868,0.004352732548766725,,0.0,,0.0,,0.017733354828308883,,,0.03562792197323875,,,,0.004352732548766725,,,0.004352732548766725,0.002095760116072868,,0.006609704981460584,0.008866677414154442,0.008866677414154442,,0.002095760116072868,,0.002095760116072868,,,0.002095760116072868,0.008866677414154442,0.002095760116072868,,,0.002095760116072868,0.002095760116072868,0.037884894405932616,0.26148637755924553,0.013380622279542157,,,,0.004352732548766725,,0.006609704981460584,0.002095760116072868,,0.006609704981460584,,,,,
,,0.20812510075769788,,,,0.08592616475898758,0.004513944865387715,0.0022569724326938576,0.006770917298081574,0.0022569724326938576,0.004513944865387715,,0.004513944865387715,0.23375785910043523,,,,0.004513944865387715,,,,,0.004513944865387715,0.00902788973077543,0.0022569724326938576,,0.0,,0.0,,0.01128486216346929,,,0.02256972432693858,0.0022569724326938576,,,0.00902788973077543,,,0.0022569724326938576,0.0022569724326938576,,0.006770917298081574,,0.004513944865387715,0.00902788973077543,,0.0022569724326938576,,,,,0.03611155892310172,0.0022569724326938576,,,,,0.05191036595195873,0.23746574238271803,0.004513944865387715,0.006770917298081574,,0.0022569724326938576,0.006770917298081574,,0.006770917298081574,,,,,,,,
,,0.1570207963888441,,,,0.058842495566661296,0.002095760116072868,,0.00870546509753345,0.006448492664839594,0.002095760116072868,,0.015153957762373046,0.21376753183943253,,,,,,,,,0.002095760116072868,0.004352732548766725,0.004352732548766725,,0.0,,0.0,,0.013058197646300177,,,0.02176366274383363,,,,,0.004352732548766725,,0.002095760116072868,0.002095760116072868,,0.002095760116072868,,0.006448492664839594,0.03272610027406094,0.002095760116072868,0.002095760116072868,,,,,0.0348218603901338,,,,,,0.058842495566661296,0.31645977752700305,0.013058197646300177,,,,0.004352732548766725,,0.004352732548766725,,,0.004352732548766725,,,,,
,,0.1205868128325004,,,,0.028373367725294214,0.004352732548766725,,0.006448492664839594,0.002095760116072868,0.004352732548766725,,0.026277607609221345,0.35515073351604065,0.002095760116072868,,,0.002095760116072868,,,,,,0.01096243753022731,0.004352732548766725,,0.0,,0.0,,0.0174109301950669,,,0.00870546509753345,,,,,,,,0.002095760116072868,,0.002095760116072868,,0.01096243753022731,0.024020635176527486,0.006448492664839594,0.002095760116072868,,,,,0.015315170078994035,,,,,0.0349830727067548,0.0349830727067548,0.22795421570207963,0.024020635176527486,,,,0.00870546509753345,0.004352732548766725,0.004352732548766725,,,0.004352732548766725,,,,,
,,0.1575044333387071,,,,0.03449943575689183,,,0.014992745445752055,0.004191520232145736,,,0.01934547799451878,0.45381267128808633,,,,0.002095760116072868,,,,,,0.002095760116072868,,,0.0,,0.0,,0.02144123811059165,,,0.01064001289698533,,,,0.002095760116072868,,,,0.002095760116072868,,0.006448492664839594,,0.002095760116072868,0.02788973077543124,,0.006448492664839594,0.002095760116072868,,,,0.025793970659358376,0.002095760116072868,,,,,0.006448492664839594,0.16604868611961954,0.01064001289698533,0.008544252780912462,,,,0.002095760116072868,0.006448492664839594,,,0.002095760116072868,,,,,
,,0.21473480573915849,,,,0.05368370143478962,,,0.008544252780912462,0.002095760116072868,,,0.004191520232145736,0.2671288086409801,,0.002095760116072868,,,,,,,,0.01064001289698533,,,0.0,,0.0,,0.02144123811059165,,,0.0428824762211833,,,,0.004191520232145736,,,0.002095760116072868,0.002095760116072868,,,,0.004191520232145736,,,0.01064001289698533,,,,0.002095760116072868,0.0364339835563437,0.002095760116072868,,,,,0.04078671610511043,0.23827180396582298,0.008544252780912462,,,,0.01064001289698533,0.002095760116072868,0.004191520232145736,,,0.004191520232145736,,,,,
,,0.1841044655811704,,,,0.0744800902788973,,,0.004352732548766725,,0.004352732548766725,,,0.18845719812993722,,,0.002095760116072868,,,,,,,0.002095760116072868,0.002095760116072868,,0.0,,0.0,0.002095760116072868,0.015315170078994035,,,0.015315170078994035,,,,0.013058197646300177,,,0.006448492664839594,0.002095760116072868,,0.006448492664839594,,0.006448492664839594,,0.002095760116072868,,,,,,0.03724004513944865,0.004352732548766725,,,,0.002095760116072868,0.05916492019990327,0.3377398033209737,0.015315170078994035,,,0.002095760116072868,0.002095760116072868,0.002095760116072868,0.004352732548766725,,,0.002095760116072868,,,,,
,,0.23907786554892793,,,,0.06706432371433177,0.002095760116072868,,,,0.002095760116072868,,,0.11720135418345956,0.008866677414154442,,,0.004352732548766725,,,0.002095760116072868,,,0.006609704981460584,0.004352732548766725,,0.0,,0.0,0.004352732548766725,0.013380622279542157,,,0.0491697565694019,,,,0.004352732548766725,,,,0.002095760116072868,,0.006609704981460584,,0.006609704981460584,0.002095760116072868,,,,,,,0.037884894405932616,0.004352732548766725,,,,,0.0491697565694019,0.333064646138965,0.008866677414154442,0.0111236498468483,,,0.004352732548766725,0.002095760116072868,,,,,,,,,0.006609704981460584
,,0.19232629372884089,,,,0.049008544252780915,,,0.01064001289698533,0.002095760116072868,,,0.014831533129131066,0.07448009027889735,,,,,,,,,,0.01064001289698533,0.002095760116072868,,0.0,,0.0,,0.004191520232145736,,,0.023375785910043526,0.012735773013058197,,,0.006287280348218604,,0.006287280348218604,0.006287280348218604,0.004191520232145736,,0.014831533129131066,,0.006287280348218604,0.002095760116072868,0.002095760116072868,0.008544252780912462,,,0.002095760116072868,,0.07044978236337256,0.002095760116072868,,,,0.008544252780912462,0.06400128969853297,0.3869095598903756,0.002095760116072868,,,,0.002095760116072868,0.002095760116072868,0.002095760116072868,,,0.004191520232145736,,,,,
,,0.21521844268902143,,,,0.05900370788328228,,0.0037078832822827665,0.007576978881186523,0.007576978881186523,0.0037078832822827665,,0.0037078832822827665,0.10365951958729658,,,,,,,,,,0.01128486216346929,0.0095115266806384,,0.0,,0.0,,0.005642431081734645,,,0.022730936643559567,0.0017733354828308884,,,0.0037078832822827665,0.0017733354828308884,,,0.0037078832822827665,,0.03046912784136708,,,0.015153957762373046,,0.013219409962921168,,,,,0.05142672900209576,0.02079638884410769,,,,0.005642431081734645,0.047557633403192,0.2932452039335805,0.022730936643559567,,,0.0017733354828308884,0.007576978881186523,0.0037078832822827665,0.0017733354828308884,,,0.017088505561824924,,0.0017733354828308884,0.0017733354828308884,,
,,0.2269869418023537,,,,0.060132194099629215,0.0019345477994518782,,0.005803643398355635,0.005803643398355635,0.0038690955989037564,,0.005803643398355635,0.1510559406738674,,,,,0.0038690955989037564,0.005803643398355635,,,,0.0174109301950669,,,0.0,,0.0,,0.02321457359342254,,,0.02321457359342254,,,0.0038690955989037564,,,0.0038690955989037564,,0.0019345477994518782,,0.02321457359342254,0.0019345477994518782,,0.03095276479123005,,0.01160728679671127,,0.005803643398355635,,,0.00967273899725939,0.015476382395615025,,0.0019345477994518782,,0.0019345477994518782,0.025149121392874417,0.269708205706916,0.01160728679671127,0.007738191197807513,0.0019345477994518782,0.0019345477994518782,0.0019345477994518782,0.0019345477994518782,0.0038690955989037564,,,0.02321457359342254,,,0.0038690955989037564,,
,,0.18748992423021119,,,,0.03079155247460906,,,0.006126068031597614,0.008221828147670482,0.0019345477994518782,,,0.3470901176849912,,,,0.01015637594712236,,0.004030307915524746,,,,0.02256972432693858,,,0.0,,0.0,,0.02047396421086571,,,0.008221828147670482,,,,0.0019345477994518782,,0.0019345477994518782,,0.0019345477994518782,,0.014347896179268096,,,0.024665484443011445,,0.014347896179268096,0.006126068031597614,,,,0.02256972432693858,0.004030307915524746,,,,,0.018539416411413833,0.19571175237788166,0.008221828147670482,0.0019345477994518782,,0.0019345477994518782,0.0019345477994518782,0.004030307915524746,0.0019345477994518782,,,0.026761244559084314,,,,,
,,0.12945349024665484,,,,0.026600032242463323,,,0.008221828147670482,0.004030307915524746,,,0.0019345477994518782,0.5768176688699017,,,,,,,,,,0.006126068031597614,,,0.0,,0.0,0.0019345477994518782,0.006126068031597614,,,0.01015637594712236,,,,0.004030307915524746,,0.0019345477994518782,,0.0019345477994518782,,0.014347896179268096,,0.0019345477994518782,0.014347896179268096,0.0019345477994518782,0.004030307915524746,0.0019345477994518782,,,,0.006126068031597614,0.004030307915524746,,,,0.0019345477994518782,0.014347896179268096,0.1397710785103982,0.004030307915524746,,,0.0019345477994518782,,0.004030307915524746,0.0019345477994518782,,,,,0.004030307915524746,,,
,,0.15653715943898114,,,,0.047396421086571015,,0.004030307915524746,0.012252136063195229,0.004030307915524746,,,0.01015637594712236,0.3717556021280025,,,,0.004030307915524746,,,,,,0.004030307915524746,,,0.0,,0.0,,0.012252136063195229,,,0.04110914073835241,,,,0.0019345477994518782,0.0019345477994518782,,0.0019345477994518782,0.004030307915524746,,0.012252136063195229,,,0.0019345477994518782,,0.0019345477994518782,,,,,0.012252136063195229,,,,,,0.0349830727067548,0.24729969369659843,,,,,0.004030307915524746,0.0019345477994518782,0.0019345477994518782,,,0.004030307915524746,,,,,
,,0.1950669031113977,,,,0.03901338062227954,,0.002095760116072868,0.025955182975979364,,,,0.012896985329679188,0.1936159922618088,,,,0.002095760116072868,,,,,,0.006448492664839594,0.002095760116072868,,0.0,,0.0,,0.017249717878445914,,0.002095760116072868,0.03240367564081896,,,,0.004191520232145736,,,0.006448492664839594,0.002095760116072868,,0.012896985329679188,,0.002095760116072868,,,0.002095760116072868,,,,0.004191520232145736,0.058520070933419314,,,,,,0.04981460583588586,0.2969530872158633,0.004191520232145736,0.01080122521360632,,,0.002095760116072868,0.004191520232145736,0.004191520232145736,,,0.004191520232145736,,,,,
,,0.18297597936482346,,,,0.05755279703369338,,0.0019345477994518782,0.006126068031597614,,0.008221828147670482,,0.012252136063195229,0.2166693535386104,,,,0.0019345477994518782,,,,,,0.004030307915524746,0.004030307915524746,,0.0,,0.0,,0.02869579235853619,,0.0019345477994518782,0.02256972432693858,,,,0.004030307915524746,0.0019345477994518782,,0.0019345477994518782,0.004030307915524746,,0.006126068031597614,,0.004030307915524746,0.0019345477994518782,,0.0019345477994518782,,,,0.004030307915524746,0.0348218603901338,0.008221828147670482,,,,0.006126068031597614,0.03901338062227954,0.3104949218120264,0.006126068031597614,,,,0.008221828147670482,0.004030307915524746,,,,0.004030307915524746,,,,,
0.0038598116411919098,,0.20812104369306778,,0.0038598116411919098,,0.08321753898409757,0.005866913694611703,0.0018527095877721167,0.02562914929751428,0.009881117801451289,,,0.023776439709742164,0.0,0.0018527095877721167,,,,0.0038598116411919098,,,,0.011888219854871082,0.013740929442643199,0.007874015748031496,,0.0,,0.0,,0.02562914929751428,,,0.03165045545777366,,,,0.0038598116411919098,0.0038598116411919098,0.0018527095877721167,0.0018527095877721167,0.007874015748031496,,0.02176933765632237,,0.0038598116411919098,,,0.009881117801451289,0.0018527095877721167,,,0.009881117801451289,0.04353867531264474,0.015748031496062992,,,0.0038598116411919098,0.015748031496062992,0.04955998147290412,0.3013740929442643,0.02176933765632237,0.005866913694611703,,,0.0038598116411919098,0.0038598116411919098,0.0018527095877721167,,,0.0038598116411919098,,,,,
,,0.22924391423504756,,,,0.08963404804127036,,0.004030307915524746,0.01870062872803482,0.014509108495889086,0.0019345477994518782,,0.014509108495889086,0.10494921812026448,,,,,,,,,0.01870062872803482,0.012413348379816218,0.006126068031597614,,0.0,,0.0,,0.031113977107851038,,,0.01870062872803482,0.0019345477994518782,0.006126068031597614,,0.0019345477994518782,0.006126068031597614,,,0.0019345477994518782,,0.03949701757214251,,0.004030307915524746,0.01870062872803482,,0.01031758826374335,,0.0019345477994518782,,0.006126068031597614,0.01870062872803482,0.004030307915524746,,,,0.008221828147670482,0.04159277768821538,0.2126390456230856,0.01031758826374335,,,,0.008221828147670482,0.004030307915524746,0.0019345477994518782,,,0.027083669192326295,,,,,
,,0.11542801870062873,,0.006287280348218604,,0.040464291471868453,,0.004191520232145736,0.01064001289698533,0.006287280348218604,0.004191520232145736,,0.006287280348218604,0.3591810414315654,,,,0.008544252780912462,,,,,0.017088505561824924,0.004191520232145736,0.004191520232145736,,0.0,,0.0,,0.023375785910043526,,,0.014831533129131066,,0.002095760116072868,,,0.006287280348218604,0.004191520232145736,0.002095760116072868,0.006287280348218604,,0.014831533129131066,,,0.002095760116072868,,0.006287280348218604,0.004191520232145736,,,0.008544252780912462,0.019184265677897792,0.002095760116072868,,,,0.002095760116072868,0.02128002579397066,0.22231178462034498,0.01064001289698533,0.012735773013058197,,,,0.006287280348218604,,,,0.02128002579397066,,,,,
,0.004030307915524746,0.1637917136869257,,0.0019345477994518782,,0.06754796066419474,0.0019345477994518782,0.004030307915524746,0.0019345477994518782,0.004030307915524746,0.004030307915524746,,0.012252136063195229,0.19006932129614706,,,,,,,,,,0.0019345477994518782,0.0019345477994518782,,0.0,,0.0,0.0019345477994518782,0.016282443978719974,,0.0019345477994518782,0.012252136063195229,,,,0.0019345477994518782,,,0.004030307915524746,0.0019345477994518782,,0.004030307915524746,,0.0019345477994518782,0.006126068031597614,,0.0019345477994518782,0.0019345477994518782,,,0.0019345477994518782,0.03063034015798807,0.004030307915524746,,,,,0.049008544252780915,0.3603095276479123,0.008060615831049492,0.008060615831049492,,,0.004030307915524746,0.0019345477994518782,,,,0.016282443978719974,,,,,
,0.004030307915524746,0.1631468644204417,,,,0.028857004675157182,,0.006126068031597614,0.012252136063195229,0.0019345477994518782,0.006126068031597614,,0.008221828147670482,0.15669837175560197,,,,0.0019345477994518782,,,,,0.0019345477994518782,0.004030307915524746,0.0019345477994518782,,0.0,,0.0,0.0019345477994518782,0.016443656295340964,,,0.028857004675157182,0.004030307915524746,0.004030307915524746,,0.006126068031597614,0.0019345477994518782,0.0019345477994518782,0.0019345477994518782,0.0019345477994518782,,0.0019345477994518782,,,0.0019345477994518782,,0.008221828147670482,,,,0.0019345477994518782,0.03095276479123005,0.004030307915524746,,,,,0.05368370143478962,0.40077381911978077,0.008221828147670482,,,,0.0019345477994518782,0.0019345477994518782,0.004030307915524746,,0.0019345477994518782,,,0.004030307915524746,,0.0019345477994518782,0.006126068031597614
,,0.21666935353861036,,,0.0019345477994518782,0.06045461873287119,,0.004030307915524746,0.004030307915524746,0.006126068031597614,0.0019345477994518782,0.004030307915524746,,0.13316137352893753,,,,,,,,,,0.004030307915524746,0.0019345477994518782,,0.0,,0.0,0.016604868611961955,0.02079638884410769,,,0.02917942930839916,,0.006126068031597614,,0.006126068031597614,0.0019345477994518782,0.0019345477994518782,0.004030307915524746,0.004030307915524746,,,,0.004030307915524746,0.0019345477994518782,,0.012413348379816218,0.004030307915524746,,,0.0019345477994518782,0.03320973722392391,0.004030307915524746,,,0.004030307915524746,0.012413348379816218,0.06448492664839593,0.3064646138965017,0.006126068031597614,0.004030307915524746,,,0.004030307915524746,,0.0019345477994518782,,,,0.0019345477994518782,0.0019345477994518782,,,0.0019345477994518782
,,0.18458810253103336,,,,0.0696437207802676,0.0019345477994518782,0.006126068031597614,0.0019345477994518782,0.004030307915524746,0.0019345477994518782,0.0019345477994518782,0.0019345477994518782,0.0820570691600837,,,,0.0019345477994518782,0.0019345477994518782,,,,0.0019345477994518782,0.0019345477994518782,,,0.0,,0.0,0.014347896179268096,0.02047396421086571,,,0.0348218603901338,,,,0.004030307915524746,0.006126068031597614,0.0019345477994518782,0.0019345477994518782,,,0.006126068031597614,,0.008060615831049492,0.0019345477994518782,,,,,,0.0019345477994518782,0.02047396421086571,0.016282443978719974,,,0.004030307915524746,0.012252136063195229,0.08608737707560858,0.3611155892310173,0.014347896179268096,,0.004030307915524746,0.0019345477994518782,0.0019345477994518782,,0.0019345477994518782,,,0.006126068031597614,0.0019345477994518782,0.0019345477994518782,,,
,,0.24345353882986684,,,,0.07855753404159808,,0.0037408349543618137,0.0037408349543618137,,,,0.009576537483166243,1.1102230246251565e-16,,,,,0.0017956007780936705,,,,,0.0152626066137962,0.0076313033068981,,0.0,,0.0,0.005686069130629957,0.019153074966332485,,,0.03247044740386054,0.017207840790064342,,,0.0037408349543618137,0.0228939099206943,0.0017956007780936705,0.005686069130629957,,,0.0017956007780936705,,0.005686069130629957,0.013317372437528056,,0.0076313033068981,0.0017956007780936705,,0.0017956007780936705,0.0017956007780936705,0.020948675744426156,0.019153074966332485,,,0.0017956007780936705,0.017207840790064342,0.05356875654646117,0.3241059404459075,0.028729612449498728,0.0017956007780936705,,,0.009576537483166243,,0.0017956007780936705,,,0.011372138261259913,,0.0037408349543618137,,,
,,0.18759982575867576,,,,0.10439959343691012,,0.007695658487004501,0.013503702628139973,,,,0.007695658487004501,0.0,,,,0.0037752286917380573,,,,,,0.007695658487004501,0.007695658487004501,0.0018876143458690286,0.0,,0.0,0.00958327283287353,0.00958327283287353,,,0.01727893131987803,,,,,0.01727893131987803,0.0018876143458690286,,0.007695658487004501,,0.00958327283287353,,,0.023086975461013504,0.005662843037607086,0.011470887178742558,,,,,0.08886307535937273,0.019311746769275447,,,0.0018876143458690286,0.019311746769275447,0.06766371424422826,0.2843037607085814,0.05212719616669087,0.0018876143458690286,,,,,,,,0.00958327283287353,,,,,
,,0.1920038690955989,,0.002095760116072868,,0.0872158632919555,,0.002095760116072868,0.004352732548766725,0.002095760116072868,0.002095760116072868,,0.01080122521360632,0.20151539577623723,,,,0.004352732548766725,,,,,,0.006448492664839594,0.00870546509753345,0.002095760116072868,0.0,,0.0,0.0174109301950669,0.0174109301950669,,,0.02176366274383363,0.002095760116072868,,,0.002095760116072868,0.006448492664839594,,,0.002095760116072868,,0.00870546509753345,,,0.02176366274383363,0.00870546509753345,0.006448492664839594,,0.002095760116072868,,0.004352732548766725,0.026116395292600354,0.026116395292600354,,,0.004352732548766725,0.01950669031113977,0.0174109301950669,0.18990810897952604,0.026116395292600354,0.00870546509753345,,,0.01080122521360632,,0.002095760116072868,,,0.006448492664839594,,0.015153957762373046,,,
,,0.2174754151217153,,,0.0019345477994518782,0.03063034015798807,,0.006126068031597614,0.008060615831049492,0.008060615831049492,0.0019345477994518782,,0.008060615831049492,0.07770433661131715,,,0.0019345477994518782,,,,,,,,0.0019345477994518782,,0.0,,0.0,0.01015637594712236,0.02047396421086571,,,0.024504272126390458,0.008060615831049492,,,0.004030307915524746,0.004030307915524746,,0.004030307915524746,0.004030307915524746,,,,0.0019345477994518782,0.008060615831049492,0.008060615831049492,0.01015637594712236,,0.0019345477994518782,,,0.04304368853780429,0.0019345477994518782,,,,,0.055295824600999514,0.3796550056424311,0.006126068031597614,0.006126068031597614,,,0.02256972432693858,0.0019345477994518782,0.004030307915524746,,,0.0019345477994518782,,0.004030307915524746,,,
,,0.1918426567789779,,0.004191520232145736,,0.0715782685797195,,0.004191520232145736,0.004191520232145736,0.006287280348218604,0.008383040464291471,,0.012574560696437209,0.0064484926648396,0.01047880058036434,,0.004191520232145736,,0.002095760116072868,,,,,0.01047880058036434,0.002095760116072868,,0.0,,0.0,0.01047880058036434,0.02950185394164114,,,0.016766080928582942,0.006287280348218604,,,0.008383040464291471,0.002095760116072868,0.002095760116072868,0.002095760116072868,0.002095760116072868,,0.006287280348218604,,,,,0.02095760116072868,,0.002095760116072868,0.002095760116072868,0.002095760116072868,0.037884894405932616,0.004191520232145736,,,,0.006287280348218604,0.05255521521844269,0.4110914073835241,0.002095760116072868,0.002095760116072868,,,0.012574560696437209,,0.004191520232145736,,,0.004191520232145736,,0.01047880058036434,,,
,,0.1647589875866516,,0.002095760116072868,,0.05045945510236982,,0.01096243753022731,0.006448492664839594,0.004352732548766725,0.00870546509753345,,0.004352732548766725,0.1212316620989844,,,0.004352732548766725,,,,,,,0.017572142511687892,0.004352732548766725,,0.0,,0.0,,0.03063034015798807,,,0.01966790262776076,,,,0.006448492664839594,,,0.004352732548766725,0.002095760116072868,,0.013058197646300177,,0.004352732548766725,0.002095760116072868,0.002095760116072868,0.006448492664839594,,,,,0.026277607609221345,0.006448492664839594,,,0.004352732548766725,0.004352732548766725,0.06367886506529098,0.3582137675318394,0.01966790262776076,,,,0.01096243753022731,,0.006448492664839594,,,0.00870546509753345,,,,,
,,0.2078026761244559,,,0.002095760116072868,0.06561341286474287,,0.0174109301950669,0.01080122521360632,0.004352732548766725,0.002095760116072868,,,0.030952764791230103,,,,,,,,,,0.02176366274383363,0.002095760116072868,,0.0,,0.0,,0.03063034015798807,,,0.024020635176527486,0.004352732548766725,,,0.006448492664839594,,,,0.006448492664839594,,0.004352732548766725,,0.004352732548766725,,0.002095760116072868,0.006448492664839594,0.004352732548766725,,,,0.015315170078994035,0.006448492664839594,,,0.002095760116072868,0.01080122521360632,0.08302434305980977,0.37626954699339027,0.006448492664839594,0.00870546509753345,,0.004352732548766725,0.015315170078994035,0.002095760116072868,,,,0.006448492664839594,,0.002095760116072868,,0.002095760116072868,
0.0035880398671096344,,0.2554152823920266,,,,0.06471760797342192,,0.009169435215946844,0.014750830564784052,0.014750830564784052,0.0054485049833887045,,0.0017275747508305648,0.0,,,0.0035880398671096344,0.0035880398671096344,,0.0017275747508305648,,,,0.014750830564784052,0.0017275747508305648,,0.0,,0.0,0.0017275747508305648,0.018471760797342193,,,0.04066445182724252,,0.0035880398671096344,,0.0054485049833887045,0.0035880398671096344,,0.0017275747508305648,0.0035880398671096344,,0.0240531561461794,,0.0054485049833887045,0.014750830564784052,0.009169435215946844,0.0054485049833887045,,,0.0017275747508305648,0.0035880398671096344,0.016611295681063124,0.007308970099667774,,,,0.0017275747508305648,0.0481063122923588,0.320265780730897,0.02777408637873754,,,,0.011029900332225914,,0.0054485049833887045,,,0.018471760797342193,,0.0017275747508305648,,0.0035880398671096344,
,,0.2295792079207921,,,,0.07719678217821782,,0.002011138613861386,0.040532178217821783,0.018254950495049504,0.004022277227722772,,0.008044554455445545,0.0,,,,,,0.002011138613861386,,,,0.008044554455445545,0.002011138613861386,,0.0,,0.0,,0.012066831683168317,,0.002011138613861386,0.03047648514851485,,0.004022277227722772,,,0.004022277227722772,,,0.002011138613861386,,0.018254950495049504,,0.012066831683168317,0.022277227722772276,0.018254950495049504,0.006033415841584159,0.006033415841584159,,,0.004022277227722772,0.03449876237623763,0.008044554455445545,,,,0.002011138613861386,0.03449876237623763,0.31698638613861385,0.028310643564356437,0.002011138613861386,,,0.01624381188118812,0.010055693069306931,0.004022277227722772,,,0.008044554455445545,0.002011138613861386,,,,
,,0.13461228437852651,,,0.002095760116072868,0.05287763985168467,,0.002095760116072868,0.022086087377075608,0.01096243753022731,0.01096243753022731,,0.004352732548766725,0.285668225052394,,,,0.004352732548766725,,,,,,0.01096243753022731,,,0.0,,0.0,0.002095760116072868,0.00870546509753345,,,0.026438819925842336,0.006609704981460584,,,0.002095760116072868,0.002095760116072868,,,0.002095760116072868,,0.013219409962921168,,0.004352732548766725,0.022086087377075608,0.01096243753022731,0.002095760116072868,0.002095760116072868,0.002095760116072868,,0.004352732548766725,0.0396582298887635,0.00870546509753345,,0.002095760116072868,,,0.015315170078994035,0.22295663388682896,0.017572142511687892,0.01096243753022731,,0.004352732548766725,0.002095760116072868,,,,,0.015315170078994035,0.004352732548766725,0.002095760116072868,,0.002095760116072868,
,,0.2110269224568757,,,,0.035144285023375785,,0.002095760116072868,0.017572142511687892,0.006448492664839594,,,0.004352732548766725,0.05513461228437855,,,,,,,,,,0.013058197646300177,0.004352732548766725,,0.0,,0.0,,0.017572142511687892,,,0.01966790262776076,0.01096243753022731,,,,0.002095760116072868,,0.002095760116072868,0.002095760116072868,,0.01096243753022731,0.002095760116072868,0.002095760116072868,,0.002095760116072868,0.00870546509753345,0.002095760116072868,,0.002095760116072868,,0.02192487506045462,0.01096243753022731,,,,0.002095760116072868,0.06367886506529098,0.40222472996936964,0.024181847493148476,0.004352732548766725,,0.004352732548766725,0.013058197646300177,,,,,0.006448492664839594,0.004352732548766725,0.002095760116072868,,0.006448492664839594,
,,0.1681444462356924,,,,0.03981944220538449,,0.004352732548766725,0.013219409962921168,0.006609704981460584,,,0.015476382395615025,0.21779783975495715,,,,,,,,,,0.015476382395615025,0.00870546509753345,,0.0,,0.0,,0.015476382395615025,,,0.026438819925842336,,,,,,,,0.00870546509753345,,,,0.004352732548766725,,,0.006609704981460584,0.006609704981460584,,0.004352732548766725,,0.017572142511687892,,,,,,0.07738191197807512,0.3077543124294696,0.006609704981460584,,,,0.013219409962921168,,,,,0.004352732548766725,,0.006609704981460584,,0.004352732548766725,
,,0.20103175882637433,,,,0.07996130904401096,,0.0019345477994518782,0.03063034015798807,0.008060615831049492,,,0.0019345477994518782,0.05835885861679835,,,,,,,,,,0.02256972432693858,0.008060615831049492,,0.0,,0.0,0.004030307915524746,0.016282443978719974,,,0.03885216830565855,,,,,,,0.006126068031597614,,,0.014347896179268096,,0.008060615831049492,,0.01015637594712236,0.004030307915524746,0.004030307915524746,,0.004030307915524746,,0.0348218603901338,0.01015637594712236,,,,,0.05336127680154764,0.3591810414315654,0.0019345477994518782,0.004030307915524746,,,0.0019345477994518782,,,,,0.006126068031597614,,0.004030307915524746,,,0.0019345477994518782
,,0.21699177817185233,,,,0.05094309205223279,,0.008383040464291471,0.002095760116072868,0.008383040464291471,0.002095760116072868,,,0.00854425278091231,,,,,,,,,,0.01047880058036434,0.0190230533612768,,0.0,,0.0,,0.002095760116072868,,,0.025471546026116395,0.002095760116072868,,,,0.002095760116072868,,,0.002095760116072868,,0.006287280348218604,,0.01047880058036434,,,,0.002095760116072868,,0.004191520232145736,0.002095760116072868,0.04030307915524746,0.004191520232145736,,,,,0.06367886506529098,0.4744478478155731,0.01047880058036434,0.002095760116072868,,,,0.002095760116072868,0.002095760116072868,,,0.006287280348218604,,0.008383040464291471,,,
,,0.2623231223759913,,0.002021458560099518,,0.043383610635981965,,0.004042917120199036,0.004042917120199036,0.004042917120199036,,,0.010262789612812937,0.0,,,0.004042917120199036,,0.004042917120199036,,,,,0.01446120354532732,0.018504120665526355,,0.0,,0.0,,0.024723993158140257,,,0.03094386565075416,0.01648266210542684,,0.002021458560099518,,0.002021458560099518,0.004042917120199036,,,,0.010262789612812937,0.012284248172912455,0.00824133105271342,0.004042917120199036,0.002021458560099518,0.002021458560099518,0.002021458560099518,,,0.006064375680298554,0.03094386565075416,0.00824133105271342,,,,0.00824133105271342,0.07852589021925051,0.32234489192971544,0.02892240709065464,0.012284248172912455,,,0.002021458560099518,,0.002021458560099518,,,0.004042917120199036,,0.002021458560099518,,,0.002021458560099518
,,0.24580484773151026,,,,0.07504661280298322,,0.0060596643878185205,0.010099440646364201,0.0020198881292728403,,,0.024238657551274082,0.0,,,0.0020198881292728403,,0.0020198881292728403,,,,,0.014139216904909883,0.0020198881292728403,,0.0,,0.0,,0.014139216904909883,,,0.03449347420758235,0.012119328775637041,,0.0020198881292728403,,0.0020198881292728403,0.0060596643878185205,0.0020198881292728403,0.004039776258545681,,0.018178993163455563,0.010099440646364201,0.012119328775637041,,0.0060596643878185205,0.004039776258545681,,,,0.0060596643878185205,0.03651336233685519,0.0020198881292728403,0.0020198881292728403,,,,0.0689869484151647,0.3189869484151647,0.024238657551274082,0.008079552517091361,,,0.008079552517091361,,,,,0.0060596643878185205,,0.004039776258545681,0.0020198881292728403,0.0020198881292728403,
,,0.1552474609060132,,,,0.03063034015798807,0.002095760116072868,0.006448492664839594,0.004352732548766725,0.004352732548766725,0.002095760116072868,,0.006448492664839594,0.3636949862969533,,,,,,,,0.002095760116072868,,,0.004352732548766725,,0.0,,0.0,,0.013058197646300177,,0.002095760116072868,0.03272610027406094,0.002095760116072868,,,,0.004352732548766725,,,0.002095760116072868,,0.015315170078994035,0.00870546509753345,0.01080122521360632,,0.002095760116072868,,0.006448492664839594,,,0.002095760116072868,0.03933580525552152,0.002095760116072868,0.002095760116072868,,0.004352732548766725,,0.05674673545058843,0.17056263098500726,0.015315170078994035,0.004352732548766725,,,,,0.004352732548766725,,,,0.01080122521360632,0.002095760116072868,0.002095760116072868,0.002095760116072868,
,,0.2155408673222634,,,,0.037884894405932616,,0.012574560696437209,,0.002095760116072868,0.002095760116072868,,0.006287280348218604,0.002418184749314878,,,,,,,,,0.004191520232145736,0.008383040464291471,0.004191520232145736,,0.0,,0.0,0.002095760116072868,0.027406093825568273,,0.002095760116072868,0.037884894405932616,0.008383040464291471,,,,0.002095760116072868,0.006287280348218604,0.002095760116072868,,,0.008383040464291471,0.002095760116072868,0.008383040464291471,,,0.008383040464291471,0.006287280348218604,,,,0.04014186683862647,0.006287280348218604,0.012574560696437209,,,0.006287280348218604,0.03578913428985975,0.3909398678059004,0.012574560696437209,0.002095760116072868,,0.004191520232145736,0.03159761405771401,,0.006287280348218604,,,0.03159761405771401,,0.002095760116072868,,,
,,0.17991294534902466,,,,0.05787522166693535,,0.0038690955989037564,0.0019345477994518782,0.0038690955989037564,,,0.0238594228599065,0.21441238110591643,,,0.0019345477994518782,,,,,,,0.01192971142995325,0.007899403514428503,,0.0,,0.0,0.0019345477994518782,0.0238594228599065,,,0.035950346606480735,0.005964855714976625,,,,,,,,,0.0019345477994518782,,0.007899403514428503,,0.0019345477994518782,0.005964855714976625,,,,,0.0238594228599065,0.005964855714976625,0.0038690955989037564,,,,0.0459455102369821,0.29985490891504113,0.005964855714976625,,,0.0019345477994518782,0.0038690955989037564,,,,,0.013864259229405127,,0.0019345477994518782,,,
,,0.18829598581331614,,,,0.07238433016282445,,0.004030307915524746,0.008221828147670482,0.008221828147670482,,,0.014347896179268096,0.12896985329679178,,,,,,,,,,0.016443656295340964,0.008221828147670482,,0.0,,0.0,0.0019345477994518782,0.008221828147670482,,,0.035144285023375785,,,,0.0019345477994518782,0.004030307915524746,,,0.004030307915524746,,0.008221828147670482,,0.012413348379816218,0.006126068031597614,,0.004030307915524746,,,,0.004030307915524746,0.0206351765274867,0.008221828147670482,0.0019345477994518782,,,,0.03724004513944865,0.35192648718362085,0.0019345477994518782,0.024826696759632436,,,0.004030307915524746,,0.0019345477994518782,,,0.006126068031597614,,0.0019345477994518782,,,
,,0.19055295824600998,,,,0.05013703046912784,,0.006126068031597614,0.016604868611961955,0.01031758826374335,0.0019345477994518782,,0.024987909076253426,0.09301950669031112,,,,,,,,,,0.008221828147670482,0.01031758826374335,,0.0,,0.0,,0.008221828147670482,,,0.02917942930839916,0.0019345477994518782,,,,,,,0.0019345477994518782,,0.01031758826374335,,0.027083669192326295,0.006126068031597614,0.0019345477994518782,0.01031758826374335,,0.0019345477994518782,,0.004030307915524746,0.0459455102369821,0.004030307915524746,,,,,0.0396582298887635,0.3622440754473642,0.012413348379816218,,,,,0.004030307915524746,,,,0.01031758826374335,,0.006126068031597614,,,
,,0.23481195756991322,,0.0019286403085824494,,0.06846673095467695,0.0019286403085824494,0.006107360977177756,0.01446480231436837,0.01446480231436837,,,0.043555126968820315,0.0,,,,,,,,,,0.012375441980070716,0.01446480231436837,,0.0,,0.0,,0.01446480231436837,,0.004018000642880103,0.031018964963034395,0.0019286403085824494,,,0.004018000642880103,0.006107360977177756,,,,,0.010286081645773062,0.0019286403085824494,0.00819672131147541,0.00819672131147541,0.00819672131147541,0.012375441980070716,,,,0.006107360977177756,0.045644487303117966,,0.0019286403085824494,,,,0.05818064930890389,0.2929926068788171,0.03728704596592736,0.004018000642880103,,0.0019286403085824494,0.006107360977177756,0.00819672131147541,,,,0.010286081645773062,,,,,0.004018000642880103
,,0.20586812832500404,,0.002095760116072868,,0.07415766564565533,,0.014831533129131066,0.002095760116072868,0.008383040464291471,,,0.027567306142189264,0.019829114944381776,,,,0.002095760116072868,0.002095760116072868,0.002095760116072868,0.002095760116072868,,,0.004191520232145736,0.008383040464291471,,0.0,,0.0,,0.029663066258262132,,0.004191520232145736,0.02321457359342254,0.006287280348218604,0.002095760116072868,,0.004191520232145736,0.004191520232145736,0.01047880058036434,,,0.002095760116072868,0.006287280348218604,0.002095760116072868,0.008383040464291471,0.027567306142189264,0.008383040464291471,0.006287280348218604,0.002095760116072868,0.002095760116072868,,0.006287280348218604,0.08915041109140738,0.004191520232145736,,0.004191520232145736,,0.008383040464291471,0.033854586490407866,0.23988392713203288,0.04030307915524746,0.004191520232145736,,0.002095760116072868,0.008383040464291471,0.008383040464291471,,,,0.02321457359342254,,0.002095760116072868,,,
,,0.19297114299532483,,,,0.05255521521844269,0.004352732548766725,0.024020635176527486,0.004352732548766725,0.004352732548766725,,,0.01966790262776076,0.24536514589714653,,,,0.004352732548766725,,,,,,0.004352732548766725,0.01096243753022731,,0.0,,0.0,,0.02192487506045462,,0.004352732548766725,0.01096243753022731,,0.01096243753022731,,0.004352732548766725,0.004352732548766725,,,,,0.00870546509753345,0.004352732548766725,0.00870546509753345,0.013058197646300177,0.015315170078994035,0.002095760116072868,0.002095760116072868,,,0.004352732548766725,0.0349830727067548,,,,,,0.03933580525552152,0.18636143801386426,0.02192487506045462,0.013058197646300177,,0.002095760116072868,0.002095760116072868,0.00870546509753345,,,,0.006448492664839594,,0.002095760116072868,,,
,,0.20586812832500404,,0.002095760116072868,,0.08915041109140738,,0.006287280348218604,0.02321457359342254,0.004191520232145736,,,0.01047880058036434,0.023375785910043634,0.014831533129131066,,,0.002095760116072868,,,,0.002095760116072868,,0.02111881347734967,0.02111881347734967,,0.0,,0.0,,0.02321457359342254,,,0.035950346606480735,,0.002095760116072868,,,0.002095760116072868,,,,,0.006287280348218604,,0.01047880058036434,,0.016927293245203933,0.002095760116072868,,,,0.004191520232145736,0.033854586490407866,0.004191520232145736,,,,,0.0444945993873932,0.34805739158471705,0.008383040464291471,,,,0.002095760116072868,,0.002095760116072868,,,0.025471546026116395,,0.002095760116072868,,,
,,0.21199419635660163,,,,0.08802192487506046,,0.004191520232145736,0.002095760116072868,0.006287280348218604,,,0.008383040464291471,0.11268740931807208,,,,,,,,,,0.01047880058036434,0.01047880058036434,,0.0,,0.0,,0.012574560696437209,,,0.027244881508947282,,0.002095760116072868,,0.002095760116072868,0.004191520232145736,,,0.002095760116072868,,,,0.016766080928582942,,,0.006287280348218604,0.002095760116072868,,,,0.04401096243753023,0.004191520232145736,,,,,0.04191520232145736,0.3546670965661777,0.01047880058036434,0.002095760116072868,,,0.008383040464291471,,,,,,0.002095760116072868,0.002095760116072868,,,
,,0.22279542157020796,,,0.002095760116072868,0.10269224568757053,,0.008544252780912462,0.004191520232145736,,0.002095760116072868,,0.004191520232145736,0.0786716105110431,,,,,,,,,,0.014992745445752055,0.012735773013058197,,0.0,,0.0,0.002095760116072868,0.017088505561824924,,,0.04272126390456231,,,,0.004191520232145736,0.008544252780912462,,,,,0.006287280348218604,,0.008544252780912462,,0.002095760116072868,0.012735773013058197,0.002095760116072868,,,,0.023536998226664517,0.019184265677897792,,,,,0.0491697565694019,0.32129614702563275,0.012735773013058197,0.006287280348218604,,0.002095760116072868,,0.002095760116072868,,,,0.002095760116072868,0.002095760116072868,,,,
,,0.2904139776483551,,,,0.07476782622383125,,0.002046277349283803,0.002046277349283803,,,,0.014953565244766253,0.0,0.002046277349283803,,,,,,,,,0.012749881945537542,0.014953565244766253,,0.0,,0.0,,0.016999842594050057,,,0.014953565244766253,,,,,0.006296237997796317,,,,,0.012749881945537542,,0.004249960648512514,,0.008499921297025028,0.01054619864630883,0.002046277349283803,0.002046277349283803,,0.004249960648512514,0.04486069573429876,0.012749881945537542,,,,0.002046277349283803,0.055406894380607585,0.35668188257516137,0.004249960648512514,0.004249960648512514,,,0.008499921297025028,,0.002046277349283803,,,0.006296237997796317,,,,0.006296237997796317,
,,0.23132969034608378,,,,0.06893652795292139,,,0.020456774555135213,,,,0.00546448087431694,0.0,,,,,,,,,,0.00546448087431694,0.00546448087431694,,0.0,0.0018214936247723133,0.0,,0.01667367241137733,,,0.029844472467423288,0.011069076642847136,,,0.0018214936247723133,0.011069076642847136,,,0.0018214936247723133,,0.048479753397786186,,0.009247583018074821,0.01667367241137733,0.007426089393302508,0.011069076642847136,,,,0.0036429872495446266,0.029844472467423288,0.009247583018074821,,,,0.0018214936247723133,0.052262855541544063,0.3676614824155808,0.0186352809303629,,,,0.0018214936247723133,,,,,0.0036429872495446266,,0.0018214936247723133,,0.00546448087431694,
,,0.16943414476866034,,,,0.05287763985168467,,0.002095760116072868,0.006287280348218604,,,,,0.2793809447041754,,,,,,,,,,0.008383040464291471,0.006287280348218604,,0.0,0.002095760116072868,0.0,,0.031758826374335,,,0.02111881347734967,0.002095760116072868,,,0.002095760116072868,0.01047880058036434,,,0.004191520232145736,,0.02321457359342254,,0.002095760116072868,0.016927293245203933,0.0190230533612768,0.031758826374335,0.002095760116072868,,,0.006287280348218604,0.04223762695469934,0.012574560696437209,,,0.002095760116072868,0.008383040464291471,0.0190230533612768,0.1968402385942286,0.004191520232145736,0.002095760116072868,,,,,0.004191520232145736,,,,,0.006287280348218604,,0.002095760116072868,
,,0.19006932129614704,,,,0.05626309850072546,,0.0019345477994518782,0.01031758826374335,,0.004030307915524746,,0.01031758826374335,0.3606319522811542,0.0019345477994518782,,,,,,,,,,0.006126068031597614,,0.0,0.0019345477994518782,0.0,,0.027083669192326295,0.0019345477994518782,,0.01031758826374335,,,,0.006126068031597614,0.008221828147670482,,,,,0.01031758826374335,,0.008221828147670482,0.008221828147670482,0.006126068031597614,0.016604868611961955,0.004030307915524746,,,0.006126068031597614,0.016604868611961955,0.008221828147670482,,,,0.0019345477994518782,0.027083669192326295,0.1504110914073835,0.006126068031597614,0.0019345477994518782,,,0.02079638884410769,,0.004030307915524746,,,,,0.0019345477994518782,,0.004030307915524746,
,,0.1713686925681122,,,,0.06803159761405772,,,0.018539416411413833,,0.004030307915524746,,0.012252136063195229,0.08286313074318874,,,0.0019345477994518782,,,,,,,0.0206351765274867,0.012252136063195229,,0.0,,0.0,0.0019345477994518782,0.014347896179268096,,,0.028857004675157182,,,,0.004030307915524746,0.006126068031597614,,,,,0.006126068031597614,,0.016443656295340964,0.008221828147670482,0.0019345477994518782,0.01031758826374335,,,,0.004030307915524746,0.0206351765274867,0.004030307915524746,,,,,0.033048524907302916,0.39255199097211024,0.03095276479123005,,,,0.016443656295340964,,0.0019345477994518782,,,,,0.006126068031597614,,,
,,0.18587780106400129,,,,0.0730291794293084,,,0.008221828147670482,,,,0.012413348379816218,0.0986619377720459,,0.0019345477994518782,,,0.0019345477994518782,0.0019345477994518782,,,,0.016604868611961955,0.016604868611961955,,0.0,,0.0,,0.022892148960180558,,,0.027083669192326295,,,,0.008221828147670482,0.004030307915524746,,,0.0019345477994518782,,0.01870062872803482,,0.01031758826374335,,,0.016604868611961955,0.0019345477994518782,,,0.0019345477994518782,0.0333709495405449,,,,,,0.03127518942447203,0.37820409479284217,0.004030307915524746,,,,0.01031758826374335,0.0019345477994518782,0.0019345477994518782,,,,0.004030307915524746,0.004030307915524746,,,
,,0.17185232951797516,,,0.002095760116072868,0.08479767854264066,,0.002095760116072868,0.025471546026116395,,0.006287280348218604,,0.02111881347734967,0.05320006448492676,,,,,,,,,,0.012735773013058197,0.01047880058036434,,0.0,,0.0,,0.016927293245203933,,,0.031758826374335,0.002095760116072868,,,0.006287280348218604,0.01047880058036434,0.006287280348218604,0.002095760116072868,0.004191520232145736,,0.0190230533612768,,0.012735773013058197,,,0.008383040464291471,0.002095760116072868,,,,0.02111881347734967,0.002095760116072868,,,,,0.07206190552958246,0.3353216185716589,0.004191520232145736,0.004191520232145736,,,0.012735773013058197,0.004191520232145736,0.002095760116072868,,,0.0190230533612768,,0.01047880058036434,,,
,,0.1791068837659197,,,,0.06529098823150088,,,0.012574560696437209,0.004191520232145736,0.002095760116072868,,0.012574560696437209,0.0696437207802677,0.002095760116072868,,,,,,,,,0.016766080928582942,0.006287280348218604,,0.0,,0.0,,0.025149121392874417,,,0.04836369498629695,0.002095760116072868,,,0.006287280348218604,,0.002095760116072868,,0.002095760116072868,,0.01886184104465581,,0.006287280348218604,0.006287280348218604,,0.006287280348218604,0.004191520232145736,,0.002095760116072868,,0.02950185394164114,0.008383040464291471,0.002095760116072868,,,,0.05255521521844269,0.3478961792680961,0.002095760116072868,,,,0.012574560696437209,0.012574560696437209,0.002095760116072868,,,0.027406093825568273,,0.002095760116072868,,,
,,0.19142273655547992,,,,0.06671204901293397,,0.006943498978897209,0.014023144996596324,,0.0034036759700476512,,0.008713410483321988,1.1102230246251565e-16,,,,,,,,,,0.0034036759700476512,0.0034036759700476512,,0.0,,0.0,0.0016337644656228727,0.019196732471068755,,,0.031586113002042206,0.0016337644656228727,,,0.019196732471068755,0.0016337644656228727,0.0034036759700476512,,0.0034036759700476512,,0.010483321987746767,,0.0034036759700476512,0.012253233492171545,0.0016337644656228727,0.006943498978897209,0.0034036759700476512,,0.0016337644656228727,0.0016337644656228727,0.04383934649421375,0.0034036759700476512,,,,0.010483321987746767,0.08427501701837985,0.3460857726344452,0.02627637848876787,0.0034036759700476512,,,0.012253233492171545,0.01756296800544588,0.0016337644656228727,,,0.020966643975493533,,0.008713410483321988,,,
,,0.1462195711752378,,,,0.0967273899725939,,,0.01064001289698533,,,,0.01934547799451878,0.031758826374334914,,,,,,,,,,0.004191520232145736,0.002095760116072868,,0.0,,0.0,,0.025793970659358376,,,0.03869095598903756,,,,0.008544252780912462,0.012896985329679188,0.002095760116072868,0.002095760116072868,0.002095760116072868,,0.0364339835563437,,0.004191520232145736,0.012896985329679188,0.008544252780912462,0.01934547799451878,0.008544252780912462,0.002095760116072868,,0.002095760116072868,0.04513944865387716,0.012896985329679188,0.002095760116072868,,0.002095760116072868,0.002095760116072868,0.04723520876995002,0.3270997904239884,0.004191520232145736,,,,0.004191520232145736,0.008544252780912462,0.002095760116072868,,,0.02788973077543124,,0.017088505561824924,,,
,,0.1573432210220861,,,,0.052394002901821696,,0.002095760116072868,0.006287280348218604,0.002095760116072868,,,0.012574560696437209,0.3562792197323875,0.008383040464291471,,,,,0.002095760116072868,,,0.002095760116072868,0.002095760116072868,,,0.0,,0.0,,0.01047880058036434,,,0.012574560696437209,,,,0.008383040464291471,0.006287280348218604,0.004191520232145736,,,,0.006287280348218604,,0.006287280348218604,0.01886184104465581,0.004191520232145736,0.004191520232145736,0.002095760116072868,,,0.002095760116072868,0.025149121392874417,0.002095760116072868,,,,0.012574560696437209,0.04191520232145736,0.1824923424149605,0.01886184104465581,0.006287280348218604,,,0.006287280348218604,0.006287280348218604,,,,0.004191520232145736,,0.004191520232145736,,,
0.0019345477994518782,,0.16298565210382074,,0.0019345477994518782,,0.04014186683862647,,0.0038690955989037564,0.01192971142995325,,,,0.005964855714976625,0.1315492503627277,,,,0.0019345477994518782,,0.0019345477994518782,,,0.0019345477994518782,0.014025471546026116,0.0038690955989037564,,0.0,,0.0,,0.01999032726100274,,,0.026116395292600354,,,,,0.015960019345477996,,,0.0038690955989037564,,0.0038690955989037564,,0.005964855714976625,0.007899403514428503,,0.005964855714976625,,,,,0.01999032726100274,0.0038690955989037564,,,,,0.0683540222472997,0.39239077865548927,0.014025471546026116,0.0019345477994518782,,,0.01192971142995325,,0.0019345477994518782,,,0.005964855714976625,,0.005964855714976625,,,
,,0.16185716588747381,,,,0.08092858294373691,,,0.024826696759632436,,,,0.01031758826374335,0.10156375947122376,,,,,,,,,0.0019345477994518782,0.008221828147670482,,,0.0,,0.0,,0.029018216991778173,,,0.024826696759632436,,,,0.0019345477994518782,0.0019345477994518782,,,0.0019345477994518782,,0.008221828147670482,,0.0019345477994518782,0.008221828147670482,0.0019345477994518782,0.014509108495889086,,,0.0019345477994518782,,0.0683540222472997,,,,,,0.04965339351926487,0.3466064807351282,0.01031758826374335,0.004030307915524746,,,0.0206351765274867,,,,,,,0.004030307915524746,,,0.01031758826374335
,,0.14025471546026116,,,,0.0731903917459294,,0.0019345477994518782,0.024987909076253426,0.0019345477994518782,0.004030307915524746,,0.008221828147670482,0.1355795582782524,,,,,0.0019345477994518782,,,,0.0019345477994518782,0.01031758826374335,0.004030307915524746,,0.0,,0.0,,0.016604868611961955,,0.0019345477994518782,0.022892148960180558,0.0019345477994518782,,,,0.01031758826374335,,0.004030307915524746,,,,,0.014509108495889086,,,0.0019345477994518782,,,0.0019345477994518782,0.008221828147670482,0.06480735128163792,0.01031758826374335,,,,,0.0459455102369821,0.34547799451878125,0.012413348379816218,0.008221828147670482,,0.004030307915524746,0.006126068031597614,,,,,,0.0019345477994518782,0.004030307915524746,,,0.004030307915524746
,,0.1934547799451878,,0.0019345477994518782,,0.07480251491213928,,,0.006126068031597614,,0.0019345477994518782,,0.006126068031597614,0.056746735450588504,,,,,0.031113977107851038,,,,0.0019345477994518782,0.01870062872803482,0.004030307915524746,,0.0,,0.0,,0.024826696759632436,,,0.029018216991778173,0.0019345477994518782,,,,0.0019345477994518782,0.0019345477994518782,0.006126068031597614,,,0.014509108495889086,,0.008221828147670482,0.0019345477994518782,,0.0019345477994518782,,,0.0019345477994518782,0.008221828147670482,0.04159277768821538,,,,,0.004030307915524746,0.04159277768821538,0.3888441076898275,,0.0019345477994518782,,0.006126068031597614,0.01031758826374335,,,,,,,0.006126068031597614,,,
,,0.17464747356051705,,0.0017626321974148062,,0.09195064629847238,0.003672150411280846,0.005581668625146886,0.013072855464159813,,,,0.009253819036427732,1.1102230246251565e-16,,,,0.0017626321974148062,0.02438307873090482,,,,0.0017626321974148062,0.033783783783783786,0.005581668625146886,,0.0,,0.0,0.003672150411280846,0.011163337250293772,,,0.022473560517038776,,0.003672150411280846,,,0.009253819036427732,0.003672150411280846,0.005581668625146886,0.003672150411280846,,0.011163337250293772,,0.009253819036427732,0.022473560517038776,0.005581668625146886,0.014982373678025853,,,0.0017626321974148062,0.007491186839012926,0.020564042303172738,,,,,0.003672150411280846,0.04494712103407755,0.366186839012926,0.009253819036427732,0.0017626321974148062,,0.007491186839012926,0.02438307873090482,,,0.005581668625146886,,0.005581668625146886,,0.007491186839012926,,,
,,0.19861357407705948,,0.006448492664839594,,0.08286313074318878,,0.002095760116072868,0.01080122521360632,0.013058197646300177,0.00870546509753345,,0.0174109301950669,0.02273093664355952,,,,,0.013058197646300177,,,,0.004352732548766725,0.01950669031113977,0.01950669031113977,0.002095760116072868,0.0,,0.0,,0.0174109301950669,,,0.03046912784136708,0.013058197646300177,,,0.002095760116072868,0.006448492664839594,0.006448492664839594,0.002095760116072868,,,0.015153957762373046,0.002095760116072868,0.006448492664839594,0.03046912784136708,0.00870546509753345,0.00870546509753345,0.006448492664839594,,,0.00870546509753345,0.047880058036433984,,,,,,0.06754796066419474,0.2443978719974206,0.01080122521360632,0.00870546509753345,,,0.015153957762373046,,,0.004352732548766725,,0.013058197646300177,,0.002095760116072868,,,
0.004352732548766725,,0.12961470256327584,,0.006609704981460584,,0.0714170562630985,0.008866677414154442,,0.002095760116072868,0.006609704981460584,0.002095760116072868,,0.008866677414154442,0.3303240367564082,,,,,,,,,0.004352732548766725,0.008866677414154442,0.0111236498468483,,0.0,,0.0,,0.008866677414154442,,,0.0111236498468483,0.004352732548766725,,,,0.004352732548766725,,0.004352732548766725,,0.002095760116072868,0.015637594712236014,,0.0111236498468483,0.017733354828308883,0.004352732548766725,0.0111236498468483,0.006609704981460584,,0.002095760116072868,0.006609704981460584,0.037884894405932616,,,,,0.002095760116072868,0.033532161857165885,0.18104143156537159,0.0111236498468483,0.013380622279542157,,0.006609704981460584,0.004352732548766725,,,,,,,0.004352732548766725,,,
,,0.1700789940351443,,,,0.046267934870224084,0.004352732548766725,0.002095760116072868,0.002095760116072868,0.002095760116072868,,,0.02869579235853619,0.23585361921650816,,,,,,,,,0.002095760116072868,0.013219409962921168,0.004352732548766725,,0.0,,0.0,,0.017572142511687892,,,0.01982911494438175,,,,0.002095760116072868,0.002095760116072868,,0.004352732548766725,0.002095760116072868,,0.004352732548766725,,0.004352732548766725,0.01982911494438175,,0.006609704981460584,,,,0.002095760116072868,0.022086087377075608,0.004352732548766725,,,,,0.04191520232145736,0.2937288408834435,0.00870546509753345,0.004352732548766725,,0.004352732548766725,0.013219409962921168,,,,,0.006609704981460584,0.002095760116072868,0.002095760116072868,,,
,,0.18039658229888764,,,,0.0827019184265678,0.004191520232145736,,0.002095760116072868,0.002095760116072868,0.002095760116072868,,0.04030307915524746,0.13977107851039816,,,,,,,,,0.006287280348218604,0.012735773013058197,0.004191520232145736,,0.0,,0.0,,0.02321457359342254,,,0.025471546026116395,,,,0.002095760116072868,0.002095760116072868,,0.002095760116072868,,,0.002095760116072868,,0.012735773013058197,,0.006287280348218604,0.008383040464291471,,,,0.004191520232145736,0.02111881347734967,0.012735773013058197,,,,0.004191520232145736,0.04239883927132033,0.3098500725455425,0.01047880058036434,0.006287280348218604,,0.004191520232145736,0.02111881347734967,,,,,,,0.002095760116072868,,,
,,0.19909721102692246,,,,0.05916492019990327,0.004191520232145736,,0.004191520232145736,,0.004191520232145736,,0.01047880058036434,0.11446074480090285,,,,,,,,,0.01047880058036434,0.016927293245203933,0.004191520232145736,,0.0,,0.0,,0.016927293245203933,,,0.025310333709495404,,,,0.016927293245203933,0.002095760116072868,,0.006287280348218604,,,0.01047880058036434,,0.008383040464291471,0.006287280348218604,,0.008383040464291471,,,0.002095760116072868,0.008383040464291471,0.04014186683862647,0.01047880058036434,,,,0.012574560696437209,0.0762534257617282,0.2922779300338546,0.002095760116072868,0.008383040464291471,,0.004191520232145736,0.004191520232145736,0.008383040464291471,,,,,,0.002095760116072868,,,
,,0.11720135418345962,,,,0.04433338707077221,0.008060615831049492,0.005964855714976625,0.026116395292600354,,0.004030307915524746,,0.022086087377075608,0.22166693535386117,,,,,,,,,0.004030307915524746,0.008060615831049492,0.004030307915524746,0.0019345477994518782,0.0,,0.0,0.0019345477994518782,0.03030791552474609,,,0.038368531355795585,,,,0.024181847493148476,0.004030307915524746,,0.004030307915524746,,,0.004030307915524746,,0.005964855714976625,0.0019345477994518782,0.012090923746574238,0.008060615831049492,0.0019345477994518782,,,0.0019345477994518782,0.008060615831049492,,,,,0.012090923746574238,0.06464613896501693,0.29098823150088665,0.005964855714976625,,,,0.004030307915524746,,0.0019345477994518782,,,,0.0019345477994518782,0.004030307915524746,,,
,,0.21376753183943253,,,,0.0683540222472997,,0.002095760116072868,0.012735773013058197,,0.002095760116072868,,0.012735773013058197,0.0017733354828308734,,,,,,,,,,0.017088505561824924,0.012735773013058197,,0.0,,0.0,,0.027728518458810254,,,0.036272771239722716,0.002095760116072868,,,0.023375785910043526,0.004191520232145736,0.006287280348218604,0.002095760116072868,,,0.006287280348218604,,0.004191520232145736,0.008544252780912462,0.012735773013058197,0.008544252780912462,,,,,0.017088505561824924,0.002095760116072868,0.002095760116072868,,0.002095760116072868,0.014831533129131066,0.07899403514428502,0.3633725616637111,0.004191520232145736,0.002095760116072868,,0.004191520232145736,0.01064001289698533,,,,,0.006287280348218604,,0.006287280348218604,,,
,,0.17217475415121716,,0.002095760116072868,,0.06174431726583911,,,0.004352732548766725,0.004352732548766725,0.002095760116072868,,0.00870546509753345,0.1566983717556022,,,,,,,,,,0.002095760116072868,0.015315170078994035,,0.0,,0.0,,0.017572142511687892,,,0.01982911494438175,,,,0.002095760116072868,0.004352732548766725,0.00870546509753345,,,,0.00870546509753345,,0.004352732548766725,0.02869579235853619,0.017572142511687892,0.004352732548766725,0.004352732548766725,,,,0.0507818797356118,,0.002095760116072868,,,0.024181847493148476,0.03079155247460906,0.269385781073674,0.013219409962921168,0.01096243753022731,,0.004352732548766725,0.01096243753022731,,,,,0.022086087377075608,,0.01096243753022731,,,
,,0.1015637594712236,,,,0.026922456875705304,,,0.01031758826374335,0.0019345477994518782,0.0019345477994518782,,0.014509108495889086,0.4297920361115589,,,,,,,,,0.004030307915524746,,0.006126068031597614,,0.0,,0.0,,0.016443656295340964,,0.0019345477994518782,0.014509108495889086,,,,0.0019345477994518782,0.004030307915524746,0.008221828147670482,,,,0.014509108495889086,,,0.014509108495889086,0.01031758826374335,0.008221828147670482,0.006126068031597614,,0.0019345477994518782,,0.058036433983556346,,,,,,0.031113977107851038,0.16395292600354666,0.016443656295340964,0.008221828147670482,0.0019345477994518782,0.0019345477994518782,,,,,,0.012413348379816218,,0.006126068031597614,,,
,,0.174592938900532,,,,0.05465097533451556,,,0.012574560696437209,,,,0.008383040464291471,0.17813960986619393,,,,0.002095760116072868,,,,,0.008383040464291471,0.012574560696437209,0.004191520232145736,,0.0,,0.0,,0.012574560696437209,,,0.02305336127680155,,,,,0.002095760116072868,,,,,0.002095760116072868,,0.002095760116072868,,0.008383040464291471,0.006287280348218604,,,,,0.02095760116072868,0.006287280348218604,,,,,0.044172174754151215,0.38916653232306947,0.006287280348218604,,,0.006287280348218604,0.002095760116072868,,,,,0.004191520232145736,0.002095760116072868,0.006287280348218604,,,
,,0.16072867967112686,,,,0.06077704336611317,0.004191520232145736,0.004191520232145736,0.017249717878445914,,,,,0.22940512655166856,,,,,,,,,0.002095760116072868,0.008544252780912462,0.008544252780912462,,0.0,,0.0,,0.008544252780912462,,,0.03030791552474609,,,,0.002095760116072868,,0.002095760116072868,,,,0.002095760116072868,,0.002095760116072868,0.002095760116072868,0.004191520232145736,0.006448492664839594,,0.002095760116072868,,0.002095760116072868,0.006448492664839594,0.004191520232145736,,,,,0.0238594228599065,0.3432210220860874,0.004191520232145736,0.017249717878445914,,0.01080122521360632,0.006448492664839594,,0.002095760116072868,,,0.015153957762373046,,0.006448492664839594,,,
,,0.1855553764307593,,,0.002095760116072868,0.09592132838948896,,,0.02176366274383363,,,,0.015153957762373046,0.16153474125423195,,,,,,,,,,0.013058197646300177,0.004352732548766725,,0.0,,0.0,,0.006448492664839594,,,0.026116395292600354,,,,0.002095760116072868,0.002095760116072868,,,,,,,0.004352732548766725,0.02176366274383363,,0.01080122521360632,,,,0.002095760116072868,0.0174109301950669,0.002095760116072868,,,,,0.06754796066419474,0.2750282121554087,0.013058197646300177,0.013058197646300177,,0.013058197646300177,0.002095760116072868,0.002095760116072868,0.004352732548766725,0.004352732548766725,,0.006448492664839594,0.002095760116072868,0.002095760116072868,,,
,,0.1695953570852813,,,,0.06271159116556504,,,0.008221828147670482,0.0019345477994518782,,,0.006126068031597614,0.1671771723359664,,,,,,,,,,0.014509108495889086,0.004030307915524746,,0.0,,0.0,,0.014509108495889086,,0.0019345477994518782,0.024987909076253426,0.0019345477994518782,,,0.0019345477994518782,,0.0019345477994518782,0.0019345477994518782,0.0019345477994518782,,0.004030307915524746,,0.004030307915524746,0.02079638884410769,0.004030307915524746,0.01031758826374335,0.004030307915524746,,,0.0019345477994518782,0.014509108495889086,0.004030307915524746,,,,,0.0396582298887635,0.33290343382234405,0.03127518942447203,0.006126068031597614,,0.004030307915524746,0.01031758826374335,,0.006126068031597614,0.01031758826374335,,,,0.006126068031597614,,,
,,0.1850213303839469,,,,0.10538789698214568,,0.0018960341286143152,0.009796176331173962,0.015800284405119294,0.003950071101279823,,0.007900142202559647,0.0,,,,,,,,,,0.013904250276504977,0.003950071101279823,,0.0,,0.0,0.005846105229894138,0.005846105229894138,,0.003950071101279823,0.02385842945173013,0.0018960341286143152,,,0.0018960341286143152,0.0018960341286143152,0.005846105229894138,,,,0.015800284405119294,,0.003950071101279823,0.02970453468162427,0.003950071101279823,0.007900142202559647,,,,0.005846105229894138,0.06351714330857955,0.0018960341286143152,,,,0.003950071101279823,0.06162110917996524,0.3043134776425976,0.05561700110601991,,,0.003950071101279823,0.01185021330383947,0.003950071101279823,0.009796176331173962,0.003950071101279823,,0.005846105229894138,,0.003950071101279823,,,
,,0.21054328550701273,,,,0.07012735773013058,,0.002095760116072868,0.006287280348218604,0.027567306142189264,0.002095760116072868,,0.008383040464291471,0.02176366274383379,,,,,,,,,,0.014831533129131066,,,0.0,,0.0,0.01047880058036434,0.014831533129131066,,0.002095760116072868,0.012735773013058197,0.004191520232145736,,,0.004191520232145736,0.002095760116072868,0.002095760116072868,,,,0.016927293245203933,,,0.03820731903917459,0.027567306142189264,0.006287280348218604,0.002095760116072868,,0.002095760116072868,0.002095760116072868,0.044655811704014184,0.002095760116072868,,,,0.016927293245203933,0.05094309205223279,0.3190391745929389,0.0190230533612768,,,0.01047880058036434,0.004191520232145736,0.004191520232145736,0.002095760116072868,0.004191520232145736,,0.006287280348218604,0.002095760116072868,,,,0.002095760116072868
,,0.16185716588747381,,,,0.06432371433177494,,,0.008221828147670482,0.004030307915524746,,,0.008221828147670482,0.3591810414315654,,,,,,,,,,0.016443656295340964,,,0.0,,0.0,0.006126068031597614,0.004030307915524746,,,0.018539416411413833,,,,0.004030307915524746,,,,,,0.0019345477994518782,,0.016443656295340964,0.029018216991778173,0.016443656295340964,0.008221828147670482,0.012413348379816218,,,,0.04352732548766726,0.0019345477994518782,,,,,0.031113977107851038,0.15137836530710946,0.016443656295340964,0.004030307915524746,,,0.004030307915524746,0.004030307915524746,,,,,0.004030307915524746,,,,
,,0.20248266967596323,,,,0.05062066741899081,,0.004030307915524746,0.005964855714976625,0.0019345477994518782,,,0.0364339835563437,0.061905529582460095,,,,,,,,,,0.016121231662098983,0.005964855714976625,,0.0,,0.0,0.005964855714976625,0.02015153957762373,,,0.026277607609221345,0.0019345477994518782,,,0.004030307915524746,,,,,,0.0019345477994518782,,0.005964855714976625,0.004030307915524746,,0.014025471546026116,,,,,0.040464291471868453,0.0019345477994518782,,,,,0.0364339835563437,0.4354344671932936,0.008060615831049492,,,0.0019345477994518782,0.005964855714976625,,,,,,,,,,
,,0.1936159922618088,,,,0.05368370143478962,,,0.008544252780912462,,0.01064001289698533,,0.023536998226664517,0.09592132838948897,,,,,,,,,,0.014992745445752055,0.002095760116072868,,0.0,,0.0,0.008544252780912462,0.025793970659358376,,0.002095760116072868,0.017088505561824924,0.008544252780912462,,,0.002095760116072868,,,,,,,,,0.008544252780912462,,0.023536998226664517,,,0.002095760116072868,,0.01934547799451878,0.004191520232145736,,,,,0.0364339835563437,0.4002901821699178,0.014992745445752055,0.01064001289698533,,,0.004191520232145736,,,,,0.008544252780912462,,,,,
0.0019345477994518782,,0.17507657585039496,,,,0.10833467676930518,,,0.02079638884410769,,0.006126068031597614,,0.01031758826374335,0.06480735128163806,0.014509108495889086,,,,0.004030307915524746,,,,,0.006126068031597614,0.0019345477994518782,,0.0,,0.0,0.01031758826374335,0.024987909076253426,,0.004030307915524746,0.022892148960180558,,,,0.006126068031597614,,,0.004030307915524746,0.0019345477994518782,,0.0019345477994518782,,0.006126068031597614,0.006126068031597614,,0.016604868611961955,,,,,0.024987909076253426,0.004030307915524746,,,,,0.045784297920361115,0.3522489118168628,0.027083669192326295,0.008221828147670482,,,0.016604868611961955,,,,,0.0019345477994518782,,,,,
0.002095760116072868,,0.22295663388682896,,0.002095760116072868,,0.058842495566661296,,0.004191520232145736,0.016766080928582942,,,,0.012574560696437209,0.16798323391907144,,,,,,,,,,0.01886184104465581,,,0.0,,0.0,0.002095760116072868,0.02095760116072868,,0.002095760116072868,0.04191520232145736,,,,,,,,0.004191520232145736,,0.008383040464291471,,0.002095760116072868,0.004191520232145736,,0.014670320812510075,0.002095760116072868,,,,0.002095760116072868,0.006287280348218604,0.002095760116072868,,,,0.03981944220538449,0.30710946316298565,0.008383040464291471,0.004191520232145736,,,0.006287280348218604,,0.004191520232145736,,,0.01047880058036434,,,,,
,,0.19835943325876212,,0.0019388516032811335,,0.08635346756152125,,0.007755406413124534,0.017598806860551826,,0.0019388516032811335,,0.01953765846383296,0.0,0.0019388516032811335,,,,,,,,,0.01372110365398956,,,0.0,,0.0,0.0019388516032811335,0.017598806860551826,,0.0019388516032811335,0.01372110365398956,,,,0.003877703206562267,0.011782252050708427,,0.007755406413124534,,,0.003877703206562267,,0.007755406413124534,0.011782252050708427,0.003877703206562267,0.007755406413124534,0.0019388516032811335,,,0.0058165548098434005,0.025503355704697986,0.007755406413124534,0.0019388516032811335,,,0.0019388516032811335,0.0726323639075317,0.4085011185682327,0.011782252050708427,0.009694258016405667,,,0.003877703206562267,,0.0019388516032811335,,,0.003877703206562267,,,,,
,,0.1819660014781966,,,0.0019216555801921656,0.07553584626755358,,,0.024538063562453808,,0.0019216555801921656,,0.02246858832224686,0.0,0.003991130820399113,,,,,,,,,0.006060606060606061,,,0.0,,0.0,,0.020399113082039913,,,0.018329637841832964,,,,,0.018329637841832964,,,,,0.006060606060606061,,0.008130081300813009,0.040798226164079826,0.003991130820399113,0.010199556541019957,0.006060606060606061,0.0019216555801921656,,0.0019216555801921656,0.07154471544715447,0.014190687361419069,,,,,0.04493717664449372,0.31899482631189946,0.018329637841832964,0.02852919438285292,,0.008130081300813009,0.003991130820399113,,,,,0.03680709534368071,,,,,
,,0.14364017410930194,,,,0.06948250846364662,,0.002095760116072868,0.0111236498468483,,0.004352732548766725,,0.017894567144929874,0.31323553119458325,0.002095760116072868,,,,,,,,,,,,0.0,,0.0,0.002095760116072868,0.015637594712236014,,,0.0111236498468483,,0.002095760116072868,,,0.0111236498468483,,,,,0.02240851201031759,0.004352732548766725,0.004352732548766725,0.017894567144929874,0.002095760116072868,0.024665484443011445,,,,,0.047073996453329034,,,,,,0.04030307915524746,0.1841044655811704,0.017894567144929874,0.0111236498468483,,,0.015637594712236014,,0.002095760116072868,,,,,,,,
,,0.15943898113815896,,,,0.0889891987747864,,0.004030307915524746,0.008221828147670482,,0.0019345477994518782,,0.0019345477994518782,0.1807190069321296,,,,0.0206351765274867,,,,,,0.008221828147670482,0.0019345477994518782,,0.0,,0.0,0.004030307915524746,0.014347896179268096,,,0.026761244559084314,,0.0019345477994518782,,0.0019345477994518782,,,,,,,,0.0019345477994518782,0.012413348379816218,0.0019345477994518782,0.014347896179268096,0.0019345477994518782,,,0.0019345477994518782,0.008221828147670482,0.018539416411413833,,,,,0.06625826213122682,0.3250040303079155,0.01031758826374335,,,0.0019345477994518782,0.006126068031597614,,0.004030307915524746,,,,,,,,
,,0.12913106561341287,,,,0.08125100757697888,,0.014509108495889086,0.01870062872803482,,,,0.01031758826374335,0.20151539577623723,,,,,,,,,,0.01031758826374335,0.006126068031597614,,0.0,,0.0,0.004030307915524746,0.027083669192326295,,,0.03320973722392391,,,,,,,,,,0.006126068031597614,,0.008221828147670482,0.01031758826374335,0.0019345477994518782,0.008221828147670482,,,,0.024987909076253426,0.01870062872803482,,,,,,0.04368853780428825,0.3314525229727551,0.008221828147670482,,,,0.0019345477994518782,,,,,,,,,,
,,0.1670159600193455,,0.004352732548766725,,0.07028857004675157,,,0.00870546509753345,0.002095760116072868,0.004352732548766725,,0.013058197646300177,0.09882315008866671,,,,,,,,,,0.01096243753022731,0.006448492664839594,,0.0,,0.0,0.004352732548766725,0.017572142511687892,,,0.026277607609221345,,,,0.002095760116072868,0.002095760116072868,0.002095760116072868,0.004352732548766725,,,0.002095760116072868,,0.006448492664839594,0.00870546509753345,,0.02192487506045462,0.004352732548766725,,,,0.03724004513944865,0.002095760116072868,,,,,0.04175399000483637,0.4110914073835241,0.002095760116072868,0.004352732548766725,,,0.004352732548766725,,0.002095760116072868,,,0.004352732548766725,,,0.002095760116072868,,
,,0.12413348379816218,,,,0.1159116556504917,,0.0019345477994518782,0.004030307915524746,,0.0019345477994518782,,0.008221828147670482,0.1865226503304851,,,,,,,,,,0.014347896179268096,0.012413348379816218,,0.0,,0.0,0.004030307915524746,0.0206351765274867,,,0.05787522166693535,,0.006126068031597614,,,,,0.004030307915524746,,,0.0019345477994518782,,0.008221828147670482,0.01031758826374335,0.004030307915524746,0.0206351765274867,,,,,0.012413348379816218,0.0019345477994518782,,,,,0.047557633403192,0.3064646138965017,0.004030307915524746,,,,0.004030307915524746,,,,,0.006126068031597614,0.008221828147670482,,,,0.0019345477994518782
,,0.21556407798018537,,,,0.1310322786832854,,0.0020773410035155003,0.016778523489932886,,,,0.008309364014062001,0.0,,,,,,,,,,0.016778523489932886,0.008309364014062001,,0.0,,0.0,0.006232023010546501,0.02109300095877277,,,0.03371684244167466,0.004154682007031001,0.004154682007031001,,,0.0020773410035155003,,,0.0020773410035155003,,0.004154682007031001,,0.008309364014062001,0.012623841482901885,0.0020773410035155003,0.01901565995525727,,,,0.0020773410035155003,0.031639501438159155,,,,,,0.04010866091403004,0.3951741770533717,0.0020773410035155003,,,,0.0020773410035155003,,0.0020773410035155003,,,0.006232023010546501,,,,,
,,0.16346928905368371,,,,0.13880380461067227,,,0.033532161857165885,,0.004352732548766725,,0.013380622279542157,0.016443656295340947,,,,,0.002095760116072868,,,,,,0.006609704981460584,,0.0,,0.0,0.006609704981460584,0.03127518942447203,,,0.029018216991778173,0.004352732548766725,0.004352732548766725,,,0.004352732548766725,,,,,0.0111236498468483,,0.004352732548766725,0.017894567144929874,,0.02240851201031759,,,,0.002095760116072868,0.03127518942447203,0.004352732548766725,,,,,0.026761244559084314,0.3585361921650814,0.02240851201031759,,,,0.017894567144929874,,0.0111236498468483,,,0.0111236498468483,,,,,
0.002095760116072868,,0.142511687892955,,,,0.08286313074318878,,0.004191520232145736,0.0190230533612768,,0.008383040464291471,,0.025471546026116395,0.3404804127035306,,,,,,,,,,0.004191520232145736,,,0.0,,0.0,,0.01047880058036434,,,0.02111881347734967,,0.004191520232145736,,,0.004191520232145736,0.004191520232145736,,,0.002095760116072868,0.004191520232145736,,0.004191520232145736,0.016927293245203933,0.002095760116072868,0.008383040464291471,,,,,0.012735773013058197,,,,,0.029663066258262132,0.0190230533612768,0.206351765274867,0.004191520232145736,0.004191520232145736,,,0.006287280348218604,,0.006287280348218604,,,,,,,,
0.002095760116072868,,0.19780751249395453,,,,0.07657585039497018,,0.002095760116072868,0.008383040464291471,,,,0.014831533129131066,0.08528131549250373,,,,,,,0.002095760116072868,,,0.008383040464291471,0.008383040464291471,,0.0,,0.0,0.004191520232145736,0.029663066258262132,,,0.03401579880702886,,0.002095760116072868,,,0.002095760116072868,,0.002095760116072868,,,0.004191520232145736,,0.006287280348218604,0.02111881347734967,0.006287280348218604,0.01047880058036434,0.02111881347734967,,,,,0.008383040464291471,,,,0.006287280348218604,0.07657585039497018,0.34031920038690955,0.004191520232145736,,,0.002095760116072868,0.004191520232145736,0.002095760116072868,0.002095760116072868,,,0.002095760116072868,0.002095760116072868,,,,
,,0.21602450427212638,,0.00870546509753345,,0.06545220054812188,,0.002095760116072868,0.013058197646300177,,0.002095760116072868,,0.01080122521360632,0.15057230372400443,,0.00870546509753345,,,,,0.002095760116072868,,,0.00870546509753345,0.00870546509753345,,0.0,,0.0,0.00870546509753345,0.037078832822827666,,,0.04143156537159439,,0.002095760116072868,,,0.004352732548766725,,,,,0.00870546509753345,,0.01080122521360632,0.0174109301950669,0.002095760116072868,0.00870546509753345,,,,,0.01080122521360632,,,,,0.00870546509753345,0.039174592938900535,0.2814767048202483,0.006448492664839594,,,0.002095760116072868,0.004352732548766725,,0.002095760116072868,,,0.004352732548766725,,,,,0.002095760116072868
,,0.2079638884410769,,,,0.07415766564565533,,0.002095760116072868,0.01047880058036434,,,,0.008383040464291471,0.15299048847331942,,,,,0.002095760116072868,,0.002095760116072868,,,0.012735773013058197,0.006287280348218604,,0.0,,0.0,0.002095760116072868,0.033854586490407866,,,0.048686119619538934,,0.002095760116072868,,,0.006287280348218604,,,0.002095760116072868,,0.01047880058036434,,0.006287280348218604,0.008383040464291471,,0.012735773013058197,0.002095760116072868,,,,0.0190230533612768,,,,,0.006287280348218604,0.027567306142189264,0.29501853941641143,0.008383040464291471,0.004191520232145736,,0.002095760116072868,0.002095760116072868,0.004191520232145736,0.002095760116072868,,,0.006287280348218604,0.002095760116072868,,,,0.006287280348218604
0.004030307915524746,,0.1616959535708528,,,,0.07270675479606642,,0.0019345477994518782,,,,,0.005964855714976625,0.1691117201354183,0.004030307915524746,,,,,,0.0019345477994518782,,,0.00999516363050137,0.005964855714976625,,0.0,,0.0,0.0019345477994518782,0.038368531355795585,,,0.03030791552474609,,0.005964855714976625,,0.0019345477994518782,0.005964855714976625,,,0.0019345477994518782,,0.0019345477994518782,,0.005964855714976625,0.00999516363050137,,0.008060615831049492,0.004030307915524746,,,,0.03030791552474609,,,,,0.00999516363050137,0.03030791552474609,0.34966951475092695,0.012090923746574238,,,,0.005964855714976625,,0.0019345477994518782,,,,,0.004030307915524746,,,0.0019345477994518782
,,0.15948275862068967,,,,0.04901021711366539,,0.003991060025542784,0.018358876117496807,,0.016283524904214558,,0.010217113665389528,0.0,0.010217113665389528,,,0.003991060025542784,0.0019157088122605363,,0.0019157088122605363,,,0.018358876117496807,0.006066411238825032,,0.0,,0.0,0.003991060025542784,0.05316091954022988,,,0.042943805874840354,0.0019157088122605363,0.003991060025542784,,,0.006066411238825032,0.003991060025542784,,,,0.016283524904214558,,0.020434227330779056,0.02442528735632184,,0.006066411238825032,,0.006066411238825032,,,0.04485951468710089,0.012132822477650063,,,,0.010217113665389528,0.03272669220945083,0.3682950191570881,0.010217113665389528,,,,0.026500638569604086,,,,,,,0.003991060025542784,,,0.0019157088122605363
,,0.1871674995969692,,,0.002095760116072868,0.0827019184265678,,0.004352732548766725,0.004352732548766725,,0.006448492664839594,,0.03046912784136708,0.07206190552958258,0.004352732548766725,,,0.004352732548766725,,,0.002095760116072868,,0.002095760116072868,0.00870546509753345,0.00870546509753345,,0.0,,0.0,0.002095760116072868,0.01950669031113977,,,0.04352732548766726,,0.002095760116072868,,,0.002095760116072868,0.006448492664839594,,,,0.01080122521360632,,0.0174109301950669,0.039174592938900535,0.006448492664839594,0.01080122521360632,,,,,0.028212155408673223,,,0.004352732548766725,,0.03691762050620667,0.03256488795743995,0.25906819280993065,0.0238594228599065,0.013058197646300177,,,0.01080122521360632,,,,,,,0.00870546509753345,,,0.002095760116072868
,,0.15234563920683541,,,,0.05142672900209576,,0.002095760116072868,0.0111236498468483,,0.004352732548766725,,0.015637594712236014,0.3580525552152184,,,0.004352732548766725,0.004352732548766725,,,0.002095760116072868,,,0.008866677414154442,,,0.0,,0.0,0.004352732548766725,0.02015153957762373,,,0.026761244559084314,,0.004352732548766725,,,0.002095760116072868,0.006609704981460584,,,,0.0111236498468483,,,0.02240851201031759,0.002095760116072868,0.013380622279542157,0.002095760116072868,,0.002095760116072868,0.002095760116072868,0.006609704981460584,,,,,0.008866677414154442,0.026761244559084314,0.1813638561986136,0.008866677414154442,0.015637594712236014,,,0.0111236498468483,,,,,,,0.004352732548766725,,,0.002095760116072868
,,0.1392874415605352,,,,0.06529098823150088,,,0.013058197646300177,,0.004352732548766725,,0.026116395292600354,0.19587296469450266,,,,,,,0.002095760116072868,,,0.00870546509753345,0.006448492664839594,,0.0,,0.0,0.002095760116072868,0.02176366274383363,,,0.0412703530549734,,0.004352732548766725,,,,0.002095760116072868,,0.002095760116072868,,0.004352732548766725,,0.006448492664839594,0.004352732548766725,,0.00870546509753345,0.002095760116072868,,,,0.0238594228599065,0.004352732548766725,,,0.002095760116072868,0.004352732548766725,0.06529098823150088,0.32000644849266485,0.006448492664839594,0.002095760116072868,,,0.006448492664839594,,0.002095760116072868,,,,,,,,0.002095760116072868
,,0.16105110430436886,,,,0.036756408189585685,,,0.009189102047396421,,,,,0.2258584555860067,,,,,0.0022569724326938576,,0.0022569724326938576,,,0.018378204094792842,0.004513944865387715,,0.0,,0.0,0.004513944865387715,0.027567306142189264,,,0.048202482669675965,,0.0022569724326938576,,0.0022569724326938576,,,,,,0.0022569724326938576,,0.004513944865387715,0.004513944865387715,,0.006770917298081574,,,,,0.013703046912784136,0.0022569724326938576,,,,0.013703046912784136,0.04143156537159439,0.3383846525874577,0.009189102047396421,0.009189102047396421,,,0.004513944865387715,,0.0022569724326938576,,,,,,,,0.0022569724326938576
,,0.14122198935998712,,,,0.06174431726583911,,0.002095760116072868,0.013219409962921168,,,,0.01096243753022731,0.15621473480573922,,,,,,,0.002095760116072868,,,0.01982911494438175,0.006609704981460584,,0.0,,0.0,0.002095760116072868,0.026438819925842336,,,0.06625826213122682,,0.002095760116072868,,0.004352732548766725,,0.004352732548766725,,,,0.004352732548766725,,0.004352732548766725,0.004352732548766725,,0.00870546509753345,0.004352732548766725,,,,0.024181847493148476,0.002095760116072868,,,,0.013219409962921168,0.044172174754151215,0.3401579880702886,0.013219409962921168,0.004352732548766725,,0.002095760116072868,0.004352732548766725,,0.004352732548766725,,,,,,,,0.002095760116072868
,,0.19119780751249396,,0.002095760116072868,,0.08673222634209253,,0.004352732548766725,0.008866677414154442,,0.002095760116072868,,0.006609704981460584,0.13251652426245353,,,,,,,0.002095760116072868,,,0.024343059809769467,0.004352732548766725,,0.0,,0.0,0.002095760116072868,0.0222472996936966,,,0.031113977107851038,,,,,,,,,,0.004352732548766725,,0.0111236498468483,0.004352732548766725,,0.013219409962921168,,,,,0.026600032242463323,,,,,0.0111236498468483,0.05336127680154764,0.3291955505400613,0.013219409962921168,0.002095760116072868,,,0.002095760116072868,0.002095760116072868,,,,,0.002095760116072868,,,,0.004352732548766725
,,0.17258576394136316,,,,0.07238930028713919,,,0.01269457458062566,,0.004231524860208554,,0.01904186187093849,0.0,0.014810337010729938,,,,,,,,,0.010578812150521383,0.008463049720417108,,0.0,,0.0,0.004231524860208554,0.014810337010729938,,,0.03823484962974157,0.008463049720417108,,,,0.004231524860208554,0.002115762430104277,,0.002115762430104277,,0.00634728729031283,,0.008463049720417108,0.00634728729031283,0.004231524860208554,0.01269457458062566,,,,,0.05108055009823183,0.00634728729031283,,,,0.004231524860208554,0.04684902523802327,0.41348042919752154,0.01904186187093849,0.02130875018890736,,,0.008463049720417108,0.002115762430104277,,,,,,,,,
,,0.16282443978719974,,,,0.06335644043204901,,,0.01128486216346929,,0.004513944865387715,,0.02256972432693858,0.14106077704336606,0.01128486216346929,0.0022569724326938576,0.0022569724326938576,,,,,,,,0.006770917298081574,,0.0,,0.0,0.0022569724326938576,0.01805577946155086,,0.0022569724326938576,0.04062550378848944,0.0022569724326938576,,,0.0022569724326938576,,0.0022569724326938576,,0.0022569724326938576,,0.013541834596163147,,0.006770917298081574,0.01128486216346929,0.0022569724326938576,0.02031275189424472,0.00902788973077543,,,,0.02934064162502015,,,,,,0.038368531355795585,0.3190391745929389,0.015798807028857005,0.01128486216346929,,0.013541834596163147,,0.0022569724326938576,,,,0.006770917298081574,,,,,
,,0.13074318877962277,,,,0.047557633403192,,0.0022569724326938576,0.0095115266806384,,,,0.047557633403192,0.3811059164920201,0.016604868611961955,0.0022569724326938576,,,,,,,,,0.007093341931323553,,0.0,,0.0,0.0022569724326938576,0.011768499113332258,,,0.047557633403192,,,,,,,,0.0022569724326938576,,0.02128002579397066,0.0095115266806384,0.007093341931323553,0.023698210543285508,,0.011768499113332258,0.004675157182008705,,,,0.03562792197323875,,,,,,0.0095115266806384,0.12364984684829922,0.011768499113332258,0.011768499113332258,,0.0095115266806384,,0.0022569724326938576,0.0022569724326938576,,,0.007093341931323553,,,,,
,,0.15315170078994036,,,,0.0586812832500403,,,0.01047880058036434,,,,0.016766080928582942,0.173625665000806,,,,0.002095760116072868,,,,,,0.006287280348218604,0.002095760116072868,,0.0,,0.0,0.002095760116072868,0.02095760116072868,,,0.033532161857165885,,,,,0.002095760116072868,,,,,0.008383040464291471,,0.006287280348218604,0.002095760116072868,,0.006287280348218604,0.004191520232145736,,,,0.033532161857165885,,,,0.002095760116072868,0.004191520232145736,0.0712558439464775,0.3546670965661777,0.014670320812510075,,,,0.004191520232145736,0.006287280348218604,,,,,,,,,
,,0.17556021280025794,,,,0.0856037401257456,,0.004191520232145736,0.002095760116072868,,0.002095760116072868,,0.004191520232145736,0.2795421570207963,,,,,,,,,,,,,0.0,,0.0,,0.014992745445752055,,,0.02128002579397066,,,,,,,,,,0.004191520232145736,,0.008544252780912462,0.004191520232145736,0.002095760116072868,0.002095760116072868,,0.002095760116072868,,,0.02128002579397066,,,,,0.012735773013058197,0.047073996453329034,0.2956633886828954,0.002095760116072868,,,,0.002095760116072868,,,,,0.002095760116072868,0.004191520232145736,,,,
,,0.16895050781879736,,,,0.05191036595195873,0.008544252780912462,0.006448492664839594,0.008544252780912462,,0.002095760116072868,,0.004191520232145736,0.16363050137030466,,,,,0.004191520232145736,,,,,0.002095760116072868,,,0.0,,0.0,,0.02160245042721264,,,0.01950669031113977,0.004191520232145736,0.006448492664839594,,,,,,,,0.002095760116072868,,0.008544252780912462,0.004191520232145736,,0.006448492664839594,0.002095760116072868,,,,0.028050943092052232,0.002095760116072868,,,,0.01080122521360632,0.047557633403192,0.3857810736740287,0.015153957762373046,0.002095760116072868,,,0.006448492664839594,,,,,0.002095760116072868,,,,,0.004191520232145736
,,0.22908270191842656,,,,0.06738674834757376,,0.004352732548766725,0.013380622279542157,0.002095760116072868,,,0.026922456875705304,0.07786554892793807,,,0.004352732548766725,,,,,,,0.008866677414154442,,,0.0,,0.0,,0.02240851201031759,,,0.02917942930839916,,,,,0.002095760116072868,,0.002095760116072868,0.002095760116072868,,0.002095760116072868,,,0.002095760116072868,0.002095760116072868,0.017894567144929874,0.004352732548766725,0.002095760116072868,,,0.02917942930839916,0.002095760116072868,,,,0.008866677414154442,0.026922456875705304,0.3615992261808802,0.006609704981460584,0.017894567144929874,,,0.0111236498468483,0.002095760116072868,,,,0.002095760116072868,,0.002095760116072868,,,0.006609704981460584
,,0.2582070707070707,,,,0.05192550505050505,,,0.012468434343434344,,0.00615530303030303,,0.002051767676767677,0.0,,,,0.002051767676767677,,,,,,0.008207070707070708,,,0.0,,0.0,,0.024936868686868688,,,0.03740530303030303,,,,,,,,,,0.01452020202020202,,0.010258838383838384,,0.016571969696969696,0.002051767676767677,,,,,0.03535353535353535,0.008207070707070708,,0.002051767676767677,,,0.039457070707070704,0.4228219696969697,0.01452020202020202,0.00615530303030303,,,0.00615530303030303,0.008207070707070708,,0.002051767676767677,,0.002051767676767677,,0.002051767676767677,,,0.004103535353535354
,,0.3003100775193798,,,,0.10511627906976745,,0.0065116279069767444,0.004341085271317829,0.032868217054263564,0.0065116279069767444,,0.013023255813953489,0.0,,,,0.0021705426356589145,0.004341085271317829,,,,,,,,0.0,,0.0,0.0065116279069767444,0.02186046511627907,,,0.01751937984496124,,,,,,,,,,0.019689922480620153,,0.0021705426356589145,,0.015193798449612403,0.0021705426356589145,,,,,0.04372093023255814,0.0021705426356589145,0.0065116279069767444,0.0021705426356589145,,,0.024031007751937984,0.2958139534883721,0.01751937984496124,0.010852713178294573,,,0.008682170542635658,0.004341085271317829,,0.0021705426356589145,,0.004341085271317829,,0.0065116279069767444,,,0.010852713178294573
,,0.13912622924391424,,,,0.04030307915524746,,0.004352732548766725,0.017894567144929874,0.002095760116072868,0.013380622279542157,,0.0111236498468483,0.36482347251330005,,,,,0.002095760116072868,,,,,0.002095760116072868,,,0.0,,0.0,,0.026922456875705304,,,0.03369337417378688,,,,,,,0.002095760116072868,,,0.02240851201031759,,0.0111236498468483,,0.0111236498468483,0.015637594712236014,0.002095760116072868,,,,0.026922456875705304,,,,,,0.015637594712236014,0.17733354828308884,0.013380622279542157,0.015637594712236014,,,0.006609704981460584,,,,,0.013380622279542157,,0.002095760116072868,,,0.006609704981460584
,,0.1368692568112204,,,,0.06077704336611317,,,0.008544252780912462,0.002095760116072868,0.004191520232145736,,0.004191520232145736,0.413993229082702,,,,,,,,,,0.004191520232145736,,,0.0,,0.0,0.002095760116072868,0.008544252780912462,,,0.03901338062227954,,,,,,,0.002095760116072868,,,0.01950669031113977,,0.004191520232145736,,0.01080122521360632,0.002095760116072868,0.004191520232145736,,,,0.012896985329679188,,,0.002095760116072868,,0.006448492664839594,0.015153957762373046,0.20409479284217313,0.01080122521360632,0.002095760116072868,,0.008544252780912462,0.004191520232145736,,,,,0.002095760116072868,,0.002095760116072868,,,0.002095760116072868
,,0.16782202160245044,,,,0.054489763017894564,,,0.006287280348218604,,,,0.008383040464291471,0.20296630662582626,,,0.002095760116072868,0.002095760116072868,,,,0.002095760116072868,,0.027244881508947282,0.002095760116072868,,0.0,,0.0,,0.01047880058036434,,,0.06287280348218603,,,,,,,,0.002095760116072868,,,,0.002095760116072868,0.002095760116072868,0.002095760116072868,,0.004191520232145736,,,,0.02305336127680155,0.004191520232145736,0.002095760116072868,,,0.008383040464291471,0.033532161857165885,0.3316137352893761,0.01047880058036434,,,0.012574560696437209,0.002095760116072868,,0.004191520232145736,,,0.006287280348218604,,,,,
,,0.14718684507496374,,,,0.03820731903917459,,0.0019345477994518782,0.005964855714976625,,,,0.0301467032081251,0.28147670482024834,,0.0019345477994518782,,,,,,,,0.024181847493148476,0.008060615831049492,,0.0,,0.0,,0.016121231662098983,,,0.024181847493148476,,,,,0.0019345477994518782,0.0019345477994518782,0.0019345477994518782,,,0.0019345477994518782,,0.005964855714976625,0.004030307915524746,,,0.0019345477994518782,,,,0.012090923746574238,0.0019345477994518782,,,,0.004030307915524746,0.02015153957762373,0.3246816056746735,0.0019345477994518782,0.0019345477994518782,,,0.004030307915524746,,0.004030307915524746,,,0.022086087377075608,,0.004030307915524746,,,
,,0.18458810253103336,,,,0.055295824600999514,,0.0019345477994518782,0.01015637594712236,0.008060615831049492,,,0.006126068031597614,0.20022569724326944,,,,,,,,,,0.026600032242463323,0.0019345477994518782,,0.0,,0.0,,0.01015637594712236,,0.0019345477994518782,0.024504272126390458,0.004030307915524746,,,0.0019345477994518782,,,,0.0019345477994518782,,0.004030307915524746,,0.004030307915524746,0.0019345477994518782,,0.004030307915524746,0.0019345477994518782,,,,0.026600032242463323,,,,,0.006126068031597614,0.026600032242463323,0.36933741737868775,0.004030307915524746,0.0019345477994518782,,,0.0019345477994518782,,0.006126068031597614,,,0.0019345477994518782,,,,,
,,0.2560051587941319,,0.0019345477994518782,,0.0906013219409963,,0.004030307915524746,0.01805577946155086,0.012090923746574238,,,0.005964855714976625,0.007899403514428416,,,,0.0019345477994518782,,,,,0.0019345477994518782,0.024181847493148476,0.0019345477994518782,,0.0,,0.0,,0.012090923746574238,,,0.05432855070127358,0.004030307915524746,,,,,,0.0019345477994518782,0.0019345477994518782,0.0019345477994518782,0.008060615831049492,,0.0019345477994518782,0.008060615831049492,,,0.0019345477994518782,,,0.0019345477994518782,0.016121231662098983,0.005964855714976625,,,,0.00999516363050137,0.04223762695469934,0.3125906819280993,0.014025471546026116,0.052394002901821696,,,0.012090923746574238,0.0019345477994518782,,,,0.004030307915524746,,,,0.0019345477994518782,0.0019345477994518782
,,0.17830082218281476,,0.006287280348218604,,0.07335160406255038,,0.002095760116072868,0.002095760116072868,0.006287280348218604,,,0.02095760116072868,0.10881831371916817,,,,0.016766080928582942,,,,,0.01047880058036434,0.01047880058036434,0.008383040464291471,,0.0,,0.0,,0.012574560696437209,,,0.03772368208931162,0.004191520232145736,0.002095760116072868,,0.008383040464291471,,0.027244881508947282,0.004191520232145736,,,0.006287280348218604,,0.004191520232145736,0.006287280348218604,0.004191520232145736,0.008383040464291471,0.002095760116072868,,,0.002095760116072868,0.02934064162502015,0.004191520232145736,,,,0.014670320812510075,0.052394002901821696,0.253909398678059,0.031436401741093016,0.006287280348218604,,,0.02095760116072868,,,,,0.012574560696437209,,,,,
,,0.14218926325971304,,0.006448492664839594,,0.03272610027406094,,0.006448492664839594,0.002095760116072868,0.004352732548766725,0.002095760116072868,,0.015315170078994035,0.39174592938900543,,,0.002095760116072868,,,,,,0.006448492664839594,0.004352732548766725,0.004352732548766725,,0.0,,0.0,,0.004352732548766725,,,0.026116395292600354,,,,0.006448492664839594,0.004352732548766725,,,,,0.004352732548766725,,0.01080122521360632,0.004352732548766725,,0.00870546509753345,,0.002095760116072868,,,0.037078832822827666,,,,,0.006448492664839594,0.04368853780428825,0.1968402385942286,0.006448492664839594,0.006448492664839594,,,0.00870546509753345,,,,,,,,,,0.002095760116072868
,,0.23859422859906496,,,,0.05126551668547477,,0.0111236498468483,0.008866677414154442,,,,0.013380622279542157,0.16604868611961943,,,,0.002095760116072868,,,0.002095760116072868,,,0.01999032726100274,0.004352732548766725,,0.0,,0.0,,0.013380622279542157,,,0.024504272126390458,0.004352732548766725,,,0.002095760116072868,,,,,,0.008866677414154442,,0.002095760116072868,,,0.002095760116072868,0.004352732548766725,,,,0.0444945993873932,,,,0.002095760116072868,0.006609704981460584,0.05126551668547477,0.30098339513138805,0.002095760116072868,,,,0.002095760116072868,0.002095760116072868,0.004352732548766725,,,,,,,,0.004352732548766725
,,0.21812026438819926,,,,0.0619055295824601,,0.011446074480090279,0.01821699177817185,,,,0.011446074480090279,0.12655166854747701,,,,,0.0022569724326938576,,,,,0.0206351765274867,,,0.0,,0.0,0.0022569724326938576,0.00902788973077543,,,0.03208125100757698,0.0022569724326938576,,,,,,,,,0.004513944865387715,,0.004513944865387715,,0.0022569724326938576,,,,,,0.013703046912784136,,,,,0.013703046912784136,0.034338223440270835,0.38803804610672255,,0.0022569724326938576,,,0.011446074480090279,,0.004513944865387715,,,,,,,,0.004513944865387715
,,0.16749959696920844,,,,0.034338223440270835,,0.006287280348218604,0.02788973077543124,,0.004191520232145736,,0.014992745445752055,0.2543930356279219,,,,0.002095760116072868,,,0.002095760116072868,,,0.023536998226664517,,,0.0,,0.0,0.002095760116072868,0.01064001289698533,,,0.03208125100757698,,0.006287280348218604,,,,,,,,0.004191520232145736,,0.002095760116072868,,,,,,,,0.02788973077543124,0.002095760116072868,,,,0.01064001289698533,0.04933096888602289,0.2963082379493793,0.002095760116072868,0.006287280348218604,,,,,,,,,,,,,0.01064001289698533
,,0.22456875705303886,,0.0022569724326938576,,0.03401579880702886,,0.006770917298081574,0.02256972432693858,,,,0.013541834596163147,0.17330324036756406,,,,,,,,,,0.02031275189424472,,,0.0,,0.0,,0.00902788973077543,,,0.04530066097049815,,,,0.01128486216346929,,,,,,0.004513944865387715,,0.00902788973077543,,0.0022569724326938576,0.0022569724326938576,,,,,0.02256972432693858,,,,,0.013541834596163147,0.027083669192326295,0.3129131065613413,0.004513944865387715,0.02031275189424472,,,0.004513944865387715,,0.0022569724326938576,,,,,,,,0.01128486216346929
,,0.2641165755919854,,,0.004098360655737705,0.07058287795992714,,0.001973284760170006,0.001973284760170006,,0.004098360655737705,,0.001973284760170006,0.0,0.00819672131147541,,,,,,,,,0.016545233758348512,,,0.0,,0.0,,0.016545233758348512,,,0.04356405585913783,,,,,0.006223436551305404,,,,,0.004098360655737705,,0.00819672131147541,0.04781420765027322,0.004098360655737705,0.004098360655737705,0.010321797207043109,,0.001973284760170006,,0.035215543412264724,0.004098360655737705,,0.004098360655737705,,0.006223436551305404,0.035215543412264724,0.33060109289617484,0.016545233758348512,0.016545233758348512,,,0.012446873102610808,,0.010321797207043109,,,0.001973284760170006,,,,,0.006223436551305404
,,0.1808802192487506,,,,0.07093341931323553,,0.00902788973077543,0.011446074480090279,,,,0.004513944865387715,0.12268257294857332,0.004513944865387715,,,,,,,,0.00902788973077543,0.011446074480090279,,,0.0,,0.0,0.022892148960180558,0.01821699177817185,,,0.04804127035305497,,,,0.004513944865387715,0.0022569724326938576,0.0022569724326938576,,,,,,0.006770917298081574,0.013703046912784136,0.0022569724326938576,0.0022569724326938576,0.0022569724326938576,,,,0.043366113171046265,0.0022569724326938576,0.004513944865387715,,,0.004513944865387715,0.043366113171046265,0.2656778977913913,0.02047396421086571,0.013703046912784136,,,0.02047396421086571,,0.006770917298081574,,,0.015960019345477996,,,,,0.00902788973077543
,,0.16072867967112686,,,,0.0744800902788973,,0.009189102047396421,0.004513944865387715,,,,0.009189102047396421,0.3522489118168628,,,,,,,,,,0.004513944865387715,,,0.0,,0.0,0.013864259229405127,0.016282443978719974,,,0.03949701757214251,,,,0.009189102047396421,,,,,,,,0.006932129614702564,0.018539416411413833,0.006932129614702564,0.006932129614702564,0.004513944865387715,,,,0.018539416411413833,0.013864259229405127,,,,0.0022569724326938576,0.03724004513944865,0.15137836530710946,0.016282443978719974,0.0022569724326938576,,,0.004513944865387715,,0.006932129614702564,,,,,,,,0.009189102047396421
,,0.24359181041431566,,,0.0024181847493148475,0.04175399000483637,,0.00983395131388038,0.00983395131388038,,0.0024181847493148475,,0.0024181847493148475,0.24149605029824284,,,0.004836369498629695,0.0024181847493148475,,,,,,0.012252136063195229,,,0.0,,0.0,,0.017088505561824924,,,0.034338223440270835,,0.0024181847493148475,,0.004836369498629695,0.0024181847493148475,,,,,0.004836369498629695,,0.0024181847493148475,,,0.004836369498629695,0.004836369498629695,,,,0.01966790262776076,0.00983395131388038,0.0024181847493148475,0.004836369498629695,,,0.026922456875705304,0.24842817991294536,0.014670320812510075,0.004836369498629695,,,0.0024181847493148475,,,,0.0024181847493148475,,,,,,0.012252136063195229
,,0.18168628083185556,,,,0.0651297759148799,,0.01160728679671127,0.006932129614702564,,,0.004513944865387715,0.006932129614702564,0.2843785265194262,,,,,,,,,,0.01160728679671127,,0.0022569724326938576,0.0,,0.0,,0.01160728679671127,,,0.02788973077543124,,,,,,,0.0022569724326938576,,0.0022569724326938576,0.004513944865387715,0.0022569724326938576,0.004513944865387715,0.01160728679671127,,0.009189102047396421,0.0022569724326938576,,,,0.02095760116072868,,,,,0.006932129614702564,0.025632758342737386,0.27035305497339995,0.0022569724326938576,0.004513944865387715,,,0.006932129614702564,0.0022569724326938576,,,,,0.0022569724326938576,,,,0.004513944865387715
,,0.19587296469450266,,,,0.060132194099629215,,0.002095760116072868,0.006448492664839594,,,0.004191520232145736,0.01064001289698533,0.14283411252619704,,,,,,,,,,0.01934547799451878,,,0.0,,0.0,,0.012896985329679188,0.002095760116072868,,0.04078671610511043,,,,,,,0.006448492664839594,,,0.008544252780912462,,0.012896985329679188,0.002095760116072868,,,0.002095760116072868,,,0.002095760116072868,0.034338223440270835,,,,,0.008544252780912462,0.032242463324197966,0.37014347896179267,0.008544252780912462,0.004191520232145736,,,0.002095760116072868,,,,,0.002095760116072868,0.002095760116072868,,,,0.004191520232145736
,,0.20506206674189909,,,0.002095760116072868,0.06899887151378366,,0.006609704981460584,0.004352732548766725,,0.002095760116072868,,0.008866677414154442,0.09721102692245676,,,,,,0.002095760116072868,,,,0.0222472996936966,,,0.0,,0.0,,0.015476382395615025,,0.002095760116072868,0.05352248911816863,,,,,,0.002095760116072868,,,,,,0.006609704981460584,0.002095760116072868,0.004352732548766725,,0.004352732548766725,,,,0.015476382395615025,,,,,0.006609704981460584,0.0444945993873932,0.35450588424955665,0.017733354828308883,0.028857004675157182,,,0.017733354828308883,,,,,,,,,,0.004352732548766725
,,0.23975409836065573,,,,0.07581967213114754,,0.0020491803278688526,0.00819672131147541,,0.01639344262295082,,0.01639344262295082,0.0,0.004098360655737705,,,,,,,,,0.07377049180327869,,,0.0,,0.0,0.0020491803278688526,0.014344262295081968,,0.0020491803278688526,0.036885245901639344,0.004098360655737705,,,,0.0020491803278688526,,,,,,,0.006147540983606557,0.004098360655737705,0.004098360655737705,,0.0020491803278688526,0.004098360655737705,,,0.0389344262295082,0.006147540983606557,,,,0.012295081967213115,0.03483606557377049,0.32581967213114754,0.014344262295081968,0.004098360655737705,,,0.012295081967213115,,,,,0.030737704918032786,,0.0020491803278688526,,,
,,0.21489601805577946,,0.004513944865387715,,0.04062550378848944,,0.006770917298081574,0.013541834596163147,,0.01128486216346929,,0.027083669192326295,0.06674189908108996,,,,,,,,,,0.006770917298081574,,,0.0,,0.0,,0.024826696759632436,,0.0022569724326938576,0.02934064162502015,0.0022569724326938576,,,0.0022569724326938576,,,0.0022569724326938576,,,0.02256972432693858,,0.0022569724326938576,0.006770917298081574,0.004513944865387715,0.0022569724326938576,,0.0022569724326938576,,0.0022569724326938576,0.0586812832500403,0.004513944865387715,,,0.0022569724326938576,0.02934064162502015,0.03159761405771401,0.2872803482186039,0.03159761405771401,0.004513944865387715,,,0.024826696759632436,,,,,0.027083669192326295,,,,,
,,0.14218926325971304,,,,0.04062550378848944,,,0.013541834596163147,,,,0.01805577946155086,0.3341931323553119,,,,,0.0022569724326938576,,,,,,,,0.0,,0.0,,0.013541834596163147,0.0022569724326938576,0.0022569724326938576,0.047396421086571015,0.0022569724326938576,,,,,,,,,0.004513944865387715,,,0.015798807028857005,0.006770917298081574,,,,,,0.02934064162502015,0.013541834596163147,,,,0.01128486216346929,0.038368531355795585,0.2076414638078349,0.01128486216346929,0.004513944865387715,,,0.0022569724326938576,,,,,0.033854586490407866,,0.0022569724326938576,,,
,,0.2793809447041754,,,,0.07367402869579236,,0.002095760116072868,0.002095760116072868,,,,0.017733354828308883,0.07899403514428494,,,,,0.004352732548766725,,,,,0.026761244559084314,0.002095760116072868,,0.0,,0.0,,0.008866677414154442,,,0.0602934064162502,,,,,,0.004352732548766725,,0.002095760116072868,,,,0.004352732548766725,,,,,,,,0.017733354828308883,,,,,0.006609704981460584,0.04691278413670805,0.3308076737062712,0.0222472996936966,,,,0.002095760116072868,,0.002095760116072868,,,0.004352732548766725,,,,,
,,0.20715782685797196,,,,0.06754796066419474,,0.008866677414154442,0.017894567144929874,,,,0.024665484443011445,0.16266322747057882,,,0.002095760116072868,,0.002095760116072868,,,,,0.024665484443011445,,,0.0,,0.0,,0.008866677414154442,,,0.035950346606480735,,0.002095760116072868,,,0.002095760116072868,,,0.002095760116072868,,0.002095760116072868,,0.006609704981460584,,,,,,,,0.031436401741093016,,,,,0.008866677414154442,0.017894567144929874,0.34676769305174915,0.013380622279542157,,,,0.002095760116072868,,,,,0.002095760116072868,,,,,
,,0.21070449782363374,,,,0.058520070933419314,,0.002095760116072868,0.03030791552474609,,,,0.017249717878445914,0.1400935031436401,,,0.002095760116072868,0.004191520232145736,,,,,,0.017249717878445914,0.004191520232145736,,0.0,,0.0,,0.012896985329679188,,,0.03901338062227954,,,,0.008544252780912462,0.004191520232145736,,,0.002095760116072868,,,,0.01080122521360632,,,,,,,,0.04562308560374013,0.002095760116072868,,,,0.008544252780912462,0.028212155408673223,0.317104626793487,0.017249717878445914,0.004191520232145736,,,0.008544252780912462,,,,,0.004191520232145736,,,,,
,,0.24381625441696114,,,,0.08926102319864802,,,0.010754340144415425,,0.00430173605776617,,0.017360577661699187,0.0,0.002150868028883085,,,,,,,,,0.02381318174834844,0.006452604086649255,,0.0,,0.0,,0.00860347211553234,,,0.034721155323398374,,,,0.01951144569058227,0.09571362728529728,,,,,0.006452604086649255,,0.00430173605776617,,,,,,,,0.034721155323398374,,,,,,0.058687970502381316,0.28744814871716085,0.026117683207866033,0.00430173605776617,,,0.010754340144415425,0.002150868028883085,0.00430173605776617,,,0.00430173605776617,,,,,
,,0.1935739785799286,,,,0.08422583630834325,,,,,0.003702234563004099,,0.024857860637313236,0.0,0.003702234563004099,,0.0018511172815020495,,0.0018511172815020495,,,,,0.013354488959407643,0.0018511172815020495,,0.0,,0.0,,0.022874520692846755,0.011371149014941162,,0.022874520692846755,,,,0.028692317863281767,0.09189475076028031,0.00753669178897263,,0.0018511172815020495,,0.005685574507470581,,0.00753669178897263,0.0018511172815020495,,0.0018511172815020495,,,,,0.019040063466878223,0.005685574507470581,,,,,0.0823747190268412,0.30464101547005157,0.03636123231521883,0.0018511172815020495,,0.0018511172815020495,0.009520031733439112,,,,,0.005685574507470581,,,,,
,,0.2124778333064646,,,,0.0730291794293084,,0.0022569724326938576,0.013703046912784136,,0.00902788973077543,,0.03417701112364985,0.15637594712236014,,,,0.00902788973077543,,,,,,0.0022569724326938576,0.0022569724326938576,,0.0,0.0022569724326938576,0.0,,0.03417701112364985,0.00902788973077543,,0.024987909076253426,,,,,0.0022569724326938576,0.00902788973077543,,,,0.004513944865387715,,0.00902788973077543,0.004513944865387715,,0.004513944865387715,,,,,0.029663066258262132,,,,,,0.054812187651136546,0.2603578913428986,0.00902788973077543,0.0022569724326938576,,0.0022569724326938576,0.004513944865387715,,,,,0.01821699177817185,,,,,
,,0.1712074802514912,,,,0.08786071255843947,,0.011446074480090279,0.0022569724326938576,,,,0.025310333709495404,0.3004997581815251,,,,0.0022569724326938576,,,,,,,,,0.0,0.0022569724326938576,0.0,,0.011446074480090279,,,0.018378204094792842,,,,,,0.004513944865387715,,0.0022569724326938576,,0.0022569724326938576,,,0.02079638884410769,,0.006932129614702564,,,,,0.025310333709495404,,,0.0022569724326938576,,0.0022569724326938576,0.04852490730291794,0.20586812832500404,0.013864259229405127,0.006932129614702564,,0.0022569724326938576,0.0022569724326938576,,,,,0.02079638884410769,,,,,
,,0.19280993067870386,,,,0.04981460583588586,,0.004191520232145736,0.004191520232145736,,,,0.006448492664839594,0.2521360631952281,,,,0.002095760116072868,,,,,,0.015153957762373046,0.002095760116072868,,0.0,0.002095760116072868,0.0,0.002095760116072868,0.01950669031113977,,,0.028050943092052232,,,,,,,,0.002095760116072868,,0.002095760116072868,,0.004191520232145736,,0.004191520232145736,0.002095760116072868,0.002095760116072868,,,,0.01080122521360632,0.006448492664839594,,,,,0.047557633403192,0.3121070449782363,0.002095760116072868,,,,0.008544252780912462,0.002095760116072868,,,,0.012896985329679188,,,,,
,,0.20054812187651136,,,0.0022569724326938576,0.07512493954538127,,0.0022569724326938576,0.006770917298081574,,0.0022569724326938576,,0.004513944865387715,0.256005158794132,,,0.0022569724326938576,,,,,,,0.022730936643559567,,,0.0,,0.0,,0.01128486216346929,,,0.045461873287119134,,0.0022569724326938576,,0.0022569724326938576,0.0022569724326938576,,,,,0.004513944865387715,,0.00902788973077543,,0.0022569724326938576,0.006770917298081574,,,,,0.02950185394164114,,,,,,0.024987909076253426,0.2666451716911172,0.00902788973077543,,,0.004513944865387715,0.0022569724326938576,,,,,0.0022569724326938576,,,,,
,,0.18781234886345316,,0.0022569724326938576,0.0022569724326938576,0.10075769788811866,,0.004513944865387715,0.013703046912784136,,,,0.0022569724326938576,0.11994196356601639,,,0.004513944865387715,0.006770917298081574,,0.006770917298081574,,,,0.01821699177817185,0.015960019345477996,,0.0,,0.0,,0.00902788973077543,,,0.027406093825568273,,,,,,,,,,0.0022569724326938576,0.004513944865387715,0.00902788973077543,,0.004513944865387715,0.0022569724326938576,0.0022569724326938576,,0.004513944865387715,,0.022892148960180558,,,0.004513944865387715,,,0.027406093825568273,0.3619216508141222,0.006770917298081574,0.0022569724326938576,,,0.013703046912784136,,,,,0.004513944865387715,0.004513944865387715,,,,
,,0.16411413832016766,,,,0.08205706916008383,,0.002095760116072868,0.008866677414154442,,0.002095760116072868,,0.013219409962921168,0.08963404804127029,,,0.008866677414154442,,,0.008866677414154442,,,,0.01982911494438175,0.024343059809769467,,0.0,,0.0,,0.008866677414154442,,,0.03320973722392391,,,,,,,,,,0.004352732548766725,0.004352732548766725,0.008866677414154442,,,0.01096243753022731,,,,,0.09092374657423827,,,0.01096243753022731,,,0.024343059809769467,0.3217797839754957,0.03772368208931162,0.002095760116072868,,,0.013219409962921168,,0.004352732548766725,,,,,,,,
,,0.2175548589341693,,,0.0040752351097178684,0.0731974921630094,,0.0040752351097178684,0.012539184952978056,,0.006269592476489028,,0.020846394984326017,0.0,,,,,,,,,0.0020376175548589342,0.03338557993730407,0.0040752351097178684,,0.0,,0.0,,0.018808777429467086,,,0.03542319749216301,0.0040752351097178684,,,,,0.0020376175548589342,0.0020376175548589342,,,0.0040752351097178684,,0.0040752351097178684,,0.010344827586206896,0.010344827586206896,,0.0020376175548589342,,,0.050156739811912224,0.0040752351097178684,,,,,0.03338557993730407,0.3493730407523511,0.014576802507836991,,,,0.010344827586206896,,0.04811912225705329,,,,,,,0.0040752351097178684,0.014576802507836991
,,0.2126390456230856,,,,0.07238433016282445,0.0022569724326938576,0.0022569724326938576,0.02031275189424472,,0.00902788973077543,,0.033854586490407866,0.10494921812026425,0.0022569724326938576,0.0022569724326938576,,0.006770917298081574,,,,,0.004513944865387715,0.0022569724326938576,,0.0022569724326938576,0.0,,0.0,,0.013541834596163147,0.0022569724326938576,,0.027083669192326295,0.006770917298081574,0.004513944865387715,,,,,0.0022569724326938576,,,0.006770917298081574,,,,0.00902788973077543,0.01128486216346929,0.004513944865387715,,,,0.06093825568273416,,,,0.0022569724326938576,,0.01805577946155086,0.2782524584878285,0.02031275189424472,,,,0.024826696759632436,0.0022569724326938576,,,0.0022569724326938576,0.00902788973077543,,,,,0.015798807028857005
,,0.17249717878445914,,,,0.07689827502821216,,0.004513944865387715,0.009189102047396421,,0.004513944865387715,,0.009189102047396421,0.34950830243430586,,,,0.004513944865387715,,,0.0022569724326938576,,0.013864259229405127,,,,0.0,,0.0,,0.0022569724326938576,,,0.03724004513944865,,,,,,,,0.0022569724326938576,,0.0022569724326938576,,,,0.0022569724326938576,0.009189102047396421,,,,0.0022569724326938576,0.05126551668547477,,,,0.0022569724326938576,0.0022569724326938576,0.018539416411413833,0.18636143801386426,0.01160728679671127,0.0022569724326938576,,,0.006932129614702564,,,,,0.0022569724326938576,,,,,0.01160728679671127
,,0.1537965500564243,0.004191520232145736,0.002095760116072868,0.004191520232145736,0.03030791552474609,,,0.004191520232145736,,,0.004191520232145736,0.006448492664839594,0.2761566983717556,,,,,,,,,,0.01950669031113977,0.004191520232145736,,0.0,,0.0,,0.008544252780912462,,,0.045461873287119134,,,,0.002095760116072868,,,,0.002095760116072868,,,,0.002095760116072868,0.002095760116072868,,0.004191520232145736,,,,,0.04320490085442528,,,,,,0.034660648073512816,0.3272610027406094,0.008544252780912462,,,0.002095760116072868,0.004191520232145736,,0.004191520232145736,,,,,,,,
,,0.18732871191359018,,,,0.05126551668547477,0.002095760116072868,,0.0111236498468483,,,,0.006609704981460584,0.2792197323875545,,,,,,,,,,0.0222472996936966,0.0111236498468483,,0.0,,0.0,,0.015476382395615025,,0.002095760116072868,0.028857004675157182,,,,,,,,0.002095760116072868,,0.002095760116072868,,0.0111236498468483,,,0.008866677414154442,,0.002095760116072868,,,0.01999032726100274,0.002095760116072868,,,,,0.04014186683862647,0.2764791230049976,0.006609704981460584,,,,0.004352732548766725,,0.006609704981460584,,,,,,,,
,,0.206351765274867,,,,0.07818797356118007,,,0.008544252780912462,,0.004191520232145736,,0.0238594228599065,0.159277768821538,,,,,,,,,,0.017249717878445914,0.01080122521360632,,0.0,,0.0,,0.01080122521360632,,,0.028212155408673223,0.004191520232145736,,,,,,,0.002095760116072868,,0.006448492664839594,,0.004191520232145736,,0.004191520232145736,0.006448492664839594,0.002095760116072868,,,0.002095760116072868,0.028212155408673223,,,,,0.002095760116072868,0.058520070933419314,0.3127518942447203,0.004191520232145736,0.006448492664839594,,,0.006448492664839594,,,,,,,,,,0.002095760116072868
,,0.24955666612929228,,,0.002095760116072868,0.0683540222472997,,0.00870546509753345,0.017572142511687892,,0.006609704981460584,,0.02869579235853619,0.04110914073835237,,,,,,,,,0.004352732548766725,0.015315170078994035,0.006609704981460584,,0.0,,0.0,,0.024181847493148476,,,0.024181847493148476,,0.00870546509753345,,,,,,,,0.015315170078994035,,0.013219409962921168,,,0.006609704981460584,0.002095760116072868,,,0.002095760116072868,0.04191520232145736,,,,,,0.033048524907302916,0.3511204256005159,0.01096243753022731,,,,0.006609704981460584,,0.004352732548766725,,,,,,,,0.006609704981460584
,,0.24274856522413527,,,0.0020164417558554367,0.0766247867225066,,,0.01907864122847836,,0.0020164417558554367,,0.025438188304637815,0.0,0.00837598883201489,,,,,,,,0.016907088568326352,0.012719094152318908,0.00837598883201489,,0.0,,0.0,0.0020164417558554367,0.012719094152318908,,,0.03614084070110129,0.004187994416007445,0.004187994416007445,,0.004187994416007445,,0.004187994416007445,,0.00837598883201489,,0.0020164417558554367,,0.0020164417558554367,0.03396928804094928,0.0020164417558554367,0.0020164417558554367,,,,0.006359547076159454,0.027609740964789825,0.006359547076159454,,,,,0.048859934853420196,0.3300760043431053,0.012719094152318908,0.004187994416007445,,,0.00837598883201489,,0.00837598883201489,,,0.0105475414921669,,,,,0.004187994416007445
,,0.1949056907947767,,,,0.06271159116556504,,0.008866677414154442,0.013380622279542157,,,,0.04030307915524746,0.04175399000483626,0.017894567144929874,,,,,,,,0.017894567144929874,,,,0.0,,0.0,,0.002095760116072868,,,0.029018216991778173,0.004352732548766725,0.006609704981460584,,0.006609704981460584,0.006609704981460584,0.004352732548766725,,0.002095760116072868,,0.0111236498468483,,0.004352732548766725,0.03578913428985975,0.002095760116072868,0.002095760116072868,,,,0.006609704981460584,0.09172980815734322,0.002095760116072868,,,,,0.04256005158794132,0.25987425439303563,0.0380461067225536,0.004352732548766725,,,0.006609704981460584,0.002095760116072868,,,,0.024504272126390458,,,,,0.006609704981460584
,,0.13009833951313882,,,,0.04175399000483637,,,0.0022569724326938576,,,,0.02788973077543124,0.42560051587941317,,,,0.004513944865387715,,,,,0.004513944865387715,0.004513944865387715,,,0.0,,0.0,,0.016121231662098983,,,0.018539416411413833,,0.009189102047396421,,,0.0022569724326938576,0.004513944865387715,,0.0022569724326938576,,,,0.0022569724326938576,0.016121231662098983,,,,,,0.006932129614702564,0.02321457359342254,,,,,,0.016121231662098983,0.19764630017733356,0.01160728679671127,0.004513944865387715,,,0.009189102047396421,,0.0022569724326938576,,,0.01160728679671127,0.0022569724326938576,,,,0.0022569724326938576
,,0.1665323230694825,,,,0.04159277768821538,,0.0022569724326938576,0.0022569724326938576,,,,0.02079638884410769,0.16169595357085287,,,,0.0022569724326938576,,,,,,0.011446074480090279,,,0.0,,0.0,,0.016121231662098983,,,0.04852490730291794,,,,,,,0.0022569724326938576,0.0022569724326938576,,,,0.006932129614702564,0.0022569724326938576,,0.0022569724326938576,,,,0.0022569724326938576,0.027728518458810254,0.0022569724326938576,,,,,0.04852490730291794,0.40012896985329677,0.0022569724326938576,0.006932129614702564,,,0.011446074480090279,,0.004513944865387715,,,,,,,,0.004513944865387715
,,0.17878445913267774,,,0.002095760116072868,0.05948734483314525,,,0.00870546509753345,,,,0.015315170078994035,0.2737385136224407,,,,,,,,,,0.01096243753022731,0.004352732548766725,,0.0,,0.0,,0.013219409962921168,,,0.024181847493148476,0.002095760116072868,,,,,,,0.002095760116072868,0.004352732548766725,0.00870546509753345,,0.00870546509753345,0.00870546509753345,,0.006609704981460584,0.002095760116072868,,,,0.004352732548766725,,,,,0.002095760116072868,0.05513461228437853,0.27389972593906176,0.01096243753022731,,,,0.002095760116072868,,0.002095760116072868,,,0.002095760116072868,,,,0.004352732548766725,0.00870546509753345
,,0.1808802192487506,,,0.004513944865387715,0.045784297920361115,0.004513944865387715,0.006770917298081574,0.00902788973077543,,,,0.013703046912784136,0.21360631952281162,,,,,0.0022569724326938576,,,,,0.00902788973077543,,,0.0,,0.0,,0.011446074480090279,,,0.05255521521844269,,,,,,,,0.0022569724326938576,,0.006770917298081574,,0.006770917298081574,,,0.004513944865387715,,,,,0.034338223440270835,0.0022569724326938576,,,,,0.03885216830565855,0.3206512977591488,0.01821699177817185,,,,0.006770917298081574,,0.0022569724326938576,,,,,,,,0.0022569724326938576
,,0.19555054006126069,,,,0.0714170562630985,0.016766080928582942,0.006287280348218604,0.008383040464291471,,,,0.006287280348218604,0.2456875705303886,,,,,,,,,,0.004191520232145736,0.004191520232145736,,0.0,,0.0,,0.006287280348218604,,,0.025149121392874417,,,,0.006287280348218604,0.004191520232145736,,,0.002095760116072868,0.004191520232145736,,,0.01047880058036434,0.002095760116072868,,0.004191520232145736,,,,,0.016766080928582942,,,,,,0.02305336127680155,0.31968402385942285,0.002095760116072868,,,,0.004191520232145736,,0.006287280348218604,,,,,,,,0.004191520232145736
,,0.21328389488956956,,,,0.06061583104949218,0.006609704981460584,0.006609704981460584,0.031436401741093016,,,,0.008866677414154442,0.048363694986297,,,,,0.004352732548766725,,,,,0.004352732548766725,0.02240851201031759,,0.0,,0.0,,0.0111236498468483,,,0.04481702402063518,0.002095760116072868,0.004352732548766725,,,0.002095760116072868,0.004352732548766725,0.004352732548766725,,,,,0.0111236498468483,0.006609704981460584,0.004352732548766725,0.0111236498468483,,,,,0.056101886184104464,,,,,,0.024665484443011445,0.35934225374818635,0.013380622279542157,,,,0.006609704981460584,,0.006609704981460584,,,0.017894567144929874,,,,,0.002095760116072868
,,0.1729808157343221,,,,0.05303885216830566,,,0.03449943575689183,,,,0.004513944865387715,0.1373528937610834,,,,,,,,,0.0022569724326938576,0.004513944865387715,0.0206351765274867,,0.0,,0.0,,0.006770917298081574,,0.004513944865387715,0.0461067225536031,0.0022569724326938576,0.004513944865387715,,,0.006770917298081574,0.0022569724326938576,0.0022569724326938576,,,0.0022569724326938576,,,0.004513944865387715,0.006770917298081574,0.0206351765274867,,,,,0.06916008383040465,0.009189102047396421,,,,0.013703046912784136,0.025310333709495404,0.30227309366435595,0.006770917298081574,,,,0.009189102047396421,0.0022569724326938576,0.004513944865387715,,,0.013703046912784136,0.004513944865387715,,,,
,,0.1686280831855554,,,,0.05174915363533774,,0.004191520232145736,0.008544252780912462,,,,0.017249717878445914,0.5044333387070772,0.002095760116072868,,,,,,,,,,0.014992745445752055,,0.0,,0.0,,0.006448492664839594,,,0.01934547799451878,,,,0.002095760116072868,0.006448492664839594,0.002095760116072868,,,,,,0.002095760116072868,0.006448492664839594,0.004191520232145736,0.008544252780912462,0.008544252780912462,,,,0.01080122521360632,,,,,,0.006448492664839594,0.13396743511204257,0.002095760116072868,0.006448492664839594,,,0.002095760116072868,,,,,,,,,,
,,0.2015153957762373,,,,0.04320490085442528,0.008544252780912462,0.004191520232145736,0.002095760116072868,,,,0.004191520232145736,0.28034821860390136,,,,,,,,,,0.004191520232145736,0.002095760116072868,,0.0,,0.0,,0.015153957762373046,,,0.03030791552474609,,,,,,,,,,,0.002095760116072868,0.006448492664839594,0.004191520232145736,,0.004191520232145736,,,,,0.004191520232145736,,,0.002095760116072868,,,0.01950669031113977,0.3424149605029824,0.006448492664839594,0.002095760116072868,,,0.002095760116072868,,0.004191520232145736,,,,0.002095760116072868,0.002095760116072868,,,
,,0.18023536998226664,,,,0.047718845719813,0.002095760116072868,,0.008544252780912462,,,,0.01080122521360632,0.39771078510398195,,,,,,,,,,0.004191520232145736,,,0.0,,0.0,,0.006448492664839594,,,0.03256488795743995,,,,,,,,0.002095760116072868,,0.002095760116072868,,0.004191520232145736,0.008544252780912462,,0.004191520232145736,,,,,0.008544252780912462,,,,,,0.0412703530549734,0.22811542801870063,,0.004191520232145736,,,0.006448492664839594,,,,,,,,,,
,,0.18813477349669513,,,,0.03095276479123005,,,0.01096243753022731,,,,0.00870546509753345,0.3374173786877317,,,,,,,,,,0.002095760116072868,,,0.0,,0.0,,0.006609704981460584,,,0.037562469772690635,,,,,0.002095760116072868,,,,,,,0.006609704981460584,0.006609704981460584,0.01096243753022731,0.004352732548766725,,,,,0.01096243753022731,,,,,,0.044172174754151215,0.2766403353216186,0.004352732548766725,0.002095760116072868,,,0.002095760116072868,,,,,,,,,,0.006609704981460584
,,0.206029340641625,,,,0.05787522166693535,0.004191520232145736,0.006287280348218604,0.004191520232145736,,0.002095760116072868,,0.008544252780912462,0.22279542157020793,,,0.004191520232145736,,,0.014992745445752055,,,,0.008544252780912462,,,0.0,,0.0,,0.006287280348218604,,,0.0364339835563437,,,,,,,,,,,,0.004191520232145736,0.014992745445752055,0.004191520232145736,0.004191520232145736,,,,,0.019184265677897792,0.002095760116072868,,,,,0.034338223440270835,0.30710946316298565,0.006287280348218604,0.004191520232145736,,,0.006287280348218604,,,,,0.006287280348218604,,,,,0.004191520232145736
,,0.20103175882637433,,,,0.08786071255843947,0.004030307915524746,0.0019345477994518782,0.008221828147670482,,0.006126068031597614,,0.016604868611961955,0.02611639529260046,,,,,,0.01031758826374335,,,,0.004030307915524746,,,0.0,,0.0,,0.01031758826374335,,,0.035466709656617766,,,,0.004030307915524746,0.006126068031597614,,,0.006126068031597614,,0.0019345477994518782,,0.004030307915524746,0.016604868611961955,,0.004030307915524746,0.0019345477994518782,,,,0.02917942930839916,0.006126068031597614,0.0019345477994518782,,,0.0019345477994518782,0.07109463162985652,0.3852974367241657,0.02079638884410769,0.01031758826374335,,,0.012413348379816218,,,0.004030307915524746,,,,,,,
,,0.269869418023537,,,,0.04143156537159439,0.0022569724326938576,0.0022569724326938576,0.0022569724326938576,,,,0.018378204094792842,0.1412219893599872,,,,,,,,,,,,,0.0,,0.0,,0.0206351765274867,,,0.025310333709495404,,,,,0.004513944865387715,,,0.0022569724326938576,,,0.0022569724326938576,,0.013703046912784136,0.004513944865387715,0.0022569724326938576,0.004513944865387715,,,,0.016121231662098983,,,,,0.006770917298081574,0.055295824600999514,0.3206512977591488,0.016121231662098983,0.009189102047396421,,,0.004513944865387715,,,0.011446074480090279,,,,,,,0.0022569724326938576
,,0.1479929066580687,,,,0.06093825568273416,,0.00870546509753345,,,,,0.0238594228599065,0.4154441399322908,,,0.002095760116072868,,,,,,,0.002095760116072868,0.002095760116072868,,0.0,,0.0,,0.004352732548766725,,,0.0238594228599065,,,,,0.004352732548766725,0.002095760116072868,,0.002095760116072868,,0.00870546509753345,,,0.0174109301950669,,0.004352732548766725,0.004352732548766725,,,,0.02176366274383363,,,,,0.002095760116072868,0.026116395292600354,0.18942447202966306,0.01080122521360632,0.006448492664839594,,,0.004352732548766725,,,,,0.002095760116072868,,,,,0.002095760116072868
,,0.18587780106400129,,,,0.05094309205223279,0.0019345477994518782,0.0019345477994518782,0.006126068031597614,,,,0.006126068031597614,0.26100274060938256,,,0.004030307915524746,0.0019345477994518782,0.008060615831049492,,,,,0.006126068031597614,,,0.0,,0.0,,0.008060615831049492,,,0.03869095598903756,0.0019345477994518782,,,,0.0019345477994518782,0.0019345477994518782,,0.004030307915524746,,,,,0.0019345477994518782,0.0019345477994518782,,0.0019345477994518782,,,0.004030307915524746,0.02031275189424472,,0.0019345477994518782,,0.0019345477994518782,0.004030307915524746,0.036756408189585685,0.29421247783330645,0.014186683862647107,0.008060615831049492,,,0.01015637594712236,0.0019345477994518782,,,,,0.0019345477994518782,,,,0.004030307915524746
,,0.21989359987103016,,,,0.04562308560374013,0.0019345477994518782,0.004030307915524746,0.004030307915524746,,,,0.0019345477994518782,0.26600032242463323,,,0.004030307915524746,,0.004030307915524746,,,,,0.006126068031597614,0.0019345477994518782,,0.0,,0.0,,0.01031758826374335,,,0.047718845719813,,,,,0.0019345477994518782,,,0.004030307915524746,,,,0.006126068031597614,,0.0019345477994518782,,0.004030307915524746,,,0.0019345477994518782,0.026922456875705304,,,,,,0.033048524907302916,0.26148637755924553,0.0206351765274867,0.0019345477994518782,,,0.008221828147670482,,0.004030307915524746,,,,,,,,0.006126068031597614
,,0.21699177817185233,,,,0.07222311784620344,0.004191520232145736,0.002095760116072868,0.014831533129131066,,,,0.004191520232145736,0.22730936643559563,,,,,,,,,,0.006287280348218604,,,0.0,,0.0,,0.01047880058036434,,,0.04675157182008705,,,,,0.006287280348218604,,,0.004191520232145736,,0.002095760116072868,,0.006287280348218604,0.01047880058036434,,0.002095760116072868,,,,,0.014831533129131066,,,,,,0.04030307915524746,0.28502337578591,0.006287280348218604,0.008383040464291471,,,0.002095760116072868,,,,,,,,,,0.006287280348218604
,,0.26874093180719005,,,,0.04030307915524746,0.0022569724326938576,0.004675157182008705,0.004675157182008705,,0.007093341931323553,,0.007093341931323553,0.1025310333709496,,,,,,,,,,0.011768499113332258,,,0.0,,0.0,,0.004675157182008705,,,0.04513944865387716,,,,0.007093341931323553,0.004675157182008705,,,0.0022569724326938576,,,,0.004675157182008705,,,0.004675157182008705,,,,,0.023698210543285508,,,,,,0.06416250201515396,0.37578591004352735,0.0095115266806384,0.0022569724326938576,,,0.0022569724326938576,,,,,,,,,,
,,0.19216508141221988,,,,0.07689827502821216,0.0022569724326938576,0.004675157182008705,0.004675157182008705,,0.007093341931323553,,0.016766080928582942,0.04852490730291792,,,0.0022569724326938576,,,,,,,0.007093341931323553,0.0095115266806384,,0.0,,0.0,,0.014347896179268096,,,0.035950346606480735,,,,0.0095115266806384,0.004675157182008705,,0.0095115266806384,0.019184265677897792,,0.014347896179268096,,0.004675157182008705,,,0.004675157182008705,,,,,0.0696437207802676,0.0095115266806384,,,,0.004675157182008705,0.04320490085442528,0.3219409962921167,0.035950346606480735,,,,0.024020635176527486,0.0022569724326938576,,,,,,,,,
,,0.21795905207157826,,,,0.07641463807834918,,,0.006932129614702564,,0.0022569724326938576,,0.006932129614702564,0.13912622924391427,,,,,,,,,,,0.011446074480090279,,0.0,,0.0,,0.009189102047396421,,,0.011446074480090279,,,,0.016121231662098983,0.016121231662098983,0.0022569724326938576,0.0301467032081251,0.0022569724326938576,,,,,,0.006932129614702564,0.011446074480090279,0.02079638884410769,,,,0.02079638884410769,,,,,,0.027728518458810254,0.3061421892632597,0.034660648073512816,0.011446074480090279,,,0.009189102047396421,0.0022569724326938576,,,,,,,,,
,,0.1189746896662905,,,,0.04933096888602289,,,0.015637594712236014,,0.002095760116072868,,0.002095760116072868,0.4684829921005965,,,,,,,,,,0.002095760116072868,0.008866677414154442,,0.0,,0.0,,0.017894567144929874,,,0.02240851201031759,,,,0.006609704981460584,0.004352732548766725,,0.013380622279542157,0.002095760116072868,,0.002095760116072868,,0.002095760116072868,0.006609704981460584,0.006609704981460584,0.0111236498468483,,,,0.002095760116072868,0.017894567144929874,,,,,,0.02240851201031759,0.16395292600354666,0.015637594712236014,0.008866677414154442,,,0.002095760116072868,0.002095760116072868,,,,,,,,,0.002095760116072868
,,0.19264871836208286,,,,0.07093341931323553,0.0024181847493148475,0.004997581815250685,0.007576978881186523,,,,0.035466709656617766,0.10656134128647432,,,,,,,,,,0.012574560696437209,,,0.0,,0.0,,0.017733354828308883,,,0.03288731259068193,,,,,,,,0.0024181847493148475,,0.007576978881186523,,0.00999516363050137,,0.0024181847493148475,0.017733354828308883,,,0.0024181847493148475,,0.025310333709495404,,,,,0.004997581815250685,0.022730936643559567,0.39287441560535225,0.022730936643559567,,,,0.004997581815250685,,,,,,,,,,
,,0.22295663388682896,,,,0.05287763985168467,0.004352732548766725,0.00870546509753345,0.017572142511687892,,0.006609704981460584,,0.01096243753022731,0.22215057230372393,,,,,,,,,,0.004352732548766725,,,0.0,,0.0,,0.01096243753022731,,,0.02869579235853619,,,,,0.002095760116072868,,,,,0.004352732548766725,0.002095760116072868,0.004352732548766725,0.002095760116072868,0.002095760116072868,0.006609704981460584,0.002095760116072868,,0.002095760116072868,,0.006609704981460584,,,,,0.006609704981460584,0.026438819925842336,0.3356440432049009,,,,,0.006609704981460584,,,,,,,,,,
,,0.21167177172335966,,0.0019345477994518782,,0.05594067386748348,0.004030307915524746,0.004030307915524746,0.008221828147670482,,0.006126068031597614,,0.016443656295340964,0.19748508786071262,,,,0.0019345477994518782,,,,,,0.006126068031597614,0.0019345477994518782,,0.0,,0.0,,0.0206351765274867,,,0.035144285023375785,,,,,0.0019345477994518782,,,,,0.008221828147670482,,0.012413348379816218,0.004030307915524746,,,,,,,0.04965339351926487,0.0019345477994518782,,,0.0019345477994518782,0.018539416411413833,0.029018216991778173,0.2780912461712075,0.012413348379816218,0.006126068031597614,,,0.004030307915524746,,,,,,,,,,
,,0.19925842334354343,,,,0.06287280348218603,,0.004191520232145736,0.004191520232145736,,0.006287280348218604,,0.027244881508947282,0.14218926325971304,0.004191520232145736,,,,,,,,,0.008383040464291471,,,0.0,,0.0,,0.006287280348218604,,,0.04191520232145736,,,,,0.002095760116072868,,0.006287280348218604,0.002095760116072868,,0.008383040464291471,,0.004191520232145736,,0.002095760116072868,,,,,,0.025149121392874417,,,,0.002095760116072868,0.012574560696437209,0.025149121392874417,0.3714331774947606,0.014670320812510075,0.004191520232145736,,,0.004191520232145736,,0.002095760116072868,,,0.006287280348218604,,,,,
,,0.16604868611961954,,,,0.07480251491213928,0.004030307915524746,0.008060615831049492,0.0019345477994518782,,0.004030307915524746,,0.016121231662098983,0.09237465742382711,,,,,,,,,,0.004030307915524746,,,0.0,,0.0,0.0019345477994518782,0.02015153957762373,,,0.038368531355795585,0.004030307915524746,,,,,,,0.005964855714976625,,0.005964855714976625,,,,0.0019345477994518782,,,,,,0.05255521521844269,0.005964855714976625,,,,0.012090923746574238,0.04239883927132033,0.4051265516685475,0.016121231662098983,,,,0.005964855714976625,,,,,0.00999516363050137,,,,,
,0.004352732548766725,0.1871674995969692,0.002095760116072868,,,0.05948734483314525,,0.013219409962921168,0.015315170078994035,0.006609704981460584,0.004352732548766725,,0.03740125745606964,0.06561341286474287,0.00870546509753345,,,,,,,,0.004352732548766725,0.002095760116072868,,,0.0,,0.0,,0.017572142511687892,,,0.01982911494438175,0.013219409962921168,0.004352732548766725,,,,,0.00870546509753345,0.002095760116072868,,0.00870546509753345,,,,0.004352732548766725,0.00870546509753345,0.00870546509753345,,,,0.0396582298887635,,,,0.002095760116072868,0.01096243753022731,0.05948734483314525,0.3525713364501048,0.02192487506045462,0.002095760116072868,,,0.002095760116072868,,,,,,,,,,0.002095760116072868
,,0.1334837981621796,,,,0.03159761405771401,,0.006770917298081574,0.013541834596163147,,0.0022569724326938576,,0.004513944865387715,0.42350475576334035,0.0022569724326938576,,,,,,,0.0022569724326938576,,,,,0.0,,0.0,,0.004513944865387715,,,0.03159761405771401,,0.004513944865387715,,,0.0022569724326938576,,0.004513944865387715,0.0022569724326938576,,0.004513944865387715,,,,,0.004513944865387715,,,,,0.02256972432693858,0.0022569724326938576,,,,0.004513944865387715,0.02934064162502015,0.25342576172819603,0.004513944865387715,0.0022569724326938576,,,,,,,,,,,,,0.0022569724326938576
,,0.17846203449943576,,,,0.07270675479606642,0.0022569724326938576,0.014025471546026116,0.00935031436401741,0.006932129614702564,0.006932129614702564,,0.006932129614702564,0.24600999516363042,,,0.0022569724326938576,,0.0022569724326938576,,,,0.004675157182008705,0.004675157182008705,,,0.0,,0.0,,0.016282443978719974,,,0.03981944220538449,,0.004675157182008705,,,0.0022569724326938576,,,0.0022569724326938576,,,,,,0.0022569724326938576,,,0.0022569724326938576,,,0.01160728679671127,,,,,0.00935031436401741,0.037562469772690635,0.2911494438175077,,0.006932129614702564,,0.0022569724326938576,0.006932129614702564,,,,,0.006932129614702564,,,,,
,,0.14863775592455264,,,,0.07544736417862324,,0.00935031436401741,0.006932129614702564,,0.004675157182008705,,0.006932129614702564,0.23069482508463635,,,0.0022569724326938576,,,,,,0.0022569724326938576,0.004675157182008705,,0.0022569724326938576,0.0,,0.0,,0.004675157182008705,,,0.04239883927132033,0.004675157182008705,0.0022569724326938576,,,0.0022569724326938576,,,0.0022569724326938576,,0.004675157182008705,,,,0.004675157182008705,0.004675157182008705,0.004675157182008705,,,,0.01886184104465581,,,,,0.014025471546026116,0.04239883927132033,0.3092052232790585,0.00935031436401741,0.006932129614702564,,0.0022569724326938576,0.006932129614702564,,,,,0.014025471546026116,,,,,0.004675157182008705
,,0.15331291310656134,,,,0.058036433983556346,,0.004513944865387715,0.013864259229405127,,0.009189102047396421,,0.02321457359342254,0.18152506851523464,,,,,,,,,,0.004513944865387715,,,0.0,,0.0,,0.02079638884410769,,,0.04175399000483637,0.004513944865387715,,,0.0022569724326938576,,,,,,0.0022569724326938576,,0.0022569724326938576,,,,,0.0022569724326938576,,,0.06738674834757376,0.0022569724326938576,,,,0.013864259229405127,0.025471546026116395,0.3440270836691923,,0.009189102047396421,,0.004513944865387715,0.0022569724326938576,,,,,0.0022569724326938576,,,,,0.004513944865387715
,,0.23746574238271803,,,,0.02869579235853619,,0.002095760116072868,,,0.004352732548766725,,0.006609704981460584,0.2161857165887474,,,,,,,,,,0.008866677414154442,0.004352732548766725,,0.0,,0.0,,0.015476382395615025,,,0.03981944220538449,0.008866677414154442,,,0.002095760116072868,,,,,,,,0.008866677414154442,0.002095760116072868,,,0.002095760116072868,0.002095760116072868,,,0.017733354828308883,0.002095760116072868,,,,0.004352732548766725,0.03320973722392391,0.33064646138965015,0.006609704981460584,0.004352732548766725,,,0.004352732548766725,,,,,0.006609704981460584,,,,,
,,0.26309850072545543,,0.004352732548766725,,0.050298242785748834,,0.002095760116072868,0.013058197646300177,,0.002095760116072868,,0.002095760116072868,0.12236014831533126,,,,,,,,,,0.00870546509753345,0.004352732548766725,,0.0,,0.0,,0.03724004513944865,,,0.026277607609221345,0.006448492664839594,,,0.01096243753022731,0.004352732548766725,0.004352732548766725,,,,,,,,,0.002095760116072868,0.002095760116072868,,,,0.01966790262776076,0.00870546509753345,,,,0.004352732548766725,0.026277607609221345,0.3377398033209737,0.015315170078994035,0.004352732548766725,,0.002095760116072868,0.006448492664839594,0.004352732548766725,,,,0.004352732548766725,,,,,
,,0.13316137352893762,,0.004513944865387715,,0.04965339351926487,,0.004513944865387715,0.015798807028857005,,0.006770917298081574,,0.004513944865387715,0.3025955182975979,0.004513944865387715,,0.0022569724326938576,0.0022569724326938576,,,,,,0.004513944865387715,0.0022569724326938576,,0.0,,0.0,,0.01128486216346929,,,0.01805577946155086,0.004513944865387715,,,0.0022569724326938576,0.0022569724326938576,0.006770917298081574,0.0022569724326938576,,,0.006770917298081574,0.0022569724326938576,,,,0.004513944865387715,,,,0.006770917298081574,0.033854586490407866,,,0.01805577946155086,,,0.027083669192326295,0.2911494438175077,0.01805577946155086,0.0022569724326938576,,,0.004513944865387715,,,,,,,,,,
,,0.12816379171368691,,,,0.027406093825568273,,0.006770917298081574,0.03192003869095599,,0.004513944865387715,,0.004513944865387715,0.47009511526680636,,,,,,,,,,0.00902788973077543,,,0.0,,0.0,,0.011446074480090279,,,0.011446074480090279,,,,,,,,,,0.006770917298081574,,,,,0.00902788973077543,,,,,0.01821699177817185,,,,,,0.034338223440270835,0.20377236820893116,0.00902788973077543,0.00902788973077543,,,,,,,,0.0022569724326938576,,0.0022569724326938576,,,
,,0.1713686925681122,,,,0.03869095598903756,0.004513944865387715,0.0022569724326938576,0.022730936643559567,,0.004513944865387715,,0.00902788973077543,0.19055295824601015,,,,0.0022569724326938576,0.0022569724326938576,,,,,0.0022569724326938576,0.006770917298081574,,0.0,,0.0,,0.00902788973077543,,,0.029663066258262132,,,,,0.006770917298081574,,,,,,,0.004513944865387715,0.0022569724326938576,,,0.0022569724326938576,,,,0.0570691600838304,0.0022569724326938576,,0.0022569724326938576,,,0.047880058036433984,0.3380622279542157,0.006770917298081574,0.0022569724326938576,,,0.004513944865387715,,0.004513944865387715,,,0.013703046912784136,,0.00902788973077543,,,
,,0.17717233596646784,,0.0024181847493148475,,0.07028857004675157,0.0024181847493148475,0.007254554247944543,0.007254554247944543,0.004836369498629695,0.0024181847493148475,,0.024181847493148476,0.17314202805094303,,,,0.004836369498629695,,,,,,0.014509108495889086,0.00967273899725939,,0.0,,0.0,,0.00967273899725939,,,0.026600032242463323,,,,,0.0024181847493148475,,,,,,,0.007254554247944543,0.00967273899725939,0.0024181847493148475,,0.0024181847493148475,0.0024181847493148475,,0.0024181847493148475,0.05819764630017733,,,,,,0.024181847493148476,0.3156537159438981,0.014509108495889086,0.007254554247944543,,,0.0024181847493148475,0.0024181847493148475,,,,0.0024181847493148475,,0.007254554247944543,,,
,,0.14557472190875384,,,,0.058520070933419314,,0.006448492664839594,0.004191520232145736,,0.002095760116072868,,0.004191520232145736,0.3114621957117524,,,,0.002095760116072868,,,,,,0.006448492664839594,0.002095760116072868,,0.0,,0.0,0.002095760116072868,0.008544252780912462,,,0.03030791552474609,,,,,0.006448492664839594,,,,,0.004191520232145736,,0.002095760116072868,0.008544252780912462,,,,,,0.002095760116072868,0.0238594228599065,,,,,,0.015153957762373046,0.3388682895373207,0.002095760116072868,0.004191520232145736,,,0.002095760116072868,0.002095760116072868,0.002095760116072868,,,,,0.002095760116072868,,,
,,0.1031758826374335,,,,0.014347896179268096,,0.008221828147670482,0.014347896179268096,,0.006126068031597614,,0.008221828147670482,0.570369176205062,,,,,,,,,,0.004030307915524746,0.006126068031597614,,0.0,,0.0,,0.01031758826374335,,,0.018539416411413833,,,,0.006126068031597614,0.004030307915524746,,,,,0.0019345477994518782,,0.004030307915524746,0.006126068031597614,0.008221828147670482,,,,,,0.014347896179268096,0.008221828147670482,,,,0.0019345477994518782,0.016443656295340964,0.1383201676608093,0.012252136063195229,0.0019345477994518782,,,0.01031758826374335,,,,,,,0.0019345477994518782,,,
,,0.21005964855714976,,,,0.06577462518136386,,0.014831533129131066,0.008383040464291471,0.002095760116072868,0.008383040464291471,,0.016927293245203933,0.15250685152345655,,,,,,,,,,0.004191520232145736,0.002095760116072868,,0.0,,0.0,0.002095760116072868,0.01047880058036434,0.002095760116072868,0.002095760116072868,0.031758826374335,,,,0.004191520232145736,0.002095760116072868,,,,,0.016927293245203933,,0.006287280348218604,0.006287280348218604,0.002095760116072868,0.004191520232145736,0.004191520232145736,,,,0.014831533129131066,,,,,0.004191520232145736,0.06367886506529098,0.3142028050943092,0.01047880058036434,0.008383040464291471,,,,,,,,,,0.004191520232145736,,,
,,0.14347896179268096,,,,0.06851523456392068,,0.004191520232145736,0.008544252780912462,,0.002095760116072868,,0.012735773013058197,0.26680638400773826,,,,,,,,,,0.004191520232145736,,,0.0,,0.0,0.002095760116072868,0.023536998226664517,,,0.02128002579397066,,,,0.002095760116072868,0.004191520232145736,,,,,0.012735773013058197,,,0.012735773013058197,,0.002095760116072868,,,,,0.02998549089150411,,,,,0.019184265677897792,0.03852974367241657,0.28486216346928905,0.019184265677897792,0.008544252780912462,,,,,,,,0.004191520232145736,,0.004191520232145736,,,
,,0.18297597936482346,,,,0.03611155892310172,,0.006287280348218604,0.004191520232145736,,0.004191520232145736,,0.002095760116072868,0.4078671610511043,,,,,,,,,,,,,0.0,,0.0,0.002095760116072868,0.012735773013058197,0.002095760116072868,,0.008383040464291471,,,,,,,,,,0.006287280348218604,0.004191520232145736,,,,0.002095760116072868,0.002095760116072868,,,,0.023375785910043526,,,,,0.01047880058036434,0.03611155892310172,0.22327905852007093,0.008383040464291471,0.008383040464291471,,,0.004191520232145736,,,,,,,0.002095760116072868,,,
,,0.23295179751733033,,,,0.031758826374335,0.006287280348218604,0.002095760116072868,0.002095760116072868,,0.002095760116072868,,0.01047880058036434,0.1310656134128646,,,,,0.002095760116072868,,,,,0.004191520232145736,0.002095760116072868,,0.0,,0.0,,0.01047880058036434,,,0.02950185394164114,,,,0.002095760116072868,0.002095760116072868,0.002095760116072868,,0.002095760116072868,,0.004191520232145736,0.004191520232145736,0.004191520232145736,0.002095760116072868,,,0.008383040464291471,,,0.002095760116072868,0.06142189263259713,0.006287280348218604,,,,0.002095760116072868,0.05916492019990327,0.3388682895373207,0.012574560696437209,0.006287280348218604,,,0.004191520232145736,,,,,0.004191520232145736,,0.004191520232145736,,,
,,0.16927293245203934,,,,0.06641947444784782,0.0019345477994518782,0.005964855714976625,0.00999516363050137,,0.004030307915524746,,0.0019345477994518782,0.19135901982911485,,,,0.0019345477994518782,0.0019345477994518782,,,,0.0019345477994518782,0.0019345477994518782,0.0019345477994518782,0.0019345477994518782,0.0,,0.0,,0.016121231662098983,,0.0019345477994518782,0.04433338707077221,,,,0.0019345477994518782,0.0019345477994518782,,,,0.004030307915524746,0.004030307915524746,,0.004030307915524746,0.005964855714976625,,,0.004030307915524746,,,,0.01805577946155086,,,0.0019345477994518782,,,0.028212155408673223,0.37707560857649525,0.00999516363050137,0.004030307915524746,,,0.005964855714976625,,0.0019345477994518782,,,,0.0019345477994518782,,,,
,,0.19748508786071256,,,,0.04513944865387716,0.0019345477994518782,0.006126068031597614,0.014347896179268096,,0.006126068031597614,,0.004030307915524746,0.17120748025149113,,,,,,,,,0.0019345477994518782,0.008221828147670482,,0.0019345477994518782,0.0,,0.0,,0.02047396421086571,,,0.04513944865387716,,0.0019345477994518782,,,0.0019345477994518782,,,,,0.006126068031597614,,0.006126068031597614,0.0019345477994518782,,0.01015637594712236,,,,,0.024665484443011445,0.0019345477994518782,,,,,0.03288731259068193,0.3578913428985975,0.012252136063195229,0.004030307915524746,,,0.01015637594712236,,,,,0.0019345477994518782,,,,,0.0019345477994518782
,,0.22247299693696598,,,,0.0810897952603579,,0.0019345477994518782,0.0019345477994518782,,0.006126068031597614,,0.004030307915524746,0.20876995002418175,,,,,,,,,,0.0019345477994518782,0.012413348379816218,,0.0,,0.0,,0.02079638884410769,,0.0019345477994518782,0.029018216991778173,0.0019345477994518782,0.0019345477994518782,,0.004030307915524746,0.0019345477994518782,,,0.0019345477994518782,,0.006126068031597614,,0.006126068031597614,0.004030307915524746,,,,,,0.0019345477994518782,0.03320973722392391,0.0019345477994518782,0.0019345477994518782,,,,0.031113977107851038,0.2932452039335805,0.004030307915524746,0.0019345477994518782,,,0.004030307915524746,,,,,0.006126068031597614,,,,,
,,0.22601966790262776,,,0.005803643398355635,0.05110430436885378,,0.0038690955989037564,0.011768499113332258,,0.007738191197807513,,0.005803643398355635,0.09592132838948886,,,,,,,,,,0.0038690955989037564,0.0038690955989037564,,0.0,,0.0,,0.013703046912784136,,,0.04513944865387716,,0.007738191197807513,,,0.0038690955989037564,0.0038690955989037564,,,,0.005803643398355635,,0.011768499113332258,0.0038690955989037564,,0.0038690955989037564,,0.0038690955989037564,,,0.06077704336611317,,0.0019345477994518782,,,,0.0333709495405449,0.3320973722392391,0.025471546026116395,0.0019345477994518782,,,0.005803643398355635,0.0019345477994518782,,,,0.00967273899725939,,,,0.0038690955989037564,0.0038690955989037564
,,0.18474931484765436,,,,0.08028373367725294,0.0019345477994518782,0.005964855714976625,0.005964855714976625,,0.014025471546026116,,0.014025471546026116,0.07028857004675149,,,,,,,,,,0.0038690955989037564,0.015960019345477996,,0.0,,0.0,,0.005964855714976625,,,0.01999032726100274,,0.005964855714976625,,0.005964855714976625,0.005964855714976625,0.00999516363050137,,,,0.0038690955989037564,,0.0019345477994518782,,,,0.0038690955989037564,0.0038690955989037564,,,0.08624858939222957,,,,,,0.05207157826857972,0.33129131065613415,0.00999516363050137,0.0038690955989037564,,,0.007899403514428503,,,,,0.022086087377075608,,,,,0.022086087377075608
,,0.10720619055295824,,,,0.05465097533451556,,0.004030307915524746,0.00999516363050137,,0.008060615831049492,,0.0019345477994518782,0.3878768337901016,,,,,,,,,,0.004030307915524746,0.004030307915524746,,0.0,,0.0,,0.008060615831049492,,,0.024181847493148476,,0.00999516363050137,,,0.004030307915524746,0.004030307915524746,,,,0.004030307915524746,,0.008060615831049492,0.014025471546026116,,0.004030307915524746,,,,,0.0586812832500403,,,,,0.004030307915524746,0.01821699177817185,0.19635660164436564,0.026277607609221345,0.00999516363050137,,,0.005964855714976625,,,,,0.01821699177817185,,,,,
,,0.19958084797678544,,0.0019345477994518782,,0.050298242785748834,,0.0019345477994518782,0.005964855714976625,,0.008060615831049492,,0.016121231662098983,0.1936159922618088,,,0.0019345477994518782,0.0019345477994518782,,,,,,0.0019345477994518782,,,0.0,,0.0,0.0019345477994518782,0.014025471546026116,,0.0019345477994518782,0.026116395292600354,0.0019345477994518782,,,,0.0019345477994518782,,0.0019345477994518782,,,0.004030307915524746,,0.008060615831049492,0.016121231662098983,,,0.0019345477994518782,,,0.0019345477994518782,0.032242463324197966,,,,0.0019345477994518782,0.005964855714976625,0.050298242785748834,0.3145252297275512,0.012090923746574238,0.0019345477994518782,,0.0019345477994518782,0.005964855714976625,,0.0019345477994518782,,,0.0019345477994518782,,,,,0.004030307915524746
,,0.19280993067870386,,,,0.08205706916008383,,,0.01015637594712236,,0.0019345477994518782,,0.024504272126390458,0.16927293245203923,,,,,,,,,,0.012252136063195229,0.0019345477994518782,0.0019345477994518782,0.0,,0.0,,0.016282443978719974,,,0.04513944865387716,,,,,0.0019345477994518782,0.0019345477994518782,0.004030307915524746,,,0.0019345477994518782,,0.0019345477994518782,0.012252136063195229,,0.004030307915524746,,0.0019345477994518782,,,0.024504272126390458,,,0.0019345477994518782,,0.006126068031597614,0.03063034015798807,0.3201676608092858,0.008060615831049492,0.006126068031597614,,,0.006126068031597614,,0.0019345477994518782,,,,,,,,0.006126068031597614
,,0.21602450427212638,,,,0.0570691600838304,,0.004191520232145736,0.01047880058036434,,0.002095760116072868,,0.025310333709495404,0.1691117201354183,,,,,,,,,,0.006287280348218604,,,0.0,,0.0,,0.016927293245203933,,,0.033854586490407866,,,,,,,,,,0.006287280348218604,,0.006287280348218604,0.012574560696437209,0.002095760116072868,,,,,,0.035950346606480735,,,0.002095760116072868,,0.008383040464291471,0.016927293245203933,0.3324197968724811,0.01047880058036434,0.01047880058036434,,,0.006287280348218604,0.002095760116072868,0.002095760116072868,,,,,,,,0.004191520232145736
,,0.19958084797678544,,,,0.044978236337256165,,,0.002095760116072868,,0.004191520232145736,,0.008544252780912462,0.20748025149121396,,,,,,,,,,0.008544252780912462,,,0.0,,0.0,,0.012735773013058197,,,0.034338223440270835,0.002095760116072868,,,,0.004191520232145736,0.002095760116072868,,,,0.006287280348218604,,0.017088505561824924,0.004191520232145736,,0.008544252780912462,,,,,0.02788973077543124,,,0.002095760116072868,,0.006287280348218604,0.017088505561824924,0.3607931645977753,0.006287280348218604,0.006287280348218604,,,0.002095760116072868,,,,,,,,,,0.004191520232145736
,,0.17684991133322586,,,,0.04513944865387716,,0.008221828147670482,0.004030307915524746,,0.0019345477994518782,,0.01015637594712236,0.17523778816701596,0.0019345477994518782,,,,,,,,,0.01015637594712236,0.012252136063195229,,0.0,,0.0,,0.014347896179268096,0.008221828147670482,,0.04723520876995002,,,,0.0019345477994518782,,,0.006126068031597614,,,0.004030307915524746,,0.006126068031597614,0.004030307915524746,,0.004030307915524746,0.008221828147670482,,,,0.03901338062227954,0.004030307915524746,,0.0019345477994518782,,0.004030307915524746,0.02256972432693858,0.3517652748669998,0.016443656295340964,0.0019345477994518782,,,0.004030307915524746,,,,,0.004030307915524746,,,,,
,,0.13944865387715621,,,,0.05948734483314525,,0.01015637594712236,0.024504272126390458,,0.004030307915524746,,0.018378204094792842,0.19184265677897794,0.008060615831049492,,0.0019345477994518782,,,,0.0019345477994518782,,,,0.008060615831049492,,0.0,,0.0,,0.004030307915524746,0.006126068031597614,,0.02256972432693858,,0.004030307915524746,,,0.0019345477994518782,,0.0019345477994518782,,,,,0.004030307915524746,0.004030307915524746,,0.004030307915524746,,,,,0.07383524101241334,,,,,0.008060615831049492,0.03272610027406094,0.3262937288408834,0.024504272126390458,0.004030307915524746,,,0.008060615831049492,,,,,,,0.0019345477994518782,,,
,,0.0730291794293084,,,,0.044172174754151215,,0.002095760116072868,0.00870546509753345,,0.00870546509753345,,0.013219409962921168,0.5863291955505401,0.01096243753022731,,,,0.002095760116072868,,,,,0.013219409962921168,,,0.0,,0.0,,,0.004352732548766725,,0.022086087377075608,,,,0.002095760116072868,,0.002095760116072868,,0.002095760116072868,,0.002095760116072868,,,0.004352732548766725,0.002095760116072868,,,,0.004352732548766725,,0.01096243753022731,,,,,,0.004352732548766725,0.1460583588586168,0.006609704981460584,0.004352732548766725,,,0.002095760116072868,0.002095760116072868,0.004352732548766725,,,0.01096243753022731,,,,,
,,0.20409479284217313,,,,0.04981460583588586,,,0.015153957762373046,,,,0.006448492664839594,0.34354344671932946,0.002095760116072868,,,,,,,,,0.008544252780912462,,,0.0,,0.0,,0.008544252780912462,,,0.03256488795743995,0.002095760116072868,,,,,,,,,,,0.002095760116072868,0.01080122521360632,,,,,,,0.02160245042721264,,,,,,0.017249717878445914,0.2476221183298404,0.01080122521360632,0.004191520232145736,,,0.002095760116072868,0.002095760116072868,,0.002095760116072868,,0.006448492664839594,,,,,
,,0.1715299048847332,,,,0.05416733838465259,,,0.012896985329679188,,,,0.006448492664839594,0.33725616637111067,,,,,,,,,,0.004191520232145736,,,0.0,,0.0,,0.008544252780912462,,0.002095760116072868,0.043366113171046265,,,,,,,,,,0.006448492664839594,,0.006448492664839594,0.004191520232145736,,0.008544252780912462,,,,0.002095760116072868,0.008544252780912462,,,,,,0.008544252780912462,0.2911494438175077,0.006448492664839594,0.002095760116072868,,,0.004191520232145736,,,,,0.01080122521360632,,,,,
,0.002095760116072868,0.1462195711752378,0.002095760116072868,,0.004191520232145736,0.058036433983556346,,,0.01064001289698533,,0.002095760116072868,,0.01934547799451878,0.22956633886828948,0.014992745445752055,,,,,,0.004191520232145736,,,0.01064001289698533,,,0.0,,0.0,,0.01064001289698533,,0.002095760116072868,0.03869095598903756,0.002095760116072868,,,,,0.002095760116072868,,,,0.002095760116072868,,0.004191520232145736,0.004191520232145736,,,,,,,0.017088505561824924,,,,,0.006448492664839594,0.023536998226664517,0.35515073351604065,0.01064001289698533,0.002095760116072868,,,0.006448492664839594,,0.002095760116072868,0.004191520232145736,,0.002095760116072868,,,,,
,0.002095760116072868,0.2108657101402547,,,,0.058036433983556346,,0.002095760116072868,0.02788973077543124,,0.002095760116072868,,0.01934547799451878,0.20312751894244707,,,,,,,,0.002095760116072868,,0.006448492664839594,0.002095760116072868,,0.0,,0.0,,0.017088505561824924,,,0.02998549089150411,,0.002095760116072868,,,,0.002095760116072868,,,,0.006448492664839594,,0.006448492664839594,,,0.002095760116072868,,,,,0.01064001289698533,,,,,0.008544252780912462,0.014992745445752055,0.3443495083024343,0.004191520232145736,,,,0.006448492664839594,0.002095760116072868,,0.004191520232145736,,0.002095760116072868,,,,,
,,0.2124778333064646,,,,0.0839916169595357,,,0.008383040464291471,,,0.004191520232145736,0.01047880058036434,0.06255037884894399,,,,,,,,,,0.01047880058036434,0.004191520232145736,,0.0,,0.0,,0.006287280348218604,,,0.03562792197323875,,,,,0.002095760116072868,0.004191520232145736,,,,0.012574560696437209,,0.014670320812510075,0.004191520232145736,,0.004191520232145736,,,,,0.05045945510236982,,,,,,0.04836369498629695,0.3954538126712881,0.012574560696437209,0.002095760116072868,,,0.006287280348218604,,,0.004191520232145736,,,,,,,
,,0.1616959535708528,,,,0.06158310494921812,,0.027567306142189264,0.016927293245203933,,0.002095760116072868,,0.023375785910043526,0.08673222634209254,,,,0.002095760116072868,,,,,,0.002095760116072868,0.012735773013058197,,0.0,,0.0,,0.012735773013058197,,,0.025471546026116395,0.004191520232145736,,,,0.002095760116072868,,,,,,,0.012735773013058197,,,0.008383040464291471,0.004191520232145736,0.002095760116072868,,,0.044655811704014184,,,,,,0.031758826374335,0.3872319845236176,0.01047880058036434,0.004191520232145736,,,0.02111881347734967,,,0.004191520232145736,,0.023375785910043526,,,,,0.004191520232145736
,,0.16298565210382074,,,,0.04175399000483637,,0.004352732548766725,0.013219409962921168,,,,0.0285345800419152,0.41141383201676607,,,,,,,,,,,0.004352732548766725,,0.0,,0.0,,0.015315170078994035,,0.002095760116072868,0.02192487506045462,,,,,0.004352732548766725,,,,,,,0.002095760116072868,0.002095760116072868,,0.015315170078994035,,,,0.002095760116072868,0.015315170078994035,,,,,,0.0285345800419152,0.19377720457842978,0.00870546509753345,0.01096243753022731,,,0.00870546509753345,0.002095760116072868,,,,,,,,,
,,0.14847654360793164,,,,0.08689343865871353,,,0.025471546026116395,,0.006287280348218604,,0.016927293245203933,0.1502498790907626,,,,,,,,,,0.006287280348218604,0.008383040464291471,,0.0,,0.0,0.002095760116072868,0.016927293245203933,,,0.016927293245203933,,,,,0.004191520232145736,0.004191520232145736,,,,0.002095760116072868,0.004191520232145736,0.002095760116072868,0.006287280348218604,0.002095760116072868,0.002095760116072868,,,,,0.012735773013058197,0.016927293245203933,,0.002095760116072868,,,0.046590359503466065,0.35450588424955665,0.0190230533612768,0.004191520232145736,,0.002095760116072868,0.012735773013058197,,,,,0.014831533129131066,,,,,0.002095760116072868
,,0.1558923101724972,,,,0.09479284217314203,0.004191520232145736,0.004191520232145736,0.01047880058036434,,0.002095760116072868,,0.004191520232145736,0.174754151217153,,,,,,,,,,0.006287280348218604,0.008383040464291471,,0.0,,0.0,,0.02095760116072868,,0.002095760116072868,0.03369337417378688,0.006287280348218604,,,,0.004191520232145736,0.002095760116072868,,,,0.008383040464291471,,0.004191520232145736,0.006287280348218604,,0.006287280348218604,,,,0.002095760116072868,0.01047880058036434,0.004191520232145736,,,,,0.02950185394164114,0.3541834596163147,0.014670320812510075,0.006287280348218604,,0.004191520232145736,0.008383040464291471,,,,,0.002095760116072868,,,,,0.004191520232145736
,,0.21699177817185233,,,,0.08318555537643076,,0.002095760116072868,0.01096243753022731,,0.002095760116072868,,0.0174109301950669,0.02805094309205225,,,,,,,,,,0.00870546509753345,,,0.0,,0.0,,0.013058197646300177,,,0.0459455102369821,,,,,0.002095760116072868,0.004352732548766725,0.002095760116072868,,,0.004352732548766725,,0.004352732548766725,0.002095760116072868,,,,,,0.002095760116072868,0.00870546509753345,0.015315170078994035,,,0.002095760116072868,,0.05255521521844269,0.42769627599548604,0.024020635176527486,0.01096243753022731,,,0.004352732548766725,,,,,0.004352732548766725,,,,,
,,0.23424149605029823,,,,0.05142672900209576,,0.00935031436401741,0.006932129614702564,0.006932129614702564,0.0022569724326938576,,0.02095760116072868,0.10430436885378047,,,,,,,,,,0.004675157182008705,,,0.0,,0.0,,0.016282443978719974,,,0.03981944220538449,,,,0.0022569724326938576,,0.014025471546026116,0.0022569724326938576,,,,,0.00935031436401741,,0.006932129614702564,,,,,,0.03030791552474609,,,,,,0.016282443978719974,0.3981944220538449,0.00935031436401741,0.004675157182008705,,,0.006932129614702564,,,,,0.0022569724326938576,,,,,
,,0.09253586974044817,,,,0.03740125745606964,,0.004352732548766725,0.00870546509753345,0.006609704981460584,,,0.017572142511687892,0.5316782202160245,,,,,,,,,,,0.004352732548766725,,0.0,,0.0,,0.006609704981460584,,,0.026438819925842336,,,,,0.002095760116072868,0.004352732548766725,0.006609704981460584,0.004352732548766725,,,,0.006609704981460584,0.017572142511687892,,,,,,,0.017572142511687892,0.006609704981460584,,,,,0.015315170078994035,0.158632919555054,0.002095760116072868,,,,0.004352732548766725,,,,,0.017572142511687892,,,,,
,,0.1505723037240045,,0.002095760116072868,,0.06319522811542802,,0.006448492664839594,0.01080122521360632,0.004352732548766725,,,0.028373367725294214,0.1657262614863776,,,,,,,,,,,0.002095760116072868,,0.0,,0.0,,0.015153957762373046,,,0.04143156537159439,,,,,0.002095760116072868,,,0.004352732548766725,,,,0.004352732548766725,0.0238594228599065,0.004352732548766725,0.002095760116072868,0.013058197646300177,,,,0.04143156537159439,0.004352732548766725,,,,0.00870546509753345,0.028373367725294214,0.3251652426245365,0.01080122521360632,0.002095760116072868,,0.004352732548766725,0.004352732548766725,0.004352732548766725,0.002095760116072868,,,0.01950669031113977,,,,,
,,0.11043043688537804,,,,0.05416733838465259,,0.0019345477994518782,0.006126068031597614,,0.0019345477994518782,,0.016604868611961955,0.5147509269708206,,,,,,,,,,,,,0.0,,0.0,,0.012413348379816218,,,0.01870062872803482,,,,,0.004030307915524746,0.0019345477994518782,,,,,,0.004030307915524746,0.01870062872803482,0.0019345477994518782,0.014509108495889086,,,,,0.01031758826374335,,,,0.0019345477994518782,0.01031758826374335,0.012413348379816218,0.15008866677414154,0.012413348379816218,0.006126068031597614,,,0.004030307915524746,,,,,0.004030307915524746,,0.006126068031597614,,,
,,0.2266645171691117,,0.0019345477994518782,,0.07206190552958246,,,0.01015637594712236,,,,0.01015637594712236,0.24987909076253423,,,,,,,,,0.0019345477994518782,0.006126068031597614,0.006126068031597614,,0.0,,0.0,,0.01015637594712236,,,0.03288731259068193,,,,,0.004030307915524746,,,,,0.008221828147670482,0.0019345477994518782,0.004030307915524746,0.006126068031597614,,0.006126068031597614,,0.0019345477994518782,,0.0019345477994518782,0.018539416411413833,,,,,,0.012252136063195229,0.28244397871997423,0.008221828147670482,,,0.0019345477994518782,0.004030307915524746,,0.0019345477994518782,,,0.008221828147670482,,,,,
,,0.17378687731742706,,,,0.05223279058520071,,,0.012413348379816218,,0.008221828147670482,,0.0019345477994518782,0.270836691923263,,,,,,,,,0.0019345477994518782,0.0019345477994518782,0.0019345477994518782,,0.0,,0.0,,0.014509108495889086,,,0.024987909076253426,,,,,0.004030307915524746,,,,,0.008221828147670482,0.0019345477994518782,0.004030307915524746,0.006126068031597614,0.0019345477994518782,,,,,,0.01031758826374335,,,,0.0019345477994518782,0.0019345477994518782,0.024987909076253426,0.33709495405448975,0.014509108495889086,0.0019345477994518782,,0.0019345477994518782,0.004030307915524746,,,,,0.01031758826374335,,,,,
,,0.19845236176043848,,,,0.08769950024181848,,,0.004030307915524746,,,,0.008221828147670482,0.24117362566500078,,,0.0019345477994518782,,,,,,0.0019345477994518782,0.006126068031597614,,,0.0,,0.0,,0.01031758826374335,,,0.02917942930839916,0.004030307915524746,,,,0.004030307915524746,,,,,0.004030307915524746,,0.004030307915524746,0.01870062872803482,0.0019345477994518782,0.0019345477994518782,0.004030307915524746,,0.0019345477994518782,,0.024987909076253426,0.0019345477994518782,,,0.004030307915524746,0.0019345477994518782,0.02917942930839916,0.2777688215379655,0.004030307915524746,0.0019345477994518782,,0.004030307915524746,0.004030307915524746,,,,,0.012413348379816218,,,,,
,,0.16911172013541834,,,,0.0715782685797195,0.0038690955989037564,0.0038690955989037564,0.01192971142995325,,0.0019345477994518782,,0.017894567144929874,0.2037723682089312,,,,0.0019345477994518782,,,,,0.0019345477994518782,,,,0.0,,0.0,,0.01192971142995325,0.0038690955989037564,,0.03369337417378688,0.0038690955989037564,,,,0.0019345477994518782,,,,,0.0038690955989037564,,0.0019345477994518782,0.031758826374335,0.0019345477994518782,0.0019345477994518782,,,,,0.027728518458810254,,,,0.0038690955989037564,0.0019345477994518782,0.04175399000483637,0.32049008544252783,0.007899403514428503,0.0019345477994518782,,,0.005964855714976625,,0.0019345477994518782,,,0.0019345477994518782,,,,,
