Adair County,Alfalfa County,Atoka County,Beaver County,Beckham County,Blaine County,Bryan County,Caddo County,Canadian County,Carter County,Cherokee County,Choctaw County,Cimarron County,Cleveland County,Coal County,Comanche County,Cotton County,Craig County,Creek County,Custer County,Delaware County,Dewey County,Ellis County,Garfield County,Garvin County,Grady County,Grant County,Greer County,Harmon County,Harper County,Haskell County,Hughes County,Jackson County,Jefferson County,Johnston County,Kay County,Kingfisher County,Kiowa County,Latimer County,Le Flore County,Lincoln County,Logan County,Love County,Major County,Marshall County,Mayes County,McClain County,McCurtain County,McIntosh County,Murray County,Muskogee County,Noble County,Nowata County,Okfuskee County,Oklahoma County,Okmulgee County,Osage County,Ottawa County,Pawnee County,Payne County,Pittsburg County,Pontotoc County,Pottawatomie County,Pushmataha County,Roger Mills County,Rogers County,Seminole County,Sequoyah County,Stephens County,Texas County,Tillman County,Tulsa County,Wagoner County,Washington County,Washita County,Woods County,Woodward County
0.007919758055742913,,0.0002610909249146015,0.0002610909249146015,,,0.0007832727747438045,0.0007832727747438045,0.0007832727747438045,,0.010291333957050543,,,0.0028937577511368336,,0.0007832727747438045,,0.026957637997432605,0.001566545549487609,,0.7774852592415309,,,0.0023715759013076304,,,,0.0002610909249146015,,,,,,,,,,,,0.001566545549487609,0.001566545549487609,0.000522181849829203,,,,0.03409412327843171,,0.000522181849829203,0.0002610909249146015,,0.0007832727747438045,,0.0013054546245730076,0.0002610909249146015,0.007658667130828311,0.000522181849829203,0.0007832727747438045,0.03912012358303779,,0.0013054546245730076,0.001044363699658406,0.0002610909249146015,,,,0.014795152411827418,,0.0018493940514784273,,0.0002610909249146015,,0.04836709384042993,0.004743151802615261,0.005004242727529863,,,
0.008311394443114815,,,,,,,,,0.0002610909249146015,0.016644546463305845,0.0002610909249146015,,,,0.0005439394269054198,,0.03857618415613237,0.0008267879288962381,,0.6950457996997453,,,0.0011096364308870565,,,,0.0002610909249146015,,,,,,,,0.0008267879288962381,0.0005439394269054198,,,0.0005439394269054198,0.0008267879288962381,0.0011096364308870565,,,,0.053284306259654926,0.0005439394269054198,0.0011096364308870565,0.0002610909249146015,,0.003046060790670351,,0.0011096364308870565,,0.016644546463305845,0.0013707273558016579,0.0005439394269054198,0.06520745849742172,0.0002610909249146015,0.0027632122886795327,0.0005439394269054198,,,,,0.01886381932507996,,0.0005439394269054198,0.0002610909249146015,,,0.06022497334696808,0.003872848719566589,0.0035900002175757706,,,0.0002610909249146015
0.011444485542090033,,,,0.0002610909249146015,,,,0.0008050303518200213,,0.014708122103522552,,,0.0010878788538108395,,0.0005439394269054198,,0.046887578599247186,0.001892909205630861,,0.6919127086007703,,,0.0016318182807162594,,,,,,,0.0005439394269054198,,,,,0.002436848632536281,0.0005439394269054198,,,,0.0013489697787254411,,0.0002610909249146015,,,0.05535127608189552,0.0002610909249146015,0.0005439394269054198,0.0002610909249146015,,0.002436848632536281,0.0002610909249146015,0.0010878788538108395,,0.014164182676617131,0.0002610909249146015,0.0005439394269054198,0.06707861012597637,0.0008050303518200213,0.005178303344139597,0.0008050303518200213,,,,,0.01662278888622963,0.0005439394269054198,0.0005439394269054198,,,,0.04797545745305803,0.005983333695959618,0.0029807880594417005,,,
0.011292182502556515,,0.0008267879288962381,,,,0.0002610909249146015,0.0005439394269054198,0.0016535758577924762,,0.014055394791236048,0.0005439394269054198,,0.003568242640499554,,0.0002610909249146015,,0.022888971084180067,0.0008267879288962381,0.0008267879288962381,0.7148234372620266,,,0.0010878788538108395,,,,,,,0.0002610909249146015,,,,0.0005439394269054198,0.0016535758577924762,0.0005439394269054198,,,,0.0019146667827070777,,,,,0.04358042688366223,0.0005439394269054198,0.0002610909249146015,0.0002610909249146015,,0.0024803637866887144,0.0013707273558016579,,,0.01681860707991558,0.0002610909249146015,0.0002610909249146015,0.06042079154065403,0.0002610909249146015,0.006614303431169905,0.0008267879288962381,,,,,0.0171014555819064,,0.002197515284697896,0.0002610909249146015,0.0002610909249146015,,0.056004003394182024,0.00467787907138661,0.007158242858075325,,,
0.005809273079349884,,,,,,0.0002610909249146015,,0.0002610909249146015,,0.010791758229803529,,,0.0024803637866887144,,0.0002610909249146015,,0.022976001392484933,0.0010878788538108395,0.0002610909249146015,0.8072713822588716,,,,,,,,,,0.0016535758577924762,,,,,0.0016535758577924762,0.0005439394269054198,,,,0.002197515284697896,,,,,0.03683557799003503,0.0005439394269054198,0.0005439394269054198,0.0002610909249146015,,0.0010878788538108395,,0.0002610909249146015,,0.008855333870020235,0.0002610909249146015,0.0005439394269054198,0.04708339679293314,,0.0024803637866887144,0.0005439394269054198,0.0002610909249146015,,,,0.01329387959356846,,,,,,0.025760971258240683,0.003046060790670351,0.0008267879288962381,,,
0.004786666956767695,,,,0.0002610909249146015,0.0002610909249146015,,0.0005439394269054198,,,0.022606122582189248,,,0.0011096364308870565,,0.0011096364308870565,0.0005439394269054198,0.04495115423946389,0.0008267879288962381,0.0002610909249146015,0.7145188311829594,,,0.0002610909249146015,0.0005439394269054198,0.0008267879288962381,,,,,,,0.0002610909249146015,,,0.0016753334348686931,0.0005439394269054198,,,,,,,,,0.04919388176932617,0.0008267879288962381,0.0011096364308870565,0.0002610909249146015,,0.004786666956767695,,0.0005439394269054198,,0.006766606470703422,0.0002610909249146015,0.0013924849328778748,0.07493309545049064,0.0005439394269054198,0.00393812145079524,,0.0005439394269054198,,,,0.014403516024455517,,,0.0005439394269054198,,,0.037879941689693435,0.0030895759448227845,0.0030895759448227845,,,
0.00630969735210287,,0.0002828485019908183,,,,0.0017188485890211266,,,,0.01579600095733339,0.0002828485019908183,,0.0017188485890211266,,0.0014360000870303083,0.0005656970039816366,0.04686582102217097,0.0014360000870303083,,0.6828397989599878,,,,,0.0002828485019908183,,,,,,,,,,0.002284545593002763,0.0002828485019908183,,,,0.0005656970039816366,,,,,0.053480124453340876,0.0008485455059724549,0.0008485455059724549,,,0.0028720001740606166,,0.0008485455059724549,,0.011205152194251649,0.0002828485019908183,0.01207545527730032,0.07332303474685059,0.0002828485019908183,0.0025673940949935813,0.0005656970039816366,,,,0.0002828485019908183,0.019255455712451863,,0.0002828485019908183,0.0005656970039816366,,,0.05173951828724353,0.0025673940949935813,0.0034376971780422532,,,
0.007985030786971563,,,,,,0.0002828485019908183,,,,0.019407758751985377,,,,,0.0016970910119449099,0.0002828485019908183,0.04708339679293314,0.0014142425099540916,,0.7027914971388787,,,0.0002828485019908183,,0.0008485455059724549,,,,,,,0.0002828485019908183,,,0.0022627880159265465,,,,,0.0008485455059724549,,,,,0.06307521594395248,0.0008485455059724549,0.0008485455059724549,,,0.0028502425969843996,,0.0005656970039816366,0.0002828485019908183,0.007985030786971563,0.0011313940079632732,0.0008485455059724549,0.06992885272296077,0.0008485455059724549,0.0025673940949935813,0.0002828485019908183,,,,0.0002828485019908183,0.014272970561998216,,0.0005656970039816366,0.0008485455059724549,,,0.04138291159896434,0.0011313940079632732,0.003981636604947673,,,
0.007375818628837493,,0.0005656970039816366,,,,0.0002828485019908183,,0.0005656970039816366,,0.016187637344705293,,,0.004808424533843911,,0.0016970910119449099,0.0005656970039816366,0.04712691194708557,0.0016970910119449099,0.0002828485019908183,0.6795761623985553,,,0.0005656970039816366,,0.0002828485019908183,,0.0002828485019908183,,,,,,0.0002828485019908183,,0.0031113335218990014,,,,,0.0002828485019908183,,,,,0.07297491351363113,0.0008485455059724549,0.0011313940079632732,,,0.003959879027871456,0.0002828485019908183,0.0005656970039816366,0.0002828485019908183,0.009638606644764038,0.0008485455059724549,0.0008485455059724549,0.07808794412654207,,0.0033941820238898197,0.0002828485019908183,,0.0005656970039816366,,0.0002828485019908183,0.017319031352668567,,,,,,0.038902547812275624,0.0014142425099540916,0.002828485019908183,,,
0.00630969735210287,,0.0005439394269054198,,0.0002610909249146015,,,0.0002610909249146015,0.0005439394269054198,0.0002610909249146015,0.013990122060007397,0.0002610909249146015,,0.00630969735210287,,0.0010878788538108395,0.0002610909249146015,0.04201388133417463,0.0016318182807162594,,0.6969604664824525,,,,,0.0002610909249146015,,,,,,,,,,0.0016318182807162594,,,,0.0005439394269054198,0.0016318182807162594,,,,,0.05876721568286156,0.0010878788538108395,0.0008050303518200213,0.0002610909249146015,,0.004112182067404974,0.0008050303518200213,0.0002610909249146015,,0.008768303561715367,0.0016318182807162594,0.0005439394269054198,0.0667304888927569,0.0002610909249146015,0.007397576205913709,0.0010878788538108395,,0.0005439394269054198,,,0.014816909988903636,,,0.0002610909249146015,,,0.05026000304606079,0.0030025456365179175,0.0038293335654141555,,,
0.003655272948804421,,,,0.0002610909249146015,,0.0013924849328778748,,0.0008267879288962381,,0.005896303387654751,0.0002610909249146015,,0.004199212375709841,,0.0008267879288962381,,0.01742781923804965,0.0013924849328778748,,0.8246992014969213,,,0.0005439394269054198,0.0002610909249146015,0.0008267879288962381,,,,,,,,,,0.0016753334348686931,,,0.0002610909249146015,0.0002610909249146015,0.0005439394269054198,0.0005439394269054198,,,,0.036291638563129607,0.0002610909249146015,0.0008267879288962381,,,0.0013924849328778748,0.0005439394269054198,,,0.008703030830486716,0.0008267879288962381,,0.037401274994016666,0.0008267879288962381,0.007027697395618024,,,0.0002610909249146015,,,0.008420182328495899,,0.0002610909249146015,,,,0.030090729096407823,0.0011096364308870565,,,,
0.006244424620874219,,,,0.0005656970039816366,,0.0016970910119449099,,,,0.01988642544766215,,,0.0022627880159265465,,0.0014142425099540916,,0.020169273949652965,0.002545636517917365,,0.7950001087878854,0.0002828485019908183,,0.0002828485019908183,,0.0002828485019908183,,,,,,,,,,0.0008485455059724549,,,0.0002828485019908183,0.0008485455059724549,0.0008485455059724549,,,,,0.028981092665520767,0.0005656970039816366,0.0008485455059724549,,,0.004525576031853093,,,0.0002828485019908183,0.008790061138791584,0.0002828485019908183,0.0008485455059724549,0.05086921520419486,0.0005656970039816366,0.005678727616892583,0.0002828485019908183,0.0002828485019908183,0.003677030525880638,,,0.009660364221840256,,,0.0002828485019908183,,,0.027566850155566675,0.0014142425099540916,0.0011313940079632732,,,
0.011618546158699767,,,,0.0002828485019908183,,,,0.0005656970039816366,,0.02149648615130219,,,0.00115315158503949,,0.0020234546680881617,,0.04823654837797263,0.00115315158503949,,0.694197254193773,,,,,,,,,,,,0.0002828485019908183,,,,0.0002828485019908183,,,0.0002828485019908183,0.0002828485019908183,,0.0005656970039816366,,,0.04593024520789365,0.0008703030830486717,0.0008703030830486717,,,0.0034812123321946867,0.0002828485019908183,0.0002828485019908183,0.0002828485019908183,0.011031091577641913,0.0002828485019908183,0.0002828485019908183,0.0799373381780205,0.0002828485019908183,0.003764060834185505,0.00115315158503949,0.0008703030830486717,0.0002828485019908183,,,0.015687213071952307,,,,,,0.04708339679293314,0.0017406061660973434,0.003176606253127652,,,
0.010095515763364591,,0.0005874545810578534,,0.0002828485019908183,,0.0005874545810578534,,0.0002828485019908183,,0.0172320010443637,,,0.0008703030830486717,,0.0011749091621157067,0.0005874545810578534,0.042797154108918434,0.0011749091621157067,,0.6945888905811448,,,0.0002828485019908183,,,,,,,,,,,,0.0005874545810578534,,,,,0.0002828485019908183,,,,,0.07904527751789561,0.0008703030830486717,0.0005874545810578534,0.0005874545810578534,,0.00176236374317356,0.0002828485019908183,0.0011749091621157067,,0.009508061182306739,0.0002828485019908183,0.0005874545810578534,0.07636909553752094,0.0002828485019908183,0.0026544244032984487,0.0002828485019908183,,0.0002828485019908183,,,0.011879637083614369,,0.0005874545810578534,,0.0005874545810578534,,0.03298448684754466,0.0008703030830486717,0.007114727703922891,,,
0.00929048541154457,,,,,,0.0009138182372011053,,0.0003046060790670351,,0.021061334609777854,,,0.0009138182372011053,,0.0033941820238898197,0.0003046060790670351,0.0498901242357651,0.0006092121581340702,,0.6582319792867866,,,0.0003046060790670351,0.0003046060790670351,,,,,,,,,,,0.0018493940514784273,,,,,0.0015447879724113922,,,0.0003046060790670351,,0.05485085180914254,0.0006092121581340702,0.0012184243162681404,0.0003046060790670351,,0.0036987881029568546,0.0003046060790670351,0.0003046060790670351,,0.013011031091577642,0.0003046060790670351,0.0012184243162681404,0.09140358129718675,0.0009138182372011053,0.0036987881029568546,0.0003046060790670351,,,,,0.01579600095733339,,0.0009138182372011053,,0.0003046060790670351,,0.05204412436631057,0.0018493940514784273,0.0074193337829899265,,0.0003046060790670351,
0.012227758316833837,,,,,,,,0.0005874545810578534,,0.019407758751985377,,,0.0011749091621157067,,0.001784121320249777,0.0005874545810578534,0.04508169970192119,0.0014795152411827418,,0.6698722830225625,,,,,0.0014795152411827418,,,,,,,0.0002828485019908183,,0.0005874545810578534,0.001784121320249777,,,0.0002828485019908183,,,,,,,0.054045821457322514,0.0002828485019908183,0.0005874545810578534,0.0002828485019908183,,0.0044603033006244425,0.0008920606601248885,0.0002828485019908183,,0.007745697439133178,0.0011749091621157067,0.0011749091621157067,0.08030721698831618,0.0002828485019908183,0.004177454798633624,0.0011749091621157067,,,,,0.019407758751985377,0.0002828485019908183,0.0002828485019908183,0.0002828485019908183,0.0002828485019908183,,0.06031200365527295,0.002088727399316812,0.003568242640499554,,,
0.01098757642348948,,0.0008485455059724549,,0.0008485455059724549,,0.0002828485019908183,,0.0005656970039816366,,0.02402036509214334,,,0.0020234546680881617,,0.003176606253127652,,0.04777963925937208,0.0014360000870303083,,0.6205260982137029,,,0.0017188485890211266,,0.0005656970039816366,0.0002828485019908183,,,,,,0.0002828485019908183,,0.0002828485019908183,0.0020234546680881617,0.0008485455059724549,,,,0.0008485455059724549,0.0002828485019908183,,0.0005656970039816366,,0.06398903418115359,0.0014360000870303083,0.0008485455059724549,0.0005656970039816366,,0.0025891516720697983,0.0005656970039816366,0.00115315158503949,,0.012445334087596006,0.0005656970039816366,0.00115315158503949,0.08483279302016927,0.0002828485019908183,0.007810970170361828,0.0008485455059724549,,,,,0.021996910424055178,,0.0008485455059724549,,,,0.0665999434302996,0.0028937577511368336,0.008376667174343466,,,
0.007267030743456409,,0.0005874545810578534,,0.0002828485019908183,,,0.0005874545810578534,0.002415091055460064,,0.019103152672918344,,,0.003024303213594134,,0.0011966667391919237,,0.03457278997410848,0.002415091055460064,0.0002828485019908183,0.623855007506364,,,0.0011966667391919237,,0.0002828485019908183,,,,,,,,,,0.0005874545810578534,0.0015012728182589587,,,0.0018058788973259938,0.004242727529862275,0.0015012728182589587,,0.0002828485019908183,,0.06429364026022062,0.0002828485019908183,0.0005874545810578534,0.0002828485019908183,,0.002719697134527099,0.0008920606601248885,0.0018058788973259938,,0.018798546593851308,0.0008920606601248885,0.0002828485019908183,0.07097321642261918,0.002110484976393029,0.01364200082678793,0.0002828485019908183,,0.0002828485019908183,,,0.022432061965579512,,0.0018058788973259938,,,,0.07277909531994517,0.012728182589586823,0.005134788189987163,,,
0.007963273209895346,,0.0002828485019908183,,,,,0.0002828485019908183,0.0008703030830486717,,0.012097212854376536,,0.0002828485019908183,0.0038293335654141555,,0.0008703030830486717,,0.028328365353234262,0.0023498183242314135,,0.7497661060464307,,,0.0002828485019908183,,0.0005874545810578534,,,,,,,,,,0.0005874545810578534,0.0005874545810578534,,,0.004112182067404974,0.0008703030830486717,0.0008703030830486717,,,,0.03659624464219664,0.0002828485019908183,0.0011749091621157067,,0.0011749091621157067,0.00176236374317356,,0.00176236374317356,,0.014751637257674985,0.0002828485019908183,0.0002828485019908183,0.0487152150736494,0.0008703030830486717,0.01031309153412676,0.0002828485019908183,0.0011749091621157067,0.0008703030830486717,,,0.014164182676617131,0.0002828485019908183,0.0008703030830486717,0.0002828485019908183,,,0.03779291138138857,0.005896303387654751,0.005591697308587716,,,
0.008463697482648332,,,,0.0002828485019908183,,,,0.0002828485019908183,,0.019647092099823765,,,0.0015012728182589587,,0.0015012728182589587,0.0002828485019908183,0.03507321424686147,0.0002828485019908183,,0.6849285263593046,,,0.0002828485019908183,0.0002828485019908183,0.0002828485019908183,,,,,,,,,0.0011966667391919237,0.0002828485019908183,,,,0.0002828485019908183,,,,,0.0002828485019908183,0.04899806357564022,0.0002828485019908183,0.0018058788973259938,,0.0011966667391919237,0.002719697134527099,,,,0.011183394617175432,0.0002828485019908183,0.0011966667391919237,0.05685254890015448,,0.005744000348121233,,,0.0005874545810578534,,,0.04022976001392485,,,,,,0.0659472161180131,0.002110484976393029,0.005439394269054198,,,0.0002828485019908183
0.005461151846130415,,,,0.0005874545810578534,,,,0.0005874545810578534,0.0002828485019908183,0.016426970692543678,,,0.0011966667391919237,,0.0015012728182589587,0.0002828485019908183,0.04836709384042993,0.0015012728182589587,0.0002828485019908183,0.6973303452927482,,,0.0002828485019908183,0.0005874545810578534,,,,,,,,,,,0.0005874545810578534,,,,0.0002828485019908183,0.0002828485019908183,,,0.0002828485019908183,,0.05931115510976698,0.0005874545810578534,0.0008920606601248885,,,0.002719697134527099,,0.0002828485019908183,,0.012467091664672221,0.0008920606601248885,0.0015012728182589587,0.0839624899371206,0.0002828485019908183,0.00576575792519745,0.0011966667391919237,0.0002828485019908183,,,,0.011857879506538152,0.0002828485019908183,0.0005874545810578534,0.0002828485019908183,,,0.035290790017623634,0.0002828485019908183,0.00515654576706338,,,
0.004025151759100107,,0.0005656970039816366,,0.0002828485019908183,,,,,0.0002828485019908183,0.011248667348404082,,,0.0014360000870303083,,0.0008485455059724549,0.0002828485019908183,0.04303648745675682,0.0008485455059724549,0.0002828485019908183,0.7340136202432497,,,,,0.0005656970039816366,,,,,,,0.00115315158503949,,,,,,,0.0005656970039816366,0.00115315158503949,,,,,0.04503818454776876,0.0008485455059724549,0.0005656970039816366,0.0002828485019908183,,0.00461260634015796,,0.0005656970039816366,,0.008942364178325102,0.0005656970039816366,0.0008485455059724549,0.07451970148604252,0.0005656970039816366,0.005482909423206631,0.0002828485019908183,,,,,0.010965818846413263,,0.0002828485019908183,0.0002828485019908183,,,0.037836426535541,0.00115315158503949,0.00576575792519745,,,
0.00929048541154457,,,,0.0002828485019908183,,0.0002828485019908183,,0.0005656970039816366,,0.015991819151019344,,,0.0008703030830486717,,0.00115315158503949,,0.03548660821130959,0.0008703030830486717,0.0005656970039816366,0.717586649550706,,,,0.0005656970039816366,0.0002828485019908183,,,,,,,0.0002828485019908183,,,0.0005656970039816366,0.0002828485019908183,,,0.0002828485019908183,0.00115315158503949,0.0002828485019908183,,,,0.05380648810948413,0.0005656970039816366,0.00115315158503949,,,0.0034812123321946867,,0.0020234546680881617,,0.004938969996301212,0.0008703030830486717,0.00115315158503949,0.08143861099627946,0.0005656970039816366,0.006679576162398555,0.0008703030830486717,,,,,0.012206000739757621,,0.0008703030830486717,,,,0.03751006287939775,0.0008703030830486717,0.00406866691325254,,0.0002828485019908183,
0.008942364178325102,,,,,,0.0002828485019908183,,0.00115315158503949,,0.022214486194817345,,,0.0017188485890211266,,0.0017188485890211266,,0.04329757838167142,0.0005656970039816366,0.0005656970039816366,0.6637584038641456,,,0.0008485455059724549,0.0005656970039816366,0.0008485455059724549,0.0002828485019908183,,,,,,,,,0.0005656970039816366,0.0005656970039816366,,,,0.00115315158503949,0.0005656970039816366,,,,0.0672526707425861,0.0008485455059724549,0.0005656970039816366,0.0005656970039816366,,0.0028720001740606166,,0.0008485455059724549,,0.006636061008246122,0.0002828485019908183,0.0020016970910119447,0.08457170209525468,0.0008485455059724549,0.005482909423206631,0.0002828485019908183,,,,,0.01701442527360153,,0.00115315158503949,0.0002828485019908183,,,0.05426339722808468,0.00115315158503949,0.00345945475511847,,,
0.004699636648462827,,,,0.0009355758142773221,,0.0006092121581340702,0.0006092121581340702,0.001566545549487609,,0.017862970779573988,,,0.0012401818933443572,,0.0003046060790670351,,0.030090729096407823,0.0006092121581340702,0.0003046060790670351,0.6486151302190988,,,0.0012401818933443572,,0.0003046060790670351,0.0003046060790670351,,0.0003046060790670351,,,,,,,,0.0006092121581340702,,,0.0006092121581340702,0.0003046060790670351,,,,,0.052348730445377606,0.0003046060790670351,0.0006092121581340702,0.0009355758142773221,,0.004699636648462827,0.0009355758142773221,0.0006092121581340702,,0.010639455190270012,0.0018711516285546442,0.003133091098975218,0.083701399012206,0.001566545549487609,0.006266182197950436,0.0003046060790670351,,,,,0.024129152977524423,0.0003046060790670351,0.0043732729923195756,,0.0003046060790670351,,0.07806618654946586,0.005004242727529863,0.008768303561715367,,,
0.004242727529862275,,,0.0005874545810578534,0.0002828485019908183,,,,0.0011966667391919237,,0.010944061269337047,,,0.0045473336089293095,,,,0.022801940775875197,0.0011966667391919237,,0.7743304105654794,,,0.002110484976393029,0.0002828485019908183,,0.0002828485019908183,,0.0002828485019908183,,,,,,,0.0002828485019908183,0.0002828485019908183,,,0.0008920606601248885,0.0005874545810578534,0.0002828485019908183,,,,0.04227497225908923,0.0002828485019908183,0.0011966667391919237,0.0008920606601248885,,0.0008920606601248885,0.0005874545810578534,,,0.012771697743739258,0.0011966667391919237,0.0002828485019908183,0.05141315463110028,0.0011966667391919237,0.006984182241465591,,0.0002828485019908183,,,,0.010944061269337047,,0.0002828485019908183,0.0002828485019908183,0.0002828485019908183,,0.0377058810730837,0.003024303213594134,0.0018058788973259938,,,
0.008790061138791584,,,0.0005874545810578534,0.0008920606601248885,,0.0002828485019908183,,0.0005874545810578534,,0.016383455538391246,,,0.002110484976393029,,0.0008920606601248885,0.0002828485019908183,0.04312351776506168,0.0015012728182589587,,0.6718957376906507,,,0.0005874545810578534,,0.0002828485019908183,,,,,,,,,,,,,,0.0011966667391919237,0.0008920606601248885,,,,,0.055873457931724727,0.0008920606601248885,0.0008920606601248885,,,0.005461151846130415,,0.0002828485019908183,,0.01546963730119014,0.0005874545810578534,0.0005874545810578534,0.0962772785622593,0.0005874545810578534,0.0045473336089293095,,,,,,0.012445334087596006,,0.0002828485019908183,,0.0002828485019908183,,0.046147820978655815,0.002415091055460064,0.006679576162398555,,,
0.007854485324514262,,0.0002828485019908183,,,,0.0002828485019908183,0.0002828485019908183,0.0002828485019908183,,0.015708970649028525,,,0.002110484976393029,,0.0002828485019908183,0.0005874545810578534,0.044102608733491436,0.0015012728182589587,,0.7044015578425187,,,0.0005874545810578534,,,,,,,0.0002828485019908183,,,,,0.0002828485019908183,,,,0.0002828485019908183,0.0008920606601248885,0.0002828485019908183,,,,0.05315376079719762,0.0002828485019908183,0.0005874545810578534,,,0.004220969952786058,,0.0011966667391919237,,0.01085703096103218,0.0005874545810578534,0.0015012728182589587,0.07582515611061552,0.0005874545810578534,0.004525576031853093,0.0005874545810578534,,,,,0.009660364221840256,,,,,,0.039555275124562125,0.013272122016492244,0.0033071517155849523,,,
0.006244424620874219,,0.0003046060790670351,,0.0003046060790670351,,0.0003046060790670351,,0.0003046060790670351,,0.014360000870303083,0.0003046060790670351,,0.0024803637866887144,,0.0006092121581340702,,0.04186157829464111,0.0009355758142773221,,0.7154108918430844,,,0.0009355758142773221,,,,,,,,,0.0003046060790670351,,,0.0006092121581340702,,,,0.0003046060790670351,0.0006092121581340702,0.0003046060790670351,,,,0.055612367006810125,0.0003046060790670351,0.0006092121581340702,0.0003046060790670351,,0.0034159396009660363,,0.0009355758142773221,,0.013119818976958726,0.0003046060790670351,0.0015447879724113922,0.07153891342660082,0.0006092121581340702,0.004046909336176323,0.0003046060790670351,,0.0003046060790670351,,,0.011248667348404082,,0.0006092121581340702,0.0003046060790670351,,,0.03905485085180914,0.0024803637866887144,0.00685363677900829,,,
0.007201758012227759,,0.0003046060790670351,0.0003046060790670351,,,0.001566545549487609,0.0003046060790670351,0.0012401818933443572,,0.01694915254237288,0.0003046060790670351,,0.0018711516285546442,,0.0006092121581340702,,0.04299297230260438,0.001566545549487609,,0.6861904658297252,,,0.0009355758142773221,,0.0009355758142773221,,,,,,,0.0003046060790670351,,,0.0003046060790670351,0.0003046060790670351,,,0.0003046060790670351,0.0003046060790670351,0.0003046060790670351,,,,0.05365418506995061,0.0012401818933443572,0.0009355758142773221,,,0.003764060834185505,,,,0.012227758316833837,0.0012401818933443572,0.0003046060790670351,0.07060333761232349,0.0012401818933443572,0.005330606383673114,0.0006092121581340702,,,,,0.013163334131111159,0.0009355758142773221,0.0003046060790670351,,,,0.05774460956027937,0.006897151933160723,0.004699636648462827,,,
0.009138182372011052,,0.0006092121581340702,0.0003046060790670351,,,0.0006092121581340702,0.0006092121581340702,0.0012401818933443572,,0.03687909314418746,,0.0003046060790670351,0.002197515284697896,,,,0.042231457104936795,0.003764060834185505,0.0006092121581340702,0.6335153717282043,,,0.0012401818933443572,,,,,,,,,,,,0.0003046060790670351,0.0003046060790670351,,0.0003046060790670351,0.0003046060790670351,0.001566545549487609,,,0.0003046060790670351,,0.0595940036117578,0.0012401818933443572,0.0012401818933443572,0.0003046060790670351,,0.004090424490328757,,,,0.011966667391919235,0.0006092121581340702,0.0025021213637649313,0.0873349143839342,0.0006092121581340702,0.007245273166380192,0.0003046060790670351,,,,,0.01953830421444268,0.0003046060790670351,0.001566545549487609,0.0003046060790670351,,,0.05800570048519397,0.002828485019908183,0.003764060834185505,,,0.0003046060790670351
0.00630969735210287,,,,0.00021757577076216792,,0.00021757577076216792,,0.00115315158503949,,0.021540001305454623,,,0.0035029699092709037,,,0.00021757577076216792,0.027392789538956942,0.002328060747155197,0.0009355758142773221,0.6955027088183461,,0.00021757577076216792,,,,,,,,,0.00021757577076216792,,,,0.002328060747155197,0.0009355758142773221,,,0.0006962424664389374,0.0009355758142773221,,,,,0.049411457540088334,0.00021757577076216792,,0.0006962424664389374,,0.008659515676334283,0.00021757577076216792,0.00021757577076216792,,0.011466243119166249,0.00045690911860055264,0.0016318182807162594,0.06485933726420226,0.00021757577076216792,0.005374121537825548,0.00021757577076216792,0.00045690911860055264,0.00045690911860055264,,,0.015904788842714474,,0.0013924849328778748,,,,0.06603424642631797,0.0037423032571092885,0.0035029699092709037,0.00021757577076216792,,
0.00794151563281913,,,,,,0.00047866669567676943,0.00023933334783838472,0.00047866669567676943,,0.008898849024172668,,,0.0026326668262222318,,0.0007180000435151542,,0.022410304388503298,0.0019146667827070777,0.00047866669567676943,0.7883205326254868,,,,,,,,,,,,,,,0.0014360000870303083,0.00047866669567676943,,0.00023933334783838472,0.0007180000435151542,0.00047866669567676943,0.00023933334783838472,0.00023933334783838472,,,0.0431452753421379,0.00047866669567676943,,0.00047866669567676943,,0.003133091098975218,,0.00023933334783838472,,0.0067448488936272056,0.00023933334783838472,0.0007180000435151542,0.0431452753421379,0.00023933334783838472,0.003133091098975218,0.0007180000435151542,,0.0016753334348686931,,,0.009399273296925654,,0.0011966667391919237,,,,0.04386327538565305,0.0019146667827070777,0.0011966667391919237,,,
0.007854485324514262,,0.00043515154152433584,,,,0.00021757577076216792,,0.0008920606601248885,,0.023171819586170882,,,0.0026979395574508822,,0.0008920606601248885,0.00021757577076216792,0.03868497204151346,0.001566545549487609,0.00021757577076216792,0.693392223841953,,,,,0.00021757577076216792,,,,,,0.00021757577076216792,0.00021757577076216792,,,,0.0006744848893627206,,,,0.0011096364308870565,0.0006744848893627206,,,0.00021757577076216792,0.05173951828724353,0.0011096364308870565,0.00021757577076216792,0.00021757577076216792,,0.0026979395574508822,,,0.00021757577076216792,0.010791758229803529,,0.0006744848893627206,0.07401927721328953,0.00021757577076216792,0.0022410304388503295,0.0006744848893627206,,0.001566545549487609,,,0.014621091795217684,,0.0006744848893627206,0.00021757577076216792,,,0.05894127629947129,0.003133091098975218,0.0024586062096124974,,,
0.007375818628837493,,,,,,0.00023933334783838472,,0.001457757664106525,0.00023933334783838472,0.019451273906137812,,,0.0017188485890211266,,0.0007180000435151542,0.00047866669567676943,0.041600487369726505,0.00047866669567676943,,0.7248536802941624,,0.00023933334783838472,0.0007180000435151542,,0.0007180000435151542,0.00023933334783838472,,,,,,0.00047866669567676943,,,,0.00023933334783838472,,,0.00023933334783838472,0.00047866669567676943,,,,0.00047866669567676943,0.05071691216466134,0.00047866669567676943,,0.00023933334783838472,,0.0026979395574508822,,0.00023933334783838472,,0.009094667217858619,,0.001457757664106525,0.06057309458018755,,0.00393812145079524,0.00023933334783838472,,,,,0.018211092012793455,,0.0007180000435151542,,,,0.03790169926676965,0.008115576249428864,0.002937272905289267,,,
0.005852788233502318,,0.00023933334783838472,,,,0.00023933334783838472,,0.0005004242727529862,,0.009181697526163487,,,0.0015230303953351755,,0.0005004242727529862,0.00023933334783838472,0.021931637692826526,0.0007615151976675877,0.00023933334783838472,0.8648854463566937,,,,,,,,,,,,,,,,0.0005004242727529862,,,0.0007615151976675877,,0.0005004242727529862,0.00023933334783838472,,,0.024977698483496878,0.0005004242727529862,,,,0.001261939470420574,,,,0.009181697526163487,,0.0005004242727529862,0.028807032048911035,,0.0027849698657557496,0.00023933334783838472,0.00023933334783838472,,,,0.0053523639607493305,,0.00023933334783838472,,,,0.014773394834751203,0.0007615151976675877,0.002284545593002763,,,
0.007310545897608842,,,,0.0002610909249146015,,0.0002610909249146015,0.000522181849829203,0.002436848632536281,0.0002610909249146015,0.017057940427753965,,,0.002436848632536281,,0.0008050303518200213,0.0002610909249146015,0.03276691107678249,0.0010661212767346228,0.000522181849829203,0.7517025304062139,,,0.0002610909249146015,0.0002610909249146015,0.0002610909249146015,,,,,,,0.0002610909249146015,,,0.0002610909249146015,0.000522181849829203,,0.0002610909249146015,,0.0010661212767346228,0.0002610909249146015,,,,0.04388503296272927,0.0002610909249146015,,,,0.0026979395574508822,,0.0008050303518200213,,0.017057940427753965,,0.0008050303518200213,0.05010770000652727,,0.004873697265072562,0.000522181849829203,,,,,0.009464546028154304,,0.0002610909249146015,,0.0002610909249146015,,0.04036030547638215,0.0010661212767346228,0.006222667043798003,0.0002610909249146015,,
0.008594242945105633,,0.0009790909684297556,0.00023933334783838472,0.00023933334783838472,,0.00023933334783838472,,0.002197515284697896,0.00023933334783838472,0.013750788712169013,,,0.001457757664106525,,0.00023933334783838472,0.00047866669567676943,0.0397728508953243,0.0034376971780422532,0.0007180000435151542,0.6614303431169906,,,0.0009790909684297556,,,,,,,,,0.0007180000435151542,0.00023933334783838472,,0.0007180000435151542,0.00047866669567676943,,,,0.0009790909684297556,0.00047866669567676943,,,,0.05550357912142904,0.00047866669567676943,0.00023933334783838472,0.0007180000435151542,,0.004895454842148778,,0.0007180000435151542,,0.021605274036683275,0.00047866669567676943,0.0009790909684297556,0.07343182263223168,0.0019581819368595112,0.0034376971780422532,0.0012184243162681404,0.00023933334783838472,,0.00023933334783838472,,0.020865516416091905,0.00023933334783838472,0.00023933334783838472,,,,0.06409782206653467,0.003677030525880638,0.006135636735493136,,,
0.007005939818541807,,0.0006962424664389374,,,,0.0006962424664389374,0.00021757577076216792,0.0016318182807162594,,0.01755836470050695,,,0.0025673940949935813,,0.00021757577076216792,0.0006962424664389374,0.023171819586170882,0.002088727399316812,0.0016318182807162594,0.6830791323078262,,0.00021757577076216792,0.00021757577076216792,,0.00021757577076216792,,,,,,,0.00045690911860055264,,,0.00045690911860055264,0.0006962424664389374,,,0.00045690911860055264,0.002328060747155197,0.00045690911860055264,,,,0.044733578468701726,0.00021757577076216792,0.00021757577076216792,0.00021757577076216792,,0.006549030699941254,,0.00021757577076216792,,0.018493940514784275,0.00045690911860055264,0.0009355758142773221,0.0655773373077174,0.002088727399316812,0.002806727442831966,,,0.0016318182807162594,,,0.02597854702900285,,0.0006962424664389374,,,,0.07049454972694241,0.007245273166380192,0.00467787907138661,,,
0.003981636604947673,,0.00045690911860055264,,0.00021757577076216792,,0.00021757577076216792,,0.00021757577076216792,,0.010574182459041362,,,0.0023498183242314135,,0.00021757577076216792,0.0006962424664389374,0.02210569830943626,0.0006962424664389374,0.00021757577076216792,0.7931724723134832,,,0.00045690911860055264,,0.00021757577076216792,,,,,,,0.00045690911860055264,,,,0.00045690911860055264,,,0.00021757577076216792,0.0009355758142773221,,,0.00021757577076216792,,0.03176606253127652,,,0.00045690911860055264,,0.003046060790670351,,0.00045690911860055264,,0.008703030830486716,0.00045690911860055264,,0.05176127586431975,,0.002806727442831966,0.00021757577076216792,,0.00021757577076216792,,,0.019277213289528077,0.00021757577076216792,0.0018711516285546442,,,,0.02680533495789909,0.011749091621157068,0.002110484976393029,,,
0.006244424620874219,,,,,,0.0011966667391919237,,0.0011966667391919237,,0.01758012227758317,,,0.0019146667827070777,,0.00023933334783838472,0.00047866669567676943,0.04240551772154653,0.0007180000435151542,0.00047866669567676943,0.7096233763408106,,,0.0009573333913535389,,0.00023933334783838472,,,,,,,0.00047866669567676943,,,,0.00023933334783838472,,,0.0009573333913535389,0.00047866669567676943,,,,,0.05445921542177063,0.0009573333913535389,0.00023933334783838472,0.0007180000435151542,,0.006005091273035835,,0.0009573333913535389,0.00023933334783838472,0.011074606731794348,0.00023933334783838472,0.004808424533843911,0.06457648876221143,0.00047866669567676943,0.0033724244468136028,,,0.00023933334783838472,,,0.019995213333043233,,0.00023933334783838472,0.0007180000435151542,,,0.03829333565414156,0.0019146667827070777,0.004808424533843911,0.00023933334783838472,,
0.005787515502273667,,0.0005439394269054198,,0.0005439394269054198,,0.0010878788538108395,,0.0016535758577924762,,0.018211092012793455,,,0.0019146667827070777,,0.0005439394269054198,0.0005439394269054198,0.03698788102956855,0.0027414547116033157,0.0005439394269054198,0.7147799221078741,,,0.0010878788538108395,,,,,,,,,0.0008267879288962381,,,0.0008267879288962381,0.0005439394269054198,,,0.0002610909249146015,0.0005439394269054198,,,,,0.05108679097495703,,,0.0002610909249146015,,0.00413393964448119,,0.0005439394269054198,,0.010487152150736494,,0.0005439394269054198,0.07428036813820413,,0.00413393964448119,0.0010878788538108395,,,,,0.014621091795217684,,0.0008267879288962381,,,,0.03920715389134266,0.003024303213594134,0.005787515502273667,,,
0.007963273209895346,,,,0.0002610909249146015,,,,0.0007832727747438045,,0.017819455625421553,,,0.0023933334783838474,,0.0002610909249146015,0.000522181849829203,0.040947760057440004,0.001044363699658406,,0.7238745893257327,,,0.0013272122016492244,,0.0002610909249146015,,,,0.000522181849829203,,,0.0013272122016492244,,,,0.0002610909249146015,,,,0.000522181849829203,0.0018493940514784273,,,,0.05291442744935924,,,,,0.0045038184547768765,,,,0.012488849241748439,,0.0013272122016492244,0.06649115554491852,,0.00291551532821305,,,0.0002610909249146015,,,0.014621091795217684,,0.0002610909249146015,,,,0.035377820325928504,0.00291551532821305,0.0037205456800330715,,,0.0002610909249146015
0.0058310306564261,,,,0.00023933334783838472,,,,0.00176236374317356,,0.021540001305454623,,,0.0027849698657557496,,0.00023933334783838472,0.00023933334783838472,0.037031396183720984,0.0015012728182589587,0.00023933334783838472,0.69530689062466,,,0.0007397576205913709,,0.00023933334783838472,,,,0.00023933334783838472,,,0.0007397576205913709,,,0.001261939470420574,0.00023933334783838472,,,,0.001261939470420574,0.00023933334783838472,,0.00023933334783838472,,0.05021648789190836,,,,,0.0068318792019320725,0.00023933334783838472,0.00023933334783838472,,0.01799351624203129,0.0005004242727529862,0.006592545854093688,0.07380170144252736,,0.004308000261090925,0.0005004242727529862,,0.0010008485455059724,,,0.012423576510519788,,0.00023933334783838472,0.00023933334783838472,,,0.0469093361763234,0.00176236374317356,0.004046909336176323,,,0.00023933334783838472
0.009508061182306739,,,,0.00023933334783838472,,0.00023933334783838472,,0.00047866669567676943,,0.018537455668936706,,,0.002197515284697896,,0.00023933334783838472,,0.04077369944083027,0.0012184243162681404,,0.6533800395987902,,,0.0009573333913535389,0.00047866669567676943,0.00023933334783838472,0.00023933334783838472,0.00023933334783838472,,,,,0.0007180000435151542,,,0.0009573333913535389,0.00047866669567676943,,,0.00023933334783838472,0.0012184243162681404,0.00023933334783838472,0.00023933334783838472,,,0.057135397402145294,0.00023933334783838472,0.00023933334783838472,,,0.002436848632536281,0.00023933334783838472,0.0007180000435151542,0.00023933334783838472,0.031243880681447313,,0.0016970910119449099,0.07471551967972846,0.00047866669567676943,0.005613454885663932,0.0009573333913535389,,0.0026761819803746653,0.00023933334783838472,,0.020996061878549205,0.00023933334783838472,0.00047866669567676943,,,,0.06029024607819673,0.0009573333913535389,0.005113030612910946,,,
0.006396727660407737,,,,,,,,0.0012184243162681404,,0.014773394834751203,0.00023933334783838472,,0.002197515284697896,,,0.00047866669567676943,0.02584800156654555,0.0026979395574508822,0.00023933334783838472,0.6716781619198886,,,0.0012184243162681404,,,,0.00023933334783838472,,,0.00023933334783838472,0.00023933334783838472,0.00047866669567676943,,,0.00047866669567676943,0.00023933334783838472,,,0.0017188485890211266,0.0019581819368595112,0.00023933334783838472,0.00023933334783838472,0.00023933334783838472,,0.038902547812275624,,0.00047866669567676943,,,0.0024586062096124974,,0.0007180000435151542,,0.027806183503405062,0.0007180000435151542,0.00787624290159048,0.060812427928025936,0.00047866669567676943,0.006135636735493136,0.00023933334783838472,,0.003677030525880638,0.00023933334783838472,,0.02066969822240595,,0.0009790909684297556,,,,0.08296164139161463,0.00467787907138661,0.006396727660407737,,,0.00047866669567676943
0.006244424620874219,,0.0005004242727529862,,0.00023933334783838472,,,,0.0005004242727529862,,0.01201018254607167,0.0005004242727529862,,0.0027414547116033157,,0.00023933334783838472,0.0007397576205913709,0.02680533495789909,0.0010008485455059724,,0.7798350775657623,,,0.0017406061660973434,,,,0.00023933334783838472,,,,,0.0005004242727529862,,,0.00023933334783838472,0.00023933334783838472,,,0.0020016970910119447,0.0017406061660973434,0.0005004242727529862,,0.00023933334783838472,,0.03507321424686147,0.0005004242727529862,0.0005004242727529862,0.00023933334783838472,,0.0017406061660973434,,0.0007397576205913709,0.0005004242727529862,0.011270424925480298,0.0007397576205913709,0.0025021213637649313,0.04534279062683579,0.00023933334783838472,0.008768303561715367,0.0005004242727529862,,0.00023933334783838472,0.00023933334783838472,,0.012510606818824656,0.00023933334783838472,0.0010008485455059724,,,,0.03180957768542895,0.0020016970910119447,0.0045038184547768765,,,
0.007158242858075325,,0.0013272122016492244,,0.0002610909249146015,,,,0.0007832727747438045,0.0002610909249146015,0.019647092099823765,,,0.0018493940514784273,,0.0007832727747438045,0.001044363699658406,0.02761036530971911,0.0013272122016492244,,0.6929570723004286,,,0.0007832727747438045,,0.0002610909249146015,,,,,,,0.000522181849829203,0.0002610909249146015,,0.001044363699658406,0.000522181849829203,,,0.001044363699658406,0.0013272122016492244,0.000522181849829203,,,,0.051804791018472185,0.000522181849829203,,0.000522181849829203,,0.0013272122016492244,,0.0007832727747438045,,0.013272122016492244,0.000522181849829203,0.002110484976393029,0.06773133743826287,,0.003981636604947673,,,0.0002610909249146015,,,0.03452927481995605,,0.000522181849829203,0.000522181849829203,,,0.051804791018472185,0.0034376971780422532,0.005047757881682296,,,
0.005461151846130415,,0.0008485455059724549,,0.0002828485019908183,,0.0008485455059724549,,0.0008485455059724549,,0.02014751637257675,,,0.0014360000870303083,,0.0002828485019908183,0.0005656970039816366,0.049215639346402384,0.0014360000870303083,0.0002828485019908183,0.6866256173712495,,,0.0017188485890211266,,,,,,,,,0.0014360000870303083,,,0.0008485455059724549,,,,0.0002828485019908183,0.0011313940079632732,0.0002828485019908183,0.0005656970039816366,,,0.05006418485237484,0.0005656970039816366,,,,0.004308000261090925,,0.0014360000870303083,,0.011205152194251649,0.0008485455059724549,0.0005656970039816366,0.07626030765213986,,0.005178303344139597,0.0011313940079632732,0.0005656970039816366,,,,0.024738365135658493,0.0005656970039816366,0.0005656970039816366,,,,0.04114357825112595,0.0011313940079632732,0.005178303344139597,,,
0.004569091186005526,,0.00023933334783838472,,,,0.0005004242727529862,,0.0027849698657557496,,0.018602728400165358,,,0.0020234546680881617,,0.0005004242727529862,0.0005004242727529862,0.0395117599704097,0.0010008485455059724,,0.7267683470768695,,,0.0005004242727529862,,,,,,,,,0.0007615151976675877,,,0.0005004242727529862,,,,0.0007615151976675877,0.0010008485455059724,0.00023933334783838472,,0.00023933334783838472,,0.05559060942973391,,,,,0.004329757838167142,,0.0007615151976675877,,0.00915993994908727,0.00023933334783838472,0.0010008485455059724,0.06757903439872935,,0.003046060790670351,,0.0005004242727529862,0.00023933334783838472,,,0.014272970561998216,0.0005004242727529862,0.00023933334783838472,,,,0.036204608254824744,0.0007615151976675877,0.004329757838167142,,,0.00023933334783838472
0.004938969996301212,0.00023933334783838472,,,0.00023933334783838472,,0.0007397576205913709,,0.0009790909684297556,0.00023933334783838472,0.018820304170927525,,,0.0029590304823654836,,0.00047866669567676943,0.0007397576205913709,0.04088248732621135,0.0029590304823654836,0.00023933334783838472,0.7191314375231175,,,0.00047866669567676943,,,,,,,,,,,,0.00023933334783838472,0.00023933334783838472,,,0.00023933334783838472,0.0007397576205913709,0.00023933334783838472,,,,0.06342333717717195,0.0007397576205913709,,0.00047866669567676943,,0.005200060921215813,,0.0009790909684297556,,0.0076804247079045275,,0.0007397576205913709,0.06714388285720502,0.00023933334783838472,0.006179151889645569,0.0007397576205913709,0.0007397576205913709,0.00023933334783838472,0.00047866669567676943,,0.00989969756967864,0.00023933334783838472,0.00023933334783838472,,,,0.02922042601335915,0.004699636648462827,0.004699636648462827,,,0.00023933334783838472
0.006331454929179086,,0.00023933334783838472,,,,0.0007397576205913709,,0.001261939470420574,0.0005004242727529862,0.027653880463871544,,,0.003024303213594134,,0.0005004242727529862,0.0010008485455059724,0.04593024520789365,0.007354061051761276,0.0020234546680881617,0.6436761602227976,,,0.0027849698657557496,0.00023933334783838472,0.00023933334783838472,,,,,,,0.00023933334783838472,,,0.0020234546680881617,0.0005004242727529862,,,0.006592545854093688,0.0010008485455059724,,0.00023933334783838472,,,0.05861491264332804,0.0010008485455059724,,0.00023933334783838472,,0.0053088488065968975,0.0005004242727529862,0.0007397576205913709,,0.010400121842431626,0.0007397576205913709,0.0005004242727529862,0.06953721633558888,0.0007397576205913709,0.008877091447096452,0.00023933334783838472,0.0010008485455059724,0.00023933334783838472,,,0.01953830421444268,,0.003024303213594134,0.00023933334783838472,,,0.054306912382237116,0.003285394138508736,0.0058310306564261,,0.0010008485455059724,
0.004286242684014708,,0.0007397576205913709,,,,0.0005004242727529862,,0.0010008485455059724,0.00023933334783838472,0.011379212810861383,,,0.003024303213594134,,0.00023933334783838472,,0.029111638127978068,0.008354909597267248,0.003024303213594134,0.684167011161637,,,0.00176236374317356,,,,0.00023933334783838472,,,,,0.00023933334783838472,,,0.0022627880159265465,0.0010008485455059724,,0.0005004242727529862,0.0068318792019320725,0.0005004242727529862,,,,0.00023933334783838472,0.042797154108918434,0.0007397576205913709,,,0.00023933334783838472,0.0068318792019320725,0.001261939470420574,,0.00023933334783838472,0.007832727747438045,0.00023933334783838472,0.00176236374317356,0.06583842823263202,0.0007397576205913709,0.012902243206196557,,,0.0007397576205913709,,,0.019995213333043233,0.00023933334783838472,0.0020234546680881617,,,,0.06938491329605535,0.004286242684014708,0.001261939470420574,,0.0010008485455059724,
0.004938969996301212,,0.0009790909684297556,0.00023933334783838472,,,,,0.0007397576205913709,0.0017188485890211266,0.00989969756967864,0.00023933334783838472,,0.003959879027871456,,0.00023933334783838472,,0.029720850286112138,0.00023933334783838472,,0.7769413198146254,,,0.0009790909684297556,,0.0007397576205913709,,,,,,,,,,0.001979939513935728,0.0007397576205913709,,,0.0017188485890211266,0.0007397576205913709,,,,0.00023933334783838472,0.03270163834555384,0.00047866669567676943,,0.00023933334783838472,,0.0024586062096124974,0.0012184243162681404,0.00047866669567676943,,0.006440242814560171,,0.0012184243162681404,0.05128260916864298,0.00047866669567676943,0.0074193337829899265,0.0017188485890211266,0.00023933334783838472,0.00023933334783838472,,,0.00989969756967864,0.00047866669567676943,0.0014795152411827418,,,0.00023933334783838472,0.03542133548008094,0.0036987881029568546,0.003959879027871456,,0.0009790909684297556,0.00023933334783838472
0.006092121581340702,,0.0009573333913535389,,,,0.0007180000435151542,,0.0007180000435151542,0.0012184243162681404,0.022214486194817345,0.00023933334783838472,,0.00291551532821305,,0.0007180000435151542,0.0009573333913535389,0.03957703270163834,0.001457757664106525,,0.7168251343530385,,0.0009573333913535389,0.0019364243597832945,0.00023933334783838472,,,,,,0.00023933334783838472,,,,0.00023933334783838472,,0.00047866669567676943,,,,0.0009573333913535389,0.00047866669567676943,0.00047866669567676943,,0.0007180000435151542,0.047627336219838556,0.0007180000435151542,,,,0.005374121537825548,0.00047866669567676943,,,0.010748243075651096,0.00023933334783838472,0.00047866669567676943,0.06618654946585148,0.00023933334783838472,0.003894606296642806,0.00047866669567676943,0.00047866669567676943,,,,0.012445334087596006,,0.00047866669567676943,0.00047866669567676943,,,0.04201388133417463,0.001457757664106525,0.00413393964448119,0.00023933334783838472,,0.00047866669567676943
0.005809273079349884,,0.0009138182372011053,,0.00021757577076216792,0.00021757577076216792,0.00115315158503949,0.00045690911860055264,0.0009138182372011053,0.0009138182372011053,0.015600182763647441,,,0.003263636561432519,,0.00115315158503949,0.0013924849328778748,0.02726224407649964,0.00021757577076216792,0.00021757577076216792,0.7546398033115033,,0.0006962424664389374,0.0006962424664389374,,0.00021757577076216792,,,,,,,0.00045690911860055264,,0.00045690911860055264,0.00045690911860055264,0.00021757577076216792,,,0.00021757577076216792,0.0009138182372011053,,,,0.00045690911860055264,0.0463871543264942,,0.00021757577076216792,0.0009138182372011053,,0.0027849698657557496,,0.00021757577076216792,0.00021757577076216792,0.01653575857792476,0.00021757577076216792,0.0006962424664389374,0.04660473009725637,0.00045690911860055264,0.004177454798633624,0.0009138182372011053,0.00045690911860055264,,,,0.016775091925763146,,0.0016318182807162594,0.00045690911860055264,,,0.03355018385152629,0.00115315158503949,0.006287939775026653,,,0.00021757577076216792
0.0061138791584169185,,0.00021757577076216792,,0.00021757577076216792,0.00021757577076216792,0.00045690911860055264,0.00021757577076216792,0.0011749091621157067,0.0006962424664389374,0.020452122451643785,0.00021757577076216792,,0.0023498183242314135,,0.0009355758142773221,0.0009355758142773221,0.0395117599704097,0.0016318182807162594,0.00021757577076216792,0.7103413763843258,0.00021757577076216792,0.00045690911860055264,0.0013924849328778748,0.00021757577076216792,,,,,,,0.00021757577076216792,0.0006962424664389374,,0.00045690911860055264,0.0006962424664389374,0.00021757577076216792,,,,0.0006962424664389374,,,,,0.05267509410152085,0.00021757577076216792,,0.00021757577076216792,,0.005874545810578534,0.00021757577076216792,,0.00021757577076216792,0.012227758316833837,0.0009355758142773221,0.0013924849328778748,0.0701029133395705,0.00021757577076216792,0.002806727442831966,0.00045690911860055264,0.00045690911860055264,0.00021757577076216792,,,0.016231152498857728,0.00021757577076216792,0.00021757577076216792,,,,0.03550836578838581,0.0016318182807162594,0.0061138791584169185,,0.00021757577076216792,0.00045690911860055264
0.005896303387654751,,0.00023933334783838472,,,0.00023933334783838472,,,0.002436848632536281,0.00047866669567676943,0.017188485890211266,,,0.002436848632536281,,0.00047866669567676943,0.0007180000435151542,0.042753638954766,0.002436848632536281,0.00023933334783838472,0.6696547072518004,,,0.0019581819368595112,,0.00023933334783838472,,,,,,,0.00023933334783838472,,0.00023933334783838472,0.0012184243162681404,0.00023933334783838472,,,0.00047866669567676943,0.0012184243162681404,,,,,0.057004851939687996,,,0.00023933334783838472,,0.007615151976675877,0.00023933334783838472,0.0017188485890211266,,0.017928243510802636,0.002436848632536281,0.002436848632536281,0.07495485302756685,0.0007180000435151542,0.004656121494310394,0.00047866669567676943,0.0009790909684297556,0.00047866669567676943,,,0.014251212984921999,0.00047866669567676943,0.002937272905289267,0.00023933334783838472,,,0.04841060899458236,0.002197515284697896,0.007854485324514262,0.00047866669567676943,0.00023933334783838472,
0.007767455016209395,,0.0007615151976675877,,,,0.0007615151976675877,0.00023933334783838472,0.002066969822240595,0.002066969822240595,0.024607819673201192,0.00023933334783838472,,0.0010226061225821893,,0.0012836970474967907,0.0007615151976675877,0.037292487108635586,0.010878788538108397,0.00023933334783838472,0.6192206435891299,0.00023933334783838472,,0.002328060747155197,,0.0005004242727529862,0.00023933334783838472,,,,,,0.0005004242727529862,,,0.0007615151976675877,0.0005004242727529862,0.00023933334783838472,0.00023933334783838472,0.0007615151976675877,0.0007615151976675877,,,,0.00023933334783838472,0.0652944888057266,0.00023933334783838472,,0.00023933334783838472,,0.004656121494310394,,0.0012836970474967907,0.002066969822240595,0.022801940775875197,0.00023933334783838472,0.0012836970474967907,0.08030721698831618,0.00023933334783838472,0.00413393964448119,0.0018058788973259938,0.0012836970474967907,0.0007615151976675877,0.00023933334783838472,,0.022018668001131395,,,0.00023933334783838472,,,0.06425012510606819,0.0025891516720697983,0.0075063640912947935,,,
0.00576575792519745,,0.0002610909249146015,,0.001044363699658406,,,,0.0023498183242314135,0.0002610909249146015,0.02645721372467962,0.0002610909249146015,,0.004699636648462827,,0.000522181849829203,0.001044363699658406,0.025935031874850415,0.015186788799199321,0.0013054546245730076,0.6364308870564175,0.0002610909249146015,,0.0039163638737190224,,,0.0002610909249146015,,,,,,,,,0.000522181849829203,0.0007832727747438045,,0.0002610909249146015,0.0002610909249146015,0.002088727399316812,0.000522181849829203,,0.0002610909249146015,,0.05084745762711865,0.001044363699658406,,0.0002610909249146015,,0.006810121624855856,0.000522181849829203,0.0007832727747438045,,0.031178607950218665,0.000522181849829203,0.001044363699658406,0.06368442810208655,,0.0060268488501120515,0.0013054546245730076,0.0002610909249146015,0.0002610909249146015,,,0.025151759100106613,0.003133091098975218,0.0002610909249146015,,,0.0002610909249146015,0.06525097365157416,0.004177454798633624,0.006549030699941254,,,
0.0044603033006244425,,0.0006962424664389374,,0.0013924849328778748,,0.00021757577076216792,0.00021757577076216792,0.00045690911860055264,0.00045690911860055264,0.012488849241748439,0.00021757577076216792,,0.005635212462740149,,0.00021757577076216792,0.00045690911860055264,0.027088183459889906,0.0009355758142773221,0.00021757577076216792,0.7804442897238963,,,0.0016318182807162594,,0.0006962424664389374,,,,,,,,,,0.0006962424664389374,0.0006962424664389374,,,0.0009355758142773221,0.0011749091621157067,,,,0.00021757577076216792,0.03698788102956855,0.00045690911860055264,,0.00045690911860055264,,0.002110484976393029,0.00045690911860055264,0.0009355758142773221,,0.00752812166837101,0.00045690911860055264,0.00021757577076216792,0.05513370031113335,0.00021757577076216792,0.0013924849328778748,0.00045690911860055264,,,,,0.012488849241748439,0.0009355758142773221,,,,,0.032745153499706275,0.0018711516285546442,0.003285394138508736,,,0.00021757577076216792
0.007071212549770458,,0.00045690911860055264,,0.0009355758142773221,0.00045690911860055264,0.0009355758142773221,,0.00045690911860055264,0.00021757577076216792,0.015556667609495006,0.0009355758142773221,,0.0011749091621157067,,0.00045690911860055264,0.00021757577076216792,0.04434194208132982,0.0011749091621157067,,0.7002023454668088,0.00021757577076216792,,0.00045690911860055264,0.00021757577076216792,0.00021757577076216792,,,,,,,,,,,,,,0.00045690911860055264,0.00021757577076216792,0.00021757577076216792,,,,0.05448097299884685,0.0006962424664389374,,0.00021757577076216792,,0.007071212549770458,0.00021757577076216792,0.00021757577076216792,,0.004938969996301212,,0.0009355758142773221,0.07593394399599661,,0.0023498183242314135,0.00045690911860055264,,,,,0.017449576815125867,,0.0014142425099540916,,0.0009355758142773221,,0.04904157872979265,0.0018711516285546442,0.005178303344139597,,,
0.007354061051761276,,0.0009355758142773221,,0.0011749091621157067,0.00045690911860055264,0.00021757577076216792,0.00021757577076216792,0.0009355758142773221,0.00021757577076216792,0.01877678901677509,0.0006962424664389374,,0.0023715759013076304,,0.00021757577076216792,0.00021757577076216792,0.039250669045495096,0.0016535758577924762,,0.7078610125976371,0.00045690911860055264,,,,0.00021757577076216792,,,,,,0.00045690911860055264,0.00021757577076216792,,,0.00045690911860055264,0.00021757577076216792,,0.00021757577076216792,,0.0006962424664389374,0.00021757577076216792,,,,0.05448097299884685,0.0009355758142773221,0.00021757577076216792,0.00021757577076216792,,0.003785818411261722,,0.0006962424664389374,0.0009355758142773221,0.016644546463305845,0.00045690911860055264,0.0006962424664389374,0.06755727682165313,0.00021757577076216792,0.0011749091621157067,0.00045690911860055264,,0.0009355758142773221,,,0.017362546506821,,0.0014142425099540916,0.00045690911860055264,,,0.03901133569765671,0.0028502425969843996,0.003785818411261722,,,
0.006962424664389373,,0.00023933334783838472,,,0.0005004242727529862,,,0.0010226061225821893,0.0010226061225821893,0.012118970431452753,,,0.0007615151976675877,,,,0.04181806314048867,0.0010226061225821893,,0.7279650138160614,0.00023933334783838472,,,,,,,,,,,,,,,0.0005004242727529862,,,0.0005004242727529862,0.00023933334783838472,,0.00023933334783838472,,,0.05267509410152085,0.0007615151976675877,,0.0007615151976675877,,0.005678727616892583,,0.0007615151976675877,,0.019103152672918344,0.00023933334783838472,0.0005004242727529862,0.07512891364417658,,0.0005004242727529862,,,0.00023933334783838472,,,0.011357455233785166,,0.00023933334783838472,,,,0.031243880681447313,0.002828485019908183,0.002828485019908183,,,
0.007158242858075325,,0.00045690911860055264,,,,0.0014142425099540916,,0.0011749091621157067,0.0011749091621157067,0.013380909901873328,,,0.003568242640499554,,0.00045690911860055264,,0.03753182045647397,0.0009355758142773221,,0.7127782250168622,,,0.00021757577076216792,0.00021757577076216792,,,,,,,,,,,,0.00021757577076216792,,,0.00021757577076216792,0.0030895759448227845,0.00021757577076216792,0.00045690911860055264,0.00021757577076216792,0.00045690911860055264,0.05787515502273667,0.00045690911860055264,,,,0.005482909423206631,0.00021757577076216792,0.0006962424664389374,,0.012184243162681404,0.00045690911860055264,0.001892909205630861,0.07317073170731707,0.00045690911860055264,0.0006962424664389374,0.00021757577076216792,,,,,0.013380909901873328,0.0006962424664389374,0.0021322425534692456,,,,0.037771153804312355,0.0026109092491460152,0.0038075759883379385,,,0.00045690911860055264
0.010617697613193795,,0.0007180000435151542,,,,0.0009573333913535389,0.00023933334783838472,0.0014360000870303083,0.00023933334783838472,0.016426970692543678,,,0.0026544244032984487,,0.0019146667827070777,,0.040120972128543764,0.0014360000870303083,,0.647636039250669,,,0.00047866669567676943,0.00023933334783838472,0.00047866669567676943,,,,,,0.00023933334783838472,,,,,0.00047866669567676943,,0.00023933334783838472,0.00023933334783838472,0.0014360000870303083,0.00023933334783838472,0.00023933334783838472,,,0.052936185026435455,,,0.0019146667827070777,,0.005548182154435282,0.00023933334783838472,0.00047866669567676943,,0.022954243815408715,0.00047866669567676943,0.010617697613193795,0.07782685320162747,0.00023933334783838472,0.0026544244032984487,0.0016753334348686931,,0.0026544244032984487,,,0.013032788668653858,0.00023933334783838472,0.004090424490328757,,,,0.06381497356454385,0.0028937577511368336,0.006766606470703422,,0.00023933334783838472,
0.005330606383673114,,0.0009573333913535389,,,,0.0011966667391919237,0.00023933334783838472,0.0016970910119449099,0.00023933334783838472,0.012880485629120341,,,0.0036335153717282046,,0.00023933334783838472,,0.03355018385152629,0.00413393964448119,0.00023933334783838472,0.6780748895802964,,,0.0016970910119449099,0.00023933334783838472,0.00047866669567676943,,,,,,,,,,,0.00047866669567676943,,,0.00023933334783838472,0.0007180000435151542,,0.00023933334783838472,,,0.060072670307434566,,0.00023933334783838472,0.0016970910119449099,,0.010443636996584061,,0.0007180000435151542,,0.01701442527360153,,0.003872848719566589,0.053023215334740324,,0.002175757707621679,0.0007180000435151542,,0.0011966667391919237,,,0.01799351624203129,0.0009573333913535389,0.002415091055460064,,,,0.07295315593655491,0.003872848719566589,0.00413393964448119,,,
0.007288788320532626,,0.0012401818933443572,,,,0.00176236374317356,0.0005004242727529862,0.0015012728182589587,0.004025151759100107,0.008811818715867802,,,0.0027632122886795327,,0.00176236374317356,,0.024172668131676855,0.0027632122886795327,0.0007397576205913709,0.740671438828572,,,0.0030025456365179175,0.0005004242727529862,0.0005004242727529862,,,,,,,,,,,0.0005004242727529862,,,0.0007397576205913709,0.0012401818933443572,,0.0005004242727529862,,,0.04508169970192119,0.0005004242727529862,0.00023933334783838472,0.00023933334783838472,,0.008811818715867802,,0.0005004242727529862,0.00023933334783838472,0.010073758186288376,0.00023933334783838472,0.0015012728182589587,0.048845760536106696,0.0022627880159265465,0.0015012728182589587,0.0005004242727529862,,,,,0.01636169796131503,0.0005004242727529862,0.004264485106938491,,,,0.04558212397467418,0.004764909379691477,0.0030025456365179175,,,
0.007636909553752094,,,,,,0.00047866669567676943,0.00023933334783838472,0.0007180000435151542,0.004416788146472009,0.017471334392202085,0.00023933334783838472,,0.0026979395574508822,,0.0007180000435151542,0.00023933334783838472,0.04114357825112595,0.00047866669567676943,,0.7313591958399512,,,,,,,,,,0.00023933334783838472,,,,0.00023933334783838472,,,,,0.0012184243162681404,0.00023933334783838472,,0.00023933334783838472,,,0.052457518330758686,,,0.00023933334783838472,,0.004416788146472009,0.00047866669567676943,0.00047866669567676943,,0.010334849111202976,,0.0007180000435151542,0.06429364026022062,0.0007180000435151542,0.00023933334783838472,0.00023933334783838472,,,,,0.00935575814277322,0.0012184243162681404,0.0026979395574508822,,,,0.03448575966580362,0.0031983638302038684,0.004416788146472009,,,
0.014947455451360937,,0.0005439394269054198,,0.0002610909249146015,,0.0008050303518200213,,0.0010878788538108395,,0.018493940514784275,,,0.00461260634015796,,0.0008050303518200213,,0.04105654794282109,0.0013489697787254411,,0.7029438001784121,0.0005439394269054198,,0.0002610909249146015,,0.0002610909249146015,,,,,,,0.0002610909249146015,,,,,,,0.0005439394269054198,0.0005439394269054198,,,,,0.05628685189617284,0.0002610909249146015,,0.0008050303518200213,,0.00461260634015796,0.0005439394269054198,,,0.015774243380257173,0.0002610909249146015,0.0002610909249146015,0.07045103457278998,,0.0005439394269054198,0.0005439394269054198,,0.0005439394269054198,,,0.011139879463022999,,0.0002610909249146015,,0.0002610909249146015,,0.038075759883379384,0.005439394269054198,0.00461260634015796,,,
0.007136485280999108,,0.0005656970039816366,,,,0.0005656970039816366,0.0002828485019908183,0.0014142425099540916,,0.015447879724113923,,,0.006005091273035835,,,,0.04834533626335371,0.0005656970039816366,0.0005656970039816366,0.6815561019124912,0.0005656970039816366,,,0.0005656970039816366,0.0002828485019908183,,,,,,0.0002828485019908183,0.0005656970039816366,,,,,,,0.0008485455059724549,0.0011313940079632732,,,,,0.0577881247144318,,,0.0002828485019908183,,0.005134788189987163,,0.0014142425099540916,,0.021735819499140576,0.0005656970039816366,0.0002828485019908183,0.08180848980657514,0.0002828485019908183,0.0028502425969843996,0.0005656970039816366,0.0005656970039816366,,,,0.01085703096103218,0.0005656970039816366,0.0005656970039816366,,,,0.036313396140205824,0.004003394182023889,0.007723939862056961,,,
0.007985030786971563,,,,,,0.0002610909249146015,,0.002110484976393029,,0.01758012227758317,,,0.004242727529862275,,,,0.046343639172341765,0.0007832727747438045,0.0002610909249146015,0.6969169513283,0.000522181849829203,,0.0002610909249146015,0.0002610909249146015,,,,,,0.000522181849829203,,,,,,,,,,0.002110484976393029,0.0002610909249146015,0.0002610909249146015,,,0.054589760884227935,,,0.000522181849829203,,0.004242727529862275,,0.0007832727747438045,,0.02130066795761624,0.0002610909249146015,0.0002610909249146015,0.06871042840669263,0.000522181849829203,0.0026544244032984487,0.0002610909249146015,,0.0002610909249146015,0.0002610909249146015,,0.012771697743739258,,0.0007832727747438045,0.0002610909249146015,,,0.042623093492308695,0.00345945475511847,0.004786666956767695,,,
0.010204303648745675,,0.0005004242727529862,,,0.0007615151976675877,,0.0005004242727529862,0.003046060790670351,,0.016579273732077196,,,0.003046060790670351,,,0.00023933334783838472,0.0413393964448119,0.001784121320249777,0.001261939470420574,0.679554404821479,,,0.0007615151976675877,0.001784121320249777,,,,,,,0.0005004242727529862,,,,,0.0007615151976675877,,0.00023933334783838472,0.00023933334783838472,0.001784121320249777,0.0005004242727529862,0.0005004242727529862,0.0007615151976675877,,0.05717891255629773,,,0.00023933334783838472,,0.003568242640499554,,0.0005004242727529862,,0.02014751637257675,0.0020234546680881617,0.001261939470420574,0.07299667109070734,0.00023933334783838472,0.0007615151976675877,0.0020234546680881617,0.00023933334783838472,,,,0.015817758534409608,0.00023933334783838472,0.0015230303953351755,,,,0.04849763930288723,0.0020234546680881617,0.00406866691325254,,,
0.008289636866038598,,0.0005439394269054198,,0.0002610909249146015,0.0008267879288962381,0.0002610909249146015,0.0019146667827070777,0.004416788146472009,0.0002610909249146015,0.009116424794934836,,,0.0008267879288962381,,,,0.017406061660973433,0.0033071517155849523,,0.7353190748678227,,,0.0002610909249146015,0.0008267879288962381,0.0002610909249146015,,0.0002610909249146015,,,,0.0002610909249146015,,,,,0.0008267879288962381,,,0.0005439394269054198,0.0010878788538108395,0.002197515284697896,0.0005439394269054198,,,0.049476730271316986,0.0002610909249146015,,0.0005439394269054198,,0.0016535758577924762,0.0002610909249146015,0.0002610909249146015,0.0005439394269054198,0.022649637736341682,0.0008267879288962381,0.0016535758577924762,0.05941994299514806,0.0002610909249146015,0.0008267879288962381,0.0013707273558016579,,0.0013707273558016579,,,0.012162485585605187,,0.0033071517155849523,,,,0.04836709384042993,0.002197515284697896,0.0027632122886795327,,,
0.005874545810578534,,,,,0.0007832727747438045,0.000522181849829203,,0.0023933334783838474,,0.010661212767346228,,,0.0007832727747438045,,,,0.022149213463588696,,,0.8043341093535824,,,0.000522181849829203,0.000522181849829203,0.0002610909249146015,,,,,,0.0002610909249146015,,,,0.0002610909249146015,0.000522181849829203,,,0.000522181849829203,0.000522181849829203,0.002937272905289267,0.0002610909249146015,,,0.03283218380801114,,,0.000522181849829203,,0.000522181849829203,,0.0002610909249146015,0.0002610909249146015,0.022149213463588696,0.0010661212767346228,0.0010661212767346228,0.0400339418202389,0.0002610909249146015,0.0023933334783838474,,,,0.0002610909249146015,,0.009877939992602424,,0.001588303126563826,,,,0.02402036509214334,0.004003394182023889,0.004786666956767695,,,
0.006505515545788821,,0.000522181849829203,,,0.000522181849829203,,0.000522181849829203,0.0021540001305454626,0.0008050303518200213,0.014947455451360937,,,0.004329757838167142,,0.000522181849829203,,0.037227214377406934,0.000522181849829203,,0.7197624072583277,,,0.000522181849829203,,,0.0002610909249146015,,,,,,,0.000522181849829203,,,0.0002610909249146015,,,0.0016100607036400427,0.0016100607036400427,0.0013489697787254411,0.0002610909249146015,0.000522181849829203,,0.05110854855203324,0.0016100607036400427,,,,0.003785818411261722,,0.0002610909249146015,0.0002610909249146015,0.021191880072235155,0.0008050303518200213,0.000522181849829203,0.05815800352472748,,0.0021540001305454626,,,,,,0.013859576597550096,0.0002610909249146015,0.0021540001305454626,0.000522181849829203,,,0.04186157829464111,0.002436848632536281,0.003785818411261722,,,
0.00752812166837101,,0.0002610909249146015,,0.0002610909249146015,,0.0008050303518200213,0.0002610909249146015,0.0013272122016492244,,0.010748243075651096,,0.0013272122016492244,0.0010661212767346228,,0.000522181849829203,0.0002610909249146015,0.03389830508474576,0.0008050303518200213,0.0002610909249146015,0.7830551989730423,,,,0.0002610909249146015,0.000522181849829203,,0.0002610909249146015,,,,0.0002610909249146015,,0.000522181849829203,,0.0002610909249146015,0.000522181849829203,,,0.0013272122016492244,0.0018711516285546442,0.000522181849829203,,,,0.034703335436565785,,,0.000522181849829203,,0.004830182110920128,0.0002610909249146015,0.0010661212767346228,,0.009421030874001871,0.0010661212767346228,0.0008050303518200213,0.04656121494310394,,0.000522181849829203,0.000522181849829203,,0.0010661212767346228,,,0.008877091447096452,0.0010661212767346228,0.0021322425534692456,0.000522181849829203,0.0013272122016492244,0.0002610909249146015,0.027436304693109374,0.0029590304823654836,0.004286242684014708,,,0.0010661212767346228
0.010073758186288376,,0.0005004242727529862,,,,0.0005004242727529862,0.00023933334783838472,0.0007615151976675877,0.00023933334783838472,0.011640303735775985,,,0.003872848719566589,,0.0005004242727529862,0.00023933334783838472,0.030765213985770545,0.0015447879724113922,0.00023933334783838472,0.770174713343922,,,0.0005004242727529862,,0.00023933334783838472,,0.00023933334783838472,,,,,0.0007615151976675877,0.00023933334783838472,,0.0005004242727529862,0.0007615151976675877,,,0.0005004242727529862,0.0010226061225821893,,,,,0.03853266900197994,0.00023933334783838472,,0.0005004242727529862,,0.0033506668697373863,,,,0.007223515589303975,0.00023933334783838472,0.0010226061225821893,0.05535127608189552,0.0015447879724113922,0.0005004242727529862,0.00023933334783838472,0.00023933334783838472,0.0005004242727529862,,,0.013446182633101978,0.0007615151976675877,0.0012836970474967907,0.0005004242727529862,0.00023933334783838472,,0.029742607863188355,0.0033506668697373863,0.004395030569395792,,0.0005004242727529862,0.00023933334783838472
0.006766606470703422,,0.00023933334783838472,,,,0.0012836970474967907,0.0007615151976675877,0.0005004242727529862,0.00023933334783838472,0.014599334218141467,,,0.002328060747155197,,,0.00023933334783838472,0.031048062487761364,0.002328060747155197,,0.7974804725745741,,,,,0.0007615151976675877,,0.00023933334783838472,,,,,0.00023933334783838472,,,0.0005004242727529862,0.0005004242727529862,,,0.0007615151976675877,0.0012836970474967907,,,,,0.038075759883379384,,0.0007615151976675877,0.0012836970474967907,,0.0018058788973259938,0.0005004242727529862,0.0005004242727529862,,0.007027697395618024,0.00023933334783838472,0.0010226061225821893,0.0406866691325254,,0.0012836970474967907,0.0010226061225821893,,0.0005004242727529862,,,0.012771697743739258,,0.0007615151976675877,,0.0015447879724113922,,0.017210243467287483,0.005461151846130415,0.004938969996301212,,0.0005004242727529862,
0.0061138791584169185,,,0.0002610909249146015,0.0002610909249146015,,0.0002610909249146015,0.0002610909249146015,0.0005439394269054198,0.0005439394269054198,0.009181697526163487,,,0.0027632122886795327,,,0.0002610909249146015,0.028371880507386697,0.0011096364308870565,,0.8170840495202454,,,0.0002610909249146015,,0.0002610909249146015,,,,,,,,,,0.0002610909249146015,0.0005439394269054198,,,0.0005439394269054198,0.0002610909249146015,,,,0.0002610909249146015,0.037836426535541,,0.0011096364308870565,,,0.0013707273558016579,0.0002610909249146015,,0.0002610909249146015,0.006396727660407737,0.0011096364308870565,0.0002610909249146015,0.04118709340527839,,0.0008267879288962381,,0.0002610909249146015,,,,0.012510606818824656,0.0005439394269054198,0.0011096364308870565,,0.0008267879288962381,,0.01975587998520485,0.0016535758577924762,0.0016535758577924762,,0.0005439394269054198,0.0011096364308870565
0.006549030699941254,,0.0002828485019908183,,0.0002828485019908183,,,,0.0002828485019908183,0.0005656970039816366,0.005417636691977981,,,0.0005656970039816366,,,,0.01512151606797067,0.0002828485019908183,,0.8628619916886056,,,0.0002828485019908183,,0.0005656970039816366,,0.0002828485019908183,,,,,,,,0.0005656970039816366,0.0002828485019908183,,0.0002828485019908183,0.0005656970039816366,0.0011313940079632732,,,,,0.029133395705054285,,0.0011313940079632732,0.0002828485019908183,,0.0008485455059724549,0.0002828485019908183,0.0011313940079632732,,0.005983333695959618,0.0011313940079632732,,0.03996866908901025,,0.0002828485019908183,,,0.0002828485019908183,,,0.005983333695959618,,0.0011313940079632732,,,,0.011988424968995453,0.0011313940079632732,0.0025673940949935813,,0.0002828485019908183,0.0002828485019908183
0.005591697308587716,,0.0002610909249146015,,,,,0.0002610909249146015,0.0008267879288962381,0.0005439394269054198,0.007005939818541807,,,0.0005439394269054198,,,,0.018798546593851308,0.0011096364308870565,,0.8669524161789343,,,0.0008267879288962381,,0.0002610909249146015,,,,,,,,,,0.0002610909249146015,0.0005439394269054198,,,,0.0008267879288962381,,,,,0.026087334914383933,,0.0011096364308870565,0.0002610909249146015,,0.0005439394269054198,,0.0005439394269054198,,0.005591697308587716,0.0002610909249146015,0.0002610909249146015,0.0288940623572159,0.0005439394269054198,0.0002610909249146015,0.0002610909249146015,,,,,0.008964121755401318,,0.0011096364308870565,,,,0.015143273645046888,0.0013924849328778748,0.0033506668697373863,,0.0005439394269054198,0.0002610909249146015
0.00861600052218185,,0.0002610909249146015,,,,,0.0002610909249146015,0.0008050303518200213,0.0013272122016492244,0.01105284915471813,0.0002610909249146015,,0.0021540001305454626,,,,0.03207066861034355,0.0029590304823654836,,0.7892561084397641,,,,0.0002610909249146015,0.000522181849829203,,,,,,,,,,,0.0002610909249146015,,0.0002610909249146015,0.000522181849829203,0.0010661212767346228,,0.0002610909249146015,,,0.0469093361763234,,,,,0.0010661212767346228,,0.0008050303518200213,0.0002610909249146015,0.01105284915471813,0.0002610909249146015,0.0013272122016492244,0.045560366397597966,,0.0016100607036400427,0.0002610909249146015,,0.0002610909249146015,,,0.010226061225821892,0.0002610909249146015,0.000522181849829203,,,,0.021822849807445442,0.0026761819803746653,0.002415091055460064,,0.000522181849829203,
0.009725636953068906,,0.0002610909249146015,,,,0.0002610909249146015,,0.000522181849829203,0.0002610909249146015,0.008920606601248885,,,0.0013489697787254411,,,0.0002610909249146015,0.028110789582472095,0.0018711516285546442,,0.8078588368399295,,,,,0.0002610909249146015,,,,,,0.0002610909249146015,,,0.0002610909249146015,0.0010661212767346228,,,0.0002610909249146015,0.0002610909249146015,0.0013489697787254411,,,,,0.04351515415243359,0.0002610909249146015,,,0.0002610909249146015,0.002415091055460064,0.0002610909249146015,,0.0002610909249146015,0.007288788320532626,0.000522181849829203,0.0008050303518200213,0.04649594221187529,,0.0013489697787254411,0.000522181849829203,,0.0002610909249146015,,,0.007027697395618024,0.0008050303518200213,0.000522181849829203,,,,0.01890733447923239,0.0021540001305454626,0.003241878984356302,,,
0.00794151563281913,,0.000522181849829203,,,,0.000522181849829203,0.0002610909249146015,0.0013054546245730076,0.0002610909249146015,0.0116620613128522,,,0.0018493940514784273,,,0.0002610909249146015,0.03659624464219664,0.0013054546245730076,0.0002610909249146015,0.7830551989730423,,,0.0002610909249146015,,0.0002610909249146015,,,,,,,0.000522181849829203,,0.0002610909249146015,0.003176606253127652,,,0.0002610909249146015,,0.0002610909249146015,,,,,0.04958551815669807,,,0.0002610909249146015,0.0002610909249146015,0.004242727529862275,,0.0002610909249146015,,0.0058310306564261,0.000522181849829203,0.001044363699658406,0.05463327603838036,0.0002610909249146015,0.001044363699658406,,,,,,0.0068753943560845064,,0.000522181849829203,,,,0.019081395095842127,0.001588303126563826,0.00291551532821305,,,0.0002610909249146015
0.008311394443114815,,,,0.0002828485019908183,0.0002828485019908183,0.0002828485019908183,0.0008485455059724549,0.0002828485019908183,0.0002828485019908183,0.007745697439133178,,,0.0020016970910119447,,,,0.028132547159548313,0.0014142425099540916,0.0002828485019908183,0.802484715302104,0.0005656970039816366,,,0.0002828485019908183,0.0005656970039816366,,,,,,,,,0.0002828485019908183,0.002284545593002763,,,,0.0008485455059724549,0.0005656970039816366,,,,,0.042775396531842216,,,0.0002828485019908183,,0.0017188485890211266,0.0005656970039816366,0.0002828485019908183,0.0005656970039816366,0.00630969735210287,0.0002828485019908183,0.0005656970039816366,0.047366245294923955,0.0002828485019908183,0.0020016970910119447,0.0002828485019908183,,0.0002828485019908183,0.0005656970039816366,,0.0060268488501120515,,0.0002828485019908183,,0.0002828485019908183,,0.02610909249146015,0.0011313940079632732,0.004003394182023889,,,
0.007702182284980745,,,,,,0.0005656970039816366,0.0008485455059724549,0.0002828485019908183,0.0008485455059724549,0.010835273383955962,,,0.0022627880159265465,,0.0005656970039816366,,0.027392789538956942,0.0025673940949935813,,0.8061399882509084,,,,0.0002828485019908183,,,,,,,0.0002828485019908183,,,,0.0025673940949935813,0.0002828485019908183,,,0.0002828485019908183,,0.0002828485019908183,0.0005656970039816366,,,0.04166576010095516,,0.0002828485019908183,,0.0002828485019908183,0.0036987881029568546,,0.0008485455059724549,,0.003981636604947673,0.0002828485019908183,0.0011313940079632732,0.04508169970192119,,0.0008485455059724549,,,0.0002828485019908183,,,0.0085507277909532,0.0002828485019908183,,,,,0.021409455842997322,0.0022627880159265465,0.004264485106938491,,,0.0002828485019908183
0.007136485280999108,,,,,,,0.0008050303518200213,0.0008050303518200213,0.0002610909249146015,0.006592545854093688,,,0.002197515284697896,,,,0.021452970997149757,0.0005439394269054198,,0.8646461130088553,,,,0.0002610909249146015,,,,,,,,,,,0.0010878788538108395,0.0002610909249146015,,,0.0005439394269054198,,0.0002610909249146015,,,,0.03357194142860251,0.0002610909249146015,0.0005439394269054198,,,0.0019146667827070777,,0.0002610909249146015,,0.0019146667827070777,0.0002610909249146015,0.0005439394269054198,0.03026478971301756,,0.0008050303518200213,,,0.0005439394269054198,,,0.008528970213876982,,,,,,0.00935575814277322,0.0010878788538108395,0.003285394138508736,,,
0.0036335153717282046,,,,0.0002610909249146015,,0.0005439394269054198,0.0002610909249146015,0.0005439394269054198,0.0005439394269054198,0.005591697308587716,,,0.0022410304388503295,,,,0.021866364961597877,0.0005439394269054198,,0.8644067796610169,,,0.0002610909249146015,0.0008267879288962381,0.0008267879288962381,,,,,,,,,,0.0016753334348686931,0.0005439394269054198,,,,0.0005439394269054198,0.0002610909249146015,,,,0.036465699179739346,,0.0002610909249146015,,0.0005439394269054198,0.0039163638737190224,0.0005439394269054198,0.0005439394269054198,,0.0022410304388503295,0.0002610909249146015,0.0008267879288962381,0.026087334914383933,,,0.0002610909249146015,0.0002610909249146015,,,,0.009529818759382955,,,,,,0.009529818759382955,0.0013924849328778748,0.0019581819368595112,,,
0.007745697439133178,,,,0.0002610909249146015,,,,0.000522181849829203,0.0002610909249146015,0.008028545941123996,,,0.0007832727747438045,,,,0.025151759100106613,0.0002610909249146015,,0.8261134440068754,,,0.000522181849829203,0.000522181849829203,0.001588303126563826,,,,,,,0.0002610909249146015,,,0.000522181849829203,0.000522181849829203,,,,,,,,,0.03985988120362916,,,0.0002610909249146015,,0.001588303126563826,0.0007832727747438045,0.000522181849829203,,0.001588303126563826,,0.0013272122016492244,0.04414612388764387,,0.0007832727747438045,,0.0002610909249146015,,,,0.010421879419507844,,0.0002610909249146015,,,,0.020060486064271882,0.0013272122016492244,0.0037423032571092885,,,
0.006048606427188268,,0.0010878788538108395,,0.0002610909249146015,,0.0002610909249146015,,0.0010878788538108395,0.0002610909249146015,0.004656121494310394,,,0.0027414547116033157,,,,0.028872304780139683,0.0005439394269054198,,0.8208045952002785,,,,,0.0008050303518200213,,,,,,0.0002610909249146015,,,0.0008050303518200213,0.0016318182807162594,0.0005439394269054198,,,,0.0005439394269054198,,,,,0.03988163878070538,,,,,0.0027414547116033157,0.0005439394269054198,0.0010878788538108395,0.0002610909249146015,0.0027414547116033157,0.0010878788538108395,0.0008050303518200213,0.04096951763451622,,0.0008050303518200213,0.0008050303518200213,,0.0005439394269054198,,,0.007702182284980745,0.0002610909249146015,0.0002610909249146015,0.0002610909249146015,,,0.023367637779856835,0.0016318182807162594,0.003024303213594134,,,
0.010704727921498661,,0.00023933334783838472,,0.00023933334783838472,0.00023933334783838472,0.00023933334783838472,,0.00023933334783838472,,0.008028545941123996,,,0.00047866669567676943,,0.00023933334783838472,,0.030438850329627294,0.001457757664106525,0.00023933334783838472,0.8199342921172299,0.0007180000435151542,,0.00023933334783838472,,0.0007180000435151542,,,,,,,,,,0.001457757664106525,,,,,0.00047866669567676943,,,,,0.03311503231000196,,,,,0.0016970910119449099,0.0009573333913535389,,,0.0053523639607493305,0.00023933334783838472,,0.047997215030134245,0.00047866669567676943,,,,,,,0.007789212593285612,,0.00023933334783838472,,,,0.022649637736341682,0.00023933334783838472,0.00291551532821305,,,
0.009638606644764038,,,,0.00023933334783838472,,,,0.00023933334783838472,0.00023933334783838472,0.006505515545788821,,,0.0016753334348686931,,,,0.028937577511368336,0.0009573333913535389,,0.8139292008441941,,,0.00047866669567676943,,0.00047866669567676943,,,,,,,,,,0.00047866669567676943,,,,0.00023933334783838472,0.0007180000435151542,,,,,0.041491699484345425,0.00047866669567676943,,0.0007180000435151542,,0.0021540001305454626,0.00047866669567676943,0.0007180000435151542,,0.0036117577946519876,0.0007180000435151542,0.00023933334783838472,0.04220969952786058,,,0.00047866669567676943,,,,,0.012293031048062487,,,0.00023933334783838472,,,0.02508648636887796,0.0007180000435151542,0.0036117577946519876,,,
0.007332303474685059,,,,,,,,,0.00023933334783838472,0.010748243075651096,,,0.0007180000435151542,,,,0.03006897151933161,0.0009573333913535389,,0.8295728987619939,,,0.0016970910119449099,,0.00023933334783838472,,,,,,0.00023933334783838472,,,,,,,0.00023933334783838472,0.0007180000435151542,0.0007180000435151542,,,,,0.0344640020887274,,,,,0.0012184243162681404,,,0.00047866669567676943,0.0016970910119449099,0.00023933334783838472,0.00023933334783838472,0.04375448750027197,,0.00023933334783838472,,0.00047866669567676943,0.00047866669567676943,,,0.008790061138791584,0.00023933334783838472,0.00023933334783838472,,,,0.019560061791518896,0.0012184243162681404,0.003176606253127652,,,
0.004525576031853093,,,,0.0005004242727529862,,0.00023933334783838472,0.00023933334783838472,0.0007397576205913709,,0.006527273122865038,,,0.0025021213637649313,,,,0.017601879854659386,0.0007397576205913709,0.0007397576205913709,0.8659298100563522,,,0.0010008485455059724,,0.00023933334783838472,,,,,,,,,,,,,,0.0007397576205913709,0.0007397576205913709,,,0.00023933334783838472,,0.030438850329627294,,,0.0007397576205913709,,0.0022627880159265465,0.00023933334783838472,0.00023933334783838472,,0.0027632122886795327,,0.0005004242727529862,0.034725093013642,,0.0007397576205913709,,,,,,0.007288788320532626,,,,,,0.013576728095559279,0.0020016970910119447,0.0012401818933443572,,,
0.004416788146472009,,,,,,,,,,0.0036335153717282046,0.0005004242727529862,,0.002328060747155197,,,,0.01694915254237288,0.00023933334783838472,,0.884380235416984,,,0.0018058788973259938,0.00023933334783838472,,,,,,,,,,,,,,,0.00023933334783838472,0.0007615151976675877,0.00023933334783838472,,0.0005004242727529862,,0.03209242618741977,,,0.0005004242727529862,,0.0007615151976675877,,,,0.0033724244468136028,,0.0007615151976675877,0.02504297121472553,,0.0005004242727529862,,0.00023933334783838472,0.00023933334783838472,0.0005004242727529862,,0.008333152020191031,,,,,,0.008855333870020235,0.0012836970474967907,0.0012836970474967907,,,
0.0052218184982920305,,,,0.0002610909249146015,,,,0.000522181849829203,,0.011226909771327865,0.0002610909249146015,,0.0018276364744022105,,,,0.029807880594417007,0.0002610909249146015,,0.8063358064445943,,,0.001566545549487609,0.0002610909249146015,0.0002610909249146015,,,,,,0.0002610909249146015,,0.0002610909249146015,,,,,,,0.0007832727747438045,0.000522181849829203,,,,0.0431452753421379,0.0002610909249146015,,0.000522181849829203,,0.0033941820238898197,,,0.0002610909249146015,0.004960727573377429,,0.001044363699658406,0.05045582123974674,0.0007832727747438045,,0.001044363699658406,,,,,0.00861600052218185,,,,,,0.020386849720415136,0.0028720001740606166,0.0023498183242314135,,0.0002610909249146015,
0.0067448488936272056,,,,,,,0.00023933334783838472,0.0007615151976675877,,0.007267030743456409,0.0007615151976675877,,0.0025891516720697983,,0.00023933334783838472,,0.029329213898740235,0.00023933334783838472,,0.8115358673658102,,,0.0015447879724113922,,,,,,,,0.0012836970474967907,,,,0.00023933334783838472,,,,,0.0007615151976675877,0.0007615151976675877,,0.0007615151976675877,,0.041774547986336244,,,,,0.0028502425969843996,,0.00023933334783838472,,0.00413393964448119,0.0012836970474967907,0.0012836970474967907,0.04645242705772285,0.00023933334783838472,,,,,,,0.009334000565697003,0.00023933334783838472,0.0005004242727529862,0.0005004242727529862,0.00023933334783838472,,0.02230151650312221,0.0005004242727529862,0.0025891516720697983,,0.00023933334783838472,0.00023933334783838472
0.007201758012227759,,,,,,,,0.001784121320249777,,0.008746545984639151,0.0005004242727529862,,0.001784121320249777,,,,0.030874001871151628,0.00023933334783838472,,0.8145384130023281,,,0.0012836970474967907,0.0005004242727529862,,,,,,,0.00023933334783838472,,,,0.0005004242727529862,0.00023933334783838472,,,,0.0005004242727529862,,,,,0.040664911555449185,0.00023933334783838472,0.0005004242727529862,,,0.00230630317007898,,0.00023933334783838472,,0.0043732729923195756,0.0007615151976675877,0.0020452122451643786,0.049672548465002936,0.00023933334783838472,0.00023933334783838472,,,,,,0.007201758012227759,,,0.0007615151976675877,,,0.0172320010443637,0.0012836970474967907,0.003067818367746568,,,0.00023933334783838472
0.00787624290159048,,,,,,0.00023933334783838472,0.00023933334783838472,0.001261939470420574,0.00023933334783838472,0.00989969756967864,0.0005004242727529862,,0.0015230303953351755,,0.0010008485455059724,,0.028458910815691563,0.00023933334783838472,,0.8049215639346403,,,0.00176236374317356,0.0005004242727529862,0.00023933334783838472,,,,,,0.00023933334783838472,,,,0.0027849698657557496,0.00023933334783838472,,,,0.00176236374317356,0.00023933334783838472,,,,0.04347163899828115,,0.0005004242727529862,,,0.002523878940841148,,0.00023933334783838472,,0.005069515458758513,0.002284545593002763,0.0020234546680881617,0.04523400274145471,,0.0010008485455059724,,,,,0.00023933334783838472,0.00787624290159048,,0.0005004242727529862,0.00023933334783838472,,,0.0200822436413481,0.002284545593002763,0.0020234546680881617,,,0.00023933334783838472
0.005852788233502318,,,,0.00023933334783838472,,0.0005004242727529862,,0.0007615151976675877,0.00023933334783838472,0.010682970344422445,0.00023933334783838472,,0.002523878940841148,,,,0.03613933552359609,0.00023933334783838472,,0.7896477448271361,,,0.002523878940841148,,0.0007615151976675877,,,,,,0.00023933334783838472,,,,0.0007615151976675877,0.00023933334783838472,,,0.0005004242727529862,0.0007615151976675877,,,,,0.045299275472683365,,,0.00023933334783838472,,0.0027849698657557496,,,,0.004308000261090925,0.0015230303953351755,0.0007615151976675877,0.048845760536106696,0.0005004242727529862,0.00023933334783838472,,0.00023933334783838472,0.00023933334783838472,,,0.009660364221840256,0.00023933334783838472,,0.0005004242727529862,0.00023933334783838472,,0.024172668131676855,0.005330606383673114,0.0015230303953351755,,0.0005004242727529862,
0.00976915210722134,,0.00047866669567676943,,,,0.00023933334783838472,,0.00047866669567676943,,0.006353212506255304,0.00023933334783838472,,0.0009573333913535389,,,,0.021017819455625423,0.00023933334783838472,,0.8445638693675073,,,0.0019364243597832945,,0.00023933334783838472,,,,,,,,,,0.0012184243162681404,0.00023933334783838472,,,,0.0007180000435151542,,,0.001457757664106525,,0.034703335436565785,0.00023933334783838472,,,,0.0009573333913535389,0.00023933334783838472,0.00023933334783838472,,0.0026761819803746653,0.0009573333913535389,0.00047866669567676943,0.038141032614608036,,,0.00023933334783838472,,,0.00023933334783838472,0.00023933334783838472,0.009029394486629969,,,0.00023933334783838472,,,0.01784121320249777,0.001457757664106525,0.0012184243162681404,,0.0007180000435151542,
0.005722242771045017,,,,,,0.00023933334783838472,,0.00023933334783838472,,0.005961576118883401,0.00047866669567676943,,0.0007397576205913709,,,,0.013446182633101978,0.00023933334783838472,,0.8934313874806902,,,0.0017406061660973434,,0.0012401818933443572,,,,,,,,,,0.0012401818933443572,,,,,0.0007397576205913709,,,0.00023933334783838472,,0.023432910511085484,0.00023933334783838472,,0.00023933334783838472,,0.0014795152411827418,0.0007397576205913709,0.00023933334783838472,,0.0024803637866887144,0.00023933334783838472,0.00047866669567676943,0.025412850025021215,0.00023933334783838472,,0.00023933334783838472,0.0007397576205913709,,,0.00023933334783838472,0.004721394225539044,,0.00047866669567676943,,,,0.008724788407562934,0.001979939513935728,0.0014795152411827418,,0.00047866669567676943,
0.006766606470703422,,,,,,,0.0002610909249146015,,,0.010552424881965144,0.000522181849829203,,0.0010661212767346228,,,,0.032484062574791674,0.0016100607036400427,,0.8131676856465264,,,0.000522181849829203,,0.0002610909249146015,,,,,,,,,,,,,,0.0002610909249146015,0.0002610909249146015,,,0.0002610909249146015,,0.036530971910968,,,0.000522181849829203,,0.0016100607036400427,0.0002610909249146015,,,0.003785818411261722,,0.0002610909249146015,0.048454124148734797,,,,0.0002610909249146015,,,,0.008115576249428864,,,,,,0.02895933508844455,0.001892909205630861,0.0013489697787254411,,,
0.007136485280999108,,0.0008920606601248885,,0.0002828485019908183,,,,0.0011749091621157067,,0.004155697221557408,0.0005874545810578534,,0.0026761819803746653,,,,0.027109941036966123,0.0008920606601248885,,0.7964578664519919,,,0.0005874545810578534,,0.0008920606601248885,,,,,,,,,,,,,,,,0.0002828485019908183,,,,0.04767085137399099,0.0002828485019908183,,,,0.0023715759013076304,0.0005874545810578534,0.0008920606601248885,,0.0029590304823654836,0.0023715759013076304,0.0005874545810578534,0.04708339679293314,,0.0002828485019908183,,,0.0002828485019908183,,,0.014294728139074432,,0.0011749091621157067,,,,0.032462304997715456,0.001784121320249777,0.001784121320249777,,,
0.005918060964730967,,0.0006092121581340702,,0.0003046060790670351,,,,0.0009355758142773221,,0.012467091664672221,0.0006092121581340702,,0.002175757707621679,,,,0.03400709297012685,0.0006092121581340702,0.0003046060790670351,0.7846435020996062,,,0.0006092121581340702,,0.0006092121581340702,,,,,,,,,,,,,,,,,,,,0.051173821283261894,,,,,0.004046909336176323,0.0003046060790670351,,,0.0024803637866887144,0.0012401818933443572,0.0003046060790670351,0.05054285154805161,,0.0015447879724113922,0.0003046060790670351,,,,,0.00935575814277322,0.0006092121581340702,0.0012401818933443572,,,,0.029329213898740235,0.0015447879724113922,0.002175757707621679,,,
0.009529818759382955,,0.0006092121581340702,,,,,,0.0006092121581340702,0.0003046060790670351,0.012293031048062487,0.0006092121581340702,,0.0018276364744022105,,0.0003046060790670351,,0.03289745653923979,0.0021322425534692456,,0.7766584713126347,,,0.0012184243162681404,,0.0012184243162681404,,,,,,,,,,0.0015230303953351755,,,,0.0003046060790670351,0.0009138182372011053,,,,,0.05443745784469441,,,,,0.003981636604947673,,0.0003046060790670351,0.0003046060790670351,0.003067818367746568,0.0024586062096124974,0.0006092121581340702,0.04919388176932617,,0.0003046060790670351,0.0003046060790670351,0.0003046060790670351,,,,0.008594242945105633,,0.0006092121581340702,,,,0.02491242575226823,0.0024586062096124974,0.003677030525880638,,0.0015230303953351755,
0.005591697308587716,,,,,,,,,,0.015317334261656622,0.0008703030830486717,,0.0005874545810578534,,,,0.033593699005678726,0.001457757664106525,,0.7883640477796392,,,0.0005874545810578534,,0.0005874545810578534,,,,,,0.0002828485019908183,,,,0.0002828485019908183,,,,,0.0005874545810578534,,,,,0.045952002784969866,,,0.0005874545810578534,,0.004699636648462827,0.0002828485019908183,,0.0005874545810578534,0.0008703030830486717,0.0011749091621157067,0.0008703030830486717,0.05332782141380736,,0.0005874545810578534,,0.0002828485019908183,0.0005874545810578534,,,0.007071212549770458,0.0005874545810578534,0.0008703030830486717,,,,0.027697395618023975,0.001457757664106525,0.002937272905289267,,0.001457757664106525,
0.005656970039816366,,0.0002828485019908183,,,,,0.0002828485019908183,,,0.008942364178325102,0.0002828485019908183,,0.0011749091621157067,,,,0.030417092752551077,0.0023715759013076304,,0.792954896542721,,,0.0005874545810578534,,,,,,,,,,,,0.0002828485019908183,,,,0.0002828485019908183,,,,,,0.045952002784969866,,,0.0014795152411827418,,0.003263636561432519,0.0005874545810578534,0.0011749091621157067,,0.0029807880594417005,0.0014795152411827418,0.0014795152411827418,0.04743151802615261,,0.0026761819803746653,,,0.0005874545810578534,,,0.012532364395900872,0.0005874545810578534,0.0014795152411827418,,,,0.023258849894475752,0.0029807880594417005,0.005069515458758513,,0.0014795152411827418,
0.006222667043798003,,0.0002828485019908183,,,,0.0005874545810578534,,0.0002828485019908183,,0.005330606383673114,0.0002828485019908183,,0.003546485063423337,,,,0.018972607210461043,0.002066969822240595,,0.8496333848262657,,,,,,0.0005874545810578534,,,,,,,,,0.0002828485019908183,,,,0.0002828485019908183,0.0005874545810578534,,,,,0.035290790017623634,,,0.0008703030830486717,,0.0029590304823654836,0.0002828485019908183,0.002066969822240595,,0.0008703030830486717,0.00176236374317356,0.0008703030830486717,0.030547638215008378,0.0002828485019908183,0.0005874545810578534,0.0008703030830486717,,,,,0.006527273122865038,,0.0014795152411827418,,,,0.018689758708470224,0.0038510911424903724,0.00176236374317356,,0.0014795152411827418,
0.008376667174343466,,,,,,,,0.0002610909249146015,,0.011096364308870564,0.0008050303518200213,,0.0016100607036400427,,,,0.02354169839646657,0.0013489697787254411,,0.8134722917255934,,,,0.0002610909249146015,0.000522181849829203,,,,,,,,,,,,,,,,,0.0002610909249146015,,,0.038706729618589675,,,,,0.004046909336176323,0.0002610909249146015,,0.0002610909249146015,0.0010661212767346228,0.000522181849829203,0.0008050303518200213,0.05008594242945106,0.000522181849829203,0.0002610909249146015,0.0002610909249146015,0.000522181849829203,,,,0.009747394530145123,,0.0013489697787254411,,,,0.02761036530971911,0.0013489697787254411,0.0010661212767346228,,,
0.00752812166837101,,,,,,,,0.00023933334783838472,0.00023933334783838472,0.01194490981484302,0.0010226061225821893,,0.0031113335218990014,,0.0007615151976675877,,0.028328365353234262,0.0012836970474967907,0.00023933334783838472,0.7899523509062031,,,0.0005004242727529862,0.00023933334783838472,0.0007615151976675877,,,,,,0.00023933334783838472,,,,,,,,0.00023933334783838472,0.0010226061225821893,,,,0.00023933334783838472,0.04212266921955571,0.00023933334783838472,,0.0005004242727529862,,0.004416788146472009,,0.0005004242727529862,0.00023933334783838472,0.002328060747155197,0.0007615151976675877,0.0010226061225821893,0.050978003089575945,,0.0005004242727529862,0.00023933334783838472,,,0.00023933334783838472,,0.011183394617175432,,0.0005004242727529862,0.0007615151976675877,,,0.031461456452209484,0.002066969822240595,0.0018058788973259938,,0.00023933334783838472,
0.006005091273035835,,0.0005004242727529862,,,,0.00023933334783838472,0.0005004242727529862,0.00023933334783838472,,0.007767455016209395,0.0005004242727529862,,0.0015012728182589587,,0.0010008485455059724,,0.03133091098975218,0.0020016970910119447,,0.8138421705358891,0.00023933334783838472,,0.0007397576205913709,,0.00023933334783838472,,,,,,,0.00023933334783838472,,,0.0007397576205913709,,,,0.00023933334783838472,0.0007397576205913709,,,0.00023933334783838472,,0.03483388089902308,0.00023933334783838472,0.00023933334783838472,0.0005004242727529862,0.00023933334783838472,0.0012401818933443572,0.0005004242727529862,,,0.0007397576205913709,0.0010008485455059724,0.0012401818933443572,0.03959879027871456,0.0005004242727529862,0.00023933334783838472,0.0005004242727529862,,,,,0.011270424925480298,0.00023933334783838472,0.00023933334783838472,0.0005004242727529862,0.00023933334783838472,,0.030569395792084595,0.004003394182023889,0.0022410304388503295,,0.00023933334783838472,
0.008746545984639151,,,,,,0.0002610909249146015,0.000522181849829203,0.0002610909249146015,,0.009029394486629969,0.0002610909249146015,,0.0023715759013076304,,,,0.03426818389504145,0.00291551532821305,,0.7909096842975567,,,0.0013272122016492244,,0.0002610909249146015,,,,,,,,,,0.001588303126563826,,,,0.000522181849829203,0.001044363699658406,0.0002610909249146015,,0.000522181849829203,,0.03957703270163834,,0.000522181849829203,,,0.0034376971780422532,0.0007832727747438045,0.0002610909249146015,,0.003176606253127652,0.0013272122016492244,0.0007832727747438045,0.04488588150823524,,0.0013272122016492244,0.000522181849829203,,,,,0.011422727965013816,0.000522181849829203,,,,,0.02922042601335915,0.004242727529862275,0.0026544244032984487,,,0.0002610909249146015
0.005722242771045017,,,,,,,0.00023933334783838472,0.0005004242727529862,0.00023933334783838472,0.010400121842431626,0.0005004242727529862,,0.0015447879724113922,,0.00023933334783838472,,0.03100454733360893,0.002066969822240595,,0.7833380474750331,,,0.0012836970474967907,,0.0005004242727529862,,,,,,0.00023933334783838472,,0.00023933334783838472,,0.0012836970474967907,,,,0.0010226061225821893,0.0018058788973259938,,,0.00023933334783838472,,0.04401557842518657,0.0007615151976675877,,0.00023933334783838472,,0.0025891516720697983,,,,0.0036335153717282046,0.0005004242727529862,0.0018058788973259938,0.048976305998564,0.0010226061225821893,0.002066969822240595,,,0.00023933334783838472,,,0.014577576641065251,0.00023933334783838472,,,,,0.03254933530602032,0.0028502425969843996,0.0012836970474967907,,,0.00023933334783838472
0.0060703640042644854,,,,,,,,0.0016535758577924762,,0.01159678858162355,0.0005439394269054198,,0.0027414547116033157,,,,0.032310001958181934,0.0019146667827070777,,0.7970888361872022,,,0.0016535758577924762,0.0005439394269054198,0.0016535758577924762,,,,,,,,0.0002610909249146015,,0.0002610909249146015,,,,0.0010878788538108395,0.0027414547116033157,,,0.0010878788538108395,,0.04971606361915537,0.0002610909249146015,,0.0008267879288962381,,0.0013707273558016579,0.0005439394269054198,0.0008267879288962381,,0.0035900002175757706,0.0002610909249146015,,0.045016426970692545,0.0005439394269054198,0.0005439394269054198,0.0002610909249146015,,0.0008267879288962381,0.0005439394269054198,,0.011031091577641913,,0.0010878788538108395,,,,0.014360000870303083,0.0027414547116033157,0.0019146667827070777,,0.0002610909249146015,0.0002610909249146015
0.004960727573377429,,,,,,,,0.0010878788538108395,,0.011313940079632732,0.0002610909249146015,,0.0016535758577924762,,,,0.01877678901677509,0.0019146667827070777,,0.8356432627662583,,,0.0024803637866887144,0.0008267879288962381,,,,,,,,,,,,,,0.0005439394269054198,0.0010878788538108395,0.0019146667827070777,,,0.0008267879288962381,,0.035921759752833925,0.0002610909249146015,,0.0002610909249146015,,0.0027632122886795327,0.0002610909249146015,0.0010878788538108395,0.0002610909249146015,0.0019146667827070777,,0.0005439394269054198,0.0436674571919671,,,,,0.0002610909249146015,,,0.006353212506255304,,0.0010878788538108395,,,,0.016862122234068015,0.003024303213594134,0.0019146667827070777,,,0.0002610909249146015
0.008028545941123996,,0.0002610909249146015,,,,,,0.0013272122016492244,,0.00935575814277322,,,0.0007832727747438045,,,,0.02543460760209743,0.001588303126563826,0.000522181849829203,0.8035073214246862,,,0.0013272122016492244,0.000522181849829203,0.0002610909249146015,,,,,,,,0.0002610909249146015,,,,,,0.0002610909249146015,0.0023933334783838474,,,,,0.03668327495050151,0.0007832727747438045,,0.0007832727747438045,,0.002937272905289267,0.0002610909249146015,0.0002610909249146015,,0.0034812123321946867,0.0007832727747438045,0.0002610909249146015,0.05382824568656035,,0.0002610909249146015,,0.0007832727747438045,0.0002610909249146015,,,0.008833576292944017,,0.0010661212767346228,,,,0.03024303213594134,0.0021322425534692456,0.000522181849829203,,,
0.005439394269054198,,,,0.0007615151976675877,,,0.00023933334783838472,0.00023933334783838472,,0.009072909640782402,,,0.0005004242727529862,,,,0.03296272927046844,0.00023933334783838472,,0.818041382911599,,,0.0018058788973259938,0.0005004242727529862,0.00023933334783838472,0.00023933334783838472,,,,,0.00023933334783838472,0.00023933334783838472,0.00023933334783838472,,,,,,0.0007615151976675877,0.0012836970474967907,,,0.00023933334783838472,,0.038162790191684254,0.00023933334783838472,,0.0005004242727529862,,0.002066969822240595,0.00023933334783838472,,,0.0033724244468136028,0.0018058788973259938,0.00023933334783838472,0.04749679075738126,,,0.00023933334783838472,0.00023933334783838472,,,,0.008289636866038598,0.00023933334783838472,0.0007615151976675877,,,,0.01738430408389722,0.002328060747155197,0.0031113335218990014,,,
0.008311394443114815,,,,0.0002610909249146015,,0.0005439394269054198,,0.0005439394269054198,,0.011096364308870564,0.0011096364308870565,,0.0011096364308870565,,,,0.032745153499706275,0.0016535758577924762,,0.7766367137355584,,0.0002610909249146015,0.0013707273558016579,0.0002610909249146015,0.0005439394269054198,,,,,0.0002610909249146015,,0.0008267879288962381,,,0.0005439394269054198,,,,0.0005439394269054198,0.0008267879288962381,,,0.0002610909249146015,,0.04164400252387894,,,0.0005439394269054198,,0.002219272861774113,0.0002610909249146015,,,0.003872848719566589,0.0019364243597832945,0.0002610909249146015,0.053850003263636564,,,0.0002610909249146015,,0.0002610909249146015,,0.0005439394269054198,0.013315637170644677,,0.002219272861774113,,0.0002610909249146015,,0.033593699005678726,0.0033289092926611693,0.0013707273558016579,,,0.0005439394269054198
0.009595091490611605,,0.0002610909249146015,,,,,,0.0005439394269054198,,0.014403516024455517,,,0.0013924849328778748,,,,0.03392006266182198,0.0011096364308870565,,0.7521594395248146,,,0.004220969952786058,0.0005439394269054198,0.0016753334348686931,0.0002610909249146015,,,,0.0005439394269054198,0.0002610909249146015,0.0002610909249146015,,,0.0002610909249146015,,,,0.0005439394269054198,0.0008267879288962381,,,,0.0002610909249146015,0.050042427275298625,,,0.0002610909249146015,,0.003655272948804421,0.0002610909249146015,0.0002610909249146015,,0.004786666956767695,0.0011096364308870565,0.0013924849328778748,0.050608124279280256,0.0011096364308870565,0.0008267879288962381,0.0005439394269054198,,,,0.0005439394269054198,0.014686364526446335,,0.0019581819368595112,,,,0.03844563869367507,0.0033724244468136028,0.0030895759448227845,,,
0.008093818672352647,,0.00023933334783838472,,0.00047866669567676943,,0.00023933334783838472,,0.0012184243162681404,,0.01620939492178151,0.00023933334783838472,,0.002436848632536281,,,,0.04005569939731511,0.0026979395574508822,0.0012184243162681404,0.7265725288831835,0.00023933334783838472,,,0.00023933334783838472,0.00023933334783838472,0.00023933334783838472,,,,0.00023933334783838472,,0.00047866669567676943,,,,0.00023933334783838472,,,0.0007180000435151542,0.0019581819368595112,0.00023933334783838472,,,,0.049411457540088334,0.00023933334783838472,0.00047866669567676943,0.0007180000435151542,,0.0039163638737190224,0.0007180000435151542,0.0019581819368595112,,0.009812667261373774,0.00023933334783838472,0.0017188485890211266,0.061204064315397835,0.00023933334783838472,0.0012184243162681404,0.0012184243162681404,,,,0.00047866669567676943,0.013272122016492244,,0.0017188485890211266,,,,0.04227497225908923,0.002197515284697896,0.002436848632536281,,,
0.009072909640782402,,0.00023933334783838472,,,,,,,,0.0143817584473793,,,0.003263636561432519,,,,0.028002001697091012,0.0022627880159265465,0.00023933334783838472,0.7799656230282196,,,,0.00023933334783838472,0.00023933334783838472,0.00023933334783838472,,,,,,0.0005004242727529862,,,0.00023933334783838472,,,,0.00023933334783838472,0.0015012728182589587,0.0007397576205913709,,,,0.06057309458018755,0.0005004242727529862,0.0005004242727529862,,,0.001261939470420574,0.0007397576205913709,0.0005004242727529862,,0.005287091229520681,0.0020016970910119447,0.0022627880159265465,0.03507321424686147,0.0005004242727529862,0.0010008485455059724,,,,,,0.012097212854376536,,0.0005004242727529862,,,,0.031048062487761364,0.003024303213594134,0.00176236374317356,,,
0.0028502425969843996,,0.0005004242727529862,,,,,,0.00023933334783838472,,0.005983333695959618,,,0.0033724244468136028,,,,0.019016122364613478,0.002066969822240595,0.00023933334783838472,0.824068231761711,,,,,0.00023933334783838472,0.00023933334783838472,,,,,,0.0005004242727529862,,,,,,,,0.0005004242727529862,0.0018058788973259938,,,,0.03570418398207176,0.0005004242727529862,0.00023933334783838472,,,0.00023933334783838472,0.0005004242727529862,0.0007615151976675877,,0.007810970170361828,0.00023933334783838472,0.002066969822240595,0.03779291138138857,0.00023933334783838472,0.0005004242727529862,,,,0.00023933334783838472,,0.011466243119166249,,0.0005004242727529862,,,,0.03492091120732795,0.0031113335218990014,0.0015447879724113922,,,
0.007114727703922891,,,,0.00021757577076216792,,,0.00043515154152433584,0.00043515154152433584,0.00021757577076216792,0.007767455016209395,,,0.006005091273035835,,0.00021757577076216792,0.0006527273122865038,0.03226648680402951,0.00176236374317356,0.0006527273122865038,0.7575118034855639,,,0.00021757577076216792,,0.00021757577076216792,,,,,0.00021757577076216792,,0.00021757577076216792,,,,,,,0.00021757577076216792,0.00176236374317356,,0.00021757577076216792,,0.00021757577076216792,0.03648745675681556,0.0011096364308870565,,0.00021757577076216792,0.00043515154152433584,0.0008703030830486717,,0.00021757577076216792,,0.011792606775309501,0.0013272122016492244,,0.0480624877613629,0.00021757577076216792,0.0008703030830486717,,,0.00021757577076216792,,,0.011792606775309501,,0.00021757577076216792,,,,0.0629664280585714,0.0031113335218990014,0.0015447879724113922,,,
0.005635212462740149,0.00023933334783838472,0.00047866669567676943,,0.00023933334783838472,,0.00023933334783838472,,0.002937272905289267,,0.007832727747438045,,,0.006353212506255304,,,,0.03185309283958138,0.0019581819368595112,0.00047866669567676943,0.7257457409542873,,,0.00023933334783838472,,,,,,,,,,,,0.00023933334783838472,,,,,0.00023933334783838472,0.00047866669567676943,,,,0.04804073018428668,0.00047866669567676943,,0.0007180000435151542,0.00023933334783838472,0.0016970910119449099,0.00023933334783838472,0.0016970910119449099,,0.010291333957050543,0.0012184243162681404,0.0007180000435151542,0.053675942647026825,,0.0012184243162681404,0.0016970910119449099,,,,,0.01838515262940319,,0.0009790909684297556,,,,0.06666521616152825,0.003176606253127652,0.003677030525880638,,,
0.006592545854093688,0.00023933334783838472,,,0.00023933334783838472,,0.00047866669567676943,0.00047866669567676943,0.0012184243162681404,,0.012945758360348992,,,0.00291551532821305,,0.00023933334783838472,,0.0344640020887274,0.00291551532821305,0.00023933334783838472,0.7318596201127043,,,0.0009573333913535389,,0.0007180000435151542,,,,,,,,,,0.00047866669567676943,,,,,0.00023933334783838472,0.0007180000435151542,,,,0.04915036661517373,0.0007180000435151542,,,0.00023933334783838472,0.002436848632536281,0.00023933334783838472,0.00047866669567676943,,0.010748243075651096,0.001457757664106525,0.0009573333913535389,0.05306673048889276,,0.0007180000435151542,0.0007180000435151542,,,,,0.015643697917799872,0.00047866669567676943,0.00023933334783838472,,,,0.05550357912142904,0.0061138791584169185,0.00291551532821305,,,0.00023933334783838472
0.007114727703922891,0.00021757577076216792,0.00021757577076216792,,,0.00021757577076216792,,0.00045690911860055264,0.0016535758577924762,,0.019016122364613478,,,0.0023715759013076304,,0.00021757577076216792,0.00021757577076216792,0.03496442636148039,0.0028502425969843996,0.00045690911860055264,0.7097974369574205,,,0.0014142425099540916,,0.00045690911860055264,,,,,,,,0.00021757577076216792,,0.00021757577076216792,,,,0.00021757577076216792,0.0006962424664389374,,,0.00045690911860055264,,0.04756206348860991,0.00045690911860055264,,0.0006962424664389374,0.00045690911860055264,0.00021757577076216792,,0.0009355758142773221,,0.013554970518483062,0.0011749091621157067,0.0009355758142773221,0.05278388198690194,,0.0006962424664389374,0.0006962424664389374,0.0006962424664389374,0.00045690911860055264,,,0.021627031613759493,0.0009355758142773221,0.0009355758142773221,0.0006962424664389374,0.00021757577076216792,,0.06135636735493136,0.004982485150453645,0.0030895759448227845,,0.0009355758142773221,0.00045690911860055264
0.007158242858075325,,,,0.00023933334783838472,,,0.00047866669567676943,0.0012184243162681404,,0.014077152368312265,,,0.0036987881029568546,,0.0007397576205913709,,0.03779291138138857,0.0017188485890211266,0.00047866669567676943,0.702117012249516,,0.0014795152411827418,0.004199212375709841,,0.0007397576205913709,,,,,0.0007397576205913709,,,,,0.0009790909684297556,0.00047866669567676943,,,0.0014795152411827418,0.0009790909684297556,0.00047866669567676943,,0.0007397576205913709,,0.04991188181284132,0.00047866669567676943,0.0009790909684297556,,0.00047866669567676943,0.0019581819368595112,0.00023933334783838472,0.0014795152411827418,,0.012597637127129522,0.00023933334783838472,0.00047866669567676943,0.06670873131568068,0.0014795152411827418,0.0009790909684297556,0.0007397576205913709,,0.0009790909684297556,,,0.015317334261656622,,0.0019581819368595112,0.00023933334783838472,,,0.051630730401862446,0.0036987881029568546,0.002219272861774113,,0.002219272861774113,0.0009790909684297556
0.007005939818541807,,0.0012401818933443572,,0.0005004242727529862,,,0.0005004242727529862,0.0012401818933443572,0.00023933334783838472,0.013511455364330629,,,0.0022410304388503295,,0.0005004242727529862,,0.03026478971301756,0.0027414547116033157,,0.7280738017014425,,0.0010008485455059724,0.0022410304388503295,,0.0012401818933443572,0.00023933334783838472,,,,0.0007397576205913709,,0.00023933334783838472,,0.00023933334783838472,0.0027414547116033157,0.0007397576205913709,,,0.0007397576205913709,0.0010008485455059724,0.0012401818933443572,,0.0007397576205913709,,0.04703988163878071,0.00023933334783838472,0.0015012728182589587,,0.00023933334783838472,0.0017406061660973434,0.00023933334783838472,0.0010008485455059724,,0.016013576728095558,,0.003241878984356302,0.05354539718456953,0.00023933334783838472,0.00023933334783838472,0.0007397576205913709,,0.00023933334783838472,,,0.016013576728095558,,0.003241878984356302,,,,0.045299275472683365,0.0035029699092709037,0.0017406061660973434,,0.0022410304388503295,0.0005004242727529862
0.008528970213876982,,0.00023933334783838472,,,,,0.00023933334783838472,0.0010008485455059724,,0.013554970518483062,,,0.0012401818933443572,,,,0.02684885011205152,0.008528970213876982,,0.7622767128652553,,,0.004003394182023889,,0.0005004242727529862,,,,,,,0.00023933334783838472,,,0.0012401818933443572,0.0007397576205913709,,,0.0015012728182589587,0.0010008485455059724,,0.00023933334783838472,0.0007397576205913709,,0.040926002480363786,0.0010008485455059724,0.0015012728182589587,0.0007397576205913709,,0.0015012728182589587,0.0007397576205913709,0.0005004242727529862,,0.0115315158503949,0.0005004242727529862,,0.04469006331454929,0.0017406061660973434,0.0010008485455059724,0.0005004242727529862,,,,,0.013554970518483062,,0.0020016970910119447,,,,0.03840212353952264,0.003263636561432519,0.0012401818933443572,,0.0020016970910119447,
0.004656121494310394,,0.00023933334783838472,,,,,0.00023933334783838472,0.00047866669567676943,,0.017449576815125867,,,0.0012184243162681404,,0.0007180000435151542,,0.024803637866887142,0.0026979395574508822,,0.72239507408455,,,0.0007180000435151542,,0.002436848632536281,,,,0.00023933334783838472,0.0009790909684297556,0.00023933334783838472,,,,,,,,0.0009790909684297556,0.0007180000435151542,0.0009790909684297556,,,,0.043254063227518985,0.0017188485890211266,,0.00047866669567676943,0.00023933334783838472,0.0039163638737190224,,0.00047866669567676943,0.00023933334783838472,0.014251212984921999,0.0012184243162681404,0.0009790909684297556,0.05258806379321599,,0.001457757664106525,0.0012184243162681404,,0.00047866669567676943,,,0.018668001131394007,,0.001457757664106525,,,,0.0641413372206871,0.0034376971780422532,0.007354061051761276,,,0.00023933334783838472
0.004395030569395792,,0.0009790909684297556,,0.00047866669567676943,,0.00023933334783838472,0.00023933334783838472,,,0.00807206109527643,,,0.002197515284697896,,0.0007180000435151542,0.00023933334783838472,0.032114183764495985,0.002197515284697896,,0.7598616218097953,0.00047866669567676943,,0.00023933334783838472,,0.0007180000435151542,,,,0.00023933334783838472,,0.00023933334783838472,0.00023933334783838472,0.0007180000435151542,,,,,,0.00023933334783838472,0.0009790909684297556,,,,,0.034072365701355495,0.00047866669567676943,,0.00047866669567676943,0.00047866669567676943,0.002937272905289267,,0.00023933334783838472,,0.01886381932507996,0.002197515284697896,0.0009790909684297556,0.046321881595265554,,0.0009790909684297556,0.00047866669567676943,0.00023933334783838472,0.00047866669567676943,,,0.013729031135092796,0.0009790909684297556,0.0007180000435151542,,,,0.054415700267618196,0.002436848632536281,0.002197515284697896,,,0.00047866669567676943
0.00509127303583473,,0.00023933334783838472,,,,0.00023933334783838472,0.0009573333913535389,,0.0007180000435151542,0.008724788407562934,,,0.0019364243597832945,,,,0.023519940819390354,0.004590848763081743,,0.7203498618393855,,,0.00047866669567676943,,0.00047866669567676943,,,,,,,,0.0007180000435151542,,0.00023933334783838472,,,,0.00047866669567676943,0.0007180000435151542,,,0.00023933334783838472,,0.043906790539805486,0.00023933334783838472,,0.0009573333913535389,0.00023933334783838472,0.0019364243597832945,0.00047866669567676943,0.0007180000435151542,,0.013337394747720895,0.0009573333913535389,0.0007180000435151542,0.06015970061573943,0.00047866669567676943,0.0009573333913535389,0.00023933334783838472,,0.00047866669567676943,,,0.017950001087878854,,0.0007180000435151542,,,,0.07760927743086529,0.004830182110920128,0.003133091098975218,0.00023933334783838472,,
0.006005091273035835,0.00023933334783838472,,,0.00023933334783838472,,,0.00023933334783838472,,0.00047866669567676943,0.017319031352668567,0.00047866669567676943,,0.0033506668697373863,,0.00047866669567676943,,0.03463806270533713,0.0028720001740606166,,0.7033136789887078,,,0.00047866669567676943,,,,,,,,,,0.0009573333913535389,,0.0007180000435151542,,,,0.0016753334348686931,0.00047866669567676943,,,,,0.05317551837427384,0.00047866669567676943,0.00047866669567676943,0.0007180000435151542,0.00023933334783838472,0.0009573333913535389,,0.0007180000435151542,0.00023933334783838472,0.011292182502556515,0.0028720001740606166,0.0014360000870303083,0.05894127629947129,,0.0011966667391919237,,0.00023933334783838472,0.0009573333913535389,,,0.015861273688562043,,0.0014360000870303083,,,,0.06929788298775048,0.0028720001740606166,0.0026326668262222318,,,
0.003872848719566589,,0.0007180000435151542,,,,0.00047866669567676943,,0.00023933334783838472,0.00047866669567676943,0.011379212810861383,,,0.003872848719566589,,0.0009573333913535389,,0.029329213898740235,0.0036335153717282046,0.00023933334783838472,0.7236134984008182,,,0.00023933334783838472,,0.00023933334783838472,0.00023933334783838472,,,,,,0.00023933334783838472,0.0007180000435151542,,0.0009573333913535389,,,,0.00047866669567676943,0.0009573333913535389,,,,,0.0434063662670525,0.00047866669567676943,,0.00023933334783838472,0.00023933334783838472,0.004830182110920128,,0.0007180000435151542,,0.013337394747720895,0.0009573333913535389,0.0007180000435151542,0.059158852070233456,0.00047866669567676943,0.0014360000870303083,0.0011966667391919237,0.00047866669567676943,,,,0.016470485846696113,,0.0016970910119449099,,,,0.06475054937882117,0.0026544244032984487,0.0036335153717282046,,0.00023933334783838472,
0.005134788189987163,0.00047866669567676943,0.00023933334783838472,,,,0.00023933334783838472,,0.0019581819368595112,0.00047866669567676943,0.016187637344705293,,,0.0034159396009660363,,0.0026979395574508822,,0.02819781989077696,0.0039163638737190224,0.00047866669567676943,0.7214159831161202,,,0.00023933334783838472,,0.00023933334783838472,0.00023933334783838472,,,,,,0.00023933334783838472,0.0007180000435151542,,0.001457757664106525,,,,0.0012184243162681404,0.0009790909684297556,0.00023933334783838472,,,,0.05028176062313701,0.00047866669567676943,,0.001457757664106525,,0.003677030525880638,,0.00047866669567676943,,0.014229455407845782,0.0012184243162681404,0.0012184243162681404,0.052000609212158135,,0.001457757664106525,0.001457757664106525,,0.00047866669567676943,,,0.012249515893910054,,0.0019581819368595112,,,,0.06059485215726377,0.003677030525880638,0.002197515284697896,,0.00023933334783838472,0.00023933334783838472
0.008028545941123996,,0.00047866669567676943,,0.00023933334783838472,,,,0.001457757664106525,0.00023933334783838472,0.009246970257392137,0.0007180000435151542,0.00047866669567676943,0.003872848719566589,,0.00047866669567676943,,0.024564304519048757,0.0043732729923195756,0.00047866669567676943,0.7628641674463132,,,,,0.00023933334783838472,0.00023933334783838472,,,,,,0.00023933334783838472,0.00047866669567676943,,0.00047866669567676943,,,,0.00023933334783838472,0.0016970910119449099,,,,,0.0399033963577816,0.00047866669567676943,0.00023933334783838472,0.0011966667391919237,,0.0019364243597832945,0.00023933334783838472,0.0009573333913535389,0.0007180000435151542,0.0116620613128522,0.0011966667391919237,0.0009573333913535389,0.05036879093144187,0.00023933334783838472,,0.00023933334783838472,,0.0009573333913535389,,,0.010443636996584061,,0.0009573333913535389,,,,0.0498901242357651,0.0036335153717282046,0.002415091055460064,,0.00023933334783838472,
0.007745697439133178,,0.00047866669567676943,0.00023933334783838472,0.00023933334783838472,,,,0.0012401818933443572,,0.022475577119731947,0.0007397576205913709,0.00047866669567676943,0.0029807880594417005,,0.0014795152411827418,0.00023933334783838472,0.03672679010465395,0.003241878984356302,,0.6865603446400209,,,,,0.00023933334783838472,,,,,,,,0.0007397576205913709,,0.00023933334783838472,,,0.00023933334783838472,0.00023933334783838472,0.0009790909684297556,,,0.00023933334783838472,,0.04173103283218381,,,0.00023933334783838472,,0.0024803637866887144,,0.0009790909684297556,0.00047866669567676943,0.014490546332760383,0.0007397576205913709,0.00047866669567676943,0.06797067078610126,0.00023933334783838472,0.0007397576205913709,0.00047866669567676943,0.00023933334783838472,,,,0.017493091969278302,,0.00047866669567676943,,,,0.0739757620591371,0.003241878984356302,0.005744000348121233,,,
0.007767455016209395,,0.0005004242727529862,0.00023933334783838472,,,0.0005004242727529862,,0.0005004242727529862,0.00023933334783838472,0.018058788973259937,0.00023933334783838472,,0.0025021213637649313,,0.0010008485455059724,,0.035356062748852286,0.003241878984356302,,0.6826004656121495,,,0.0007397576205913709,,0.0007397576205913709,,,,,,,,0.0007397576205913709,,,,,,0.00023933334783838472,0.0007397576205913709,0.00023933334783838472,,,0.0005004242727529862,0.054415700267618196,0.00023933334783838472,,0.00023933334783838472,0.00023933334783838472,0.0022410304388503295,,0.0012401818933443572,0.00023933334783838472,0.012771697743739258,0.0015012728182589587,0.0017406061660973434,0.06068188246556863,,0.0012401818933443572,0.0005004242727529862,,,,,0.019298970866604294,0.00023933334783838472,0.0020016970910119447,,,,0.07850133809099019,0.0022410304388503295,0.0037423032571092885,,,
0.007549879245447227,0.00023933334783838472,0.00047866669567676943,,0.00023933334783838472,,0.0016970910119449099,0.00023933334783838472,0.0012184243162681404,0.0007180000435151542,0.011444485542090033,,,0.00047866669567676943,0.00023933334783838472,0.0009573333913535389,,0.03655272948804421,0.003655272948804421,0.00023933334783838472,0.6859076173277345,,,0.00023933334783838472,,,,,,,0.0009573333913535389,,,0.00023933334783838472,,0.00023933334783838472,,,,,0.00047866669567676943,,,0.00023933334783838472,0.0007180000435151542,0.047518548334457476,0.00023933334783838472,,0.00023933334783838472,,0.0016970910119449099,,0.00047866669567676943,,0.013141576554034943,0.0026761819803746653,0.0012184243162681404,0.06555557973064119,,0.0016970910119449099,0.0019364243597832945,,,,,0.018515698091860492,,0.0016970910119449099,,,,0.08041600487369727,0.00413393964448119,0.00291551532821305,,0.00023933334783838472,0.0007180000435151542
0.00935575814277322,,0.00021757577076216792,,0.00021757577076216792,,0.0008920606601248885,,0.0008920606601248885,0.00021757577076216792,0.017797698048345335,0.00021757577076216792,,0.0011313940079632732,,0.0008920606601248885,,0.03194012314788625,0.0025021213637649313,0.00021757577076216792,0.6858423445965057,,0.0013489697787254411,0.0006744848893627206,0.00043515154152433584,0.00021757577076216792,0.00021757577076216792,,,,,,0.00043515154152433584,,,,,,,0.00043515154152433584,0.0006744848893627206,0.00021757577076216792,,,0.0008920606601248885,0.04997715454406997,,,0.0006744848893627206,,0.0018058788973259938,,0.0008920606601248885,,0.012097212854376536,0.0018058788973259938,0.0006744848893627206,0.06733970105089097,0.0006744848893627206,0.001588303126563826,0.0008920606601248885,0.00043515154152433584,0.00043515154152433584,,,0.014599334218141467,0.00021757577076216792,0.0011313940079632732,0.00043515154152433584,,,0.08035073214246861,0.004090424490328757,0.0013489697787254411,0.00021757577076216792,,0.00043515154152433584
0.009638606644764038,,0.00021757577076216792,,,,0.00021757577076216792,,0.0008920606601248885,,0.019081395095842127,0.00021757577076216792,,0.0013272122016492244,,0.0020016970910119447,,0.030547638215008378,0.0038075759883379385,0.00021757577076216792,0.7091229520680578,,0.001784121320249777,0.0011096364308870565,0.00043515154152433584,0.00043515154152433584,0.00021757577076216792,,,,0.0006527273122865038,,0.00043515154152433584,,,,,,,,0.00021757577076216792,,,0.0006527273122865038,0.00043515154152433584,0.053675942647026825,,0.0006527273122865038,0.00043515154152433584,,0.0022410304388503295,,0.00043515154152433584,,0.013011031091577642,0.00021757577076216792,0.001784121320249777,0.06244424620874219,0.00021757577076216792,0.0008920606601248885,0.00021757577076216792,,0.00021757577076216792,,,0.018624485977241576,,0.0006527273122865038,0.004264485106938491,,,0.048736972650725616,0.00291551532821305,0.004264485106938491,0.00021757577076216792,,0.00021757577076216792
0.007027697395618024,0.0006962424664389374,,,,,0.00021757577076216792,,0.00045690911860055264,,0.012641152281281957,0.0009355758142773221,,0.002328060747155197,,0.00021757577076216792,,0.0231935771632471,0.007027697395618024,,0.7280520441243663,,0.00115315158503949,0.002328060747155197,0.00045690911860055264,0.00021757577076216792,,,,,0.0006962424664389374,,0.00045690911860055264,,,0.0006962424664389374,,,,0.00045690911860055264,0.0006962424664389374,,,0.0006962424664389374,,0.05461151846130415,0.00021757577076216792,0.00021757577076216792,0.0016318182807162594,,0.003046060790670351,,0.0013924849328778748,,0.011248667348404082,0.0016318182807162594,0.0016318182807162594,0.05062988185635647,0.0006962424664389374,0.0025673940949935813,0.00021757577076216792,,0.00115315158503949,,,0.01499097060551337,0.0006962424664389374,0.0016318182807162594,0.003263636561432519,,,0.051804791018472185,0.004917212419224995,0.0009355758142773221,0.00021757577076216792,,
0.0067883640477796395,,,,0.00045690911860055264,,,,0.00021757577076216792,,0.013576728095559279,0.00021757577076216792,,0.0006962424664389374,,,,0.022497334696808164,0.005613454885663932,,0.7709579861186658,,,0.00115315158503949,,0.0006962424664389374,,,,,,,0.00021757577076216792,,,,,,,0.00045690911860055264,0.002328060747155197,0.00021757577076216792,,0.0006962424664389374,,0.05672200343769718,,0.00021757577076216792,0.00045690911860055264,,0.0025673940949935813,0.00021757577076216792,0.0006962424664389374,,0.008659515676334283,0.0006962424664389374,0.00115315158503949,0.03820630534583669,0.0013924849328778748,0.00115315158503949,0.00115315158503949,,0.0009355758142773221,,,0.011466243119166249,,0.003046060790670351,,0.00045690911860055264,,0.039838123626552945,0.002088727399316812,0.0016318182807162594,0.00045690911860055264,,
0.005417636691977981,,,,0.00019581819368595112,,,,0.00019581819368595112,,0.009334000565697003,0.0008485455059724549,,0.0021540001305454626,,0.00019581819368595112,0.00019581819368595112,0.01975587998520485,0.0017188485890211266,,0.8054872609386219,,,0.0023715759013076304,,0.00041339396444811904,,,,,,,0.00041339396444811904,,,0.00019581819368595112,,,,0.0008485455059724549,0.0008485455059724549,0.00019581819368595112,,0.00019581819368595112,,0.03798872957507452,0.00019581819368595112,0.0008485455059724549,0.00041339396444811904,,0.0025891516720697983,,0.00041339396444811904,0.00041339396444811904,0.009551576336459172,0.000630969735210287,0.0008485455059724549,0.03885903265812319,0.00019581819368595112,0.0012836970474967907,0.00041339396444811904,,0.00041339396444811904,,,0.00976915210722134,0.000630969735210287,0.0017188485890211266,,,,0.037771153804312355,0.0025891516720697983,0.0012836970474967907,0.00019581819368595112,,
0.004395030569395792,,0.00045690911860055264,,0.00045690911860055264,,0.00021757577076216792,0.00045690911860055264,0.00021757577076216792,,0.013903091751702531,0.0006744848893627206,,0.00509127303583473,,0.00021757577076216792,0.00021757577076216792,0.04471182089162551,0.00230630317007898,,0.7066425882813689,,,0.00045690911860055264,,0.00021757577076216792,,,,,,0.00021757577076216792,,,,0.00021757577076216792,,0.00021757577076216792,,,0.00045690911860055264,,,,,0.04355866930658602,0.00045690911860055264,0.0006744848893627206,0.0006744848893627206,,0.002066969822240595,,0.0009138182372011053,,0.012271273470986272,0.0006744848893627206,0.0006744848893627206,0.057004851939687996,0.00021757577076216792,0.0009138182372011053,0.0006744848893627206,0.00021757577076216792,0.00021757577076216792,,,0.01784121320249777,0.00045690911860055264,0.0013707273558016579,,,,0.06927612541067427,0.0046343639172341765,0.00345945475511847,,,
0.004177454798633624,,0.0007180000435151542,,,,0.0007180000435151542,0.0009790909684297556,0.0009790909684297556,,0.013750788712169013,0.00047866669567676943,,0.0039163638737190224,,0.00047866669567676943,,0.03465982028241335,0.004656121494310394,,0.6762472531058942,,,0.00047866669567676943,0.00047866669567676943,0.00023933334783838472,0.00023933334783838472,,,,,,0.00023933334783838472,,,,0.00023933334783838472,,,0.00023933334783838472,0.0009790909684297556,0.00023933334783838472,,0.00047866669567676943,,0.040556123670068105,0.0007180000435151542,0.0007180000435151542,0.00047866669567676943,0.00023933334783838472,0.001457757664106525,0.0007180000435151542,0.0017188485890211266,0.00023933334783838472,0.01546963730119014,0.0019581819368595112,0.0007180000435151542,0.0665999434302996,0.00023933334783838472,0.00515654576706338,0.00023933334783838472,0.00023933334783838472,0.00047866669567676943,,,0.01546963730119014,,0.0019581819368595112,,0.00047866669567676943,,0.08798764169622071,0.00515654576706338,0.0053958791149017644,,,
0.0062009094667217855,,,,,,,0.0006962424664389374,0.00045690911860055264,,0.017210243467287483,,0.00021757577076216792,0.004046909336176323,,0.0014142425099540916,0.00021757577076216792,0.03513848697809012,0.005004242727529863,,0.6779661016949152,,0.0011749091621157067,0.0011749091621157067,,,0.00021757577076216792,,,,,,,,,0.00045690911860055264,0.00021757577076216792,,,0.0006962424664389374,0.0011749091621157067,0.00045690911860055264,,0.00021757577076216792,,0.04445072996671091,0.0006962424664389374,0.0009355758142773221,,,0.0021322425534692456,0.00045690911860055264,0.00045690911860055264,,0.012902243206196557,0.0006962424664389374,0.00045690911860055264,0.06022497334696808,0.0006962424664389374,0.0030895759448227845,0.0014142425099540916,,0.00045690911860055264,0.00021757577076216792,,0.017928243510802636,,0.0016535758577924762,,,,0.08988055090185157,0.0028502425969843996,0.004046909336176323,,,
0.010008485455059725,0.00023933334783838472,0.00047866669567676943,,0.00023933334783838472,,0.00023933334783838472,0.0007180000435151542,0.00023933334783838472,0.00047866669567676943,0.023911577206762256,0.00023933334783838472,,0.00291551532821305,,0.00047866669567676943,0.00023933334783838472,0.036857335567111245,0.004873697265072562,0.001457757664106525,0.6337329474989666,,0.0012184243162681404,0.001457757664106525,0.00023933334783838472,0.00023933334783838472,,,,,,,,,,0.00047866669567676943,,0.00023933334783838472,,0.00023933334783838472,0.0019364243597832945,0.0009573333913535389,,,,0.059811579382519964,0.0007180000435151542,0.0009573333913535389,0.00047866669567676943,,0.002197515284697896,0.0007180000435151542,0.0009573333913535389,,0.026370183416374753,0.0007180000435151542,0.0019364243597832945,0.07323600443854572,,0.001457757664106525,,,0.0007180000435151542,0.00047866669567676943,,0.020734970953634604,0.0007180000435151542,0.00413393964448119,,,,0.0717782467744392,0.003154848676051435,0.003894606296642806,,,0.00047866669567676943
0.006657818585322339,,0.0007397576205913709,,,,0.00047866669567676943,,0.00047866669567676943,0.0007397576205913709,0.01655751615500098,,,0.00393812145079524,0.00023933334783838472,0.00023933334783838472,,0.025717456104088248,0.002719697134527099,,0.6583407671721677,,0.0017188485890211266,0.0024586062096124974,,0.00023933334783838472,,,,,0.00047866669567676943,0.00023933334783838472,0.0007397576205913709,,,0.0007397576205913709,,,0.00023933334783838472,0.00047866669567676943,0.00047866669567676943,0.0017188485890211266,0.00023933334783838472,,,0.052196427405844084,0.0012184243162681404,,,0.00023933334783838472,0.0009790909684297556,0.00023933334783838472,0.0007397576205913709,0.00023933334783838472,0.0351167294010139,0.00047866669567676943,0.002719697134527099,0.05491612454037118,0.00023933334783838472,0.0031983638302038684,0.0012184243162681404,,0.0014795152411827418,,,0.021257152803463807,0.0014795152411827418,0.0019581819368595112,,,,0.08607297491351364,0.004938969996301212,0.002219272861774113,,,0.00023933334783838472
0.008050303518200214,,0.00047866669567676943,,0.00023933334783838472,,0.00023933334783838472,,0.00023933334783838472,0.00047866669567676943,0.014403516024455517,,,0.005113030612910946,,,,0.021474728574225974,0.0034159396009660363,,0.6973303452927482,,0.001457757664106525,0.0012184243162681404,,0.00023933334783838472,0.00023933334783838472,0.00023933334783838472,,,,0.00047866669567676943,0.00047866669567676943,,,0.00047866669567676943,0.00023933334783838472,,,,0.002197515284697896,0.0016970910119449099,0.00023933334783838472,,,0.04516873001022606,0.0007180000435151542,,,0.0007180000435151542,0.00291551532821305,0.00047866669567676943,0.00047866669567676943,0.00047866669567676943,0.029546789669502405,0.0016970910119449099,0.0016970910119449099,0.057135397402145294,0.00047866669567676943,0.0026761819803746653,0.00047866669567676943,,0.0012184243162681404,,,0.018058788973259937,0.00047866669567676943,0.0012184243162681404,,,,0.0656861251930985,0.0016970910119449099,0.003655272948804421,,0.0016970910119449099,0.0009573333913535389
0.008289636866038598,,0.0007180000435151542,,,,0.00023933334783838472,,0.00023933334783838472,0.00023933334783838472,0.020473880028720002,,,0.00461260634015796,,0.00023933334783838472,0.00023933334783838472,0.038032244729226956,0.003154848676051435,,0.6744848893627207,,0.001457757664106525,0.00047866669567676943,,,0.00023933334783838472,0.00023933334783838472,,,,,0.00023933334783838472,,,0.00023933334783838472,0.0007180000435151542,,,,,0.0007180000435151542,,,,0.05315376079719762,0.00047866669567676943,,0.00023933334783838472,,0.00291551532821305,,0.001457757664106525,0.00023933334783838472,0.011705576467004635,0.00047866669567676943,0.0012184243162681404,0.07632558038336851,0.00023933334783838472,0.0012184243162681404,0.00023933334783838472,,0.00023933334783838472,,,0.018515698091860492,,0.00023933334783838472,,,,0.06535976153695525,0.0043732729923195756,0.00461260634015796,0.00023933334783838472,,0.0012184243162681404
0.008311394443114815,,0.0012184243162681404,,,,0.0007180000435151542,,0.0016970910119449099,0.0007180000435151542,0.016883879811144233,0.0007180000435151542,,0.003894606296642806,,0.00047866669567676943,0.00047866669567676943,0.038902547812275624,0.003894606296642806,0.00023933334783838472,0.6544896760296774,,0.001457757664106525,0.0009573333913535389,0.00047866669567676943,0.00047866669567676943,0.00023933334783838472,0.00023933334783838472,,,,,,,,0.00047866669567676943,,,,0.0009573333913535389,0.0009573333913535389,,,,,0.05406757903439873,0.0007180000435151542,,0.00023933334783838472,0.00047866669567676943,0.0016970910119449099,,0.0009573333913535389,,0.015643697917799872,0.0009573333913535389,0.0012184243162681404,0.07364939840299384,,0.0009573333913535389,,,0.00047866669567676943,,,0.012467091664672221,,0.0012184243162681404,,,,0.08196079284610866,0.004395030569395792,0.00929048541154457,,,0.0007180000435151542
0.007180000435151541,0.00047866669567676943,0.0009790909684297556,,,,0.00047866669567676943,,0.0017188485890211266,0.0014795152411827418,0.020321576989186484,0.00047866669567676943,,0.0029590304823654836,,0.0009790909684297556,,0.035443093057157156,0.0032201214072800854,,0.6371271295228564,,0.0014795152411827418,0.00047866669567676943,0.00047866669567676943,0.00023933334783838472,0.00023933334783838472,0.00023933334783838472,,,0.00023933334783838472,,,,0.00023933334783838472,,0.00023933334783838472,0.00023933334783838472,,0.0007397576205913709,,,,0.00023933334783838472,,0.05278388198690194,0.0007397576205913709,0.0007397576205913709,0.00023933334783838472,0.00023933334783838472,0.003959879027871456,0.00023933334783838472,0.0009790909684297556,0.00023933334783838472,0.012380061356367355,0.001979939513935728,0.001979939513935728,0.08400600509127304,0.00023933334783838472,0.002719697134527099,0.00047866669567676943,0.00023933334783838472,0.00023933334783838472,,,0.016840364656991798,,,,0.00023933334783838472,0.00047866669567676943,0.085507277909532,0.004938969996301212,0.008659515676334283,,,0.0009790909684297556
0.005918060964730967,,,,0.0007397576205913709,,,0.00023933334783838472,0.0019581819368595112,0.0014795152411827418,0.018515698091860492,0.0007397576205913709,,0.0019581819368595112,,0.0009790909684297556,,0.04323230565044277,0.004438545723548226,,0.6532059789821806,,0.0007397576205913709,0.00023933334783838472,,0.00047866669567676943,0.00023933334783838472,0.00047866669567676943,,,,,,,,0.00023933334783838472,,,,0.0007397576205913709,0.0007397576205913709,,,0.00023933334783838472,,0.05582994277757229,0.00047866669567676943,0.0012184243162681404,0.00023933334783838472,0.00023933334783838472,0.002219272861774113,,0.0007397576205913709,,0.01579600095733339,0.0007397576205913709,0.0012184243162681404,0.06942842845020779,0.00023933334783838472,0.006657818585322339,0.0007397576205913709,,,,,0.017536607123430734,0.00023933334783838472,0.0007397576205913709,0.00023933334783838472,,,0.07560758033985335,0.004938969996301212,0.006657818585322339,,0.00023933334783838472,0.00047866669567676943
0.00989969756967864,0.00023933334783838472,,0.00023933334783838472,0.00023933334783838472,,,,0.0007397576205913709,0.00047866669567676943,0.023759274167228738,,,0.001979939513935728,,0.00047866669567676943,,0.04801897260721046,0.005439394269054198,,0.6520963425512936,,,0.0009790909684297556,0.00023933334783838472,0.00023933334783838472,0.00023933334783838472,0.00023933334783838472,,,,,,,,0.0009790909684297556,,,,0.00023933334783838472,0.0014795152411827418,,,,,0.05345836687626466,0.00023933334783838472,0.00047866669567676943,0.0014795152411827418,0.00023933334783838472,0.0014795152411827418,0.00047866669567676943,0.0007397576205913709,,0.019037879941689692,0.0007397576205913709,0.00047866669567676943,0.07251800439503057,0.0007397576205913709,0.006179151889645569,0.0009790909684297556,,0.0014795152411827418,,,0.017057940427753965,0.00047866669567676943,0.0009790909684297556,0.00023933334783838472,,,0.06459824633928765,0.0036987881029568546,0.003959879027871456,,,
0.010574182459041362,,0.00023933334783838472,,0.0005004242727529862,,,0.00023933334783838472,0.0012401818933443572,0.0010008485455059724,0.022671395313417896,,,0.00352472748634712,,,,0.033767759622288465,0.003764060834185505,,0.6818389504144818,,,,,0.00023933334783838472,0.00023933334783838472,0.00023933334783838472,,,0.0007397576205913709,,0.0005004242727529862,,,0.0005004242727529862,,,,0.0005004242727529862,0.0012401818933443572,,,,,0.05593873066295337,0.00023933334783838472,0.0005004242727529862,0.0010008485455059724,0.0005004242727529862,0.0060268488501120515,,0.0025021213637649313,,0.02469484998150606,0.0010008485455059724,0.0012401818933443572,0.0546767911925328,0.0005004242727529862,0.0027632122886795327,0.00023933334783838472,,0.0012401818933443572,,,0.013859576597550096,0.0007397576205913709,0.0015012728182589587,,,,0.05922412480146211,0.00352472748634712,0.004525576031853093,,,
0.010639455190270012,,0.0007397576205913709,,,,0.00023933334783838472,0.00023933334783838472,0.0007397576205913709,0.0015012728182589587,0.014947455451360937,,,0.003024303213594134,,,,0.027109941036966123,0.004046909336176323,,0.7192184678314224,,,0.00023933334783838472,0.0005004242727529862,,,0.00023933334783838472,,,0.0005004242727529862,,0.0007397576205913709,,,,0.00023933334783838472,,,0.00023933334783838472,0.0027849698657557496,,,,,0.053197275951350056,0.00023933334783838472,0.00023933334783838472,0.0010008485455059724,,0.0027849698657557496,0.0005004242727529862,0.0007397576205913709,0.0005004242727529862,0.02177933465329301,0.0005004242727529862,0.0007397576205913709,0.04355866930658602,0.00023933334783838472,0.003285394138508736,0.0010008485455059724,,0.0010008485455059724,,,0.010878788538108397,0.0007397576205913709,0.001261939470420574,,,,0.06029024607819673,0.004046909336176323,0.003546485063423337,,,
0.009399273296925654,,0.00023933334783838472,,0.0007180000435151542,,0.0009573333913535389,0.0007180000435151542,0.0016753334348686931,0.0009573333913535389,0.01614412219055286,,,0.0011966667391919237,,0.00023933334783838472,,0.04096951763451622,0.0023933334783838474,,0.6550988881878115,,,,0.0007180000435151542,0.00023933334783838472,,0.00023933334783838472,,,,,0.00023933334783838472,,,,,,,,0.0021540001305454626,,,,,0.050608124279280256,0.00023933334783838472,,0.00047866669567676943,,0.004090424490328757,0.0007180000435151542,0.0019146667827070777,,0.014207697830769566,0.0007180000435151542,0.00047866669567676943,0.07399751963621332,0.00023933334783838472,0.0021540001305454626,0.00047866669567676943,0.00047866669567676943,0.00023933334783838472,,,0.023846304475533604,,,0.00023933334783838472,0.00023933334783838472,,0.08265703531254759,0.0026326668262222318,0.005047757881682296,,,
0.007245273166380192,,,,0.00023933334783838472,,0.0011966667391919237,0.00047866669567676943,0.0014360000870303083,0.0007180000435151542,0.014011879637083615,,,0.002175757707621679,,0.00047866669567676943,,0.040382063053458365,0.0028937577511368336,,0.6530536759426471,,0.00023933334783838472,,0.0009573333913535389,,,0.00023933334783838472,,,,0.00023933334783838472,,,,0.00023933334783838472,,,,,0.0014360000870303083,,0.00023933334783838472,,,0.05826679141010857,0.00023933334783838472,,0.0009573333913535389,,0.0028937577511368336,0.00023933334783838472,0.0014360000870303083,,0.02053915275994865,0.0014360000870303083,0.00047866669567676943,0.06818824655686342,,0.0014360000870303083,0.0009573333913535389,0.00023933334783838472,0.00023933334783838472,0.00023933334783838472,,0.02053915275994865,0.00023933334783838472,0.00023933334783838472,,0.00023933334783838472,,0.08196079284610866,0.004590848763081743,0.004830182110920128,,,0.0016753334348686931
0.009029394486629969,,0.0009573333913535389,,,,0.00023933334783838472,0.0007180000435151542,0.00047866669567676943,0.0009573333913535389,0.014164182676617131,0.00047866669567676943,,0.003894606296642806,,0.00047866669567676943,,0.03811927503753182,0.005852788233502318,0.0009573333913535389,0.6614303431169906,,0.00047866669567676943,0.00023933334783838472,0.0007180000435151542,0.00023933334783838472,,0.00023933334783838472,,,,0.00023933334783838472,0.00047866669567676943,,,0.001457757664106525,,,,,0.0007180000435151542,,,0.00023933334783838472,,0.05278388198690194,0.0007180000435151542,0.00023933334783838472,0.0016970910119449099,,0.0046343639172341765,0.00047866669567676943,0.0007180000435151542,,0.013185091708187376,0.0012184243162681404,0.0019364243597832945,0.06990709514588456,,0.004395030569395792,0.00023933334783838472,,0.00023933334783838472,,,0.02149648615130219,,0.0009573333913535389,,0.00023933334783838472,,0.0730837013990122,0.0034159396009660363,0.005374121537825548,,,0.00023933334783838472
0.006483757968712604,,,,0.00023933334783838472,,0.00047866669567676943,0.00047866669567676943,0.00047866669567676943,0.0009790909684297556,0.02197515284697896,0.0014795152411827418,,0.0034812123321946867,,0.0012401818933443572,0.00023933334783838472,0.044189639041796305,0.0029807880594417005,,0.6361697961315028,,,,0.0009790909684297556,0.0007397576205913709,,,,,,,,,,0.0007397576205913709,,,0.00047866669567676943,0.00047866669567676943,0.0014795152411827418,,,,,0.06966776179804617,0.0012401818933443572,0.00023933334783838472,0.0024803637866887144,,0.004743151802615261,,0.0012401818933443572,,0.016709819194534497,0.0014795152411827418,0.0012401818933443572,0.06966776179804617,0.00023933334783838472,0.0034812123321946867,0.00023933334783838472,,,,,0.01947303148321403,,0.0014795152411827418,0.00047866669567676943,,,0.06516394334326929,0.006222667043798003,0.00848545505972455,,,0.00023933334783838472
0.006592545854093688,,,,,,,0.00023933334783838472,0.00023933334783838472,0.001261939470420574,0.019516546637366464,0.0007397576205913709,,0.004808424533843911,,0.0007397576205913709,0.00023933334783838472,0.035247274863471206,0.004046909336176323,0.00023933334783838472,0.6528361001718849,0.00023933334783838472,0.001261939470420574,0.0005004242727529862,0.0015012728182589587,0.0010008485455059724,,,,,,,,,,,,,0.0007397576205913709,0.00023933334783838472,0.00176236374317356,,,0.00023933334783838472,,0.06161745827984596,0.00023933334783838472,,0.0015012728182589587,,0.004046909336176323,0.00023933334783838472,0.00023933334783838472,,0.009638606644764038,0.001261939470420574,0.0015012728182589587,0.08115576249428863,0.0007397576205913709,0.0015012728182589587,0.0005004242727529862,,0.0005004242727529862,0.00023933334783838472,,0.018515698091860492,0.00023933334783838472,0.0007397576205913709,0.0020234546680881617,,,0.06847109505885425,0.003285394138508736,0.0053088488065968975,,,0.0022627880159265465
0.012206000739757621,,0.00023933334783838472,,0.00023933334783838472,,0.0009573333913535389,0.00047866669567676943,0.0007180000435151542,0.0028720001740606166,0.011009334000565698,0.00023933334783838472,,0.0031113335218990014,,0.00023933334783838472,,0.026370183416374753,0.0023933334783838474,0.0007180000435151542,0.68466743543439,,0.0011966667391919237,,0.0009573333913535389,0.00047866669567676943,,,,,,0.00023933334783838472,,,,0.0011966667391919237,,,0.0007180000435151542,0.0019146667827070777,0.0016753334348686931,,,,,0.05800570048519397,0.0007180000435151542,0.00023933334783838472,0.0021540001305454626,0.00047866669567676943,0.006462000391636387,,0.00047866669567676943,,0.012706425012510607,0.0016753334348686931,0.0021540001305454626,0.055612367006810125,0.00047866669567676943,0.00047866669567676943,0.0014360000870303083,0.00047866669567676943,0.00023933334783838472,,,0.01653575857792476,,0.0052653336524444636,0.0009573333913535389,,,0.0656861251930985,0.0067013337394747725,0.004308000261090925,,,0.0019146667827070777
0.006462000391636387,,0.00023933334783838472,,0.00023933334783838472,,,,0.0014795152411827418,0.0007397576205913709,0.010944061269337047,0.0014795152411827418,,0.0037205456800330715,,,,0.023628728704771437,0.0009790909684297556,0.00047866669567676943,0.7226126498553123,,0.0009790909684297556,0.00023933334783838472,0.00047866669567676943,0.00047866669567676943,,,,,,,,,,0.00047866669567676943,,,0.0007397576205913709,,0.0034812123321946867,,,,,0.0400339418202389,0.00047866669567676943,0.00023933334783838472,0.0029807880594417005,,0.004960727573377429,0.00023933334783838472,0.00023933334783838472,0.00047866669567676943,0.01018254607166946,0.0014795152411827418,0.0017406061660973434,0.05670024586062096,,,0.00047866669567676943,0.0012401818933443572,,,,0.014164182676617131,0.00023933334783838472,0.0014795152411827418,0.0014795152411827418,,,0.07112551946215269,0.0037205456800330715,0.004220969952786058,,0.0007397576205913709,0.0014795152411827418
0.008594242945105633,,,,,,,,0.0012836970474967907,,0.02164878919083571,0.00023933334783838472,,0.0031113335218990014,,0.00023933334783838472,,0.04462479058332064,0.0028502425969843996,,0.6240508257000501,,0.0015447879724113922,0.0012836970474967907,,,,,,,,,,,,0.0005004242727529862,,,,0.00023933334783838472,0.00023933334783838472,0.00023933334783838472,,0.0005004242727529862,,0.05715715497922151,0.0007615151976675877,0.00023933334783838472,0.0015447879724113922,0.00023933334783838472,0.00467787907138661,,0.00023933334783838472,0.0005004242727529862,0.012249515893910054,0.0007615151976675877,0.0025891516720697983,0.08613824764474227,0.0005004242727529862,0.0005004242727529862,0.0018058788973259938,,0.00023933334783838472,,,0.021126607341006506,0.00023933334783838472,0.0010226061225821893,,,,0.08352733839559627,0.0036335153717282046,0.009116424794934836,,,
0.005591697308587716,,0.0002610909249146015,,0.0002610909249146015,,0.0007832727747438045,0.0002610909249146015,0.001588303126563826,,0.014947455451360937,0.0002610909249146015,,0.004525576031853093,,0.000522181849829203,,0.0430147298796806,0.004003394182023889,0.0002610909249146015,0.6258349470202997,,0.0013272122016492244,0.0018493940514784273,,0.0002610909249146015,,0.0002610909249146015,,,,,,,,0.0021322425534692456,,,,0.0007832727747438045,0.0007832727747438045,0.0002610909249146015,,0.000522181849829203,,0.049955396966993755,0.000522181849829203,0.0002610909249146015,0.0021322425534692456,0.0007832727747438045,0.00345945475511847,,0.0026544244032984487,,0.012815212897891691,0.0021322425534692456,0.0021322425534692456,0.07641261069167338,0.0002610909249146015,0.0007832727747438045,0.0002610909249146015,,0.0002610909249146015,,,0.02110484976393029,0.0002610909249146015,0.0007832727747438045,,,,0.09777855138051826,0.002937272905289267,0.009616849067687823,,,0.0023933334783838474
0.005591697308587716,,0.00023933334783838472,,0.00023933334783838472,,,,0.0005004242727529862,,0.018559213246012923,0.0010008485455059724,,0.002523878940841148,,0.0005004242727529862,,0.045016426970692545,0.003046060790670351,,0.6220708861861143,,0.0015230303953351755,0.0015230303953351755,,0.0005004242727529862,,0.00023933334783838472,,,,0.00023933334783838472,0.00023933334783838472,0.00023933334783838472,,0.00406866691325254,,,,0.001261939470420574,0.0038075759883379385,,0.00023933334783838472,0.0005004242727529862,,0.047061639215856925,0.0005004242727529862,,0.0015230303953351755,0.0010008485455059724,0.0027849698657557496,,0.001261939470420574,,0.009921455146754857,0.00176236374317356,0.002284545593002763,0.08446291420987359,0.0005004242727529862,0.0005004242727529862,,,,,,0.019842910293509715,,0.002284545593002763,,,,0.09590739975196362,0.005069515458758513,0.007375818628837493,,0.0015230303953351755,0.0007615151976675877
0.008724788407562934,,0.0002610909249146015,0.0002610909249146015,0.001588303126563826,,0.000522181849829203,0.0002610909249146015,0.001588303126563826,,0.023019516546637368,0.000522181849829203,,0.002110484976393029,,0.000522181849829203,,0.04103479036574487,0.003176606253127652,,0.6264876743325862,,,0.0002610909249146015,0.000522181849829203,,,0.0002610909249146015,,,,,0.0002610909249146015,0.0002610909249146015,,0.003176606253127652,,,,,0.0007832727747438045,0.000522181849829203,0.0002610909249146015,0.0002610909249146015,,0.060355518809425385,0.000522181849829203,0.0002610909249146015,0.001044363699658406,0.000522181849829203,0.0036987881029568546,0.000522181849829203,0.0013054546245730076,,0.014555819063989034,0.001588303126563826,0.0018493940514784273,0.08074236852984051,0.000522181849829203,0.000522181849829203,0.0007832727747438045,,0.000522181849829203,,0.0002610909249146015,0.01614412219055286,,0.001588303126563826,,0.0002610909249146015,,0.08444115663279737,0.0023715759013076304,0.007658667130828311,,0.0013054546245730076,
0.01031309153412676,,0.000522181849829203,,,,,0.0002610909249146015,,,0.020909031570244336,0.0002610909249146015,0.0002610909249146015,0.004482060877700659,,,,0.042623093492308695,0.0026326668262222318,,0.6404777963925938,,0.001044363699658406,,0.000522181849829203,,,0.0002610909249146015,,,,0.0002610909249146015,0.0002610909249146015,,,0.001588303126563826,,,0.0002610909249146015,0.0007832727747438045,0.0013054546245730076,0.0002610909249146015,,,,0.0611605491612454,0.0002610909249146015,,0.0007832727747438045,,0.005026000304606079,,0.0002610909249146015,,0.01085703096103218,0.0007832727747438045,0.0023715759013076304,0.08313570200822436,0.0007832727747438045,0.001044363699658406,0.0007832727747438045,,0.000522181849829203,,0.0002610909249146015,0.019581819368595113,,0.000522181849829203,,,,0.07334479232392681,0.0028937577511368336,0.005809273079349884,,0.000522181849829203,
0.011096364308870564,,0.0007615151976675877,,0.00023933334783838472,,0.00023933334783838472,,0.0015447879724113922,0.00023933334783838472,0.013163334131111159,0.00023933334783838472,,0.004895454842148778,,0.0007615151976675877,,0.02687060768912774,0.0012836970474967907,,0.6704814951806967,,0.0010226061225821893,,0.0018058788973259938,0.00023933334783838472,,0.0005004242727529862,,,0.0005004242727529862,,0.0010226061225821893,,,0.0012836970474967907,0.00023933334783838472,,0.00023933334783838472,,0.0005004242727529862,0.0005004242727529862,,,0.00023933334783838472,0.07393224690498466,0.0005004242727529862,0.0007615151976675877,0.0007615151976675877,,0.0036117577946519876,,0.0010226061225821893,,0.010595940036117578,0.0005004242727529862,0.002828485019908183,0.0545462457300755,0.0005004242727529862,0.0033506668697373863,0.0005004242727529862,0.00023933334783838472,0.0007615151976675877,,,0.018602728400165358,,0.0018058788973259938,0.0005004242727529862,,,0.07367115598007005,0.005417636691977981,0.005678727616892583,,,
0.008115576249428864,,0.000522181849829203,,,,0.000522181849829203,,0.001044363699658406,,0.014425273601531733,0.0002610909249146015,,0.008115576249428864,,0.0002610909249146015,0.000522181849829203,0.026478971301755836,0.00576575792519745,,0.7411283479471726,,0.0013054546245730076,,0.001044363699658406,0.0002610909249146015,0.0002610909249146015,0.0002610909249146015,,,,,0.0007832727747438045,,,0.000522181849829203,,,0.0002610909249146015,,0.0013054546245730076,0.001044363699658406,,,,0.04220969952786058,0.0007832727747438045,0.000522181849829203,0.000522181849829203,,0.0039163638737190224,,0.000522181849829203,,0.009421030874001871,0.0007832727747438045,0.0026109092491460152,0.04536454820391201,0.001044363699658406,0.001044363699658406,0.0002610909249146015,,0.001044363699658406,,,0.013881334174626314,0.000522181849829203,0.0002610909249146015,0.000522181849829203,,,0.05324079110550249,0.0039163638737190224,0.0033941820238898197,,,
0.0059398185418071845,,0.0007397576205913709,,,,0.0007397576205913709,,0.00047866669567676943,0.00023933334783838472,0.018080546550336155,0.00023933334783838472,,0.00345945475511847,,,,0.0399033963577816,0.0029590304823654836,,0.684058223276256,,0.0007397576205913709,0.002219272861774113,0.00023933334783838472,,,0.00023933334783838472,,,0.00023933334783838472,,,,,0.00023933334783838472,,,,0.00023933334783838472,0.00047866669567676943,,0.00047866669567676943,,0.00023933334783838472,0.05082570005004243,0.00023933334783838472,,,,0.007919758055742913,0.00023933334783838472,0.00023933334783838472,,0.0076804247079045275,0.0009790909684297556,0.0007397576205913709,0.0713866103870673,,0.0007397576205913709,0.0007397576205913709,,,0.00023933334783838472,,0.0171014555819064,0.00023933334783838472,0.00023933334783838472,0.00047866669567676943,0.00023933334783838472,,0.06692630708644286,0.004699636648462827,0.004938969996301212,,0.0009790909684297556,
0.007615151976675877,,0.0005004242727529862,,,,0.00023933334783838472,,0.0005004242727529862,,0.013968364482931182,,,0.00406866691325254,,,,0.04321054807336655,0.00406866691325254,0.00023933334783838472,0.6698940405996388,,0.001261939470420574,0.00023933334783838472,,,,0.00023933334783838472,,,,0.00023933334783838472,0.00023933334783838472,,0.00023933334783838472,0.00023933334783838472,,,,,0.0005004242727529862,0.00023933334783838472,0.00023933334783838472,,,0.05210939709753922,0.0007615151976675877,,0.00023933334783838472,,0.0027849698657557496,,0.00023933334783838472,,0.009660364221840256,0.001261939470420574,0.0010008485455059724,0.07399751963621332,,0.002523878940841148,,,,0.00023933334783838472,,0.017536607123430734,0.00023933334783838472,0.00023933334783838472,0.001261939470420574,0.001261939470420574,,0.0744979439089663,0.003546485063423337,0.0058310306564261,,0.0007615151976675877,0.0020234546680881617
0.007158242858075325,,,,,,0.00023933334783838472,,0.0015230303953351755,0.00023933334783838472,0.018689758708470224,0.0007615151976675877,,0.001784121320249777,,0.00023933334783838472,,0.03864145688736102,0.002806727442831966,,0.6540980396423055,,0.001784121320249777,,0.00023933334783838472,0.0007615151976675877,,0.00023933334783838472,,,,0.0005004242727529862,0.00023933334783838472,,,0.0010226061225821893,0.00023933334783838472,,,,0.0010226061225821893,,0.0010226061225821893,0.00023933334783838472,,0.05400230630317008,0.001261939470420574,,0.0005004242727529862,0.00023933334783838472,0.001261939470420574,,0.00023933334783838472,0.00023933334783838472,0.013054546245730075,0.001261939470420574,0.001784121320249777,0.07347533778638411,0.0007615151976675877,0.003067818367746568,0.00023933334783838472,,0.001261939470420574,,,0.0199516981788908,,0.00023933334783838472,0.0010226061225821893,0.0010226061225821893,,0.07782685320162747,0.003067818367746568,0.008441939905572116,,0.0010226061225821893,0.001261939470420574
0.007114727703922891,,0.0007615151976675877,0.00023933334783838472,0.00023933334783838472,,0.00023933334783838472,,,,0.025456365179173646,0.00176236374317356,0.00023933334783838472,0.002284545593002763,,0.0007615151976675877,0.00023933334783838472,0.03820630534583669,0.003546485063423337,,0.6528796153260372,0.00023933334783838472,0.0010008485455059724,0.0005004242727529862,0.00023933334783838472,,,0.00023933334783838472,,0.00023933334783838472,,0.00023933334783838472,,,,0.00023933334783838472,,,,0.00023933334783838472,0.00023933334783838472,,,,,0.05476382150083767,0.0005004242727529862,0.0005004242727529862,0.0010008485455059724,0.00023933334783838472,0.002545636517917365,,0.001261939470420574,,0.014773394834751203,0.0015230303953351755,0.0015230303953351755,0.07539000456909119,0.00023933334783838472,0.003546485063423337,0.001261939470420574,0.0005004242727529862,0.0007615151976675877,,,0.016296425230086377,0.00023933334783838472,0.0007615151976675877,0.0020234546680881617,0.001261939470420574,,0.06494636757250713,0.006614303431169905,0.00787624290159048,,0.0005004242727529862,0.00176236374317356
0.00983442483844999,,0.0007615151976675877,,,,0.0030895759448227845,,,,0.02251909227388438,0.0005004242727529862,,0.0036117577946519876,,0.00413393964448119,0.00023933334783838472,0.043993820848110356,0.002328060747155197,0.0010226061225821893,0.6469180392071538,,0.0012836970474967907,0.0015447879724113922,,0.00023933334783838472,,0.00023933334783838472,,,,0.00023933334783838472,,0.00023933334783838472,,0.0007615151976675877,,,,0.002828485019908183,0.0007615151976675877,,,,,0.058506124757946955,0.0005004242727529862,0.00023933334783838472,0.002066969822240595,0.00023933334783838472,0.0030895759448227845,,0.0010226061225821893,,0.015273819107504189,0.0012836970474967907,0.0015447879724113922,0.07430212571528035,0.0018058788973259938,0.002328060747155197,0.0015447879724113922,0.0012836970474967907,0.0005004242727529862,0.00023933334783838472,,0.02069145579948217,,0.0012836970474967907,0.0007615151976675877,0.0010226061225821893,,0.05746176105828855,0.0036117577946519876,0.0010226061225821893,,,0.0012836970474967907
0.008898849024172668,,,,0.00023933334783838472,,0.0033071517155849523,0.00023933334783838472,0.0005004242727529862,0.00023933334783838472,0.01934248602075673,0.00023933334783838472,,0.004329757838167142,,0.0027849698657557496,,0.021888122538674094,0.003046060790670351,0.0015230303953351755,0.6999412545418942,,0.0010008485455059724,0.0010008485455059724,,0.0005004242727529862,,0.00023933334783838472,,,,0.0007615151976675877,,0.00023933334783838472,,0.002284545593002763,,,,0.0015230303953351755,0.0007615151976675877,,,,,0.04329757838167142,0.00023933334783838472,0.001261939470420574,0.0038075759883379385,0.00023933334783838472,0.005330606383673114,0.0005004242727529862,0.0007615151976675877,,0.014773394834751203,0.0010008485455059724,0.0027849698657557496,0.0664693979678423,,0.0010008485455059724,0.002545636517917365,0.0010008485455059724,,,,0.015012728182589587,0.00023933334783838472,0.00406866691325254,0.0007615151976675877,0.00023933334783838472,,0.051434912208176496,0.00509127303583473,0.002545636517917365,,0.0007615151976675877,
0.006984182241465591,,0.0005004242727529862,,0.00023933334783838472,,0.00023933334783838472,,0.00023933334783838472,0.00023933334783838472,0.009312242988620788,0.0005004242727529862,,0.002828485019908183,,0.0012836970474967907,0.0005004242727529862,0.021191880072235155,0.0018058788973259938,,0.7572071974064969,,0.0015447879724113922,0.0007615151976675877,,,,0.00023933334783838472,,,,0.00023933334783838472,,0.00023933334783838472,,0.0012836970474967907,,,,0.0005004242727529862,0.0007615151976675877,0.0005004242727529862,,,,0.04318879049629033,0.0007615151976675877,0.00023933334783838472,0.0010226061225821893,0.0010226061225821893,0.0025673940949935813,,0.0005004242727529862,0.00023933334783838472,0.013446182633101978,0.0005004242727529862,0.002328060747155197,0.04758382106568613,0.0005004242727529862,0.0018058788973259938,0.0010226061225821893,,,,,0.012140728008528971,,0.0007615151976675877,0.0005004242727529862,,,0.051456669785252714,0.0036117577946519876,0.00413393964448119,,0.0010226061225821893,0.0005004242727529862
0.005569939731511499,,0.00023933334783838472,,,,,,0.0007615151976675877,,0.01649224342377233,0.00023933334783838472,,0.002523878940841148,,0.001261939470420574,,0.035290790017623634,0.002523878940841148,,0.6749853136354735,,0.001261939470420574,0.0010008485455059724,,0.00023933334783838472,,0.00023933334783838472,,,,0.00023933334783838472,,,,0.0007615151976675877,,,,0.0010008485455059724,0.00023933334783838472,,,,,0.05537303365897174,0.0005004242727529862,0.0005004242727529862,,0.0007615151976675877,0.001261939470420574,,0.0010008485455059724,,0.011161637040099214,0.0007615151976675877,0.002523878940841148,0.07491133787341442,0.0007615151976675877,0.0015230303953351755,0.0007615151976675877,,,,,0.017775940471269118,,0.0010008485455059724,,,,0.07238745893257327,0.0058310306564261,0.005330606383673114,,0.0010008485455059724,
0.0044603033006244425,,0.00047866669567676943,,0.0007397576205913709,,0.0007397576205913709,0.00047866669567676943,0.0017188485890211266,,0.0171014555819064,0.00023933334783838472,,0.004199212375709841,,0.0014795152411827418,,0.04138291159896434,0.00345945475511847,,0.652248645590827,0.00023933334783838472,0.0014795152411827418,0.0007397576205913709,0.00023933334783838472,0.0012184243162681404,,0.00023933334783838472,,,,0.00023933334783838472,,,,0.00047866669567676943,,,0.00023933334783838472,0.00047866669567676943,0.0009790909684297556,,,,,0.05798394290811775,0.0012184243162681404,0.0009790909684297556,0.00023933334783838472,0.0009790909684297556,0.0017188485890211266,0.00047866669567676943,0.0007397576205913709,,0.012380061356367355,0.0012184243162681404,0.0009790909684297556,0.07582515611061552,0.00023933334783838472,0.0032201214072800854,0.0007397576205913709,0.00023933334783838472,,,,0.020560910337024868,0.00023933334783838472,0.002719697134527099,,,,0.07112551946215269,0.005200060921215813,0.004199212375709841,,0.0007397576205913709,0.0007397576205913709
0.00957333391353539,,,,,,,0.0005004242727529862,0.0005004242727529862,,0.01553491003241879,,,0.004917212419224995,,0.0007615151976675877,,0.03781466895846478,0.0028502425969843996,,0.6613433128086856,0.0007615151976675877,0.0005004242727529862,0.0005004242727529862,0.0010226061225821893,0.0018058788973259938,,,,,0.00023933334783838472,,,,,,,,0.0007615151976675877,0.00023933334783838472,0.0028502425969843996,,,0.00023933334783838472,,0.057766367137355584,0.00023933334783838472,0.0005004242727529862,0.00023933334783838472,,0.002328060747155197,,0.0018058788973259938,,0.017862970779573988,0.0005004242727529862,0.0025891516720697983,0.0652944888057266,0.00023933334783838472,0.0059398185418071845,,,0.0005004242727529862,,,0.019429516329061595,,0.0012836970474967907,0.0005004242727529862,,,0.0709949739996954,0.0030895759448227845,0.005439394269054198,,0.0005004242727529862,0.00023933334783838472
0.006462000391636387,0.0008050303518200213,0.0002610909249146015,,,,0.000522181849829203,,0.0016100607036400427,0.0002610909249146015,0.018341637475250756,0.000522181849829203,0.0002610909249146015,0.002415091055460064,,,,0.04125236613650704,0.0021540001305454626,0.0002610909249146015,0.687278344683536,0.0002610909249146015,0.000522181849829203,,0.0002610909249146015,0.000522181849829203,,,,,,,,,,0.0016100607036400427,0.0002610909249146015,,,0.0016100607036400427,0.0010661212767346228,,,,,0.053393094145036006,,0.0013272122016492244,,,0.004025151759100107,,0.0021540001305454626,,0.007810970170361828,0.000522181849829203,0.0016100607036400427,0.07686951981027393,0.0002610909249146015,0.005113030612910946,0.0002610909249146015,0.0008050303518200213,0.0002610909249146015,,,0.014555819063989034,,0.0021540001305454626,0.0002610909249146015,,,0.050978003089575945,0.003764060834185505,0.004025151759100107,,0.000522181849829203,0.0008050303518200213
0.007201758012227759,,0.00023933334783838472,,,,0.0017188485890211266,,,,0.015904788842714474,0.00047866669567676943,,0.0024803637866887144,,,,0.027827941080481276,0.0014795152411827418,,0.7346010748243075,0.00023933334783838472,0.00047866669567676943,0.0007397576205913709,,0.00023933334783838472,,,,,,,,,,,,,,,0.00023933334783838472,,,,,0.055438306390200386,,,0.0014795152411827418,,0.005200060921215813,,0.0024803637866887144,,0.004220969952786058,,0.00023933334783838472,0.06364091294793411,0.00047866669567676943,0.0014795152411827418,0.00047866669567676943,0.0007397576205913709,,0.00023933334783838472,,0.015643697917799872,0.00047866669567676943,0.0012401818933443572,,,,0.044733578468701726,0.0044603033006244425,0.00345945475511847,,,
0.017057940427753965,,,,,,0.00023933334783838472,,,,0.01729727377559235,0.00047866669567676943,,0.0016970910119449099,,,,0.022432061965579512,0.001457757664106525,0.00023933334783838472,0.7803355018385152,0.00023933334783838472,0.00047866669567676943,0.0012184243162681404,,0.00023933334783838472,,,,0.00023933334783838472,,,,,,,,,0.00023933334783838472,0.00023933334783838472,0.00023933334783838472,0.00023933334783838472,,,,0.06022497334696808,,,,0.00047866669567676943,0.0058310306564261,,0.0009573333913535389,,0.0012184243162681404,0.00023933334783838472,0.0016970910119449099,0.0348556384760993,0.00047866669567676943,0.0007180000435151542,0.0009573333913535389,,,,,0.010726485498574878,,0.0033941820238898197,0.00023933334783838472,,,0.0287635168947586,0.0033941820238898197,0.0012184243162681404,,,
0.007854485324514262,,0.0007180000435151542,,0.00047866669567676943,,0.00047866669567676943,,,,0.01620939492178151,0.00047866669567676943,,0.002937272905289267,,0.00047866669567676943,,0.023345880202780618,0.002197515284697896,,0.774896107569461,0.00023933334783838472,0.00023933334783838472,0.0012184243162681404,,0.00023933334783838472,,0.00023933334783838472,,0.00023933334783838472,0.00023933334783838472,,,,,,,,,0.0009790909684297556,0.0007180000435151542,,,,,0.041295881290659475,,,,,0.005896303387654751,0.00047866669567676943,0.003176606253127652,,0.004656121494310394,0.00047866669567676943,0.0017188485890211266,0.05187006374970083,0.00023933334783838472,0.0012184243162681404,0.0019581819368595112,,0.00023933334783838472,,,0.013032788668653858,,0.0017188485890211266,,,,0.03392006266182198,0.0024586062096124974,0.0012184243162681404,,,
0.006766606470703422,,0.0007397576205913709,,,,0.0010008485455059724,0.00023933334783838472,0.0007397576205913709,,0.014294728139074432,0.00023933334783838472,,0.003241878984356302,,0.0012401818933443572,0.00023933334783838472,0.03561715367376689,0.0022410304388503295,,0.6909771327864929,0.00023933334783838472,,,,0.0010008485455059724,,0.0005004242727529862,,,,,0.00023933334783838472,,,,,,0.00023933334783838472,0.0007397576205913709,0.0007397576205913709,,,,,0.04943321511716455,0.0012401818933443572,,0.0007397576205913709,,0.0025021213637649313,0.0007397576205913709,0.0020016970910119447,,0.014294728139074432,0.0010008485455059724,0.0010008485455059724,0.07101673157677162,,0.0012401818933443572,0.0005004242727529862,,0.00023933334783838472,,,0.018058788973259937,,0.0017406061660973434,,0.00023933334783838472,,0.06675224646983312,0.003241878984356302,0.0025021213637649313,0.00023933334783838472,,
0.0032201214072800854,,,,0.00023933334783838472,,0.00023933334783838472,,0.00023933334783838472,,0.01370727355801658,,,0.0037205456800330715,,0.0007397576205913709,0.00023933334783838472,0.03764060834185505,0.001979939513935728,0.00023933334783838472,0.6789016775091927,0.00023933334783838472,0.00023933334783838472,,,0.00047866669567676943,,0.00047866669567676943,,,0.00023933334783838472,,,,,0.00047866669567676943,0.00023933334783838472,,,0.0007397576205913709,0.0009790909684297556,,0.00023933334783838472,,,0.06405430691238223,0.0012401818933443572,0.00047866669567676943,0.0007397576205913709,,0.0034812123321946867,0.00023933334783838472,0.0014795152411827418,,0.010965818846413263,0.0017406061660973434,0.0022410304388503295,0.06555557973064119,0.00047866669567676943,0.0014795152411827418,,,,,,0.017928243510802636,,0.0012401818933443572,,0.00023933334783838472,,0.07227867104719218,0.004220969952786058,0.0037205456800330715,,,0.0007397576205913709
0.005700485193968799,,0.00047866669567676943,,0.00047866669567676943,,0.0007397576205913709,,0.0007397576205913709,0.00023933334783838472,0.022062183155283827,,,0.0024586062096124974,,0.00047866669567676943,,0.0401644872826962,0.0029590304823654836,0.00047866669567676943,0.6762472531058942,0.00047866669567676943,0.00047866669567676943,0.00047866669567676943,,0.0007397576205913709,,0.00047866669567676943,,,0.0017188485890211266,,,0.00023933334783838472,,0.0007397576205913709,,,,0.0007397576205913709,0.0014795152411827418,,,,,0.05602576097125824,0.0014795152411827418,0.00047866669567676943,0.0012184243162681404,,0.0024586062096124974,0.00023933334783838472,0.0012184243162681404,,0.014360000870303083,0.0012184243162681404,0.001979939513935728,0.05652618524401123,0.0007397576205913709,0.002719697134527099,0.00047866669567676943,,0.002219272861774113,,,0.013620243249711712,,0.00047866669567676943,0.00047866669567676943,,,0.07262679228041165,0.0032201214072800854,0.0036987881029568546,,0.00023933334783838472,0.0014795152411827418
0.0044603033006244425,,,,,0.00021757577076216792,0.00045690911860055264,,0.0009355758142773221,0.00021757577076216792,0.014838667565979853,0.00021757577076216792,,0.00352472748634712,,0.0006962424664389374,,0.03276691107678249,0.0023498183242314135,0.0009355758142773221,0.7070124670916647,0.00045690911860055264,0.00045690911860055264,0.00021757577076216792,,0.0016318182807162594,,0.00045690911860055264,,,,,,0.00021757577076216792,,0.00021757577076216792,,,,0.0006962424664389374,0.0011749091621157067,0.00021757577076216792,,,,0.049498487848393204,0.00045690911860055264,0.0014142425099540916,0.0006962424664389374,,0.0014142425099540916,,0.0018711516285546442,,0.016013576728095558,0.0016318182807162594,0.003046060790670351,0.06531624638280281,0.00045690911860055264,0.0018711516285546442,0.0011749091621157067,,0.0025891516720697983,,,0.012488849241748439,0.00021757577076216792,0.00045690911860055264,0.00021757577076216792,,,0.057766367137355584,0.0025891516720697983,0.00352472748634712,,0.00021757577076216792,0.0006962424664389374
0.006092121581340702,,,,0.0007180000435151542,,0.0012184243162681404,,0.0009573333913535389,,0.014860425143056069,,,0.003894606296642806,,0.0007180000435151542,,0.037771153804312355,0.002436848632536281,,0.6569047670851373,0.00023933334783838472,0.00023933334783838472,0.00023933334783838472,,0.0009573333913535389,,0.00047866669567676943,,,,,0.00047866669567676943,,,,0.0019364243597832945,,,0.0016970910119449099,0.002175757707621679,,,,,0.058984791453623724,0.00047866669567676943,0.003655272948804421,0.0009573333913535389,,0.0026761819803746653,,0.0026761819803746653,,0.012423576510519788,0.00047866669567676943,0.0016970910119449099,0.06947194360436022,0.00023933334783838472,0.002175757707621679,0.00023933334783838472,0.0007180000435151542,0.003154848676051435,,,0.017057940427753965,0.0012184243162681404,0.0009573333913535389,0.00047866669567676943,,,0.07556406518570093,0.003154848676051435,0.006331454929179086,0.00023933334783838472,,0.0009573333913535389
0.0052218184982920305,0.0006962424664389374,,,0.00021757577076216792,,0.0009355758142773221,,0.001892909205630861,0.00021757577076216792,0.012597637127129522,,0.00021757577076216792,0.0033289092926611693,,0.00045690911860055264,0.00021757577076216792,0.025217031831335262,0.0026109092491460152,0.00045690911860055264,0.6998759818106657,0.00021757577076216792,0.00045690911860055264,0.004025151759100107,,0.0014142425099540916,,0.0006962424664389374,,,,,0.00045690911860055264,,,0.0014142425099540916,0.003568242640499554,,,0.001892909205630861,0.0006962424664389374,,,,,0.05567763973803877,0.00021757577076216792,0.005461151846130415,0.0009355758142773221,,0.007615151976675877,,0.0011749091621157067,,0.013076303822806293,0.0021322425534692456,0.0026109092491460152,0.05615630643371554,0.00045690911860055264,0.004264485106938491,0.0006962424664389374,,0.0016535758577924762,,,0.014751637257674985,,0.00021757577076216792,0.00021757577076216792,0.00021757577076216792,,0.05354539718456953,0.0052218184982920305,0.0033289092926611693,0.00021757577076216792,0.00021757577076216792,0.0009355758142773221
0.005461151846130415,,0.00047866669567676943,0.0007397576205913709,0.00023933334783838472,,0.001979939513935728,,0.0007397576205913709,,0.013163334131111159,0.00047866669567676943,,0.003959879027871456,,0.00023933334783838472,,0.029546789669502405,0.0024803637866887144,,0.7349709536346032,0.00023933334783838472,0.00047866669567676943,0.0037205456800330715,,0.00047866669567676943,,0.0007397576205913709,,,0.0007397576205913709,,0.00047866669567676943,,,0.0007397576205913709,0.001979939513935728,,,0.0029807880594417005,0.0014795152411827418,0.00023933334783838472,0.00023933334783838472,,,0.041970366180022194,0.00047866669567676943,0.005200060921215813,0.0009790909684297556,,0.004699636648462827,0.00023933334783838472,0.0007397576205913709,0.00023933334783838472,0.014142425099540916,0.0007397576205913709,0.0032201214072800854,0.045952002784969866,0.00047866669567676943,0.0014795152411827418,0.00023933334783838472,,0.0017188485890211266,,,0.012401818933443571,,0.001979939513935728,0.00023933334783838472,0.001979939513935728,,0.041970366180022194,0.005200060921215813,0.004220969952786058,0.00023933334783838472,,0.00023933334783838472
0.004786666956767695,,0.0009573333913535389,,,,0.0035900002175757706,,0.0009573333913535389,,0.018972607210461043,0.00023933334783838472,,0.005026000304606079,0.00047866669567676943,,,0.03363721415983116,0.0019146667827070777,,0.6818171928374057,0.00023933334783838472,0.00047866669567676943,0.0009573333913535389,,0.00023933334783838472,,,,,,,,,,0.00023933334783838472,0.0014360000870303083,,,0.0009573333913535389,0.0009573333913535389,,0.00023933334783838472,,,0.05093448793542351,0.00023933334783838472,,0.0007180000435151542,,0.0023933334783838474,0.00047866669567676943,0.0007180000435151542,0.00023933334783838472,0.021627031613759493,0.0011966667391919237,0.0026326668262222318,0.06727442831966232,0.00047866669567676943,0.004786666956767695,,,0.00023933334783838472,,,0.018015273819107506,,,,,,0.06416309479776332,0.0033506668697373863,0.0021540001305454626,0.00023933334783838472,,
0.0034812123321946867,,0.00047866669567676943,,,,0.0017406061660973434,,0.00023933334783838472,0.00023933334783838472,0.02062618306825352,0.00023933334783838472,,0.0032201214072800854,,,,0.031831335262505166,0.0014795152411827418,0.00023933334783838472,0.6896934357389961,0.00023933334783838472,0.00023933334783838472,0.00047866669567676943,,,,0.0007397576205913709,,,,,0.00023933334783838472,0.00023933334783838472,,0.00023933334783838472,0.002219272861774113,,,0.0012401818933443572,0.0009790909684297556,0.0007397576205913709,0.00023933334783838472,0.00023933334783838472,0.00023933334783838472,0.046234851286960685,0.00047866669567676943,0.0009790909684297556,0.00047866669567676943,,0.0017406061660973434,0.00047866669567676943,0.001979939513935728,0.00023933334783838472,0.021126607341006506,0.0009790909684297556,0.0032201214072800854,0.05941994299514806,0.00047866669567676943,0.0029807880594417005,0.00047866669567676943,,0.00047866669567676943,0.00023933334783838472,,0.01566545549487609,0.00023933334783838472,0.0012401818933443572,0.00047866669567676943,,,0.06962424664389373,0.0044603033006244425,0.004220969952786058,0.00023933334783838472,,
0.007158242858075325,,,,0.00023933334783838472,,,,0.00023933334783838472,0.00047866669567676943,0.02053915275994865,,0.0007397576205913709,0.004199212375709841,,,,0.03785818411261722,0.0031983638302038684,0.00023933334783838472,0.6766824046474185,0.00023933334783838472,0.00047866669567676943,0.00047866669567676943,,0.00023933334783838472,,0.0007397576205913709,,,,,,0.00023933334783838472,,0.00023933334783838472,,,,0.0014795152411827418,0.0009790909684297556,0.00023933334783838472,,,,0.046517699788951504,0.00023933334783838472,0.0007397576205913709,0.0009790909684297556,,0.0036987881029568546,0.00023933334783838472,0.0009790909684297556,0.00023933334783838472,0.013859576597550096,0.0014795152411827418,0.002219272861774113,0.06235721590043733,0.00023933334783838472,0.005178303344139597,0.00023933334783838472,,,,,0.01533909183873284,,0.00023933334783838472,0.00023933334783838472,0.00023933334783838472,,0.07819673201192315,0.0059398185418071845,0.001979939513935728,0.00047866669567676943,,0.0012184243162681404
0.006984182241465591,,0.00047866669567676943,,,,0.0007180000435151542,,0.0007180000435151542,0.0009573333913535389,0.015904788842714474,0.00047866669567676943,,0.0036117577946519876,,,,0.03690085072126368,0.0023933334783838474,0.00047866669567676943,0.6633014947455451,0.00023933334783838472,0.00047866669567676943,0.00047866669567676943,0.00023933334783838472,0.0007180000435151542,,,,,0.00023933334783838472,,,,0.0007180000435151542,0.0014360000870303083,0.0009573333913535389,,,0.0009573333913535389,0.0009573333913535389,0.00047866669567676943,,,,0.051369639476947844,0.00023933334783838472,0.0009573333913535389,0.0011966667391919237,,0.0021540001305454626,0.00023933334783838472,0.0016753334348686931,0.00023933334783838472,0.02001697091011945,0.0009573333913535389,0.0021540001305454626,0.06729618589673854,,0.004808424533843911,0.00023933334783838472,,0.0007180000435151542,,0.00023933334783838472,0.022671395313417896,,,0.00047866669567676943,,,0.0750201257587955,0.0033724244468136028,0.003133091098975218,,,
0.006418485237483954,0.00023933334783838472,0.00023933334783838472,,0.0029590304823654836,,0.00023933334783838472,,0.0009790909684297556,0.0009790909684297556,0.024738365135658493,,,0.005439394269054198,,,,0.04105654794282109,0.002219272861774113,,0.6572311307412806,0.00023933334783838472,0.00023933334783838472,0.00023933334783838472,,0.0014795152411827418,,,,,0.00023933334783838472,,,0.00023933334783838472,,0.00345945475511847,,,,0.0007397576205913709,0.00023933334783838472,0.0009790909684297556,,,,0.05491612454037118,0.00047866669567676943,0.00047866669567676943,0.0012184243162681404,,0.004699636648462827,0.00023933334783838472,0.00047866669567676943,0.00047866669567676943,0.01607884945932421,,0.0029590304823654836,0.06481582211004983,0.00023933334783838472,0.0031983638302038684,0.0007397576205913709,0.00023933334783838472,,,,0.018798546593851308,,0.0014795152411827418,0.00047866669567676943,,,0.06753551924457693,0.004938969996301212,0.004199212375709841,,0.00047866669567676943,
0.0143817584473793,0.00023933334783838472,0.00023933334783838472,,,,,0.00023933334783838472,0.0010226061225821893,0.0005004242727529862,0.01873327386262266,,,0.005896303387654751,,0.0005004242727529862,,0.022083940732360044,0.0012836970474967907,0.00023933334783838472,0.6933269511107243,0.00023933334783838472,,0.00023933334783838472,0.00023933334783838472,0.0007615151976675877,,,,,,,,0.00023933334783838472,,0.004090424490328757,,,,0.0012836970474967907,0.003067818367746568,0.0012836970474967907,,,,0.05110854855203324,0.00023933334783838472,,0.0015230303953351755,,0.005635212462740149,0.0005004242727529862,0.0005004242727529862,0.0005004242727529862,0.01771066774004047,0.0005004242727529862,0.005374121537825548,0.06342333717717195,,0.005374121537825548,0.0012836970474967907,,,,,0.019516546637366464,0.00023933334783838472,0.0005004242727529862,0.00023933334783838472,,,0.048280063532125064,0.00230630317007898,0.00461260634015796,,0.0005004242727529862,
0.0062009094667217855,0.0005004242727529862,,,0.0005004242727529862,,0.00023933334783838472,0.0005004242727529862,0.0007615151976675877,,0.011357455233785166,0.0010226061225821893,,0.00413393964448119,,0.00023933334783838472,0.00023933334783838472,0.02504297121472553,0.0015447879724113922,,0.7540523487304455,0.00023933334783838472,,,,0.002066969822240595,,,,,,,,0.00023933334783838472,,0.00230630317007898,,,0.00023933334783838472,0.0007615151976675877,0.0015447879724113922,0.0007615151976675877,,,,0.053480124453340876,0.0005004242727529862,,0.0010226061225821893,,0.0012836970474967907,0.00023933334783838472,0.0007615151976675877,0.00023933334783838472,0.023237092317399535,,0.002066969822240595,0.046234851286960685,0.00023933334783838472,0.0012836970474967907,0.00023933334783838472,,,,,0.010835273383955962,0.0005004242727529862,0.00023933334783838472,,,,0.036944365875416114,0.002828485019908183,0.002066969822240595,,0.0010226061225821893,0.00023933334783838472
0.005047757881682296,0.00023933334783838472,,,0.0005004242727529862,,0.00023933334783838472,,0.00023933334783838472,0.0005004242727529862,0.021278910380540025,0.0005004242727529862,0.00023933334783838472,0.003785818411261722,,0.0005004242727529862,0.0005004242727529862,0.03648745675681556,0.0022627880159265465,,0.6662605252279106,0.00023933334783838472,,,,0.0005004242727529862,,,,,,,,,,0.0020234546680881617,,0.0005004242727529862,0.00023933334783838472,0.0007397576205913709,0.0010008485455059724,0.0010008485455059724,,0.0005004242727529862,,0.04738800287200017,0.00023933334783838472,,0.0022627880159265465,,0.004308000261090925,0.00023933334783838472,0.0007397576205913709,0.00023933334783838472,0.02380278932138117,0.0007397576205913709,0.0007397576205913709,0.07069036792062836,0.0005004242727529862,0.0022627880159265465,0.0020234546680881617,0.00023933334783838472,,,,0.014425273601531733,0.00023933334783838472,0.0005004242727529862,,0.0005004242727529862,,0.07552055003154849,0.003785818411261722,0.0027849698657557496,,,0.0005004242727529862
0.006940667087313157,0.00023933334783838472,0.00047866669567676943,,0.0007397576205913709,,0.0007397576205913709,,0.0012401818933443572,0.00023933334783838472,0.01886381932507996,0.00023933334783838472,,0.004960727573377429,,0.0007397576205913709,,0.04020800243684863,0.002719697134527099,0.0007397576205913709,0.6717869498052698,0.00023933334783838472,0.00023933334783838472,0.00047866669567676943,,0.00047866669567676943,,,,,,,,0.00023933334783838472,,0.0007397576205913709,,,0.00023933334783838472,0.00047866669567676943,0.00047866669567676943,0.0012401818933443572,,,,0.05883248841409021,0.00047866669567676943,0.00023933334783838472,0.0007397576205913709,,0.0029590304823654836,,0.0012401818933443572,0.00023933334783838472,0.013402667478949545,0.0007397576205913709,0.0012401818933443572,0.06677400404690934,,0.002719697134527099,0.0014795152411827418,0.00023933334783838472,0.00023933334783838472,,0.00023933334783838472,0.018102304127412372,0.00047866669567676943,0.0007397576205913709,,0.00023933334783838472,0.00023933334783838472,0.06429364026022062,0.00345945475511847,0.0037205456800330715,0.00047866669567676943,0.00023933334783838472,0.00047866669567676943
0.004808424533843911,,,0.00023933334783838472,0.0009573333913535389,,0.00047866669567676943,0.00023933334783838472,0.0023933334783838474,0.00047866669567676943,0.024129152977524423,0.00047866669567676943,,0.004090424490328757,,0.0014360000870303083,,0.03596527490698636,0.0021540001305454626,0.00023933334783838472,0.6737016165879768,0.00023933334783838472,0.00023933334783838472,0.00023933334783838472,,0.0011966667391919237,,,,0.00023933334783838472,,,0.00023933334783838472,0.00023933334783838472,,0.0007180000435151542,,,,0.0007180000435151542,0.0009573333913535389,0.0009573333913535389,0.00047866669567676943,,,0.05432866995931333,0.0014360000870303083,0.00023933334783838472,0.00023933334783838472,0.0014360000870303083,0.0033724244468136028,,0.0011966667391919237,0.00023933334783838472,0.012793455320815474,0.0023933334783838474,0.0007180000435151542,0.06688279193229042,,0.0023933334783838474,0.00047866669567676943,0.0014360000870303083,,0.00047866669567676943,,0.016165879767629076,,0.0011966667391919237,0.00047866669567676943,,,0.06760079197580557,0.0036117577946519876,0.0016753334348686931,0.00023933334783838472,0.0007180000435151542,
0.0038510911424903724,,0.00023933334783838472,0.00023933334783838472,,,0.00023933334783838472,,0.0007180000435151542,0.00023933334783838472,0.022149213463588696,,,0.0031113335218990014,,0.00023933334783838472,,0.03661800221927286,0.0028720001740606166,0.00047866669567676943,0.6686973738604469,0.00023933334783838472,,0.00023933334783838472,0.00047866669567676943,0.0014360000870303083,,,,,0.00023933334783838472,,,0.00023933334783838472,,0.0011966667391919237,,,,0.00047866669567676943,0.0007180000435151542,0.00023933334783838472,,0.00023933334783838472,,0.05252279106198734,0.0011966667391919237,0.00047866669567676943,0.00047866669567676943,0.0007180000435151542,0.0038510911424903724,,0.0019146667827070777,0.00023933334783838472,0.016862122234068015,0.0009573333913535389,0.00047866669567676943,0.06794891320902505,0.00023933334783838472,0.0031113335218990014,0.0007180000435151542,0.00023933334783838472,0.0007180000435151542,,,0.016862122234068015,,0.00023933334783838472,,,,0.07782685320162747,0.0038510911424903724,0.0028720001740606166,,0.00023933334783838472,
0.007397576205913709,,,,,,0.00023933334783838472,,0.0014795152411827418,0.00023933334783838472,0.021757577076216793,,,0.002719697134527099,0.00047866669567676943,0.0007397576205913709,,0.03361545658275494,0.0036987881029568546,,0.6541850699506103,0.00023933334783838472,,,,0.0009790909684297556,,,,,,,0.00023933334783838472,0.00023933334783838472,,0.0012184243162681404,,,,0.0007397576205913709,0.0012184243162681404,0.0009790909684297556,,,,0.05957224603468158,0.00023933334783838472,0.00047866669567676943,0.0009790909684297556,,0.00467787907138661,,0.0017188485890211266,0.00023933334783838472,0.012358303779291138,0.0029590304823654836,0.0014795152411827418,0.06675224646983312,,0.00345945475511847,0.0007397576205913709,,0.0007397576205913709,,,0.014816909988903636,,,,,,0.08579012641152281,0.005178303344139597,0.005178303344139597,,0.00023933334783838472,
0.009877939992602424,,,0.00023933334783838472,,,0.00023933334783838472,,0.0029590304823654836,,0.02149648615130219,,,0.0031983638302038684,,0.00047866669567676943,,0.023215334740323317,0.0019581819368595112,0.00047866669567676943,0.692783011683819,0.00023933334783838472,0.00047866669567676943,,,0.00047866669567676943,,,,0.00047866669567676943,0.00023933334783838472,,0.00047866669567676943,,,0.0019581819368595112,,,,0.0029590304823654836,0.0017188485890211266,0.0009790909684297556,,,,0.05213115467461543,,,0.00047866669567676943,,0.0031983638302038684,,0.0014795152411827418,,0.014816909988903636,0.0012184243162681404,0.0017188485890211266,0.05928939753269076,0.00023933334783838472,0.004199212375709841,0.0009790909684297556,,0.00047866669567676943,,,0.01653575857792476,,0.00047866669567676943,,0.00047866669567676943,,0.06942842845020779,0.0036987881029568546,0.0014795152411827418,,0.0007397576205913709,
0.009377515719849438,,,,0.00023933334783838472,,0.00023933334783838472,,0.0014795152411827418,,0.019255455712451863,,,0.005178303344139597,,0.0009790909684297556,,0.0259132742977742,0.0029590304823654836,0.00023933334783838472,0.7539218032679881,0.00023933334783838472,0.00047866669567676943,,,,,,,,,,0.00023933334783838472,,,0.0007397576205913709,,,,0.0009790909684297556,0.0012184243162681404,0.00047866669567676943,,,0.00023933334783838472,0.04616957855573203,0.00047866669567676943,0.00023933334783838472,0.0012184243162681404,,0.0019581819368595112,0.00023933334783838472,0.00047866669567676943,,0.014816909988903636,0.0014795152411827418,0.0009790909684297556,0.044929396662387676,,0.004177454798633624,0.00047866669567676943,0.00047866669567676943,,,,0.011096364308870564,0.00023933334783838472,,,0.00047866669567676943,,0.04247079045277518,0.0014795152411827418,0.0017188485890211266,,,
0.005569939731511499,,0.00023933334783838472,,,,0.00047866669567676943,,0.0016970910119449099,,0.022801940775875197,0.0007180000435151542,,0.0028937577511368336,,0.0009573333913535389,0.00023933334783838472,0.03080872913992298,0.0019364243597832945,,0.6819694958769391,0.00023933334783838472,0.00047866669567676943,0.0016970910119449099,0.00023933334783838472,0.0007180000435151542,,,,,0.00047866669567676943,,,,,0.00023933334783838472,0.00047866669567676943,,0.00047866669567676943,,0.0016970910119449099,0.00047866669567676943,,,,0.04997715454406997,0.00047866669567676943,0.00047866669567676943,0.0007180000435151542,,0.004851939687996344,0.00047866669567676943,0.0011966667391919237,0.00023933334783838472,0.02328060747155197,0.0007180000435151542,0.00047866669567676943,0.059441700572224275,,0.0033941820238898197,0.0014360000870303083,0.00023933334783838472,,,,0.015513152455342573,,0.00023933334783838472,,0.00047866669567676943,,0.07036400426448511,0.005569939731511499,0.0028937577511368336,,,
0.004351515415243358,,0.00021757577076216792,0.00021757577076216792,0.00021757577076216792,0.00021757577076216792,0.00045690911860055264,0.00045690911860055264,0.0011313940079632732,,0.016100607036400427,0.0006744848893627206,,0.005287091229520681,,0.00021757577076216792,,0.03405060812427928,0.0027414547116033157,0.00045690911860055264,0.6992885272296077,0.00021757577076216792,0.00045690911860055264,0.0016100607036400427,,0.0009138182372011053,,,,,0.00021757577076216792,,,,,0.00021757577076216792,0.002523878940841148,,0.0006744848893627206,0.00021757577076216792,0.0013707273558016579,0.00045690911860055264,,0.00021757577076216792,,0.054981397271599834,0.00045690911860055264,0.00021757577076216792,0.00045690911860055264,,0.0034376971780422532,0.00045690911860055264,0.0016100607036400427,0.00021757577076216792,0.01932072844368051,0.0018276364744022105,0.0009138182372011053,0.059811579382519964,0.00045690911860055264,0.0029807880594417005,0.0009138182372011053,,0.00021757577076216792,,,0.010334849111202976,0.00021757577076216792,0.00021757577076216792,,,,0.06118230673832162,0.002523878940841148,0.0016100607036400427,,,0.00045690911860055264
0.005548182154435282,,0.0008703030830486717,,0.0013272122016492244,,0.00021757577076216792,0.00021757577076216792,0.0013272122016492244,,0.014686364526446335,0.00043515154152433584,,0.005548182154435282,,,,0.03426818389504145,0.0026544244032984487,0.0006527273122865038,0.6940014360000871,0.0006527273122865038,0.00043515154152433584,0.00043515154152433584,0.00021757577076216792,0.0015447879724113922,,,,,0.00043515154152433584,0.00021757577076216792,0.00043515154152433584,,0.00021757577076216792,0.00043515154152433584,0.0008703030830486717,,0.0008703030830486717,0.00043515154152433584,0.0006527273122865038,0.00043515154152433584,0.0006527273122865038,,,0.04786666956767694,0.00021757577076216792,0.0006527273122865038,0.0008703030830486717,0.0008703030830486717,0.0026544244032984487,0.00043515154152433584,0.0008703030830486717,0.00021757577076216792,0.016252910075933946,0.0020016970910119447,0.00043515154152433584,0.06255303409412327,0.00021757577076216792,0.004003394182023889,0.0011096364308870565,0.00043515154152433584,,,,0.012227758316833837,0.00021757577076216792,0.00043515154152433584,0.00021757577076216792,,,0.06544679184526012,0.0033289092926611693,0.004895454842148778,0.00021757577076216792,,0.0006527273122865038
0.006527273122865038,,0.00043515154152433584,,0.0006744848893627206,,0.00021757577076216792,0.00021757577076216792,0.0006744848893627206,0.00043515154152433584,0.016013576728095558,0.00021757577076216792,,0.0045038184547768765,,,,0.04151345706142164,0.0020234546680881617,0.00021757577076216792,0.6574487065120428,0.00021757577076216792,0.00021757577076216792,0.0011096364308870565,0.00043515154152433584,0.001566545549487609,,,,,0.00021757577076216792,,0.0006744848893627206,,,0.0008920606601248885,,,0.0006744848893627206,0.0022410304388503295,0.0020234546680881617,0.00021757577076216792,0.0006744848893627206,,0.00043515154152433584,0.05393703357194143,0.00021757577076216792,,0.0006744848893627206,0.00043515154152433584,0.004046909336176323,,0.0006744848893627206,,0.020974304301472988,0.0020234546680881617,0.0011096364308870565,0.06590370096386067,0.0011096364308870565,0.00291551532821305,0.001784121320249777,0.00021757577076216792,,,,0.017601879854659386,0.00043515154152433584,0.0011096364308870565,,,,0.07356236809468898,0.004960727573377429,0.0035900002175757706,,,
0.007898000478666695,,,,0.0009573333913535389,,0.00023933334783838472,,0.0026326668262222318,0.0007180000435151542,0.02393333478383847,0.00023933334783838472,,0.007180000435151541,0.00023933334783838472,,,0.03853266900197994,0.0019146667827070777,,0.6596679793738169,0.00023933334783838472,0.00047866669567676943,,0.0011966667391919237,0.0011966667391919237,,,,,0.00047866669567676943,0.00023933334783838472,,0.00023933334783838472,,0.00023933334783838472,,,0.0007180000435151542,0.0009573333913535389,0.0011966667391919237,0.00047866669567676943,,,,0.05121733643741433,,,0.0016753334348686931,,0.0045473336089293095,0.00047866669567676943,0.0007180000435151542,,0.02177933465329301,0.0028720001740606166,0.0009573333913535389,0.06150867039446487,0.0014360000870303083,0.0033506668697373863,0.0014360000870303083,0.0007180000435151542,,,,0.017950001087878854,0.0007180000435151542,0.0014360000870303083,,0.00023933334783838472,,0.06629533735123257,0.005504667000282849,0.0031113335218990014,0.00023933334783838472,,
0.006810121624855856,,,,0.0013924849328778748,,,,0.003285394138508736,,0.019298970866604294,,,0.003046060790670351,,0.0009355758142773221,,0.02728400165357586,0.004220969952786058,,0.7103413763843258,0.00021757577076216792,0.00021757577076216792,0.00021757577076216792,0.00045690911860055264,0.0006962424664389374,,,,,,,0.00021757577076216792,0.00021757577076216792,,0.00021757577076216792,,,0.00021757577076216792,0.0016318182807162594,0.0011749091621157067,,,,,0.06166097343399839,0.0011749091621157067,,0.0006962424664389374,0.0006962424664389374,0.005635212462740149,,0.0013924849328778748,0.00021757577076216792,0.012467091664672221,0.0011749091621157067,0.004938969996301212,0.043993820848110356,0.00021757577076216792,0.003764060834185505,0.0011749091621157067,0.00045690911860055264,0.00021757577076216792,,,0.014577576641065251,0.00021757577076216792,0.002806727442831966,0.00021757577076216792,,0.00021757577076216792,0.0524792759078349,0.00352472748634712,0.003764060834185505,,,0.00021757577076216792
0.005874545810578534,,,,0.00043515154152433584,,,0.00021757577076216792,0.0006744848893627206,,0.013119818976958726,,,0.003154848676051435,,0.00021757577076216792,,0.021735819499140576,0.0020234546680881617,,0.7859924718783317,,0.00021757577076216792,0.00043515154152433584,0.001566545549487609,0.00043515154152433584,,,,,0.00021757577076216792,0.00021757577076216792,,,,0.00021757577076216792,0.00021757577076216792,,0.00043515154152433584,0.00021757577076216792,0.00043515154152433584,,,,,0.040751941863754054,,,0.0008920606601248885,0.00021757577076216792,0.0033941820238898197,,0.0013489697787254411,,0.01018254607166946,0.0006744848893627206,0.0008920606601248885,0.04436369965840604,,0.004525576031853093,0.0006744848893627206,0.0006744848893627206,0.00043515154152433584,,,0.010639455190270012,,0.0022627880159265465,,0.00043515154152433584,,0.0348556384760993,0.0026979395574508822,0.0020234546680881617,,,
0.007767455016209395,,,,0.0013707273558016579,,0.00021757577076216792,,0.00045690911860055264,,0.01919018298122321,0.00021757577076216792,,0.0025021213637649313,,0.0006744848893627206,,0.03859794173320859,0.002284545593002763,,0.6999847696960467,,,0.00021757577076216792,0.0011313940079632732,0.0013707273558016579,,,,,0.00021757577076216792,,,,,0.0006744848893627206,0.00021757577076216792,,,0.00045690911860055264,0.0013707273558016579,,,,,0.04934618480885969,,,0.00045690911860055264,,0.0029590304823654836,0.00021757577076216792,0.0025021213637649313,0.0009138182372011053,0.011422727965013816,0.0006744848893627206,0.00045690911860055264,0.06420660995191575,0.00045690911860055264,0.002284545593002763,0.0009138182372011053,,0.0006744848893627206,,,0.01758012227758317,,0.001588303126563826,,,,0.05345836687626466,0.005482909423206631,0.005482909423206631,,,
0.008376667174343466,0.00021757577076216792,0.00021757577076216792,,0.0009138182372011053,,0.00021757577076216792,,0.00115315158503949,0.0006962424664389374,0.0172320010443637,0.0009138182372011053,,0.002088727399316812,,,,0.04053436609299189,0.0016100607036400427,,0.6712430103783643,,,0.00021757577076216792,0.00021757577076216792,0.0013924849328778748,,,,,0.00021757577076216792,0.00021757577076216792,,,,0.0006962424664389374,0.00021757577076216792,,,0.00021757577076216792,0.00045690911860055264,,0.00021757577076216792,,,0.05733121559583125,,,0.0006962424664389374,0.0009138182372011053,0.003959879027871456,0.0006962424664389374,0.002328060747155197,0.0006962424664389374,0.012118970431452753,0.00115315158503949,0.00021757577076216792,0.08365788385805356,0.00021757577076216792,0.0034812123321946867,0.0009138182372011053,,0.0006962424664389374,,,0.01444703117860795,,0.00021757577076216792,0.00045690911860055264,0.00021757577076216792,,0.05824503383303235,0.003241878984356302,0.004177454798633624,,0.00021757577076216792,0.00021757577076216792
0.007549879245447227,0.00045690911860055264,,,0.0018276364744022105,,0.00021757577076216792,,0.0011313940079632732,0.00045690911860055264,0.021257152803463807,0.00021757577076216792,,0.0034159396009660363,,0.00021757577076216792,,0.03933769935379996,0.0029590304823654836,0.00021757577076216792,0.6805334957899088,,,0.0018276364744022105,,0.0020452122451643786,,,,,,,0.00021757577076216792,,,0.00021757577076216792,0.00021757577076216792,,0.00021757577076216792,0.00045690911860055264,0.00045690911860055264,0.00045690911860055264,0.00021757577076216792,,,0.05306673048889276,,,0.00045690911860055264,0.0013707273558016579,0.001588303126563826,0.00021757577076216792,0.002284545593002763,,0.012575879550053307,0.0013707273558016579,0.0013707273558016579,0.06588194338678445,0.00021757577076216792,0.003872848719566589,0.0009138182372011053,0.00045690911860055264,0.0006744848893627206,,,0.013489697787254411,,0.0018276364744022105,0.00045690911860055264,0.00021757577076216792,,0.05787515502273667,0.005243576075368247,0.007767455016209395,,0.00021757577076216792,0.00045690911860055264
0.005656970039816366,0.00021757577076216792,0.00021757577076216792,,0.0011313940079632732,,0.00043515154152433584,0.00021757577076216792,0.0018058788973259938,0.00021757577076216792,0.019298970866604294,0.0008920606601248885,,0.003176606253127652,,0.00021757577076216792,,0.03905485085180914,0.002719697134527099,,0.6895846478536151,,,0.0011313940079632732,,0.0018058788973259938,,0.00021757577076216792,,,,0.00021757577076216792,0.00043515154152433584,,,0.00021757577076216792,0.0008920606601248885,,,,0.0008920606601248885,0.0006744848893627206,,0.00021757577076216792,,0.05585170035464851,,0.00021757577076216792,0.00021757577076216792,,0.0033941820238898197,,0.0018058788973259938,,0.009747394530145123,0.00043515154152433584,0.0011313940079632732,0.06992885272296077,,0.0052218184982920305,0.0008920606601248885,0.00021757577076216792,0.0008920606601248885,,,0.012488849241748439,0.00043515154152433584,0.00021757577076216792,,0.00043515154152433584,,0.055177215465285784,0.004308000261090925,0.0052218184982920305,,0.00021757577076216792,
0.006331454929179086,0.00021757577076216792,0.00021757577076216792,,0.0006744848893627206,,0.00043515154152433584,0.00043515154152433584,0.0022627880159265465,0.00043515154152433584,0.025586910641630947,0.0006744848893627206,0.00021757577076216792,0.0026979395574508822,,0.00043515154152433584,,0.039185396314266444,0.0020234546680881617,,0.6762907682600466,,,0.0006744848893627206,,0.0024803637866887144,,,,,,0.00021757577076216792,0.00021757577076216792,,,0.00043515154152433584,0.0006744848893627206,,0.00043515154152433584,0.0008920606601248885,0.0011313940079632732,0.0008920606601248885,,,0.00021757577076216792,0.05232697286830139,0.00043515154152433584,,0.00021757577076216792,,0.001566545549487609,,0.0008920606601248885,0.00021757577076216792,0.011096364308870564,0.0006744848893627206,0.0011313940079632732,0.07408454994451817,,0.006570788277017472,0.001566545549487609,0.00021757577076216792,0.001566545549487609,,,0.014490546332760383,0.00043515154152433584,0.00021757577076216792,,0.0006744848893627206,,0.05574291246926742,0.004286242684014708,0.00406866691325254,,,0.0011313940079632732
0.00935575814277322,,,,0.00045690911860055264,,,0.0009138182372011053,0.0011313940079632732,0.00021757577076216792,0.014164182676617131,,,0.003872848719566589,,,,0.02491242575226823,0.0027414547116033157,0.00021757577076216792,0.7036182850677748,,,0.0011313940079632732,0.00021757577076216792,0.0011313940079632732,,,,,0.00045690911860055264,,0.00021757577076216792,,,0.00021757577076216792,0.00021757577076216792,0.00021757577076216792,0.0006744848893627206,0.0011313940079632732,0.0011313940079632732,0.0009138182372011053,,,,0.04708339679293314,,,0.0006744848893627206,,0.003872848719566589,,0.001588303126563826,,0.010508909727812711,0.0011313940079632732,0.0018276364744022105,0.06629533735123257,0.00045690911860055264,0.007310545897608842,0.0018276364744022105,,0.0018276364744022105,,,0.015078000913818237,0.00045690911860055264,0.0013707273558016579,0.00021757577076216792,0.0006744848893627206,,0.05920236722438589,0.004329757838167142,0.004329757838167142,,0.00021757577076216792,0.00045690911860055264
0.005504667000282849,,0.00023933334783838472,,0.0009573333913535389,,,0.00047866669567676943,0.0007180000435151542,,0.02136594068884489,,0.00023933334783838472,0.0045473336089293095,,0.00047866669567676943,,0.022562607428036813,0.0021540001305454626,0.00023933334783838472,0.7559452579360763,,,0.0007180000435151542,,0.0011966667391919237,,,,0.00047866669567676943,0.0014360000870303083,0.00023933334783838472,0.00023933334783838472,,,,0.00047866669567676943,,0.00047866669567676943,0.00047866669567676943,0.0007180000435151542,0.0014360000870303083,,,,0.04323230565044277,0.00023933334783838472,,0.00047866669567676943,,0.0026326668262222318,,0.00023933334783838472,,0.008877091447096452,0.00023933334783838472,0.0014360000870303083,0.04562563912882661,0.00023933334783838472,0.009116424794934836,0.00023933334783838472,,0.0028720001740606166,,,0.00983442483844999,,0.0009573333913535389,,0.0011966667391919237,,0.04395030569395792,0.0028720001740606166,0.0016753334348686931,,0.00047866669567676943,0.00023933334783838472
0.005113030612910946,,0.00043515154152433584,,0.0015447879724113922,,0.00021757577076216792,,0.0008703030830486717,,0.018472182937708057,,,0.0028720001740606166,,0.00021757577076216792,,0.03737951741694045,0.0013272122016492244,0.00021757577076216792,0.6939144056917822,,,0.00021757577076216792,,0.002219272861774113,,,,,0.00021757577076216792,,,,,,0.0011096364308870565,,0.0013272122016492244,0.00043515154152433584,0.0006527273122865038,,,,0.00021757577076216792,0.04917212419224995,0.0008703030830486717,,0.0008703030830486717,,0.002219272861774113,0.00021757577076216792,0.0008703030830486717,,0.014229455407845782,0.0006527273122865038,0.0008703030830486717,0.06810121624855855,0.00021757577076216792,0.007332303474685059,0.00043515154152433584,0.00043515154152433584,0.0011096364308870565,,,0.022693152890494114,,0.0008703030830486717,,0.00021757577076216792,,0.0496290333108505,0.005113030612910946,0.004895454842148778,,,
0.005961576118883401,,0.0006527273122865038,,0.0006527273122865038,,0.0010878788538108395,,0.0013272122016492244,,0.020125758795500534,,,0.007071212549770458,,,,0.04138291159896434,0.0030895759448227845,,0.683361980809817,,,0.00021757577076216792,0.00021757577076216792,0.00176236374317356,,,,,0.00021757577076216792,,,,,0.00043515154152433584,0.0006527273122865038,,,,0.0006527273122865038,0.00021757577076216792,,0.00021757577076216792,0.00021757577076216792,0.05178303344139597,,,,,0.0026544244032984487,0.00043515154152433584,0.0013272122016492244,,0.01592654641979069,0.00043515154152433584,0.0010878788538108395,0.06483757968712604,,0.007071212549770458,0.00021757577076216792,0.00043515154152433584,0.0008703030830486717,,,0.017036182850677747,,0.00021757577076216792,,0.00021757577076216792,,0.05909357933900481,0.004416788146472009,0.002415091055460064,,,
0.00509127303583473,,0.00115315158503949,,0.0009138182372011053,,0.00021757577076216792,,0.003241878984356302,0.00021757577076216792,0.01899436478753726,0.00045690911860055264,,0.0060268488501120515,,,,0.04240551772154653,0.00393812145079524,0.00021757577076216792,0.669611192097648,,,,,0.0027632122886795327,,,,,,,,,,,0.00021757577076216792,,,0.0006744848893627206,0.0018493940514784273,,,,0.00045690911860055264,0.04564739670590283,0.00045690911860055264,0.0009138182372011053,0.00021757577076216792,,0.002066969822240595,0.00045690911860055264,0.00115315158503949,,0.014120667522464698,0.00021757577076216792,0.00045690911860055264,0.07417158025282304,,0.008333152020191031,0.00045690911860055264,0.00021757577076216792,0.0009138182372011053,,,0.01784121320249777,,0.00045690911860055264,,,,0.06281412501903788,0.005787515502273667,0.004851939687996344,,,
0.0061138791584169185,,0.00021757577076216792,,0.00043515154152433584,,0.00043515154152433584,,0.0006527273122865038,,0.015491394878266356,0.0006527273122865038,0.00021757577076216792,0.004569091186005526,,0.00021757577076216792,,0.04040382063053458,0.0036987881029568546,,0.6720697983072605,,,0.00043515154152433584,,0.0006527273122865038,,,,,0.00043515154152433584,,,,,0.00021757577076216792,,,0.00043515154152433584,0.00043515154152433584,0.0006527273122865038,0.00043515154152433584,,,0.00021757577076216792,0.05243576075368247,0.00021757577076216792,0.0013054546245730076,0.00021757577076216792,0.00021757577076216792,0.003263636561432519,0.00043515154152433584,0.0017406061660973434,,0.012662909858358173,0.00043515154152433584,0.0010878788538108395,0.0862905506842758,,0.0061138791584169185,0.0010878788538108395,0.00021757577076216792,0.0015230303953351755,,,0.013533212941406844,0.00021757577076216792,0.00021757577076216792,,,,0.05833206414133722,0.004351515415243358,0.005004242727529863,,,
0.0060703640042644854,,0.00021757577076216792,0.00021757577076216792,0.0011096364308870565,,0.00043515154152433584,0.00021757577076216792,0.00291551532821305,,0.02408563782337199,0.00043515154152433584,0.00021757577076216792,0.0060703640042644854,,,,0.04886751811318291,0.004264485106938491,,0.6281847653445313,,,0.0008920606601248885,0.00021757577076216792,0.0011096364308870565,,,,,,,,,,0.00021757577076216792,,,,,0.0011096364308870565,,,,0.00021757577076216792,0.05269685167859707,,0.0008920606601248885,,,0.0035900002175757706,0.0006744848893627206,0.0006744848893627206,0.00021757577076216792,0.016883879811144233,0.00291551532821305,0.001784121320249777,0.08285285350623355,0.00043515154152433584,0.0074193337829899265,0.00043515154152433584,0.00021757577076216792,0.0006744848893627206,,,0.02543460760209743,0.00021757577076216792,0.0006744848893627206,0.00021757577076216792,0.00043515154152433584,,0.06551206457648877,0.003133091098975218,0.004264485106938491,,0.0006744848893627206,
0.007985030786971563,,0.0008920606601248885,0.00021757577076216792,0.0006744848893627206,,,0.00043515154152433584,0.0013489697787254411,0.00021757577076216792,0.014360000870303083,0.00021757577076216792,,0.007071212549770458,,,,0.03307151715584952,0.0036335153717282046,,0.6755510106394552,,,0.0008920606601248885,,0.0006744848893627206,,0.00021757577076216792,,,0.00021757577076216792,0.00043515154152433584,,,,0.0006744848893627206,,,,,0.0006744848893627206,0.0006744848893627206,,,,0.0572659428646026,,0.0008920606601248885,0.00021757577076216792,,0.0034159396009660363,0.00043515154152433584,0.00043515154152433584,,0.011857879506538152,,0.0022627880159265465,0.06731794347381476,0.00043515154152433584,0.010726485498574878,0.00021757577076216792,0.00043515154152433584,0.00021757577076216792,,,0.016883879811144233,,0.00043515154152433584,,0.00021757577076216792,,0.05955048845760536,0.010726485498574878,0.003872848719566589,,0.0020452122451643786,
0.007092970126846674,,0.0008703030830486717,0.00043515154152433584,0.0006527273122865038,,,0.00021757577076216792,0.0011096364308870565,,0.012206000739757621,,0.00021757577076216792,0.004873697265072562,,,,0.024433759056591457,0.002219272861774113,,0.7575118034855639,,,0.0006527273122865038,,0.0013272122016492244,,,,,0.00021757577076216792,0.00043515154152433584,,,,,,,0.00043515154152433584,,0.0011096364308870565,0.00043515154152433584,,,,0.04199212375709841,0.00043515154152433584,0.0006527273122865038,0.00021757577076216792,0.00021757577076216792,0.0031113335218990014,0.00043515154152433584,0.00043515154152433584,,0.012445334087596006,0.0006527273122865038,0.0006527273122865038,0.05243576075368247,,0.007767455016209395,0.0008703030830486717,0.0006527273122865038,0.00043515154152433584,,,0.011770849198233286,0.0006527273122865038,0.0008703030830486717,,,,0.04020800243684863,0.004656121494310394,0.0013272122016492244,,,0.0006527273122865038
0.006505515545788821,,0.00021757577076216792,,0.0006744848893627206,,,,0.0011096364308870565,,0.022932486238332498,,0.00043515154152433584,0.00515654576706338,,0.00021757577076216792,,0.03709666891494963,0.00291551532821305,0.00021757577076216792,0.6823393746872348,,,0.00043515154152433584,,0.0011096364308870565,,,,,,,,,,0.0020234546680881617,0.00021757577076216792,,0.0008920606601248885,0.00021757577076216792,0.00021757577076216792,0.0008920606601248885,,,0.00021757577076216792,0.04880224538195427,0.00043515154152433584,,0.00043515154152433584,0.00021757577076216792,0.0024586062096124974,0.0011096364308870565,0.00021757577076216792,,0.011226909771327865,0.0011096364308870565,0.001566545549487609,0.07354061051761276,,0.009660364221840256,,0.00021757577076216792,0.0006744848893627206,,,0.015730728226104742,,0.0006744848893627206,,,,0.057570548943669635,0.004721394225539044,0.0035900002175757706,,,
0.008289636866038598,,0.00043515154152433584,,0.0010878788538108395,0.00043515154152433584,0.00021757577076216792,0.00021757577076216792,0.0017406061660973434,0.00021757577076216792,0.020060486064271882,,0.00043515154152433584,0.004569091186005526,,,,0.04125236613650704,0.003263636561432519,0.00021757577076216792,0.6740932529753487,,,,,0.0008703030830486717,0.00021757577076216792,,,,,,0.00021757577076216792,,,0.0006527273122865038,0.00021757577076216792,,0.0006527273122865038,0.002828485019908183,0.0006527273122865038,0.00043515154152433584,,,,0.048671699919496964,0.0006527273122865038,,0.0006527273122865038,0.00021757577076216792,0.0015230303953351755,0.00043515154152433584,0.0010878788538108395,,0.014185940253693349,0.0015230303953351755,0.00021757577076216792,0.06897151933160724,,0.008507212636800765,0.0008703030830486717,0.00043515154152433584,0.0008703030830486717,,,0.01636169796131503,,0.0023933334783838474,,,,0.056743761014773395,0.006092121581340702,0.005874545810578534,0.00021757577076216792,,0.00021757577076216792
0.007375818628837493,,0.00021757577076216792,,0.0013707273558016579,,0.00021757577076216792,,0.0027632122886795327,0.00021757577076216792,0.023302365048628183,0.0006744848893627206,0.00021757577076216792,0.005526424577359065,,0.00021757577076216792,,0.04110006309697352,0.0013707273558016579,,0.672113313461413,,,,,0.0018276364744022105,,,,,,,,,,0.0006744848893627206,0.0006744848893627206,,0.00045690911860055264,0.00021757577076216792,0.0009138182372011053,0.0009138182372011053,,0.00021757577076216792,,0.04525576031853093,0.00021757577076216792,,0.00115315158503949,0.00021757577076216792,0.0013707273558016579,0.00045690911860055264,0.00045690911860055264,,0.01662278888622963,0.00021757577076216792,0.0009138182372011053,0.07434564086943278,,0.00691890951023694,0.00021757577076216792,0.00021757577076216792,0.00115315158503949,,,0.016840364656991798,,0.0006744848893627206,,,,0.06142164008616,0.0039163638737190224,0.004830182110920128,,,
0.005330606383673114,,,,0.0006962424664389374,0.00021757577076216792,0.00021757577076216792,0.00021757577076216792,0.002545636517917365,0.00021757577076216792,0.023715759013076303,0.0006962424664389374,0.00045690911860055264,0.005330606383673114,,0.00021757577076216792,,0.045125214856073625,0.0013924849328778748,,0.6601901612236462,,0.00021757577076216792,,,0.0016100607036400427,,,,,,,,,,0.00045690911860055264,0.00021757577076216792,,0.00021757577076216792,0.00045690911860055264,0.0016100607036400427,0.00021757577076216792,,,,0.057679336829050715,0.00045690911860055264,0.00045690911860055264,0.0006962424664389374,,0.0027849698657557496,0.00021757577076216792,0.00115315158503949,0.00021757577076216792,0.018145819281564803,0.00115315158503949,0.00045690911860055264,0.0704727921498662,,0.007658667130828311,0.0013924849328778748,0.00021757577076216792,0.0009138182372011053,0.00045690911860055264,,0.01627466765301016,,0.00045690911860055264,,0.0018493940514784273,,0.05232697286830139,0.007658667130828311,0.005330606383673114,,,
0.0074193337829899265,,0.00023933334783838472,,0.0009573333913535389,,0.00023933334783838472,0.00023933334783838472,0.0045473336089293095,0.00023933334783838472,0.02110484976393029,0.00047866669567676943,0.00023933334783838472,0.00406866691325254,,0.00023933334783838472,,0.04318879049629033,0.0031113335218990014,,0.6259219773286047,,,0.00047866669567676943,0.00023933334783838472,0.0007180000435151542,,,,,0.00023933334783838472,,0.00047866669567676943,,,0.0021540001305454626,0.00047866669567676943,,,,0.0038293335654141555,0.00047866669567676943,,,,0.05828854898718479,0.00023933334783838472,,0.00023933334783838472,,0.0016753334348686931,0.0007180000435151542,0.0009573333913535389,,0.015578425186571224,0.0007180000435151542,0.0023933334783838474,0.0825264898500903,,0.01031309153412676,0.0007180000435151542,0.00023933334783838472,0.00047866669567676943,,,0.025412850025021215,,0.0009573333913535389,,0.0011966667391919237,,0.06501164030373578,0.008376667174343466,0.0023933334783838474,,,0.00023933334783838472
0.008289636866038598,,,,0.0009573333913535389,,,0.0012184243162681404,0.0034159396009660363,0.00023933334783838472,0.02367224385892387,0.0007180000435151542,0.00047866669567676943,0.003655272948804421,,,,0.03659624464219664,0.0043732729923195756,,0.6386284023411153,,,0.0007180000435151542,,0.00047866669567676943,,,,,0.00023933334783838472,,0.00047866669567676943,,,0.00047866669567676943,0.0026761819803746653,,,,0.002175757707621679,0.0034159396009660363,,,,0.06662170100737581,0.00023933334783838472,,0.0007180000435151542,,0.00413393964448119,,0.00023933334783838472,,0.01877678901677509,,0.00291551532821305,0.06248776136289463,,0.011705576467004635,0.0012184243162681404,,0.00023933334783838472,,,0.025130001523030396,,0.0012184243162681404,,,,0.059789821805443746,0.006570788277017472,0.00413393964448119,0.00023933334783838472,,0.0007180000435151542
0.009246970257392137,,0.00023933334783838472,,0.0007180000435151542,,,0.00047866669567676943,0.0016970910119449099,,0.012162485585605187,0.00047866669567676943,0.00047866669567676943,0.0026761819803746653,,,,0.021909880115750312,0.00461260634015796,,0.7452405300145776,,,0.00047866669567676943,,0.00047866669567676943,,,,,,,0.00023933334783838472,,,0.0007180000435151542,0.0016970910119449099,,0.00023933334783838472,0.00047866669567676943,0.0016970910119449099,,,,,0.046039033093274735,,,0.00023933334783838472,,0.0019364243597832945,,0.00023933334783838472,,0.012423576510519788,0.00023933334783838472,0.0009573333913535389,0.057483518635364765,0.0009573333913535389,0.007549879245447227,0.00047866669567676943,,0.00023933334783838472,,,0.01364200082678793,,0.00023933334783838472,,,,0.041404669176040555,0.006570788277017472,0.003154848676051435,,,0.00023933334783838472
0.007180000435151541,,,,0.0009790909684297556,,0.00023933334783838472,0.00023933334783838472,0.0029590304823654836,,0.024281456017057942,,0.00047866669567676943,0.005200060921215813,,0.00023933334783838472,,0.04584321489958878,0.002219272861774113,,0.6576227671286525,,,,,0.0014795152411827418,,,,,,,,,,0.0009790909684297556,0.0014795152411827418,,0.00023933334783838472,0.00023933334783838472,0.00047866669567676943,0.0007397576205913709,,,,0.04932442723178347,0.00023933334783838472,0.00047866669567676943,0.00047866669567676943,,0.0024586062096124974,0.00023933334783838472,0.0017188485890211266,,0.014621091795217684,0.0007397576205913709,0.0007397576205913709,0.07310545897608842,0.00023933334783838472,0.008159091403581297,0.00047866669567676943,0.00047866669567676943,0.001979939513935728,,,0.022801940775875197,,0.0009790909684297556,,0.00047866669567676943,,0.05724418528752638,0.004699636648462827,0.005200060921215813,,,
0.007441091360066143,,,,0.0009790909684297556,,,,0.00047866669567676943,,0.015165031222123104,,0.00047866669567676943,0.0044603033006244425,,0.00023933334783838472,,0.04103479036574487,0.003959879027871456,,0.6660647070342247,,,,,0.0009790909684297556,,,,,,,0.00023933334783838472,,,0.0012401818933443572,0.0012401818933443572,,0.00023933334783838472,0.0007397576205913709,0.001979939513935728,0.0007397576205913709,,,,0.05569939731511499,0.00047866669567676943,,0.0007397576205913709,,0.0017406061660973434,,0.0012401818933443572,,0.013663758403864145,0.0007397576205913709,,0.07212636800765866,,0.00820260655773373,0.0007397576205913709,0.00023933334783838472,0.0009790909684297556,,,0.01566545549487609,,,,,,0.06888448902330237,0.0044603033006244425,0.006462000391636387,,0.00023933334783838472,
0.0061138791584169185,,0.00023933334783838472,,0.001457757664106525,,,,0.0016970910119449099,,0.02130066795761624,,,0.005134788189987163,,0.00023933334783838472,,0.03894606296642806,0.002197515284697896,,0.670829616413916,,,,,0.0009790909684297556,,,,,,,0.00023933334783838472,,,0.0009790909684297556,0.0007180000435151542,,0.00023933334783838472,0.00023933334783838472,0.0009790909684297556,0.0007180000435151542,,0.00023933334783838472,,0.05021648789190836,,,0.0007180000435151542,,0.002937272905289267,,0.0019581819368595112,0.00023933334783838472,0.01492569787428472,0.00023933334783838472,0.00023933334783838472,0.07985030786971563,,0.0075933943995996605,0.0007180000435151542,0.00023933334783838472,0.0009790909684297556,,,0.01370727355801658,,0.00047866669567676943,,,,0.06048606427188268,0.005613454885663932,0.005374121537825548,,,
0.0061138791584169185,,0.00023933334783838472,,0.00047866669567676943,,0.00023933334783838472,,0.0016970910119449099,,0.02230151650312221,,,0.004155697221557408,,,,0.04118709340527839,0.002436848632536281,0.00023933334783838472,0.676638889493266,,,0.00023933334783838472,,0.0009790909684297556,,,,,,,,,,0.0012184243162681404,0.00023933334783838472,,,,0.0007180000435151542,0.0007180000435151542,,,,0.050499336393899176,0.00023933334783838472,,0.00023933334783838472,,0.002436848632536281,,0.0009790909684297556,,0.011031091577641913,0.0007180000435151542,0.00047866669567676943,0.0750201257587955,,0.0075933943995996605,0.00023933334783838472,0.00023933334783838472,0.00047866669567676943,,,0.016666304040382062,,0.0012184243162681404,,,,0.055177215465285784,0.004895454842148778,0.01201018254607167,,,
0.011618546158699767,0.00023933334783838472,0.0009790909684297556,,0.00047866669567676943,0.00023933334783838472,,0.0007397576205913709,0.002219272861774113,,0.01831987989817454,0.0009790909684297556,,0.004199212375709841,,0.0014795152411827418,,0.03811927503753182,0.002219272861774113,,0.6425882813689867,,,0.00023933334783838472,,0.0017188485890211266,,,,,,,0.00023933334783838472,,,0.001979939513935728,0.00023933334783838472,,,,0.0007397576205913709,0.00023933334783838472,0.00023933334783838472,0.00023933334783838472,,0.0665999434302996,,,0.00047866669567676943,,0.002719697134527099,0.00023933334783838472,0.00023933334783838472,,0.01633994038423881,0.0012184243162681404,0.001979939513935728,0.08515915667631252,0.0007397576205913709,0.005678727616892583,,0.00023933334783838472,0.0014795152411827418,,,0.01979939513935728,0.00047866669567676943,0.0017188485890211266,,,,0.0554600639672766,0.005439394269054198,0.0036987881029568546,,,
0.00691890951023694,0.00023933334783838472,0.00023933334783838472,,0.0007397576205913709,,0.00023933334783838472,0.0012184243162681404,0.0012184243162681404,0.0007397576205913709,0.02075672853071082,0.0017188485890211266,,0.004938969996301212,,0.0019581819368595112,,0.028176062313700748,0.00047866669567676943,,0.6397380387720024,,,,,0.0029590304823654836,,0.00023933334783838472,,,0.00023933334783838472,,0.00023933334783838472,,,0.0012184243162681404,,,,,0.00047866669567676943,0.00023933334783838472,0.00023933334783838472,0.00023933334783838472,,0.044733578468701726,0.0014795152411827418,,0.00023933334783838472,0.00023933334783838472,0.0029590304823654836,,0.00047866669567676943,,0.016057091882247992,0.0009790909684297556,0.0007397576205913709,0.09786558168882313,,0.006418485237483954,0.00047866669567676943,,0.00023933334783838472,,,0.034355214203346314,,0.0014795152411827418,0.0007397576205913709,,,0.05857139748917561,0.005178303344139597,0.011357455233785166,,,
0.00509127303583473,,,,0.0010008485455059724,,,0.0007615151976675877,0.0005004242727529862,0.00023933334783838472,0.009181697526163487,0.0005004242727529862,,0.002545636517917365,,0.0007615151976675877,,0.028089032005395878,0.0015230303953351755,,0.7718500467787908,,,0.00023933334783838472,0.00023933334783838472,0.0020234546680881617,,,,,0.0005004242727529862,,0.0005004242727529862,,,0.0007615151976675877,,,0.00023933334783838472,0.00023933334783838472,0.001261939470420574,0.00023933334783838472,,0.00023933334783838472,,0.04036030547638215,,,0.0005004242727529862,,0.0015230303953351755,,0.0007615151976675877,0.00023933334783838472,0.011988424968995453,0.00023933334783838472,0.0005004242727529862,0.04238376014447031,,0.005613454885663932,0.00023933334783838472,,0.0005004242727529862,,,0.011749091621157068,,0.0015230303953351755,0.00023933334783838472,,,0.04673527555971367,0.004851939687996344,0.0015230303953351755,,,
0.006962424664389373,,,,0.00043515154152433584,,0.00021757577076216792,,0.001784121320249777,0.00021757577076216792,0.017057940427753965,0.00021757577076216792,,0.004025151759100107,,,,0.03794521442092209,0.0022410304388503295,,0.6966776179804617,,0.00021757577076216792,0.00021757577076216792,0.00021757577076216792,0.001784121320249777,,,,,,,,,,0.001784121320249777,0.00021757577076216792,,0.00021757577076216792,,0.0006527273122865038,0.0006527273122865038,,,,0.048736972650725616,,,0.0006527273122865038,,0.001784121320249777,,0.0008920606601248885,,0.014599334218141467,0.0008920606601248885,0.00021757577076216792,0.06401079175822981,0.0008920606601248885,0.007180000435151541,0.00021757577076216792,,0.0013272122016492244,,,0.017732425317116687,,,,,,0.055916973085877154,0.004482060877700659,0.006505515545788821,0.00021757577076216792,,
0.003981636604947673,0.00045690911860055264,0.00045690911860055264,,,,,0.00045690911860055264,0.0016318182807162594,0.00021757577076216792,0.012401818933443571,0.00045690911860055264,0.0006962424664389374,0.003046060790670351,,,0.0009355758142773221,0.03609582036944366,0.002088727399316812,,0.7210461043058245,,,0.00021757577076216792,0.00021757577076216792,0.0009355758142773221,,,,,0.00021757577076216792,,,,,0.0006962424664389374,,,,0.00021757577076216792,0.0009355758142773221,0.0009355758142773221,,,,0.043362851112900065,0.00021757577076216792,,0.00045690911860055264,0.00021757577076216792,0.003046060790670351,0.00021757577076216792,0.0009355758142773221,,0.008898849024172668,0.0006962424664389374,0.0009355758142773221,0.07358412567176519,0.00045690911860055264,0.0013924849328778748,0.00115315158503949,,,0.00045690911860055264,,0.013119818976958726,0.00021757577076216792,,,,,0.05482909423206632,0.0035029699092709037,0.0037423032571092885,0.00021757577076216792,,
0.006723091316550989,0.00023933334783838472,0.00047866669567676943,,,0.00023933334783838472,0.00023933334783838472,,0.0028720001740606166,0.00023933334783838472,0.018755031439698876,0.00023933334783838472,0.0011966667391919237,0.0033506668697373863,,,,0.0399033963577816,0.0009573333913535389,,0.7212636800765867,0.00023933334783838472,,,,0.00023933334783838472,,,,,,0.00023933334783838472,,,,0.0014360000870303083,,,0.00023933334783838472,0.00023933334783838472,0.00023933334783838472,0.00047866669567676943,,,,0.045669154282979046,0.00047866669567676943,,,,0.0014360000870303083,,0.0007180000435151542,,0.006483757968712604,0.0009573333913535389,0.0019146667827070777,0.0665999434302996,,0.0016753334348686931,0.00023933334783838472,0.00047866669567676943,,0.00047866669567676943,,0.009116424794934836,,0.00023933334783838472,,0.00023933334783838472,,0.05193533648092948,0.005526424577359065,0.005526424577359065,,,0.00023933334783838472
0.009529818759382955,0.00021757577076216792,0.00021757577076216792,,0.00021757577076216792,0.00021757577076216792,,0.00021757577076216792,0.0021322425534692456,,0.02001697091011945,0.00021757577076216792,0.001892909205630861,0.003568242640499554,,,,0.04432018450425361,0.0011749091621157067,,0.6821870716477013,0.00045690911860055264,,0.00021757577076216792,,0.00045690911860055264,,,,,,0.00021757577076216792,,,,0.0014142425099540916,,,,,0.00045690911860055264,0.00021757577076216792,,,,0.05099976066665216,0.00045690911860055264,0.00021757577076216792,,,0.004525576031853093,,0.0006962424664389374,,0.0059398185418071845,0.0011749091621157067,0.00045690911860055264,0.08674745980287635,0.00021757577076216792,0.0021322425534692456,0.001892909205630861,,0.0006962424664389374,0.0011749091621157067,,0.018820304170927525,,0.0016535758577924762,,,,0.04408085115641522,0.004046909336176323,0.004286242684014708,,,0.00021757577076216792
0.006984182241465591,,0.00021757577076216792,,0.00115315158503949,,0.00045690911860055264,,0.00045690911860055264,,0.018646243554317793,,0.0013924849328778748,0.002328060747155197,,0.0009138182372011053,,0.07974151998433454,0.00115315158503949,,0.6511390091599398,0.00045690911860055264,,0.00115315158503949,,0.00021757577076216792,,,,,0.00045690911860055264,,0.00045690911860055264,,,0.0006962424664389374,,,,0.00115315158503949,0.0013924849328778748,0.00021757577076216792,,,,0.05852788233502317,0.00021757577076216792,0.00045690911860055264,0.0006962424664389374,0.00021757577076216792,0.002088727399316812,,0.0006962424664389374,,0.005809273079349884,0.0013924849328778748,0.0009138182372011053,0.06807945867148234,0.00021757577076216792,0.00115315158503949,0.0006962424664389374,,,0.0009138182372011053,,0.017253758621439918,,0.00021757577076216792,0.002328060747155197,0.00021757577076216792,,0.05596048824002959,0.006527273122865038,0.0027849698657557496,,,0.0018493940514784273
0.004046909336176323,,,,0.00021757577076216792,,,,0.00045690911860055264,,0.01934248602075673,,0.0011749091621157067,0.0026109092491460152,,,,0.028915819934292118,0.0006962424664389374,,0.7028132547159549,,,0.0030895759448227845,,0.00021757577076216792,0.00021757577076216792,,,,,,0.00021757577076216792,,,0.0009355758142773221,,,,0.00021757577076216792,0.0006962424664389374,,0.00021757577076216792,,,0.059985639999129696,,,0.00045690911860055264,0.00021757577076216792,0.0033289092926611693,,0.0009355758142773221,,0.006440242814560171,0.0006962424664389374,0.0014142425099540916,0.05926763995561454,0.0006962424664389374,0.00045690911860055264,,,0.00045690911860055264,0.0009355758142773221,,0.017210243467287483,,0.0006962424664389374,0.0009355758142773221,,,0.06572964034725093,0.005722242771045017,0.00691890951023694,,,0.0014142425099540916
0.01085703096103218,,,,,,,0.00021757577076216792,0.00021757577076216792,,0.011096364308870564,0.00021757577076216792,0.00021757577076216792,0.0018711516285546442,,,,0.02151824372837841,0.0016535758577924762,,0.7876242901590479,,,0.00045690911860055264,,0.0011749091621157067,0.00021757577076216792,,,,,,,,0.00021757577076216792,0.00021757577076216792,,,,0.0014142425099540916,0.003546485063423337,,,,,0.037597093187702615,,0.00021757577076216792,0.0006962424664389374,,0.0016535758577924762,,0.0006962424664389374,,0.008028545941123996,0.0023498183242314135,0.0023498183242314135,0.04469006331454929,0.00021757577076216792,0.00021757577076216792,0.0006962424664389374,,,0.0006962424664389374,,0.010400121842431626,,0.00045690911860055264,0.0018711516285546442,,,0.037836426535541,0.0011749091621157067,0.005417636691977981,,,
0.005918060964730967,,0.00045690911860055264,,0.0006962424664389374,,,,0.00021757577076216792,,0.014468788755684168,0.00021757577076216792,0.00021757577076216792,0.002828485019908183,,,,0.029677335131959706,0.0021322425534692456,,0.7956093209460194,,,,,0.0014142425099540916,,,,,,0.00021757577076216792,0.00045690911860055264,,0.00021757577076216792,,,,,,0.0016535758577924762,0.00021757577076216792,,0.00021757577076216792,,0.03727072953155937,0.0006962424664389374,,0.0023715759013076304,,0.0023715759013076304,,0.00045690911860055264,,0.006157394312569352,0.0009355758142773221,0.0021322425534692456,0.040577881247144315,0.00045690911860055264,0.0011749091621157067,0.0011749091621157067,,,0.0009355758142773221,,0.00996497030090729,0.00021757577076216792,0.00045690911860055264,,,,0.030612910946237026,0.0021322425534692456,0.003067818367746568,,,
0.008768303561715367,,0.0006744848893627206,,,,,,0.00045690911860055264,,0.02053915275994865,0.00021757577076216792,0.0006744848893627206,0.00230630317007898,,0.00115315158503949,0.00021757577076216792,0.039925153934857814,0.0006744848893627206,,0.6940884663083919,,,0.0006744848893627206,,0.0006744848893627206,,,,,,0.00045690911860055264,0.00045690911860055264,,,0.0018276364744022105,,,0.00021757577076216792,0.00045690911860055264,0.00021757577076216792,0.0009138182372011053,,0.00021757577076216792,,0.04593024520789365,0.00045690911860055264,,,,0.00345945475511847,,0.0013707273558016579,,0.009464546028154304,0.0006744848893627206,0.002066969822240595,0.07987206544679185,0.0006744848893627206,0.0006744848893627206,0.0009138182372011053,0.0016100607036400427,0.00021757577076216792,0.0013707273558016579,,0.014294728139074432,,,,,,0.04869345749657318,0.006679576162398555,0.00576575792519745,,,
0.009725636953068906,,,0.00021757577076216792,0.0006744848893627206,0.00021757577076216792,0.00021757577076216792,,0.0013489697787254411,0.00021757577076216792,0.0203433345662627,0.00043515154152433584,0.0006744848893627206,0.0018058788973259938,,0.0006744848893627206,,0.04342812384412872,0.0008920606601248885,,0.6995496181545223,,,,0.00021757577076216792,0.00021757577076216792,,,,0.00021757577076216792,,0.00021757577076216792,0.0006744848893627206,,,0.0013489697787254411,,,0.00021757577076216792,0.0011096364308870565,0.0011096364308870565,0.0006744848893627206,,0.00021757577076216792,,0.047061639215856925,0.00043515154152433584,,0.00021757577076216792,,0.0018058788973259938,,0.00043515154152433584,,0.006549030699941254,0.0011096364308870565,0.001566545549487609,0.06651291312199474,0.0008920606601248885,0.0011096364308870565,,,0.0006744848893627206,0.0008920606601248885,,0.011988424968995453,,0.0008920606601248885,,0.0008920606601248885,,0.05926763995561454,0.004286242684014708,0.006549030699941254,,,0.00021757577076216792
0.00406866691325254,,0.0006744848893627206,,0.00021757577076216792,,0.00021757577076216792,,0.0011313940079632732,0.00043515154152433584,0.015839516111485825,0.00021757577076216792,0.00043515154152433584,0.0022627880159265465,,0.001566545549487609,,0.042818911685994644,0.0011313940079632732,0.00021757577076216792,0.703640042644851,,,,0.00021757577076216792,0.00043515154152433584,,,,,0.00021757577076216792,0.00021757577076216792,0.00021757577076216792,,,0.0008920606601248885,,,,0.0008920606601248885,0.0011313940079632732,0.00043515154152433584,,,,0.05006418485237484,0.00021757577076216792,0.00021757577076216792,0.00021757577076216792,,0.0022627880159265465,,0.0008920606601248885,,0.01018254607166946,0.0011313940079632732,0.0008920606601248885,0.06366267052501033,,0.0013489697787254411,0.00043515154152433584,,0.0008920606601248885,0.0011313940079632732,,0.01540436456996149,0.00021757577076216792,0.00043515154152433584,,0.001566545549487609,,0.061835034050608126,0.00406866691325254,0.0033941820238898197,,,
0.00685363677900829,,,,,,,,0.001588303126563826,0.0006744848893627206,0.016252910075933946,0.00021757577076216792,0.00045690911860055264,0.0027414547116033157,,0.001588303126563826,,0.043254063227518985,0.0025021213637649313,,0.6888448902330236,,,,,0.00021757577076216792,,,,,,0.00021757577076216792,,0.00021757577076216792,,0.0013707273558016579,,,,0.0006744848893627206,0.00045690911860055264,0.0006744848893627206,,,,0.05354539718456953,0.0009138182372011053,0.00021757577076216792,0.00021757577076216792,0.00045690911860055264,0.004329757838167142,0.00045690911860055264,0.0034159396009660363,,0.0086812732534105,0.0011313940079632732,0.0006744848893627206,0.08148212615043189,0.00021757577076216792,0.0006744848893627206,,,0.0006744848893627206,0.0009138182372011053,,0.014403516024455517,,0.00045690911860055264,,0.0006744848893627206,,0.050586366702204046,0.003872848719566589,0.0031983638302038684,,,
0.004416788146472009,,,0.00021757577076216792,,,,,,0.0009138182372011053,0.018624485977241576,0.00021757577076216792,0.00045690911860055264,0.004873697265072562,,0.00045690911860055264,,0.025869759143621766,0.004177454798633624,,0.6872130719523073,,,0.0013924849328778748,,0.00021757577076216792,,,,,0.0006962424664389374,,0.00021757577076216792,0.00021757577076216792,,0.00021757577076216792,,,0.00021757577076216792,0.0009138182372011053,0.00045690911860055264,0.00045690911860055264,,,,0.0554600639672766,0.00045690911860055264,,0.00045690911860055264,0.00045690911860055264,0.004416788146472009,0.00045690911860055264,0.0009138182372011053,,0.010008485455059725,,0.002328060747155197,0.06385848871869629,,0.003241878984356302,0.00021757577076216792,,0.00021757577076216792,0.0006962424664389374,,0.025630425795783382,0.00021757577076216792,0.002328060747155197,,,,0.06525097365157416,0.007919758055742913,0.003024303213594134,,,
0.0060268488501120515,,0.00047866669567676943,,0.00047866669567676943,0.00023933334783838472,0.00023933334783838472,,0.00023933334783838472,0.00047866669567676943,0.013032788668653858,0.00023933334783838472,,0.0038510911424903724,,0.0009573333913535389,,0.02680533495789909,0.0019146667827070777,,0.7792476229847044,,,0.0019146667827070777,,0.00047866669567676943,,,,,,,0.0007180000435151542,0.00023933334783838472,,,,,,,0.00047866669567676943,0.0007180000435151542,,,,0.04155697221557408,0.00047866669567676943,,0.00047866669567676943,0.0007180000435151542,0.0007180000435151542,0.00023933334783838472,0.0007180000435151542,,0.005069515458758513,0.0007180000435151542,0.0021540001305454626,0.0516960031330911,0.00023933334783838472,0.0026544244032984487,0.00047866669567676943,,0.00047866669567676943,0.0014360000870303083,,0.0086812732534105,,0.00023933334783838472,,,,0.03405060812427928,0.0019146667827070777,0.006505515545788821,,,
0.010465394573660277,,0.00021757577076216792,,0.00021757577076216792,0.00021757577076216792,0.00045690911860055264,,0.0011749091621157067,0.00021757577076216792,0.016187637344705293,0.00021757577076216792,,0.0028502425969843996,,0.0023715759013076304,,0.03975109331824808,0.0028502425969843996,,0.6937185874980962,,,0.0009355758142773221,,0.00021757577076216792,,0.00021757577076216792,,,,,0.0006962424664389374,,,0.0011749091621157067,,,,,0.0014142425099540916,0.00045690911860055264,,,,0.05689606405430691,0.0006962424664389374,0.0006962424664389374,0.001892909205630861,,0.004743151802615261,,0.00021757577076216792,,0.006418485237483954,0.0009355758142773221,0.001892909205630861,0.07212636800765866,0.00021757577076216792,0.0011749091621157067,0.00045690911860055264,,,0.0011749091621157067,,0.01594830399686691,,0.00021757577076216792,,,,0.0466482452514088,0.0045038184547768765,0.006657818585322339,0.00045690911860055264,,
0.008093818672352647,,0.0005004242727529862,,,,,,0.001261939470420574,,0.018211092012793455,0.0005004242727529862,,0.002523878940841148,,0.0015012728182589587,,0.04022976001392485,0.0010008485455059724,,0.6883009508061182,,,,,0.0005004242727529862,,,,,,,0.0005004242727529862,,,0.0020234546680881617,,,,,0.0010008485455059724,0.0005004242727529862,0.00023933334783838472,,,0.06351036748547682,0.00023933334783838472,0.001261939470420574,0.00023933334783838472,,0.0045473336089293095,0.00023933334783838472,0.0010008485455059724,,0.0068318792019320725,0.0005004242727529862,0.0005004242727529862,0.07110376188507647,0.00023933334783838472,0.0007397576205913709,0.00176236374317356,,0.00023933334783838472,0.0010008485455059724,,0.007332303474685059,0.00023933334783838472,0.0010008485455059724,0.00023933334783838472,,,0.061748003742303256,0.003785818411261722,0.004808424533843911,,,
0.008463697482648332,0.00023933334783838472,,,0.00023933334783838472,,,0.00047866669567676943,0.0016753334348686931,0.00023933334783838472,0.01812406170448859,0.00023933334783838472,,0.002415091055460064,,0.00023933334783838472,,0.045212245164378495,0.0011966667391919237,,0.6941102238854682,,,0.0011966667391919237,,0.00047866669567676943,,,,,,,0.00023933334783838472,,,0.0009573333913535389,0.00047866669567676943,,,0.0007180000435151542,0.0019146667827070777,0.00023933334783838472,,,,0.056352124627401495,0.00047866669567676943,0.0009573333913535389,0.00023933334783838472,,0.002415091055460064,,0.0007180000435151542,,0.009660364221840256,0.0014360000870303083,0.0016753334348686931,0.059245882378538325,,0.0007180000435151542,0.002175757707621679,,,0.0019146667827070777,,0.011836121929461934,,0.00047866669567676943,0.00023933334783838472,,,0.054894366963294965,0.004830182110920128,0.010400121842431626,,0.00023933334783838472,
0.00704945497269424,,,,,,,,0.00047866669567676943,0.00023933334783838472,0.015078000913818237,0.00023933334783838472,,0.0033941820238898197,,0.00023933334783838472,,0.04331933595874764,0.0016970910119449099,,0.6645199190618132,,,0.0009573333913535389,,0.00047866669567676943,0.00023933334783838472,,,,0.0007180000435151542,,0.00023933334783838472,,,0.00047866669567676943,,,,0.0009573333913535389,0.0009573333913535389,0.00023933334783838472,0.00023933334783838472,,,0.05596048824002959,0.0007180000435151542,0.001457757664106525,,,0.0009573333913535389,,0.001457757664106525,,0.012401818933443571,0.0011966667391919237,0.010944061269337047,0.0717782467744392,0.00023933334783838472,0.0007180000435151542,0.0007180000435151542,,0.00023933334783838472,0.0009573333913535389,,0.025304062139640128,0.00023933334783838472,0.00047866669567676943,,,,0.06107351885294054,0.004851939687996344,0.0058310306564261,,0.0007180000435151542,
0.01988642544766215,,0.00023933334783838472,0.00023933334783838472,,,0.00023933334783838472,,0.0027632122886795327,0.00023933334783838472,0.017862970779573988,0.0005004242727529862,,0.004264485106938491,,0.0007397576205913709,,0.046321881595265554,0.00176236374317356,0.00023933334783838472,0.6413480994756424,,,0.0005004242727529862,,0.00023933334783838472,,,,,,,0.0010008485455059724,,,0.0005004242727529862,0.0005004242727529862,,,0.0010008485455059724,0.0012401818933443572,0.0005004242727529862,0.00023933334783838472,,,0.06118230673832162,0.0010008485455059724,0.0005004242727529862,0.0005004242727529862,,0.003764060834185505,,0.0022627880159265465,,0.010052000609212158,0.0012401818933443572,0.00176236374317356,0.08259176258131895,0.00023933334783838472,0.0022627880159265465,0.0012401818933443572,,0.0005004242727529862,0.0007397576205913709,,0.017623637431735603,0.00023933334783838472,0.0012401818933443572,0.0022627880159265465,0.00023933334783838472,,0.05437218511346576,0.005026000304606079,0.005287091229520681,,0.0015012728182589587,
0.010595940036117578,,,,,,,,0.0025021213637649313,0.00023933334783838472,0.019168425404146993,0.00176236374317356,,0.004786666956767695,,0.0015012728182589587,,0.031287395835599745,0.0022627880159265465,,0.6163921585692218,0.00023933334783838472,,0.0022627880159265465,,0.0010008485455059724,,,,,,,0.00023933334783838472,,,,0.0012401818933443572,,,0.0007397576205913709,0.003764060834185505,0.0005004242727529862,,0.00023933334783838472,0.0007397576205913709,0.08326624747068166,0.0010008485455059724,0.00023933334783838472,0.0005004242727529862,0.0007397576205913709,0.004286242684014708,,0.00176236374317356,,0.012858728052044124,0.0007397576205913709,0.0010008485455059724,0.07469376210265224,0.00023933334783838472,0.003263636561432519,0.00176236374317356,0.0007397576205913709,0.0005004242727529862,0.0007397576205913709,,0.03178782010835273,0.00023933334783838472,0.00176236374317356,0.004286242684014708,,,0.059050064184852376,0.007810970170361828,0.004025151759100107,,0.0012401818933443572,
0.009595091490611605,0.0005004242727529862,0.00023933334783838472,0.0005004242727529862,,,,,0.0015447879724113922,0.00023933334783838472,0.010878788538108397,0.0005004242727529862,,0.0025891516720697983,,0.0007615151976675877,,0.02462957725027741,0.0015447879724113922,,0.7708274406562086,,,0.0033506668697373863,,0.002066969822240595,,,,,0.0005004242727529862,0.00023933334783838472,0.00023933334783838472,,,0.0007615151976675877,0.0010226061225821893,,,,0.0012836970474967907,0.00023933334783838472,,0.00023933334783838472,0.00023933334783838472,0.04044733578468702,0.0010226061225821893,0.00023933334783838472,0.0028502425969843996,,0.00413393964448119,0.00023933334783838472,0.00023933334783838472,,0.008028545941123996,,0.0010226061225821893,0.04588673005374121,0.00023933334783838472,0.0028502425969843996,0.0007615151976675877,,,0.0007615151976675877,,0.0145123039098366,,0.0012836970474967907,0.0028502425969843996,,,0.031635517068819216,0.0031113335218990014,0.002328060747155197,,0.0010226061225821893,
0.008572485368029415,,,,0.0005439394269054198,0.0008267879288962381,0.0002610909249146015,,0.0008267879288962381,,0.020191031526729183,,,0.0002610909249146015,,,,0.05419812449685603,0.0008267879288962381,0.0002610909249146015,0.6786623441613542,,,0.0005439394269054198,0.0002610909249146015,,,,,,0.0002610909249146015,,0.0002610909249146015,,,,0.0013707273558016579,,,0.0008267879288962381,0.0010878788538108395,0.0008267879288962381,0.0002610909249146015,,,0.05613454885663932,0.0002610909249146015,,0.0013707273558016579,,0.0027632122886795327,,0.0013707273558016579,,0.0060703640042644854,0.0008267879288962381,0.0005439394269054198,0.07108200430800025,,0.0019146667827070777,0.0013707273558016579,,0.0008267879288962381,0.0013707273558016579,,0.016318182807162594,,,,,,0.05670024586062096,0.004699636648462827,0.005243576075368247,,,
0.0058310306564261,,0.0002610909249146015,0.0002610909249146015,,0.000522181849829203,0.0002610909249146015,,0.0018493940514784273,0.000522181849829203,0.020930789147320553,0.0002610909249146015,,0.0007832727747438045,,,,0.04292769957137573,0.001044363699658406,,0.7122125280128805,,,0.0002610909249146015,0.000522181849829203,,,,,,,,0.000522181849829203,,,0.001588303126563826,,,,0.0007832727747438045,0.0013054546245730076,,,,,0.049019821152716435,0.0007832727747438045,,0.0002610909249146015,,0.0013054546245730076,,0.001044363699658406,,0.0045038184547768765,0.0007832727747438045,0.001588303126563826,0.07314897413024085,0.0002610909249146015,0.0018493940514784273,0.000522181849829203,0.0002610909249146015,,0.0007832727747438045,,0.012967515937425208,,0.0002610909249146015,,0.0002610909249146015,,0.05034703335436566,0.002110484976393029,0.005287091229520681,,,
0.007375818628837493,,0.00023933334783838472,,,0.0005004242727529862,0.0005004242727529862,0.00023933334783838472,0.002545636517917365,,0.0145123039098366,0.00023933334783838472,,0.001261939470420574,,0.00023933334783838472,0.00023933334783838472,0.04686582102217097,0.0015230303953351755,,0.6942842845020779,,,,,0.00023933334783838472,,,,,,,0.0010008485455059724,,,0.0015230303953351755,,,,0.00023933334783838472,0.001261939470420574,0.0007615151976675877,,,,0.04915036661517373,0.00023933334783838472,,,,0.003546485063423337,0.00023933334783838472,,,0.005852788233502318,0.0027849698657557496,0.0027849698657557496,0.07539000456909119,0.00023933334783838472,0.0015230303953351755,0.001261939470420574,0.0005004242727529862,0.00023933334783838472,0.001261939470420574,0.0005004242727529862,0.01018254607166946,,0.00023933334783838472,,0.00023933334783838472,,0.05909357933900481,0.00406866691325254,0.004830182110920128,,,0.00023933334783838472
0.01505624333674202,0.00023933334783838472,0.00023933334783838472,,,0.0007615151976675877,0.00023933334783838472,0.00023933334783838472,0.0007615151976675877,,0.019386001174909163,0.0005004242727529862,,0.0015230303953351755,,0.00023933334783838472,,0.046713517982637454,0.001784121320249777,,0.6734840408172146,,,0.00023933334783838472,,,0.00023933334783838472,,,0.00023933334783838472,0.0005004242727529862,,0.0005004242727529862,,,0.001784121320249777,,,0.00023933334783838472,0.0010008485455059724,0.0015230303953351755,0.00023933334783838472,,,,0.04823654837797263,0.0007615151976675877,0.0005004242727529862,0.001784121320249777,0.00023933334783838472,0.003568242640499554,0.00023933334783838472,0.00023933334783838472,,0.0061138791584169185,0.002284545593002763,0.001784121320249777,0.07632558038336851,,0.0033071517155849523,0.0007615151976675877,0.0005004242727529862,,0.0007615151976675877,,0.010704727921498661,,0.00023933334783838472,0.0015230303953351755,0.0007615151976675877,,0.04952024542546942,0.017340788929744784,0.00406866691325254,,0.0007615151976675877,
0.015600182763647441,,,,,,0.0007615151976675877,0.0005004242727529862,0.0010226061225821893,0.00023933334783838472,0.022497334696808164,,,0.0020452122451643786,,0.0005004242727529862,,0.054502730575923065,0.0020452122451643786,,0.6337329474989665,,,0.0007615151976675877,,0.00023933334783838472,,,,,0.0007615151976675877,,0.00023933334783838472,,,0.0005004242727529862,,,0.0005004242727529862,0.00023933334783838472,0.0015230303953351755,,0.00023933334783838472,,,0.05730945801875503,0.00023933334783838472,,0.001784121320249777,,0.003067818367746568,0.00023933334783838472,0.002806727442831966,,0.008180848980657515,0.001261939470420574,0.002545636517917365,0.08263527773547137,,0.0015230303953351755,0.003067818367746568,0.0007615151976675877,,0.001261939470420574,,0.015861273688562043,,0.0074193337829899265,0.002284545593002763,0.00023933334783838472,,0.056547942821087445,0.006636061008246122,0.005874545810578534,,,
0.008224364134809948,,0.00023933334783838472,,,,0.0012836970474967907,0.00023933334783838472,0.0010226061225821893,,0.020865516416091905,,,0.004873697265072562,,0.00023933334783838472,,0.03141794129805705,0.001784121320249777,,0.6622136158917343,,,0.0005004242727529862,,0.00023933334783838472,0.00023933334783838472,,,,0.0015447879724113922,,0.00023933334783838472,,,0.00023933334783838472,,,,0.0005004242727529862,0.0005004242727529862,,,,,0.04534279062683579,0.0020452122451643786,0.0015447879724113922,0.001784121320249777,,0.0015447879724113922,0.0007615151976675877,0.0007615151976675877,,0.015186788799199321,0.0010226061225821893,0.0038510911424903724,0.08037248971954483,,0.00230630317007898,0.0010226061225821893,0.00023933334783838472,,0.0012836970474967907,,0.0200822436413481,,0.00023933334783838472,0.0010226061225821893,,,0.07471551967972846,0.005134788189987163,0.0033289092926611693,,,
0.0053523639607493305,,0.00023933334783838472,,,,0.00023933334783838472,0.0005004242727529862,0.0010008485455059724,0.00023933334783838472,0.010726485498574878,,,0.0033071517155849523,,0.002545636517917365,,0.023998607515067123,0.001261939470420574,,0.7470681664889798,,,0.0005004242727529862,,0.0005004242727529862,0.00023933334783838472,,,,0.0005004242727529862,,0.0007615151976675877,,,0.0005004242727529862,,,,0.001261939470420574,0.0015230303953351755,,,,,0.041121820674049736,0.0005004242727529862,0.0015230303953351755,0.001784121320249777,,0.002806727442831966,0.0005004242727529862,0.001261939470420574,0.0007615151976675877,0.006636061008246122,0.0007615151976675877,0.002284545593002763,0.05722242771045016,,0.001784121320249777,0.0010008485455059724,0.00023933334783838472,0.00023933334783838472,0.0010008485455059724,,0.01633994038423881,,0.00023933334783838472,0.001784121320249777,,,0.04904157872979265,0.00509127303583473,0.003568242640499554,,,0.00023933334783838472
0.009246970257392137,,,,,,0.0005004242727529862,0.0007615151976675877,0.0033289092926611693,,0.023628728704771437,0.00023933334783838472,,0.0012836970474967907,,0.0020452122451643786,,0.06087770065925459,0.001784121320249777,,0.6466787058593155,,,0.00023933334783838472,0.00023933334783838472,,,,,,,0.00023933334783838472,0.0007615151976675877,,,0.0007615151976675877,,,,0.0010226061225821893,0.00023933334783838472,,,,,0.048280063532125064,0.0007615151976675877,0.001784121320249777,0.0005004242727529862,,0.0035900002175757706,0.00023933334783838472,0.00023933334783838472,,0.005134788189987163,0.0015230303953351755,0.0010226061225821893,0.08528970213876982,0.0005004242727529862,0.0012836970474967907,0.00023933334783838472,,0.0007615151976675877,0.001784121320249777,,0.02001697091011945,,,0.00023933334783838472,,,0.062422488631665975,0.004873697265072562,0.005635212462740149,,,
0.008985879332477536,,0.00047866669567676943,,,,0.00023933334783838472,0.0009790909684297556,0.0022410304388503295,,0.0199516981788908,,,0.001979939513935728,,0.0007397576205913709,,0.05315376079719762,0.0022410304388503295,,0.6871695567981551,,,,0.00023933334783838472,0.00023933334783838472,,,,,,0.00047866669567676943,0.00023933334783838472,,,0.0017406061660973434,,,,0.0014795152411827418,0.0012401818933443572,,0.00023933334783838472,,,0.04793194229890559,0.0007397576205913709,0.0009790909684297556,0.00047866669567676943,,0.0052218184982920305,,0.00047866669567676943,0.0007397576205913709,0.005983333695959618,0.0017406061660973434,0.0014795152411827418,0.07639085311459716,,0.0009790909684297556,0.00023933334783838472,,0.00023933334783838472,0.0009790909684297556,,0.014468788755684168,,0.00047866669567676943,,,,0.04817127564674398,0.004482060877700659,0.0037423032571092885,,,
0.0076804247079045275,,,,,0.00047866669567676943,0.00023933334783838472,0.0007397576205913709,0.0017188485890211266,0.00023933334783838472,0.020321576989186484,0.00023933334783838472,,0.0024586062096124974,,0.0007397576205913709,,0.04462479058332064,0.001979939513935728,0.00047866669567676943,0.6746371924022541,,,0.0007397576205913709,0.00023933334783838472,,,,,,,0.00023933334783838472,,,,0.0009790909684297556,,,,0.00047866669567676943,0.001979939513935728,,0.00023933334783838472,,0.00023933334783838472,0.051065033397880814,0.0007397576205913709,,0.0007397576205913709,0.00023933334783838472,0.005439394269054198,,0.0009790909684297556,0.00047866669567676943,0.008920606601248885,0.0014795152411827418,0.00047866669567676943,0.0713866103870673,,0.002219272861774113,0.0012184243162681404,,,0.0014795152411827418,,0.014360000870303083,,0.00047866669567676943,,,,0.06842757990470182,0.0044603033006244425,0.00345945475511847,0.00023933334783838472,,
0.009725636953068906,,,,0.00047866669567676943,,,0.0007397576205913709,0.00047866669567676943,0.00023933334783838472,0.020734970953634604,0.0012401818933443572,,0.001979939513935728,,0.00047866669567676943,,0.04397206327103414,0.0014795152411827418,0.0009790909684297556,0.6354735536650639,,,0.00047866669567676943,0.00023933334783838472,,,,,,,0.00023933334783838472,,,,0.00047866669567676943,,,,0.005983333695959618,0.0022410304388503295,,,,0.00023933334783838472,0.051456669785252714,0.00023933334783838472,0.00023933334783838472,0.0009790909684297556,,0.005243576075368247,,0.0009790909684297556,0.00023933334783838472,0.0067448488936272056,0.0017406061660973434,0.0007397576205913709,0.083701399012206,0.003241878984356302,0.004242727529862275,0.0022410304388503295,0.0017406061660973434,0.00023933334783838472,0.0007397576205913709,,0.01873327386262266,,0.0024803637866887144,,,,0.07319248928439329,0.008724788407562934,0.003981636604947673,0.00023933334783838472,,
0.007963273209895346,,0.0007180000435151542,,0.00023933334783838472,,,0.0009573333913535389,0.00047866669567676943,0.0009573333913535389,0.018842061748003743,0.00023933334783838472,,0.002415091055460064,,0.0011966667391919237,0.00023933334783838472,0.05413285176562738,0.002415091055460064,,0.6363220991710363,,,0.00047866669567676943,0.00023933334783838472,0.00023933334783838472,,,,,0.00047866669567676943,0.00023933334783838472,,,0.00047866669567676943,0.00023933334783838472,0.0007180000435151542,,,0.0038510911424903724,,0.00023933334783838472,,,,0.055329518504819306,0.0009573333913535389,0.00023933334783838472,,,0.007245273166380192,0.00023933334783838472,0.0016753334348686931,0.00047866669567676943,0.01255412197297709,0.0014360000870303083,0.0007180000435151542,0.06936315571897914,,0.002415091055460064,0.0009573333913535389,0.00023933334783838472,0.00023933334783838472,,,0.03237527468941059,0.00047866669567676943,0.0028937577511368336,,,,0.06692630708644286,0.006505515545788821,0.002415091055460064,,,
0.004525576031853093,,,,0.00021757577076216792,,,0.00045690911860055264,0.00021757577076216792,0.0006962424664389374,0.01742781923804965,,,0.0028502425969843996,,0.0011749091621157067,,0.036313396140205824,0.004286242684014708,,0.6735710711255194,,,0.0011749091621157067,,0.00021757577076216792,0.00045690911860055264,,,,,0.00021757577076216792,,,,0.00021757577076216792,0.0021322425534692456,,,0.00021757577076216792,0.0009355758142773221,,0.0006962424664389374,,0.00021757577076216792,0.0625965492482757,,0.0009355758142773221,0.00021757577076216792,,0.009551576336459172,0.00021757577076216792,0.001892909205630861,,0.006440242814560171,0.0006962424664389374,0.0030895759448227845,0.05948521572637671,0.00045690911860055264,0.006440242814560171,0.00021757577076216792,,0.00021757577076216792,,,0.01838515262940319,,,,,,0.06784012532364396,0.00691890951023694,0.005961576118883401,,,0.00021757577076216792
0.007267030743456409,,,,0.00023933334783838472,,,,0.0011966667391919237,0.00047866669567676943,0.009442788451078089,,0.00023933334783838472,0.0028937577511368336,,0.0007180000435151542,0.00047866669567676943,0.029807880594417007,0.0011966667391919237,0.00023933334783838472,0.7447401057418246,,,,0.00047866669567676943,0.00023933334783838472,0.00023933334783838472,,,,,,0.00047866669567676943,,,,0.0016970910119449099,,,,0.0019364243597832945,,0.00047866669567676943,,0.00023933334783838472,0.04049085093883945,,0.0007180000435151542,0.0011966667391919237,0.00047866669567676943,0.0067883640477796395,0.00023933334783838472,0.0009573333913535389,,0.007027697395618024,0.0014360000870303083,0.0007180000435151542,0.051630730401862446,0.0009573333913535389,0.0026544244032984487,,,,,,0.01575248580318096,,0.00023933334783838472,,,,0.05770109440612693,0.004351515415243358,0.0019364243597832945,,,
0.00637497008333152,,0.00021757577076216792,,,,,,,,0.013446182633101978,,0.00021757577076216792,0.003285394138508736,,0.0006962424664389374,0.00021757577076216792,0.0436674571919671,0.0014142425099540916,0.00021757577076216792,0.7213289528078153,,,0.00021757577076216792,0.00045690911860055264,0.00045690911860055264,,,,,,0.00021757577076216792,0.0006962424664389374,,,0.0006962424664389374,0.00045690911860055264,,,0.0009355758142773221,,0.00045690911860055264,0.00021757577076216792,,0.00045690911860055264,0.035638911250843106,0.00021757577076216792,,0.00021757577076216792,0.00021757577076216792,0.005178303344139597,0.00021757577076216792,0.0014142425099540916,0.00021757577076216792,0.008006788364047779,0.002828485019908183,0.0009355758142773221,0.07247448924087814,0.0011749091621157067,0.0009355758142773221,0.00021757577076216792,,0.00021757577076216792,,,0.013446182633101978,0.00021757577076216792,0.0014142425099540916,0.00021757577076216792,0.00045690911860055264,,0.048388851417506144,0.004242727529862275,0.004938969996301212,,,0.00021757577076216792
0.006396727660407737,,0.00021757577076216792,0.00021757577076216792,,,,,0.00021757577076216792,,0.01444703117860795,,0.00021757577076216792,0.0021322425534692456,,0.00045690911860055264,,0.0485846696111921,0.0009355758142773221,0.00021757577076216792,0.6928700419921238,,,0.00021757577076216792,,0.00021757577076216792,,,,,,,0.00045690911860055264,,,,,,,,0.00021757577076216792,0.00045690911860055264,0.00045690911860055264,,0.00021757577076216792,0.0665999434302996,0.00021757577076216792,,0.00021757577076216792,,0.006636061008246122,0.00021757577076216792,0.0016535758577924762,0.00021757577076216792,0.01018254607166946,0.001892909205630861,0.0009355758142773221,0.0706250951893997,,0.0011749091621157067,0.00045690911860055264,,,,,0.01633994038423881,,0.00045690911860055264,0.00021757577076216792,0.00045690911860055264,,0.04432018450425361,0.004721394225539044,0.0033071517155849523,,,
0.005722242771045017,,0.00021757577076216792,,,,0.00021757577076216792,,0.0009355758142773221,,0.01575248580318096,,,0.0023715759013076304,,0.00045690911860055264,,0.04368921476904332,0.0016535758577924762,,0.6882574356519658,,,0.0006962424664389374,,,,,,,,,0.0009355758142773221,,,0.0006962424664389374,,,0.00045690911860055264,0.0006962424664389374,0.00021757577076216792,0.00021757577076216792,,,0.00021757577076216792,0.04917212419224995,0.00021757577076216792,,0.0006962424664389374,,0.0062009094667217855,0.00021757577076216792,0.0014142425099540916,0.00021757577076216792,0.009312242988620788,0.0016535758577924762,0.007158242858075325,0.07593394399599661,0.00045690911860055264,0.0026109092491460152,0.00045690911860055264,,,,,0.019581819368595113,,0.00045690911860055264,,0.00045690911860055264,,0.04823654837797263,0.005243576075368247,0.006679576162398555,,,0.00021757577076216792
0.006005091273035835,,0.0006744848893627206,,,,,,0.0006744848893627206,0.00021757577076216792,0.020843758839015687,0.00115315158503949,,0.00045690911860055264,,0.00021757577076216792,,0.04608254824742716,0.0009138182372011053,,0.6782707077739824,,,0.0018493940514784273,0.00021757577076216792,0.0006744848893627206,,,,,,,,,0.00021757577076216792,0.0009138182372011053,,,,0.0006744848893627206,,0.00021757577076216792,,,0.00021757577076216792,0.05026000304606079,0.00021757577076216792,0.0009138182372011053,0.00045690911860055264,,0.006005091273035835,,0.00230630317007898,,0.009246970257392137,0.0013707273558016579,0.0053088488065968975,0.07110376188507647,0.00115315158503949,0.004155697221557408,0.0009138182372011053,,,,,0.018755031439698876,,0.0006744848893627206,,,,0.05835382171841344,0.0036987881029568546,0.004395030569395792,,0.00021757577076216792,
0.009790909684297557,,0.00045690911860055264,,,,0.00045690911860055264,0.00021757577076216792,0.0009138182372011053,,0.016775091925763146,,,0.0018493940514784273,,0.00045690911860055264,,0.04264485106938491,0.01701442527360153,,0.650747372772568,,,0.0018493940514784273,,0.0006962424664389374,0.00021757577076216792,,,,0.00021757577076216792,,,,,0.0009138182372011053,0.00021757577076216792,,,,0.0006962424664389374,0.00021757577076216792,,,0.00021757577076216792,0.05010770000652727,,,,,0.003263636561432519,0.00021757577076216792,0.003263636561432519,,0.011640303735775985,0.003263636561432519,0.002088727399316812,0.08041600487369727,0.002545636517917365,0.003263636561432519,0.0009138182372011053,,,,,0.020734970953634604,0.00021757577076216792,0.005809273079349884,,,,0.05639563978155392,0.003024303213594134,0.005591697308587716,,0.00021757577076216792,0.00045690911860055264
0.006353212506255304,,0.00021757577076216792,,,,0.00045690911860055264,0.00021757577076216792,0.00045690911860055264,,0.01838515262940319,,,0.0014142425099540916,,,,0.02969909270903592,0.0023498183242314135,,0.658580100520006,,0.0009355758142773221,0.002110484976393029,,0.00045690911860055264,0.00021757577076216792,,,,,,,,,0.0018711516285546442,0.0006962424664389374,,,0.00021757577076216792,0.0011749091621157067,0.0006962424664389374,,,0.00021757577076216792,0.07945867148234373,,,0.0018711516285546442,,0.0061138791584169185,,0.00021757577076216792,0.00045690911860055264,0.010139030917517026,0.002110484976393029,0.003764060834185505,0.06318400382933356,0.0011749091621157067,0.009660364221840256,0.0009355758142773221,0.00021757577076216792,0.00021757577076216792,,,0.024520789364896326,,0.00045690911860055264,0.00045690911860055264,,,0.058701942951632904,0.003046060790670351,0.0061138791584169185,,,0.00045690911860055264
0.007397576205913709,,0.00021757577076216792,,0.00021757577076216792,,0.0006962424664389374,,0.00021757577076216792,0.00021757577076216792,0.016231152498857728,,,0.00045690911860055264,,0.00021757577076216792,,0.030786971562846762,0.001892909205630861,,0.7545310154261221,0.00021757577076216792,,0.0016535758577924762,,0.0014142425099540916,0.00021757577076216792,,,,,,,,,0.0009355758142773221,0.00045690911860055264,,,,0.0006962424664389374,0.00021757577076216792,,,0.0006962424664389374,0.03985988120362916,,,0.00021757577076216792,,0.0038075759883379385,,0.0006962424664389374,,0.0062009094667217855,0.0014142425099540916,0.0014142425099540916,0.05369770022410304,0.0006962424664389374,0.004046909336176323,0.0009355758142773221,0.00021757577076216792,,,,0.011923152237766802,,,0.0006962424664389374,0.00021757577076216792,,0.04749679075738126,0.0028502425969843996,0.0038075759883379385,,,0.00021757577076216792
0.005744000348121233,,,,,,0.0007180000435151542,,0.00047866669567676943,,0.012445334087596006,0.00023933334783838472,,0.0019146667827070777,,,,0.03781466895846478,0.0031113335218990014,,0.7206762254955288,0.00047866669567676943,,0.0011966667391919237,,0.0007180000435151542,,,,,,,,,,0.0016753334348686931,,,,0.00047866669567676943,0.0007180000435151542,0.0009573333913535389,,,0.00023933334783838472,0.037336002262788014,0.00047866669567676943,,0.00023933334783838472,,0.007658667130828311,0.00023933334783838472,0.0014360000870303083,0.00047866669567676943,0.012206000739757621,0.0014360000870303083,0.00023933334783838472,0.07445442875481387,0.00047866669567676943,0.0019146667827070777,,,,,,0.010291333957050543,,0.0014360000870303083,0.00047866669567676943,,,0.04954200300254564,0.005983333695959618,0.00406866691325254,,,
0.007789212593285612,,,,,,,0.00021757577076216792,0.00045690911860055264,,0.01675333434868693,,,0.0023498183242314135,,0.00021757577076216792,,0.04062139640129675,0.0023498183242314135,0.00021757577076216792,0.706250951893997,0.00021757577076216792,,0.0018711516285546442,0.00021757577076216792,0.00021757577076216792,,,,,,,,,,0.0009355758142773221,,,,0.00021757577076216792,0.0006962424664389374,,,,0.00021757577076216792,0.04083897217205892,0.00045690911860055264,,0.0006962424664389374,,0.005417636691977981,,0.0011749091621157067,0.00021757577076216792,0.009203455103239703,0.0016318182807162594,0.0006962424664389374,0.06681751920106177,0.00021757577076216792,0.0016318182807162594,0.0009355758142773221,,,,,0.01771066774004047,,0.00021757577076216792,,0.00045690911860055264,,0.060921215813407016,0.005178303344139597,0.003764060834185505,,,
0.007114727703922891,,,,,,,,0.0009355758142773221,0.00045690911860055264,0.015904788842714474,0.00045690911860055264,,0.004025151759100107,,0.0014142425099540916,,0.042775396531842216,0.0011749091621157067,,0.7047061639215857,0.00045690911860055264,0.00045690911860055264,0.00021757577076216792,,,,,,,,,0.00021757577076216792,,0.00045690911860055264,0.0009355758142773221,,,,0.0009355758142773221,0.0014142425099540916,0.00021757577076216792,,,0.00021757577076216792,0.04349339657535737,0.00021757577076216792,,0.00021757577076216792,,0.006636061008246122,0.0006962424664389374,0.0026109092491460152,,0.011879637083614369,0.0014142425099540916,0.00045690911860055264,0.0686669132525402,0.00045690911860055264,0.0016535758577924762,0.0006962424664389374,,,,,0.012358303779291138,0.0006962424664389374,0.0006962424664389374,0.00021757577076216792,,,0.05297970018058789,0.0052218184982920305,0.003785818411261722,,,0.00045690911860055264
0.006570788277017472,,0.00021757577076216792,,0.00021757577076216792,,0.0006962424664389374,0.00021757577076216792,0.00045690911860055264,0.00021757577076216792,0.01975587998520485,0.00021757577076216792,0.00045690911860055264,0.0016318182807162594,,0.0006962424664389374,,0.04469006331454929,0.0011749091621157067,0.00045690911860055264,0.6780096168490677,0.00021757577076216792,0.0009355758142773221,0.00045690911860055264,,0.0011749091621157067,,,,,,,0.00021757577076216792,,,0.0016318182807162594,,,0.00021757577076216792,0.0009355758142773221,0.0013924849328778748,0.00021757577076216792,,0.0006962424664389374,0.00021757577076216792,0.050586366702204046,0.00045690911860055264,0.0011749091621157067,0.00045690911860055264,,0.004699636648462827,0.00045690911860055264,0.0025673940949935813,,0.018341637475250756,0.0011749091621157067,0.0016318182807162594,0.06705685254890015,0.00021757577076216792,0.0025673940949935813,0.0023498183242314135,,0.0006962424664389374,,,0.01409890994538848,,0.0013924849328778748,,,,0.052000609212158135,0.005874545810578534,0.00704945497269424,0.00021757577076216792,,0.0009355758142773221
0.007310545897608842,,0.00021757577076216792,,0.00021757577076216792,0.0006962424664389374,0.0006962424664389374,,0.0006962424664389374,0.00021757577076216792,0.017928243510802636,,0.00021757577076216792,0.003764060834185505,,0.00045690911860055264,,0.03635691129435826,0.0014142425099540916,,0.6797067078610126,0.00021757577076216792,0.00045690911860055264,0.00045690911860055264,,0.00045690911860055264,0.00045690911860055264,,,,0.00021757577076216792,0.00045690911860055264,,,0.00021757577076216792,0.0014142425099540916,0.0009355758142773221,,0.00021757577076216792,0.003067818367746568,0.0006962424664389374,0.0006962424664389374,,0.0006962424664389374,0.00021757577076216792,0.051717760710167315,0.00045690911860055264,0.0014142425099540916,0.0006962424664389374,,0.009442788451078089,0.00021757577076216792,0.0018711516285546442,,0.00989969756967864,0.002110484976393029,0.0014142425099540916,0.07273558016579273,0.0006962424664389374,0.002110484976393029,0.00045690911860055264,0.00021757577076216792,0.002110484976393029,,,0.01627466765301016,0.0006962424664389374,0.0014142425099540916,,,,0.051717760710167315,0.005896303387654751,0.004721394225539044,,,0.0009355758142773221
0.0075933943995996605,,0.00045690911860055264,,,,0.00045690911860055264,0.00021757577076216792,0.00045690911860055264,0.0006962424664389374,0.01329387959356846,0.00021757577076216792,,0.0023715759013076304,,0.0011749091621157067,,0.05556885185265769,0.003546485063423337,,0.6699810709079437,0.00045690911860055264,0.00045690911860055264,0.002828485019908183,,,,,,,,,,,0.00021757577076216792,0.0016535758577924762,0.0014142425099540916,,,0.001892909205630861,0.0006962424664389374,0.0014142425099540916,,0.0006962424664389374,0.00021757577076216792,0.04701812406170449,,0.0009355758142773221,0.00021757577076216792,,0.003546485063423337,0.0006962424664389374,0.0016535758577924762,,0.009246970257392137,0.0033071517155849523,0.006636061008246122,0.06316224625225735,0.0009355758142773221,0.003546485063423337,0.0014142425099540916,,0.0009355758142773221,,,0.017319031352668567,,0.001892909205630861,,,,0.05983333695959618,0.0045038184547768765,0.0052218184982920305,,,
0.006657818585322339,,0.0009355758142773221,,0.00021757577076216792,,,,0.0014142425099540916,0.00045690911860055264,0.013315637170644677,0.00021757577076216792,0.00021757577076216792,0.001892909205630861,,0.00021757577076216792,0.00045690911860055264,0.021148364918082724,0.0014142425099540916,,0.7634733796044473,0.00021757577076216792,0.00045690911860055264,0.00045690911860055264,,,,,,,,,,,,0.003546485063423337,0.0021322425534692456,,,0.0011749091621157067,0.0026109092491460152,0.0011749091621157067,,0.00021757577076216792,0.00021757577076216792,0.03829333565414156,,0.0011749091621157067,,,0.003546485063423337,,0.0021322425534692456,,0.009747394530145123,0.0014142425099540916,0.001892909205630861,0.048280063532125064,0.0009355758142773221,0.0023715759013076304,0.003546485063423337,,0.00045690911860055264,0.00021757577076216792,,0.010226061225821892,0.0006962424664389374,0.0016535758577924762,,0.00021757577076216792,,0.04162224494680272,0.0023715759013076304,0.0045038184547768765,,,0.00045690911860055264
0.00848545505972455,,0.00045690911860055264,,,,0.00021757577076216792,,0.0009355758142773221,0.00021757577076216792,0.012488849241748439,0.00021757577076216792,,0.0016318182807162594,0.00021757577076216792,0.00021757577076216792,0.00021757577076216792,0.03254933530602032,0.0014142425099540916,,0.715280346380627,,,0.0018711516285546442,,0.00021757577076216792,,,,,,,,,,0.0016318182807162594,0.0006962424664389374,,,,0.00045690911860055264,,,,0.00021757577076216792,0.039163638737190226,,0.0006962424664389374,0.0006962424664389374,,0.0025891516720697983,0.00021757577076216792,0.0016318182807162594,0.00021757577076216792,0.013663758403864145,0.0006962424664389374,0.00045690911860055264,0.07430212571528035,0.0009355758142773221,0.0009355758142773221,0.0006962424664389374,,0.0009355758142773221,,,0.013206849285263594,,0.0006962424664389374,,,,0.055198973042362,0.007071212549770458,0.006353212506255304,,,
0.005461151846130415,,,,0.00021757577076216792,,0.00045690911860055264,,0.0016535758577924762,,0.013076303822806293,,,0.0026109092491460152,,,,0.04355866930658602,0.001892909205630861,0.00045690911860055264,0.7162594373490568,0.00021757577076216792,,0.0014142425099540916,,,,,,,,0.00021757577076216792,,,,0.0021322425534692456,0.00021757577076216792,,,,0.0009355758142773221,,,0.00045690911860055264,0.00021757577076216792,0.04712691194708557,,0.0006962424664389374,0.0006962424664389374,,0.004264485106938491,,0.001892909205630861,,0.01594830399686691,0.0009355758142773221,,0.06522921607449794,0.0006962424664389374,0.0006962424664389374,0.00045690911860055264,,0.00045690911860055264,,,0.013554970518483062,,0.00045690911860055264,,,,0.047366245294923955,0.0038075759883379385,0.004264485106938491,,,
0.006549030699941254,,,,0.00045690911860055264,,,0.00021757577076216792,0.00045690911860055264,,0.017123213158982617,,,0.0025673940949935813,,0.0009355758142773221,,0.03753182045647397,0.0013924849328778748,,0.7153456191118557,,,0.003263636561432519,0.00045690911860055264,,0.00021757577076216792,,,,,,,,,0.0006962424664389374,0.00021757577076216792,,,,0.00045690911860055264,0.00045690911860055264,,0.00045690911860055264,0.00021757577076216792,0.04621309370988447,,0.0006962424664389374,0.0006962424664389374,,0.00467787907138661,,0.0016318182807162594,,0.006331454929179086,0.0018711516285546442,0.00115315158503949,0.07319248928439329,0.0006962424664389374,0.00115315158503949,0.00045690911860055264,,0.0006962424664389374,,,0.017362546506821,,0.00045690911860055264,,,,0.048084245338439115,0.0037423032571092885,0.0018711516285546442,,,
0.007745697439133178,0.00045690911860055264,0.0006962424664389374,,0.0006962424664389374,,0.00021757577076216792,0.0006962424664389374,0.0009355758142773221,,0.012902243206196557,0.00021757577076216792,,0.002110484976393029,,0.0016318182807162594,,0.038989578120580494,0.00045690911860055264,0.00021757577076216792,0.7038576184156131,0.00021757577076216792,,0.003981636604947673,0.0009355758142773221,,0.00021757577076216792,,,,,,0.00021757577076216792,,,0.00021757577076216792,0.00021757577076216792,,,0.00021757577076216792,0.0006962424664389374,0.00021757577076216792,,0.00045690911860055264,,0.04886751811318291,0.00021757577076216792,0.00045690911860055264,0.00021757577076216792,0.00045690911860055264,0.005852788233502318,0.00021757577076216792,0.002110484976393029,,0.010095515763364591,0.0006962424664389374,0.0006962424664389374,0.08080764126106917,0.00021757577076216792,0.00045690911860055264,0.00021757577076216792,,0.0009355758142773221,0.00021757577076216792,,0.017601879854659386,,0.0016318182807162594,0.00045690911860055264,,,0.04299297230260438,0.0044603033006244425,0.0006962424664389374,,,
0.01037836426535541,,0.00045690911860055264,,0.0006744848893627206,,0.00021757577076216792,0.00045690911860055264,0.00045690911860055264,0.00021757577076216792,0.019864667870585932,0.0009138182372011053,,0.003677030525880638,,0.00230630317007898,,0.04273188137768978,0.0013707273558016579,0.00021757577076216792,0.6661517373425296,0.00021757577076216792,,0.00021757577076216792,0.00021757577076216792,,0.00021757577076216792,,,,,,,,,,0.00021757577076216792,,,0.01037836426535541,0.00115315158503949,0.00045690911860055264,0.00045690911860055264,0.00021757577076216792,,0.04991188181284132,0.00045690911860055264,0.00021757577076216792,0.00045690911860055264,,0.0053088488065968975,,0.00115315158503949,0.00021757577076216792,0.008311394443114815,0.0018276364744022105,0.002066969822240595,0.07971976240725832,0.013620243249711712,0.0013707273558016579,0.00230630317007898,,0.0006744848893627206,0.00021757577076216792,,0.014555819063989034,0.00021757577076216792,0.00230630317007898,0.00021757577076216792,,,0.04157872979265029,0.006222667043798003,0.0032201214072800854,,,
0.007375818628837493,,0.00021757577076216792,,0.0009355758142773221,,0.00021757577076216792,0.00021757577076216792,0.00021757577076216792,0.0009355758142773221,0.011683818889928418,,,0.0038075759883379385,,0.0009355758142773221,,0.02789321381170993,0.0038075759883379385,0.00045690911860055264,0.7054241639651009,0.00021757577076216792,,0.00021757577076216792,0.00021757577076216792,0.00045690911860055264,0.00021757577076216792,,,,,,,,,,0.00045690911860055264,,0.00045690911860055264,0.004286242684014708,0.0011749091621157067,0.00021757577076216792,0.00045690911860055264,,0.00045690911860055264,0.0522181849829203,,,0.00045690911860055264,,0.006657818585322339,,0.0011749091621157067,,0.005961576118883401,0.00021757577076216792,0.0016535758577924762,0.06485933726420226,0.0028502425969843996,0.001892909205630861,0.0014142425099540916,,0.00021757577076216792,,,0.021452970997149757,,0.0006962424664389374,,,,0.05865842779748047,0.0038075759883379385,0.0028502425969843996,,,
0.006679576162398555,,,,0.00045690911860055264,,,0.00021757577076216792,,0.00045690911860055264,0.010269576379974325,,,0.0028502425969843996,,,,0.025347577293792563,0.001892909205630861,0.00021757577076216792,0.7646265311894868,0.00045690911860055264,,,0.00021757577076216792,,0.00021757577076216792,,,,,,,0.00021757577076216792,,0.00045690911860055264,0.00021757577076216792,,,0.0021322425534692456,0.0014142425099540916,,0.0006962424664389374,0.00021757577076216792,,0.03372424446813603,0.00021757577076216792,,,,0.0021322425534692456,,0.0014142425099540916,,0.0038075759883379385,0.0014142425099540916,0.0028502425969843996,0.061943821935989206,0.00045690911860055264,0.0014142425099540916,0.0006962424664389374,,0.0009355758142773221,,,0.017688910162964252,,0.0009355758142773221,,,,0.04495115423946389,0.0026109092491460152,0.0033289092926611693,,0.00021757577076216792,
0.006135636735493136,,,,0.00021757577076216792,,0.0006962424664389374,0.00021757577076216792,0.00021757577076216792,0.00045690911860055264,0.011553273427471117,,,0.0018711516285546442,,0.00021757577076216792,,0.04059963882422053,0.0011749091621157067,,0.7275951350057657,0.00021757577076216792,,,0.00045690911860055264,0.00021757577076216792,,,,,,,,,,0.00045690911860055264,0.00021757577076216792,,,0.00045690911860055264,0.0009355758142773221,0.00021757577076216792,0.0006962424664389374,,0.00021757577076216792,0.04153521463849786,0.0006962424664389374,,0.0006962424664389374,0.00021757577076216792,0.0025891516720697983,,,,0.004721394225539044,0.0011749091621157067,0.0023498183242314135,0.06964600422096995,0.0006962424664389374,0.0023498183242314135,0.00021757577076216792,,0.0009355758142773221,,,0.011553273427471117,0.00021757577076216792,0.00045690911860055264,,,,0.05902830660777616,0.0023498183242314135,0.00352472748634712,,,
0.0076804247079045275,,0.0014360000870303083,,,,0.00047866669567676943,,,0.00023933334783838472,0.012249515893910054,,,0.0016753334348686931,0.00023933334783838472,0.0009573333913535389,0.00023933334783838472,0.041317638867735686,0.0009573333913535389,,0.7399751963621332,0.00023933334783838472,,,0.0011966667391919237,,0.00023933334783838472,,,,0.00023933334783838472,,,,,,0.00023933334783838472,0.00023933334783838472,,0.00023933334783838472,0.0009573333913535389,,0.0011966667391919237,,,0.04347163899828115,0.00023933334783838472,,0.0011966667391919237,,0.0038293335654141555,,0.00047866669567676943,,0.00576575792519745,0.0007180000435151542,0.0009573333913535389,0.06847109505885425,,0.0014360000870303083,0.0007180000435151542,,0.0007180000435151542,,,0.00983442483844999,0.00023933334783838472,0.0009573333913535389,,,,0.04395030569395792,0.0026326668262222318,0.0016753334348686931,0.00023933334783838472,,0.00023933334783838472
0.006092121581340702,,0.001457757664106525,,0.00023933334783838472,,0.00047866669567676943,,0.00047866669567676943,0.00047866669567676943,0.01877678901677509,,,0.002175757707621679,,0.00023933334783838472,,0.03659624464219664,0.0007180000435151542,0.00023933334783838472,0.7353408324448989,0.00023933334783838472,,0.00023933334783838472,0.00023933334783838472,,,,,,,,,,,0.0007180000435151542,0.00023933334783838472,,,0.00047866669567676943,0.0012184243162681404,,0.00023933334783838472,,,0.04294945714845195,0.0007180000435151542,,0.00023933334783838472,,0.0026761819803746653,0.00047866669567676943,0.0009573333913535389,0.00047866669567676943,0.005591697308587716,0.001457757664106525,0.0009573333913535389,0.07369291355714627,,0.0012184243162681404,0.00047866669567676943,0.00023933334783838472,0.001457757664106525,,,0.013163334131111159,0.00023933334783838472,0.00023933334783838472,,,,0.040012184243162684,0.002436848632536281,0.00291551532821305,0.00023933334783838472,,0.00023933334783838472
0.0061138791584169185,0.00045690911860055264,0.0006962424664389374,,,,0.0006962424664389374,,,0.0011749091621157067,0.014120667522464698,,0.00021757577076216792,0.0009355758142773221,,0.0006962424664389374,,0.04236200256739409,0.002110484976393029,0.00021757577076216792,0.7039664063009944,0.00021757577076216792,,0.00021757577076216792,0.00021757577076216792,,,,,,,0.00021757577076216792,,,0.00045690911860055264,0.0018711516285546442,0.0006962424664389374,,,0.00021757577076216792,0.0013924849328778748,0.00045690911860055264,0.00021757577076216792,0.00021757577076216792,,0.04708339679293314,0.00045690911860055264,,0.00045690911860055264,,0.002110484976393029,0.00045690911860055264,0.0009355758142773221,0.00021757577076216792,0.008942364178325102,0.0011749091621157067,0.00045690911860055264,0.07956745936772482,0.00045690911860055264,0.0013924849328778748,0.00045690911860055264,0.00021757577076216792,0.0018711516285546442,,,0.013402667478949545,0.00021757577076216792,0.0006962424664389374,,,,0.053197275951350056,0.0025891516720697983,0.003046060790670351,0.00021757577076216792,,0.00021757577076216792
0.006657818585322339,,0.00021757577076216792,,0.00021757577076216792,,0.00045690911860055264,0.00045690911860055264,0.0014142425099540916,0.00021757577076216792,0.016448728269619895,,,0.00045690911860055264,,0.0011749091621157067,0.00045690911860055264,0.04388503296272927,0.007136485280999108,0.00021757577076216792,0.646831008898849,0.00021757577076216792,,0.00021757577076216792,0.00021757577076216792,0.00021757577076216792,0.00021757577076216792,,,,,,,,,0.0009355758142773221,0.00045690911860055264,,,,0.0009355758142773221,,0.00021757577076216792,0.00021757577076216792,,0.057483518635364765,0.0006962424664389374,,0.0006962424664389374,,0.010008485455059725,0.00021757577076216792,0.00045690911860055264,,0.008333152020191031,0.0014142425099540916,0.0009355758142773221,0.09136006614303431,0.0011749091621157067,0.0023715759013076304,0.0009355758142773221,,0.0016535758577924762,,,0.015491394878266356,0.00021757577076216792,0.0009355758142773221,0.00021757577076216792,,,0.046974608907552055,0.02504297121472553,0.0028502425969843996,,0.00021757577076216792,0.00021757577076216792
0.0059398185418071845,,0.00023933334783838472,,0.00023933334783838472,,,0.00023933334783838472,0.0017188485890211266,0.00023933334783838472,0.038141032614608036,,,0.00047866669567676943,,0.00023933334783838472,0.00023933334783838472,0.03790169926676965,0.0036987881029568546,,0.6890624660037858,0.00047866669567676943,,,,0.00023933334783838472,0.00023933334783838472,,,,,,0.0009790909684297556,,,0.0007397576205913709,0.00047866669567676943,,,0.00023933334783838472,0.0024586062096124974,0.00047866669567676943,0.00023933334783838472,,,0.05250103348491112,0.00023933334783838472,,0.0009790909684297556,,0.013119818976958726,0.0007397576205913709,0.00023933334783838472,,0.007658667130828311,0.0012184243162681404,0.0012184243162681404,0.06786188290072018,0.00047866669567676943,0.00345945475511847,0.0009790909684297556,,,,,0.013620243249711712,,,0.0007397576205913709,,,0.04260133591523248,0.0036987881029568546,0.00345945475511847,,,0.00023933334783838472
0.006462000391636387,,,,0.00047866669567676943,,0.00023933334783838472,0.00047866669567676943,0.0019146667827070777,0.00047866669567676943,0.013163334131111159,0.00023933334783838472,,0.0016753334348686931,,,0.00047866669567676943,0.024412001479515243,0.0023933334783838474,,0.7922586540762822,0.00023933334783838472,,,,0.00023933334783838472,0.00047866669567676943,,,,,,,,,0.00047866669567676943,0.00023933334783838472,,,,0.0016753334348686931,,0.00023933334783838472,,,0.03542133548008094,0.0007180000435151542,,0.00047866669567676943,,0.0052653336524444636,0.00047866669567676943,0.00047866669567676943,0.00023933334783838472,0.006940667087313157,0.0014360000870303083,0.0019146667827070777,0.048824002959030485,0.00023933334783838472,0.0028720001740606166,0.0007180000435151542,,,,,0.010052000609212158,,0.0011966667391919237,,,,0.03039533517547486,0.0031113335218990014,0.0009573333913535389,,,
0.005874545810578534,,0.00021757577076216792,,0.00021757577076216792,,,0.0006962424664389374,0.00045690911860055264,,0.01268466743543439,0.00045690911860055264,,0.0011749091621157067,,,,0.04538630578098823,0.0016318182807162594,,0.7391048932790845,0.00021757577076216792,,0.00045690911860055264,,0.00045690911860055264,,,,,,,0.00045690911860055264,,,,0.00045690911860055264,,,0.0006962424664389374,0.0009355758142773221,,,,,0.048454124148734797,0.00021757577076216792,,0.0006962424664389374,,0.002806727442831966,,0.00045690911860055264,0.00021757577076216792,0.008920606601248885,0.0011749091621157067,0.0006962424664389374,0.06468527664759252,,0.00021757577076216792,0.00021757577076216792,,0.0009355758142773221,,,0.011509758273318684,0.00021757577076216792,0.00045690911860055264,,0.00045690911860055264,,0.038815517503970755,0.004699636648462827,0.0023498183242314135,,,0.00021757577076216792
0.011422727965013816,,0.00021757577076216792,,0.00115315158503949,0.00021757577076216792,0.0009138182372011053,0.0006962424664389374,0.0006962424664389374,0.00021757577076216792,0.012118970431452753,0.00021757577076216792,,0.0037205456800330715,,,,0.04247079045277518,0.0027849698657557496,,0.7258327712625923,0.00021757577076216792,,0.0006962424664389374,0.00021757577076216792,0.00045690911860055264,,,,,,,0.00021757577076216792,,,,0.00021757577076216792,,,,0.0018493940514784273,,0.00021757577076216792,0.00021757577076216792,,0.0457344270142077,0.00021757577076216792,,0.00045690911860055264,,0.002088727399316812,,0.0009138182372011053,,0.011422727965013816,0.0013924849328778748,0.00045690911860055264,0.06814473140271099,0.00021757577076216792,0.00021757577076216792,,,0.0009138182372011053,,,0.010726485498574878,,0.00021757577076216792,,0.00021757577076216792,,0.0399033963577816,0.0053523639607493305,0.004199212375709841,,,0.00021757577076216792
0.005482909423206631,,,,0.0021322425534692456,,0.0014142425099540916,0.00045690911860055264,0.0014142425099540916,,0.013141576554034943,,,0.0030895759448227845,,,0.00021757577076216792,0.037314244685711796,0.0009355758142773221,,0.7224821043928549,0.00021757577076216792,,,0.0009355758142773221,0.00045690911860055264,,,,,,,0.00021757577076216792,,,0.00021757577076216792,0.00021757577076216792,,,0.00045690911860055264,0.001892909205630861,0.0006962424664389374,,,,0.05047757881682296,0.0009355758142773221,,0.00045690911860055264,,0.0028502425969843996,,0.00021757577076216792,,0.014816909988903636,0.0016535758577924762,0.0011749091621157067,0.061008246121711886,,,0.00021757577076216792,0.00045690911860055264,0.0016535758577924762,0.00021757577076216792,,0.013141576554034943,,0.0011749091621157067,,0.00045690911860055264,,0.04904157872979265,0.004764909379691477,0.001892909205630861,,,
0.007092970126846674,,,,0.0007832727747438045,,0.0007832727747438045,0.0002610909249146015,0.001566545549487609,0.0002610909249146015,0.013685515980940362,,,0.001566545549487609,,,,0.05082570005004243,0.0007832727747438045,0.0002610909249146015,0.6924566480276757,0.0002610909249146015,,,0.0002610909249146015,0.000522181849829203,,,,,,,0.0002610909249146015,,,0.000522181849829203,0.0002610909249146015,,,0.0002610909249146015,0.001044363699658406,0.000522181849829203,,0.0002610909249146015,,0.059245882378538325,0.0002610909249146015,0.0007832727747438045,0.0007832727747438045,0.0007832727747438045,0.003677030525880638,,0.002088727399316812,0.000522181849829203,0.01579600095733339,0.000522181849829203,0.0007832727747438045,0.06951545875851266,0.0002610909249146015,0.0007832727747438045,0.001044363699658406,0.000522181849829203,0.000522181849829203,,,0.017362546506821,0.000522181849829203,0.0013054546245730076,,0.0002610909249146015,,0.04238376014447031,0.00393812145079524,0.001566545549487609,0.0002610909249146015,,
0.010748243075651096,0.0002610909249146015,,,,,0.0010661212767346228,,0.0002610909249146015,,0.018820304170927525,,,0.0018711516285546442,,,,0.0454733360892931,0.0010661212767346228,,0.6707861012597637,0.0002610909249146015,,0.000522181849829203,,0.002415091055460064,,,,,,,,,,,0.0002610909249146015,0.0002610909249146015,,0.000522181849829203,0.0018711516285546442,0.000522181849829203,,,0.000522181849829203,0.05406757903439873,,0.000522181849829203,0.0010661212767346228,,0.004830182110920128,,0.0008050303518200213,,0.018820304170927525,0.000522181849829203,0.0029590304823654836,0.0769565501185788,0.0002610909249146015,0.000522181849829203,0.005374121537825548,,0.002415091055460064,,,0.019103152672918344,0.000522181849829203,0.0016100607036400427,,0.000522181849829203,,0.04142642675311677,0.006440242814560171,0.0034812123321946867,0.0002610909249146015,,
0.010073758186288376,0.0002610909249146015,0.0002610909249146015,,,,0.0002610909249146015,,0.0002610909249146015,0.000522181849829203,0.020974304301472988,0.000522181849829203,,0.0058310306564261,,0.000522181849829203,0.000522181849829203,0.030786971562846762,0.0013272122016492244,,0.6665651313069777,0.0002610909249146015,,0.0002610909249146015,,0.003176606253127652,,,,,,,,,,,0.0002610909249146015,0.000522181849829203,,0.00291551532821305,0.005026000304606079,0.0002610909249146015,0.0002610909249146015,,,0.053088488065968976,0.0002610909249146015,0.000522181849829203,0.0007832727747438045,,0.00291551532821305,,,,0.026544244032984488,0.0013272122016492244,0.0018493940514784273,0.07008115576249428,0.001044363699658406,0.0018493940514784273,0.000522181849829203,,0.003176606253127652,,,0.019647092099823765,0.0002610909249146015,0.004242727529862275,,0.0002610909249146015,,0.054154609342703594,0.003981636604947673,0.001588303126563826,0.0002610909249146015,,
0.006440242814560171,0.00023933334783838472,0.0005004242727529862,,,,0.0005004242727529862,,0.0005004242727529862,0.0005004242727529862,0.006179151889645569,0.0005004242727529862,,0.002828485019908183,,0.0005004242727529862,,0.027566850155566675,0.00023933334783838472,0.00023933334783838472,0.7817279867713931,0.00023933334783838472,,0.00023933334783838472,,0.00230630317007898,,,,,0.00023933334783838472,,,,,0.00023933334783838472,0.00023933334783838472,0.0005004242727529862,,0.0005004242727529862,0.0012836970474967907,,0.00023933334783838472,,,0.04562563912882661,,0.00023933334783838472,0.00023933334783838472,,0.0038510911424903724,,0.0005004242727529862,,0.01261939470420574,0.0007615151976675877,0.00230630317007898,0.0466482452514088,,,0.0007615151976675877,,0.001784121320249777,,,0.011857879506538152,0.00023933334783838472,0.0005004242727529862,,0.0005004242727529862,,0.03298448684754466,0.001784121320249777,0.00230630317007898,,,
0.008028545941123996,,0.0002610909249146015,,,,0.0005439394269054198,,0.0008267879288962381,0.0005439394269054198,0.01579600095733339,0.0002610909249146015,,0.0013707273558016579,,0.0008267879288962381,,0.041013032788668656,0.0008267879288962381,,0.7102978612301734,0.0002610909249146015,,,0.0002610909249146015,0.0005439394269054198,0.0005439394269054198,,,,,,,,,0.0002610909249146015,0.0002610909249146015,0.0010878788538108395,,,0.0005439394269054198,,,,,0.052653336524444636,0.0002610909249146015,0.0002610909249146015,0.0008267879288962381,,0.003046060790670351,,0.0008267879288962381,,0.012184243162681404,0.0013707273558016579,0.0002610909249146015,0.07841430778268532,,0.0010878788538108395,0.0002610909249146015,,0.0010878788538108395,,,0.014120667522464698,,0.0002610909249146015,,0.0002610909249146015,,0.04155697221557408,0.004699636648462827,0.002197515284697896,,,
0.008877091447096452,,,,,,,,0.0027849698657557496,,0.014229455407845782,,,0.0005004242727529862,,0.0005004242727529862,0.00023933334783838472,0.038619699310284805,0.00023933334783838472,,0.7213289528078153,0.00023933334783838472,,,,0.0005004242727529862,0.0005004242727529862,,,,,0.00023933334783838472,,,,0.00023933334783838472,0.00023933334783838472,0.00023933334783838472,,0.00023933334783838472,0.001261939470420574,0.0005004242727529862,,,,0.04801897260721046,,,0.00023933334783838472,,0.002284545593002763,,0.0015230303953351755,,0.008877091447096452,0.0015230303953351755,0.0007615151976675877,0.061486912817388654,,0.001261939470420574,0.00023933334783838472,,0.0007615151976675877,,,0.015991819151019344,0.00023933334783838472,0.0007615151976675877,,0.00023933334783838472,,0.0584408520267183,0.003046060790670351,0.0027849698657557496,,,
0.007985030786971563,,,,,,0.00023933334783838472,,0.0011966667391919237,,0.010400121842431626,,,0.00047866669567676943,,0.00047866669567676943,,0.043080002610909246,0.0009573333913535389,,0.7322730140771524,0.00023933334783838472,,0.0011966667391919237,,0.00047866669567676943,0.00047866669567676943,,,,,0.00023933334783838472,,,,0.0009573333913535389,0.0007180000435151542,0.00023933334783838472,,0.00023933334783838472,0.0007180000435151542,0.00047866669567676943,,,,0.04891103326733535,,0.00047866669567676943,0.00023933334783838472,0.00047866669567676943,0.005548182154435282,,,,0.008942364178325102,0.0007180000435151542,0.0009573333913535389,0.06416309479776332,,0.0009573333913535389,0.0007180000435151542,,0.00023933334783838472,,,0.010639455190270012,0.00023933334783838472,0.0009573333913535389,,0.00047866669567676943,,0.041883335871717324,0.005548182154435282,0.004830182110920128,,,
0.007658667130828311,,,,0.00047866669567676943,,0.00023933334783838472,0.00023933334783838472,0.0009573333913535389,,0.014838667565979853,,,0.0007180000435151542,,0.00023933334783838472,,0.04355866930658602,0.0021540001305454626,0.00023933334783838472,0.7290528926698723,0.00023933334783838472,,,,0.00047866669567676943,0.0007180000435151542,,,,,0.00023933334783838472,,,,0.0011966667391919237,0.00023933334783838472,0.00047866669567676943,,0.00023933334783838472,0.0011966667391919237,0.00047866669567676943,,,,0.04978133635038402,0.0009573333913535389,0.00023933334783838472,0.0009573333913535389,0.00047866669567676943,0.0045473336089293095,,0.0007180000435151542,,0.006222667043798003,0.0019146667827070777,0.00023933334783838472,0.06512042818911686,0.00023933334783838472,0.0007180000435151542,0.00047866669567676943,,0.0007180000435151542,,,0.016514001000848544,0.00023933334783838472,0.0007180000435151542,0.00023933334783838472,0.00023933334783838472,,0.036378668871434476,0.00406866691325254,0.0023933334783838474,,,
0.0075063640912947935,,0.00021757577076216792,,0.0009355758142773221,,,0.00045690911860055264,0.003263636561432519,0.0018711516285546442,0.012423576510519788,,,0.00045690911860055264,,0.00021757577076216792,,0.04292769957137573,0.005613454885663932,,0.7063814973564544,0.00021757577076216792,,,,0.0016318182807162594,0.00045690911860055264,,0.00021757577076216792,,,,0.0006962424664389374,0.0009355758142773221,,0.00045690911860055264,0.00045690911860055264,0.00021757577076216792,0.00021757577076216792,0.00045690911860055264,0.002328060747155197,0.0006962424664389374,,,,0.04971606361915537,0.00115315158503949,,0.00021757577076216792,,0.004220969952786058,,0.00115315158503949,,0.007723939862056961,0.0006962424664389374,0.0006962424664389374,0.07621679249798742,0.0009355758142773221,0.00045690911860055264,0.00021757577076216792,,0.0009355758142773221,,,0.015012728182589587,0.00021757577076216792,0.00021757577076216792,0.00021757577076216792,0.00021757577076216792,,0.039642305432866995,0.00515654576706338,0.0035029699092709037,0.00021757577076216792,,
0.006570788277017472,,,,,,,0.00021757577076216792,0.0025673940949935813,0.002110484976393029,0.011488000696242466,0.00021757577076216792,,0.016426970692543678,,0.0006962424664389374,,0.024651334827353627,0.002110484976393029,0.00045690911860055264,0.6958508300515656,0.00021757577076216792,,,,0.0016318182807162594,0.0006962424664389374,,0.00021757577076216792,,,,0.00045690911860055264,0.0013924849328778748,,,0.0009355758142773221,0.00045690911860055264,0.00021757577076216792,0.0016318182807162594,0.003285394138508736,,,,,0.042035638911250846,0.0016318182807162594,,,,0.0035029699092709037,,0.00045690911860055264,,0.015491394878266356,0.0006962424664389374,0.00021757577076216792,0.06975479210635104,0.00045690911860055264,0.0018711516285546442,0.00021757577076216792,,0.0018711516285546442,,,0.018537455668936706,,0.00045690911860055264,0.0006962424664389374,0.00021757577076216792,,0.06294467048149519,0.002806727442831966,0.0016318182807162594,,,
0.008594242945105633,,0.0009790909684297556,,,,,,0.0007180000435151542,0.0026979395574508822,0.010552424881965144,0.00023933334783838472,,0.00023933334783838472,,,,0.02014751637257675,0.002436848632536281,0.0007180000435151542,0.7868627749613802,,,,,0.0009790909684297556,0.00047866669567676943,,,,,0.00023933334783838472,0.00047866669567676943,,,0.0007180000435151542,0.00023933334783838472,,0.00023933334783838472,0.0007180000435151542,0.002937272905289267,0.0009790909684297556,,,,0.03194012314788625,,,0.00047866669567676943,,0.0017188485890211266,,0.00047866669567676943,,0.008833576292944017,0.0019581819368595112,0.00047866669567676943,0.047910184721829376,0.0009790909684297556,0.0009790909684297556,0.0007180000435151542,,0.001457757664106525,0.00023933334783838472,,0.011292182502556515,0.00023933334783838472,0.002197515284697896,0.00023933334783838472,0.00023933334783838472,,0.04053436609299189,0.003176606253127652,0.0017188485890211266,,,
0.009138182372011052,,,,,,0.0002610909249146015,,0.0002610909249146015,,0.024303213594134156,,,0.0002610909249146015,,,,0.04312351776506168,0.000522181849829203,,0.7151933160723222,0.0002610909249146015,,,,,,,,,,,,,,,0.0002610909249146015,,,,0.000522181849829203,0.000522181849829203,0.0002610909249146015,,,0.049128609038097515,,,0.0002610909249146015,,0.0007832727747438045,,0.0013054546245730076,,0.006527273122865038,0.001044363699658406,0.0002610909249146015,0.07447618633189008,0.000522181849829203,0.001044363699658406,,,,,,0.015143273645046888,,0.001044363699658406,0.0002610909249146015,0.0002610909249146015,,0.04756206348860991,0.0033941820238898197,0.002088727399316812,,,
0.008463697482648332,,0.000522181849829203,,,,,,,,0.014011879637083615,0.000522181849829203,,0.0018493940514784273,,,,0.03785818411261722,0.001588303126563826,,0.7154108918430844,0.0002610909249146015,,,,,0.0002610909249146015,,,,,0.0002610909249146015,,,,0.0002610909249146015,,,,0.0007832727747438045,0.000522181849829203,0.001044363699658406,0.0002610909249146015,,,0.05400230630317008,,,0.0002610909249146015,,0.004482060877700659,,0.002110484976393029,0.0002610909249146015,0.005809273079349884,0.0013054546245730076,0.001044363699658406,0.07543351972324362,0.0002610909249146015,0.001044363699658406,0.0002610909249146015,,0.0002610909249146015,,,0.014816909988903636,0.0002610909249146015,0.0002610909249146015,0.0002610909249146015,0.0002610909249146015,,0.047910184721829376,0.0036987881029568546,0.002110484976393029,,,
0.009181697526163487,,0.0010008485455059724,,,,,,0.00023933334783838472,0.00023933334783838472,0.015839516111485825,0.00023933334783838472,,0.00023933334783838472,,,,0.03985988120362916,0.001261939470420574,,0.7304018624485977,0.00023933334783838472,,0.00023933334783838472,,,,,,,,,,,,0.0007615151976675877,,,,0.00023933334783838472,0.00023933334783838472,,0.00023933334783838472,,,0.054154609342703594,,0.00023933334783838472,0.0010008485455059724,,0.002806727442831966,0.00023933334783838472,0.0007615151976675877,,0.005613454885663932,0.001784121320249777,0.00023933334783838472,0.06718739801135745,0.0005004242727529862,0.00023933334783838472,,0.0005004242727529862,0.00023933334783838472,,,0.010204303648745675,0.0005004242727529862,,,0.00023933334783838472,,0.04597376036204608,0.00406866691325254,0.002806727442831966,,,0.00023933334783838472
0.005896303387654751,,0.00023933334783838472,,,,0.0007180000435151542,,0.00023933334783838472,0.00023933334783838472,0.0172320010443637,0.00047866669567676943,,0.0007180000435151542,,,,0.04114357825112595,0.0009790909684297556,,0.7278997410848327,,,0.00023933334783838472,0.0007180000435151542,0.00023933334783838472,,,,,,,0.00023933334783838472,,,0.0017188485890211266,,,,0.00047866669567676943,0.00047866669567676943,,,,,0.05297970018058789,,0.00047866669567676943,0.0012184243162681404,,0.002937272905289267,0.00023933334783838472,0.0017188485890211266,,0.009116424794934836,0.0009790909684297556,0.0007180000435151542,0.07245273166380192,0.00047866669567676943,,0.0007180000435151542,0.00047866669567676943,0.00047866669567676943,,,0.010334849111202976,0.00023933334783838472,0.00047866669567676943,,0.00023933334783838472,,0.03818454776876047,0.0031983638302038684,0.0019581819368595112,,0.00023933334783838472,0.00023933334783838472
0.011118121885946781,,0.0007397576205913709,,0.00023933334783838472,,0.00023933334783838472,,0.0005004242727529862,,0.015426122147037705,0.00023933334783838472,,0.0027632122886795327,,0.0005004242727529862,,0.04906333630686887,0.001261939470420574,,0.6642153129827463,,,,0.0020234546680881617,,0.0005004242727529862,,,,,0.00023933334783838472,0.00023933334783838472,,,0.0007397576205913709,,,,0.0010008485455059724,0.001261939470420574,0.00023933334783838472,,,,0.04756206348860991,0.0010008485455059724,0.0005004242727529862,0.00023933334783838472,,0.025543395487478516,,0.001261939470420574,0.00023933334783838472,0.010617697613193795,0.0007397576205913709,0.0015012728182589587,0.07791388350993234,0.0007397576205913709,0.00023933334783838472,0.0022627880159265465,0.00023933334783838472,,,,0.017188485890211266,,0.0005004242727529862,,0.0005004242727529862,,0.048824002959030485,0.0060703640042644854,0.0027632122886795327,,0.0005004242727529862,0.0005004242727529862
0.010095515763364591,,,,0.00047866669567676943,,0.0007397576205913709,,0.00047866669567676943,,0.010835273383955962,0.0009790909684297556,,0.00467787907138661,,0.0012184243162681404,0.00047866669567676943,0.024172668131676855,0.0034376971780422532,,0.7318378625356281,,0.00023933334783838472,0.00047866669567676943,0.0012184243162681404,,0.0009790909684297556,,,0.00023933334783838472,,0.00047866669567676943,,,,0.00047866669567676943,,,0.00047866669567676943,0.0007397576205913709,0.00047866669567676943,,,,0.00023933334783838472,0.0406866691325254,0.00023933334783838472,0.00047866669567676943,0.00047866669567676943,0.00047866669567676943,0.0017188485890211266,,0.00047866669567676943,,0.00787624290159048,0.0012184243162681404,0.002219272861774113,0.06044254911773025,0.0012184243162681404,0.00047866669567676943,0.0009790909684297556,0.0007397576205913709,0.0017188485890211266,,,0.015034485759665804,0.0007397576205913709,,,0.00023933334783838472,,0.059441700572224275,0.0026979395574508822,0.0036987881029568546,,0.0009790909684297556,0.00023933334783838472
0.006353212506255304,,,,0.00023933334783838472,,,,0.00023933334783838472,,0.010530667304888927,0.0007180000435151542,,0.002937272905289267,,0.00047866669567676943,,0.018363395052326974,0.001457757664106525,,0.802789321381171,,,,,0.00023933334783838472,0.0009790909684297556,,,0.00023933334783838472,,0.00047866669567676943,,,,0.0007180000435151542,,,,0.0009790909684297556,0.0007180000435151542,,,,,0.030373577598398642,,0.00023933334783838472,,,0.0012184243162681404,,0.0007180000435151542,,0.010530667304888927,0.00047866669567676943,0.002937272905289267,0.04973782119623159,0.0009790909684297556,0.0012184243162681404,0.0016970910119449099,0.00023933334783838472,0.00023933334783838472,,,0.008333152020191031,0.00023933334783838472,0.00023933334783838472,,,,0.03798872957507452,0.001457757664106525,0.002197515284697896,,,0.00047866669567676943
0.010878788538108397,,0.00023933334783838472,,,,,,0.0012184243162681404,,0.01409890994538848,0.00023933334783838472,,0.0007397576205913709,,0.00023933334783838472,,0.038336850808293986,0.0019581819368595112,,0.7275081046974609,,,,,,0.0012184243162681404,,,0.00023933334783838472,,0.00023933334783838472,0.00023933334783838472,,,0.00023933334783838472,,,,0.00023933334783838472,0.0009790909684297556,0.00023933334783838472,,,,0.049955396966993755,0.0009790909684297556,,,,0.00345945475511847,0.00047866669567676943,0.00023933334783838472,0.00023933334783838472,0.009877939992602424,0.0009790909684297556,0.0014795152411827418,0.059615761188834014,,0.0017188485890211266,0.0007397576205913709,,0.0007397576205913709,,,0.01829812232109832,0.00023933334783838472,0.00047866669567676943,,0.00023933334783838472,,0.0432758208045952,0.00393812145079524,0.00345945475511847,,,0.00047866669567676943
0.00787624290159048,,0.0007832727747438045,,,,0.0002610909249146015,,0.001566545549487609,,0.012358303779291138,,,0.0002610909249146015,,,,0.04127412371358326,0.00393812145079524,,0.7135832553686821,,,,,0.0002610909249146015,0.0002610909249146015,,,0.0002610909249146015,,,,,,0.0002610909249146015,,,,0.001044363699658406,0.0002610909249146015,,,,,0.054154609342703594,,,0.0002610909249146015,,0.0044603033006244425,0.0002610909249146015,0.001566545549487609,0.0002610909249146015,0.008398424751419682,0.0013054546245730076,0.0018276364744022105,0.06625182219708013,,0.0007832727747438045,0.0007832727747438045,,0.0002610909249146015,,,0.015252061530427971,0.0002610909249146015,0.0002610909249146015,,0.0002610909249146015,,0.05073866974173756,0.003154848676051435,0.0044603033006244425,,0.000522181849829203,0.0002610909249146015
0.008964121755401318,,0.0002610909249146015,,0.0002610909249146015,,0.000522181849829203,,0.001566545549487609,,0.012401818933443571,0.0013054546245730076,,0.001044363699658406,,,,0.03855442657905615,0.0023715759013076304,,0.7369726507256151,,,0.000522181849829203,,0.0007832727747438045,0.000522181849829203,,,0.0002610909249146015,,,,,,0.0002610909249146015,,,,0.000522181849829203,0.002110484976393029,,,,,0.0483235786862775,,,,,0.007114727703922891,0.0002610909249146015,0.0013054546245730076,,0.00685363677900829,0.000522181849829203,0.000522181849829203,0.05941994299514806,0.000522181849829203,0.0013054546245730076,0.002110484976393029,,0.0002610909249146015,,,0.010813515806879746,0.000522181849829203,0.002110484976393029,0.000522181849829203,0.0002610909249146015,,0.03988163878070538,0.004220969952786058,0.003677030525880638,,,0.0002610909249146015
0.012380061356367355,,,,,0.0005004242727529862,,0.00023933334783838472,0.0005004242727529862,,0.007571636822523444,0.0027632122886795327,,0.001261939470420574,,0.0005004242727529862,,0.020734970953634604,0.0022627880159265465,0.00023933334783838472,0.8257000500424273,,,0.0015012728182589587,,0.0007397576205913709,0.0007397576205913709,,,,,0.00023933334783838472,,,,0.0007397576205913709,,,,,0.0005004242727529862,,,,,0.0257827288353169,,,,,0.0020016970910119447,0.0010008485455059724,0.00023933334783838472,,0.0053088488065968975,0.0007397576205913709,0.0015012728182589587,0.04525576031853093,0.0007397576205913709,0.001261939470420574,0.0005004242727529862,0.0007397576205913709,0.00023933334783838472,,,0.007832727747438045,,0.00023933334783838472,,0.00023933334783838472,,0.023498183242314136,0.0020016970910119447,0.00176236374317356,,,
0.007549879245447227,,0.0010008485455059724,,,,0.0005004242727529862,0.00023933334783838472,0.0015012728182589587,0.00023933334783838472,0.009072909640782402,0.0020016970910119447,,0.0020016970910119447,,0.0005004242727529862,0.00023933334783838472,0.032005395879114905,0.0012401818933443572,0.0007397576205913709,0.7108418006570789,,,0.0015012728182589587,0.0010008485455059724,0.0010008485455059724,0.0007397576205913709,,,,,0.0005004242727529862,,,,0.00023933334783838472,,,,0.0005004242727529862,0.0005004242727529862,0.0007397576205913709,,,,0.04460303300624442,0.0005004242727529862,,0.0005004242727529862,0.00023933334783838472,0.008311394443114815,0.0005004242727529862,0.0007397576205913709,,0.009312242988620788,0.0012401818933443572,0.0012401818933443572,0.05922412480146211,0.008050303518200214,0.005787515502273667,0.0010008485455059724,0.0012401818933443572,0.0005004242727529862,,,0.016383455538391246,0.0007397576205913709,0.0012401818933443572,,0.00023933334783838472,,0.052936185026435455,0.003024303213594134,0.006048606427188268,,,
0.008507212636800765,,0.00023933334783838472,,,,0.0005004242727529862,0.00023933334783838472,0.0015012728182589587,,0.014272970561998216,0.0010008485455059724,,0.0012401818933443572,,0.00023933334783838472,,0.024564304519048757,0.0020016970910119447,,0.7251147712190771,,,0.0005004242727529862,,,0.0007397576205913709,,,,,0.0005004242727529862,,,,0.00023933334783838472,0.00023933334783838472,,,0.003241878984356302,0.0007397576205913709,0.0010008485455059724,,,,0.04636539674941798,0.00023933334783838472,0.0007397576205913709,0.0007397576205913709,0.0007397576205913709,0.00826787928896238,0.0005004242727529862,0.0010008485455059724,0.00023933334783838472,0.0075063640912947935,0.0005004242727529862,0.0005004242727529862,0.06039903396357781,0.0022410304388503295,0.0030025456365179175,0.0010008485455059724,0.0015012728182589587,0.0010008485455059724,,,0.011770849198233286,0.0007397576205913709,0.0010008485455059724,,0.00023933334783838472,,0.05689606405430691,0.0020016970910119447,0.004003394182023889,,,0.00023933334783838472
0.0068753943560845064,,0.0007180000435151542,,,,0.00047866669567676943,0.00023933334783838472,0.0007180000435151542,,0.009312242988620788,0.00023933334783838472,,0.0009790909684297556,,,0.00023933334783838472,0.021344183111768673,0.0012184243162681404,,0.811818715867801,,,0.002197515284697896,,0.00047866669567676943,0.0007180000435151542,,,,,0.00047866669567676943,,,,0.00023933334783838472,,,,0.0017188485890211266,0.0017188485890211266,,0.00023933334783838472,,,0.031178607950218665,0.00023933334783838472,,0.0009790909684297556,,0.0026979395574508822,,,,0.005635212462740149,0.00047866669567676943,,0.044189639041796305,0.002937272905289267,0.002436848632536281,0.001457757664106525,0.00047866669567676943,0.00023933334783838472,0.00023933334783838472,,0.009312242988620788,,0.00047866669567676943,,0.0007180000435151542,,0.03067818367746568,0.0012184243162681404,0.001457757664106525,,,0.0009790909684297556
0.007549879245447227,,0.0007397576205913709,0.00023933334783838472,,,0.0005004242727529862,,0.00023933334783838472,,0.013620243249711712,,,,,,,0.05269685167859707,0.0005004242727529862,,0.7339701050890972,,,,,,,,,,,0.00023933334783838472,0.0005004242727529862,,,0.0010008485455059724,,,,,0.0007397576205913709,0.00023933334783838472,0.00023933334783838472,,,0.04993363938991754,,,0.0007397576205913709,,0.0027632122886795327,,0.0020016970910119447,,0.005026000304606079,0.00176236374317356,0.0005004242727529862,0.06683927677813799,0.0005004242727529862,0.0020016970910119447,0.0005004242727529862,,0.00023933334783838472,,,0.012097212854376536,,0.0005004242727529862,,0.0005004242727529862,,0.03176606253127652,0.004286242684014708,0.004786666956767695,,,0.00023933334783838472
0.008093818672352647,,,0.00023933334783838472,0.0010008485455059724,,,,0.00023933334783838472,,0.015165031222123104,,,0.00023933334783838472,,0.00023933334783838472,,0.045016426970692545,0.001261939470420574,,0.7132786492896152,,,0.00023933334783838472,,,,,,0.00023933334783838472,,0.00023933334783838472,0.00023933334783838472,,,0.0010008485455059724,,,,0.00023933334783838472,0.00023933334783838472,,0.0005004242727529862,,,0.05741824590413611,0.00023933334783838472,,0.0007397576205913709,,0.003024303213594134,0.0005004242727529862,0.0005004242727529862,,0.0053088488065968975,0.0007397576205913709,0.00023933334783838472,0.06855812536715912,0.00023933334783838472,0.00176236374317356,0.0005004242727529862,,0.0005004242727529862,,,0.012380061356367355,0.0007397576205913709,0.0005004242727529862,,0.0005004242727529862,,0.04299297230260438,0.013402667478949545,0.001261939470420574,,,0.00023933334783838472
0.008006788364047779,,0.0017406061660973434,0.00023933334783838472,0.0010008485455059724,,,,0.0005004242727529862,,0.012510606818824656,,,0.0017406061660973434,,,,0.0400339418202389,0.0007397576205913709,0.00023933334783838472,0.7334261656621919,,,,,,,,,,,,0.00023933334783838472,,,0.00023933334783838472,,,,,,0.00023933334783838472,,,,0.051804791018472185,,,,,0.0037423032571092885,0.00023933334783838472,0.0005004242727529862,,0.007005939818541807,0.0012401818933443572,0.0025021213637649313,0.06831879201932073,,0.0015012728182589587,0.0007397576205913709,,0.00023933334783838472,,,0.010748243075651096,,0.0010008485455059724,,0.00023933334783838472,,0.04053436609299189,0.004003394182023889,0.004242727529862275,,,0.0005004242727529862
0.009029394486629969,,,0.00023933334783838472,0.0007397576205913709,,0.00023933334783838472,,0.0005004242727529862,,0.019560061791518896,0.0005004242727529862,,0.00023933334783838472,,,,0.04817127564674398,0.0012401818933443572,0.00023933334783838472,0.7213724679619677,,,0.00023933334783838472,0.0007397576205913709,0.0007397576205913709,,,,,0.00023933334783838472,0.00023933334783838472,0.00023933334783838472,,,0.00023933334783838472,,0.00023933334783838472,,0.0012401818933443572,0.00023933334783838472,,,0.0005004242727529862,,0.048671699919496964,0.00023933334783838472,0.00023933334783838472,0.00023933334783838472,0.00023933334783838472,0.0020016970910119447,0.00023933334783838472,,,0.006005091273035835,0.0005004242727529862,0.0010008485455059724,0.08004612606340158,,0.0012401818933443572,0.0007397576205913709,,0.0005004242727529862,,,0.0115315158503949,0.00023933334783838472,0.0005004242727529862,0.00023933334783838472,,,0.03437697178042253,0.0015012728182589587,0.0020016970910119447,0.00023933334783838472,,0.0005004242727529862
0.010269576379974325,,,0.0005004242727529862,0.0007397576205913709,,,,0.0007397576205913709,0.00023933334783838472,0.03283218380801114,0.00023933334783838472,,0.0010008485455059724,,,0.00023933334783838472,0.05139139705402406,0.0020016970910119447,0.00023933334783838472,0.67563804094776,,,0.0012401818933443572,0.0017406061660973434,0.00023933334783838472,0.00023933334783838472,,,,,,,,,0.0005004242727529862,,,,,0.0005004242727529862,0.00023933334783838472,,0.00023933334783838472,,0.05115206370618568,0.0007397576205913709,,,,0.0045038184547768765,,0.00023933334783838472,,0.005504667000282849,0.0005004242727529862,0.0015012728182589587,0.08374491416635843,0.0015012728182589587,0.0017406061660973434,0.0007397576205913709,0.00023933334783838472,0.00023933334783838472,,,0.015034485759665804,,0.0005004242727529862,,,,0.04386327538565305,0.004003394182023889,0.0022410304388503295,,,0.0010008485455059724
0.0116620613128522,,0.00023933334783838472,0.00023933334783838472,0.0007397576205913709,,0.00023933334783838472,,0.0007397576205913709,,0.021039577032701637,0.0005004242727529862,,0.0027849698657557496,,,,0.036530971910968,0.0005004242727529862,,0.7008985879332477,,,,0.002523878940841148,,0.00023933334783838472,,,0.00023933334783838472,,0.00023933334783838472,,,,,0.001261939470420574,,0.00023933334783838472,0.0007397576205913709,0.0005004242727529862,,,0.00023933334783838472,,0.048454124148734797,,,0.0005004242727529862,0.0005004242727529862,0.009116424794934836,,,,0.0053088488065968975,0.00023933334783838472,0.003285394138508736,0.06696982224059529,0.0022627880159265465,0.002523878940841148,0.00176236374317356,0.0015012728182589587,0.0007397576205913709,,,0.014207697830769566,,0.0015012728182589587,,0.00023933334783838472,,0.050978003089575945,0.0027849698657557496,0.0045473336089293095,,,0.00023933334783838472
0.008028545941123996,,0.00023933334783838472,,0.0005004242727529862,,0.00023933334783838472,,0.0007397576205913709,0.00023933334783838472,0.009529818759382955,,0.00023933334783838472,0.0017406061660973434,,,,0.023585213550619002,0.00023933334783838472,0.00023933334783838472,0.7764191379647962,,,,,,0.00023933334783838472,,,,,0.00023933334783838472,,,,0.00023933334783838472,0.0010008485455059724,,0.0005004242727529862,0.0015012728182589587,0.0005004242727529862,,,0.00023933334783838472,,0.03790169926676965,,,0.0005004242727529862,,0.0017406061660973434,,0.0007397576205913709,0.0007397576205913709,0.006527273122865038,0.0005004242727529862,0.0007397576205913709,0.06126933704662649,0.0022410304388503295,0.0005004242727529862,0.0015012728182589587,0.0017406061660973434,0.00023933334783838472,,,0.012793455320815474,,0.0005004242727529862,,0.0005004242727529862,,0.03613933552359609,0.0012401818933443572,0.005504667000282849,,,
0.007310545897608842,,,,0.0005004242727529862,,0.0005004242727529862,,0.0015012728182589587,,0.013119818976958726,0.00023933334783838472,0.00023933334783838472,0.00176236374317356,,0.00023933334783838472,,0.04368921476904332,0.001261939470420574,,0.7265942864602597,,,0.0007397576205913709,,,,,,,,,,,,0.0007397576205913709,,,,0.00023933334783838472,0.00023933334783838472,0.00023933334783838472,,0.00023933334783838472,,0.04823654837797263,,0.0007397576205913709,,,0.002523878940841148,,0.00023933334783838472,0.00023933334783838472,0.010334849111202976,0.0007397576205913709,0.0007397576205913709,0.07197406496812515,0.00023933334783838472,0.0005004242727529862,0.0005004242727529862,,0.0010008485455059724,,,0.011096364308870564,0.00023933334783838472,0.0005004242727529862,,,,0.046974608907552055,0.002523878940841148,0.001261939470420574,,,
0.00746284893714236,,,,0.0009790909684297556,,,0.00023933334783838472,0.0009790909684297556,,0.016426970692543678,,,0.0017406061660973434,,,,0.04059963882422053,0.0014795152411827418,0.00023933334783838472,0.7236134984008181,,,0.00023933334783838472,,0.00023933334783838472,,,,,,0.00023933334783838472,,,,,,,,0.00023933334783838472,0.00047866669567676943,,,0.00023933334783838472,,0.05828854898718479,0.00023933334783838472,,,,0.003981636604947673,,0.00047866669567676943,,0.007223515589303975,0.0014795152411827418,0.00047866669567676943,0.0607689127738735,0.00023933334783838472,0.0009790909684297556,0.0009790909684297556,,0.00023933334783838472,,,0.013185091708187376,0.00023933334783838472,0.0017406061660973434,,,,0.04432018450425361,0.003981636604947673,0.005722242771045017,,,
0.007397576205913709,,,,,,0.00023933334783838472,,0.0005004242727529862,,0.02014751637257675,0.00023933334783838472,,0.0015230303953351755,,,,0.04031679032222971,0.0015230303953351755,,0.717782467744392,,,0.0010008485455059724,,0.0005004242727529862,0.00023933334783838472,,,,,,,,,,,,,,0.0005004242727529862,,,0.00023933334783838472,,0.05461151846130415,,,0.00023933334783838472,,0.002806727442831966,,0.0005004242727529862,,0.007136485280999108,0.0005004242727529862,0.0007615151976675877,0.07399751963621332,,0.0015230303953351755,0.0005004242727529862,,0.0005004242727529862,,,0.011988424968995453,,0.0005004242727529862,,,,0.04593024520789365,0.003046060790670351,0.0033071517155849523,,,
0.010530667304888927,,0.0005004242727529862,,,,,0.00023933334783838472,0.0012836970474967907,0.00023933334783838472,0.020299819412110266,0.0005004242727529862,,0.0015230303953351755,,,,0.03827157807706534,0.002806727442831966,,0.7141271947955876,,,,,0.0015230303953351755,0.0005004242727529862,,,,,,,,,,,,,0.00023933334783838472,0.0007615151976675877,,,0.00023933334783838472,,0.05472030634668523,0.0005004242727529862,,0.00023933334783838472,,0.0038510911424903724,,0.0005004242727529862,,0.00461260634015796,,,0.07810970170361828,,0.001784121320249777,0.0007615151976675877,,0.0015230303953351755,,,0.011031091577641913,,0.0020452122451643786,,,,0.04007745697439133,0.00461260634015796,0.0020452122451643786,,,
0.011139879463022999,,0.00047866669567676943,,0.00023933334783838472,,0.0007397576205913709,0.00023933334783838472,0.001979939513935728,,0.02130066795761624,0.0007397576205913709,,0.0009790909684297556,,,0.00023933334783838472,0.05056460912512783,0.001979939513935728,,0.68627749613803,,,,,0.0012184243162681404,0.00047866669567676943,,,,,,,,,,,,,,0.0009790909684297556,,,0.00023933334783838472,,0.05576467004634364,,,0.00047866669567676943,,0.006679576162398555,,0.00047866669567676943,,0.003959879027871456,,0.0007397576205913709,0.07064685276647592,,0.006679576162398555,0.0007397576205913709,,0.00047866669567676943,0.00023933334783838472,,0.015861273688562043,0.00047866669567676943,0.00047866669567676943,,,,0.051065033397880814,0.0024586062096124974,0.0029590304823654836,,,
0.00935575814277322,,0.00023933334783838472,,,,0.00023933334783838472,0.00023933334783838472,0.0016753334348686931,,0.020386849720415136,0.00047866669567676943,,0.0007180000435151542,,,,0.034072365701355495,0.0019146667827070777,0.00047866669567676943,0.7224385892387024,,,0.00023933334783838472,,0.0009573333913535389,0.00023933334783838472,,,,0.00023933334783838472,0.00023933334783838472,,,,0.0014360000870303083,,,,,0.00023933334783838472,,,0.00047866669567676943,,0.04656121494310394,,,,,0.008398424751419682,,0.00023933334783838472,,0.004308000261090925,,0.00023933334783838472,0.061204064315397835,,0.0045473336089293095,0.0007180000435151542,0.0007180000435151542,0.00047866669567676943,,,0.01342442505602576,0.0007180000435151542,0.00023933334783838472,,,,0.054241639651008464,0.0033506668697373863,0.004308000261090925,,,
0.0035900002175757706,,,,,,0.00023933334783838472,,0.00047866669567676943,,0.006483757968712604,0.00023933334783838472,,,,,,0.020930789147320553,0.0014360000870303083,0.00023933334783838472,0.8706729618589674,,,,,0.00023933334783838472,0.00047866669567676943,,,,,,,,,,,,,,,,,0.00023933334783838472,,0.0286329714323013,,,,,0.0009573333913535389,,0.00047866669567676943,,0.0026326668262222318,,,0.031026304910685146,,0.00047866669567676943,0.0007180000435151542,0.00023933334783838472,0.0007180000435151542,,,0.008180848980657515,0.00047866669567676943,0.00023933334783838472,,,,0.017079698004830182,0.0007180000435151542,0.0021540001305454626,,,
0.007745697439133178,,,,,,,,0.00047866669567676943,,0.011357455233785166,,,0.00047866669567676943,,0.00023933334783838472,,0.03605230521529122,0.0014360000870303083,,0.7864928961510846,,0.00023933334783838472,,,0.00047866669567676943,,,,,,,0.00023933334783838472,,,,0.00023933334783838472,,,0.00023933334783838472,0.0007180000435151542,,,0.00023933334783838472,,0.04210091164247949,,,0.00047866669567676943,,0.002415091055460064,,,,0.007005939818541807,,,0.049607275733774284,0.00023933334783838472,0.0009573333913535389,0.0014360000870303083,0.00023933334783838472,0.00023933334783838472,0.00047866669567676943,,0.010160788494593242,,0.0007180000435151542,,,,0.03170078980004787,0.002175757707621679,0.0026544244032984487,,,0.0007180000435151542
0.007441091360066143,,,,,,0.00023933334783838472,,0.0009573333913535389,,0.018232849589869673,,,0.0014360000870303083,,0.0007180000435151542,0.00023933334783838472,0.040099214551467546,0.0016753334348686931,0.00023933334783838472,0.736950893148539,,0.00047866669567676943,,,,,,,,,,,,,0.00023933334783838472,0.00023933334783838472,,,,0.00023933334783838472,,,0.00023933334783838472,,0.04610430582450338,,,0.00023933334783838472,,0.0038293335654141555,,0.00047866669567676943,,0.009116424794934836,0.0007180000435151542,0.0007180000435151542,0.060747155196797284,,0.00023933334783838472,0.0007180000435151542,,0.0007180000435151542,,,0.01799351624203129,0.00023933334783838472,0.0007180000435151542,,,,0.03938121450795239,0.00406866691325254,0.0038293335654141555,,,0.00047866669567676943
0.008507212636800765,,,,,,0.0009573333913535389,,0.0011966667391919237,,0.01505624333674202,,,0.00023933334783838472,,,,0.03548660821130959,0.0016970910119449099,,0.7430430147298797,,,0.0011966667391919237,,0.00023933334783838472,,,,,,,,,,,,,,,0.00047866669567676943,,,0.00023933334783838472,,0.046430669480646634,,0.00023933334783838472,0.00023933334783838472,,0.004112182067404974,,0.00023933334783838472,,0.00630969735210287,0.0011966667391919237,0.0007180000435151542,0.06612127673462283,,0.001457757664106525,0.0007180000435151542,,0.0007180000435151542,,,0.011183394617175432,0.00023933334783838472,,,,,0.04155697221557408,0.0058310306564261,0.003872848719566589,,,0.00047866669567676943
0.012053697700224103,,,,,,0.0007180000435151542,,0.00047866669567676943,,0.020517395182872437,,,0.00047866669567676943,,,,0.04175279040926003,0.0009573333913535389,0.00023933334783838472,0.7096016187637345,,,0.0011966667391919237,0.00047866669567676943,0.00047866669567676943,0.00023933334783838472,0.00023933334783838472,,,,,,,,0.00023933334783838472,,,,0.00047866669567676943,0.0016753334348686931,0.00023933334783838472,,0.00047866669567676943,,0.047540305911533694,,0.00047866669567676943,,,0.0036117577946519876,,0.00047866669567676943,0.00023933334783838472,0.011814364352385719,0.0009573333913535389,0.00023933334783838472,0.06396727660407737,0.00023933334783838472,0.0007180000435151542,0.0019146667827070777,,0.0007180000435151542,,,0.012293031048062487,0.00047866669567676943,0.0014360000870303083,,,,0.05141315463110028,0.005069515458758513,0.0033724244468136028,,,0.00047866669567676943
0.008093818672352647,,,,0.00021757577076216792,,0.00021757577076216792,0.00021757577076216792,0.0014142425099540916,0.0011749091621157067,0.022627880159265465,,,0.0014142425099540916,,,,0.04551685124344553,0.004764909379691477,,0.6709166467222211,,,0.0006962424664389374,0.0014142425099540916,,0.00021757577076216792,0.00021757577076216792,,,,,,,,0.0009355758142773221,,,,,0.0021322425534692456,0.00045690911860055264,,0.0006962424664389374,,0.04695285133047584,,,,,0.006418485237483954,0.00021757577076216792,0.0009355758142773221,,0.008093818672352647,,0.0014142425099540916,0.0638802462957725,,0.0026109092491460152,0.0006962424664389374,0.0009355758142773221,0.0006962424664389374,,,0.020974304301472988,0.0006962424664389374,0.0009355758142773221,0.00021757577076216792,0.0028502425969843996,,0.07149539827244838,0.004764909379691477,0.0016535758577924762,,,0.00021757577076216792
0.009856182415526207,,,,0.0011966667391919237,,,0.00023933334783838472,0.0014360000870303083,,0.015861273688562043,0.0007180000435151542,0.00023933334783838472,0.0009573333913535389,,0.00023933334783838472,,0.024999456060573095,0.00576575792519745,,0.6779443441178391,,,0.0009573333913535389,0.00047866669567676943,0.00023933334783838472,0.00023933334783838472,0.00023933334783838472,,,0.00047866669567676943,,,,,0.0007180000435151542,,,,0.0023933334783838474,0.0023933334783838474,0.00023933334783838472,,0.00023933334783838472,,0.0485846696111921,0.0009573333913535389,0.00023933334783838472,0.00047866669567676943,0.00047866669567676943,0.012249515893910054,,0.0019146667827070777,,0.010095515763364591,0.0007180000435151542,0.0009573333913535389,0.06566436761602228,0.0014360000870303083,0.0019146667827070777,0.0016753334348686931,,0.0016753334348686931,,,0.01633994038423881,0.0009573333913535389,0.0009573333913535389,0.0011966667391919237,0.0014360000870303083,,0.06903679206283589,0.00576575792519745,0.006483757968712604,,,0.0007180000435151542
0.006636061008246122,,,,0.00023933334783838472,,,0.0009790909684297556,0.00023933334783838472,0.00023933334783838472,0.00935575814277322,0.00047866669567676943,,0.0031983638302038684,,,,0.02388981962968604,0.00393812145079524,,0.7641913796479625,,,,0.0007180000435151542,0.00023933334783838472,0.00023933334783838472,0.00023933334783838472,,,,,,,,0.0017188485890211266,0.00047866669567676943,,,0.0007180000435151542,0.0031983638302038684,,0.00047866669567676943,0.00023933334783838472,,0.04088248732621135,0.00047866669567676943,0.00023933334783838472,0.00023933334783838472,,0.002937272905289267,0.00023933334783838472,0.00023933334783838472,0.00047866669567676943,0.012314788625138705,0.0009790909684297556,0.0009790909684297556,0.05491612454037118,0.00023933334783838472,0.002197515284697896,0.0009790909684297556,,0.001457757664106525,,,0.015991819151019344,,0.00047866669567676943,0.00023933334783838472,,,0.038902547812275624,0.00047866669567676943,0.0024586062096124974,,,
0.006396727660407737,,0.00023933334783838472,,,0.00023933334783838472,0.0012184243162681404,0.00023933334783838472,0.0012184243162681404,,0.016252910075933946,,,0.002197515284697896,,0.00023933334783838472,,0.03942472966210483,0.001457757664106525,,0.7295533169426253,,,0.00023933334783838472,0.0007180000435151542,,,,,,,,,,,,,,0.00023933334783838472,0.0017188485890211266,0.00047866669567676943,0.00023933334783838472,0.0007180000435151542,0.00023933334783838472,,0.04264485106938491,0.00047866669567676943,0.00023933334783838472,,,0.0024586062096124974,0.00023933334783838472,0.001457757664106525,,0.011335697656708948,0.0009790909684297556,0.00047866669567676943,0.05741824590413611,0.00023933334783838472,0.0017188485890211266,0.0017188485890211266,0.00023933334783838472,0.0009790909684297556,,,0.016992667696525316,,0.0009790909684297556,0.00047866669567676943,,,0.04928091207763104,0.003677030525880638,0.0026979395574508822,,,
0.0059398185418071845,,0.0012184243162681404,,0.00023933334783838472,,0.0014795152411827418,,0.0007397576205913709,,0.013859576597550096,0.00023933334783838472,,0.0009790909684297556,,0.0014795152411827418,,0.03811927503753182,0.0014795152411827418,,0.7050325275777289,,,0.0014795152411827418,0.0012184243162681404,,,,,,,,,,,,0.00023933334783838472,,0.00023933334783838472,0.00023933334783838472,0.0009790909684297556,0.00023933334783838472,0.0017188485890211266,0.00023933334783838472,,0.05297970018058789,0.00023933334783838472,,,,0.00345945475511847,0.00047866669567676943,0.00023933334783838472,0.00023933334783838472,0.008159091403581297,0.0009790909684297556,0.0012184243162681404,0.06683927677813799,0.00023933334783838472,0.0017188485890211266,0.0017188485890211266,0.00047866669567676943,0.00047866669567676943,,,0.01409890994538848,,0.00023933334783838472,0.00023933334783838472,,,0.05891951872239507,0.003959879027871456,0.004699636648462827,,0.00023933334783838472,0.0007397576205913709
0.007789212593285612,,0.00023933334783838472,,0.00023933334783838472,,0.0007397576205913709,,0.0022410304388503295,0.00023933334783838472,0.008528970213876982,0.0005004242727529862,,0.0012401818933443572,,0.0005004242727529862,,0.04323230565044277,0.0012401818933443572,0.00023933334783838472,0.7073388307478079,,,0.0025021213637649313,0.0012401818933443572,0.00023933334783838472,,,,,,,,,,0.0007397576205913709,0.00023933334783838472,,,0.0010008485455059724,0.0020016970910119447,,,0.0005004242727529862,,0.058310306564261005,0.00023933334783838472,0.00023933334783838472,,,0.0025021213637649313,0.0010008485455059724,0.0007397576205913709,0.00023933334783838472,0.00752812166837101,0.0015012728182589587,0.0007397576205913709,0.06936315571897914,,0.0005004242727529862,0.0005004242727529862,0.00023933334783838472,0.00023933334783838472,,,0.014577576641065251,,0.0005004242727529862,0.0010008485455059724,,,0.04699636648462827,0.003263636561432519,0.0060268488501120515,0.00023933334783838472,0.0007397576205913709,
0.007484606514218577,,0.00023933334783838472,,0.00023933334783838472,,,,0.001979939513935728,,0.018211092012793455,0.00023933334783838472,,0.0017406061660973434,,0.00023933334783838472,,0.03370248689105981,0.0029807880594417005,,0.7475903483388091,,,0.0009790909684297556,0.0012401818933443572,0.00047866669567676943,,,,,,,,,,0.00047866669567676943,0.00023933334783838472,,,0.00047866669567676943,0.0007397576205913709,,,0.00047866669567676943,,0.04542982093514066,0.00047866669567676943,0.0007397576205913709,0.00023933334783838472,,0.003241878984356302,0.0012401818933443572,0.00047866669567676943,,0.007985030786971563,0.0017406061660973434,0.00047866669567676943,0.0576575792519745,0.00023933334783838472,0.00047866669567676943,0.00047866669567676943,,,,,0.011466243119166249,,0.0007397576205913709,0.00047866669567676943,,,0.040926002480363786,0.0022410304388503295,0.003241878984356302,,,0.00023933334783838472
0.008811818715867802,,,,0.00023933334783838472,,,,0.0010008485455059724,,0.00807206109527643,,,0.0012401818933443572,,0.0007397576205913709,,0.019168425404146993,0.0027632122886795327,,0.8094253823894171,,,0.0010008485455059724,,0.0010008485455059724,,,,,,0.00023933334783838472,,,,0.0010008485455059724,,,,0.0007397576205913709,0.0012401818933443572,0.0025021213637649313,,0.00023933334783838472,,0.03204891103326733,0.0005004242727529862,0.00023933334783838472,0.0005004242727529862,,0.003263636561432519,0.00023933334783838472,0.0012401818933443572,,0.00957333391353539,0.00023933334783838472,0.0020016970910119447,0.04062139640129675,0.0005004242727529862,0.0005004242727529862,0.0007397576205913709,,0.00023933334783838472,,,0.011335697656708948,0.0005004242727529862,,0.0005004242727529862,,,0.029525032092426188,0.003764060834185505,0.00176236374317356,,,0.0007397576205913709
0.009399273296925654,,0.00023933334783838472,0.00023933334783838472,0.00023933334783838472,,,,0.0009573333913535389,,0.01037836426535541,,,0.00047866669567676943,,0.0007180000435151542,,0.026304910685146104,0.0016753334348686931,,0.7798133199886861,,,0.0019146667827070777,,0.0007180000435151542,,,,,,0.00047866669567676943,,,,,,,,0.0009573333913535389,0.0021540001305454626,0.00047866669567676943,,0.00023933334783838472,,0.036944365875416114,0.00023933334783838472,0.00047866669567676943,0.0007180000435151542,,0.0028937577511368336,0.00023933334783838472,0.00047866669567676943,,0.005548182154435282,0.00023933334783838472,0.0011966667391919237,0.04732273014077153,0.0023933334783838474,0.0007180000435151542,0.0007180000435151542,0.00023933334783838472,0.00023933334783838472,,,0.013990122060007397,0.00047866669567676943,,0.00047866669567676943,,,0.039359456930876176,0.004569091186005526,0.0026544244032984487,,,0.00047866669567676943
0.007071212549770458,,0.00021757577076216792,,0.00021757577076216792,,,0.00021757577076216792,0.0006962424664389374,,0.010835273383955962,0.00045690911860055264,,,,0.00021757577076216792,,0.01790648593372642,0.0023498183242314135,0.0006962424664389374,0.8163225343225778,,,0.0009355758142773221,,0.00045690911860055264,,,,,0.00021757577076216792,,,0.00021757577076216792,,,,,,0.0016318182807162594,0.0018711516285546442,,,0.00045690911860055264,,0.03607406279236744,0.00045690911860055264,,0.0006962424664389374,,0.0025891516720697983,0.00045690911860055264,,0.00021757577076216792,0.0061138791584169185,,0.0009355758142773221,0.041491699484345425,0.0011749091621157067,,0.0006962424664389374,,0.00021757577076216792,,,0.010595940036117578,,0.0016318182807162594,0.00021757577076216792,,,0.02828485019908183,0.003764060834185505,0.0009355758142773221,,,0.00045690911860055264
0.005874545810578534,,0.00021757577076216792,,0.00021757577076216792,,,,0.0009355758142773221,0.00021757577076216792,0.017406061660973433,0.00021757577076216792,,0.00021757577076216792,,,,0.03150497160636192,0.0011749091621157067,,0.7550749548530276,,,0.0006962424664389374,0.00021757577076216792,0.0006962424664389374,,,,,,,0.00021757577076216792,,,,,,,0.0006962424664389374,0.00045690911860055264,,,0.00021757577076216792,,0.04303648745675682,0.0011749091621157067,,,,0.004699636648462827,,0.00021757577076216792,,0.006331454929179086,0.00045690911860055264,0.0011749091621157067,0.05715715497922151,,0.00021757577076216792,0.0006962424664389374,,0.0013924849328778748,,,0.01364200082678793,0.0016318182807162594,0.00021757577076216792,,,,0.04514697243314984,0.0037423032571092885,0.0023498183242314135,,,0.00045690911860055264
0.008333152020191031,,0.00045690911860055264,,,,0.00045690911860055264,,0.00045690911860055264,,0.012031940123147886,0.00021757577076216792,,0.00045690911860055264,,,,0.027806183503405062,0.002066969822240595,,0.7651922281934683,,,0.0009138182372011053,,,,,,,,,0.00021757577076216792,,,0.00021757577076216792,,,0.00021757577076216792,,0.0006744848893627206,,,0.00045690911860055264,,0.050978003089575945,0.00021757577076216792,,0.00021757577076216792,,0.0027632122886795327,,,0.0009138182372011053,0.007397576205913709,0.00045690911860055264,0.00045690911860055264,0.05398054872609386,,0.0006744848893627206,0.0006744848893627206,0.00021757577076216792,0.0006744848893627206,,,0.008333152020191031,0.0016100607036400427,0.00045690911860055264,,,,0.04240551772154653,0.004395030569395792,0.0030025456365179175,,,
0.007375818628837493,,0.00021757577076216792,,,,0.0006744848893627206,,0.0006744848893627206,0.00045690911860055264,0.01037836426535541,,,0.00021757577076216792,,,,0.032571092883096536,0.002066969822240595,,0.77398228933226,,,0.00115315158503949,,,,,,,,,0.00021757577076216792,,,0.0006744848893627206,0.00045690911860055264,,,,0.00045690911860055264,0.00021757577076216792,0.00021757577076216792,0.00021757577076216792,0.00021757577076216792,0.03996866908901025,0.00021757577076216792,,,0.00021757577076216792,0.004851939687996344,,0.00045690911860055264,0.00045690911860055264,0.008528970213876982,,0.00021757577076216792,0.0457344270142077,,0.00115315158503949,0.0006744848893627206,0.0009138182372011053,0.0013707273558016579,,,0.012467091664672221,0.00021757577076216792,0.0013707273558016579,,,,0.038815517503970755,0.006462000391636387,0.00345945475511847,,,
0.008289636866038598,,0.00021757577076216792,,,,,,0.002284545593002763,0.00021757577076216792,0.007354061051761276,,,0.0016100607036400427,,,,0.03270163834555384,0.002284545593002763,,0.7582515611061552,,,0.0006744848893627206,,,,,,,,,,,,0.00021757577076216792,0.00045690911860055264,,0.00021757577076216792,0.00021757577076216792,0.00045690911860055264,0.00021757577076216792,,0.00021757577076216792,,0.04630012401818934,0.00045690911860055264,,,,0.005744000348121233,,0.00021757577076216792,,0.005744000348121233,0.0009138182372011053,0.0013707273558016579,0.056199821587867974,0.00021757577076216792,0.00045690911860055264,0.0011313940079632732,0.00045690911860055264,0.0009138182372011053,,,0.016122364613476645,0.00045690911860055264,,,,,0.0402950327451535,0.0043732729923195756,0.002523878940841148,,,0.00021757577076216792
