Adair County,Alfalfa County,Atoka County,Beaver County,Beckham County,Blaine County,Bryan County,Caddo County,Canadian County,Carter County,Cherokee County,Choctaw County,Cimarron County,Cleveland County,Coal County,Comanche County,Cotton County,Craig County,Creek County,Custer County,Delaware County,Dewey County,Ellis County,Garfield County,Garvin County,Grady County,Grant County,Greer County,Harmon County,Harper County,Haskell County,Hughes County,Jackson County,Jefferson County,Johnston County,Kay County,Kingfisher County,Kiowa County,Latimer County,Le Flore County,Lincoln County,Logan County,Love County,Major County,Marshall County,Mayes County,McClain County,McCurtain County,McIntosh County,Murray County,Muskogee County,Noble County,Nowata County,Okfuskee County,Oklahoma County,Okmulgee County,Osage County,Ottawa County,Pawnee County,Payne County,Pittsburg County,Pontotoc County,Pottawatomie County,Pushmataha County,Roger Mills County,Rogers County,Seminole County,Sequoyah County,Stephens County,Texas County,Tillman County,Tulsa County,Wagoner County,Washington County,Washita County,Woods County,Woodward County
,,0.003900606761051719,,,,0.0019503033805258595,,0.007873446980641434,0.0009390349609939324,,,,0.011846287200231146,0.005923143600115573,,,,0.0029615718000577866,,,,,,0.0019503033805258595,0.0009390349609939324,,,,,,0.5786622363478763,,,0.0009390349609939324,0.0009390349609939324,,,,,0.0019503033805258595,0.0019503033805258595,,,,0.0009390349609939324,0.0019503033805258595,0.0009390349609939324,0.008884715400173361,0.003900606761051719,,,,0.025715111239526148,0.03459982663969951,0.013796590580757006,,,,,0.02665414620052008,0.08899162091880959,0.06327650967928344,,,,0.08306847731869402,0.0009390349609939324,0.0029615718000577866,,,0.017769430800346722,0.0009390349609939324,,,,0.0019503033805258595
,,0.0009390349609939324,,0.008017913897717423,,,0.0009390349609939324,0.0029615718000577866,0.0029615718000577866,,,,0.024053741693152268,0.004984108639121641,,,,0.0019503033805258595,,,,,,0.0029615718000577866,0.003972840219589714,,,,,,0.18390638543773485,,,0.0009390349609939324,0.0009390349609939324,0.0009390349609939324,,0.003972840219589714,,0.00902918231724935,0.0009390349609939324,,,,,0.004984108639121641,0.0009390349609939324,0.010040450736781278,0.0009390349609939324,0.004984108639121641,,,0.06024270442068766,0.048179716844842534,0.05222479052297024,0.0019503033805258595,,,,0.08436867957237792,0.15364056631031495,0.08639121641144178,,,,0.21294423577000868,0.0019503033805258595,0.0029615718000577866,,,0.015024559375902918,0.0009390349609939324,0.0009390349609939324,,,0.0019503033805258595
,,0.0020225368390638545,,0.007151112395261485,,0.0030338052585957816,0.0010112684195319273,0.0010112684195319273,0.0010112684195319273,0.0010112684195319273,,,0.036766830395839355,0.006067610517191563,0.0030338052585957816,,0.0010112684195319273,0.005056342097659636,0.0010112684195319273,0.0010112684195319273,,,,0.0010112684195319273,0.004045073678127709,,0.0020225368390638545,,,,0.19271886737937016,,,0.004045073678127709,0.0010112684195319273,0.0020225368390638545,,0.0020225368390638545,,0.004045073678127709,0.0020225368390638545,,,,0.0010112684195319273,0.005056342097659636,0.0010112684195319273,0.013218722912453048,0.0020225368390638545,0.0030338052585957816,,,0.044929211210632765,0.04391794279110084,0.03163825483964172,0.0030338052585957816,0.0010112684195319273,,,0.07866223634787634,0.20846576134065298,0.062337474718289515,,,0.0010112684195319273,0.19517480496966194,0.0010112684195319273,0.0010112684195319273,,,0.012207454492921122,,0.0010112684195319273,,,0.004045073678127709
,,0.002094770297601849,,0.008379081190407396,,0.004189540595203698,0.003106038717133776,0.002094770297601849,,,0.0010112684195319273,,0.05482519503033805,0.008379081190407396,0.002094770297601849,,,0.002094770297601849,,,,,,0.002094770297601849,0.00527304247327362,,,,,,0.21540017336030048,,,0.00527304247327362,,0.0010112684195319273,,,,0.0010112684195319273,,,,0.0010112684195319273,,0.003106038717133776,0.0010112684195319273,0.00527304247327362,0.00736781277087547,0.002094770297601849,,,0.03163825483964172,0.07483386304536262,0.03264952325917365,0.003106038717133776,,0.0010112684195319273,0.01054608494654724,0.07273909274776076,0.15183472984686508,0.09281999422132332,,,0.002094770297601849,0.16238081479341232,0.0010112684195319273,0.0010112684195319273,,,0.02000866801502456,,0.0010112684195319273,,,0.003106038717133776
,,0.0010112684195319273,,,,0.0020225368390638545,0.0010112684195319273,0.008090147356255418,0.0020225368390638545,,,,0.014229991331984975,0.0020225368390638545,,,,0.008090147356255418,,,,,,0.0020225368390638545,0.0030338052585957816,,,,,,0.471973418087258,,,0.0020225368390638545,0.0010112684195319273,0.0010112684195319273,,,,0.0030338052585957816,0.0020225368390638545,,0.0010112684195319273,0.0010112684195319273,,0.005056342097659636,0.0010112684195319273,0.008090147356255418,0.0010112684195319273,0.004045073678127709,0.0020225368390638545,,0.0499133198497544,0.03972840219589714,0.031566021381103725,0.0010112684195319273,,0.0020225368390638545,,0.04073967061542907,0.11203409419242993,0.050924588269286336,,,,0.09679283444091304,0.0020225368390638545,0.006067610517191563,,,0.01625252817104883,,0.0020225368390638545,,,0.0010112684195319273
,,0.0010112684195319273,,,0.0010112684195319273,0.0010112684195319273,,0.0020225368390638545,,0.0010112684195319273,,,0.01849176538572667,0.006139843975729558,0.0010112684195319273,0.0010112684195319273,,0.0030338052585957816,,0.004045073678127709,,,,0.0030338052585957816,0.0030338052585957816,,,,,0.0010112684195319273,0.22948569777520933,,,0.0010112684195319273,,0.0020225368390638545,,0.0020225368390638545,0.0010112684195319273,0.007151112395261485,,,,,,0.004045073678127709,0.0010112684195319273,0.007151112395261485,0.0010112684195319273,0.0020225368390638545,,,0.03900606761051719,0.051357989020514305,0.03178272175671771,,,,0.0030338052585957816,0.10170470962149668,0.208537994799191,0.055475296157180005,,,0.0010112684195319273,0.18181161514013292,0.0020225368390638545,0.0020225368390638545,,,0.017408263507656747,,,,,
,,0.002094770297601849,,,,0.0010112684195319273,,0.003106038717133776,,,0.0010112684195319273,,0.017841664258884716,0.005200809014735626,,,,0.0010112684195319273,,0.003106038717133776,,,,0.003106038717133776,0.003106038717133776,,,,,0.0010112684195319273,0.24559375902918235,,,0.0010112684195319273,,0.002094770297601849,,0.002094770297601849,0.0010112684195319273,0.005200809014735626,,,0.0010112684195319273,,0.0010112684195319273,0.005200809014735626,0.0010112684195319273,0.003106038717133776,0.0010112684195319273,0.003106038717133776,,,0.05576422999133199,0.04630164692285467,0.0431233747471829,,,,0.005200809014735626,0.06631031493787923,0.21467783877492055,0.07786766830395839,,,,0.15992487720312049,0.002094770297601849,0.0010112684195319273,,,0.013652123663681017,,,,,
,,0.0020225368390638545,,,,0.004045073678127709,,0.0010112684195319273,,,0.0010112684195319273,,0.016324761629586824,0.006139843975729558,,,,0.0020225368390638545,0.0010112684195319273,0.0010112684195319273,,,,0.0010112684195319273,0.0030338052585957816,,,,,,0.2563565443513435,,,0.0030338052585957816,0.0030338052585957816,0.0010112684195319273,,0.0020225368390638545,,0.0020225368390638545,,,,,,0.004045073678127709,0.0010112684195319273,0.005056342097659636,0.0020225368390638545,0.0020225368390638545,,,0.05013002022536839,0.06450447847442936,0.023548107483386305,,,,0.004045073678127709,0.08292401040161802,0.18744582490609651,0.05626986420109795,,,0.0020225368390638545,0.18636232302802658,0.004045073678127709,,,,0.017408263507656747,0.0010112684195319273,,,,
,,0.007295579312337474,,,,0.0010112684195319273,0.002094770297601849,0.002094770297601849,0.0010112684195319273,,,,0.02622074544929211,0.008379081190407396,,,,0.002094770297601849,0.0010112684195319273,,,,,0.014663392083212944,0.006284310892805548,,,,,,0.21503900606761062,,,0.006284310892805548,0.002094770297601849,0.0010112684195319273,,0.0010112684195319273,,0.006284310892805548,0.0010112684195319273,,,0.0010112684195319273,,0.003106038717133776,0.0010112684195319273,0.002094770297601849,0.002094770297601849,0.004189540595203698,,,0.05764229991331985,0.053452759318116154,0.028315515746893963,,,,0.002094770297601849,0.07129442357700087,0.21713377636521236,0.07028315515746894,,,0.003106038717133776,0.1625975151690263,0.002094770297601849,0.003106038717133776,,,0.010473851488009245,,,,,
,,0.003106038717133776,,,,0.004189540595203698,0.002094770297601849,0.002094770297601849,,,,,0.016758162380814793,0.008379081190407396,,,,0.0010112684195319273,0.0010112684195319273,,0.0010112684195319273,0.0010112684195319273,,0.002094770297601849,0.007295579312337474,,,,,,0.2532505056342098,,,0.0010112684195319273,,0.0010112684195319273,,0.0010112684195319273,,0.002094770297601849,0.0010112684195319273,,,,,0.006284310892805548,0.0010112684195319273,0.004189540595203698,0.002094770297601849,0.004189540595203698,,,0.06927188673793701,0.06717711644033517,0.02622074544929211,,0.0010112684195319273,,0.003106038717133776,0.09347009534816526,0.17429933545218146,0.06298757584513147,,,0.002094770297601849,0.1511846287200231,0.0010112684195319273,,,,0.02094770297601849,,,,,
,,0.002094770297601849,,,,0.003106038717133776,,0.00946258306847732,0.0010112684195319273,,,,0.013724357122219012,0.004189540595203698,,,0.0010112684195319273,0.0010112684195319273,,,,0.0010112684195319273,,0.002094770297601849,0.00736781277087547,,,,,,0.36434556486564584,,,0.004189540595203698,0.0010112684195319273,,,,,0.003106038717133776,,,,,,0.002094770297601849,0.0010112684195319273,0.00736781277087547,0.004189540595203698,0.003106038717133776,,,0.04969661947414042,0.06558798035249928,0.024270442068766253,0.0010112684195319273,,0.0010112684195319273,0.002094770297601849,0.03915053452759318,0.13009245882692863,0.08249060965039005,,,0.004189540595203698,0.15443513435423287,0.0010112684195319273,,,,0.008451314648945392,,,,,
,,0.003178272175671771,,,,0.0010112684195319273,,0.005345275931811615,0.002094770297601849,,,,0.025715111239526148,0.002094770297601849,,,,0.003178272175671771,,,,,,0.011774053741693153,0.004261774053741693,,,,,,0.44784744293556766,,,0.003178272175671771,,,,,,,,,,,,0.003178272175671771,,0.006428777809881537,0.003178272175671771,0.0010112684195319273,,,0.03423865934700954,0.04926321872291245,0.025715111239526148,,,0.002094770297601849,0.002094770297601849,0.042834440913030916,0.10502744871424444,0.06428777809881538,,,0.004261774053741693,0.12539728402195896,0.0010112684195319273,0.0010112684195319273,,,0.01928633342964461,,,,,
,,0.001083501878069922,,,,0.0033227390927477608,0.001083501878069922,0.001083501878069922,,0.001083501878069922,,,0.007728980063565444,0.0055619763074255995,,,0.001083501878069922,0.002167003756139844,0.001083501878069922,,,,,0.007728980063565444,0.004406240970817683,,,,,0.001083501878069922,0.25057786766830403,,,0.004406240970817683,,0.001083501878069922,,0.002167003756139844,,0.007728980063565444,0.001083501878069922,,,,,0.001083501878069922,,0.007728980063565444,0.001083501878069922,0.002167003756139844,,,0.04673504767408263,0.048974284888760475,0.013363189829529038,,,,0.001083501878069922,0.09130309159202543,0.23280843686795724,0.06125397284021959,,,0.0033227390927477608,0.1681594914764519,0.001083501878069922,0.002167003756139844,,,0.007728980063565444,0.001083501878069922,0.0033227390927477608,,,
,,0.0010112684195319273,,,,0.002094770297601849,0.002094770297601849,0.003178272175671771,0.002094770297601849,,,,0.015024559375902918,0.011774053741693153,,,0.0010112684195319273,0.002094770297601849,0.0010112684195319273,,,,,0.005345275931811615,0.004261774053741693,,,,,,0.21381103727246464,,,0.003178272175671771,0.0010112684195319273,,,0.0010112684195319273,0.0010112684195319273,0.004261774053741693,,,,0.002094770297601849,,0.002094770297601849,,0.008595781566021381,0.0010112684195319273,0.003178272175671771,,,0.07100548974284888,0.03980063565443513,0.02152557064432245,,,,0.002094770297601849,0.0957815660213811,0.2206732158335741,0.06024270442068766,0.0010112684195319273,,0.0010112684195319273,0.17003756139843976,0.0010112684195319273,0.004261774053741693,,,0.018275065010112685,,0.0010112684195319273,,,
,,0.0010112684195319273,,,,0.0010112684195319273,0.0010112684195319273,0.0010112684195319273,0.002094770297601849,0.0010112684195319273,,,0.01704709621496677,0.008523548107483386,,,0.0010112684195319273,0.0010112684195319273,0.002094770297601849,,,,,0.006356544351343542,0.003178272175671771,,,,,,0.18217278243282287,,,0.002094770297601849,,,,0.0010112684195319273,0.0010112684195319273,0.0010112684195319273,,,,0.0010112684195319273,,0.002094770297601849,,0.002094770297601849,0.0010112684195319273,0.003178272175671771,,,0.046951748049696616,0.05338052585957816,0.027737648078590003,,,,0.002094770297601849,0.08220167581623808,0.2489164981219301,0.061904073967061546,,,,0.2072377925455071,0.0010112684195319273,0.003178272175671771,,,0.021308870268708466,,0.0010112684195319273,,,
,,0.002167003756139844,,,,,,,0.004334007512279688,0.001083501878069922,,,0.023837041317538284,0.0065010112684195315,,,,0.002167003756139844,0.001083501878069922,,,,,0.0032505056342097658,0.0032505056342097658,,,,,,0.20405952036983532,,,0.001083501878069922,,,,0.0032505056342097658,,0.00541750939034961,,,,0.001083501878069922,,0.002167003756139844,0.001083501878069922,0.013002022536839063,0.002167003756139844,0.001083501878069922,,,0.0444235770008668,0.06508234614273331,0.024920543195608207,,,,0.0032505056342097658,0.09216989309448137,0.24407685639988444,0.08025137243571222,0.001083501878069922,,,0.1377492054319561,0.001083501878069922,0.001083501878069922,,,0.02275353943946836,,,,,
,,0.002094770297601849,,,,0.008523548107483386,,0.0010112684195319273,0.002094770297601849,0.002094770297601849,,,0.013868824039295001,0.00527304247327362,,,,0.003178272175671771,0.0010112684195319273,0.0010112684195319273,,0.0010112684195319273,0.0010112684195319273,0.002094770297601849,0.002094770297601849,,,,,,0.1764663392083211,,,0.002094770297601849,0.0010112684195319273,,,0.003178272175671771,0.003178272175671771,,,,,,,,0.0010112684195319273,0.002094770297601849,0.003178272175671771,0.010618318405085236,,,0.06934412019647501,0.0458682461716267,0.02874891649812193,,0.00527304247327362,,0.0010112684195319273,0.07678416642588848,0.22731869401906962,0.061904073967061546,,,0.003178272175671771,0.19098526437445826,0.002094770297601849,0.002094770297601849,,,0.02557064432245016,,0.006356544351343542,,,0.004261774053741693
,,0.0032505056342097658,,,,0.009751516902629298,,0.008668015024559377,0.00541750939034961,,,,0.03691129731291534,0.009751516902629298,,,,0.004334007512279688,,0.001083501878069922,,0.004334007512279688,0.0032505056342097658,0.0032505056342097658,0.004334007512279688,,,,,,0.0026004045073676485,0.001083501878069922,,,0.001083501878069922,,,0.01625252817104883,0.002167003756139844,0.002167003756139844,0.002167003756139844,0.001083501878069922,,,,0.002167003756139844,0.001083501878069922,0.001083501878069922,,0.002167003756139844,,,0.05208032360589425,0.07490609650390061,0.02167003756139844,,,,0.008668015024559377,0.09224212655301936,0.21605027448714245,0.16722045651545797,,,,0.18130598093036696,,0.0032505056342097658,,,0.034744293556775496,,0.01083501878069922,,,0.007584513146489454
,,,,,0.001083501878069922,0.001083501878069922,,0.002167003756139844,,,0.001083501878069922,,0.03972840219589714,0.025353943946836176,,,,0.012135221034383126,,,,0.0032505056342097658,0.002167003756139844,0.001083501878069922,0.002167003756139844,,,,,,0.3766252528171049,,,,0.001083501878069922,,,,0.001083501878069922,0.006573244726957527,,,,,,0.005489742848887605,,0.006573244726957527,0.002167003756139844,0.002167003756139844,,,0.03647789656168737,0.04752961571800058,0.013218722912453048,,,0.001083501878069922,0.011051719156313203,0.04196763941057498,0.13926610806125397,0.06298757584513147,,,0.001083501878069922,0.10163247616295869,0.002167003756139844,0.001083501878069922,,,0.025353943946836176,,0.004406240970817683,,,0.01762496388327073
,,0.001083501878069922,,,0.002167003756139844,0.002167003756139844,0.0033227390927477608,0.004406240970817683,,,0.001083501878069922,,0.019936434556486565,0.0066454781854955215,0.001083501878069922,0.001083501878069922,,0.001083501878069922,0.0033227390927477608,,,0.0033227390927477608,,0.004406240970817683,0.007728980063565444,,,,,,0.17516613695463723,,,0.005489742848887605,,,,0.0033227390927477608,0.001083501878069922,0.005489742848887605,0.002167003756139844,,,,0.001083501878069922,0.004406240970817683,,0.0033227390927477608,0.002167003756139844,0.002167003756139844,,,0.04435134354232881,0.08104594047963017,0.027737648078590003,0.0066454781854955215,,,0.0033227390927477608,0.0765674660502745,0.19539150534527594,0.10322161225079457,,,,0.15320716555908698,0.001083501878069922,0.001083501878069922,,,0.028821149956659926,,0.002167003756139844,,,0.0066454781854955215
,,,,,,0.010762785322161225,,0.002094770297601849,,,0.002094770297601849,,0.018275065010112685,0.01610806125397284,0.0010112684195319273,,,0.003178272175671771,,,,0.002094770297601849,0.002094770297601849,0.002094770297601849,0.004261774053741693,,,,,,0.249133198497544,,,0.0010112684195319273,0.0010112684195319273,,,,0.002094770297601849,0.007512279687951459,,,,,,,0.0010112684195319273,0.0010112684195319273,0.004261774053741693,0.004261774053741693,,,0.047312915342386595,0.03546662814215545,0.025787344698064145,0.002094770297601849,,,0.0010112684195319273,0.06883848598670904,0.19806414331118175,0.08501878069921988,,,,0.15927477607627855,0.002094770297601849,0.006428777809881537,,,0.027954348454203987,,0.002094770297601849,,,0.003178272175671771
,,,,,,0.0010112684195319273,,,,,,,0.013941057497832997,0.0236203409419243,0.0010112684195319273,,,0.005345275931811615,,,,0.002094770297601849,0.003178272175671771,0.003178272175671771,0.002094770297601849,,,,,,0.33718578445535974,,,0.002094770297601849,,,,,,0.002094770297601849,0.0010112684195319273,,,,,,0.0010112684195319273,0.011774053741693153,,,,,0.040884137532505055,0.03655013002022537,0.008595781566021381,0.002094770297601849,,,0.003178272175671771,0.07425599537705865,0.19373013579890205,0.0569921987864779,,,,0.1581912741982086,0.0010112684195319273,0.003178272175671771,,,0.005345275931811615,,,,,0.005345275931811615
,,0.0033227390927477608,,,,0.001083501878069922,,,0.001083501878069922,0.001083501878069922,,,0.012351921409997111,0.008956948858711355,0.0022392372146778387,,,0.001083501878069922,,,,0.0022392372146778387,,0.0022392372146778387,0.0022392372146778387,,,,,,0.1579023403640566,,,0.008956948858711355,,,,,0.001083501878069922,0.0055619763074255995,,,,,,0.0033227390927477608,0.001083501878069922,0.0055619763074255995,0.001083501878069922,0.0033227390927477608,,,0.046084946547240685,0.056197630742559956,0.017986131175960703,,,,0.001083501878069922,0.07866223634787634,0.25404507367812773,0.1180294712510835,,,0.001083501878069922,0.1708321294423577,,0.0033227390927477608,,,0.022464605605316382,0.001083501878069922,,,,0.0033227390927477608
,,0.002167003756139844,,0.001083501878069922,0.001083501878069922,0.007728980063565444,,0.002167003756139844,0.005489742848887605,0.001083501878069922,,,0.02983241837619185,0.01654146200520081,,0.002167003756139844,,0.001083501878069922,,,,0.002167003756139844,,0.0032505056342097658,0.005489742848887605,,,,,,0.11947414042184346,0.002167003756139844,,0.011051719156313203,,,,,,0.004406240970817683,0.0032505056342097658,,,0.001083501878069922,0.001083501878069922,0.001083501878069922,0.001083501878069922,0.0032505056342097658,0.002167003756139844,0.002167003756139844,,,0.04868535105460849,0.0541750939034961,0.02766541462005201,,,,0.0032505056342097658,0.07519503033805258,0.26553019358566887,0.08407974573822595,,,0.0032505056342097658,0.18253394972551285,,0.004406240970817683,,,0.009895983819705287,,,,,0.007728980063565444
,,0.012241452089489235,,,,0.0055579006613198255,,0.002180948360771071,0.001055297593921486,,,,0.031166455607147883,0.032292106373997466,,,,0.006613198255241311,,,,0.002180948360771071,,0.008864499788940482,0.0033065991276206557,,,,,,0.0,,,0.013296749683410722,,,,,0.001055297593921486,0.002180948360771071,0.0033065991276206557,,,0.001055297593921486,,0.007738849022090897,,0.006613198255241311,0.001055297593921486,0.008864499788940482,,,0.06345856198114536,0.08350921626565358,0.019980301111580133,,,,0.004432249894470241,0.06458421274799493,0.22829604615168145,0.1402842268186295,,,0.009990150555790066,0.17482763472632615,,0.007738849022090897,,,0.05009145912480653,,,,,0.002180948360771071
,,,,,,,,0.002167003756139844,,,,,0.0249927766541462,0.00541750939034961,0.0032505056342097658,,,0.0032505056342097658,,,,0.002167003756139844,0.001083501878069922,0.002167003756139844,0.002167003756139844,,,,,,0.4231436001155734,,,0.001083501878069922,,0.001083501878069922,,,0.001083501878069922,,0.001083501878069922,,,,,,,0.00541750939034961,,0.004334007512279688,,,0.039222767986131175,0.03806703264952326,0.023909274776076277,,,,0.0065010112684195315,0.04464027737648078,0.11658480208032361,0.0806125397284022,,,0.002167003756139844,0.11217856110950593,0.001083501878069922,0.0032505056342097658,,,0.04355677549841087,,0.002167003756139844,,,0.002167003756139844
,,0.001083501878069922,,0.001083501878069922,,0.001083501878069922,,0.001083501878069922,,,,,0.015963594336896852,0.009101415775787344,0.001083501878069922,,,0.0057064432245015895,,,,0.001083501878069922,,0.006862178561109506,0.0057064432245015895,,,,,,0.2389482808436868,,,0.0022392372146778387,,,,,,0.007945680439179427,,,,,0.0022392372146778387,0.0022392372146778387,,0.0057064432245015895,0.001083501878069922,,,,0.05489742848887605,0.05034672060098237,0.01711932967350477,,,,0.0022392372146778387,0.06977752094770298,0.21865067899451027,0.08010690551863624,,,,0.17401040161802947,,0.001083501878069922,,,0.015963594336896852,0.001083501878069922,0.001083501878069922,,,0.0033949725512857558
0.001083501878069922,,0.001083501878069922,,,,,,0.001083501878069922,0.001083501878069922,,,,0.008017913897717423,0.010329384570933256,0.001083501878069922,,,,,,,0.004550707887893672,,0.006862178561109506,0.001083501878069922,,,,,0.001083501878069922,0.3029471251083502,,,0.0022392372146778387,,,,0.001083501878069922,0.001083501878069922,,,,,,,0.0057064432245015895,0.001083501878069922,0.004550707887893672,0.0022392372146778387,,,,0.05655879803524993,0.03691129731291534,0.020731002600404506,,0.001083501878069922,,0.001083501878069922,0.10047674082635076,0.20911586246749495,0.04846865067899451,,,,0.1571077723201387,,0.0022392372146778387,,,0.0033949725512857558,,,,,0.004550707887893672
,,0.0011557353366079169,,,,,,,,0.0011557353366079169,,,0.015024559375902918,0.004622941346431667,0.0011557353366079169,,,0.0034672060098237503,,,,0.0034672060098237503,,0.009245882692863335,0.0023114706732158337,,,,,,0.23562554175093908,,,0.0034672060098237503,,,,0.0023114706732158337,,0.005778676683039584,,,,0.0011557353366079169,,,0.0011557353366079169,0.0011557353366079169,0.0023114706732158337,0.0034672060098237503,,,0.05316382548396417,0.04622941346431667,0.034672060098237506,,,0.0023114706732158337,0.0011557353366079169,0.07288355966483676,0.23020803236058943,0.06356544351343542,,,,0.17581623808147934,0.0011557353366079169,0.0034672060098237503,,,0.010401618029471251,,0.0011557353366079169,,,0.005778676683039584
,,0.002167003756139844,,,,0.002167003756139844,,,0.002167003756139844,0.001083501878069922,,,0.022103438312626407,0.005489742848887605,0.001083501878069922,,,0.006573244726957527,,,,0.004406240970817683,,0.004406240970817683,0.004406240970817683,,,,,,0.1901184628720023,,0.004406240970817683,0.002167003756139844,0.001083501878069922,,,0.001083501878069922,,0.01986420109794857,,,,,,0.005489742848887605,0.001083501878069922,0.002167003756139844,0.0032505056342097658,0.001083501878069922,,,0.0597370702109217,0.06638254839641722,0.03647789656168737,,0.001083501878069922,0.002167003756139844,0.001083501878069922,0.0707887893672349,0.21243860156024272,0.06746605027448714,,,0.001083501878069922,0.17588847154001733,,0.002167003756139844,,0.001083501878069922,0.008812481941635366,,,,,0.005489742848887605
,,0.004478474429355677,,,,0.0022392372146778387,,,0.0033949725512857558,0.001083501878069922,,,0.044134643166714824,0.0067899451025715115,,,,0.005634209765963594,0.001083501878069922,0.0033949725512857558,,0.001083501878069922,,0.004478474429355677,0.0067899451025715115,,,,,,0.022175671771164307,0.0022392372146778387,,0.001083501878069922,,,,0.001083501878069922,,0.020369835307714534,,,,0.0022392372146778387,,0.004478474429355677,0.001083501878069922,0.0022392372146778387,0.005634209765963594,0.0033949725512857558,,,0.055475296157180005,0.05439179427911008,0.0430511412886449,,0.001083501878069922,,0.001083501878069922,0.07021092169893095,0.2843831262640855,0.08039583935278821,,,,0.22883559664836753,,0.0033949725512857558,,,0.014663392083212944,,,,,0.012424154868535105
,,0.0016613695463738804,,0.0033227390927477608,,0.01430222479052297,,,0.002528171048829818,,,,0.027015313493210055,0.005056342097659636,,,,0.013507656746605028,0.0007945680439179428,0.0016613695463738804,,,0.002528171048829818,0.01097948569777521,0.0007945680439179428,,,,,,0.03683906385437752,0.0033227390927477608,,0.0016613695463738804,0.0007945680439179428,,,,0.004189540595203698,0.015169026292978907,,,,,0.0033227390927477608,0.0007945680439179428,0.004189540595203698,0.010112684195319271,0.0016613695463738804,0.009245882692863335,,,0.04557931233747472,0.10307714533371858,0.031204854088413753,,,,0.0016613695463738804,0.08790811904073967,0.1732880670326495,0.11745160358277955,,,0.0007945680439179428,0.22226235192141,,0.002528171048829818,,,0.03207165559086969,0.0016613695463738804,,,,0.005056342097659636
,,0.0008668015024559376,,0.0017336030049118752,,0.004406240970817683,,0.0008668015024559376,0.0008668015024559376,0.0008668015024559376,,,0.017697197341808725,0.002600404507367813,0.0008668015024559376,,,0.004406240970817683,0.004406240970817683,0.002600404507367813,,,,0.004406240970817683,0.002600404507367813,,,,,0.0017336030049118752,0.4531204854088414,,,,,,,,,,,,,,0.0008668015024559376,0.0008668015024559376,0.0017336030049118752,0.009751516902629298,0.0017336030049118752,0.0035394394683617453,,,0.04427911008379081,0.04073967061542907,0.029254550707887895,,,,0.0008668015024559376,0.05403062698642011,0.12055764229991332,0.05937590291823173,,,0.002600404507367813,0.09397572955793124,0.0008668015024559376,0.0008668015024559376,,,0.025715111239526148,0.0017336030049118752,,,,0.002600404507367813
,,,,,,0.008523548107483386,,,0.0033949725512857558,0.0007945680439179428,,,0.01971973418087258,0.012857555619763074,0.002528171048829818,,0.0016613695463738804,0.005995377058653569,0.0007945680439179428,,,,,0.008523548107483386,0.002528171048829818,,,,,,0.3062698642010979,,,,,,,,,0.002528171048829818,,0.0007945680439179428,,,,0.0016613695463738804,0.0007945680439179428,0.007656746605027449,0.0016613695463738804,0.0016613695463738804,,0.0007945680439179428,0.03431089280554753,0.03943946836174516,0.021453337185784457,,,0.0007945680439179428,0.004261774053741693,0.09007512279687951,0.20167581623808148,0.04464027737648078,0.0007945680439179428,,0.0016613695463738804,0.15703553886160068,,0.0016613695463738804,,,0.010257151112395262,,0.0007945680439179428,,,
,,0.0017336030049118752,,,,0.0017336030049118752,,0.0008668015024559376,0.0008668015024559376,,,,0.029615718000577867,0.016180294712510836,,,,0.0035394394683617453,,,,,,0.0026726379659058074,0.0026726379659058074,,,,,0.0008668015024559376,0.348454203987287,0.0008668015024559376,,,,,,,,0.0017336030049118752,,,,,,0.0008668015024559376,,0.0026726379659058074,0.0008668015024559376,0.0017336030049118752,,0.0008668015024559376,0.02152557064432245,0.04673504767408263,0.01791389771742271,,,,0.0017336030049118752,0.06919965327939902,0.180655879803525,0.07187229124530482,,,,0.16266974862756428,,,,,0.007151112395261485,0.0017336030049118752,,,,
,,,,0.0009390349609939324,,,,0.0009390349609939324,,,,,0.0018780699219878647,0.0037561398439757295,0.0018780699219878647,,,0.0018780699219878647,,,,,,,,,,,,,0.722045651545796,0.0009390349609939324,,,,,,0.0009390349609939324,,0.0009390349609939324,,,,,,,,0.002817104882981797,,0.0009390349609939324,,0.0009390349609939324,0.019791967639410574,0.03113262062987576,0.01885293267841664,0.0009390349609939324,,0.0009390349609939324,0.0018780699219878647,0.050924588269286336,0.05843686795723779,0.024487142444380237,,,0.0009390349609939324,0.04427911008379081,0.0009390349609939324,,,,0.005634209765963594,,,,,
,,0.0009390349609939324,,0.002889338341519792,,,,0.0009390349609939324,,0.0009390349609939324,,,0.01567466050274487,0.012713088702687085,,0.0009390349609939324,0.0009390349609939324,0.002889338341519792,,,,,,0.0019503033805258595,,,,,,,0.4415631320427622,,,0.0009390349609939324,,,,0.0009390349609939324,,,,,,,,,0.002889338341519792,0.008812481941635366,,0.0009390349609939324,,,0.03618896272753539,0.04796301646922855,0.022464605605316382,,,,0.002889338341519792,0.0734614273331407,0.13811037272464605,0.04110083790811904,,,0.0009390349609939324,0.12048540884137532,0.0009390349609939324,,,,0.018563998844264663,,,,,
,,0.0065010112684195315,,0.00180583646344987,0.0008668015024559376,0.00180583646344987,,0.004622941346431667,,,,,0.019647500722334586,0.010257151112395262,,,,0.007440046229413464,0.0027448714244438024,,,,,0.0008668015024559376,0.0008668015024559376,,,,,0.00180583646344987,0.1256139843975731,,,0.00180583646344987,,,,,,0.0008668015024559376,,,,,0.0008668015024559376,,0.00180583646344987,0.018708465761340654,0.0027448714244438024,0.00180583646344987,,,0.027159780410286046,0.07028315515746894,0.03373302513724357,,,,0.0008668015024559376,0.11051719156313204,0.2239237214677839,0.0721612250794568,0.0008668015024559376,,0.007440046229413464,0.19112973129153424,0.0027448714244438024,,,,0.042112106327650965,0.0027448714244438024,,,,0.0008668015024559376
,,0.0008668015024559376,,0.0008668015024559376,,0.0008668015024559376,,0.005345275931811615,0.004478474429355677,0.0008668015024559376,,,0.01704709621496677,0.010762785322161225,,,,0.01704709621496677,0.0017336030049118752,,,,,0.0017336030049118752,0.0017336030049118752,,,,,0.0008668015024559376,0.13074255995377038,,,0.0026726379659058074,,,,,0.0035394394683617453,0.005345275931811615,,0.0017336030049118752,,,,0.0035394394683617453,0.004478474429355677,0.011629586824617164,0.006284310892805548,0.02152557064432245,,,0.02152557064432245,0.11781277087546951,0.019791967639410574,0.0017336030049118752,0.0008668015024559376,,0.0017336030049118752,0.10076567466050275,0.1654868535105461,0.09621496677260907,,,,0.16375325050563422,0.0026726379659058074,0.0035394394683617453,,,0.041317538283733024,0.0035394394683617453,,,,0.0035394394683617453
,,0.0035394394683617453,,0.0017336030049118752,,,,0.008956948858711355,0.0008668015024559376,0.0008668015024559376,,,0.0124963883270731,0.005345275931811615,,,,0.0035394394683617453,0.0008668015024559376,0.0008668015024559376,,,,0.008017913897717423,0.0026726379659058074,,,,,0.0008668015024559376,0.4549263218722913,,,,,,,,0.0017336030049118752,0.004478474429355677,,,,,,0.007151112395261485,0.0008668015024559376,0.006212077434267552,,0.007151112395261485,0.0008668015024559376,,0.033155157468939614,0.07172782432822884,0.018780699219878648,0.0017336030049118752,,,0.0008668015024559376,0.07266685928922277,0.08971395550418954,0.05915920254261774,,,0.0017336030049118752,0.09238659347009535,0.0008668015024559376,0.0035394394683617453,,,0.01610806125397284,0.0026726379659058074,,,,0.0008668015024559376
,,,,,,0.0026726379659058074,,0.0008668015024559376,0.0017336030049118752,,,,0.024125975151690262,0.006212077434267552,,,,0.006212077434267552,0.0008668015024559376,,,,,0.004406240970817683,0.0017336030049118752,,,,,0.0017336030049118752,0.2693585668881827,,,0.0008668015024559376,0.0017336030049118752,,,0.0026726379659058074,0.0017336030049118752,0.0035394394683617453,,,,0.0008668015024559376,,0.0035394394683617453,0.0008668015024559376,0.005345275931811615,0.0008668015024559376,0.0026726379659058074,0.0008668015024559376,,0.03662236347876336,0.06349321005489743,0.025931811615140132,,,,0.006212077434267552,0.07425599537705865,0.19329673504767408,0.06349321005489743,,,0.0017336030049118752,0.16014157757873446,0.0008668015024559376,0.0017336030049118752,,,0.0249927766541462,0.0017336030049118752,,,,
,,0.004911875180583647,,,,0.0019503033805258595,,,0.0009390349609939324,,,,0.010907252239237214,0.005923143600115573,0.0009390349609939324,,,0.004911875180583647,,,,,,,,,,,,,0.22349032071655595,0.0009390349609939324,,,0.0019503033805258595,,,,0.0019503033805258595,,,,,,,0.0019503033805258595,0.0009390349609939324,0.008884715400173361,0.0029615718000577866,0.003972840219589714,,,0.03871713377636521,0.03575556197630743,0.03178272175671771,0.0009390349609939324,,,0.0019503033805258595,0.0765674660502745,0.26451892516613695,0.05366945969373014,0.0009390349609939324,,0.0029615718000577866,0.19784744293556775,0.0009390349609939324,,,,0.015891360878358855,,,,,
0.0009390349609939324,,0.005850910141577579,,,,0.0009390349609939324,,0.002889338341519792,0.0019503033805258595,,,,0.01278532216122508,0.004911875180583647,0.0009390349609939324,,,0.003900606761051719,,,,,,0.0019503033805258595,0.0009390349609939324,,,,,,0.3177549841086391,0.0009390349609939324,,0.0009390349609939324,,0.0009390349609939324,,0.0009390349609939324,0.0019503033805258595,0.0019503033805258595,,0.0009390349609939324,,0.0009390349609939324,,0.002889338341519792,0.0019503033805258595,0.005850910141577579,0.0019503033805258595,0.003900606761051719,,,0.04334007512279688,0.04240104016180295,0.022681305980930367,,,,0.002889338341519792,0.0749783299624386,0.18744582490609651,0.05915920254261774,,,0.0009390349609939324,0.16274198208610227,0.0009390349609939324,,,,0.020658769141866512,,,,,
,,0.0018780699219878647,,,,,,,0.002817104882981797,0.0009390349609939324,,,0.018202831551574688,0.002817104882981797,,,,0.0018780699219878647,,0.002817104882981797,,,,0.0009390349609939324,0.0009390349609939324,,,,,,0.33465761340653,,,,,,,,0.0018780699219878647,0.0018780699219878647,,0.0018780699219878647,,0.0009390349609939324,,0.0018780699219878647,,0.0066454781854955215,0.0057064432245015895,0.002817104882981797,0.0009390349609939324,,0.04218433978618896,0.03445535972262352,0.027737648078590003,,,,0.0018780699219878647,0.06132620629875758,0.15725223923721468,0.05749783299624386,,,0.0009390349609939324,0.20709332562843108,,,,,0.017191563132042762,,,,,
,,0.003683906385437735,,0.0008668015024559376,,0.0027448714244438024,,0.003683906385437735,0.00180583646344987,,,,0.02679861311759607,0.005489742848887605,0.00180583646344987,,,0.0008668015024559376,,0.00180583646344987,,,,0.005489742848887605,0.0008668015024559376,,,,,0.0008668015024559376,0.0681161514013292,,,0.0008668015024559376,,,,0.0027448714244438024,,0.023042473273620342,,0.00180583646344987,,,,0.005489742848887605,0.0008668015024559376,0.010112684195319271,0.00917364923432534,0.0027448714244438024,0.0008668015024559376,,0.03785033227390928,0.06096503900606761,0.023042473273620342,,,,,0.13305403062698642,0.2541173071366657,0.08407974573822595,,,,0.1958971395550419,0.00180583646344987,0.004550707887893672,,,0.018419531927188672,0.0027448714244438024,,,,0.0008668015024559376
,,0.005634209765963594,,0.004695174804969662,,0.0018780699219878647,,0.002817104882981797,0.007512279687951459,,,,0.025498410863912163,0.0037561398439757295,0.0018780699219878647,,0.002817104882981797,0.005634209765963594,,0.002817104882981797,,,,0.0037561398439757295,0.002817104882981797,,,,,0.0009390349609939324,0.1597804102860445,,,0.0009390349609939324,,0.0037561398439757295,0.0018780699219878647,,0.0009390349609939324,0.011340652990465184,,0.0009390349609939324,,,0.002817104882981797,0.002817104882981797,,0.020731002600404506,0.007512279687951459,0.016974862756428778,,,0.03207165559086969,0.097298468650679,0.014157757873446981,0.0009390349609939324,,,,0.08978618896272754,0.19748627564287777,0.09823750361167292,0.0009390349609939324,0.0009390349609939324,0.0009390349609939324,0.12193007801213522,0.004695174804969662,0.0018780699219878647,,,0.022681305980930367,0.007512279687951459,,,,0.005634209765963594
,,,,0.003900606761051719,,0.0009390349609939324,0.0009390349609939324,0.0067899451025715115,0.004839641722045651,0.0009390349609939324,,,0.022464605605316382,0.0067899451025715115,0.002889338341519792,,0.005850910141577579,0.010762785322161225,,0.0009390349609939324,,,,0.007801213522103438,0.0019503033805258595,,,,,0.0009390349609939324,0.3103149378792256,,,0.0019503033805258595,,,,0.002889338341519792,0.003900606761051719,0.007801213522103438,,,,,0.007801213522103438,0.0009390349609939324,0.0009390349609939324,0.005850910141577579,0.0009390349609939324,0.002889338341519792,,,0.03712799768852933,0.07338919387460272,0.02542617740537417,0.0009390349609939324,0.0009390349609939324,,0.0009390349609939324,0.07533949725512858,0.12135221034383126,0.07338919387460272,,,0.0009390349609939324,0.12821438890494077,0.0009390349609939324,,,,0.032288355966483676,,0.0009390349609939324,,,0.002889338341519792
,,,,0.0029615718000577866,,0.0009390349609939324,,0.0019503033805258595,0.006862178561109506,,,,0.017769430800346722,0.0019503033805258595,0.0029615718000577866,,,0.003900606761051719,,0.0029615718000577866,,,,0.003900606761051719,0.0009390349609939324,,,,,,0.30092458826928636,,,,,,,0.0009390349609939324,0.0009390349609939324,0.005923143600115573,,0.0009390349609939324,0.0009390349609939324,,,0.0009390349609939324,0.0029615718000577866,0.0029615718000577866,0.003900606761051719,0.006862178561109506,0.0019503033805258595,,0.035538861600693444,0.07700086680150246,0.020731002600404506,0.003900606761051719,,,0.003900606761051719,0.07895117018202831,0.1638977174227102,0.07801213522103438,,,0.0009390349609939324,0.1431667148223057,0.0009390349609939324,,,,0.014807859000288933,,,,,0.0009390349609939324
,,0.0010112684195319273,,,,0.002094770297601849,,0.003178272175671771,0.004189540595203698,,0.0010112684195319273,,0.021236636810170472,0.006356544351343542,,,,0.006356544351343542,,0.0010112684195319273,,,,0.0010112684195319273,0.004189540595203698,,0.0010112684195319273,,,,0.2155446402773764,,0.0010112684195319273,0.002094770297601849,0.0010112684195319273,,,0.002094770297601849,0.0010112684195319273,,,,,0.0010112684195319273,,0.0010112684195319273,0.008451314648945392,0.00527304247327362,0.003178272175671771,0.003178272175671771,0.0010112684195319273,,0.05533082924010402,0.07981797168448425,0.023403640566310314,,,,0.003178272175671771,0.07237792545507078,0.20868246171626698,0.05850910141577579,,,,0.1831840508523548,0.002094770297601849,,,,0.014880092458826929,,,,,
,,0.0009390349609939324,,,,0.004911875180583647,,0.005850910141577579,0.003900606761051719,,0.0009390349609939324,,0.022536839063854376,0.003900606761051719,0.0019503033805258595,,,0.003900606761051719,,0.0009390349609939324,,,,,0.0019503033805258595,,0.0009390349609939324,,,0.0009390349609939324,0.2929066743715689,,,0.0009390349609939324,0.0009390349609939324,,,0.0019503033805258595,0.0009390349609939324,0.003900606761051719,,,,0.0019503033805258595,0.0009390349609939324,0.002889338341519792,0.002889338341519792,0.007801213522103438,0.0019503033805258595,0.0019503033805258595,0.0009390349609939324,,0.037272464605605314,0.08155157468939613,0.0333718578445536,,,,0.003900606761051719,0.06580468072811327,0.1748772031204854,0.044206876625252814,0.0009390349609939324,,0.003900606761051719,0.1680150245593759,0.0009390349609939324,0.0019503033805258595,,,0.005850910141577579,,0.0009390349609939324,,,
,,0.003683906385437735,,,0.0008668015024559376,0.00180583646344987,,0.0008668015024559376,0.0027448714244438024,,,,0.02152557064432245,0.0065010112684195315,0.0027448714244438024,,,0.007440046229413464,,,,,,0.0027448714244438024,0.0065010112684195315,,,,,,0.2752817104882983,,,,,0.00180583646344987,,0.0008668015024559376,0.0008668015024559376,0.0008668015024559376,,,,0.0008668015024559376,,0.0065010112684195315,0.00180583646344987,0.004622941346431667,0.0027448714244438024,0.0065010112684195315,0.0008668015024559376,,0.03366079167870557,0.0402340364056631,0.018708465761340654,,,,0.0027448714244438024,0.09549263218722913,0.1834729846865068,0.07114995665992488,,,0.00180583646344987,0.1610083790811904,,,,0.0008668015024559376,0.023403640566310314,0.0055619763074255995,0.0008668015024559376,,,
,,0.006717711644033516,,0.0018780699219878647,,0.006717711644033516,,0.0038283733025137245,0.0057064432245015895,0.0009390349609939324,,,0.02015313493210055,0.014374458249060964,0.0018780699219878647,,,0.0057064432245015895,,,,,,0.0057064432245015895,0.0009390349609939324,,,,,,0.16512568621785617,,0.0009390349609939324,,,0.0009390349609939324,,,,,,0.0009390349609939324,0.0009390349609939324,,,0.0009390349609939324,0.0047674082635076566,0.012424154868535105,0.0038283733025137245,0.002817104882981797,0.002817104882981797,,0.03069921987864779,0.07006645478185496,0.027809881537127996,0.0018780699219878647,0.0009390349609939324,,0.0009390349609939324,0.1026437445824906,0.21496677260907252,0.05850910141577579,,,0.0018780699219878647,0.19387460271597803,0.0018780699219878647,0.0047674082635076566,,,0.015313493210054898,0.0018780699219878647,,0.0009390349609939324,,
,,0.007512279687951459,,0.0037561398439757295,,,,0.002817104882981797,0.002817104882981797,0.0009390349609939324,,,0.03308292401040162,0.00946258306847732,,,,0.0037561398439757295,,,,,0.008451314648945392,0.0037561398439757295,0.0018780699219878647,,,,,,0.06262640855244139,,,,,,,,0.005634209765963594,0.004695174804969662,,,0.0009390349609939324,,,0.0018780699219878647,0.006573244726957527,0.03214388904940769,0.008451314648945392,0.004695174804969662,0.0018780699219878647,,0.05677549841086391,0.09274776076278532,0.03026581912741982,0.002817104882981797,,,0.012279687951459116,0.09563709910430511,0.1694596937301358,0.09939323894828084,,,0.0009390349609939324,0.19127419820861022,,,,,0.03785033227390928,0.002817104882981797,,,,
,,0.0018780699219878647,,0.002817104882981797,,,,0.0018780699219878647,0.002817104882981797,0.0018780699219878647,,,0.018202831551574688,0.002817104882981797,,,,0.0038283733025137245,,,,,,0.0047674082635076566,0.0009390349609939324,,,,,0.0009390349609939324,0.4367957237792546,,,,0.0009390349609939324,,,0.0009390349609939324,0.002817104882981797,0.008595781566021381,,,,,,,0.002817104882981797,0.0057064432245015895,0.0009390349609939324,0.0038283733025137245,0.0009390349609939324,,0.038428199942213234,0.044206876625252814,0.019214099971106617,0.002817104882981797,,0.0009390349609939324,0.0038283733025137245,0.06342097659635944,0.11347876336318984,0.0499855533082924,0.0009390349609939324,,0.0018780699219878647,0.13269286333429645,,0.0009390349609939324,,,0.02015313493210055,,,,,
,,,,,,0.00180583646344987,,0.004622941346431667,0.0055619763074255995,0.00180583646344987,,,0.02419820861022826,0.0055619763074255995,0.0008668015024559376,,,0.00180583646344987,,,,,0.00180583646344987,0.0055619763074255995,0.0008668015024559376,,,,,0.00180583646344987,0.24754406240970805,,0.0008668015024559376,0.00180583646344987,0.00180583646344987,,,0.0008668015024559376,0.0008668015024559376,0.0008668015024559376,,,0.0008668015024559376,,,,0.0027448714244438024,0.0065010112684195315,0.0027448714244438024,0.0027448714244438024,0.0008668015024559376,,0.04276220745449292,0.04189540595203698,0.02232013868824039,0.0008668015024559376,,,0.0055619763074255995,0.08379081190407396,0.22804102860444958,0.07721756717711643,,,0.00180583646344987,0.14706732158335742,0.0027448714244438024,,,,0.018563998844264663,,,,,
,,0.0008668015024559376,,0.0008668015024559376,,,0.0008668015024559376,0.00180583646344987,0.003683906385437735,0.00180583646344987,,,0.013941057497832997,0.004622941346431667,,,,0.003683906385437735,,,,,,0.0027448714244438024,0.00180583646344987,,,,,,0.5322883559664837,0.0008668015024559376,0.0008668015024559376,0.0008668015024559376,0.00180583646344987,,,,0.00180583646344987,0.0008668015024559376,,,,0.0008668015024559376,0.0008668015024559376,,,0.008379081190407396,0.009318116151401329,0.004622941346431667,0.0008668015024559376,,0.040089569488587114,0.03734469806414331,0.013002022536839063,,0.0008668015024559376,,0.0027448714244438024,0.048540884137532506,0.09708176827506501,0.040089569488587114,,,0.00180583646344987,0.09708176827506501,0.00180583646344987,0.0027448714244438024,,,0.01581912741982086,,,,,
,,0.00361167292689974,0.0008668015024559376,0.0008668015024559376,,0.01097948569777521,0.0008668015024559376,0.006356544351343542,0.0008668015024559376,0.0027448714244438024,0.0008668015024559376,,0.026509679283444092,0.005489742848887605,0.00180583646344987,,,0.0027448714244438024,,,,,,0.006356544351343542,0.0008668015024559376,,,,,,0.23085813348743134,0.0008668015024559376,0.0008668015024559376,0.017408263507656747,,,,0.00180583646344987,0.00361167292689974,0.00361167292689974,0.0008668015024559376,,0.0008668015024559376,0.00180583646344987,,0.0027448714244438024,,0.010040450736781278,0.0027448714244438024,0.005489742848887605,0.0008668015024559376,,0.04760184917653857,0.05128575556197631,0.028387749205431956,,,,0.007295579312337474,0.08516324761629587,0.18231724934989887,0.05771453337185784,,,0.0008668015024559376,0.16490898584224212,0.0008668015024559376,,0.0008668015024559376,,0.016469228546662815,,,,,
,,0.0008668015024559376,0.00180583646344987,,,0.0027448714244438024,,0.004550707887893672,,0.00180583646344987,,,0.024776076278532216,0.006428777809881537,0.0008668015024559376,,,0.006428777809881537,,,,,,0.00180583646344987,0.004550707887893672,,,,,0.0008668015024559376,0.16534238659347023,0.0008668015024559376,,,0.0008668015024559376,,,0.0008668015024559376,0.0008668015024559376,0.004550707887893672,,0.0008668015024559376,0.0008668015024559376,0.0008668015024559376,0.0008668015024559376,0.006428777809881537,,0.00917364923432534,0.004550707887893672,0.005489742848887605,0.0008668015024559376,,0.05323605894250217,0.08082924010401618,0.03951170182028316,,,0.0008668015024559376,0.004550707887893672,0.07989020514302225,0.2012424154868535,0.06977752094770298,,,0.0008668015024559376,0.17733314071077724,0.00180583646344987,,,,0.027520947702976018,0.0008668015024559376,,,,0.0008668015024559376
,,0.003826438524294275,,0.006786513609125695,,0.007725074001877121,0.0009385603927514258,0.003826438524294275,0.009674391740668543,0.0018771207855028517,,,0.02519673669771136,0.008663634394628547,,,,0.003826438524294275,0.0009385603927514258,0.0009385603927514258,,,,0.005775756263085698,0.0018771207855028517,,,,,0.005775756263085698,0.0,,,0.003826438524294275,,,,0.0018771207855028517,,0.0009385603927514258,0.0009385603927514258,,0.0009385603927514258,,0.0018771207855028517,0.0018771207855028517,,0.008663634394628547,0.0018771207855028517,0.003826438524294275,0.0009385603927514258,,0.045556277525088444,0.07364089235434265,0.04454552017904844,,0.0009385603927514258,,,0.12988231896613964,0.2530503212764421,0.10374702187567685,,,0.003826438524294275,0.19002238105551947,0.0009385603927514258,0.002887878131542849,,,0.03292181069958848,0.0009385603927514258,0.0009385603927514258,,,0.0009385603927514258
,,0.004701773240193444,,0.006649650725416443,,0.00947071466953251,,0.013299301450832886,0.0009403546480386889,0.0028210639441160665,0.0009403546480386889,,0.02948683503492746,0.004701773240193444,0.0009403546480386889,,0.0009403546480386889,0.0057092960773777535,,0.0009403546480386889,,,,0.004701773240193444,0.0028210639441160665,,,,,0.0028210639441160665,0.0,,,,,,,0.0037614185921547557,0.0009403546480386889,0.0028210639441160665,,,,0.0009403546480386889,0.0009403546480386889,0.0009403546480386889,0.011418592154755507,0.012358946802794197,,0.008530360021493821,0.0009403546480386889,,0.038084363245566896,0.14857603439011285,0.04661472326706072,0.0009403546480386889,,,0.0009403546480386889,0.08476625470177324,0.14286673831273508,0.17329392799570123,,,0.016187533584094572,0.17618216012896293,0.0018807092960773778,,,,0.02854648038688877,0.0028210639441160665,0.0009403546480386889,,,0.0018807092960773778
,,,,0.00361167292689974,,0.0008668015024559376,0.00180583646344987,0.004550707887893672,,0.0008668015024559376,0.00361167292689974,,0.026509679283444092,0.004550707887893672,0.0008668015024559376,,,0.008234614273331407,,0.0008668015024559376,,,,0.0027448714244438024,0.00361167292689974,,,,0.0008668015024559376,0.00180583646344987,0.38565443513435427,,,0.0008668015024559376,,,,,0.0008668015024559376,0.005489742848887605,0.0008668015024559376,,,,,0.00180583646344987,0.00180583646344987,0.017408263507656747,0.00180583646344987,0.004550707887893672,,,0.037561398439757296,0.06414331118173938,0.021019936434556487,,,,0.006356544351343542,0.06139843975729558,0.10531638254839641,0.05403062698642011,0.0008668015024559376,,0.015530193585668883,0.11087835885582202,0.00180583646344987,0.00361167292689974,,,0.027448714244438024,0.0008668015024559376,0.0008668015024559376,,,0.00180583646344987
,,0.00180583646344987,,0.00180583646344987,,0.006428777809881537,0.0008668015024559376,0.00180583646344987,0.0027448714244438024,0.0008668015024559376,,,0.01473562554175094,0.004550707887893672,0.00180583646344987,,0.0008668015024559376,0.006428777809881537,,,,,,0.003683906385437735,,,,,,,0.29760184917653865,0.0008668015024559376,0.0008668015024559376,0.00180583646344987,0.0008668015024559376,0.0008668015024559376,,0.0027448714244438024,0.00180583646344987,0.0008668015024559376,0.0008668015024559376,,,,0.0008668015024559376,0.00180583646344987,0.0027448714244438024,0.003683906385437735,0.0008668015024559376,0.0027448714244438024,,,0.04789078301069055,0.04969661947414042,0.021164403351632475,0.0027448714244438024,,0.00180583646344987,0.003683906385437735,0.0819849754406241,0.1778387749205432,0.03777809881537128,0.0008668015024559376,,0.00180583646344987,0.16765385726668594,0.0027448714244438024,0.003683906385437735,,,0.02665414620052008,0.0008668015024559376,0.0008668015024559376,,,
,,0.0008668015024559376,,0.0008668015024559376,,0.005489742848887605,0.00180583646344987,0.0008668015024559376,,0.0008668015024559376,,,0.01097948569777521,0.006356544351343542,0.0008668015024559376,,,0.0008668015024559376,0.0008668015024559376,,,,,0.00361167292689974,,,,,,,0.19047963016469227,,,0.0008668015024559376,0.0027448714244438024,0.0008668015024559376,,0.0008668015024559376,,0.0008668015024559376,0.0008668015024559376,,,,,0.0027448714244438024,0.004550707887893672,0.013724357122219012,0.0008668015024559376,0.01278532216122508,,,0.042112106327650965,0.07880670326495233,0.019214099971106617,0.0008668015024559376,,0.0008668015024559376,0.00180583646344987,0.0888471540017336,0.19242993354521815,0.07692863334296446,,,0.0008668015024559376,0.20247038428199943,0.00361167292689974,0.0008668015024559376,,,0.021019936434556487,,0.0027448714244438024,,,
,,0.0018780699219878647,,,,0.002817104882981797,0.0018780699219878647,0.0009390349609939324,,,,,0.01971973418087258,0.006573244726957527,,,,0.0009390349609939324,0.0009390349609939324,,,,,0.0018780699219878647,0.0009390349609939324,,,,,0.0009390349609939324,0.21048829817971682,,,,,,,0.0009390349609939324,0.0009390349609939324,0.0009390349609939324,0.0009390349609939324,,,,,0.0018780699219878647,0.005634209765963594,0.010329384570933256,0.0009390349609939324,0.005634209765963594,,0.0009390349609939324,0.04796301646922855,0.10163247616295869,0.023475874024848308,0.0009390349609939324,0.0018780699219878647,,0.002817104882981797,0.06212077434267553,0.1901906963305403,0.0847298468650679,,,,0.1845564865645767,0.002817104882981797,0.0009390349609939324,,,0.016902629297890784,,,,,
,,0.0065010112684195315,,,,0.00180583646344987,,0.012135221034383126,,,,,0.01401329095637099,0.007440046229413464,,,0.0027448714244438024,0.0055619763074255995,,,,,,0.00180583646344987,0.0008668015024559376,,,,,0.0008668015024559376,0.14713955504189546,,,,,0.0008668015024559376,,0.0008668015024559376,0.0027448714244438024,0.00180583646344987,0.00180583646344987,0.00180583646344987,,,,0.0008668015024559376,0.0065010112684195315,0.0065010112684195315,0.0027448714244438024,0.0055619763074255995,,0.0008668015024559376,0.04868535105460849,0.10199364345564865,0.02152557064432245,0.0008668015024559376,0.003683906385437735,,0.0055619763074255995,0.06457671193296735,0.2265241259751517,0.07114995665992488,0.0008668015024559376,,0.0008668015024559376,0.19004622941346433,0.008379081190407396,0.004622941346431667,,,0.016830395839352787,,,,,
,,0.004600345025876941,0.00179700977573318,,0.00179700977573318,0.008338125359401954,0.0008625646923519264,0.011069580218516388,,,0.003665899942495687,,0.012938470385278896,0.003665899942495687,,,,0.0008625646923519264,,,,,,0.005534790109258194,0.0027314548591144336,,,,,0.0008625646923519264,0.0,,,,,,,,,0.003665899942495687,0.0027314548591144336,,,0.0008625646923519264,,0.004600345025876941,0.005534790109258194,0.008338125359401954,0.006469235192639448,0.01387291546866015,,,0.044493962047153536,0.11960897067280046,0.04815986198964922,0.0008625646923519264,,,0.00179700977573318,0.08345313398504887,0.2262075905692927,0.10379528464634848,0.00179700977573318,,0.0027314548591144336,0.19565842438182865,0.0027314548591144336,,,,0.055635422656699254,0.0008625646923519264,0.007403680276020701,,,
,,0.002718363259174476,0.0017883968810358394,,,0.005508262393590386,0.0017883968810358394,0.012018027040560842,0.0008584305028972029,,0.0036483296373131125,,0.05186350955003934,0.002718363259174476,,,0.0017883968810358394,0.0017883968810358394,0.0008584305028972029,,,,,0.005508262393590386,0.0017883968810358394,,,,,0.0017883968810358394,0.0,,,,,0.0036483296373131125,,0.0008584305028972029,0.002718363259174476,0.005508262393590386,0.002718363259174476,,,0.0008584305028972029,0.002718363259174476,0.0017883968810358394,0.0008584305028972029,0.0064382287717290225,0.004578296015451749,0.00922812790614493,,,0.040703913012375706,0.1648901924315044,0.02217612132484441,0.0008584305028972029,0.0008584305028972029,,0.0017883968810358394,0.08333929465627012,0.1500107303812862,0.15745046140639532,0.0017883968810358394,,0.002718363259174476,0.15652049502825668,0.004578296015451749,,,,0.06481150296873882,0.0008584305028972029,0.008298161528006295,,,
,,0.0018780699219878647,0.0009390349609939324,,,0.002817104882981797,0.0018780699219878647,0.0018780699219878647,0.0057064432245015895,,0.0038283733025137245,,0.019214099971106617,0.0038283733025137245,,,0.0038283733025137245,0.008595781566021381,,0.0038283733025137245,,,,0.0038283733025137245,0.0018780699219878647,,,,,0.0018780699219878647,0.34267552730424744,,,,,,,,0.0047674082635076566,0.0018780699219878647,0.0018780699219878647,0.0009390349609939324,,0.0009390349609939324,0.0018780699219878647,0.0009390349609939324,,0.0057064432245015895,0.0018780699219878647,0.0057064432245015895,,,0.04225657324472696,0.10668881826061832,0.030771453337185783,0.0009390349609939324,0.002817104882981797,,,0.05576422999133199,0.11441779832418376,0.07208899162091881,0.0018780699219878647,,,0.09809303669459694,0.006717711644033516,,,,0.025931811615140132,0.0009390349609939324,0.0057064432245015895,,,
,,0.0055619763074255995,0.0008668015024559376,,,0.012135221034383126,,0.00180583646344987,0.0027448714244438024,,,,0.008379081190407396,0.01401329095637099,,,,0.003683906385437735,,,,,,0.003683906385437735,0.0008668015024559376,,,,,0.0008668015024559376,0.2592458826928633,,,0.00180583646344987,,0.0008668015024559376,,0.0008668015024559376,0.0008668015024559376,0.004622941346431667,0.0008668015024559376,,,0.0008668015024559376,0.0008668015024559376,,0.0008668015024559376,0.009318116151401329,0.003683906385437735,0.0055619763074255995,,,0.03936723490320716,0.05157468939612829,0.03279399017624964,0.0008668015024559376,,,0.0008668015024559376,0.07035538861600693,0.17819994221323318,0.08436867957237792,,,0.0008668015024559376,0.18101704709621497,0.0055619763074255995,,,,0.008379081190407396,,0.0008668015024559376,,,
,,0.0030338052585957816,0.0010112684195319273,,,0.011268419531927188,0.0010112684195319273,0.0020225368390638545,0.0010112684195319273,0.0010112684195319273,,,0.008162380814793412,0.006139843975729558,,,,0.004045073678127709,,,,,,0.004045073678127709,0.0020225368390638545,,,,,,0.1819560820572088,,,0.0020225368390638545,,0.0010112684195319273,,,,0.008162380814793412,0.0010112684195319273,,0.0010112684195319273,0.004045073678127709,,0.0020225368390638545,0.0010112684195319273,0.011268419531927188,0.007151112395261485,0.005128575556197631,,,0.05128575556197631,0.07281132620629875,0.025642877780988154,,,0.0020225368390638545,,0.07902340364056631,0.20117018202831552,0.07793990176249639,0.0020225368390638545,,,0.1919242993354522,0.0010112684195319273,,,,0.022536839063854376,,0.0010112684195319273,,0.0010112684195319273,
,,0.00527304247327362,,,,0.00527304247327362,,0.003178272175671771,0.002094770297601849,,,,0.02665414620052008,0.008523548107483386,,,,0.00527304247327362,,,,,,0.0010112684195319273,0.0010112684195319273,,,,,,0.17343253394972546,,,0.0010112684195319273,,,,0.0010112684195319273,,0.004261774053741693,0.0010112684195319273,,,,,0.004261774053741693,,0.007440046229413464,0.002094770297601849,0.00527304247327362,0.0010112684195319273,0.0010112684195319273,0.06089280554752961,0.07902340364056631,0.023475874024848308,0.0010112684195319273,,0.0010112684195319273,0.003178272175671771,0.08863045362611961,0.19011846287200232,0.06724934989887316,0.0010112684195319273,,0.007440046229413464,0.18910719445247037,0.003178272175671771,,,,0.02455937590291823,,,,,
,,0.003972840219589714,,,,0.0029615718000577866,0.0019503033805258595,0.0019503033805258595,0.007006645478185495,,0.0029615718000577866,,0.018997399595492633,0.007006645478185495,,,,0.0029615718000577866,,,,,,0.0019503033805258595,0.0019503033805258595,,,,,0.0009390349609939324,0.09549263218722914,,0.0009390349609939324,0.0009390349609939324,0.003972840219589714,0.0009390349609939324,,0.0019503033805258595,0.0009390349609939324,0.0009390349609939324,,0.0029615718000577866,,0.003972840219589714,0.0009390349609939324,0.0009390349609939324,0.0019503033805258595,0.005995377058653569,0.003972840219589714,0.0019503033805258595,,0.0009390349609939324,0.036044495810459404,0.0861022825772898,0.027015313493210055,,,0.0009390349609939324,0.0009390349609939324,0.11817393816815949,0.21027159780410287,0.08509101415775787,0.0009390349609939324,,0.005995377058653569,0.21330540306269863,0.0029615718000577866,0.0019503033805258595,,,0.0249927766541462,,,,,0.0009390349609939324
,,0.0019503033805258595,,0.003900606761051719,0.0009390349609939324,0.0019503033805258595,0.0019503033805258595,0.002889338341519792,0.004911875180583647,,0.004911875180583647,,0.03243282288355966,0.002889338341519792,,,,0.005850910141577579,,0.0009390349609939324,,,,0.0019503033805258595,0.0019503033805258595,,,,,0.0009390349609939324,0.09166425888471541,,0.0019503033805258595,,0.0009390349609939324,,,0.002889338341519792,0.002889338341519792,0.002889338341519792,0.0009390349609939324,0.0009390349609939324,,0.0009390349609939324,0.002889338341519792,,,0.0009390349609939324,0.004911875180583647,0.007801213522103438,0.0009390349609939324,,0.04622941346431667,0.14258884715400175,0.02947125108350188,,,,0.002889338341519792,0.11210632765096792,0.17112106327650967,0.06688818260618318,0.0009390349609939324,,,0.2026148511990754,0.0019503033805258595,,,,0.023548107483386305,0.0019503033805258595,0.0009390349609939324,,,0.002889338341519792
,,0.0019503033805258595,,0.0009390349609939324,,0.009968217278243282,0.0019503033805258595,0.003972840219589714,,,0.006934412019647501,,0.024920543195608207,0.006934412019647501,,,,0.005995377058653569,,0.0009390349609939324,,,,0.0019503033805258595,0.0019503033805258595,,0.0009390349609939324,,,,0.2910286044495811,,,0.0019503033805258595,,,,0.0009390349609939324,,0.0009390349609939324,0.004984108639121641,,,0.0009390349609939324,,,0.0019503033805258595,0.006934412019647501,0.0019503033805258595,0.008956948858711355,,,0.022970239815082345,0.11990754117307137,0.008956948858711355,,,,0.003972840219589714,0.061904073967061546,0.16490898584224212,0.09289222767986131,0.0009390349609939324,,,0.10488298179716844,0.0029615718000577866,,,,0.01892516613695464,0.0029615718000577866,0.0009390349609939324,,,0.0029615718000577866
,,0.0010112684195319273,,0.003106038717133776,,0.00722334585379948,0.0010112684195319273,0.0020225368390638545,0.005128575556197631,0.0010112684195319273,0.003106038717133776,,0.00722334585379948,0.0020225368390638545,,,,0.003106038717133776,,0.0010112684195319273,,,,0.003106038717133776,,,,,,,0.44683617451603586,0.0010112684195319273,,,,,,,,0.003106038717133776,0.0020225368390638545,,,0.0010112684195319273,,0.0020225368390638545,0.005128575556197631,0.004117307136665704,0.004117307136665704,0.010329384570933256,,,0.03207165559086969,0.0528026581912742,0.018636232302802657,0.0010112684195319273,,,0.006212077434267552,0.05901473562554175,0.1097948569777521,0.0652268130598093,0.0010112684195319273,,0.0010112684195319273,0.1139121641144178,0.0020225368390638545,0.003106038717133776,,,0.011340652990465184,,0.0020225368390638545,,,0.0010112684195319273
,,0.0019503033805258595,,,,0.003972840219589714,0.0009390349609939324,,0.0009390349609939324,,0.003972840219589714,,0.014880092458826929,0.005923143600115573,,,,0.0009390349609939324,,0.0009390349609939324,,,,0.003972840219589714,0.0019503033805258595,,,,,,0.2674082635076568,,,0.0029615718000577866,,,,0.0019503033805258595,0.0019503033805258595,0.003972840219589714,,,,0.0009390349609939324,,0.0009390349609939324,0.016902629297890784,0.005923143600115573,0.006934412019647501,0.0009390349609939324,,,0.03575556197630743,0.06558798035249928,0.03380525859578157,,,,0.0009390349609939324,0.0944091303091592,0.13818260618318406,0.0665992487720312,0.0019503033805258595,,0.0029615718000577866,0.17299913319849755,0.0009390349609939324,,,,0.030771453337185783,,0.0009390349609939324,,,0.0029615718000577866
0.0010112684195319273,,0.005200809014735626,,,,0.0010112684195319273,0.0010112684195319273,,,0.0010112684195319273,0.003106038717133776,,0.007295579312337474,0.005200809014735626,,,,0.008306847731869403,,0.0020225368390638545,,,,0.003106038717133776,0.0010112684195319273,,,,,,0.3590002889338342,,,,,,,0.0010112684195319273,0.003106038717133776,0.0010112684195319273,,0.0010112684195319273,,0.0020225368390638545,,0.0010112684195319273,0.0124963883270731,0.004117307136665704,0.0020225368390638545,0.005200809014735626,,,0.032288355966483676,0.023909274776076277,0.016613695463738806,,,,0.0010112684195319273,0.06566021381103727,0.17718867379370123,0.05937590291823173,0.003106038717133776,,,0.1553019358566888,0.0020225368390638545,,,,0.02708754695174805,,0.003106038717133776,0.0010112684195319273,,0.0010112684195319273
0.0009390349609939324,,0.0009390349609939324,,,,0.0009390349609939324,0.0019503033805258595,0.0029615718000577866,,,0.0019503033805258595,,0.013002022536839063,0.004984108639121641,,,,0.0029615718000577866,,0.0009390349609939324,,,,0.003972840219589714,0.0019503033805258595,,,,,,0.4262496388327074,,,,,,,0.0029615718000577866,0.0009390349609939324,0.0019503033805258595,,0.0009390349609939324,,0.0009390349609939324,,0.0009390349609939324,0.007945680439179427,0.008956948858711355,0.003972840219589714,0.003972840219589714,,,0.03496099393238948,0.033949725512857555,0.016974862756428778,,,,0.0019503033805258595,0.07403929500144467,0.13500433400751227,0.04001733603004912,0.0019503033805258595,,,0.15104016180294713,0.0029615718000577866,,,,0.007945680439179427,,,,,0.0019503033805258595
,,0.007945680439179427,,,,0.0019503033805258595,,0.0009390349609939324,0.0009390349609939324,,0.003972840219589714,,0.010907252239237214,0.011918520658769142,,,,0.0009390349609939324,,0.0009390349609939324,,,,0.005923143600115573,0.003972840219589714,,,,,,0.4414908985842243,,,,,0.0009390349609939324,,0.004911875180583647,0.003972840219589714,,,,,0.0009390349609939324,,0.0019503033805258595,0.003972840219589714,0.008956948858711355,0.0009390349609939324,0.004911875180583647,,,0.02289800635654435,0.027882114995665994,0.011918520658769142,,0.0009390349609939324,,0.0009390349609939324,0.07273909274776076,0.1305258595781566,0.06370991043051141,0.0009390349609939324,,,0.12749205431956082,0.0009390349609939324,0.0029615718000577866,,,0.010907252239237214,,,0.0009390349609939324,,0.0009390349609939324
,,,,,,0.005200809014735626,0.0010112684195319273,0.003106038717133776,,,0.003106038717133776,,0.009318116151401329,0.005200809014735626,0.0010112684195319273,,,0.0020225368390638545,,0.0010112684195319273,,,,0.0020225368390638545,0.0010112684195319273,,,,,0.0010112684195319273,0.4807859000288933,,,,,0.0010112684195319273,,0.0010112684195319273,,,0.0010112684195319273,,,,,0.0010112684195319273,0.0010112684195319273,0.010401618029471251,0.008306847731869403,0.008306847731869403,,,0.03012135221034383,0.03431089280554753,0.024920543195608207,,,,0.0010112684195319273,0.07071655590869691,0.09050852354810748,0.04261774053741693,0.0010112684195319273,,,0.14251661369546373,0.0010112684195319273,0.006212077434267552,,,0.004117307136665704,,0.0010112684195319273,0.0010112684195319273,,0.0010112684195319273
,,,,0.0010112684195319273,,0.003178272175671771,0.0010112684195319273,0.004189540595203698,,,0.004189540595203698,,0.006356544351343542,0.002094770297601849,0.0010112684195319273,,,0.0010112684195319273,,,,,,0.00527304247327362,0.0010112684195319273,,,,,0.0010112684195319273,0.6826061831840509,,,,0.0010112684195319273,,,0.0010112684195319273,0.003178272175671771,0.006356544351343542,0.0010112684195319273,,,0.0010112684195319273,,,,0.00736781277087547,0.009534816527015313,0.009534816527015313,,,0.019069633054030626,0.02015313493210055,0.006356544351343542,,,,0.0010112684195319273,0.03821149956659925,0.050996821727824326,0.031854955215255706,0.0010112684195319273,,0.002094770297601849,0.06370991043051141,0.002094770297601849,0.003178272175671771,,,0.00527304247327362,,0.0010112684195319273,,,
,,,,0.0010112684195319273,,0.009679283444091302,0.0010112684195319273,,0.0010112684195319273,,0.003178272175671771,,0.005345275931811615,0.005345275931811615,0.0010112684195319273,,0.0010112684195319273,0.003178272175671771,,,,,,0.005345275931811615,,,,,,0.0010112684195319273,0.6718433978618896,,,0.002094770297601849,,,,0.0010112684195319273,0.002094770297601849,0.0010112684195319273,,,,,,,,0.008595781566021381,0.006428777809881537,0.003178272175671771,,,0.010762785322161225,0.016180294712510836,0.011846287200231146,,,,0.007512279687951459,0.046518347298468654,0.06710488298179716,0.03243282288355966,0.0010112684195319273,,,0.06277087546951748,0.003178272175671771,,,,0.003178272175671771,0.002094770297601849,0.0010112684195319273,,,
,,,,,,0.011412886449003179,0.0010112684195319273,0.0010112684195319273,0.0020225368390638545,,0.0020225368390638545,,0.003106038717133776,0.00722334585379948,,,,0.0020225368390638545,,,,,,0.008306847731869403,0.0020225368390638545,,,,,,0.48093036694596936,,,0.0020225368390638545,,,,0.0020225368390638545,0.005200809014735626,0.0010112684195319273,,,,0.005200809014735626,,0.0010112684195319273,0.005200809014735626,0.00722334585379948,0.0010112684195319273,0.004117307136665704,,,0.029110083790811904,0.02181450447847443,0.011412886449003179,0.0010112684195319273,,,0.0020225368390638545,0.06761051719156314,0.11860733891938746,0.04680728113262063,0.0010112684195319273,,0.0010112684195319273,0.13103149378792256,0.0010112684195319273,,,,0.011412886449003179,,0.0010112684195319273,,,
,,0.005200809014735626,,,,0.00736781277087547,,0.0010112684195319273,,0.0010112684195319273,0.0010112684195319273,,0.004189540595203698,0.00736781277087547,0.0010112684195319273,,,0.003106038717133776,0.002094770297601849,,,,,0.005200809014735626,0.003106038717133776,,,,,0.0010112684195319273,0.4299335452181451,,,0.002094770297601849,0.006284310892805548,,,,0.005200809014735626,0.0010112684195319273,0.0010112684195319273,0.0010112684195319273,,0.0010112684195319273,0.0010112684195319273,0.0010112684195319273,0.004189540595203698,0.00736781277087547,0.0010112684195319273,0.00736781277087547,,,0.028387749205431956,0.039945102571511126,0.013652123663681017,0.0010112684195319273,,0.0010112684195319273,0.002094770297601849,0.07049985553308293,0.1262640855244149,0.059953770586535685,0.0010112684195319273,,0.0010112684195319273,0.12835885582201675,0.004189540595203698,0.0010112684195319273,,,0.008379081190407396,,0.0010112684195319273,,,
,,,,,,0.005995377058653569,0.0009390349609939324,0.004984108639121641,0.0009390349609939324,0.0009390349609939324,,,0.01097948569777521,0.003972840219589714,,,,0.0029615718000577866,,,,,0.0009390349609939324,0.0019503033805258595,0.007006645478185495,,,,,,0.4456804391794279,,,0.0009390349609939324,0.0009390349609939324,0.0009390349609939324,,0.004984108639121641,0.0029615718000577866,0.003972840219589714,,,,0.0019503033805258595,,0.0019503033805258595,0.0019503033805258595,0.00902918231724935,0.004984108639121641,0.003972840219589714,,,0.018997399595492633,0.03409419242993354,0.01704709621496677,,,0.0009390349609939324,0.0029615718000577866,0.08227390927477608,0.11333429644611384,0.042112106327650965,0.0029615718000577866,,,0.14952325917364923,0.0019503033805258595,0.0019503033805258595,,,0.005995377058653569,,,,,
,,0.001083501878069922,,,,0.00541750939034961,,0.0032505056342097658,0.002167003756139844,0.001083501878069922,0.001083501878069922,,0.007584513146489454,0.009751516902629298,,,,0.002167003756139844,,,,,,0.0032505056342097658,0.0032505056342097658,,,,,,0.5005056342097659,,,0.001083501878069922,,,,0.0032505056342097658,0.001083501878069922,0.0032505056342097658,,,,,,0.008668015024559377,0.001083501878069922,0.007584513146489454,0.002167003756139844,0.004334007512279688,,,0.031493787922565734,0.019503033805258595,0.019503033805258595,0.001083501878069922,,,0.001083501878069922,0.0749783299624386,0.09238659347009535,0.04456804391794279,0.001083501878069922,,,0.124963883270731,0.001083501878069922,0.002167003756139844,,,0.013002022536839063,,,,,
,,0.0022392372146778387,,,,0.007945680439179427,,0.0022392372146778387,0.0022392372146778387,,,,0.005634209765963594,0.010184917653857267,,,,0.0067899451025715115,,0.001083501878069922,,,,0.007945680439179427,0.0022392372146778387,,,,0.001083501878069922,0.004478474429355677,0.43802369257440044,,,0.004478474429355677,,,,0.0033949725512857558,0.0022392372146778387,0.0022392372146778387,,,,0.001083501878069922,0.001083501878069922,0.0022392372146778387,0.004478474429355677,0.007945680439179427,0.0022392372146778387,0.0033949725512857558,,,0.03402195897139555,0.035177694308003465,0.01928633342964461,0.0022392372146778387,,,0.0022392372146778387,0.06696041606472118,0.10221034383126264,0.045362611961860734,0.001083501878069922,,,0.15443513435423287,,0.0022392372146778387,,,0.005634209765963594,,0.001083501878069922,,,0.001083501878069922
,,0.001083501878069922,,0.007656746605027449,,0.00874024848309737,,0.0032505056342097658,0.001083501878069922,,0.001083501878069922,,0.005489742848887605,0.00874024848309737,,,,0.004334007512279688,0.002167003756139844,,,,,0.013146489453915054,0.004334007512279688,,,,,,0.5841519791967639,,,0.005489742848887605,0.001083501878069922,,,0.0032505056342097658,0.002167003756139844,0.0032505056342097658,,,,,,0.001083501878069922,0.004334007512279688,0.012062987575845131,0.002167003756139844,0.005489742848887605,,,0.01430222479052297,0.023042473273620342,0.012062987575845131,0.002167003756139844,,,0.002167003756139844,0.05612539728402196,0.07591736492343254,0.029687951459115864,,,,0.09021958971395551,0.002167003756139844,0.001083501878069922,,,0.0032505056342097658,,0.001083501878069922,,,0.001083501878069922
,,0.002167003756139844,,,,0.002167003756139844,0.001083501878069922,0.007656746605027449,0.0032505056342097658,0.001083501878069922,0.001083501878069922,,0.006573244726957527,0.007656746605027449,0.001083501878069922,,,0.001083501878069922,,,,,,0.0032505056342097658,0.002167003756139844,,,,,,0.6823172493498988,,,0.006573244726957527,0.001083501878069922,,,,0.002167003756139844,,,0.001083501878069922,,0.001083501878069922,,0.001083501878069922,0.001083501878069922,0.014229991331984975,0.00874024848309737,0.0032505056342097658,,,0.012062987575845131,0.01971973418087258,0.005489742848887605,,,,0.007656746605027449,0.03402195897139555,0.04175093903496099,0.027448714244438024,0.001083501878069922,,,0.0790956370991043,0.0032505056342097658,0.0032505056342097658,,,,,0.001083501878069922,,,0.001083501878069922
,,0.004117307136665704,,,,0.008234614273331407,0.0010112684195319273,0.0030338052585957816,0.0010112684195319273,,0.0020225368390638545,,0.008234614273331407,0.004117307136665704,,,,0.00722334585379948,,,,,,0.004117307136665704,0.0010112684195319273,,,,,,0.5996821727824329,,,0.0010112684195319273,,,,0.0010112684195319273,0.0030338052585957816,0.0030338052585957816,0.0010112684195319273,,,,,0.0020225368390638545,0.0010112684195319273,0.00722334585379948,0.0010112684195319273,0.006139843975729558,,,0.02585957815660214,0.011340652990465184,0.012351921409997111,,,,0.006139843975729558,0.057931233747471826,0.07245015891360879,0.027882114995665994,0.0030338052585957816,,,0.09830973707021093,0.0020225368390638545,,,,0.011340652990465184,,0.0010112684195319273,,,
,,0.004261774053741693,,,,0.007512279687951459,0.0010112684195319273,0.002094770297601849,,,0.0010112684195319273,,0.019358566888182605,0.006428777809881537,,0.0010112684195319273,,0.005345275931811615,,,,,,0.003178272175671771,,,,,,0.0010112684195319273,0.5628431089280554,,,0.0010112684195319273,,,,,0.003178272175671771,0.003178272175671771,,,,,,,0.0010112684195319273,0.005345275931811615,0.0010112684195319273,0.005345275931811615,0.0010112684195319273,,0.020442068766252527,0.019358566888182605,0.015024559375902918,,,,0.0010112684195319273,0.06464894539150534,0.08509101415775787,0.03662236347876336,,,,0.1056053163825484,0.002094770297601849,,,,0.01292978907830107,,0.0010112684195319273,,,
,,0.0027448714244438024,,,,0.0065010112684195315,,0.003683906385437735,0.0008668015024559376,,0.0027448714244438024,,0.004622941346431667,0.013868824039295001,,,0.0008668015024559376,0.0065010112684195315,,,,,,0.00180583646344987,,,,,,,0.555186362323028,,,0.00180583646344987,,,,0.00180583646344987,,0.0055619763074255995,0.0008668015024559376,,,,,0.0008668015024559376,,0.0055619763074255995,0.00180583646344987,0.003683906385437735,,,0.02874891649812193,0.013002022536839063,0.025065010112684194,,,,0.0008668015024559376,0.03250505634209766,0.08639121641144178,0.04362900895694886,0.0027448714244438024,,0.003683906385437735,0.12821438890494077,0.0008668015024559376,,,,0.012062987575845131,,0.0008668015024559376,,,
,,0.004622941346431667,,,0.0027448714244438024,0.007440046229413464,,0.003683906385437735,0.0008668015024559376,0.0008668015024559376,,,0.007440046229413464,0.015891360878358855,,,,0.0008668015024559376,,,,,,0.003683906385437735,,,,,,,0.5288933834151979,,0.0008668015024559376,0.00180583646344987,,,,,,0.0027448714244438024,,,,0.0008668015024559376,,0.00180583646344987,,0.004622941346431667,,0.0027448714244438024,0.0008668015024559376,,0.03936723490320716,0.01401329095637099,0.015891360878358855,,,,0.0008668015024559376,0.050635654435134354,0.09281999422132332,0.03655013002022537,,,,0.14815082346142733,,,,,0.008379081190407396,,,,,
,,0.004695174804969662,,,,0.005634209765963594,,0.002817104882981797,0.0009390349609939324,,,,0.007584513146489454,0.014229991331984975,,,0.0009390349609939324,,,,,,,0.004695174804969662,0.0009390349609939324,,,,,,0.5600260040450737,,,0.0009390349609939324,,,,,,0.0018780699219878647,,,,0.0009390349609939324,,,,0.0018780699219878647,,0.0018780699219878647,,,0.029399017624963882,0.01610806125397284,0.020875469517480497,,,,0.002817104882981797,0.04362900895694886,0.08545218145044785,0.04456804391794279,,,,0.13767697197341808,0.0009390349609939324,0.0009390349609939324,,,0.007584513146489454,,,,,
,,0.006934412019647501,,,,0.0009390349609939324,,0.003972840219589714,,0.0009390349609939324,,,0.007945680439179427,0.011918520658769142,,,,0.0009390349609939324,,,,,,0.0009390349609939324,0.0019503033805258595,,,,,,0.6131175960704999,,,0.0019503033805258595,0.003972840219589714,,,,,0.0009390349609939324,0.0019503033805258595,,,0.0019503033805258595,,,0.003972840219589714,0.004911875180583647,,0.0029615718000577866,,,0.030771453337185783,0.020875469517480497,0.013868824039295001,,,,0.0009390349609939324,0.028821149956659926,0.0805403062698642,0.03575556197630743,0.0009390349609939324,,,0.11037272464605605,,0.0029615718000577866,,,0.0019503033805258595,,,,,
,,0.0029615718000577866,,,,0.0009390349609939324,0.0009390349609939324,0.0029615718000577866,,,,,0.005923143600115573,0.008884715400173361,,,,0.0009390349609939324,,,,,,0.0029615718000577866,0.0019503033805258595,,,,,,0.7172060098237503,,,0.0009390349609939324,,,,,,,0.0029615718000577866,,,0.0019503033805258595,,0.0009390349609939324,0.0019503033805258595,0.0009390349609939324,,0.0009390349609939324,,,0.017841664258884716,0.008884715400173361,0.01581912741982086,,,,0.0009390349609939324,0.041678705576422996,0.04464027737648078,0.019791967639410574,0.0019503033805258595,,,0.08826928633342965,,,,,0.0029615718000577866,,0.0009390349609939324,,,
,,0.0020225368390638545,,0.011123952614851199,,0.0020225368390638545,,0.006067610517191563,,0.0010112684195319273,,,0.008090147356255418,0.009101415775787344,,0.0010112684195319273,,0.0010112684195319273,0.004045073678127709,,,,,0.0030338052585957816,,,,,,0.0010112684195319273,0.5485408841375325,,,0.0020225368390638545,,,,,,,0.0010112684195319273,,,0.0020225368390638545,0.0010112684195319273,0.0030338052585957816,0.0010112684195319273,0.0030338052585957816,,0.0020225368390638545,,,0.028387749205431956,0.015169026292978907,0.009101415775787344,0.0010112684195319273,,,0.0020225368390638545,0.03958393527882115,0.10156024270442068,0.03857266685928922,0.0010112684195319273,,,0.14526148511990755,,,,,0.0020225368390638545,0.0010112684195319273,,0.0020225368390638545,,
,,0.0010112684195319273,,,0.004045073678127709,0.004045073678127709,0.0010112684195319273,0.010112684195319271,0.0010112684195319273,,,,0.0030338052585957816,0.007078878936723491,0.0020225368390638545,0.0010112684195319273,,,,,,,,0.005056342097659636,0.0010112684195319273,,,,,0.004045073678127709,0.5719445247038428,,,0.0010112684195319273,,,,,,0.0010112684195319273,,0.0010112684195319273,,0.0030338052585957816,0.0010112684195319273,0.004045073678127709,,0.0020225368390638545,,0.0030338052585957816,,,0.028315515746893963,0.013146489453915054,0.013146489453915054,,,,0.0010112684195319273,0.03539439468361745,0.10228257728980064,0.028315515746893963,0.0020225368390638545,,,0.1346431667148223,0.0020225368390638545,,,,0.007078878936723491,,,,,
,,0.004911875180583647,,,0.0029615718000577866,0.0029615718000577866,,0.003900606761051719,,,,,0.005923143600115573,0.01083501878069922,,,,0.0019503033805258595,,0.0009390349609939324,,,,0.0019503033805258595,,,,,,,0.5564865645767119,,,0.0009390349609939324,,,,0.0009390349609939324,0.0009390349609939324,,,,,0.0009390349609939324,0.0009390349609939324,,,0.0019503033805258595,,0.0019503033805258595,,,0.040450736781277086,0.014807859000288933,0.02167003756139844,,,,0.0019503033805258595,0.0444235770008668,0.08588558220167582,0.033516324761629586,,,,0.14215544640277378,0.0009390349609939324,,,,0.01278532216122508,,,,,
,,0.0018780699219878647,,,,0.0037561398439757295,,0.0066454781854955215,,,,,0.0057064432245015895,0.010401618029471251,,,,,,0.0018780699219878647,,,,0.0009390349609939324,0.0037561398439757295,,,,,,0.5640710777232013,,0.0009390349609939324,0.0009390349609939324,,,,0.0009390349609939324,0.0009390349609939324,0.0018780699219878647,0.0009390349609939324,,,0.0009390349609939324,0.0009390349609939324,0.0018780699219878647,,0.0037561398439757295,,0.002817104882981797,0.0009390349609939324,,0.037994799190985265,0.01711932967350477,0.015169026292978907,,,0.0018780699219878647,0.0009390349609939324,0.035177694308003465,0.1056053163825484,0.0332996243860156,0.0018780699219878647,,,0.11983530771453337,,,,,0.012351921409997111,,0.0009390349609939324,,,0.0009390349609939324
,,0.0029615718000577866,,0.0009390349609939324,,0.003900606761051719,,0.0019503033805258595,,,,,0.009895983819705287,0.007873446980641434,,,,0.0019503033805258595,,0.0019503033805258595,,,,0.0019503033805258595,0.0009390349609939324,,,,,0.0019503033805258595,0.49602715978041034,,,0.0019503033805258595,,,,0.0009390349609939324,,0.0009390349609939324,,,,0.0019503033805258595,,0.003900606761051719,,0.006934412019647501,,0.0009390349609939324,,,0.045651545796012716,0.029760184917653858,0.017841664258884716,,,,0.0019503033805258595,0.055547529615718,0.10221034383126264,0.03568332851776943,0.0019503033805258595,,,0.14388904940768563,,0.0009390349609939324,,,0.012857555619763074,,0.0009390349609939324,,,0.0009390349609939324
,,0.0018780699219878647,,0.0009390349609939324,,0.0018780699219878647,,0.00874024848309737,0.0009390349609939324,0.0009390349609939324,,,0.00874024848309737,0.007728980063565444,,,0.0018780699219878647,,,0.002889338341519792,,,,0.002889338341519792,,,,,,0.0018780699219878647,0.5921698930944812,,,,,,,0.0018780699219878647,0.0009390349609939324,0.002889338341519792,,,,0.002889338341519792,,0.005778676683039584,0.0009390349609939324,0.002889338341519792,0.0018780699219878647,0.0009390349609939324,,,0.020369835307714534,0.027159780410286046,0.02622074544929211,,,,0.002889338341519792,0.035900028893383416,0.07483386304536262,0.02622074544929211,0.0009390349609939324,,,0.12149667726090725,0.0009390349609939324,0.0018780699219878647,,,0.0038283733025137245,0.0009390349609939324,0.0009390349609939324,,,0.0009390349609939324
,,,,0.0020225368390638545,,0.0010112684195319273,,0.004117307136665704,0.0020225368390638545,,,,0.010257151112395262,0.005128575556197631,,,0.0010112684195319273,0.0010112684195319273,,,,,0.0010112684195319273,0.0010112684195319273,0.0010112684195319273,,,,,,0.7453770586535684,,,,0.004117307136665704,,,,,0.0010112684195319273,0.0010112684195319273,,,,0.0010112684195319273,,0.0030338052585957816,0.0010112684195319273,,0.0030338052585957816,,,0.011268419531927188,0.007151112395261485,0.007151112395261485,,,,0.0030338052585957816,0.030915920254261774,0.05150245593759029,0.024703842819994222,0.0020225368390638545,,0.0010112684195319273,0.06486564576711933,,0.0010112684195319273,,,0.005128575556197631,,0.0010112684195319273,,,
,,,,,,0.0020225368390638545,,0.010257151112395262,0.006139843975729558,,,,0.006139843975729558,0.008162380814793412,,,0.0010112684195319273,,,,,,0.006139843975729558,0.0030338052585957816,0.0030338052585957816,,,,,,0.5348887604738515,,,0.0020225368390638545,,,,0.0010112684195319273,,,,,,0.0030338052585957816,,0.006139843975729558,0.0010112684195319273,0.004045073678127709,,0.0010112684195319273,,,0.03380525859578157,0.017408263507656747,0.008162380814793412,,,,0.0020225368390638545,0.048179716844842534,0.10567754984108639,0.038933834151979194,0.0020225368390638545,,0.0010112684195319273,0.13240392950014446,,,,,0.011268419531927188,,,,,
,,0.001083501878069922,,,,0.004334007512279688,,0.002167003756139844,,,,,0.013074255995377058,0.013074255995377058,0.001083501878069922,,,0.004334007512279688,,,,,0.001083501878069922,0.002167003756139844,,,,,,0.002167003756139844,0.5307714533371858,,,0.004334007512279688,,0.0032505056342097658,,,,0.002167003756139844,,,,0.001083501878069922,,0.002167003756139844,,0.007584513146489454,,0.0032505056342097658,,,0.02947125108350188,0.01639699508812482,0.03163825483964172,,,,0.001083501878069922,0.04478474429355678,0.08740248483097371,0.03163825483964172,,,,0.14533371857844554,,,,,0.013074255995377058,,,,,
,,0.002167003756139844,,,,0.009895983819705287,,0.004406240970817683,,,,,0.008812481941635366,0.011051719156313203,,,,0.001083501878069922,,0.001083501878069922,,,0.001083501878069922,0.001083501878069922,,,,,,0.002167003756139844,0.430583646344987,,,0.002167003756139844,,0.001083501878069922,,0.002167003756139844,0.001083501878069922,0.001083501878069922,,,,0.001083501878069922,,,,0.006573244726957527,,0.002167003756139844,0.001083501878069922,,0.037561398439757296,0.02983241837619185,0.01654146200520081,,,,0.005489742848887605,0.06515457960127131,0.16353655013002022,0.037561398439757296,,,0.001083501878069922,0.14143311181739382,,,,,0.009895983819705287,,,,,
,,0.001083501878069922,,0.0033227390927477608,0.0022392372146778387,0.007801213522103438,0.001083501878069922,0.004478474429355677,0.0033227390927477608,,,,0.021308870268708466,0.01567466050274487,0.0033227390927477608,,,0.0022392372146778387,0.0022392372146778387,,,,0.001083501878069922,0.001083501878069922,0.0022392372146778387,,,0.001083501878069922,,,0.4437301357989021,,,0.007801213522103438,,0.001083501878069922,,0.004478474429355677,0.001083501878069922,0.004478474429355677,,,,,,0.0033227390927477608,0.0022392372146778387,0.008956948858711355,0.001083501878069922,0.0033227390927477608,,0.001083501878069922,0.02802658191274198,0.02239237214677839,0.011196186073389194,,,0.001083501878069922,0.001083501878069922,0.05157468939612829,0.12561398439757296,0.05041895405952037,,,,0.13904940768563998,0.001083501878069922,,,,0.007801213522103438,,0.001083501878069922,0.0033227390927477608,,
,,0.003178272175671771,,,,0.004189540595203698,,0.00527304247327362,0.002094770297601849,,,,0.013796590580757006,0.01054608494654724,,,,0.002094770297601849,,0.0010112684195319273,,,0.0010112684195319273,0.002094770297601849,0.0010112684195319273,,,,,0.003178272175671771,0.45875469517480505,,,0.002094770297601849,,0.003178272175671771,,,0.0010112684195319273,,0.0010112684195319273,,,0.0010112684195319273,,0.003178272175671771,0.003178272175671771,0.002094770297601849,0.0010112684195319273,0.004189540595203698,,0.002094770297601849,0.024414908985842244,0.02333140710777232,0.015891360878358855,,,0.003178272175671771,0.002094770297601849,0.06472117885004335,0.12099104305114129,0.056197630742559956,0.0010112684195319273,,,0.13688240392950016,,,,,0.017986131175960703,,0.0010112684195319273,,,
,,0.002167003756139844,,0.004334007512279688,,0.001083501878069922,,0.002167003756139844,0.001083501878069922,,,,0.011918520658769142,0.008668015024559377,,,,0.002167003756139844,,0.002167003756139844,,,0.002167003756139844,0.002167003756139844,,0.001083501878069922,,,,0.002167003756139844,0.443946836174516,,,0.002167003756139844,,0.002167003756139844,,0.001083501878069922,0.002167003756139844,0.001083501878069922,0.002167003756139844,0.001083501878069922,,0.001083501878069922,,0.0065010112684195315,0.002167003756139844,0.00541750939034961,0.0032505056342097658,0.004334007512279688,,0.002167003756139844,0.03366079167870557,0.037994799190985265,0.034744293556775496,,0.001083501878069922,,0.0032505056342097658,0.05540306269864201,0.11737937012424154,0.0499855533082924,,,,0.13262062987575846,0.001083501878069922,,,,0.007584513146489454,,0.001083501878069922,,,
,,0.001083501878069922,,0.004406240970817683,,0.004406240970817683,,0.002167003756139844,0.0033227390927477608,,,,0.014374458249060964,0.012135221034383126,,,,0.001083501878069922,,,,,0.001083501878069922,0.0033227390927477608,0.001083501878069922,0.001083501878069922,,,,0.001083501878069922,0.6576134065299046,,,0.001083501878069922,,0.001083501878069922,,0.001083501878069922,0.002167003756139844,,,,,,,0.005489742848887605,0.001083501878069922,0.002167003756139844,,0.0033227390927477608,,,0.011051719156313203,0.012135221034383126,0.011051719156313203,,,,0.002167003756139844,0.02874891649812193,0.0652990465183473,0.04095637099104305,0.001083501878069922,,,0.09079745738225946,0.001083501878069922,,,,0.008812481941635366,,0.001083501878069922,,,
,,0.0029615718000577866,,0.0019503033805258595,,0.003972840219589714,,0.0029615718000577866,0.0009390349609939324,0.0009390349609939324,,,0.017986131175960703,0.01097948569777521,0.0029615718000577866,,,0.0029615718000577866,,,,,0.0009390349609939324,0.0019503033805258595,0.0029615718000577866,,,,,0.0009390349609939324,0.512857555619763,,0.0009390349609939324,0.007006645478185495,,0.0009390349609939324,,,0.0009390349609939324,0.003972840219589714,0.0009390349609939324,,,0.0009390349609939324,,0.004984108639121641,,0.0029615718000577866,,0.0029615718000577866,,,0.031999422132331694,0.021019936434556487,0.017986131175960703,,,,0.0029615718000577866,0.047023981508234614,0.1261918520658769,0.029976885293267842,,,,0.10712221901184629,,0.0029615718000577866,,,0.016974862756428778,,0.0009390349609939324,,,
,,0.010618318405085236,,,0.0009390349609939324,0.0038283733025137245,,0.006717711644033516,0.0018780699219878647,0.0009390349609939324,,,0.011557353366079168,0.006717711644033516,0.0009390349609939324,,,0.0038283733025137245,,,,,0.0018780699219878647,0.0038283733025137245,0.0018780699219878647,0.0009390349609939324,,,,0.0009390349609939324,0.4351343542328807,,0.0009390349609939324,0.0018780699219878647,,0.0047674082635076566,,,0.0018780699219878647,0.0018780699219878647,0.0009390349609939324,0.0009390349609939324,,0.0009390349609939324,,0.0038283733025137245,,0.007728980063565444,,0.0009390349609939324,,,0.03380525859578157,0.03279399017624964,0.022175671771164404,,,,0.002889338341519792,0.04052297023981508,0.12850332273909273,0.04153423865934701,0.0018780699219878647,,0.0009390349609939324,0.14786188962727537,0.0018780699219878647,0.0018780699219878647,,,0.02318694019069633,,0.0009390349609939324,,,
,,,,,,0.00180583646344987,,0.0055619763074255995,,0.0008668015024559376,0.0008668015024559376,,0.012062987575845131,0.00736781277087547,0.0008668015024559376,,,0.003683906385437735,,,,,0.003683906385437735,0.004622941346431667,,,,,,,0.6071222190118464,,,,,,,,0.0008668015024559376,0.00180583646344987,0.00180583646344987,,,0.0027448714244438024,,0.0027448714244438024,,0.0055619763074255995,,0.0008668015024559376,,,0.021308870268708466,0.019503033805258595,0.013002022536839063,,,,0.0008668015024559376,0.03618896272753539,0.09845420398728691,0.020442068766252527,0.00180583646344987,,,0.11145622652412597,,,,,0.012062987575845131,,,,,
,,0.0019503033805258595,,,0.0009390349609939324,0.002889338341519792,,0.007873446980641434,0.0009390349609939324,,,,0.017697197341808725,0.01083501878069922,0.0019503033805258595,,,0.0009390349609939324,0.003900606761051719,,,,0.0009390349609939324,0.005850910141577579,0.002889338341519792,,,,,0.0019503033805258595,0.44163536550130034,,0.0009390349609939324,,,0.0019503033805258595,,0.0009390349609939324,0.0009390349609939324,0.005850910141577579,,,0.0009390349609939324,0.0009390349609939324,,0.003900606761051719,,0.006862178561109506,,0.0019503033805258595,,,0.031493787922565734,0.017697197341808725,0.02167003756139844,,,,0.0009390349609939324,0.05121352210343831,0.1221467783877492,0.055186362323028024,0.0009390349609939324,,0.0009390349609939324,0.15862467494943658,,,,,0.009823750361167293,,0.0009390349609939324,,,
,,,,0.0019503033805258595,,0.003972840219589714,0.0019503033805258595,0.006934412019647501,0.0009390349609939324,,,,0.021886737937012426,0.003972840219589714,0.0009390349609939324,,0.0009390349609939324,0.0029615718000577866,0.0009390349609939324,0.0009390349609939324,,,0.0009390349609939324,0.0029615718000577866,,0.0009390349609939324,0.0009390349609939324,,,0.003972840219589714,0.3964172204565156,,,0.007945680439179427,,0.0009390349609939324,,0.0009390349609939324,0.0019503033805258595,0.0019503033805258595,,,,0.0019503033805258595,,0.0029615718000577866,0.0009390349609939324,0.007945680439179427,,0.005923143600115573,,,0.03084368679572378,0.028821149956659926,0.01292978907830107,0.0009390349609939324,,,0.0019503033805258595,0.05771453337185784,0.13637676971973417,0.06168737359144756,0.0009390349609939324,,,0.1622363478763363,0.0009390349609939324,0.0009390349609939324,,,0.01292978907830107,,0.0009390349609939324,0.0009390349609939324,,0.0009390349609939324
,,,,0.005128575556197631,,,,0.0030338052585957816,0.0010112684195319273,,,,0.01654146200520081,0.008234614273331407,,,,0.008234614273331407,,0.0010112684195319273,,,0.0030338052585957816,0.0020225368390638545,,0.0010112684195319273,,,,0.0030338052585957816,0.39396128286622367,,0.0010112684195319273,,,0.0010112684195319273,,0.004117307136665704,,0.004117307136665704,,,,0.0010112684195319273,0.0030338052585957816,0.0020225368390638545,0.0010112684195319273,0.02167003756139844,0.0030338052585957816,0.005128575556197631,,,0.015457960127130887,0.02376480785900029,0.01444669170759896,0.004117307136665704,0.0010112684195319273,0.0010112684195319273,0.004117307136665704,0.0569199653279399,0.12727535394394685,0.08169604160647212,,,0.0020225368390638545,0.1469228546662814,0.0010112684195319273,0.0010112684195319273,,,0.02275353943946836,,0.0010112684195319273,,,0.0020225368390638545
,,,,0.0029615718000577866,,0.0019503033805258595,,0.01097948569777521,0.0029615718000577866,0.0029615718000577866,,,0.003972840219589714,0.007006645478185495,,0.0009390349609939324,0.0009390349609939324,0.0019503033805258595,,0.003972840219589714,,,0.0009390349609939324,0.0019503033805258595,0.0019503033805258595,,,,,0.0009390349609939324,0.5817682750650099,,,0.0019503033805258595,,0.0009390349609939324,,,,0.0019503033805258595,,,,0.007006645478185495,0.0029615718000577866,,0.0009390349609939324,0.009968217278243282,0.003972840219589714,0.005995377058653569,,,0.018997399595492633,0.007006645478185495,0.016035827795434845,,,0.0019503033805258595,0.0019503033805258595,0.046084946547240685,0.0681161514013291,0.05208032360589425,,,0.0029615718000577866,0.11123952614851199,0.0019503033805258595,,,,0.004984108639121641,0.0009390349609939324,0.0009390349609939324,,,0.0009390349609939324
,,,,0.0010112684195319273,,0.0020225368390638545,,0.004045073678127709,0.0010112684195319273,,,,0.0030338052585957816,0.010112684195319271,,,,0.0030338052585957816,,,,,0.0030338052585957816,0.004045073678127709,0.0010112684195319273,,,,,0.0010112684195319273,0.4907541173071367,,,0.009101415775787344,,0.0020225368390638545,,0.0010112684195319273,0.0010112684195319273,0.0030338052585957816,0.0010112684195319273,,,0.004045073678127709,,,0.0010112684195319273,0.01625252817104883,0.0010112684195319273,0.005056342097659636,,,0.028387749205431956,0.011123952614851199,0.024342675527304247,,,,0.0010112684195319273,0.04666281421554464,0.12388038139266108,0.03958393527882115,,,,0.1401329095637099,,,,,0.015169026292978907,,0.0010112684195319273,,,
,,0.002889338341519792,,,,0.003900606761051719,,0.004911875180583647,,,0.0009390349609939324,,0.006862178561109506,0.007873446980641434,,,,0.003900606761051719,,,,,0.0009390349609939324,0.0019503033805258595,,,,,,0.0009390349609939324,0.5332273909274776,,,0.0009390349609939324,0.0009390349609939324,0.0019503033805258595,,,0.002889338341519792,0.004911875180583647,0.0019503033805258595,,,0.004911875180583647,,,,0.003900606761051719,,0.002889338341519792,,,0.031493787922565734,0.015746893961282867,0.022609072522392373,,,,0.0009390349609939324,0.026581912741982086,0.1082779543484542,0.036405663103149376,,,,0.15161802947125108,,,,,0.011774053741693153,,0.0009390349609939324,,,
,,0.003106038717133776,,,,0.004117307136665704,0.0010112684195319273,0.005128575556197631,0.0020225368390638545,0.0010112684195319273,0.0010112684195319273,,0.011412886449003179,0.013507656746605028,,,,0.006212077434267552,,,,,0.0020225368390638545,0.013507656746605028,0.0010112684195319273,,,,,,0.28705576422999135,,,0.003106038717133776,0.0010112684195319273,0.0010112684195319273,,0.0010112684195319273,0.0010112684195319273,0.004117307136665704,,,,0.003106038717133776,,0.0020225368390638545,,0.013507656746605028,0.004117307136665704,0.003106038717133776,,,0.047746316093614564,0.042545507078878934,0.02181450447847443,,,,,0.06024270442068766,0.1568910719445247,0.06125397284021959,,,0.0010112684195319273,0.20889916209188095,,,,,0.010329384570933256,,,,,
,,,,,,0.0010112684195319273,0.0020225368390638545,0.00722334585379948,0.0020225368390638545,0.0010112684195319273,0.0010112684195319273,,0.010329384570933256,0.004117307136665704,,,0.0010112684195319273,0.0020225368390638545,,0.0020225368390638545,,,0.0010112684195319273,0.004117307136665704,0.0010112684195319273,,,,,,0.34556486564576705,,,0.006139843975729558,,0.0010112684195319273,,,0.0020225368390638545,0.0020225368390638545,,,,0.0030338052585957816,,,0.004117307136665704,0.01444669170759896,0.0010112684195319273,,,,0.04752961571800058,0.022681305980930367,0.046518347298468654,,,,,0.06096503900606761,0.1623085813348743,0.06407107772320139,0.0020225368390638545,,0.0020225368390638545,0.14887315804680729,0.0010112684195319273,0.012351921409997111,,,0.010329384570933256,,,,,
,,0.0017336030049118752,,0.007078878936723491,,0.0026726379659058074,0.0017336030049118752,0.0026726379659058074,0.0008668015024559376,0.0008668015024559376,0.0008668015024559376,,0.011557353366079168,0.011557353366079168,0.0008668015024559376,,0.0008668015024559376,0.0035394394683617453,,0.0035394394683617453,,,,0.0026726379659058074,0.0008668015024559376,,,,,0.0017336030049118752,0.2752817104882982,,,0.004406240970817683,,,,,0.0008668015024559376,0.0026726379659058074,0.0017336030049118752,0.0017336030049118752,,0.006212077434267552,,,0.007078878936723491,0.017841664258884716,0.0035394394683617453,0.0026726379659058074,,,0.02318694019069633,0.043701242415486855,0.03481652701531349,,0.0008668015024559376,0.0008668015024559376,0.0026726379659058074,0.08841375325050563,0.1598526437445825,0.061615140132909564,0.0017336030049118752,0.0008668015024559376,0.0017336030049118752,0.18311181739381682,,0.0017336030049118752,,,0.014229991331984975,0.0008668015024559376,,,,
,0.002817104882981797,0.0009390349609939324,,0.006573244726957527,,0.0018780699219878647,0.0037561398439757295,0.0037561398439757295,0.005634209765963594,0.0009390349609939324,0.0009390349609939324,,0.007512279687951459,0.014085524414908986,0.011268419531927188,,0.0009390349609939324,0.0037561398439757295,0.0018780699219878647,,,,,0.002817104882981797,0.0018780699219878647,,,,,,0.3002744871424444,,,0.009390349609939324,0.0009390349609939324,,,,0.0009390349609939324,,0.0018780699219878647,0.0018780699219878647,0.0009390349609939324,0.004695174804969662,,0.0037561398439757295,0.020658769141866512,0.015024559375902918,0.0018780699219878647,0.002817104882981797,0.0009390349609939324,,0.025353943946836176,0.04789078301069055,0.03568332851776943,0.0009390349609939324,0.0009390349609939324,,0.002817104882981797,0.06103727246460561,0.15031782721756717,0.06103727246460561,0.005634209765963594,0.0009390349609939324,0.0009390349609939324,0.1568910719445247,0.0009390349609939324,,,,0.010329384570933256,,,0.0009390349609939324,,
,,0.0009390349609939324,,0.0029615718000577866,,,0.0019503033805258595,0.008017913897717423,,0.0009390349609939324,,,0.003972840219589714,0.008017913897717423,,,0.0019503033805258595,0.005995377058653569,0.003972840219589714,0.0009390349609939324,,,,0.0029615718000577866,,,,,,,0.5351054608494654,,,0.007006645478185495,,,,0.004984108639121641,0.0029615718000577866,,,,,0.0009390349609939324,,0.003972840219589714,0.007006645478185495,0.016035827795434845,,0.0019503033805258595,,,0.02802658191274198,0.022031204854088413,0.016974862756428778,0.0009390349609939324,,0.0029615718000577866,0.0029615718000577866,0.06616584802080323,0.07114995665992488,0.042039872869112975,0.008017913897717423,0.0009390349609939324,,0.09924877203120486,0.0009390349609939324,,,,0.015024559375902918,,,,,
,,,,,,0.004261774053741693,0.0016613695463738804,0.006862178561109506,0.0016613695463738804,,,,0.014663392083212944,0.007728980063565444,0.0016613695463738804,,0.0007945680439179428,0.005995377058653569,,0.0016613695463738804,,,0.0007945680439179428,0.0033949725512857558,0.0033949725512857558,,,,,0.0007945680439179428,0.4347009534816527,,0.0007945680439179428,,0.0007945680439179428,,,,0.002528171048829818,0.0007945680439179428,,,,0.0016613695463738804,,0.005128575556197631,,0.011196186073389194,0.005128575556197631,0.0016613695463738804,,,0.03712799768852933,0.0431233747471829,0.02585957815660214,0.0016613695463738804,,0.0007945680439179428,0.0033949725512857558,0.06472117885004335,0.11485119907541173,0.04052297023981508,0.0033949725512857558,,,0.13731580468072813,0.0007945680439179428,0.0007945680439179428,,,0.005128575556197631,,,,0.0007945680439179428,
,,0.00541750939034961,,,0.0026726379659058074,0.00361167292689974,,0.004550707887893672,0.0026726379659058074,,,,0.008162380814793412,0.006356544351343542,0.0008668015024559376,,,0.0026726379659058074,,0.00361167292689974,0.0008668015024559376,,,0.008162380814793412,0.00361167292689974,,,,,0.0008668015024559376,0.37120774342675533,,,,,,,0.00180583646344987,0.00361167292689974,0.00361167292689974,0.0026726379659058074,,,0.0008668015024559376,0.0008668015024559376,0.011846287200231146,0.0008668015024559376,0.006356544351343542,0.00361167292689974,0.004550707887893672,,,0.04196763941057498,0.02094770297601849,0.03835596648367524,,,0.0008668015024559376,0.0026726379659058074,0.06761051719156314,0.1416498121930078,0.05294712510835019,0.0026726379659058074,,,0.13428199942213234,0.0008668015024559376,,,,0.028315515746893963,,0.0008668015024559376,,,
,,0.0008668015024559376,,,,0.004478474429355677,,0.00722334585379948,0.0026726379659058074,,,,0.020875469517480497,0.004478474429355677,0.0008668015024559376,,,0.00361167292689974,,0.00180583646344987,,,0.0008668015024559376,0.00722334585379948,0.0026726379659058074,,,,,,0.3361745160358278,,,,,0.0008668015024559376,,,0.00180583646344987,0.00361167292689974,,,,0.0008668015024559376,,0.009968217278243282,0.0008668015024559376,0.00722334585379948,0.004478474429355677,0.0008668015024559376,0.0008668015024559376,,0.04543484542039873,0.044495810459404796,0.021742271019936435,0.0008668015024559376,,0.0008668015024559376,0.00361167292689974,0.07996243860156024,0.14807859000288934,0.05814793412308581,0.0026726379659058074,,,0.1472117885004334,0.0008668015024559376,0.0026726379659058074,,,0.017263796590580756,,,0.0008668015024559376,,
,,0.0027448714244438024,,,,0.0027448714244438024,0.0027448714244438024,0.008379081190407396,,0.0008668015024559376,,,0.008379081190407396,0.008379081190407396,0.0027448714244438024,,,0.004622941346431667,0.0027448714244438024,,,,0.0008668015024559376,0.003683906385437735,0.00180583646344987,,,,,,0.32432822883559675,,,0.0008668015024559376,,,,,0.0027448714244438024,0.009318116151401329,,0.0008668015024559376,,0.00180583646344987,,0.007440046229413464,0.0008668015024559376,0.007440046229413464,,0.004622941346431667,,,0.05236925744004623,0.02708754695174805,0.022464605605316382,,0.0027448714244438024,0.0027448714244438024,0.0055619763074255995,0.07859000288933835,0.16288644900317828,0.05800346720600982,0.003683906385437735,,,0.1488009245882693,0.0008668015024559376,0.0055619763074255995,,,0.015891360878358855,,0.0008668015024559376,0.0008668015024559376,,
,,0.002889338341519792,,0.0019503033805258595,,0.003900606761051719,0.004839641722045651,0.004839641722045651,0.005850910141577579,,,,0.032288355966483676,0.009751516902629298,0.0019503033805258595,,,0.0019503033805258595,0.0009390349609939324,0.0009390349609939324,,,0.0019503033805258595,0.002889338341519792,0.003900606761051719,,,,,,0.21070499855533087,,,0.003900606761051719,,,,,0.002889338341519792,0.0019503033805258595,,,,0.004839641722045651,,0.0019503033805258595,0.0067899451025715115,0.005850910141577579,0.0009390349609939324,0.004839641722045651,,,0.04016180294712511,0.037200231147067324,0.02542617740537417,,,,0.0067899451025715115,0.09498699797746316,0.15674660502744872,0.08227390927477608,0.002889338341519792,0.0009390349609939324,0.002889338341519792,0.21157180005778678,0.0019503033805258595,,,,0.007801213522103438,,0.0009390349609939324,0.0019503033805258595,,
,,0.0018780699219878647,,,,0.0009390349609939324,0.0018780699219878647,0.002889338341519792,0.0038283733025137245,,,,0.013507656746605028,0.0124963883270731,0.0009390349609939324,,,0.0018780699219878647,0.002889338341519792,0.002889338341519792,,,0.0009390349609939324,0.0018780699219878647,0.0009390349609939324,,,,,,0.21200520080901486,,,0.002889338341519792,0.0018780699219878647,,,0.0018780699219878647,0.0018780699219878647,0.0018780699219878647,0.0009390349609939324,,,0.007728980063565444,,0.0018780699219878647,0.006717711644033516,0.017336030049118753,0.008668015024559377,0.0038283733025137245,,,0.03669459693730136,0.0569921987864779,0.027954348454203987,,,,0.0018780699219878647,0.09079745738225946,0.17682750650101126,0.09368679572377925,0.005778676683039584,0.0009390349609939324,0.0018780699219878647,0.1719878647789656,0.0009390349609939324,,,,0.011557353366079168,0.0009390349609939324,0.0009390349609939324,0.0009390349609939324,,
0.0009390349609939324,,0.002889338341519792,,,,0.003900606761051719,0.0009390349609939324,0.0019503033805258595,,,,,0.007801213522103438,0.003900606761051719,0.0009390349609939324,,,0.003900606761051719,0.0009390349609939324,0.0019503033805258595,,,0.0009390349609939324,,,,,,,,0.43246171626697494,,,0.0009390349609939324,0.0019503033805258595,,,0.002889338341519792,0.00874024848309737,,,,,0.005850910141577579,,,0.01264085524414909,0.004839641722045651,0.005850910141577579,0.005850910141577579,,,0.04196763941057498,0.028315515746893963,0.04001733603004912,,,0.0009390349609939324,0.005850910141577579,0.0722334585379948,0.10351054608494654,0.044929211210632765,0.003900606761051719,0.0009390349609939324,0.0009390349609939324,0.13283733025137243,0.0009390349609939324,,,,0.007801213522103438,0.0009390349609939324,,0.0009390349609939324,,
,,0.0018780699219878647,,0.0009390349609939324,,0.0047674082635076566,,0.007584513146489454,0.0018780699219878647,,,,0.03142155446402774,0.008523548107483386,0.0009390349609939324,,,0.002817104882981797,,0.0037561398439757295,,,,0.002817104882981797,0.002817104882981797,,,,,0.0037561398439757295,0.3457093325628431,,,,,,,0.0009390349609939324,0.0018780699219878647,0.002817104882981797,0.0009390349609939324,,,0.002817104882981797,,,0.007584513146489454,0.0037561398439757295,0.0057064432245015895,,,,0.03907830106905519,0.02665414620052008,0.025715111239526148,,,0.0009390349609939324,0.0037561398439757295,0.08964172204565155,0.11449003178272175,0.05244149089858422,0.0018780699219878647,0.0009390349609939324,0.0009390349609939324,0.18036694596937303,,,,,0.01711932967350477,,,,,
,,,,0.00180583646344987,,0.003683906385437735,,0.0055619763074255995,0.0008668015024559376,,,,0.013941057497832997,0.0055619763074255995,0.0008668015024559376,0.00180583646344987,,0.0008668015024559376,,0.0027448714244438024,,,0.0008668015024559376,0.00180583646344987,0.003683906385437735,,,,,0.00180583646344987,0.404579601271309,,,0.0008668015024559376,,,,0.0008668015024559376,0.0027448714244438024,0.0008668015024559376,0.003683906385437735,,,0.0008668015024559376,,,0.0055619763074255995,0.004622941346431667,0.00180583646344987,,0.0008668015024559376,,0.03734469806414331,0.057859000288933836,0.027015313493210055,0.0008668015024559376,,0.0008668015024559376,0.0027448714244438024,0.05598093036694597,0.111095059231436,0.0597370702109217,0.00180583646344987,,0.0008668015024559376,0.15494076856399885,,,,,0.013941057497832997,0.0008668015024559376,0.0008668015024559376,,,
,,0.0027448714244438024,,0.0027448714244438024,,0.0055619763074255995,0.00180583646344987,0.0055619763074255995,0.00180583646344987,,,,0.0065010112684195315,0.0055619763074255995,0.0008668015024559376,,0.0027448714244438024,0.003683906385437735,0.0008668015024559376,0.0008668015024559376,,,0.0008668015024559376,0.0027448714244438024,0.004622941346431667,,,,,0.0027448714244438024,0.32793990176249643,,,0.0008668015024559376,,0.0008668015024559376,,,0.0008668015024559376,0.003683906385437735,0.003683906385437735,,,0.0008668015024559376,,,0.004622941346431667,0.008306847731869403,0.004622941346431667,0.00180583646344987,,,0.034383126264085524,0.04644611383993066,0.03250505634209766,,0.0008668015024559376,0.0008668015024559376,0.008306847731869403,0.08176827506501011,0.1152123663681017,0.08176827506501011,0.004622941346431667,0.0008668015024559376,,0.15884137532505058,0.00180583646344987,,,,0.020442068766252527,0.0008668015024559376,,,,
,,,,0.004622941346431667,,0.007440046229413464,0.0008668015024559376,0.004622941346431667,0.00180583646344987,,0.0008668015024559376,,0.02528171048829818,0.009318116151401329,0.00180583646344987,0.00180583646344987,0.0008668015024559376,,,0.00180583646344987,,,,0.0027448714244438024,0.00180583646344987,,,,,0.0008668015024559376,0.3306125397284022,,,0.00180583646344987,,,,,0.0008668015024559376,0.0027448714244438024,0.0008668015024559376,0.0027448714244438024,,0.00180583646344987,,0.0008668015024559376,,0.007440046229413464,0.007440046229413464,0.003683906385437735,,,0.04594047963016469,0.0431233747471829,0.03373302513724357,,,0.0008668015024559376,0.0065010112684195315,0.07035538861600693,0.13789367234903208,0.06096503900606761,0.0008668015024559376,0.00180583646344987,,0.15566310314937878,,,,,0.01401329095637099,,0.0008668015024559376,,,
,,0.0057064432245015895,,0.002817104882981797,0.0009390349609939324,0.01054608494654724,0.0018780699219878647,0.0057064432245015895,0.0009390349609939324,0.0009390349609939324,0.0038283733025137245,,0.0018780699219878647,0.0057064432245015895,0.0038283733025137245,,0.0009390349609939324,,,0.002817104882981797,,,0.0009390349609939324,0.002817104882981797,0.002817104882981797,0.0009390349609939324,,,,,0.3001300202253684,,,,,,,,0.0009390349609939324,0.0018780699219878647,0.0009390349609939324,0.0018780699219878647,,0.002817104882981797,,0.0018780699219878647,,0.007656746605027449,0.0018780699219878647,0.0009390349609939324,,0.0009390349609939324,0.051863623230280265,0.07584513146489454,0.025931811615140132,,0.0009390349609939324,,0.0018780699219878647,0.062409708176827505,0.12676971973418089,0.07974573822594626,0.0009390349609939324,0.0009390349609939324,,0.17964461138399307,0.0009390349609939324,,,,0.012424154868535105,,0.0009390349609939324,0.0009390349609939324,,
,,0.0018780699219878647,,0.002817104882981797,,0.002817104882981797,0.0057064432245015895,0.0057064432245015895,0.01054608494654724,,,,0.023981508234614275,0.007656746605027449,0.0057064432245015895,,,0.011485119907541173,,0.0057064432245015895,,,0.0009390349609939324,0.0018780699219878647,0.0047674082635076566,0.0009390349609939324,,,,,0.28423865934700954,,,0.0047674082635076566,,,,0.0009390349609939324,0.0009390349609939324,0.0038283733025137245,0.0018780699219878647,0.0018780699219878647,,0.0038283733025137245,,0.002817104882981797,,0.008595781566021381,0.0018780699219878647,0.007656746605027449,,,0.03358855822016758,0.056703264952325916,0.023981508234614275,,,,0.0018780699219878647,0.0749783299624386,0.10286044495810459,0.11730713666570355,0.0009390349609939324,0.0009390349609939324,,0.13558220167581625,0.0038283733025137245,,,,0.029760184917653858,0.0009390349609939324,0.0009390349609939324,,,
,,0.0026726379659058074,,0.00541750939034961,,0.0008668015024559376,0.0008668015024559376,0.00541750939034961,0.00361167292689974,,0.0008668015024559376,,0.02275353943946836,0.008162380814793412,0.00180583646344987,0.00180583646344987,,0.0026726379659058074,,0.0026726379659058074,,,0.0008668015024559376,0.00180583646344987,0.00361167292689974,,,,,0.0008668015024559376,0.4147645189251663,,,0.0008668015024559376,,0.0008668015024559376,,0.0008668015024559376,0.0008668015024559376,0.004550707887893672,0.00180583646344987,0.00180583646344987,,0.0026726379659058074,,0.0008668015024559376,,0.007295579312337474,0.0008668015024559376,0.006356544351343542,,,0.034672060098237506,0.04016180294712511,0.03012135221034383,0.00180583646344987,,,0.00180583646344987,0.06385437734758741,0.07577289800635655,0.08393527882114996,0.00180583646344987,,0.0026726379659058074,0.12142444380236926,0.0026726379659058074,0.0008668015024559376,,,0.025498410863912163,0.0008668015024559376,0.0008668015024559376,,,
,,0.0008668015024559376,,0.00361167292689974,,0.004550707887893672,0.0008668015024559376,0.006428777809881537,0.00361167292689974,0.0008668015024559376,,,0.015602427044206876,0.005489742848887605,0.004550707887893672,,,0.004550707887893672,,,,,0.0008668015024559376,0.004550707887893672,0.006428777809881537,,,,,0.0008668015024559376,0.24783299624386024,,,0.010112684195319271,0.00180583646344987,0.0008668015024559376,,,0.00361167292689974,0.006428777809881537,0.00180583646344987,,,0.00180583646344987,0.0008668015024559376,0.0008668015024559376,0.0008668015024559376,0.008234614273331407,0.004550707887893672,0.00180583646344987,0.0008668015024559376,,0.043267841664258885,0.060748338630453626,0.02484830973707021,,,,0.005489742848887605,0.061615140132909564,0.1776220745449292,0.06623808147934124,0.00180583646344987,,0.0008668015024559376,0.16570355388616007,0.0027448714244438024,0.00361167292689974,,,0.028532216122507947,,0.0008668015024559376,,,
,,,,0.0008668015024559376,,0.004622941346431667,,0.008379081190407396,0.00180583646344987,0.003683906385437735,,,0.02239237214677839,0.008379081190407396,,,0.0008668015024559376,0.00180583646344987,,0.0008668015024559376,,,0.0008668015024559376,0.003683906385437735,0.00180583646344987,,,,,,0.30171915631320434,,,0.003683906385437735,,,,,0.00180583646344987,0.010257151112395262,0.0008668015024559376,,0.0008668015024559376,0.0008668015024559376,,0.0008668015024559376,,0.012135221034383126,0.0027448714244438024,0.003683906385437735,,,0.03264952325917365,0.04290667437156891,0.02889338341519792,,,0.0008668015024559376,0.00180583646344987,0.06342097659635944,0.17733314071077724,0.06905518636232302,0.0027448714244438024,,0.0008668015024559376,0.1511846287200231,,0.0055619763074255995,,,0.01957526726379659,,0.0008668015024559376,,,0.0027448714244438024
,,0.00180583646344987,0.0008668015024559376,0.00361167292689974,,0.006428777809881537,0.00361167292689974,0.00917364923432534,0.0008668015024559376,0.0008668015024559376,,,0.01097948569777521,0.014663392083212944,,,,0.00361167292689974,,0.0008668015024559376,,,,0.00361167292689974,0.0027448714244438024,,,,,,0.25671771164403345,,,0.00361167292689974,,,,,0.00180583646344987,,,,,0.0008668015024559376,0.0008668015024559376,0.00180583646344987,,0.011918520658769142,0.007295579312337474,0.005489742848887605,,,0.04225657324472696,0.055186362323028024,0.05056342097659636,0.0008668015024559376,0.0008668015024559376,0.0008668015024559376,0.007295579312337474,0.0762785322161225,0.15999711066165848,0.058798035249927764,0.00180583646344987,,0.00180583646344987,0.16368101704709623,,0.0008668015024559376,,,0.022970239815082345,,,,,0.00180583646344987
,,0.00180583646344987,0.0008668015024559376,0.00541750939034961,,0.00722334585379948,0.0026726379659058074,0.006284310892805548,0.0008668015024559376,0.0008668015024559376,0.00180583646344987,,0.024342675527304247,0.00541750939034961,,,0.0026726379659058074,,0.00180583646344987,,,,,0.00180583646344987,0.0026726379659058074,,,,,0.0008668015024559376,0.2546229413464317,,,0.0026726379659058074,,,,0.0008668015024559376,0.0008668015024559376,0.004478474429355677,0.0008668015024559376,,0.0008668015024559376,0.00180583646344987,0.0008668015024559376,,,0.01444669170759896,0.0008668015024559376,0.00180583646344987,,,0.042473273620340944,0.05330829240104016,0.0333718578445536,0.0008668015024559376,0.00541750939034961,0.0008668015024559376,0.00541750939034961,0.08581334874313783,0.1680872580179139,0.06594914764518925,0.0026726379659058074,,0.00180583646344987,0.15725223923721468,0.0008668015024559376,0.00180583646344987,,,0.020731002600404506,,,,,0.0008668015024559376
,,0.005056342097659636,,0.004189540595203698,,0.0067899451025715115,0.0016613695463738804,0.0067899451025715115,0.004189540595203698,,,,0.01610806125397284,0.007584513146489454,0.0016613695463738804,,0.0007945680439179428,0.004189540595203698,0.0007945680439179428,0.0007945680439179428,,,,0.002528171048829818,0.002528171048829818,,,,,0.005056342097659636,0.21944524703842816,0.0007945680439179428,,0.0007945680439179428,0.0007945680439179428,,,0.0007945680439179428,0.008451314648945392,0.0007945680439179428,0.0016613695463738804,,,0.0007945680439179428,0.0007945680439179428,0.002528171048829818,,0.016974862756428778,0.0016613695463738804,0.004189540595203698,,,0.03647789656168737,0.05771453337185784,0.02542617740537417,0.0016613695463738804,0.002528171048829818,,0.0016613695463738804,0.08234614273331407,0.15884137532505058,0.08155157468939613,0.0007945680439179428,0.0007945680439179428,0.0016613695463738804,0.18946836174516035,0.002528171048829818,0.0033949725512857558,,,0.017841664258884716,,0.0007945680439179428,,0.0016613695463738804,0.0016613695463738804
,,0.006284310892805548,,0.00902918231724935,,0.00902918231724935,,0.0026726379659058074,0.00722334585379948,0.006284310892805548,0.00180583646344987,,0.028965616873735913,0.018130598093036694,0.00180583646344987,,,0.004478474429355677,0.0008668015024559376,0.0008668015024559376,,,0.0008668015024559376,0.00180583646344987,0.0026726379659058074,,,,,0.004478474429355677,0.22399595492632185,,,0.0026726379659058074,,0.00180583646344987,,0.00541750939034961,0.0026726379659058074,,,,,0.0008668015024559376,,0.004478474429355677,0.011774053741693153,0.028098815371279978,0.011774053741693153,0.00902918231724935,,,0.021742271019936435,0.06349321005489743,0.03445535972262352,,,,0.00180583646344987,0.048974284888760475,0.12879225657324472,0.0943368968506212,0.00180583646344987,0.0008668015024559376,0.0026726379659058074,0.15234036405663104,0.00361167292689974,0.00180583646344987,,,0.02990465183472985,,0.0008668015024559376,,0.00180583646344987,0.0008668015024559376
,,0.007945680439179427,,0.011557353366079168,0.002600404507367813,0.0017336030049118752,0.0017336030049118752,0.011557353366079168,0.002600404507367813,0.0008668015024559376,0.0017336030049118752,,0.014229991331984975,0.006212077434267552,0.0017336030049118752,0.0008668015024559376,,0.0017336030049118752,,0.0008668015024559376,,,0.0008668015024559376,0.006212077434267552,0.0008668015024559376,,,,,,0.4153423865934702,,,0.0008668015024559376,,,,0.002600404507367813,0.0017336030049118752,0.002600404507367813,,,,0.0017336030049118752,,0.010618318405085236,0.007945680439179427,0.011557353366079168,0.002600404507367813,0.004406240970817683,,,0.021308870268708466,0.040884137532505055,0.023114706732158336,0.0008668015024559376,,0.0008668015024559376,0.0017336030049118752,0.05338052585957816,0.09607049985553308,0.08805258595781566,0.0017336030049118752,0.0008668015024559376,0.0017336030049118752,0.11030049118751806,0.004406240970817683,,,,0.011557353366079168,0.0017336030049118752,0.0008668015024559376,,0.0017336030049118752,0.0008668015024559376
,,0.0008668015024559376,,0.0008668015024559376,0.002600404507367813,0.0008668015024559376,0.0008668015024559376,0.004334007512279688,0.0008668015024559376,,,,0.011412886449003179,0.006139843975729558,,,,0.0017336030049118752,,0.0008668015024559376,,,0.0008668015024559376,0.005200809014735626,0.0008668015024559376,,,,,0.0017336030049118752,0.5512857555619762,,,0.002600404507367813,,,,,0.0017336030049118752,0.002600404507367813,,,,0.0017336030049118752,,0.0034672060098237503,0.0008668015024559376,0.01401329095637099,0.0008668015024559376,0.0034672060098237503,,,0.017552730424732738,0.03069921987864779,0.028965616873735913,,,0.0008668015024559376,0.002600404507367813,0.042112106327650965,0.08956948858711355,0.07107772320138689,0.0008668015024559376,0.0008668015024559376,,0.07021092169893095,,,,,0.01928633342964461,,0.0008668015024559376,,,0.0017336030049118752
,,0.006356544351343542,,0.0008668015024559376,0.00361167292689974,0.004550707887893672,,0.00361167292689974,0.0008668015024559376,,,,0.019141866512568623,0.017336030049118753,,,0.00180583646344987,0.00180583646344987,0.0008668015024559376,0.0008668015024559376,,,,0.00180583646344987,0.0026726379659058074,,,,,0.0008668015024559376,0.26220745449292115,,,0.007295579312337474,,,,,0.0008668015024559376,0.006356544351343542,,,0.00361167292689974,0.00180583646344987,,0.008162380814793412,0.0008668015024559376,0.006356544351343542,0.00180583646344987,0.00180583646344987,,,0.04839641722045652,0.03835596648367524,0.04839641722045652,,,,0.00180583646344987,0.06298757584513147,0.152557064432245,0.06847731869401907,0.00180583646344987,0.0008668015024559376,0.00180583646344987,0.1680872580179139,,0.004550707887893672,,,0.031060387171337765,,0.0008668015024559376,,,0.00180583646344987
,,0.0027448714244438024,,,0.0008668015024559376,0.003683906385437735,,0.0055619763074255995,0.004622941346431667,0.00180583646344987,,,0.019503033805258595,0.018563998844264663,0.0008668015024559376,,0.00180583646344987,0.004622941346431667,,,,,0.0008668015024559376,0.007440046229413464,0.00180583646344987,,,,,0.0027448714244438024,0.2237070210921699,,,0.00180583646344987,,0.0008668015024559376,,0.0008668015024559376,0.0008668015024559376,0.0027448714244438024,,0.0008668015024559376,,0.00180583646344987,,0.0055619763074255995,0.0008668015024559376,0.013002022536839063,,0.003683906385437735,0.0008668015024559376,,0.04839641722045652,0.05677549841086391,0.026004045073678126,,0.00180583646344987,0.0027448714244438024,0.007440046229413464,0.07071655590869691,0.17032649523259175,0.06789945102571511,0.00180583646344987,,,0.19084079745738225,0.0008668015024559376,0.004622941346431667,,,0.013002022536839063,0.0008668015024559376,,,,0.0008668015024559376
,,0.004550707887893672,,,0.00361167292689974,0.008234614273331407,0.004550707887893672,0.006428777809881537,0.00361167292689974,0.00361167292689974,,,0.02015313493210055,0.01097948569777521,0.0008668015024559376,,,0.00180583646344987,0.0027448714244438024,0.0008668015024559376,,,0.00180583646344987,0.00180583646344987,0.00361167292689974,,,,,0.00180583646344987,0.2471828951170182,,,0.0027448714244438024,,,,0.0027448714244438024,0.0008668015024559376,0.00361167292689974,,,,0.0008668015024559376,,0.005489742848887605,,0.01097948569777521,,0.0008668015024559376,,,0.04225657324472696,0.040378503322739095,0.023837041317538284,0.0008668015024559376,0.0008668015024559376,,0.00917364923432534,0.07440046229413465,0.18282288355966483,0.07620629875758451,0.00180583646344987,,0.0008668015024559376,0.1571077723201387,,0.012857555619763074,,,0.01928633342964461,,0.0008668015024559376,,,
,,0.00541750939034961,,,0.00180583646344987,0.00541750939034961,,0.00541750939034961,0.012713088702687085,0.00180583646344987,,,0.027304247327362034,0.012713088702687085,0.0008668015024559376,,,0.00361167292689974,,0.00541750939034961,,,,0.00180583646344987,0.008162380814793412,,,,,0.00180583646344987,0.10748338630453635,,,0.00180583646344987,0.0008668015024559376,,,0.0008668015024559376,0.00541750939034961,0.0008668015024559376,,0.0008668015024559376,,0.00180583646344987,0.00180583646344987,0.00361167292689974,,0.02181450447847443,0.00361167292689974,0.00361167292689974,,,0.054680728113262064,0.0637821438890494,0.04276220745449292,,,,0.00541750939034961,0.08379081190407396,0.17401040161802947,0.08379081190407396,0.0008668015024559376,,,0.19770297601849177,0.00180583646344987,0.00541750939034961,,,0.036405663103149376,,0.0008668015024559376,,,
0.0008668015024559376,,0.007440046229413464,,0.00180583646344987,,0.00180583646344987,,,0.012135221034383126,0.0055619763074255995,0.0008668015024559376,,0.03264952325917365,0.01581912741982086,0.0008668015024559376,,,0.01581912741982086,,0.0065010112684195315,,,,0.008379081190407396,0.010257151112395262,,,,,0.003683906385437735,0.09462583068477326,,,0.00180583646344987,0.00180583646344987,,,0.0027448714244438024,0.004622941346431667,0.011196186073389194,,,,0.0008668015024559376,,0.011196186073389194,,0.012135221034383126,0.016758162380814793,0.004622941346431667,,,0.02990465183472985,0.1083501878069922,0.03171048829817972,,0.0008668015024559376,,0.0027448714244438024,0.0598093036694597,0.19062409708176828,0.09621496677260907,0.003683906385437735,0.0008668015024559376,0.00180583646344987,0.14764518925166137,0.00180583646344987,0.004622941346431667,,,0.025209477029760185,0.0008668015024559376,0.0008668015024559376,,,0.0055619763074255995
,,0.00180583646344987,,0.0027448714244438024,0.0008668015024559376,0.005489742848887605,0.00180583646344987,0.00361167292689974,0.00917364923432534,0.00180583646344987,,,0.022031204854088413,0.01097948569777521,0.00180583646344987,,,0.005489742848887605,,0.0027448714244438024,0.0008668015024559376,,,0.004550707887893672,0.0027448714244438024,,,,,0.00180583646344987,0.29384570933256304,,,0.00180583646344987,,,,0.0008668015024559376,0.00180583646344987,0.0008668015024559376,,,,0.004550707887893672,,0.005489742848887605,,0.008234614273331407,0.011918520658769142,0.0008668015024559376,0.00180583646344987,,0.030338052585957814,0.05612539728402196,0.025715111239526148,,,,0.004550707887893672,0.08097370702109218,0.13254839641722047,0.061615140132909564,0.0008668015024559376,0.0008668015024559376,,0.13717133776365212,0.00180583646344987,0.0027448714244438024,,,0.04507367812770875,0.0008668015024559376,0.0008668015024559376,,,0.005489742848887605
,,0.0027448714244438024,,0.00180583646344987,0.00180583646344987,0.005489742848887605,0.00180583646344987,0.0027448714244438024,0.0027448714244438024,,,,0.012857555619763074,0.008234614273331407,0.0027448714244438024,,,0.011990754117307137,0.0008668015024559376,0.00180583646344987,,,,0.0027448714244438024,0.00180583646344987,,,,,0.00180583646344987,0.24530482519503038,,,0.00180583646344987,,0.004550707887893672,0.0008668015024559376,0.00180583646344987,0.0008668015024559376,0.0027448714244438024,,,,0.0027448714244438024,,0.003683906385437735,0.0008668015024559376,0.01654146200520081,0.0008668015024559376,0.00180583646344987,,,0.05164692285466628,0.04514591158624675,0.033155157468939614,,,,0.01473562554175094,0.09130309159202543,0.16043051141288645,0.053452759318116154,0.0008668015024559376,0.0008668015024559376,0.0008668015024559376,0.16599248772031205,0.0008668015024559376,,,,0.03134932100548974,,0.0008668015024559376,,,
,,0.0008668015024559376,,0.0008668015024559376,0.0027448714244438024,0.008379081190407396,0.0027448714244438024,0.0008668015024559376,0.0008668015024559376,,,0.0008668015024559376,0.022464605605316382,0.012135221034383126,0.0027448714244438024,,0.0008668015024559376,0.0065010112684195315,0.0008668015024559376,0.0027448714244438024,0.0008668015024559376,,0.0008668015024559376,0.00180583646344987,,,,,,0.00180583646344987,0.24588269286333442,,,0.0008668015024559376,,0.0027448714244438024,,,0.0008668015024559376,0.0008668015024559376,,,,0.0008668015024559376,,0.00180583646344987,,0.011196186073389194,0.00180583646344987,0.0027448714244438024,,,0.05894250216700376,0.03459982663969951,0.03084368679572378,,,0.0008668015024559376,0.016830395839352787,0.07577289800635655,0.16476451892516614,0.05894250216700376,0.0008668015024559376,,,0.18816815949147644,0.00180583646344987,,,,0.025209477029760185,,0.0008668015024559376,,,
,,0.0008668015024559376,,,0.00180583646344987,0.012062987575845131,0.0008668015024559376,0.0008668015024559376,0.00180583646344987,0.003683906385437735,,,0.025931811615140132,0.0055619763074255995,0.0027448714244438024,,,0.004622941346431667,,0.004622941346431667,0.0008668015024559376,,,0.004622941346431667,0.0027448714244438024,,,,0.0008668015024559376,0.0055619763074255995,0.17567177116440347,,,0.0027448714244438024,,0.0008668015024559376,,0.0008668015024559376,0.004622941346431667,0.006428777809881537,0.0008668015024559376,,0.00180583646344987,0.00180583646344987,,0.008306847731869403,0.00180583646344987,0.010184917653857267,0.00736781277087547,0.003683906385437735,0.0008668015024559376,,0.0333718578445536,0.04637388038139266,0.03618896272753539,,0.004622941346431667,,0.01292978907830107,0.09094192429933545,0.19401906963305404,0.069560820572089,0.00180583646344987,,0.0027448714244438024,0.17545507078878936,0.0027448714244438024,0.00180583646344987,,,0.018563998844264663,0.0008668015024559376,,,,
,,0.0026726379659058074,,0.0008668015024559376,0.00180583646344987,0.006284310892805548,0.0008668015024559376,0.00180583646344987,0.0026726379659058074,,0.00180583646344987,,0.02167003756139844,0.006284310892805548,0.0008668015024559376,,,0.006284310892805548,,0.00180583646344987,0.0008668015024559376,,,0.0026726379659058074,0.004478474429355677,,,,,0.00722334585379948,0.19344120196475012,,,0.0008668015024559376,,0.006284310892805548,,0.0008668015024559376,0.0026726379659058074,0.00541750939034961,,,,0.0008668015024559376,,0.004478474429355677,0.00180583646344987,0.009895983819705287,0.0026726379659058074,,0.0008668015024559376,,0.042473273620340944,0.04341230858133487,0.04789078301069055,0.0026726379659058074,0.00180583646344987,0.0026726379659058074,0.01625252817104883,0.1040161802947125,0.16736492343253395,0.06147067321583358,0.00180583646344987,,,0.1763941057497833,0.00541750939034961,,,,0.024414908985842244,,0.0008668015024559376,,,
,,0.0008668015024559376,,0.0008668015024559376,0.005489742848887605,0.006356544351343542,,0.013724357122219012,0.00180583646344987,0.00361167292689974,,,0.021019936434556487,0.010040450736781278,0.0008668015024559376,,,0.00180583646344987,,0.0008668015024559376,0.0008668015024559376,0.0008668015024559376,0.0008668015024559376,0.005489742848887605,0.008234614273331407,,,,,0.008234614273331407,0.1436001155735338,,,0.00180583646344987,0.0008668015024559376,0.00361167292689974,,0.00180583646344987,0.00180583646344987,0.007295579312337474,,,,0.00180583646344987,,0.007295579312337474,0.00180583646344987,0.010040450736781278,0.004550707887893672,0.006356544351343542,,,0.038428199942213234,0.04391794279110084,0.045723779254550706,0.0027448714244438024,,0.0027448714244438024,0.010040450736781278,0.07960127130887026,0.1886015602427044,0.06587691418665126,0.0008668015024559376,0.0008668015024559376,,0.2041317538283733,0.0027448714244438024,0.004550707887893672,,,0.018275065010112685,,0.0008668015024559376,,,0.005489742848887605
,,0.0008668015024559376,,0.0027448714244438024,0.00180583646344987,0.00180583646344987,,0.0008668015024559376,0.003683906385437735,0.004622941346431667,,,0.020514302224790525,0.009318116151401329,0.004622941346431667,,0.0008668015024559376,0.004622941346431667,0.0008668015024559376,0.00180583646344987,0.0008668015024559376,0.00180583646344987,0.0027448714244438024,0.00180583646344987,0.014952325917364924,,,,,0.0065010112684195315,0.1532071655590871,,,0.012135221034383126,0.0008668015024559376,,,,0.004622941346431667,0.0055619763074255995,0.0008668015024559376,,,0.011196186073389194,0.00180583646344987,0.0027448714244438024,0.0008668015024559376,0.018708465761340654,0.011196186073389194,0.00180583646344987,0.00180583646344987,,0.032721756717711645,0.03647789656168737,0.05049118751805837,0.0008668015024559376,0.0008668015024559376,0.00180583646344987,0.01401329095637099,0.08603004911875181,0.14685062120774342,0.09354232880670327,0.00180583646344987,0.0008668015024559376,0.007440046229413464,0.14966772609072523,0.0027448714244438024,0.009318116151401329,,,0.04485697775209477,0.0008668015024559376,,,,0.003683906385437735
,,0.0008668015024559376,,0.0008668015024559376,0.0008668015024559376,0.0008668015024559376,,0.003683906385437735,0.0027448714244438024,0.0027448714244438024,,,0.013868824039295001,0.009245882692863335,0.00180583646344987,,0.00180583646344987,0.00736781277087547,,0.0008668015024559376,0.0008668015024559376,0.0008668015024559376,,0.0008668015024559376,0.006428777809881537,,,,,0.003683906385437735,0.34498699797746324,,,0.0027448714244438024,,,,0.0008668015024559376,0.0008668015024559376,0.0027448714244438024,0.0027448714244438024,0.0008668015024559376,0.0008668015024559376,,0.0027448714244438024,0.0027448714244438024,0.0008668015024559376,0.008306847731869403,0.0027448714244438024,0.003683906385437735,,,0.0332996243860156,0.05648656457671193,0.021308870268708466,,,0.00180583646344987,0.01849176538572667,0.07317249349898873,0.10748338630453626,0.08798035249927766,0.0008668015024559376,0.0008668015024559376,0.0027448714244438024,0.13435423288067033,0.003683906385437735,0.004622941346431667,,,0.010184917653857267,,0.0008668015024559376,,,0.003683906385437735
,,0.0008668015024559376,,0.00361167292689974,0.00361167292689974,0.004550707887893672,0.0008668015024559376,0.01097948569777521,0.0008668015024559376,,,,0.013724357122219012,0.009101415775787344,0.0027448714244438024,,,0.005489742848887605,0.00180583646344987,,0.00180583646344987,0.0008668015024559376,0.0008668015024559376,0.0027448714244438024,0.00180583646344987,,,,,0.00180583646344987,0.2131609361456226,,0.0008668015024559376,0.00180583646344987,,0.00361167292689974,,0.00180583646344987,0.0008668015024559376,0.00361167292689974,0.00361167292689974,,,0.0008668015024559376,0.0008668015024559376,0.00361167292689974,0.00361167292689974,0.004550707887893672,0.00180583646344987,,,,0.04485697775209477,0.05121352210343831,0.038428199942213234,0.0008668015024559376,,0.00180583646344987,0.01097948569777521,0.07230569199653279,0.19683617451603583,0.053091592025426175,0.0008668015024559376,,0.004550707887893672,0.1821727824328229,0.008234614273331407,0.005489742848887605,,,0.01278532216122508,,,,,0.0027448714244438024
,,0.0008668015024559376,,0.0027448714244438024,0.00180583646344987,0.004550707887893672,0.0027448714244438024,0.004550707887893672,0.004550707887893672,0.0008668015024559376,,,0.011990754117307137,0.00736781277087547,0.004550707887893672,,0.00180583646344987,0.008234614273331407,,,0.0008668015024559376,,,0.0008668015024559376,0.0008668015024559376,,,,,,0.2288355966483675,,,0.00180583646344987,0.0008668015024559376,,,0.00180583646344987,0.00180583646344987,0.0027448714244438024,,,0.0008668015024559376,,,0.006428777809881537,0.004550707887893672,0.00736781277087547,0.00180583646344987,0.004550707887893672,0.00180583646344987,0.0008668015024559376,0.05164692285466628,0.036839063854377345,0.04334007512279688,,,,0.010112684195319271,0.06732158335741115,0.1899739959549263,0.046084946547240685,0.003683906385437735,,0.0008668015024559376,0.18441201964750073,0.004550707887893672,0.0027448714244438024,,,0.02947125108350188,,0.00180583646344987,,,0.00180583646344987
,,0.003683906385437735,,,0.003683906385437735,0.0065010112684195315,,0.003683906385437735,0.003683906385437735,,,,0.014952325917364924,0.004622941346431667,0.004622941346431667,0.0008668015024559376,0.0008668015024559376,0.013074255995377058,,0.00180583646344987,0.0008668015024559376,,,,,,0.0008668015024559376,0.0008668015024559376,,,0.24068188384859857,,0.0008668015024559376,0.004622941346431667,,,,0.00180583646344987,,0.0027448714244438024,0.0008668015024559376,0.0008668015024559376,0.0008668015024559376,0.003683906385437735,,0.0065010112684195315,0.0008668015024559376,0.009318116151401329,0.00180583646344987,0.004622941346431667,,,0.03459982663969951,0.035538861600693444,0.03647789656168737,,0.0008668015024559376,,0.012135221034383126,0.07851776943080034,0.1542906674371569,0.07013868824039295,0.0008668015024559376,,,0.20109794856977753,0.0055619763074255995,,,,0.020514302224790525,,,,,0.004622941346431667
,,,,,0.002817104882981797,0.006717711644033516,,0.002817104882981797,0.0009390349609939324,0.0009390349609939324,,,0.022970239815082345,0.0057064432245015895,0.0009390349609939324,0.0009390349609939324,,0.008595781566021381,,0.0018780699219878647,,,,0.0009390349609939324,0.0009390349609939324,,,,,,0.18527882114995675,,0.0009390349609939324,0.007656746605027449,,0.0009390349609939324,,0.0047674082635076566,,0.0009390349609939324,0.0038283733025137245,,,0.0038283733025137245,,0.0018780699219878647,0.0009390349609939324,0.0047674082635076566,0.0038283733025137245,0.0009390349609939324,,,0.04890205143022248,0.05944813637676972,0.047023981508234614,,,,0.009534816527015313,0.08249060965039005,0.18809592603293845,0.06717711644033517,,,0.0009390349609939324,0.19676394105749784,0.0047674082635076566,,,,0.014374458249060964,,,,,0.002817104882981797
,,0.002889338341519792,,,0.0019503033805258595,0.005850910141577579,,0.003900606761051719,0.0019503033805258595,0.005850910141577579,,,0.017552730424732738,0.009751516902629298,0.0009390349609939324,,,0.005850910141577579,,0.0009390349609939324,,,0.0019503033805258595,0.003900606761051719,0.002889338341519792,,,,,0.0009390349609939324,0.1311759607049987,0.0009390349609939324,,0.009751516902629298,,,,0.004839641722045651,,0.004839641722045651,0.0009390349609939324,,,0.003900606761051719,,0.002889338341519792,0.0009390349609939324,0.012713088702687085,0.010762785322161225,0.005850910141577579,,0.0009390349609939324,0.0499133198497544,0.0499133198497544,0.02542617740537417,,0.0009390349609939324,,0.002889338341519792,0.07830106905518636,0.2123663681017047,0.07338919387460272,0.0009390349609939324,0.0009390349609939324,,0.22016758162380815,0.0067899451025715115,0.003900606761051719,,,0.014663392083212944,,0.0009390349609939324,,,0.0009390349609939324
,,0.0009390349609939324,,0.004839641722045651,,0.003900606761051719,,0.007801213522103438,0.0019503033805258595,0.005850910141577579,,,0.029254550707887895,0.013652123663681017,0.0009390349609939324,,0.0009390349609939324,0.01264085524414909,0.0019503033805258595,0.0009390349609939324,,,0.007801213522103438,0.0067899451025715115,0.0019503033805258595,,0.0019503033805258595,,,,0.02629297890783011,0.0009390349609939324,,0.0067899451025715115,,0.0009390349609939324,,0.005850910141577579,0.002889338341519792,0.003900606761051719,,,,0.0009390349609939324,0.0019503033805258595,0.007801213522103438,0.003900606761051719,0.01069055186362323,0.011701820283155157,0.01654146200520081,,,0.027304247327362034,0.09657613406529905,0.04875758451314649,0.0009390349609939324,0.0009390349609939324,0.0019503033805258595,0.00874024848309737,0.08487431378214388,0.2000144466917076,0.10047674082635076,0.0019503033805258595,0.0009390349609939324,,0.17856110950592313,0.005850910141577579,0.002889338341519792,,,0.029254550707887895,0.002889338341519792,0.0009390349609939324,,,0.0009390349609939324
,,,,0.0037561398439757295,0.0009390349609939324,0.0009390349609939324,,0.004695174804969662,0.0018780699219878647,0.0037561398439757295,,,0.024776076278532216,0.007584513146489454,0.0018780699219878647,,,0.0066454781854955215,,0.0018780699219878647,,,0.0057064432245015895,0.0009390349609939324,0.0018780699219878647,,,,,,0.34556486564576705,,,0.0009390349609939324,,,,0.0037561398439757295,,0.0018780699219878647,0.0009390349609939324,0.002817104882981797,,0.0009390349609939324,0.002817104882981797,0.007584513146489454,0.008523548107483386,0.0057064432245015895,0.008523548107483386,0.0037561398439757295,,,0.029543484542039873,0.04760184917653857,0.028532216122507947,,0.0009390349609939324,,0.008523548107483386,0.06768275065010113,0.11058942502167003,0.06096503900606761,0.007584513146489454,0.0009390349609939324,,0.14490031782721757,0.004695174804969662,0.0018780699219878647,,,0.018997399595492633,0.0018780699219878647,,,,0.0037561398439757295
,,0.0009390349609939324,,0.0009390349609939324,0.0029615718000577866,0.0029615718000577866,0.0009390349609939324,0.005923143600115573,0.0009390349609939324,,0.0019503033805258595,,0.018708465761340654,0.011846287200231146,0.004911875180583647,,,0.0019503033805258595,,0.0019503033805258595,0.0009390349609939324,,,0.0029615718000577866,0.005923143600115573,,,,,,0.15768563998844276,,,0.007873446980641434,,0.003900606761051719,,,,0.011846287200231146,0.0009390349609939324,,,0.0009390349609939324,0.0029615718000577866,,0.015746893961282867,0.004911875180583647,,,,,0.0374891649812193,0.04637388038139266,0.02665414620052008,,0.0009390349609939324,,0.003900606761051719,0.07996243860156024,0.20442068766252527,0.07895117018202831,,,,0.22117885004334006,,,,,0.022681305980930367,,0.0019503033805258595,,,0.0019503033805258595
,,0.004984108639121641,,0.0009390349609939324,0.0029615718000577866,0.003972840219589714,,0.005995377058653569,0.0019503033805258595,,,,0.013002022536839063,0.012062987575845131,0.0029615718000577866,,,0.0019503033805258595,0.0019503033805258595,0.0019503033805258595,0.0009390349609939324,0.0009390349609939324,,0.0019503033805258595,0.003972840219589714,,,,,,0.21677260907252238,,,0.007006645478185495,0.0019503033805258595,,,,,0.0019503033805258595,0.0009390349609939324,,,0.0019503033805258595,,0.0009390349609939324,0.01401329095637099,0.003972840219589714,0.0009390349609939324,,0.0009390349609939324,,0.033155157468939614,0.05525859578156602,0.044206876625252814,,0.0009390349609939324,,0.0009390349609939324,0.08444091303091592,0.21012713088702686,0.05222479052297024,0.0019503033805258595,,0.0009390349609939324,0.17191563132042761,,,,,0.026076278532216123,,,,,0.003972840219589714
,,0.003900606761051719,,0.0009390349609939324,0.003900606761051719,0.006934412019647501,,0.005923143600115573,0.0019503033805258595,,,,0.020803236058942503,0.005923143600115573,0.0019503033805258595,,0.0019503033805258595,,,0.003900606761051719,,,0.004911875180583647,0.0019503033805258595,0.0029615718000577866,,,,,,0.1339930655879803,,,0.004911875180583647,0.003900606761051719,0.0029615718000577866,,,,0.003900606761051719,0.0009390349609939324,,,0.0019503033805258595,0.0009390349609939324,0.0009390349609939324,0.018780699219878648,0.003900606761051719,0.007873446980641434,0.003900606761051719,,,0.046590580757006644,0.03264952325917365,0.039656168737359145,0.0009390349609939324,,,0.0009390349609939324,0.08523548107483386,0.20622652412597514,0.07533949725512858,,,,0.21713377636521236,0.0029615718000577866,,,,0.03069921987864779,0.0009390349609939324,,,,0.003900606761051719
,,0.0020225368390638545,,0.0010112684195319273,0.009101415775787344,0.0030338052585957816,0.0010112684195319273,0.009101415775787344,,,,,0.027304247327362034,0.010112684195319271,0.0020225368390638545,,0.0030338052585957816,0.0030338052585957816,0.0010112684195319273,0.007078878936723491,,,,0.004045073678127709,,,,,,,0.08516324761629601,,0.0010112684195319273,0.0020225368390638545,0.0010112684195319273,,,,,0.014157757873446981,0.004045073678127709,,0.0010112684195319273,,,0.0010112684195319273,0.016180294712510836,0.006067610517191563,0.0020225368390638545,0.0030338052585957816,,,0.04962438601560243,0.046590580757006644,0.03546662814215545,,,0.0010112684195319273,0.0020225368390638545,0.09628720023114706,0.20882692863334296,0.07598959838197053,0.0020225368390638545,,0.0010112684195319273,0.23822594625830684,0.0020225368390638545,0.0020225368390638545,,,0.015169026292978907,,,0.0010112684195319273,,0.0030338052585957816
,,0.0030338052585957816,,0.004045073678127709,0.0020225368390638545,0.006067610517191563,0.0020225368390638545,0.007151112395261485,0.0020225368390638545,0.010184917653857267,,,0.026581912741982086,0.008162380814793412,,,0.0010112684195319273,0.0010112684195319273,0.0010112684195319273,0.0010112684195319273,,,,0.004045073678127709,0.006067610517191563,,,,,,0.043701242415486785,,,0.0020225368390638545,,0.0020225368390638545,,,0.0010112684195319273,0.005056342097659636,0.0020225368390638545,,,,0.0020225368390638545,0.005056342097659636,0.008162380814793412,0.011196186073389194,0.004045073678127709,0.016324761629586824,,,0.04803524992776654,0.07671193296735047,0.029615718000577867,,,,0.0010112684195319273,0.08386304536261197,0.24552152557064433,0.06746605027448714,0.0030338052585957816,0.0010112684195319273,0.006067610517191563,0.19950881248194163,0.0030338052585957816,,,,0.04500144466917076,,,0.0010112684195319273,,0.0010112684195319273
,,0.011918520658769142,,0.0029615718000577866,0.0019503033805258595,0.008956948858711355,,0.004911875180583647,,0.01292978907830107,,,0.036766830395839355,0.009895983819705287,,,,0.0029615718000577866,0.0009390349609939324,0.0009390349609939324,,,,0.005923143600115573,0.0019503033805258595,,,,,0.003972840219589714,0.1136954637388039,,0.0019503033805258595,,,,,,0.0009390349609939324,0.0019503033805258595,0.0009390349609939324,0.003972840219589714,,0.005923143600115573,0.0029615718000577866,0.005923143600115573,0.0009390349609939324,0.02983241837619185,0.0029615718000577866,0.006934412019647501,,,0.023837041317538284,0.06464894539150534,0.06269864201097948,0.0009390349609939324,,,0.003972840219589714,0.0875469517480497,0.15327939901762497,0.08559664836752384,0.003972840219589714,0.0009390349609939324,0.0029615718000577866,0.15624097081768276,0.003972840219589714,0.0009390349609939324,,,0.05569199653279399,0.0029615718000577866,,0.0009390349609939324,,0.0029615718000577866
,,0.004117307136665704,,0.007151112395261485,0.0020225368390638545,0.007151112395261485,,0.0020225368390638545,,0.008234614273331407,,,0.02058653568332852,0.010257151112395262,0.0030338052585957816,,,,,,,,,0.0020225368390638545,0.005128575556197631,,,,,,0.3411586246749495,,,0.0010112684195319273,,,,,0.0010112684195319273,0.0030338052585957816,,,,0.0030338052585957816,,0.004117307136665704,0.0010112684195319273,0.016469228546662815,0.005128575556197631,0.0020225368390638545,0.005128575556197631,,0.02983241837619185,0.05244149089858422,0.040089569488587114,,0.0010112684195319273,0.0010112684195319273,0.0020225368390638545,0.06789945102571511,0.10192140999711066,0.08436867957237792,,0.0010112684195319273,,0.1430944813637677,0.0020225368390638545,,,,0.014374458249060964,,,0.0010112684195319273,,0.0030338052585957816
,,0.0018780699219878647,,0.0018780699219878647,0.0038283733025137245,0.0047674082635076566,0.0009390349609939324,0.006717711644033516,0.002889338341519792,,,,0.015385726668592892,0.0047674082635076566,0.0047674082635076566,,0.002889338341519792,0.0018780699219878647,,,,,,0.0047674082635076566,0.0018780699219878647,,,,,0.0009390349609939324,0.24985553308292408,,,0.0038283733025137245,,0.0038283733025137245,,,,0.0038283733025137245,,,,0.0018780699219878647,,0.002889338341519792,0.0009390349609939324,0.009607049985553309,0.0009390349609939324,,,,0.04334007512279688,0.04919098526437446,0.03951170182028316,,,,0.0009390349609939324,0.06363767697197342,0.17841664258884715,0.07035538861600693,0.002889338341519792,,0.0009390349609939324,0.18903496099393238,0.002889338341519792,,,,0.017336030049118753,,0.0018780699219878647,0.0009390349609939324,,0.0009390349609939324
,,,,0.002889338341519792,0.0038283733025137245,0.01264085524414909,0.0009390349609939324,0.01264085524414909,0.002889338341519792,,0.0009390349609939324,,0.020442068766252527,0.009679283444091302,0.0009390349609939324,,,0.0018780699219878647,,0.0009390349609939324,,,,0.0038283733025137245,0.0018780699219878647,,,,,0.0009390349609939324,0.25115573533660807,,,0.002889338341519792,,0.0009390349609939324,,,0.0009390349609939324,0.0018780699219878647,0.0018780699219878647,,,0.002889338341519792,0.0009390349609939324,0.0009390349609939324,0.002889338341519792,0.00874024848309737,0.0009390349609939324,0.004839641722045651,,,0.04868535105460849,0.04969661947414042,0.02528171048829818,0.0009390349609939324,,,0.0038283733025137245,0.07310026004045074,0.1832562843108928,0.0652990465183473,0.0018780699219878647,,,0.1598526437445825,0.004839641722045651,,,,0.02138110372724646,0.0009390349609939324,0.0009390349609939324,0.0009390349609939324,,
,,0.0038283733025137245,,0.002889338341519792,0.0009390349609939324,0.008668015024559377,0.002889338341519792,0.0038283733025137245,0.0009390349609939324,,,,0.015457960127130887,0.005778676683039584,0.0009390349609939324,,0.0009390349609939324,0.0018780699219878647,,0.0018780699219878647,,,,0.007728980063565444,,,,,,0.0009390349609939324,0.17646633920832144,,0.0009390349609939324,0.0038283733025137245,,0.0018780699219878647,,,0.0009390349609939324,0.0038283733025137245,,0.0009390349609939324,,0.004839641722045651,,0.002889338341519792,0.0009390349609939324,0.008668015024559377,0.0018780699219878647,0.006717711644033516,,,0.03770586535683328,0.05901473562554175,0.02903785033227391,0.0009390349609939324,,,0.0018780699219878647,0.07938457093325628,0.24978329962438603,0.07259462583068477,0.0009390349609939324,,0.0009390349609939324,0.17234903207165558,0.0018780699219878647,0.0009390349609939324,,,0.017408263507656747,,,0.0009390349609939324,,
,,0.0018780699219878647,,0.0038283733025137245,0.00874024848309737,0.011629586824617164,,0.005778676683039584,0.0009390349609939324,,,,0.015530193585668883,0.011629586824617164,,,,0.005778676683039584,0.0067899451025715115,0.0067899451025715115,,,,0.0009390349609939324,0.0009390349609939324,,,,,0.002889338341519792,0.15725223923721476,,0.0009390349609939324,0.002889338341519792,0.0009390349609939324,0.004839641722045651,,,,0.0018780699219878647,,,,0.002889338341519792,0.0009390349609939324,0.0018780699219878647,0.009679283444091302,0.0038283733025137245,0.002889338341519792,0.0038283733025137245,,,0.04182317249349899,0.045723779254550706,0.040884137532505055,0.0067899451025715115,0.0009390349609939324,,0.0018780699219878647,0.08082924010401618,0.21330540306269863,0.04182317249349899,,,0.004839641722045651,0.1996532793990176,0.002889338341519792,,,,0.038933834151979194,,,0.0009390349609939324,,
,,0.002889338341519792,,0.0009390349609939324,0.002889338341519792,0.00874024848309737,,0.0067899451025715115,0.0038283733025137245,0.0009390349609939324,,,0.02622074544929211,0.016469228546662815,0.0009390349609939324,,0.0009390349609939324,0.007728980063565444,0.0067899451025715115,0.004839641722045651,,,0.0018780699219878647,0.012568621785611096,0.0038283733025137245,,,,,0.002889338341519792,0.13572666859289217,,,0.0038283733025137245,,0.0018780699219878647,,0.0038283733025137245,,0.01069055186362323,0.0009390349609939324,,,0.0038283733025137245,0.0009390349609939324,0.0018780699219878647,0.00874024848309737,0.013579890205143023,0.007728980063565444,0.0018780699219878647,,,0.040811904073967065,0.05150245593759029,0.05049118751805837,0.0038283733025137245,,,0.0018780699219878647,0.06609361456226524,0.19921987864778964,0.048540884137532506,0.0018780699219878647,0.0009390349609939324,0.0038283733025137245,0.17104882981797168,0.004839641722045651,,,,0.046590580757006644,,,0.0009390349609939324,,
,,0.009679283444091302,,0.0018780699219878647,0.0018780699219878647,0.0067899451025715115,0.002889338341519792,0.002889338341519792,0.0009390349609939324,0.0018780699219878647,0.002889338341519792,,0.03777809881537128,0.012568621785611096,0.002889338341519792,,0.0009390349609939324,0.004839641722045651,0.005778676683039584,0.0038283733025137245,,,,0.008668015024559377,0.005778676683039584,,,,,,0.10148800924588275,0.0018780699219878647,,0.0018780699219878647,,0.0018780699219878647,,0.0018780699219878647,0.0009390349609939324,,,,,0.0067899451025715115,,0.017408263507656747,0.007728980063565444,0.012568621785611096,0.0067899451025715115,0.027159780410286046,,0.0009390349609939324,0.02419820861022826,0.09209765963594337,0.04456804391794279,0.0038283733025137245,0.0018780699219878647,,0.0009390349609939324,0.06204854088413753,0.18043917942791102,0.08436867957237792,0.005778676683039584,0.0009390349609939324,0.0009390349609939324,0.15031782721756717,0.005778676683039584,,,,0.036839063854377345,,,0.0009390349609939324,,
,,0.004984108639121641,,0.0009390349609939324,0.0019503033805258595,0.004984108639121641,0.0009390349609939324,0.007945680439179427,0.004984108639121641,,,,0.023981508234614275,0.0029615718000577866,0.003972840219589714,,,0.005995377058653569,0.003972840219589714,0.003972840219589714,,,,0.003972840219589714,0.005995377058653569,,,,,,0.35928922276798625,,,0.0029615718000577866,,,,0.0009390349609939324,,,,,,0.0029615718000577866,0.0009390349609939324,0.007945680439179427,0.009968217278243282,0.006934412019647501,0.006934412019647501,0.013002022536839063,,,0.02694308003467206,0.050996821727824326,0.017986131175960703,0.0029615718000577866,0.003972840219589714,,0.0019503033805258595,0.050996821727824326,0.12005200809014735,0.07801213522103438,0.004984108639121641,0.0009390349609939324,0.0009390349609939324,0.13406529904651834,0.0009390349609939324,0.0029615718000577866,,,0.006934412019647501,,,0.0009390349609939324,,
,,0.0047674082635076566,,0.0009390349609939324,0.0057064432245015895,0.011485119907541173,,0.0057064432245015895,0.0018780699219878647,0.0009390349609939324,,,0.027809881537127996,0.012424154868535105,0.002817104882981797,0.002817104882981797,,0.002817104882981797,,0.0018780699219878647,0.0009390349609939324,,0.0018780699219878647,0.0018780699219878647,0.0009390349609939324,,,,,0.0018780699219878647,0.13883270731002606,,,0.007656746605027449,,,,,,0.0018780699219878647,,,,0.0018780699219878647,,0.007656746605027449,0.002817104882981797,0.01054608494654724,0.0018780699219878647,0.009607049985553309,0.0009390349609939324,,0.04319560820572089,0.04803524992776654,0.03163825483964172,,,,0.002817104882981797,0.06818838485986708,0.2151834729846865,0.07107772320138689,0.0009390349609939324,,0.0009390349609939324,0.21323316960416064,0.0018780699219878647,0.0009390349609939324,,,0.026870846576134064,0.0009390349609939324,,0.0009390349609939324,,
,,0.007512279687951459,,0.0009390349609939324,0.002817104882981797,0.008451314648945392,,0.0037561398439757295,0.0018780699219878647,,,,0.015963594336896852,0.015024559375902918,0.002817104882981797,,,0.0009390349609939324,,0.0009390349609939324,,,0.0009390349609939324,0.004695174804969662,0.0018780699219878647,,,,,,0.19401906963305404,,,0.004695174804969662,,0.0009390349609939324,,0.0009390349609939324,,0.0009390349609939324,0.0018780699219878647,,,0.002817104882981797,0.0009390349609939324,0.007512279687951459,0.005634209765963594,0.008451314648945392,0.0018780699219878647,0.0018780699219878647,,,0.03763363189829529,0.04803524992776654,0.03763363189829529,,,0.0009390349609939324,0.0037561398439757295,0.09231436001155735,0.18939612828662236,0.07252239237214678,0.0018780699219878647,,0.002817104882981797,0.1762496388327073,0.0037561398439757295,0.005634209765963594,,,0.024487142444380237,,0.0009390349609939324,0.0009390349609939324,,
,,0.009101415775787344,,0.0020225368390638545,,0.005056342097659636,,0.008090147356255418,0.007078878936723491,0.0010112684195319273,,,0.014157757873446981,0.007078878936723491,0.0010112684195319273,,0.0010112684195319273,0.006067610517191563,,,,0.0010112684195319273,0.0010112684195319273,,,,,,,,0.17336030049118756,,,0.0020225368390638545,,,,0.0020225368390638545,,0.004045073678127709,,0.0010112684195319273,,0.0020225368390638545,0.0010112684195319273,0.005056342097659636,0.0020225368390638545,0.006067610517191563,0.02029760184917654,0.0020225368390638545,,,0.04059520369835308,0.04059520369835308,0.04362900895694886,,,,,0.0862467494943658,0.21409997110661658,0.04868535105460849,,,,0.2029760184917654,0.0030338052585957816,0.0010112684195319273,,,0.03142155446402774,,,0.0010112684195319273,,0.0020225368390638545
,,0.008451314648945392,,0.003106038717133776,0.0010112684195319273,0.008451314648945392,0.0010112684195319273,0.003106038717133776,0.006284310892805548,0.0010112684195319273,,,0.00736781277087547,0.00736781277087547,0.003106038717133776,0.0010112684195319273,,0.00946258306847732,,,,0.002094770297601849,,0.003106038717133776,,,,,,,0.17603293845709322,,,0.0010112684195319273,,0.002094770297601849,,0.0010112684195319273,,0.011629586824617164,,,,0.002094770297601849,,0.002094770297601849,0.004189540595203698,0.008451314648945392,0.008451314648945392,0.006284310892805548,,,0.03488876047385149,0.028532216122507947,0.03915053452759318,,,,0.00527304247327362,0.08993065587980352,0.19893094481363768,0.05078012135221034,0.0010112684195319273,0.0010112684195319273,,0.22536839063854378,0.00736781277087547,0.002094770297601849,,,0.020080901473562555,,0.0010112684195319273,,,0.00527304247327362
,,0.005923143600115573,,0.0009390349609939324,,0.005923143600115573,,,0.007873446980641434,0.0009390349609939324,,,0.006862178561109506,0.009895983819705287,0.008884715400173361,,0.0029615718000577866,0.0009390349609939324,,,,0.003900606761051719,,0.006862178561109506,0.0009390349609939324,,,,,0.0019503033805258595,0.22406818838485998,,,0.0029615718000577866,0.0009390349609939324,,,,0.0009390349609939324,0.0029615718000577866,0.0029615718000577866,0.0009390349609939324,,0.003900606761051719,0.0029615718000577866,0.0009390349609939324,0.0029615718000577866,0.013796590580757006,0.0019503033805258595,0.0029615718000577866,,,0.02376480785900029,0.04059520369835308,0.03662236347876336,0.0009390349609939324,0.0009390349609939324,,0.008884715400173361,0.09505923143600116,0.19409130309159203,0.06139843975729558,,0.0009390349609939324,,0.18123374747182894,0.005923143600115573,0.0029615718000577866,,,0.012857555619763074,0.0009390349609939324,0.0009390349609939324,,0.0009390349609939324,0.0009390349609939324
,,0.01083501878069922,,,,0.01083501878069922,,,0.008884715400173361,0.003900606761051719,,,0.005923143600115573,0.005923143600115573,0.004911875180583647,0.0009390349609939324,0.0019503033805258595,,,0.0019503033805258595,,0.003900606761051719,,0.0029615718000577866,0.0009390349609939324,,,,,0.0019503033805258595,0.4405518636232303,,,0.0009390349609939324,0.0019503033805258595,,,0.0009390349609939324,0.0009390349609939324,0.005923143600115573,,0.0009390349609939324,,0.0009390349609939324,0.003900606761051719,0.0019503033805258595,0.0009390349609939324,0.012857555619763074,,0.004911875180583647,,,0.02275353943946836,0.04052297023981508,0.020731002600404506,,0.0009390349609939324,,0.009823750361167293,0.06428777809881538,0.10784455359722624,0.04153423865934701,,0.0009390349609939324,0.0009390349609939324,0.12265241259751516,0.005923143600115573,0.003900606761051719,,,0.006862178561109506,,0.0009390349609939324,,,0.005923143600115573
,,0.013724357122219012,,,,0.003900606761051719,0.0009390349609939324,0.004911875180583647,0.003900606761051719,0.003900606761051719,,,0.013724357122219012,0.005850910141577579,0.005850910141577579,,,0.002889338341519792,0.0019503033805258595,0.003900606761051719,,0.0019503033805258595,,0.004911875180583647,0.0019503033805258595,,,,,,0.391288644900318,,,0.0019503033805258595,0.0009390349609939324,0.0009390349609939324,,0.0019503033805258595,0.0019503033805258595,0.003900606761051719,,,,0.0019503033805258595,0.005850910141577579,0.002889338341519792,,0.005850910141577579,0.002889338341519792,0.006862178561109506,0.0019503033805258595,,0.027520947702976018,0.0708610228257729,0.015746893961282867,0.0009390349609939324,0.0009390349609939324,,0.002889338341519792,0.0846576134065299,0.10531638254839641,0.03835596648367524,0.0009390349609939324,0.0009390349609939324,0.0019503033805258595,0.11318982952903785,0.008812481941635366,0.0019503033805258595,,,0.01473562554175094,0.0019503033805258595,0.0009390349609939324,,,0.0019503033805258595
,,0.0029615718000577866,,0.0009390349609939324,,,,0.013796590580757006,0.003900606761051719,0.004911875180583647,,,0.018780699219878648,0.004911875180583647,0.006862178561109506,,,0.003900606761051719,,0.0009390349609939324,,,,0.006862178561109506,0.003900606761051719,,,,,,0.2812048540884138,,,0.0019503033805258595,0.0009390349609939324,,,0.0019503033805258595,0.0009390349609939324,0.003900606761051719,0.0019503033805258595,0.0009390349609939324,,0.0009390349609939324,,0.0009390349609939324,,0.004911875180583647,0.0029615718000577866,0.0029615718000577866,,,0.02665414620052008,0.030626986420109796,0.02665414620052008,,0.0009390349609939324,,0.0009390349609939324,0.08899162091880959,0.20384281999422132,0.03358855822016758,,,0.0009390349609939324,0.15335163247616296,0.0029615718000577866,0.0019503033805258595,,,0.04550707887893672,,0.0009390349609939324,,,0.0029615718000577866
,,0.0019503033805258595,,,,0.0029615718000577866,0.0009390349609939324,0.004911875180583647,0.003972840219589714,0.0029615718000577866,,,0.015891360878358855,0.0019503033805258595,,,,0.0009390349609939324,,0.0019503033805258595,,,,,0.003972840219589714,,,,,,0.23367523837041326,,,0.0009390349609939324,,0.0009390349609939324,,,0.0009390349609939324,0.003972840219589714,0.003972840219589714,,,0.0009390349609939324,,0.004911875180583647,0.0029615718000577866,0.008884715400173361,0.0029615718000577866,0.0029615718000577866,,,0.04073967061542907,0.043701242415486855,0.034744293556775496,0.0019503033805258595,,,0.005923143600115573,0.07851776943080034,0.20088124819416353,0.052658191274198206,0.0019503033805258595,,0.0009390349609939324,0.19091303091592027,0.006934412019647501,,,,0.017841664258884716,0.0019503033805258595,0.007945680439179427,,,0.0019503033805258595
0.0010112684195319273,,0.0010112684195319273,,,,0.004117307136665704,,0.006139843975729558,0.004117307136665704,0.0020225368390638545,0.0020225368390638545,,0.009245882692863335,0.0020225368390638545,,,,0.004117307136665704,,0.0020225368390638545,,,,0.009245882692863335,,,,,,,0.19539150534527605,,,0.0020225368390638545,,0.0030338052585957816,,0.0010112684195319273,0.0010112684195319273,0.0010112684195319273,0.0010112684195319273,0.0010112684195319273,0.0010112684195319273,0.0010112684195319273,,,,0.009245882692863335,0.0020225368390638545,0.004117307136665704,0.0010112684195319273,,0.0402340364056631,0.04225657324472696,0.027809881537127996,,,,0.0010112684195319273,0.08971395550418954,0.23107483386304536,0.07837330251372436,0.004117307136665704,,0.0010112684195319273,0.1732880670326495,0.0020225368390638545,,,,0.02990465183472985,0.0020225368390638545,0.004117307136665704,,,0.0020225368390638545
,,0.0009390349609939324,,0.0009390349609939324,,0.002889338341519792,,0.003900606761051719,0.0009390349609939324,0.0009390349609939324,,,0.03445535972262352,0.007873446980641434,0.002889338341519792,,,0.0019503033805258595,,0.0009390349609939324,,,,0.007873446980641434,0.002889338341519792,,,,,,0.21655590869690855,,,0.0009390349609939324,,,,,,0.0019503033805258595,0.0009390349609939324,0.0009390349609939324,,0.002889338341519792,,0.0019503033805258595,,0.01473562554175094,0.003900606761051719,0.01278532216122508,,0.0009390349609939324,0.02557064432245016,0.043267841664258885,0.03835596648367524,,,,0.002889338341519792,0.08270731002600404,0.18116151401329095,0.07187229124530482,0.0019503033805258595,,,0.19690840797457382,0.002889338341519792,,,,0.019647500722334586,0.0019503033805258595,0.0009390349609939324,,,0.0019503033805258595
0.0009390349609939324,,0.0038283733025137245,,0.002889338341519792,,0.005778676683039584,0.0009390349609939324,0.004839641722045651,0.004839641722045651,0.012568621785611096,,,0.011629586824617164,0.008668015024559377,0.009679283444091302,0.0009390349609939324,,0.0038283733025137245,,0.0038283733025137245,,,0.004839641722045651,0.007728980063565444,0.0018780699219878647,,,,,,0.18094481363767712,,,,,,,0.0009390349609939324,,0.005778676683039584,0.002889338341519792,0.0009390349609939324,0.0009390349609939324,0.0018780699219878647,,0.002889338341519792,,0.019358566888182605,,0.007728980063565444,,0.0018780699219878647,0.030049118751805836,0.05431956082057209,0.03488876047385149,,0.0009390349609939324,0.0009390349609939324,0.0018780699219878647,0.0707887893672349,0.17263796590580757,0.06883848598670904,0.0018780699219878647,0.0009390349609939324,0.005778676683039584,0.19690840797457382,0.004839641722045651,,,,0.030988153712799768,0.0038283733025137245,0.0009390349609939324,0.0018780699219878647,,0.0009390349609939324
0.0009390349609939324,,0.019069633054030626,,,,0.01097948569777521,,0.013002022536839063,0.007006645478185495,0.010040450736781278,,,0.024053741693152268,0.011990754117307137,0.003972840219589714,,0.0029615718000577866,0.003972840219589714,0.003972840219589714,0.003972840219589714,,,0.0009390349609939324,0.003972840219589714,0.0019503033805258595,,,,,0.0019503033805258595,0.09130309159202565,,,0.0029615718000577866,,,,0.0009390349609939324,0.0009390349609939324,0.005995377058653569,0.0009390349609939324,0.0029615718000577866,,,0.0029615718000577866,0.0029615718000577866,0.0029615718000577866,0.025065010112684194,0.010040450736781278,0.016035827795434845,,,0.016035827795434845,0.09939323894828084,0.04016180294712511,0.0019503033805258595,0.0009390349609939324,0.0009390349609939324,0.005995377058653569,0.07028315515746894,0.17473273620340943,0.08733025137243572,0.0019503033805258595,0.0009390349609939324,0.004984108639121641,0.16671482230569198,0.004984108639121641,,,,0.026076278532216123,0.0029615718000577866,0.0009390349609939324,0.0009390349609939324,,0.0009390349609939324
,,0.006067610517191563,,,,0.004045073678127709,,0.0010112684195319273,,0.008090147356255418,0.0010112684195319273,,0.007078878936723491,0.012135221034383126,,,,0.008090147356255418,,,,,0.0010112684195319273,0.009101415775787344,,,,,,0.0010112684195319273,0.43029471251083506,,,0.0010112684195319273,,,,,0.0010112684195319273,0.0010112684195319273,,0.0010112684195319273,,,,0.0030338052585957816,0.009101415775787344,0.015241259751516903,0.006067610517191563,0.0030338052585957816,,,0.02845998266396995,0.07728980063565444,0.01928633342964461,0.0010112684195319273,,,0.0020225368390638545,0.04673504767408263,0.07317249349898873,0.061976307425599536,0.0030338052585957816,0.0010112684195319273,0.0020225368390638545,0.1321872291245305,0.0030338052585957816,,,,0.017263796590580756,0.0010112684195319273,,,,0.0010112684195319273
,,,,,,0.004839641722045651,,0.011629586824617164,0.002889338341519792,0.002889338341519792,0.0009390349609939324,,0.0067899451025715115,0.004839641722045651,,,,,,,,,,0.007728980063565444,0.002889338341519792,,,,,,0.3563276509679283,,,0.0009390349609939324,,,,,,,,,,0.002889338341519792,0.0009390349609939324,0.0018780699219878647,0.005778676683039584,0.005778676683039584,0.004839641722045651,0.005778676683039584,,,0.028098815371279978,0.019358566888182605,0.02232013868824039,0.0009390349609939324,,,0.005778676683039584,0.07671193296735047,0.15436290089569488,0.05431956082057209,,,0.0018780699219878647,0.18448425310603872,0.002889338341519792,0.0018780699219878647,,,0.014518925166136955,,0.0009390349609939324,,,0.0009390349609939324
,,0.0019503033805258595,,,0.0009390349609939324,0.007873446980641434,,0.008884715400173361,0.0009390349609939324,0.004911875180583647,,,0.009895983819705287,0.016830395839352787,0.0019503033805258595,,0.0009390349609939324,0.0029615718000577866,,0.0009390349609939324,,,,0.003900606761051719,0.0029615718000577866,,,,,,0.25202253683906395,,,0.0009390349609939324,,,,0.0009390349609939324,,0.0029615718000577866,,,0.004911875180583647,0.0009390349609939324,,,0.003900606761051719,0.021742271019936435,0.004911875180583647,0.004911875180583647,,,0.034672060098237506,0.03864490031782722,0.04059520369835308,,,,0.01083501878069922,0.08025137243571222,0.14670615429066744,0.046590580757006644,0.0009390349609939324,,0.003900606761051719,0.18636232302802658,0.0009390349609939324,,,,0.03864490031782722,,0.0009390349609939324,,,0.005923143600115573
,,0.0009390349609939324,,0.002889338341519792,0.002889338341519792,0.003900606761051719,0.0019503033805258595,0.008812481941635366,0.002889338341519792,0.0019503033805258595,,,0.018708465761340654,0.005850910141577579,0.004911875180583647,,,0.0009390349609939324,0.004911875180583647,0.0009390349609939324,,,0.003900606761051719,,0.002889338341519792,,,,,0.003900606761051719,0.17827217567177112,,,,,,,0.0019503033805258595,0.0009390349609939324,0.004911875180583647,0.0009390349609939324,,,0.0019503033805258595,0.0009390349609939324,0.0019503033805258595,0.005850910141577579,0.018708465761340654,,0.004911875180583647,,,0.05410286044495811,0.050202253683906385,0.0403062698642011,,,,0.008812481941635366,0.08270731002600404,0.1988587113550997,0.04232880670326495,,,0.005850910141577579,0.1958971395550419,0.0019503033805258595,0.0019503033805258595,,,0.020658769141866512,0.0009390349609939324,,,,0.0009390349609939324
,,0.0019503033805258595,,,,0.0019503033805258595,0.0009390349609939324,0.003900606761051719,0.003900606761051719,0.006862178561109506,,,0.012713088702687085,0.006862178561109506,0.0009390349609939324,,,0.006862178561109506,,0.0019503033805258595,,,0.005850910141577579,0.006862178561109506,0.0009390349609939324,,,,,,0.2563565443513436,,,,,,,0.0009390349609939324,0.0009390349609939324,0.0019503033805258595,,0.0009390349609939324,,,,0.002889338341519792,0.004911875180583647,0.0166859289222768,0.0009390349609939324,0.006862178561109506,,,0.061904073967061546,0.0402340364056631,0.03929500144466917,0.0019503033805258595,,0.0009390349609939324,0.0009390349609939324,0.06775498410863912,0.14641722045651545,0.044206876625252814,0.003900606761051719,,0.0009390349609939324,0.21713377636521236,0.004911875180583647,0.002889338341519792,,,0.008812481941635366,,0.0009390349609939324,,,0.0009390349609939324
,,0.005995377058653569,,,,0.0029615718000577866,0.0009390349609939324,0.007006645478185495,,0.02318694019069633,0.0019503033805258595,,0.019141866512568623,0.005995377058653569,0.0029615718000577866,,0.0009390349609939324,0.003972840219589714,,0.003972840219589714,,,0.005995377058653569,0.005995377058653569,0.0019503033805258595,,,,,,0.08769141866512575,,0.0009390349609939324,,,0.0019503033805258595,,,,0.0029615718000577866,0.005995377058653569,,,0.0009390349609939324,0.0019503033805258595,0.003972840219589714,0.014085524414908986,0.022175671771164404,0.0029615718000577866,0.012062987575845131,,,0.04240104016180295,0.07266685928922277,0.05244149089858422,,,,0.0009390349609939324,0.08985842242126553,0.20998266396995088,0.05749783299624386,0.004984108639121641,0.0009390349609939324,0.0009390349609939324,0.19076856399884426,0.004984108639121641,,,,0.018130598093036694,0.0009390349609939324,0.0009390349609939324,,0.0009390349609939324,
,,0.0029615718000577866,,0.0009390349609939324,,0.007945680439179427,0.0009390349609939324,0.0019503033805258595,0.0019503033805258595,0.01292978907830107,,,0.027954348454203987,0.013941057497832997,0.0019503033805258595,,,0.0019503033805258595,,0.0009390349609939324,,,0.0019503033805258595,0.008956948858711355,0.0029615718000577866,,,,,,0.1404218433978619,,,,,,,0.0009390349609939324,,0.0029615718000577866,0.0029615718000577866,,,0.0019503033805258595,0.0009390349609939324,0.007945680439179427,0.016974862756428778,0.008956948858711355,0.007945680439179427,0.008956948858711355,,,0.03496099393238948,0.08689685062120775,0.024920543195608207,0.003972840219589714,0.005995377058653569,0.0019503033805258595,0.0009390349609939324,0.08790811904073967,0.15089569488587112,0.06891071944524704,0.0009390349609939324,0.0019503033805258595,0.003972840219589714,0.2029037850332274,0.007945680439179427,0.0009390349609939324,,,0.02094770297601849,0.0009390349609939324,0.0009390349609939324,,,
,,0.004189540595203698,,,,0.007295579312337474,0.0010112684195319273,0.003106038717133776,0.003106038717133776,0.006284310892805548,,,0.009390349609939324,0.008379081190407396,0.0010112684195319273,,,0.005200809014735626,0.0010112684195319273,0.0010112684195319273,,,0.006284310892805548,0.007295579312337474,,,,,,0.0010112684195319273,0.31551574689396134,,,,,,,0.0010112684195319273,,0.0010112684195319273,,,,,,0.003106038717133776,0.014663392083212944,0.014663392083212944,0.014663392083212944,0.011485119907541173,,,0.03459982663969951,0.08400751227968795,0.03041028604449581,0.002094770297601849,0.003106038717133776,0.002094770297601849,0.0010112684195319273,0.05251372435712222,0.14807859000288934,0.05561976307425599,0.005200809014735626,0.0010112684195319273,0.002094770297601849,0.11969084079745738,0.0010112684195319273,,,,0.015746893961282867,,,,,
,,0.0020225368390638545,,,0.0020225368390638545,0.011268419531927188,,0.006139843975729558,0.004045073678127709,,,,0.020514302224790525,0.006139843975729558,,,,0.004045073678127709,0.0010112684195319273,,,0.0010112684195319273,,0.005128575556197631,0.0020225368390638545,,,,,0.0010112684195319273,0.2242848887604738,,,0.0010112684195319273,0.0010112684195319273,,,,,0.006139843975729558,,,0.0010112684195319273,0.0030338052585957816,,0.0010112684195319273,0.006139843975729558,0.01639699508812482,0.008162380814793412,0.007151112395261485,,,0.037994799190985265,0.0431233747471829,0.03178272175671771,,,,0.0020225368390638545,0.09245882692863334,0.20239815082346144,0.05034672060098237,0.0010112684195319273,,,0.16844842531060386,0.0030338052585957816,,,,0.024631609361456225,,,,,0.0010112684195319273
,,0.0009390349609939324,,0.0009390349609939324,,0.01704709621496677,0.003972840219589714,0.013002022536839063,0.004984108639121641,0.0029615718000577866,0.0029615718000577866,,0.02109216989309448,0.008017913897717423,0.0029615718000577866,0.0009390349609939324,,0.0009390349609939324,,,,0.0009390349609939324,,0.0019503033805258595,0.0029615718000577866,,,,,,0.2315804680728114,,,,,,,,,0.0009390349609939324,0.0019503033805258595,0.0009390349609939324,0.0009390349609939324,0.0009390349609939324,0.0009390349609939324,0.0019503033805258595,0.004984108639121641,0.0180583646344987,0.00902918231724935,0.008017913897717423,,0.0009390349609939324,0.04117307136665704,0.055186362323028024,0.03308292401040162,,,,0.005995377058653569,0.07931233747471829,0.16570355388616007,0.02708754695174805,0.0019503033805258595,,,0.18780699219878647,0.007006645478185495,,,,0.025065010112684194,0.0009390349609939324,,0.0009390349609939324,,0.0009390349609939324
,,,,0.0009390349609939324,0.0009390349609939324,0.009895983819705287,,0.0029615718000577866,0.003900606761051719,0.0009390349609939324,0.0019503033805258595,,0.024703842819994222,0.003900606761051719,,,0.0019503033805258595,,,,,,,0.0009390349609939324,0.0009390349609939324,,,,,,0.24754406240970817,,,,0.0009390349609939324,,,0.0029615718000577866,,,0.0009390349609939324,,0.0009390349609939324,0.007873446980641434,0.0009390349609939324,0.003900606761051719,0.005923143600115573,0.011846287200231146,0.008884715400173361,0.0009390349609939324,,0.0009390349609939324,0.042545507078878934,0.05937590291823173,0.029687951459115864,,,,0.0029615718000577866,0.07721756717711643,0.17234903207165558,0.04752961571800058,,,0.0029615718000577866,0.1891794279110084,0.0019503033805258595,,,,0.025715111239526148,,,,,
,,0.006862178561109506,,0.002889338341519792,0.0009390349609939324,0.007873446980641434,,0.005850910141577579,0.0019503033805258595,,0.003900606761051719,,0.013796590580757006,0.009823750361167293,0.008812481941635366,,0.0019503033805258595,0.0009390349609939324,,0.0009390349609939324,0.0009390349609939324,,,0.0009390349609939324,0.002889338341519792,,,,,0.0019503033805258595,0.23186940190696337,,,,,,,,0.0019503033805258595,0.002889338341519792,0.0009390349609939324,0.0009390349609939324,,0.007873446980641434,0.0019503033805258595,0.002889338341519792,0.01278532216122508,0.008812481941635366,0.007873446980641434,0.0019503033805258595,,0.0009390349609939324,0.04926321872291245,0.040378503322739095,0.029543484542039873,,,,0.0019503033805258595,0.07389482808436867,0.16454781854955217,0.059086969084079746,0.0009390349609939324,,0.002889338341519792,0.18036694596937303,0.007873446980641434,0.0009390349609939324,,,0.029543484542039873,0.0009390349609939324,0.0009390349609939324,,,
0.0009390349609939324,,0.004984108639121641,,0.003972840219589714,0.0019503033805258595,0.007006645478185495,0.0009390349609939324,0.003972840219589714,0.0029615718000577866,0.0009390349609939324,0.0019503033805258595,,0.023042473273620342,0.005995377058653569,0.0029615718000577866,,0.0009390349609939324,0.004984108639121641,,0.0009390349609939324,0.0009390349609939324,0.0009390349609939324,,0.004984108639121641,0.0019503033805258595,,,,,,0.11203409419242993,,,0.0019503033805258595,0.0009390349609939324,,,,0.0009390349609939324,0.007006645478185495,,,,0.007006645478185495,,0.0019503033805258595,0.003972840219589714,0.01401329095637099,0.00902918231724935,0.005995377058653569,,0.0009390349609939324,0.050202253683906385,0.05121352210343831,0.03813926610806125,,,,0.00902918231724935,0.08639121641144178,0.21893961282866223,0.08436867957237792,0.0029615718000577866,,0.0029615718000577866,0.17075989598381972,0.01097948569777521,0.007006645478185495,,,0.02109216989309448,0.0009390349609939324,0.0019503033805258595,,,
,,0.0009390349609939324,,0.007006645478185495,0.0009390349609939324,0.004984108639121641,,0.0019503033805258595,0.005995377058653569,0.0019503033805258595,,,0.008017913897717423,0.013074255995377058,0.0029615718000577866,,,,,0.0009390349609939324,0.0009390349609939324,,,0.004984108639121641,,,,,,0.0009390349609939324,0.1716989309448136,,,0.0009390349609939324,0.003972840219589714,,,,0.0009390349609939324,0.003972840219589714,0.0009390349609939324,,,0.003972840219589714,,,0.005995377058653569,0.03221612250794568,0.010040450736781278,0.007006645478185495,,,0.027159780410286046,0.07353366079167871,0.04225657324472696,,,,0.011051719156313203,0.05944813637676972,0.19849754406240971,0.10076567466050275,0.0009390349609939324,0.0009390349609939324,0.0019503033805258595,0.15212366368101704,0.005995377058653569,0.004984108639121641,,,0.018130598093036694,0.0009390349609939324,0.003972840219589714,,,
,,0.0029615718000577866,,0.009968217278243282,,0.0019503033805258595,,,0.0029615718000577866,0.005995377058653569,0.0009390349609939324,,0.005995377058653569,0.004984108639121641,0.0009390349609939324,,0.0029615718000577866,0.003972840219589714,0.0019503033805258595,,,,,0.0029615718000577866,,,,,,,0.43708465761340665,,,,0.0019503033805258595,,,,0.0029615718000577866,0.004984108639121641,,,,,0.0009390349609939324,0.003972840219589714,0.01401329095637099,0.013002022536839063,0.004984108639121641,0.003972840219589714,,,0.031060387171337765,0.048107483386304536,0.03503322739092748,,,,0.0019503033805258595,0.03907830106905519,0.10524414908985842,0.057136665703553885,0.0009390349609939324,0.0009390349609939324,0.0029615718000577866,0.12828662236347876,0.0019503033805258595,0.004984108639121641,,,0.004984108639121641,,0.0009390349609939324,,,
,,0.003900606761051719,,0.003900606761051719,0.0019503033805258595,0.005923143600115573,0.0019503033805258595,0.0019503033805258595,0.004911875180583647,0.006862178561109506,0.0009390349609939324,,0.024703842819994222,0.006862178561109506,0.0019503033805258595,0.0009390349609939324,,,,,,0.0009390349609939324,,0.007873446980641434,0.0019503033805258595,,,,,,0.24747182895117026,,,,,,,,0.0009390349609939324,0.0029615718000577866,0.0009390349609939324,,,,,0.0009390349609939324,0.01971973418087258,0.006862178561109506,0.007873446980641434,0.005923143600115573,,0.0009390349609939324,0.03163825483964172,0.04550707887893672,0.04846865067899451,0.0009390349609939324,,,0.0029615718000577866,0.08111817393816816,0.16620918809592602,0.04644611383993066,,,0.0029615718000577866,0.17314360011557353,0.003900606761051719,0.01581912741982086,,,0.005923143600115573,0.0019503033805258595,0.0009390349609939324,,,
,,0.0009390349609939324,,0.0029615718000577866,0.003972840219589714,0.007006645478185495,,0.007006645478185495,0.0009390349609939324,0.0009390349609939324,0.0009390349609939324,,0.012062987575845131,0.008017913897717423,0.0009390349609939324,,,0.0009390349609939324,,,0.0009390349609939324,,0.0009390349609939324,0.005995377058653569,,,,,,,0.23223056919965335,,,,,0.0019503033805258595,,,,,,,,0.0029615718000577866,0.0019503033805258595,,0.030193585668881827,0.00902918231724935,0.00902918231724935,0.004984108639121641,0.0009390349609939324,0.0009390349609939324,0.04832418376191852,0.06645478185495522,0.03828373302513725,,,,0.0019503033805258595,0.08559664836752384,0.153134932100549,0.07252239237214678,0.004984108639121641,,0.003972840219589714,0.15616873735914474,0.003972840219589714,0.007006645478185495,,,0.007006645478185495,0.0009390349609939324,0.0009390349609939324,,,
,,0.002817104882981797,,0.004695174804969662,,0.0057064432245015895,,0.002817104882981797,0.002817104882981797,0.0018780699219878647,0.0018780699219878647,,0.011412886449003179,0.0037561398439757295,0.0037561398439757295,,,0.0018780699219878647,,,,,,0.004695174804969662,0.0009390349609939324,,,,,0.002817104882981797,0.19452470384281995,,,0.0037561398439757295,,,,,,,,,,0.0018780699219878647,,0.0009390349609939324,0.02376480785900029,0.00946258306847732,0.00946258306847732,0.0037561398439757295,,0.0009390349609939324,0.051430222479052295,0.07902340364056631,0.03142155446402774,,,,0.0037561398439757295,0.07808436867957237,0.18954059520369834,0.06284310892805547,0.0037561398439757295,,0.002817104882981797,0.1818838485986709,0.0037561398439757295,0.004695174804969662,,,0.0066454781854955215,,,,,
,,0.002817104882981797,,0.0047674082635076566,0.0009390349609939324,0.0066454781854955215,,0.0047674082635076566,0.002817104882981797,0.002817104882981797,0.0009390349609939324,,0.009534816527015313,0.012424154868535105,0.0057064432245015895,,,0.0038283733025137245,,0.0009390349609939324,0.0009390349609939324,,,0.0009390349609939324,0.0018780699219878647,,,,,0.0018780699219878647,0.2952903785033226,,,,,,,0.0009390349609939324,,0.002817104882981797,,0.0009390349609939324,,0.0018780699219878647,,0.0018780699219878647,0.019141866512568623,0.015313493210054898,0.0018780699219878647,0.002817104882981797,,0.0009390349609939324,0.04594047963016469,0.052658191274198206,0.03250505634209766,,,,0.0018780699219878647,0.07851776943080034,0.12258017913897717,0.0402340364056631,0.0009390349609939324,,0.0047674082635076566,0.19062409708176828,0.002817104882981797,,,,0.015313493210054898,0.0018780699219878647,0.0009390349609939324,,,
,,0.0038283733025137245,,0.005778676683039584,0.0009390349609939324,0.0047674082635076566,,0.01444669170759896,0.0038283733025137245,0.005778676683039584,0.0009390349609939324,,0.015385726668592892,0.002889338341519792,,,,0.005778676683039584,,0.0009390349609939324,0.0009390349609939324,,,0.0038283733025137245,,,,,,0.005778676683039584,0.08501878069921986,,,0.0009390349609939324,,,,,0.0009390349609939324,0.0038283733025137245,,,0.0009390349609939324,0.0009390349609939324,,0.0018780699219878647,0.006717711644033516,0.023114706732158336,,0.005778676683039584,,0.0009390349609939324,0.06269864201097948,0.10517191563132043,0.04146200520080901,,,,0.0018780699219878647,0.10040450736781277,0.1641144177983242,0.09845420398728691,0.0018780699219878647,0.0009390349609939324,0.002889338341519792,0.19206876625252817,,,,,0.01928633342964461,0.0009390349609939324,0.0009390349609939324,,,
,,0.0066454781854955215,,0.008523548107483386,,0.010401618029471251,0.002817104882981797,0.008523548107483386,0.0009390349609939324,0.011340652990465184,,,0.015169026292978907,0.004695174804969662,,,,,0.0009390349609939324,0.0009390349609939324,,,,0.002817104882981797,0.0037561398439757295,,,,,0.010401618029471251,0.11058942502167002,,,0.005634209765963594,,,,,,,0.0009390349609939324,,,,,0.0009390349609939324,0.0009390349609939324,0.040811904073967065,0.0018780699219878647,0.008523548107483386,,0.0009390349609939324,0.04276220745449292,0.12164114417798325,0.03322739092747761,0.002817104882981797,0.0018780699219878647,,0.0037561398439757295,0.06934412019647501,0.1597081768275065,0.09975440624097082,,0.0009390349609939324,0.005634209765963594,0.1777665414620052,,0.0037561398439757295,,,0.00946258306847732,0.005634209765963594,0.002817104882981797,,,
,,0.004550707887893672,,0.00180583646344987,0.0027448714244438024,0.0027448714244438024,0.003683906385437735,0.004550707887893672,0.005489742848887605,,0.0008668015024559376,,0.00917364923432534,0.005489742848887605,0.0008668015024559376,,,0.004550707887893672,0.0008668015024559376,,,,,0.0027448714244438024,0.005489742848887605,,,,,0.00180583646344987,0.39114417798324186,,,0.005489742848887605,,0.0008668015024559376,,,0.0008668015024559376,0.0027448714244438024,0.0008668015024559376,,,0.00180583646344987,,0.0008668015024559376,0.004550707887893672,0.01567466050274487,,0.0027448714244438024,,0.00180583646344987,0.02484830973707021,0.10047674082635076,0.021164403351632475,0.003683906385437735,,,0.00180583646344987,0.04882981797168449,0.0931089280554753,0.0737503611672927,0.00180583646344987,0.0008668015024559376,0.0027448714244438024,0.11896850621207744,,0.00180583646344987,,,0.012857555619763074,0.0027448714244438024,0.003683906385437735,,,
,,0.004622941346431667,,0.003683906385437735,0.00180583646344987,0.003683906385437735,,0.0008668015024559376,0.0027448714244438024,,0.0027448714244438024,,0.012135221034383126,0.009318116151401329,0.0008668015024559376,,,0.0027448714244438024,0.00180583646344987,,,,,0.007440046229413464,,,,,,0.0008668015024559376,0.2637243571222191,,,0.003683906385437735,,,,,0.0008668015024559376,,,,,,,,0.0065010112684195315,0.016830395839352787,0.0027448714244438024,0.0055619763074255995,,0.0008668015024559376,0.04016180294712511,0.05236925744004623,0.032721756717711645,,,,0.0055619763074255995,0.06638254839641722,0.16555908696908408,0.08227390927477608,0.00180583646344987,0.0008668015024559376,0.004622941346431667,0.17299913319849755,,0.0008668015024559376,,,0.016830395839352787,0.0008668015024559376,,,,
,,0.00180583646344987,,0.0027448714244438024,0.0008668015024559376,0.003683906385437735,,0.0008668015024559376,0.003683906385437735,0.0008668015024559376,0.0008668015024559376,,0.012135221034383126,0.007440046229413464,0.003683906385437735,,,0.0008668015024559376,,0.0008668015024559376,,,0.0008668015024559376,0.0027448714244438024,0.00180583646344987,,0.0008668015024559376,,,,0.31472117885004336,,,0.00180583646344987,,,,,0.0008668015024559376,0.0008668015024559376,0.0008668015024559376,,,0.0008668015024559376,,,0.00180583646344987,0.012135221034383126,0.00180583646344987,0.00180583646344987,,0.0008668015024559376,0.04110083790811904,0.06168737359144756,0.032721756717711645,,,,0.0027448714244438024,0.08321294423577001,0.17863334296446115,0.04485697775209477,,,0.0027448714244438024,0.16086391216411441,,0.0008668015024559376,,,0.004622941346431667,,0.0008668015024559376,,,
,,0.0027448714244438024,,0.004622941346431667,,0.008379081190407396,,0.00180583646344987,0.0055619763074255995,0.0008668015024559376,0.0027448714244438024,,0.010257151112395262,0.004622941346431667,0.0008668015024559376,,,,,,,,,,,,,,,,0.34238659347009537,,,0.0008668015024559376,0.0008668015024559376,,,,0.0008668015024559376,,0.003683906385437735,,,,,,0.0027448714244438024,0.007440046229413464,,0.00180583646344987,,,0.04666281421554464,0.06342097659635944,0.02513724357122219,,,,0.0008668015024559376,0.06067610517191563,0.1568188384859867,0.0569199653279399,0.0008668015024559376,,0.003683906385437735,0.1651979196763941,0.0008668015024559376,,,,0.014880092458826929,0.0008668015024559376,,,,
,,,,0.0055619763074255995,,0.011123952614851199,,0.0027448714244438024,0.016758162380814793,0.0008668015024559376,0.00180583646344987,,0.008379081190407396,0.008379081190407396,0.0008668015024559376,,,0.004622941346431667,,,,,0.0008668015024559376,0.0008668015024559376,0.00180583646344987,,,,,,0.26950303380525864,,,0.00180583646344987,,,,,0.0027448714244438024,,0.003683906385437735,0.0008668015024559376,,0.00180583646344987,,0.004622941346431667,0.0008668015024559376,0.010257151112395262,0.0065010112684195315,0.004622941346431667,,,0.045651545796012716,0.05778676683039584,0.03445535972262352,,,,0.00180583646344987,0.08017913897717423,0.14829529037850334,0.058725801791389774,0.0008668015024559376,,0.0027448714244438024,0.16136954637388037,0.00180583646344987,,,,0.033516324761629586,,0.0008668015024559376,,,
,,0.005489742848887605,,0.004550707887893672,,0.008234614273331407,0.0008668015024559376,0.0027448714244438024,0.0027448714244438024,0.003683906385437735,0.003683906385437735,0.0008668015024559376,0.033155157468939614,0.008234614273331407,,,,0.0008668015024559376,,,,,,0.003683906385437735,0.00180583646344987,,,,,,0.15161802947125114,,,0.003683906385437735,,,,,0.003683906385437735,,0.005489742848887605,,,0.005489742848887605,,0.0008668015024559376,0.00736781277087547,0.011051719156313203,0.00180583646344987,0.005489742848887605,,,0.04052297023981508,0.09397572955793124,0.033155157468939614,0.00736781277087547,,,0.00180583646344987,0.07461716266974863,0.17047096214966773,0.0792401040161803,0.0008668015024559376,0.0008668015024559376,0.0027448714244438024,0.17964461138399307,0.00180583646344987,0.004550707887893672,,,0.021164403351632475,,0.00917364923432534,,,0.0008668015024559376
,0.0018780699219878647,,,0.005778676683039584,0.0018780699219878647,0.0009390349609939324,,0.004839641722045651,0.013579890205143023,0.0067899451025715115,0.0067899451025715115,,0.030049118751805836,0.0038283733025137245,0.004839641722045651,,,,0.0018780699219878647,0.0009390349609939324,,,,0.013579890205143023,0.0018780699219878647,,,,,,0.08299624386015592,,0.0009390349609939324,0.0018780699219878647,0.0009390349609939324,0.002889338341519792,,0.0018780699219878647,0.005778676683039584,0.0018780699219878647,0.002889338341519792,,0.0018780699219878647,0.0038283733025137245,,0.0038283733025137245,0.016469228546662815,0.014518925166136955,0.009679283444091302,0.012568621785611096,,,0.030988153712799768,0.08631898295290379,0.05525859578156602,0.0009390349609939324,,,0.0038283733025137245,0.08436867957237792,0.16006934412019647,0.0931089280554753,,0.0009390349609939324,0.002889338341519792,0.1706876625252817,0.0009390349609939324,0.009679283444091302,,,0.023259173649234327,0.0018780699219878647,0.007728980063565444,,0.0018780699219878647,0.0009390349609939324
,,,,0.009751516902629298,,0.004839641722045651,0.0019503033805258595,0.003900606761051719,0.0067899451025715115,0.005850910141577579,0.0019503033805258595,,0.011701820283155157,0.0067899451025715115,,,0.0009390349609939324,,0.005850910141577579,,,,,0.003900606761051719,0.0009390349609939324,,,,,0.0009390349609939324,0.32808436867957247,,,0.0009390349609939324,,,,,,0.0009390349609939324,0.0019503033805258595,0.003900606761051719,,0.002889338341519792,,0.0009390349609939324,0.023403640566310314,0.013652123663681017,0.005850910141577579,0.01264085524414909,,0.0009390349609939324,0.028315515746893963,0.06833285177694308,0.03026581912741982,,,,0.003900606761051719,0.05858133487431378,0.1289367234903207,0.054680728113262064,0.0067899451025715115,0.0009390349609939324,0.002889338341519792,0.1347876336318983,0.0009390349609939324,0.003900606761051719,,,0.009751516902629298,0.0009390349609939324,0.002889338341519792,,,0.0009390349609939324
,,0.0018780699219878647,,0.006573244726957527,,0.002817104882981797,,0.008451314648945392,0.007512279687951459,,0.0018780699219878647,,0.025353943946836176,0.005634209765963594,0.0018780699219878647,,0.0009390349609939324,,,,,,,0.005634209765963594,,,,,,,0.24848309737070218,,0.0009390349609939324,0.0009390349609939324,,,,0.0009390349609939324,0.002817104882981797,,0.0018780699219878647,0.0009390349609939324,,0.0018780699219878647,,0.0018780699219878647,0.004695174804969662,0.009390349609939324,0.0037561398439757295,,,,0.04225657324472696,0.04225657324472696,0.03568332851776943,0.0009390349609939324,,,0.005634209765963594,0.07136665703553886,0.1973418087258018,0.052585957815660216,0.0018780699219878647,,0.002817104882981797,0.18795145911586247,0.0018780699219878647,0.0009390349609939324,,,0.007512279687951459,,0.0009390349609939324,,,0.0009390349609939324
,,0.006356544351343542,,0.004478474429355677,0.0008668015024559376,0.022681305980930367,,0.0008668015024559376,0.0026726379659058074,,0.00180583646344987,,0.019069633054030626,0.00902918231724935,0.0008668015024559376,,0.00180583646344987,0.0008668015024559376,0.0026726379659058074,0.0008668015024559376,,,,0.00180583646344987,0.0008668015024559376,,,,,,0.22161225079456814,,,0.00180583646344987,,0.00180583646344987,,0.0008668015024559376,0.0026726379659058074,,,,0.0008668015024559376,,0.0008668015024559376,0.00180583646344987,0.004478474429355677,0.008162380814793412,0.0008668015024559376,0.00361167292689974,,,0.04630164692285467,0.07815660213811038,0.03813926610806125,0.0008668015024559376,,,0.006356544351343542,0.08812481941635365,0.17718867379370123,0.06450447847442936,,,0.00180583646344987,0.1499566599248772,0.0026726379659058074,0.0008668015024559376,,,0.012713088702687085,0.00180583646344987,0.0008668015024559376,,,0.0026726379659058074
,,0.0027448714244438024,,0.003683906385437735,,0.003683906385437735,0.003683906385437735,0.0027448714244438024,0.0027448714244438024,0.003683906385437735,0.00180583646344987,,0.02333140710777232,0.010257151112395262,0.00180583646344987,,,0.0008668015024559376,0.00180583646344987,,,,,0.0008668015024559376,0.003683906385437735,,,0.0008668015024559376,,,0.24190985264374465,,,0.004622941346431667,,,,0.00180583646344987,0.0008668015024559376,,0.0008668015024559376,,,0.0027448714244438024,,0.0008668015024559376,,0.0065010112684195315,,0.0055619763074255995,,,0.048540884137532506,0.07281132620629875,0.03264952325917365,,,,0.0027448714244438024,0.07743426755273042,0.1763941057497833,0.04666281421554464,0.0008668015024559376,,0.00180583646344987,0.18296735047674081,0.003683906385437735,0.0027448714244438024,,,0.012135221034383126,0.0008668015024559376,,,,0.003683906385437735
,,0.003683906385437735,,0.004622941346431667,,0.008379081190407396,,0.004622941346431667,0.0065010112684195315,0.0027448714244438024,0.00180583646344987,,0.026004045073678126,0.008379081190407396,0.00180583646344987,,,,0.0055619763074255995,,0.0008668015024559376,,,0.00180583646344987,,,,,,,0.13558220167581625,,,0.019503033805258595,,,,0.0027448714244438024,,0.003683906385437735,0.0027448714244438024,,,0.0027448714244438024,0.00180583646344987,,,0.004622941346431667,,,,,0.04557931233747472,0.06609361456226524,0.04464027737648078,,,,0.011123952614851199,0.09216989309448137,0.18990176249638832,0.05677549841086391,0.00180583646344987,,0.003683906385437735,0.2112828662236348,0.00180583646344987,0.0027448714244438024,,,0.019503033805258595,0.0008668015024559376,,,,0.00180583646344987
,,0.003683906385437735,,0.0027448714244438024,,0.003683906385437735,0.0008668015024559376,0.00736781277087547,0.008306847731869403,0.0055619763074255995,0.0008668015024559376,,0.024125975151690262,0.008306847731869403,0.004622941346431667,,,0.004622941346431667,,,,,,0.003683906385437735,0.0008668015024559376,,,,,0.00180583646344987,0.127419820861023,,,0.0065010112684195315,0.0008668015024559376,,,0.0008668015024559376,0.003683906385437735,0.0008668015024559376,0.0008668015024559376,,,0.0008668015024559376,0.0008668015024559376,0.00180583646344987,,0.012062987575845131,,0.003683906385437735,,,0.05013002022536839,0.040884137532505055,0.025065010112684194,0.0008668015024559376,,0.0008668015024559376,0.010184917653857267,0.07707310026004045,0.2193007801213522,0.09570933256284311,0.0055619763074255995,0.0008668015024559376,0.00180583646344987,0.2109216989309448,,0.0027448714244438024,,,0.014807859000288933,0.0008668015024559376,,,,0.0008668015024559376
,,0.0008668015024559376,,0.0027448714244438024,,0.00180583646344987,,0.01278532216122508,,0.0008668015024559376,,,0.03936723490320716,0.00361167292689974,,,,0.0027448714244438024,,,,,,0.005489742848887605,,,,,,0.004550707887893672,0.14858422421265527,,,0.01097948569777521,,,,,0.004550707887893672,0.006356544351343542,,,,0.0027448714244438024,,0.0027448714244438024,,0.010040450736781278,0.00361167292689974,0.0027448714244438024,,,0.031999422132331694,0.06862178561109505,0.038428199942213234,0.00180583646344987,,,0.015530193585668883,0.05858133487431378,0.20232591736492342,0.1181017047096215,0.006356544351343542,0.0008668015024559376,0.0008668015024559376,0.1555908696908408,0.0008668015024559376,0.00180583646344987,,,0.028315515746893963,,,,,0.0027448714244438024
,0.0008668015024559376,,,,,0.00361167292689974,,0.00361167292689974,0.00541750939034961,,0.00180583646344987,,0.022681305980930367,0.006356544351343542,0.0008668015024559376,,,0.00722334585379948,,,,,0.0008668015024559376,0.004478474429355677,0.0026726379659058074,,,,,0.00180583646344987,0.38926610806125395,0.0008668015024559376,,0.011774053741693153,,,,,0.0026726379659058074,,0.00180583646344987,0.0008668015024559376,,,,,,0.009968217278243282,0.008162380814793412,0.00541750939034961,0.0008668015024559376,,0.036333429644611386,0.07548396417220457,0.016324761629586824,,,,0.014518925166136955,0.03452759318116151,0.12185784455359723,0.06818838485986708,0.004478474429355677,0.0008668015024559376,0.0026726379659058074,0.10365501300202254,0.0008668015024559376,0.0008668015024559376,,,0.02181450447847443,,,,,0.00361167292689974
,,0.0008668015024559376,,,0.0008668015024559376,0.0017336030049118752,0.0026726379659058074,0.004406240970817683,0.0035394394683617453,,0.0017336030049118752,,0.013363189829529038,0.008884715400173361,0.0008668015024559376,,,0.0026726379659058074,,0.0008668015024559376,,,,0.009823750361167293,0.0035394394683617453,,,,,0.0017336030049118752,0.2245015891360881,0.0008668015024559376,,0.008017913897717423,0.0008668015024559376,,,,0.004406240970817683,0.005345275931811615,0.0008668015024559376,,,,,0.0008668015024559376,,0.009823750361167293,0.0008668015024559376,0.0026726379659058074,,,0.04290667437156891,0.07237792545507078,0.02585957815660214,,0.0017336030049118752,,0.005345275931811615,0.060748338630453626,0.20203698353077146,0.06342097659635944,0.0035394394683617453,,0.004406240970817683,0.1832562843108928,0.0017336030049118752,0.0026726379659058074,,,0.01069055186362323,0.0008668015024559376,0.0008668015024559376,,,0.0008668015024559376
,,0.006356544351343542,,,,0.0026726379659058074,,0.0008668015024559376,0.00180583646344987,0.0026726379659058074,0.0008668015024559376,,0.011774053741693153,0.010907252239237214,0.00361167292689974,,0.0026726379659058074,0.008162380814793412,,,,,0.00180583646344987,0.0008668015024559376,0.00180583646344987,,,,,0.0008668015024559376,0.2881392661080612,,,0.00361167292689974,,,,0.0008668015024559376,0.00361167292689974,,0.00180583646344987,,,,,0.00180583646344987,0.006356544351343542,0.006356544351343542,0.00361167292689974,0.00180583646344987,,0.0008668015024559376,0.04543484542039873,0.06999422132331697,0.030915920254261774,0.0008668015024559376,0.00541750939034961,,0.008162380814793412,0.05453626119618607,0.17097659635943369,0.04362900895694886,0.0026726379659058074,,0.00180583646344987,0.17552730424732738,0.0008668015024559376,0.00361167292689974,,,0.00902918231724935,,,,,
,,0.0009390349609939324,,,,0.005634209765963594,,0.0009390349609939324,0.005634209765963594,0.004695174804969662,,,0.024414908985842244,0.006573244726957527,0.0009390349609939324,,,0.005634209765963594,,,,,,,0.0009390349609939324,,,,,0.0009390349609939324,0.24284888760473855,,,0.006573244726957527,,,,0.0009390349609939324,0.002817104882981797,0.004695174804969662,0.0009390349609939324,0.0018780699219878647,,,,0.0009390349609939324,0.0009390349609939324,0.005634209765963594,0.0009390349609939324,0.002817104882981797,,,0.044134643166714824,0.05822016758162381,0.018780699219878648,,,,0.012207454492921122,0.07324472695752672,0.19921987864778964,0.061976307425599536,0.0018780699219878647,,,0.19358566888182607,0.0018780699219878647,0.002817104882981797,,,0.0018780699219878647,,,,,0.0009390349609939324
,,0.006284310892805548,,,,0.00361167292689974,,0.00361167292689974,0.0008668015024559376,0.00541750939034961,0.00180583646344987,,0.023475874024848308,0.008090147356255418,0.00180583646344987,,,,,,,,,0.00180583646344987,0.004478474429355677,,,,,,0.22666859289222774,,,0.004478474429355677,,,,0.0008668015024559376,0.0026726379659058074,0.01625252817104883,0.0008668015024559376,0.0008668015024559376,,0.00361167292689974,,0.0026726379659058074,,0.00541750939034961,,0.004478474429355677,,,0.057859000288933836,0.06060387171337764,0.0388616006934412,0.00180583646344987,,,0.01083501878069922,0.058798035249927764,0.18267841664258885,0.050635654435134354,0.0008668015024559376,0.0008668015024559376,,0.1845564865645767,0.0008668015024559376,0.0008668015024559376,,,0.0180583646344987,,0.0008668015024559376,,,0.0008668015024559376
,,0.003683906385437735,,0.0008668015024559376,,0.008379081190407396,,0.0027448714244438024,0.003683906385437735,0.003683906385437735,0.0008668015024559376,,0.018636232302802657,0.009318116151401329,,,,0.00180583646344987,,,,,,0.004622941346431667,0.0027448714244438024,,,,,,0.13507656746605035,,,0.008379081190407396,,,,0.0008668015024559376,0.00180583646344987,0.010257151112395262,0.0008668015024559376,0.00180583646344987,,0.00180583646344987,,,,0.009318116151401329,0.00180583646344987,0.009318116151401329,,,0.04846865067899451,0.06060387171337764,0.03171048829817972,0.0008668015024559376,,,0.01581912741982086,0.10069344120196475,0.19770297601849177,0.0596648367523837,0.00180583646344987,0.0008668015024559376,,0.20514302224790523,0.00180583646344987,0.009318116151401329,,,0.013002022536839063,0.009318116151401329,0.0008668015024559376,,,
,,0.0009390349609939324,,,,0.008595781566021381,,0.0038283733025137245,0.0009390349609939324,0.009607049985553309,0.0009390349609939324,,0.014374458249060964,0.0057064432245015895,0.0047674082635076566,,,0.0047674082635076566,,,,,,0.0038283733025137245,0.006717711644033516,,,,,,0.16823172493498995,,,0.0018780699219878647,,,,0.0047674082635076566,0.0018780699219878647,0.022031204854088413,,0.0018780699219878647,,0.0018780699219878647,,0.0009390349609939324,,0.012424154868535105,0.006717711644033516,0.006717711644033516,,,0.03163825483964172,0.0777954348454204,0.023981508234614275,,,,0.025931811615140132,0.0902918231724935,0.1566021381103727,0.07396706154290668,0.0018780699219878647,0.0009390349609939324,0.0018780699219878647,0.19112973129153424,0.0018780699219878647,0.0038283733025137245,,,0.02109216989309448,0.0009390349609939324,0.0009390349609939324,,,0.0009390349609939324
,,0.0029615718000577866,,,,0.004911875180583647,,0.003900606761051719,0.0019503033805258595,0.0019503033805258595,,,0.020803236058942503,0.0029615718000577866,0.0019503033805258595,,0.0009390349609939324,0.0009390349609939324,,,,,0.0019503033805258595,0.004911875180583647,0.004911875180583647,,,,,0.0019503033805258595,0.4114417798324185,,,0.004911875180583647,,,,,,,0.0029615718000577866,0.0009390349609939324,,0.0009390349609939324,,0.003900606761051719,,0.006934412019647501,0.007873446980641434,0.0029615718000577866,,,0.02874891649812193,0.0653712799768853,0.016830395839352787,0.0009390349609939324,,,0.01581912741982086,0.05251372435712222,0.09216989309448137,0.07035538861600693,,0.0009390349609939324,,0.13681017047096214,0.0029615718000577866,0.005923143600115573,,,0.007873446980641434,,0.0009390349609939324,,,0.0019503033805258595
,,0.003972840219589714,,,,0.008017913897717423,0.0009390349609939324,0.003972840219589714,0.003972840219589714,,0.0009390349609939324,,0.0180583646344987,0.005995377058653569,0.0009390349609939324,,,0.0009390349609939324,,,,,,0.004984108639121641,0.0009390349609939324,,,,,0.0019503033805258595,0.27174227101993653,,,0.005995377058653569,,,,,,,,0.0009390349609939324,,0.0009390349609939324,,,0.0009390349609939324,0.0019503033805258595,,0.0019503033805258595,,,0.043267841664258885,0.04630164692285467,0.020080901473562555,,,,0.013074255995377058,0.06334874313782143,0.21337763652123665,0.062409708176827505,,,,0.1831840508523548,,0.0019503033805258595,,,0.010040450736781278,,0.0009390349609939324,,0.0019503033805258595,
,,0.0030338052585957816,,,,0.004045073678127709,0.0010112684195319273,0.0030338052585957816,0.0030338052585957816,,,,0.015313493210054898,0.007151112395261485,0.0010112684195319273,,,,0.0010112684195319273,,,,,0.010184917653857267,0.006139843975729558,,,,,0.0020225368390638545,0.304464027737648,,,0.005056342097659636,,,,0.0010112684195319273,,,,,,0.0010112684195319273,,0.0030338052585957816,,0.006139843975729558,,0.006139843975729558,,,0.05323605894250217,0.04911875180583646,0.026581912741982086,0.0020225368390638545,,,0.007151112395261485,0.06652701531349321,0.18845709332562843,0.0388616006934412,0.0010112684195319273,,0.0010112684195319273,0.15566310314937878,0.0010112684195319273,0.004045073678127709,,,0.0194308003467206,0.0010112684195319273,0.0010112684195319273,,,
,,0.005850910141577579,,,,0.004911875180583647,0.0009390349609939324,0.004911875180583647,0.003900606761051719,,,,0.01473562554175094,0.006862178561109506,,,,,,,,,,0.0009390349609939324,0.0009390349609939324,,,,,0.0019503033805258595,0.30366945969373016,,,0.006862178561109506,,0.0019503033805258595,,0.0019503033805258595,,0.0019503033805258595,0.0019503033805258595,,,,,0.003900606761051719,,0.008812481941635366,,0.002889338341519792,,,0.04521814504478475,0.04225657324472696,0.02845998266396995,,,,0.005850910141577579,0.06096503900606761,0.19177983241837618,0.05114128864490032,0.0009390349609939324,0.0009390349609939324,0.0009390349609939324,0.17112106327650967,0.0009390349609939324,0.002889338341519792,,,0.011774053741693153,,,,,0.004911875180583647
,,0.0009390349609939324,,0.0009390349609939324,0.0009390349609939324,0.004984108639121641,0.0019503033805258595,0.004984108639121641,0.0009390349609939324,,,,0.02094770297601849,0.014952325917364924,0.004984108639121641,,0.003972840219589714,0.003972840219589714,0.0019503033805258595,,,,,,0.0009390349609939324,,,,,0.004984108639121641,0.17596070499855532,,,0.0019503033805258595,0.0009390349609939324,,,0.0009390349609939324,,0.0029615718000577866,0.0009390349609939324,,,0.0019503033805258595,,0.0019503033805258595,,0.0009390349609939324,,0.004984108639121641,0.0009390349609939324,,0.06089280554752961,0.0499133198497544,0.024920543195608207,0.0009390349609939324,0.003972840219589714,0.0009390349609939324,0.003972840219589714,0.07887893672349032,0.1986420109794857,0.0708610228257729,0.0019503033805258595,0.0009390349609939324,,0.21763941057497832,0.0009390349609939324,0.0029615718000577866,,,0.01292978907830107,0.0009390349609939324,0.0009390349609939324,,,
,,0.0180583646344987,,,,0.011051719156313203,0.0009390349609939324,0.0019503033805258595,,,,,0.035177694308003465,0.008017913897717423,0.003972840219589714,,0.0009390349609939324,0.0009390349609939324,0.0009390349609939324,0.0029615718000577866,,,,0.0029615718000577866,0.0019503033805258595,,,,,0.0019503033805258595,0.09895983819705301,,,0.0019503033805258595,0.0029615718000577866,,,,0.0009390349609939324,0.0019503033805258595,0.0009390349609939324,,,0.003972840219589714,,0.003972840219589714,,0.0019503033805258595,,0.004984108639121641,0.0009390349609939324,0.003972840219589714,0.07548396417220457,0.052297023981508234,0.04124530482519503,,0.0009390349609939324,,0.007006645478185495,0.07851776943080034,0.23251950303380525,0.069416353655013,,0.0009390349609939324,,0.20933256284310892,,0.0029615718000577866,,,0.010040450736781278,,,,,
,,0.01430222479052297,,,,0.007151112395261485,,0.0020225368390638545,0.0010112684195319273,,0.0010112684195319273,,0.04399017624963883,0.021453337185784457,0.005056342097659636,,,0.0030338052585957816,,0.0010112684195319273,,,,0.0020225368390638545,0.0030338052585957816,,,,,0.0020225368390638545,0.08039583935278816,,,0.00917364923432534,0.005056342097659636,0.0010112684195319273,,,0.0020225368390638545,0.0010112684195319273,0.0020225368390638545,,,0.007151112395261485,,0.007151112395261485,,0.006139843975729558,0.004045073678127709,0.006139843975729558,0.0010112684195319273,0.005056342097659636,0.03785033227390928,0.06450447847442936,0.036839063854377345,0.0020225368390638545,,0.0010112684195319273,0.005056342097659636,0.046084946547240685,0.20889916209188095,0.10444958104594047,0.0010112684195319273,,0.0010112684195319273,0.20998266396995088,,0.004045073678127709,0.0010112684195319273,,0.03171048829817972,,,,,
,,0.0010112684195319273,,,,0.0020225368390638545,,,,0.0020225368390638545,,,0.03951170182028316,0.014518925166136955,,,,,,0.0010112684195319273,,,,0.010401618029471251,0.003106038717133776,,,,,0.003106038717133776,0.38095926032938454,,,0.003106038717133776,0.0020225368390638545,,,,0.0020225368390638545,0.003106038717133776,,0.0010112684195319273,,0.0010112684195319273,,0.003106038717133776,,0.01762496388327073,,0.004117307136665704,,,0.031204854088413753,0.04882981797168449,0.02802658191274198,,,,0.008306847731869403,0.04261774053741693,0.12900895694885872,0.050924588269286336,,0.0010112684195319273,,0.1539295001444669,,,0.0010112684195319273,,0.009318116151401329,,0.0010112684195319273,,,
,,0.0008668015024559376,,0.0008668015024559376,,0.007295579312337474,0.0008668015024559376,0.0027448714244438024,0.00361167292689974,,,,0.02845998266396995,0.006428777809881537,,0.0008668015024559376,,0.00180583646344987,,0.0008668015024559376,,,,0.0027448714244438024,0.0008668015024559376,,0.0008668015024559376,,,,0.3231724934989888,,,0.004550707887893672,0.0027448714244438024,,,,,0.00180583646344987,0.0008668015024559376,,,0.00180583646344987,,0.00180583646344987,,0.005489742848887605,,0.0008668015024559376,,,0.0431233747471829,0.041317538283733024,0.024776076278532216,,,,0.006428777809881537,0.0734614273331407,0.19842531060387172,0.05236925744004623,,0.0008668015024559376,0.00180583646344987,0.1415053452759318,,,,,0.01097948569777521,0.00180583646344987,0.0008668015024559376,,,
,,0.00180583646344987,,,,0.004622941346431667,0.0008668015024559376,0.0008668015024559376,0.004622941346431667,,0.00180583646344987,,0.02138110372724646,0.008379081190407396,,0.0008668015024559376,,0.0008668015024559376,,0.0008668015024559376,,,,0.0065010112684195315,,,,,,0.0008668015024559376,0.3447702976018492,,,0.00180583646344987,0.0008668015024559376,,,0.0008668015024559376,,0.004622941346431667,0.0008668015024559376,0.0008668015024559376,,,,0.004622941346431667,,0.0027448714244438024,0.00180583646344987,0.0008668015024559376,,,0.042834440913030916,0.03907830106905519,0.028821149956659926,,,,0.009318116151401329,0.05959260329384571,0.1789222767986131,0.04839641722045652,,0.0008668015024559376,0.00180583646344987,0.14908985842242126,,,,,0.019503033805258595,0.0027448714244438024,,,,
,,,,0.0009390349609939324,,0.006862178561109506,0.0009390349609939324,0.0019503033805258595,,,,,0.0166859289222768,0.004911875180583647,0.0009390349609939324,,,0.0019503033805258595,,,,,,0.0009390349609939324,0.0009390349609939324,,,,,,0.20911586246749492,,,0.0009390349609939324,,,,0.0009390349609939324,,,,,,,,0.004911875180583647,,0.0019503033805258595,,0.002889338341519792,,,0.05114128864490032,0.05901473562554175,0.02845998266396995,,,,,0.07866223634787634,0.23309737070210923,0.05013002022536839,,0.0009390349609939324,0.002889338341519792,0.1996532793990176,,,,,0.03142155446402774,0.004911875180583647,0.0009390349609939324,,,0.0009390349609939324
,,0.0008668015024559376,,0.0027448714244438024,,0.004550707887893672,0.0008668015024559376,0.00180583646344987,0.00180583646344987,,0.0008668015024559376,,0.026509679283444092,0.004550707887893672,,,,0.00180583646344987,0.00180583646344987,,,,,,0.0008668015024559376,,,,,0.00361167292689974,0.20008668015024567,,,0.015530193585668883,,,,0.0008668015024559376,,0.004550707887893672,0.0008668015024559376,0.00180583646344987,,0.0008668015024559376,,0.010040450736781278,,0.005489742848887605,0.00361167292689974,0.00361167292689974,,,0.04391794279110084,0.04391794279110084,0.03568332851776943,,,,,0.06313204276220745,0.20507078878936724,0.06132620629875758,0.0008668015024559376,,0.005489742848887605,0.2096214966772609,,,,,0.02195897139555042,0.0008668015024559376,0.007295579312337474,,,0.0008668015024559376
,,0.0027448714244438024,,0.00180583646344987,,0.009318116151401329,0.0008668015024559376,0.004622941346431667,0.007440046229413464,0.004622941346431667,0.0008668015024559376,,0.0374891649812193,0.013074255995377058,,,,0.018708465761340654,,0.0027448714244438024,,,,0.009318116151401329,0.008379081190407396,,,,,0.0008668015024559376,0.08090147356255417,,,0.003683906385437735,,,,0.0008668015024559376,0.0008668015024559376,0.00180583646344987,,,,,,0.012135221034383126,,0.010257151112395262,,0.0027448714244438024,,,0.06847731869401907,0.06566021381103727,0.03936723490320716,,,0.0008668015024559376,,0.07403929500144467,0.19979774631609362,0.04969661947414042,0.0008668015024559376,,0.0065010112684195315,0.21012713088702686,0.0027448714244438024,,0.0008668015024559376,,0.030915920254261774,0.0008668015024559376,0.013074255995377058,,,
,0.0009390349609939324,0.015169026292978907,,0.00946258306847732,,0.007584513146489454,0.0018780699219878647,0.0037561398439757295,0.0057064432245015895,0.008523548107483386,,,0.0361167292689974,0.008523548107483386,0.0018780699219878647,,,0.010401618029471251,,0.002817104882981797,,,,0.0066454781854955215,0.0037561398439757295,,,,,0.002817104882981797,0.021308870268708424,,,0.0037561398439757295,,,,0.0009390349609939324,0.0009390349609939324,0.002817104882981797,0.0009390349609939324,0.0018780699219878647,,,,0.015169026292978907,0.0009390349609939324,0.019936434556486565,0.0057064432245015895,0.004695174804969662,,,0.06847731869401907,0.0874747182895117,0.05800346720600982,0.0018780699219878647,,0.0057064432245015895,0.0037561398439757295,0.09036405663103149,0.18361745160358278,0.08371857844553597,,0.0009390349609939324,0.008523548107483386,0.14367234903207166,0.0018780699219878647,0.0009390349609939324,0.0009390349609939324,,0.049479919098526434,0.0018780699219878647,0.002817104882981797,0.0009390349609939324,,
0.0009390349609939324,,0.0038283733025137245,,0.0047674082635076566,0.002817104882981797,0.0047674082635076566,0.0009390349609939324,0.0038283733025137245,,0.01054608494654724,,,0.022970239815082345,0.013435423288067032,,,0.0009390349609939324,0.0038283733025137245,0.0009390349609939324,0.0038283733025137245,,,,0.002817104882981797,0.009534816527015313,,,,,0.0018780699219878647,0.34007512279687957,,,0.0038283733025137245,,,,0.0009390349609939324,0.002817104882981797,0.0047674082635076566,0.0009390349609939324,,,0.002817104882981797,0.0018780699219878647,0.015313493210054898,,0.019141866512568623,,0.0057064432245015895,,,0.03358855822016758,0.0527304247327362,0.036405663103149376,,,0.0009390349609939324,0.006717711644033516,0.04890205143022248,0.11225079456804392,0.04796301646922855,,0.0009390349609939324,0.0018780699219878647,0.14396128286622364,0.0038283733025137245,,,,0.015313493210054898,0.0009390349609939324,0.0009390349609939324,0.0018780699219878647,,
,,0.0009390349609939324,,,,,,0.005634209765963594,0.002817104882981797,0.0066454781854955215,0.0009390349609939324,,0.01704709621496677,0.008523548107483386,0.0018780699219878647,,,0.0018780699219878647,,,,,,0.002817104882981797,0.005634209765963594,,,,,,0.4392516613695464,,,0.0066454781854955215,0.0009390349609939324,,,0.0009390349609939324,,0.0009390349609939324,0.005634209765963594,,,,,0.0037561398439757295,0.0037561398439757295,0.0180583646344987,0.0066454781854955215,0.004695174804969662,,,0.03322739092747761,0.037994799190985265,0.0180583646344987,,,,0.0037561398439757295,0.043701242415486855,0.11405663103149379,0.043701242415486855,0.0018780699219878647,0.0009390349609939324,0.0037561398439757295,0.13117596070499857,0.0018780699219878647,0.0037561398439757295,,,0.013290956370991043,0.0018780699219878647,0.0009390349609939324,,,
,,0.012062987575845131,,,,0.003683906385437735,,0.0027448714244438024,0.003683906385437735,,0.004622941346431667,,0.0166859289222768,0.0065010112684195315,0.0027448714244438024,0.00180583646344987,,0.0008668015024559376,,,,,,0.0027448714244438024,0.0008668015024559376,,,,,,0.2342531060387173,,,0.003683906385437735,0.0008668015024559376,,,0.0008668015024559376,,,,,,0.00180583646344987,,0.0055619763074255995,0.009245882692863335,0.030626986420109796,0.0008668015024559376,0.004622941346431667,,,0.05294712510835019,0.047385148800924586,0.034383126264085524,,,,0.0027448714244438024,0.07620629875758451,0.1999422132331696,0.040884137532505055,0.00180583646344987,,0.0027448714244438024,0.16368101704709623,,0.003683906385437735,,,0.020442068766252527,0.0008668015024559376,0.0008668015024559376,,,
,,,,,,0.003683906385437735,,0.0055619763074255995,0.00180583646344987,,,,0.018636232302802657,0.0055619763074255995,0.0027448714244438024,,,0.0008668015024559376,,,,,0.0008668015024559376,0.00180583646344987,0.0008668015024559376,,,,,,0.3121930078012136,,,0.004622941346431667,0.0008668015024559376,,,0.00180583646344987,,0.0008668015024559376,,0.0008668015024559376,0.0008668015024559376,0.00180583646344987,,0.00180583646344987,,0.004622941346431667,,0.00180583646344987,,,0.04666281421554464,0.06443224501589136,0.02802658191274198,,,,0.0008668015024559376,0.06631031493787923,0.17285466628142154,0.04016180294712511,0.00180583646344987,,0.0027448714244438024,0.1737937012424155,,,,,0.02333140710777232,0.0027448714244438024,0.0008668015024559376,,,0.0008668015024559376
,,0.0027448714244438024,,0.0027448714244438024,,0.01748049696619474,,0.003683906385437735,0.004550707887893672,,,,0.01928633342964461,0.021164403351632475,0.0008668015024559376,,0.0008668015024559376,,,,,,,0.00180583646344987,0.0008668015024559376,,,,,0.00180583646344987,0.2891505345275932,,,0.008234614273331407,0.0008668015024559376,,,0.00180583646344987,,0.0027448714244438024,,,,0.00180583646344987,0.0008668015024559376,0.0008668015024559376,,0.0027448714244438024,,0.00180583646344987,,,0.046951748049696616,0.046951748049696616,0.02665414620052008,,,,0.0008668015024559376,0.07273909274776076,0.15385726668592892,0.056197630742559956,0.0008668015024559376,0.0008668015024559376,0.00180583646344987,0.1833285177694308,,,,,0.01654146200520081,0.0027448714244438024,0.0008668015024559376,,,
0.0008668015024559376,,0.003683906385437735,,0.0008668015024559376,,0.014952325917364924,,0.003683906385437735,0.012135221034383126,,0.0008668015024559376,,0.014952325917364924,0.014952325917364924,0.00180583646344987,,,0.0008668015024559376,,,,,0.00180583646344987,0.010257151112395262,0.00180583646344987,,,,,,0.09123085813348741,,,0.009318116151401329,,,,0.0008668015024559376,0.0008668015024559376,0.003683906385437735,0.0027448714244438024,,,0.0055619763074255995,,0.0027448714244438024,0.0008668015024559376,0.009318116151401329,0.0065010112684195315,0.004622941346431667,,,0.06175960704998555,0.04680728113262063,0.047746316093614564,,,,0.0055619763074255995,0.09267552730424733,0.25462294134643165,0.05330829240104016,0.00180583646344987,0.0008668015024559376,0.0027448714244438024,0.18535105460849466,0.00180583646344987,0.0008668015024559376,,,0.01401329095637099,0.0027448714244438024,0.0027448714244438024,,,0.0027448714244438024
,,,,,0.0009390349609939324,0.022609072522392373,,0.006573244726957527,0.0009390349609939324,0.0009390349609939324,,,0.02167003756139844,0.03293845709332563,0.0009390349609939324,,0.0018780699219878647,0.002817104882981797,0.0018780699219878647,,,,,0.005634209765963594,0.002817104882981797,,,,,,0.14013290956370994,,,0.010329384570933256,,,,0.002817104882981797,0.004695174804969662,,,,,0.0018780699219878647,,0.004695174804969662,0.0009390349609939324,0.012207454492921122,0.0009390349609939324,0.0037561398439757295,,,0.03575556197630743,0.10271597804102861,0.0263652123663681,,,,,0.07822883559664837,0.1875180583646345,0.09419242993354522,0.0018780699219878647,0.0009390349609939324,0.0018780699219878647,0.1376047385148801,0.005634209765963594,,,,0.031060387171337765,0.0037561398439757295,0.006573244726957527,,,0.0009390349609939324
0.002817104882981797,,0.0037561398439757295,,0.0009390349609939324,,0.0047674082635076566,,0.011412886449003179,0.0009390349609939324,,,,0.01625252817104883,0.0066454781854955215,,,,0.0037561398439757295,,,,,,0.002817104882981797,0.002817104882981797,,,,,0.002817104882981797,0.3808870268708465,,,0.0057064432245015895,,,,0.002817104882981797,0.0009390349609939324,0.0037561398439757295,0.0009390349609939324,,,0.0037561398439757295,,0.0018780699219878647,0.0009390349609939324,0.007584513146489454,0.0037561398439757295,0.0018780699219878647,,,0.03250505634209766,0.08025137243571222,0.02195897139555042,,,0.0009390349609939324,0.0009390349609939324,0.0458682461716267,0.1013435423288067,0.052585957815660216,0.0018780699219878647,0.0009390349609939324,0.002817104882981797,0.1472117885004334,0.0009390349609939324,,,,0.0305547529615718,0.002817104882981797,,,,0.0018780699219878647
,,,,,,0.0047674082635076566,0.0009390349609939324,0.008595781566021381,0.0057064432245015895,,,,0.01430222479052297,0.0047674082635076566,0.0018780699219878647,,0.0009390349609939324,,,,,,0.0018780699219878647,0.002817104882981797,0.0018780699219878647,,,,,,0.2762207454492921,,,0.008595781566021381,,,,0.002817104882981797,,0.009534816527015313,0.0009390349609939324,0.0009390349609939324,,0.0009390349609939324,,0.0009390349609939324,,0.0047674082635076566,0.0009390349609939324,0.0018780699219878647,,,0.04680728113262063,0.053524992776654144,0.0305547529615718,,,,0.0066454781854955215,0.0889193874602716,0.18925166136954638,0.0305547529615718,0.0009390349609939324,,0.0047674082635076566,0.16729268997399596,,0.0018780699219878647,,,0.01625252817104883,0.0009390349609939324,0.0037561398439757295,,,0.0009390349609939324
,,0.0019503033805258595,,,,0.0067899451025715115,,0.0009390349609939324,0.002889338341519792,0.0067899451025715115,,,0.014663392083212944,0.005850910141577579,0.0009390349609939324,,,0.0009390349609939324,,,,,,0.005850910141577579,0.0019503033805258595,,,,,,0.22298468650678993,0.0009390349609939324,,0.003900606761051719,,,,0.0019503033805258595,,0.0019503033805258595,,,,,,,,0.003900606761051719,0.0009390349609939324,,,,0.04796301646922855,0.05482519503033805,0.03134932100548974,0.0019503033805258595,,,0.0009390349609939324,0.08422421265530193,0.20868246171626698,0.05482519503033805,,,0.002889338341519792,0.20182028315515746,,,,,0.023475874024848308,,0.0009390349609939324,,,
,,,,,,0.004695174804969662,,,0.002817104882981797,,,,0.020875469517480497,0.004695174804969662,0.0009390349609939324,,0.0018780699219878647,0.002817104882981797,,,,,,0.004695174804969662,0.0009390349609939324,,,,,0.0009390349609939324,0.333790811904074,0.0009390349609939324,,0.0037561398439757295,,,,0.0018780699219878647,,0.0037561398439757295,,,,,,0.0018780699219878647,,0.0018780699219878647,0.002817104882981797,0.002817104882981797,,,0.04276220745449292,0.024703842819994222,0.02275353943946836,0.0009390349609939324,,,0.005634209765963594,0.07887893672349032,0.180583646344987,0.046518347298468654,0.0009390349609939324,,0.005634209765963594,0.15775787344698064,0.0018780699219878647,0.0009390349609939324,,,0.026581912741982086,,0.0037561398439757295,0.0009390349609939324,,
,,0.013218722912453048,,,,0.0037561398439757295,0.0018780699219878647,0.004695174804969662,0.002817104882981797,,,,0.03026581912741982,0.015096792834440913,0.0018780699219878647,,,0.0009390349609939324,,,,,0.0009390349609939324,0.0018780699219878647,0.0009390349609939324,,,,,,0.2205287489164981,,0.0009390349609939324,0.002817104882981797,0.0009390349609939324,,,0.0037561398439757295,,0.0018780699219878647,0.0018780699219878647,,,,0.0009390349609939324,,,0.004695174804969662,0.002817104882981797,0.005634209765963594,,,0.048251950303380524,0.06154290667437157,0.03503322739092748,,,,0.002817104882981797,0.08422421265530193,0.20073678127708755,0.05865356833285178,,0.0009390349609939324,,0.166642588847154,0.0009390349609939324,0.0018780699219878647,,,0.012279687951459116,,0.0009390349609939324,,,
,,0.0009390349609939324,,0.0009390349609939324,,0.0038283733025137245,0.0009390349609939324,0.006717711644033516,0.002889338341519792,,0.011557353366079168,,0.01639699508812482,0.0124963883270731,0.0018780699219878647,,,0.002889338341519792,0.0009390349609939324,,,,0.002889338341519792,0.0038283733025137245,0.0018780699219878647,,,,,,0.07447269575267257,,,0.0018780699219878647,0.0018780699219878647,,,0.0038283733025137245,0.0009390349609939324,0.0009390349609939324,0.002889338341519792,,,,,,0.0009390349609939324,0.005778676683039584,0.0009390349609939324,0.0038283733025137245,,,0.03669459693730136,0.05121352210343831,0.02318694019069633,,,,0.0038283733025137245,0.09469806414331118,0.19134643166714824,0.14107194452470384,0.0018780699219878647,0.0009390349609939324,,0.2512279687951459,,0.006717711644033516,,,0.020225368390638543,0.002889338341519792,0.0047674082635076566,,,
,,0.002889338341519792,,,,0.005778676683039584,,0.010618318405085236,0.0067899451025715115,0.002889338341519792,0.0018780699219878647,,0.04268997399595493,0.0067899451025715115,0.0018780699219878647,,,0.0018780699219878647,,,,,,0.005778676683039584,0.004839641722045651,,,,,,0.052802658191274165,,,0.0038283733025137245,0.0009390349609939324,,,0.0009390349609939324,0.0009390349609939324,0.010618318405085236,0.0018780699219878647,,,0.0009390349609939324,,0.009679283444091302,0.0038283733025137245,0.007728980063565444,0.0038283733025137245,0.0067899451025715115,,,0.036839063854377345,0.09419242993354522,0.030049118751805836,,,,0.00874024848309737,0.0737503611672927,0.17668303958393528,0.10098237503611673,0.015530193585668883,0.0009390349609939324,0.0009390349609939324,0.19228546662814217,0.0038283733025137245,0.010618318405085236,,,0.04268997399595493,0.0018780699219878647,0.010618318405085236,,,
,,0.0009390349609939324,,0.0009390349609939324,0.0018780699219878647,0.004839641722045651,0.0018780699219878647,0.007728980063565444,0.0009390349609939324,,,,0.02318694019069633,0.008668015024559377,0.0038283733025137245,,,0.0038283733025137245,,,,,,0.004839641722045651,0.0018780699219878647,,,,,,0.4292112106327651,,,0.011557353366079168,,,,0.0018780699219878647,,0.005778676683039584,,,,0.0038283733025137245,,0.0009390349609939324,0.0009390349609939324,0.0018780699219878647,0.002889338341519792,0.0038283733025137245,,,0.021236636810170472,0.047385148800924586,0.01639699508812482,,,,0.0038283733025137245,0.04839641722045652,0.12099104305114129,0.047385148800924586,,0.0009390349609939324,0.0009390349609939324,0.14034960993932388,0.002889338341519792,0.0018780699219878647,,,0.01834729846865068,,0.0009390349609939324,,,
,,0.0010112684195319273,,,,0.005200809014735626,0.0010112684195319273,0.003106038717133776,0.006212077434267552,,,,0.016613695463738806,0.0124963883270731,0.005200809014735626,0.0010112684195319273,,,,,,,,0.006212077434267552,,,,,,,0.25332273909274783,,,0.003106038717133776,,,0.0010112684195319273,0.0010112684195319273,,0.004117307136665704,0.0020225368390638545,,,0.0010112684195319273,,0.003106038717133776,0.0010112684195319273,0.006212077434267552,0.0010112684195319273,,,,0.04789078301069055,0.04059520369835308,0.030193585668881827,,,,0.003106038717133776,0.06869401906963306,0.20615429066743715,0.05200809014735625,,,0.003106038717133776,0.19474140421843397,0.0020225368390638545,0.0020225368390638545,,,0.011412886449003179,0.0010112684195319273,0.0020225368390638545,,,
,,,,0.0019503033805258595,,0.0019503033805258595,,0.0029615718000577866,0.0019503033805258595,,,,0.020080901473562555,0.007006645478185495,0.0009390349609939324,0.0009390349609939324,0.0009390349609939324,,,,,,,0.008017913897717423,0.0019503033805258595,,,,,,0.31566021381103726,,,0.0019503033805258595,0.0009390349609939324,,,0.0019503033805258595,,,,0.0009390349609939324,,,,0.0029615718000577866,0.0009390349609939324,0.003972840219589714,,0.0019503033805258595,,,0.05027448714244438,0.04016180294712511,0.024125975151690262,,,,0.0009390349609939324,0.05930366945969373,0.18802369257440046,0.05930366945969373,,0.0009390349609939324,0.0029615718000577866,0.17596070499855532,,,,,0.0180583646344987,,,,,
,,0.0047674082635076566,,0.0018780699219878647,0.0009390349609939324,0.005778676683039584,,0.002889338341519792,0.0018780699219878647,,0.0009390349609939324,,0.015457960127130887,0.007728980063565444,0.0009390349609939324,0.0009390349609939324,0.0009390349609939324,0.0018780699219878647,,,,,,0.007728980063565444,0.0009390349609939324,,,,,,0.2705865356833286,,,0.0018780699219878647,,0.0009390349609939324,,0.0009390349609939324,,,,,0.0009390349609939324,0.002889338341519792,0.0009390349609939324,0.009607049985553309,,0.0038283733025137245,,,,,0.050202253683906385,0.042473273620340944,0.027954348454203987,,,,0.0009390349609939324,0.08212944235770009,0.20384281999422132,0.03380525859578157,,,,0.1903351632476163,0.0038283733025137245,0.0009390349609939324,,,0.0124963883270731,,,,,0.002889338341519792
,,0.011412886449003179,,0.0009390349609939324,0.0009390349609939324,0.016180294712510836,0.0018780699219878647,0.0057064432245015895,0.0009390349609939324,,,,0.0057064432245015895,0.016180294712510836,0.0009390349609939324,,,0.0018780699219878647,,,,,0.0009390349609939324,0.0057064432245015895,0.0009390349609939324,,,,,0.0009390349609939324,0.22175671771164407,,,0.0018780699219878647,,,,0.0018780699219878647,0.0018780699219878647,0.0009390349609939324,,,,0.0018780699219878647,,0.0018780699219878647,0.002817104882981797,0.0047674082635076566,,0.0018780699219878647,,,0.04962438601560243,0.04485697775209477,0.0305547529615718,0.0018780699219878647,,,0.0009390349609939324,0.08306847731869402,0.17856110950592313,0.05056342097659636,,0.0009390349609939324,0.0018780699219878647,0.20442068766252527,0.002817104882981797,,,,0.0333718578445536,0.002817104882981797,,,,0.0009390349609939324
,,0.0009390349609939324,,0.003900606761051719,0.0009390349609939324,0.016613695463738806,,0.009751516902629298,0.0019503033805258595,,,,0.06948858711355099,0.010762785322161225,,,,0.02152557064432245,0.0009390349609939324,0.0019503033805258595,,,,0.004839641722045651,0.0009390349609939324,,,,,,0.04297890783010683,,,0.003900606761051719,0.0009390349609939324,,,0.0019503033805258595,0.0019503033805258595,0.0009390349609939324,0.009751516902629298,,,0.002889338341519792,,0.004839641722045651,0.0019503033805258595,0.002889338341519792,,0.0009390349609939324,,,0.04789078301069055,0.046951748049696616,0.0499133198497544,,0.0009390349609939324,,0.014663392083212944,0.09101415775787344,0.18397861889627276,0.08025137243571222,0.003900606761051719,,0.0019503033805258595,0.23974284888760475,,0.004839641722045651,0.0009390349609939324,,0.00874024848309737,,0.0009390349609939324,,0.002889338341519792,
,,,,0.002889338341519792,,0.01069055186362323,,0.007728980063565444,0.0009390349609939324,0.002889338341519792,,,0.013579890205143023,0.004839641722045651,0.0018780699219878647,,,0.0009390349609939324,,0.0018780699219878647,,,,0.004839641722045651,0.002889338341519792,,,,,,0.23353077145333723,,,0.0067899451025715115,0.0038283733025137245,,,0.0018780699219878647,0.002889338341519792,0.005778676683039584,,,,0.0009390349609939324,,,0.0018780699219878647,0.02528171048829818,0.0038283733025137245,,,,0.030193585668881827,0.055547529615718,0.03113262062987576,,,,0.005778676683039584,0.05453626119618607,0.2027593181161514,0.06919965327939902,0.004839641722045651,,0.0018780699219878647,0.16765385726668594,0.0009390349609939324,0.009679283444091302,,,0.0194308003467206,,0.0009390349609939324,,0.002889338341519792,
,,0.0067899451025715115,,0.004839641722045651,,0.004839641722045651,,0.00874024848309737,0.0009390349609939324,0.0009390349609939324,,,0.016469228546662815,0.01069055186362323,0.0018780699219878647,,0.0009390349609939324,0.0009390349609939324,,0.0018780699219878647,,,,0.004839641722045651,0.002889338341519792,,,,,0.0009390349609939324,0.3831262640855245,,,0.0009390349609939324,0.004839641722045651,,,0.0009390349609939324,0.0009390349609939324,0.0067899451025715115,,,,,,0.0009390349609939324,0.0018780699219878647,0.009679283444091302,0.0038283733025137245,0.0009390349609939324,,,0.03012135221034383,0.06219300780121352,0.020369835307714534,,,,0.004839641722045651,0.0388616006934412,0.14771742271019936,0.040811904073967065,0.002889338341519792,0.0009390349609939324,0.0009390349609939324,0.1457671193296735,0.0018780699219878647,0.0018780699219878647,,,0.015530193585668883,,0.0009390349609939324,,,0.0009390349609939324
,,0.0018780699219878647,,0.0018780699219878647,,0.0067899451025715115,,0.0038283733025137245,0.009679283444091302,,,,0.02333140710777232,0.007728980063565444,0.0018780699219878647,,,0.0009390349609939324,,,,,,0.0067899451025715115,,,,,,,0.2830106905518637,,,0.0009390349609939324,0.002889338341519792,,,0.0009390349609939324,,0.0038283733025137245,,,,0.0009390349609939324,,0.002889338341519792,,0.004839641722045651,0.0009390349609939324,0.0009390349609939324,,,0.04767408263507657,0.045723779254550706,0.029182317249349898,,,,0.0018780699219878647,0.07100548974284888,0.1819560820572089,0.04767408263507657,,,0.002889338341519792,0.18578445535972263,,,,,0.018419531927188672,,0.0009390349609939324,,,
,,0.0018780699219878647,,0.0009390349609939324,,0.004839641722045651,,0.004839641722045651,0.0038283733025137245,0.0009390349609939324,,,0.024270442068766253,0.007728980063565444,0.0009390349609939324,,,0.0009390349609939324,,,,,,0.0038283733025137245,0.002889338341519792,,,,,,0.21005489742848882,,0.0009390349609939324,0.002889338341519792,0.0009390349609939324,,,0.0009390349609939324,,0.011629586824617164,,,,,,0.004839641722045651,,0.0038283733025137245,,,,,0.03987286911297313,0.07685639988442647,0.02232013868824039,,,,0.0009390349609939324,0.07685639988442647,0.194596937301358,0.05735336607916787,,,0.0009390349609939324,0.2247182895117018,,,,,0.01069055186362323,,0.0009390349609939324,,,
,,0.0009390349609939324,,0.0009390349609939324,,0.0038283733025137245,0.002817104882981797,0.01054608494654724,0.0047674082635076566,0.0018780699219878647,0.0009390349609939324,,0.017263796590580756,0.009607049985553309,0.0009390349609939324,,,0.0018780699219878647,,,,,0.0018780699219878647,0.0018780699219878647,,,,,,,0.24292112106327668,,0.0009390349609939324,0.0038283733025137245,,,,0.0047674082635076566,0.0009390349609939324,0.0009390349609939324,,0.0009390349609939324,,,,0.0047674082635076566,,0.002817104882981797,,,,,0.04514591158624675,0.059520369835307715,0.03264952325917365,,,,0.0009390349609939324,0.07974573822594626,0.18253394972551285,0.0528026581912742,,0.0009390349609939324,0.0018780699219878647,0.2026870846576134,,,,,0.017263796590580756,,,0.0009390349609939324,,
,,0.0019503033805258595,,,,0.002889338341519792,,0.005850910141577579,0.004839641722045651,0.0019503033805258595,,,0.02932678416642589,0.011701820283155157,0.0019503033805258595,,,0.003900606761051719,,,,,0.004839641722045651,0.003900606761051719,,,,,,0.003900606761051719,0.13991620918809589,,0.0019503033805258595,0.002889338341519792,,,,0.0019503033805258595,0.012713088702687085,0.0009390349609939324,,0.0009390349609939324,0.0009390349609939324,0.0009390349609939324,0.0019503033805258595,0.003900606761051719,,0.002889338341519792,,0.0019503033805258595,,,0.05388616006934412,0.06464894539150534,0.028387749205431956,,,,0.0019503033805258595,0.08321294423577001,0.18903496099393238,0.0499133198497544,,,0.0009390349609939324,0.23215833574111527,,0.0019503033805258595,,,0.037200231147067324,,0.005850910141577579,,,
,,0.0018780699219878647,,0.0009390349609939324,0.0009390349609939324,0.0067899451025715115,,0.0038283733025137245,0.00874024848309737,0.002889338341519792,0.0009390349609939324,,0.012568621785611096,0.00874024848309737,0.0009390349609939324,0.0009390349609939324,0.0009390349609939324,0.0009390349609939324,,,,,0.0009390349609939324,0.0038283733025137245,0.002889338341519792,,,,,,0.0759173649234326,,,0.0009390349609939324,0.0009390349609939324,0.0009390349609939324,,0.0009390349609939324,,0.004839641722045651,0.0018780699219878647,,0.0009390349609939324,0.002889338341519792,0.0018780699219878647,0.002889338341519792,0.002889338341519792,0.0018780699219878647,,0.002889338341519792,,,0.046590580757006644,0.06891071944524704,0.038789367234903206,,0.0009390349609939324,,,0.09224212655301936,0.20391505345275932,0.07866223634787634,0.0009390349609939324,,0.002889338341519792,0.2689973995954926,,0.0018780699219878647,,,0.023259173649234327,,0.009679283444091302,,,
,,0.0018780699219878647,,0.0009390349609939324,,0.0018780699219878647,,0.0057064432245015895,0.002817104882981797,0.018202831551574688,0.0018780699219878647,,0.0249927766541462,0.0124963883270731,0.017263796590580756,,,0.0009390349609939324,,,,,0.0009390349609939324,0.0047674082635076566,0.015385726668592892,,,,,,0.09932100548974276,,,0.0038283733025137245,0.0009390349609939324,0.0009390349609939324,,,,0.007656746605027449,0.002817104882981797,,0.0009390349609939324,0.0009390349609939324,0.0018780699219878647,0.0018780699219878647,0.002817104882981797,0.0124963883270731,0.0018780699219878647,0.006717711644033516,,,0.0374891649812193,0.0874747182895117,0.030771453337185783,,0.002817104882981797,,0.030771453337185783,0.08364634498699798,0.17018202831551574,0.08169604160647212,0.0009390349609939324,0.0009390349609939324,,0.1846287200231147,0.0018780699219878647,0.0009390349609939324,,,0.028821149956659926,,0.0018780699219878647,,,
,,0.002817104882981797,,0.0009390349609939324,,0.002817104882981797,0.0009390349609939324,0.0037561398439757295,0.008523548107483386,0.002817104882981797,0.0018780699219878647,,0.03142155446402774,0.012351921409997111,0.002817104882981797,,,,,,,,0.0009390349609939324,0.008523548107483386,0.002817104882981797,,,,,0.0047674082635076566,0.3134209765963595,0.0018780699219878647,,0.002817104882981797,0.0009390349609939324,,,,0.0018780699219878647,0.0018780699219878647,0.002817104882981797,,0.0009390349609939324,0.002817104882981797,,0.0057064432245015895,0.0047674082635076566,0.009534816527015313,0.0018780699219878647,,,,0.04196763941057498,0.07151112395261486,0.02766541462005201,,,,0.0037561398439757295,0.04001733603004912,0.124963883270731,0.06103727246460561,0.0018780699219878647,0.0009390349609939324,,0.14981219300780121,0.0009390349609939324,0.0037561398439757295,,0.0018780699219878647,0.030482519503033805,,,,,
,,,,0.00180583646344987,0.0008668015024559376,0.009318116151401329,,0.00180583646344987,0.004622941346431667,,,,0.003683906385437735,0.009318116151401329,0.0008668015024559376,,,0.0008668015024559376,,,,,,0.007440046229413464,0.0027448714244438024,,,,,,0.27925455070788796,,,0.0008668015024559376,,,,,0.003683906385437735,0.00180583646344987,0.0008668015024559376,,0.00180583646344987,0.00180583646344987,,0.0027448714244438024,,0.0027448714244438024,,0.004622941346431667,,,0.04500144466917076,0.028098815371279978,0.024342675527304247,,,,0.00180583646344987,0.08350187806992199,0.208393527882115,0.044062409708176827,,,,0.20369835307714534,,0.00180583646344987,,,0.01401329095637099,,0.0008668015024559376,,,0.0008668015024559376
,,0.0057064432245015895,,0.0009390349609939324,0.0009390349609939324,0.012424154868535105,0.002817104882981797,0.009607049985553309,0.0057064432245015895,,,,0.008595781566021381,0.008595781566021381,,,0.0009390349609939324,0.0018780699219878647,,,,,,0.0047674082635076566,0.0009390349609939324,,,,,,0.2403207165559086,,,0.0038283733025137245,,,,0.0009390349609939324,0.0038283733025137245,0.002817104882981797,0.002817104882981797,0.0009390349609939324,,0.002817104882981797,,0.0018780699219878647,,0.0038283733025137245,,0.002817104882981797,,,0.04225657324472696,0.038428199942213234,0.038428199942213234,,,,0.0009390349609939324,0.062409708176827505,0.1680872580179139,0.07873446980641433,,,,0.2151834729846865,,0.0018780699219878647,,,0.02015313493210055,0.0018780699219878647,,,,0.0009390349609939324
,,0.00180583646344987,,0.0008668015024559376,,0.0027448714244438024,,0.004550707887893672,,0.0008668015024559376,0.003683906385437735,,0.013796590580757006,0.011918520658769142,0.0008668015024559376,,0.00180583646344987,,,,,,,0.003683906385437735,0.0008668015024559376,,,,,0.0008668015024559376,0.2965183472984688,,,0.0008668015024559376,,,,,0.0008668015024559376,0.00180583646344987,0.0008668015024559376,,0.0008668015024559376,0.0008668015024559376,,0.00180583646344987,,0.004550707887893672,0.0008668015024559376,0.0008668015024559376,,,0.04969661947414042,0.03127708754695175,0.033155157468939614,,,,,0.07736203409419243,0.2109939323894828,0.04601271308870269,,,,0.17964461138399307,0.0008668015024559376,,,,0.011051719156313203,,,,,0.0008668015024559376
,,0.0009390349609939324,0.0009390349609939324,,,0.015096792834440913,,0.002817104882981797,,0.005634209765963594,0.0009390349609939324,0.0009390349609939324,0.016035827795434845,0.011340652990465184,,,0.0018780699219878647,0.004695174804969662,,,,,,0.005634209765963594,0.002817104882981797,,,,,0.0009390349609939324,0.12279687951459128,,,0.002817104882981797,,,,,,0.004695174804969662,0.0009390349609939324,,0.0009390349609939324,,,0.0037561398439757295,,0.007512279687951459,,0.0009390349609939324,,,0.06334874313782143,0.07757873446980641,0.03308292401040162,0.0009390349609939324,0.0009390349609939324,,0.0037561398439757295,0.08133487431378214,0.1986420109794857,0.10690551863623231,,0.0009390349609939324,0.0009390349609939324,0.19958104594047962,,,,,0.014157757873446981,0.0009390349609939324,0.0009390349609939324,,,0.0009390349609939324
,,0.002817104882981797,,,,0.007584513146489454,,,0.0009390349609939324,,0.002817104882981797,,0.03813926610806125,0.009534816527015313,,,,0.0018780699219878647,,,,,,0.0066454781854955215,,,,,,,0.04391794279110095,,,0.0009390349609939324,,,,0.0018780699219878647,0.0037561398439757295,0.0047674082635076566,0.0009390349609939324,,0.0009390349609939324,0.0009390349609939324,,0.03532216122507946,,0.008595781566021381,0.0018780699219878647,0.002817104882981797,,,0.05728113262062987,0.05251372435712222,0.05728113262062987,0.0009390349609939324,,,0.0018780699219878647,0.09455359722623519,0.2053597226235192,0.06775498410863912,,,,0.24544929211210634,0.0037561398439757295,0.0009390349609939324,,,0.03243282288355966,0.0009390349609939324,0.0009390349609939324,,,0.0009390349609939324
,,0.0018780699219878647,,,,0.0047674082635076566,,0.006717711644033516,0.0018780699219878647,,0.0038283733025137245,,0.02015313493210055,0.011485119907541173,0.002817104882981797,,,0.0018780699219878647,,,,,,0.01625252817104883,,,,,,,0.22262351921409995,,,,0.0009390349609939324,,,,0.0009390349609939324,0.017263796590580756,0.0018780699219878647,,0.0018780699219878647,,,0.0057064432245015895,0.0009390349609939324,0.022970239815082345,0.0047674082635076566,0.006717711644033516,,,0.04218433978618896,0.07866223634787634,0.03741693152268131,0.0009390349609939324,,,0.0018780699219878647,0.02585957815660214,0.14396128286622364,0.10170470962149668,,,0.0038283733025137245,0.1775498410863912,,0.0009390349609939324,,,0.02585957815660214,,0.0009390349609939324,,,
,,0.0008668015024559376,0.0008668015024559376,,,0.00180583646344987,,0.004622941346431667,0.0008668015024559376,0.0008668015024559376,0.0027448714244438024,,0.02708754695174805,0.008379081190407396,0.00180583646344987,,,0.0008668015024559376,,,,,,0.0065010112684195315,0.0008668015024559376,,,,,,0.4170037561398441,0.0008668015024559376,,0.00180583646344987,,,,,0.003683906385437735,,0.0027448714244438024,,0.0008668015024559376,,,0.00180583646344987,0.0027448714244438024,0.003683906385437735,0.003683906385437735,0.00180583646344987,,0.0008668015024559376,0.042039872869112975,0.05041895405952037,0.021453337185784457,0.00180583646344987,0.0008668015024559376,,0.004622941346431667,0.0569921987864779,0.12611961860733892,0.05511412886449003,,,,0.12424154868535106,,0.00180583646344987,,,0.013074255995377058,0.0008668015024559376,0.0008668015024559376,,,
,,0.00180583646344987,,,,0.004622941346431667,,0.0008668015024559376,0.007440046229413464,,0.003683906385437735,,0.02232013868824039,0.009245882692863335,,,,0.0008668015024559376,0.0008668015024559376,,0.0008668015024559376,,0.0008668015024559376,0.004622941346431667,0.0008668015024559376,,,,,,0.28965616873735933,0.0008668015024559376,,,0.0008668015024559376,0.00180583646344987,,,0.004622941346431667,0.00180583646344987,0.0008668015024559376,,0.0008668015024559376,0.00180583646344987,,0.0008668015024559376,0.0027448714244438024,0.003683906385437735,0.0027448714244438024,0.0008668015024559376,,,0.046518347298468654,0.05489742848887605,0.02419820861022826,0.0008668015024559376,,,,0.07541173071366657,0.1889627275353944,0.06139843975729558,,,0.0008668015024559376,0.15638543773475874,,0.0008668015024559376,,,0.014880092458826929,,0.0008668015024559376,,,0.0008668015024559376
0.0008668015024559376,,0.0017336030049118752,,,,0.0035394394683617453,0.0008668015024559376,,0.00527304247327362,,0.002600404507367813,,0.006212077434267552,0.004406240970817683,,,0.0008668015024559376,0.0017336030049118752,,,,,,0.007945680439179427,,,,,,0.0008668015024559376,0.3233169604160647,,0.0008668015024559376,,0.0008668015024559376,,,,0.004406240970817683,0.0008668015024559376,0.0008668015024559376,,0.0008668015024559376,0.0017336030049118752,0.0008668015024559376,0.0017336030049118752,0.0017336030049118752,0.004406240970817683,0.004406240970817683,0.004406240970817683,,,0.04622941346431667,0.03286622363478763,0.027520947702976018,0.0017336030049118752,,,0.0008668015024559376,0.06580468072811327,0.20470962149667726,0.03734469806414331,,,0.0017336030049118752,0.17617740537416932,0.0008668015024559376,,,,0.013290956370991043,,0.0017336030049118752,,,0.0008668015024559376
,0.0008668015024559376,0.0026726379659058074,,,,0.0026726379659058074,0.0008668015024559376,0.00361167292689974,0.00180583646344987,0.0026726379659058074,0.004550707887893672,,0.026437445824906095,0.006356544351343542,0.0008668015024559376,,,0.00180583646344987,,,,0.00361167292689974,,0.004550707887893672,0.00361167292689974,,,,,,0.22457382259462588,,,0.0026726379659058074,0.0026726379659058074,,,,0.00180583646344987,,0.0008668015024559376,,0.0008668015024559376,0.0008668015024559376,,0.0008668015024559376,0.0008668015024559376,0.00361167292689974,0.00361167292689974,0.00361167292689974,,,0.046518347298468654,0.05294712510835019,0.04377347587402485,,,,0.0008668015024559376,0.053813926610806126,0.24559375902918232,0.06573244726957526,,,,0.16158624674949437,0.0008668015024559376,0.00361167292689974,,,0.00541750939034961,0.0008668015024559376,,,,0.004550707887893672
,,,,0.0008668015024559376,,0.004550707887893672,0.0008668015024559376,0.0008668015024559376,0.0027448714244438024,0.0027448714244438024,0.0027448714244438024,,0.03568332851776943,0.011846287200231146,0.01097948569777521,,,0.006356544351343542,,0.0008668015024559376,,0.00180583646344987,,0.005489742848887605,0.007295579312337474,,,,0.00180583646344987,0.00361167292689974,0.11246749494365793,,,,0.00361167292689974,,,,,0.00361167292689974,0.0008668015024559376,,0.0008668015024559376,,0.0008668015024559376,0.00361167292689974,,0.006356544351343542,,0.00361167292689974,,,0.049407685639988444,0.05489742848887605,0.04846865067899451,0.0008668015024559376,,,0.00180583646344987,0.07411152845998266,0.22883559664836753,0.05944813637676972,0.0008668015024559376,,0.00180583646344987,0.20319271886737936,,0.005489742848887605,,,0.026509679283444092,,0.004550707887893672,,,0.0027448714244438024
0.0008668015024559376,,0.0027448714244438024,,,,0.00736781277087547,0.00180583646344987,0.0055619763074255995,0.006428777809881537,0.003683906385437735,0.0055619763074255995,,0.03705576422999133,0.011123952614851199,,,0.0008668015024559376,0.0027448714244438024,0.0008668015024559376,0.0008668015024559376,,0.003683906385437735,,0.00180583646344987,0.004622941346431667,,,,0.0008668015024559376,0.0027448714244438024,0.009390349609939341,,,0.00180583646344987,0.0027448714244438024,,,0.00180583646344987,0.00736781277087547,0.003683906385437735,0.004622941346431667,,0.00180583646344987,0.00180583646344987,,0.00180583646344987,0.00736781277087547,0.011123952614851199,0.0008668015024559376,0.004622941346431667,,,0.040811904073967065,0.083429644611384,0.054680728113262064,0.003683906385437735,,,0.00736781277087547,0.09643166714822306,0.2096214966772609,0.07324472695752672,0.0008668015024559376,,,0.2123663681017047,0.0008668015024559376,0.011123952614851199,0.00180583646344987,,0.03705576422999133,,0.0008668015024559376,,,0.003683906385437735
0.0008668015024559376,,0.00180583646344987,,0.0008668015024559376,0.0055619763074255995,0.0027448714244438024,,0.003683906385437735,0.0055619763074255995,,0.0027448714244438024,,0.02419820861022826,0.0065010112684195315,,,,0.007440046229413464,,0.0008668015024559376,,0.00180583646344987,,0.003683906385437735,0.009318116151401329,,,,,0.00180583646344987,0.04478474429355683,,,,0.003683906385437735,,,0.007440046229413464,0.012062987575845131,0.0065010112684195315,0.0008668015024559376,,0.0008668015024559376,0.00180583646344987,,0.0055619763074255995,0.004622941346431667,0.012062987575845131,0.010184917653857267,0.007440046229413464,,,0.04189540595203698,0.09686506789945103,0.05027448714244438,0.0027448714244438024,,,0.003683906385437735,0.09498699797746316,0.20312048540884137,0.08386304536261197,,,0.0027448714244438024,0.17140999711066165,0.0027448714244438024,0.0065010112684195315,,,0.04095637099104305,,0.0008668015024559376,,,
0.0008668015024559376,,,,0.00361167292689974,,0.00361167292689974,0.0008668015024559376,0.0026726379659058074,0.00361167292689974,,0.00180583646344987,,0.015457960127130887,0.009968217278243282,0.00180583646344987,,,0.0026726379659058074,,0.0008668015024559376,,0.0026726379659058074,0.0008668015024559376,0.006356544351343542,0.004478474429355677,,,,,0.0026726379659058074,0.431378214388905,,,0.0008668015024559376,,,,0.004478474429355677,0.00541750939034961,0.00541750939034961,0.00180583646344987,0.0008668015024559376,0.0008668015024559376,0.0026726379659058074,,0.0008668015024559376,0.006356544351343542,0.004478474429355677,0.0008668015024559376,0.008162380814793412,,,0.03178272175671771,0.03452759318116151,0.030915920254261774,0.0008668015024559376,,0.0008668015024559376,0.00722334585379948,0.04456804391794279,0.10459404796301647,0.0472406818838486,,,0.00361167292689974,0.12546951748049698,0.00361167292689974,0.00361167292689974,,,0.020875469517480497,,0.0008668015024559376,,,
,,0.0026726379659058074,,0.0026726379659058074,,0.004550707887893672,,0.00180583646344987,0.006356544351343542,,,,0.009968217278243282,0.007295579312337474,,,,0.0026726379659058074,0.0008668015024559376,0.0008668015024559376,,0.0026726379659058074,,0.00180583646344987,,,,,,0.0008668015024559376,0.3328517769430801,0.0008668015024559376,,,,,,,,0.008162380814793412,0.0008668015024559376,,0.0008668015024559376,0.0008668015024559376,,,0.0026726379659058074,0.0008668015024559376,0.0008668015024559376,0.00180583646344987,,,0.03279399017624964,0.07570066454781856,0.039222767986131175,0.0008668015024559376,,,0.0026726379659058074,0.06472117885004335,0.1595637099104305,0.06472117885004335,,,,0.1459115862467495,,0.0008668015024559376,,,0.011846287200231146,,0.00180583646344987,0.0008668015024559376,,0.0026726379659058074
,0.00180583646344987,0.004622941346431667,,,,0.0027448714244438024,0.00180583646344987,0.0008668015024559376,0.0055619763074255995,,,,0.01401329095637099,0.010257151112395262,0.0008668015024559376,,0.0008668015024559376,0.0027448714244438024,0.00180583646344987,0.0008668015024559376,,0.0008668015024559376,,0.004622941346431667,0.0008668015024559376,,,,,0.00180583646344987,0.2863334296446114,,,,0.0008668015024559376,,,,,0.00180583646344987,0.0027448714244438024,,0.0008668015024559376,,,0.0027448714244438024,0.00180583646344987,,,0.0008668015024559376,,,0.0403062698642011,0.04500144466917076,0.023403640566310314,0.00180583646344987,,,0.0008668015024559376,0.07598959838197053,0.16895405952036985,0.06753828373302513,,,0.00180583646344987,0.18116151401329095,0.0008668015024559376,0.0027448714244438024,,,0.02903785033227391,,0.0027448714244438024,,,0.0027448714244438024
,,0.003683906385437735,,0.0008668015024559376,,0.006428777809881537,0.0008668015024559376,0.00180583646344987,0.0027448714244438024,,,,0.012857555619763074,0.010112684195319271,0.0008668015024559376,,,0.0027448714244438024,,0.0008668015024559376,,0.0008668015024559376,,0.0027448714244438024,,,,,,,0.28611672926899745,,,,,,,0.0008668015024559376,,0.0027448714244438024,0.00180583646344987,,0.0008668015024559376,0.00180583646344987,,0.004550707887893672,0.0027448714244438024,0.004550707887893672,,0.0008668015024559376,,,0.04334007512279688,0.04796301646922855,0.03322739092747761,0.00180583646344987,,,0.0008668015024559376,0.05720889916209188,0.1873735914475585,0.05901473562554175,,,0.003683906385437735,0.18094481363767698,0.0008668015024559376,0.0008668015024559376,0.0008668015024559376,,0.023981508234614275,,0.0008668015024559376,,,0.0027448714244438024
,,0.003683906385437735,,,,0.010112684195319271,,0.00180583646344987,0.004622941346431667,,,,0.03236058942502167,0.01292978907830107,,,0.0008668015024559376,0.0008668015024559376,,0.0008668015024559376,,0.0008668015024559376,,0.003683906385437735,0.0008668015024559376,,,,,0.00180583646344987,0.2127275353943947,,0.00180583646344987,,,,,,0.00180583646344987,0.0027448714244438024,0.0008668015024559376,,,,,0.010112684195319271,0.0008668015024559376,0.0027448714244438024,0.0008668015024559376,0.003683906385437735,,,0.0388616006934412,0.0471684484253106,0.035177694308003465,0.0008668015024559376,,,,0.07310026004045074,0.22031204854088413,0.041606472117885006,,,0.00180583646344987,0.20456515457960128,0.00180583646344987,0.00180583646344987,,,0.014807859000288933,,0.00180583646344987,,,0.0027448714244438024
,,0.0026726379659058074,,,,0.00361167292689974,0.00180583646344987,,0.0008668015024559376,,,,0.029110083790811904,0.010907252239237214,0.00180583646344987,,,0.0026726379659058074,,0.00180583646344987,,0.00180583646344987,0.0008668015024559376,0.00361167292689974,0.004550707887893672,,,,,0.0008668015024559376,0.155518636232303,,,,,,,,0.0008668015024559376,,0.00541750939034961,,,,,0.006356544351343542,0.0008668015024559376,0.00722334585379948,0.0008668015024559376,0.016324761629586824,,,0.051863623230280265,0.048251950303380524,0.03452759318116151,0.0008668015024559376,,,0.00541750939034961,0.07187229124530482,0.19936434556486565,0.05822016758162381,,,0.00180583646344987,0.2276076278532216,0.00180583646344987,0.008162380814793412,,,0.020875469517480497,,0.0008668015024559376,,0.0008668015024559376,0.00722334585379948
,,0.00180583646344987,,0.0008668015024559376,,0.003683906385437735,0.0008668015024559376,0.0008668015024559376,0.0008668015024559376,,0.0008668015024559376,,0.03597226235192141,0.00917364923432534,,,,0.008234614273331407,,0.0008668015024559376,,0.00180583646344987,,0.0027448714244438024,0.013796590580757006,,,,,0.00180583646344987,0.042328806703265,,0.005489742848887605,0.00180583646344987,,,,0.0008668015024559376,0.005489742848887605,0.0027448714244438024,,,,,,0.008234614273331407,,0.011051719156313203,0.0027448714244438024,0.006428777809881537,,,0.033155157468939614,0.14937879225657325,0.04146200520080901,,,0.0008668015024559376,0.005489742848887605,0.06175960704998555,0.21301646922854667,0.10878358855822017,,,,0.15862467494943658,0.00180583646344987,0.00180583646344987,,,0.04146200520080901,0.0027448714244438024,0.0008668015024559376,,,0.00736781277087547
,,0.00361167292689974,,0.0008668015024559376,,0.0008668015024559376,,0.007295579312337474,0.00180583646344987,,,,0.01097948569777521,0.007295579312337474,,,,0.0008668015024559376,,,,0.00180583646344987,,0.00361167292689974,0.013724357122219012,,,,,,0.3932389482808437,,0.0008668015024559376,0.00180583646344987,0.0008668015024559376,,,,,0.006356544351343542,,,,,0.0027448714244438024,0.00361167292689974,0.0008668015024559376,0.005489742848887605,0.0027448714244438024,0.00361167292689974,,,0.027448714244438024,0.07974573822594626,0.023837041317538284,0.0008668015024559376,,,0.011918520658769142,0.044929211210632765,0.0999711066165848,0.06139843975729558,,,,0.15862467494943658,,0.0008668015024559376,,,0.007295579312337474,,0.0008668015024559376,,,0.007295579312337474
,,0.0027448714244438024,,0.0008668015024559376,,0.0008668015024559376,,,0.003683906385437735,,,,0.0027448714244438024,0.004622941346431667,0.003683906385437735,,,0.00180583646344987,,0.0008668015024559376,,0.00180583646344987,0.0008668015024559376,0.004622941346431667,,,,,,0.0008668015024559376,0.4193152268130599,0.0008668015024559376,,,0.00180583646344987,,,,,,,,,,,0.004622941346431667,0.0008668015024559376,0.0008668015024559376,,0.0008668015024559376,,0.0008668015024559376,0.03712799768852933,0.03243282288355966,0.020369835307714534,0.00180583646344987,,,0.004622941346431667,0.08444091303091592,0.1568910719445247,0.040811904073967065,,,,0.15039006067610516,,0.0008668015024559376,,,0.0055619763074255995,,0.0008668015024559376,,,0.003683906385437735
,,0.00180583646344987,,0.0008668015024559376,,0.0008668015024559376,,,0.00180583646344987,0.0008668015024559376,,,0.0008668015024559376,0.0055619763074255995,0.003683906385437735,,0.0008668015024559376,0.0008668015024559376,,,,,,0.00180583646344987,,,,,,0.0008668015024559376,0.4517480496966195,,,,,,,,,,,0.0008668015024559376,,,0.00180583646344987,0.0027448714244438024,0.0008668015024559376,0.0008668015024559376,0.0008668015024559376,0.00180583646344987,,,0.030771453337185783,0.024270442068766253,0.02983241837619185,,,,0.004622941346431667,0.07468939612828662,0.1708321294423577,0.018636232302802657,,,0.0008668015024559376,0.1372435712221901,,0.0008668015024559376,,,0.020514302224790525,,0.00180583646344987,,,0.0027448714244438024
,,0.0017336030049118752,,0.0008668015024559376,,0.0017336030049118752,,,,0.0008668015024559376,,,0.0017336030049118752,0.007151112395261485,0.004478474429355677,,,,,,,0.0017336030049118752,,0.0008668015024559376,,,,,,,0.4195319271886738,,,0.0008668015024559376,,,,,,0.0026726379659058074,,,,0.0008668015024559376,,0.0035394394683617453,0.0026726379659058074,0.0026726379659058074,,0.006212077434267552,,,0.03763363189829529,0.028676683039583935,0.026004045073678126,,,,0.004478474429355677,0.06638254839641722,0.17133776365212366,0.036766830395839355,,,0.0008668015024559376,0.15342386593470095,0.0026726379659058074,,,,0.008956948858711355,,0.0008668015024559376,,,0.0017336030049118752
,,0.0008668015024559376,,0.00180583646344987,,0.006356544351343542,0.0008668015024559376,0.004550707887893672,0.0026726379659058074,,,,0.008162380814793412,0.008162380814793412,0.0026726379659058074,,,0.0008668015024559376,0.00180583646344987,,,0.0026726379659058074,,0.00361167292689974,0.0008668015024559376,,,,,0.0008668015024559376,0.31197630742559956,,,0.00180583646344987,,,,,0.00361167292689974,,0.0026726379659058074,,,0.00180583646344987,,0.00361167292689974,0.00541750939034961,0.010907252239237214,0.00180583646344987,0.006356544351343542,,,0.04095637099104305,0.05366945969373014,0.037272464605605314,,,,0.00180583646344987,0.06551574689396128,0.15472406818838486,0.05915920254261774,,,0.0026726379659058074,0.17025426177405373,0.00180583646344987,0.0008668015024559376,,,0.010907252239237214,,0.00180583646344987,,,0.00180583646344987
,,0.00180583646344987,,0.00180583646344987,,0.003683906385437735,0.0027448714244438024,0.0008668015024559376,0.003683906385437735,0.00180583646344987,,,0.008306847731869403,0.009245882692863335,0.0027448714244438024,,,0.0027448714244438024,,0.004622941346431667,,0.0027448714244438024,0.0008668015024559376,0.006428777809881537,0.0027448714244438024,,,,,,0.13247616295868236,,,0.0008668015024559376,,,0.0008668015024559376,0.00180583646344987,0.003683906385437735,0.003683906385437735,0.0027448714244438024,,,0.0027448714244438024,,0.0055619763074255995,0.00180583646344987,0.004622941346431667,0.0008668015024559376,0.0008668015024559376,,,0.0500577867668304,0.07512279687951459,0.031493787922565734,,,,,0.06212077434267553,0.23649234325339497,0.08718578445535972,,,0.003683906385437735,0.20680439179427912,,0.00180583646344987,,,0.0194308003467206,0.00180583646344987,0.00180583646344987,,,0.0027448714244438024
,,0.0009390349609939324,,0.0009390349609939324,,0.0018780699219878647,,0.0018780699219878647,0.0018780699219878647,0.0009390349609939324,,,0.02275353943946836,0.0066454781854955215,0.0018780699219878647,,,0.0018780699219878647,,0.0009390349609939324,,0.002817104882981797,,0.011340652990465184,0.01704709621496677,,,,,,0.1045218145044784,,,0.0037561398439757295,,,,,0.0009390349609939324,0.011340652990465184,0.0018780699219878647,,,,0.002817104882981797,0.010401618029471251,,0.004695174804969662,0.0037561398439757295,0.005634209765963594,,,0.03987286911297313,0.08162380814793413,0.032288355966483676,,,,0.0018780699219878647,0.08826928633342965,0.1737937012424155,0.10820572088991622,,,0.0018780699219878647,0.2155446402773765,,0.0018780699219878647,,,0.029399017624963882,,,,,0.0018780699219878647
,,0.0009390349609939324,,0.002817104882981797,,0.0009390349609939324,,0.0009390349609939324,0.002817104882981797,,,,0.008451314648945392,0.010329384570933256,,0.0009390349609939324,,,,,,0.002817104882981797,,0.008451314648945392,0.013146489453915054,,0.0018780699219878647,,,0.0009390349609939324,0.38095926032938454,0.0009390349609939324,,0.0037561398439757295,,,,0.005634209765963594,0.002817104882981797,,0.0009390349609939324,,,,0.002817104882981797,0.007512279687951459,0.0009390349609939324,0.0037561398439757295,0.002817104882981797,0.004695174804969662,,,0.03864490031782722,0.050924588269286336,0.027304247327362034,0.0009390349609939324,,,0.002817104882981797,0.0499855533082924,0.11412886449003179,0.07447269575267264,,,,0.1471395550418954,0.0018780699219878647,,,,0.014085524414908986,,0.0018780699219878647,,,0.002817104882981797
,,0.0008668015024559376,,0.0017336030049118752,,0.004478474429355677,0.0008668015024559376,,0.008090147356255418,,,,0.008090147356255418,0.009895983819705287,,0.0008668015024559376,,,,,,0.0026726379659058074,,0.0035394394683617453,0.008090147356255418,,0.0017336030049118752,,,0.0026726379659058074,0.35423288067032654,,,,,,,0.0017336030049118752,0.0008668015024559376,0.0017336030049118752,0.0026726379659058074,,,,,0.004478474429355677,0.0008668015024559376,0.008090147356255418,0.0026726379659058074,0.0035394394683617453,0.0008668015024559376,,0.03416642588847154,0.052152557064432246,0.03142155446402774,,,,,0.06204854088413753,0.16014157757873446,0.03597226235192141,,,0.0017336030049118752,0.15652990465183472,,,,,0.02513724357122219,,0.0026726379659058074,,,0.0026726379659058074
,,0.0027448714244438024,,0.0027448714244438024,0.0008668015024559376,0.007295579312337474,0.0008668015024559376,0.02015313493210055,0.0027448714244438024,0.0027448714244438024,,,0.011918520658769142,0.007295579312337474,,,,0.004550707887893672,,,,0.0027448714244438024,,,0.00361167292689974,,0.0008668015024559376,,,0.0008668015024559376,0.1841230858133488,,,0.0008668015024559376,,0.0008668015024559376,,,,0.0027448714244438024,0.0027448714244438024,,0.00180583646344987,,,0.004550707887893672,,0.005489742848887605,0.00180583646344987,,0.0008668015024559376,,0.0569199653279399,0.07432822883559664,0.02932678416642589,,,,0.0027448714244438024,0.07801213522103438,0.1679427911008379,0.06053163825483964,,,0.00180583646344987,0.2166281421554464,,,,,0.023837041317538284,0.0027448714244438024,0.00180583646344987,,,0.005489742848887605
,,0.00541750939034961,,0.00180583646344987,,0.00541750939034961,,0.00722334585379948,0.009968217278243282,,,,0.014518925166136955,0.00722334585379948,,,,0.0008668015024559376,,,,0.0008668015024559376,,0.0008668015024559376,0.00361167292689974,,,,,,0.2518058364634498,,,0.00902918231724935,0.0008668015024559376,,,0.00180583646344987,0.00361167292689974,0.0008668015024559376,0.0008668015024559376,,,,,0.006356544351343542,0.00541750939034961,0.004478474429355677,0.0008668015024559376,0.00361167292689974,0.00180583646344987,,0.055475296157180005,0.06457671193296735,0.03452759318116151,0.0008668015024559376,,,0.004478474429355677,0.06089280554752961,0.19098526437445826,0.040884137532505055,0.00180583646344987,,,0.16462005200809016,0.00180583646344987,0.00361167292689974,,,0.02000866801502456,,0.00180583646344987,0.00180583646344987,,0.0026726379659058074
,,0.00874024848309737,,0.0009390349609939324,,0.004839641722045651,,0.005778676683039584,0.0038283733025137245,,0.0009390349609939324,,0.01748049696619474,0.00874024848309737,,,,0.0009390349609939324,,,,,,0.0009390349609939324,0.0009390349609939324,,0.0009390349609939324,,,0.0018780699219878647,0.21662814215544646,,,0.007728980063565444,,,,,0.0018780699219878647,0.005778676683039584,0.0018780699219878647,,,,,0.005778676683039584,0.0018780699219878647,0.0018780699219878647,,0.0038283733025137245,0.0009390349609939324,,0.04377347587402485,0.08176827506501011,0.038933834151979194,,,,0.0018780699219878647,0.06327650967928344,0.15869690840797457,0.0652268130598093,,,,0.21908407974573824,0.002889338341519792,0.002889338341519792,,,0.015530193585668883,,0.0009390349609939324,,,
,,0.005850910141577579,,0.002889338341519792,,0.010762785322161225,,0.0019503033805258595,0.003900606761051719,,,,0.01762496388327073,0.014663392083212944,0.0019503033805258595,,,0.0019503033805258595,0.0009390349609939324,,,,,0.002889338341519792,0.0009390349609939324,,0.0009390349609939324,,,0.003900606761051719,0.09932100548974288,0.0009390349609939324,,0.008812481941635366,,,,0.0019503033805258595,0.005850910141577579,0.003900606761051719,0.0019503033805258595,0.0009390349609939324,,0.0019503033805258595,,0.0019503033805258595,0.003900606761051719,0.009751516902629298,0.003900606761051719,0.026437445824906095,0.0009390349609939324,,0.04319560820572089,0.05294712510835019,0.03134932100548974,0.0009390349609939324,,,,0.08241837619185206,0.2277520947702976,0.07165559086969084,,,,0.22479052297023983,0.002889338341519792,,,0.0009390349609939324,0.014663392083212944,0.0009390349609939324,0.0009390349609939324,,,0.0009390349609939324
,,0.0019503033805258595,,0.0009390349609939324,,0.007801213522103438,0.0009390349609939324,0.0019503033805258595,0.010762785322161225,,0.004911875180583647,,0.03344409130309159,0.019647500722334586,0.0009390349609939324,0.0019503033805258595,,0.0019503033805258595,0.0019503033805258595,,,,,0.004911875180583647,0.004911875180583647,,,,,0.0019503033805258595,0.06508234614273345,0.0009390349609939324,,0.007801213522103438,0.0009390349609939324,,0.0019503033805258595,0.006862178561109506,0.0166859289222768,0.011774053741693153,0.0009390349609939324,,,,0.010762785322161225,0.006862178561109506,0.002889338341519792,0.008812481941635366,0.006862178561109506,0.003900606761051719,0.002889338341519792,,0.03734469806414331,0.0737503611672927,0.027520947702976018,0.0009390349609939324,,,0.009823750361167293,0.08848598670904363,0.14945102571511124,0.12590291823172495,,,,0.1956804391794279,0.0019503033805258595,,,0.0009390349609939324,0.026509679283444092,0.0019503033805258595,,0.0009390349609939324,,0.0019503033805258595
,,0.004839641722045651,,0.0009390349609939324,,0.0018780699219878647,,0.007728980063565444,0.010618318405085236,,0.002889338341519792,,0.018419531927188672,0.007728980063565444,,,,,,,,,,0.008668015024559377,0.0009390349609939324,,0.0009390349609939324,,,0.0009390349609939324,0.38926610806125383,,,0.005778676683039584,,,,0.0018780699219878647,0.009679283444091302,0.0018780699219878647,0.0009390349609939324,,,,0.0009390349609939324,0.004839641722045651,0.0018780699219878647,0.004839641722045651,0.005778676683039584,0.002889338341519792,0.0018780699219878647,,0.02903785033227391,0.05814793412308581,0.026148511990754117,,,,0.010618318405085236,0.05330829240104016,0.08147934123085813,0.06984975440624097,,,,0.14063854377347587,0.0009390349609939324,0.0009390349609939324,,,0.025209477029760185,0.0018780699219878647,,0.0009390349609939324,,0.0018780699219878647
,,0.003106038717133776,,0.0010112684195319273,,0.003106038717133776,,0.0010112684195319273,0.0010112684195319273,,,,0.009318116151401329,0.008234614273331407,0.0010112684195319273,,,0.005128575556197631,,,,,,0.004117307136665704,0.0010112684195319273,,0.0010112684195319273,,,,0.2683472984686507,0.0010112684195319273,,,0.0010112684195319273,,,,,0.003106038717133776,0.0020225368390638545,,,,,0.005128575556197631,0.0010112684195319273,,,,0.0010112684195319273,,0.04969661947414042,0.04868535105460849,0.02275353943946836,0.0010112684195319273,,,0.00722334585379948,0.07562843108928055,0.19474140421843397,0.07454492921121063,,,,0.18542328806703265,,,,,0.01654146200520081,0.0010112684195319273,0.0010112684195319273,,,
,,0.005778676683039584,,,,0.004839641722045651,,0.002889338341519792,0.002889338341519792,0.0038283733025137245,,,0.008668015024559377,0.006717711644033516,,0.0009390349609939324,0.0018780699219878647,0.0009390349609939324,,,,,,,,,,,,,0.29709621496677263,,,,0.0009390349609939324,,,0.0009390349609939324,,0.0018780699219878647,0.0009390349609939324,,,,,0.005778676683039584,0.0009390349609939324,0.012568621785611096,0.0009390349609939324,0.0038283733025137245,0.0009390349609939324,,0.041606472117885006,0.044495810459404796,0.02419820861022826,,,,0.002889338341519792,0.07938457093325628,0.1432389482808437,0.07259462583068477,,,,0.20521525570644322,0.0009390349609939324,,,,0.017408263507656747,0.0009390349609939324,,0.0009390349609939324,,
,,,,0.0009390349609939324,,0.004695174804969662,,0.006573244726957527,0.002817104882981797,0.0037561398439757295,,,0.021742271019936435,0.00946258306847732,0.0009390349609939324,0.0009390349609939324,,0.0009390349609939324,,,,0.0009390349609939324,,0.008523548107483386,0.0018780699219878647,,,,,,0.3021525570644322,,,0.002817104882981797,0.0009390349609939324,,,0.0009390349609939324,,0.005634209765963594,,,,,,0.00946258306847732,0.0009390349609939324,0.0037561398439757295,0.0009390349609939324,0.008523548107483386,,,0.024631609361456225,0.04832418376191852,0.04261774053741693,,,,0.0018780699219878647,0.06919965327939902,0.16772609072522393,0.053019358566888185,,,,0.1554464027737648,,,,,0.03409419242993354,0.0018780699219878647,,0.0009390349609939324,,
,,0.0008668015024559376,,0.003683906385437735,0.0008668015024559376,0.005489742848887605,,0.003683906385437735,0.004622941346431667,0.005489742848887605,,,0.00736781277087547,0.011990754117307137,0.0008668015024559376,,,,0.0008668015024559376,,,0.0008668015024559376,,,0.00180583646344987,,,,,,0.2538283733025136,,,,0.0008668015024559376,,,0.0008668015024559376,,0.0008668015024559376,,,0.0008668015024559376,0.00180583646344987,,0.003683906385437735,0.0027448714244438024,0.003683906385437735,,0.0027448714244438024,,,0.025931811615140132,0.050924588269286336,0.04904651834729847,,,,0.00180583646344987,0.08704131753828373,0.17971684484253106,0.06854955215255706,,0.0008668015024559376,,0.19828084368679572,0.00180583646344987,,,,0.011990754117307137,0.00180583646344987,,0.00180583646344987,,
,,0.0027448714244438024,,0.00180583646344987,,0.007440046229413464,,0.00180583646344987,0.004622941346431667,0.00180583646344987,0.00180583646344987,,0.0065010112684195315,0.008379081190407396,0.0008668015024559376,,,0.004622941346431667,,,,0.0008668015024559376,,0.0027448714244438024,0.004622941346431667,,,,,,0.16396995088124822,,,0.00180583646344987,,,,,,0.00180583646344987,,,0.0008668015024559376,,,0.009318116151401329,0.007440046229413464,0.003683906385437735,0.023403640566310314,0.00180583646344987,,,0.05800346720600982,0.044929211210632765,0.054247327362034095,,,,0.0008668015024559376,0.07483386304536262,0.19474140421843397,0.06551574689396128,,,0.0008668015024559376,0.21344986997977464,0.007440046229413464,0.004622941346431667,,,0.013074255995377058,0.00180583646344987,0.0008668015024559376,,,
,,0.004695174804969662,,,,0.008451314648945392,,0.002817104882981797,0.004695174804969662,,0.002817104882981797,,0.03113262062987576,0.008451314648945392,0.0009390349609939324,,,0.0037561398439757295,,0.0009390349609939324,,0.0009390349609939324,,0.002817104882981797,0.004695174804969662,,,,,,0.17675527304247318,,,0.0018780699219878647,,,,,,0.002817104882981797,,0.0009390349609939324,,,,0.0037561398439757295,0.007512279687951459,0.006573244726957527,0.008451314648945392,0.004695174804969662,,,0.04059520369835308,0.10206587691418666,0.0500577867668304,0.0018780699219878647,,,0.002817104882981797,0.06139843975729558,0.16729268997399596,0.0888471540017336,0.002817104882981797,,0.0018780699219878647,0.15024559375902918,0.0009390349609939324,0.007512279687951459,,,0.026437445824906095,0.0037561398439757295,0.0009390349609939324,,,
,,0.0009390349609939324,,,,0.00874024848309737,,0.0009390349609939324,0.0009390349609939324,0.0009390349609939324,,,0.016613695463738806,0.00874024848309737,,,,0.004839641722045651,,0.0009390349609939324,,,0.0009390349609939324,0.004839641722045651,0.0019503033805258595,,,,,,0.485770008668015,,,0.0009390349609939324,0.0009390349609939324,,,,0.0019503033805258595,0.005850910141577579,0.003900606761051719,0.0019503033805258595,0.0009390349609939324,,,0.0009390349609939324,0.0019503033805258595,0.004839641722045651,,,,,0.02932678416642589,0.046879514591158626,0.022464605605316382,,,,,0.051791389771742274,0.09484253106038718,0.06551574689396128,0.0009390349609939324,,0.002889338341519792,0.09484253106038718,0.002889338341519792,0.0067899451025715115,,,0.018563998844264663,,0.0009390349609939324,,,
,,0.0010112684195319273,,,,0.012207454492921122,,0.0020225368390638545,0.0010112684195319273,,,,0.006067610517191563,0.01430222479052297,0.0020225368390638545,,,0.0020225368390638545,,,,,,0.005056342097659636,,,,,,,0.2545507078878937,,,,,,,0.0010112684195319273,,0.0030338052585957816,,0.0010112684195319273,,0.0010112684195319273,,0.0010112684195319273,,0.004045073678127709,0.0030338052585957816,0.0030338052585957816,,,0.04391794279110084,0.056197630742559956,0.04803524992776654,,,,0.0010112684195319273,0.07461716266974863,0.1625252817104883,0.06334874313782143,,,0.0010112684195319273,0.20030338052585958,0.006067610517191563,,,,0.024487142444380237,,0.0010112684195319273,,,
,,0.005995377058653569,,,,0.012062987575845131,,0.0009390349609939324,0.0009390349609939324,,,,0.005995377058653569,0.008017913897717423,0.0019503033805258595,,,0.003972840219589714,0.004984108639121641,,0.0009390349609939324,,,0.0019503033805258595,,,,,,0.0009390349609939324,0.19084079745738247,,,,,0.0009390349609939324,,,,0.003972840219589714,,,0.0009390349609939324,,,0.003972840219589714,0.0019503033805258595,0.005995377058653569,0.0009390349609939324,,,,0.047385148800924586,0.04839641722045652,0.047385148800924586,,,,0.003972840219589714,0.08270731002600404,0.1996532793990176,0.06450447847442936,,,,0.20066454781854956,0.008017913897717423,,,,0.03423865934700954,,,0.0019503033805258595,0.0009390349609939324,0.0019503033805258595
,,0.0018780699219878647,,,,0.0067899451025715115,,,0.0018780699219878647,,0.0009390349609939324,,0.011629586824617164,0.007728980063565444,0.0018780699219878647,,,0.0009390349609939324,0.002889338341519792,,0.0009390349609939324,,,0.0018780699219878647,0.0018780699219878647,,,,,0.0009390349609939324,0.28611672926899745,,,,0.0009390349609939324,,0.0009390349609939324,,,0.0009390349609939324,,,0.0009390349609939324,,,0.007728980063565444,0.0018780699219878647,0.0038283733025137245,0.0018780699219878647,0.0009390349609939324,,,0.038933834151979194,0.05749783299624386,0.03698353077145334,,,,0.002889338341519792,0.062337474718289515,0.1832562843108928,0.060387171337763654,,,0.0009390349609939324,0.19401906963305404,0.00874024848309737,,,,0.0038283733025137245,,,0.0009390349609939324,,0.0009390349609939324
,,0.0009390349609939324,,,,0.005778676683039584,,0.002889338341519792,,0.0009390349609939324,,,0.016324761629586824,0.007656746605027449,0.0009390349609939324,0.0009390349609939324,,0.0038283733025137245,0.0009390349609939324,,0.002889338341519792,0.0009390349609939324,,0.0009390349609939324,0.0009390349609939324,,,,,0.002889338341519792,0.21836174516035833,,,,,,,0.0009390349609939324,0.0018780699219878647,0.0038283733025137245,,,,,,0.002889338341519792,,0.005778676683039584,,0.0018780699219878647,,,0.03850043340075123,0.08668015024559377,0.04427911008379081,,,,0.0038283733025137245,0.08863045362611961,0.19271886737937013,0.05684773186940191,,,,0.1859289222767986,0.005778676683039584,,,,0.01054608494654724,,,,,0.0009390349609939324
,,0.0029615718000577866,,0.0009390349609939324,,0.012062987575845131,,0.003972840219589714,,0.0009390349609939324,,,0.014085524414908986,0.008017913897717423,0.0009390349609939324,,,0.0029615718000577866,0.004984108639121641,0.0009390349609939324,0.0019503033805258595,,,0.007006645478185495,0.0029615718000577866,,,,,,0.13962727535394404,,,0.0009390349609939324,,,,0.0009390349609939324,0.0019503033805258595,0.003972840219589714,0.005995377058653569,,,,,0.003972840219589714,,0.0029615718000577866,0.0029615718000577866,0.0029615718000577866,,,0.03929500144466917,0.08668015024559377,0.03322739092747761,,,,0.0029615718000577866,0.07663969950881248,0.16743715689107194,0.07967350476740827,,,0.0019503033805258595,0.23093036694596938,0.018130598093036694,0.0019503033805258595,,,0.02622074544929211,0.0019503033805258595,,,,0.0019503033805258595
,,0.0019503033805258595,,0.0009390349609939324,,0.002889338341519792,,0.0019503033805258595,0.0009390349609939324,,0.0009390349609939324,,0.01957526726379659,0.007801213522103438,0.002889338341519792,,,0.0009390349609939324,0.004839641722045651,0.0009390349609939324,0.0019503033805258595,0.0009390349609939324,,0.005850910141577579,0.003900606761051719,,,,,0.0009390349609939324,0.2034094192429936,,,0.002889338341519792,0.0009390349609939324,,,0.002889338341519792,0.0009390349609939324,0.004839641722045651,,,,0.0009390349609939324,,,,0.005850910141577579,0.005850910141577579,0.0009390349609939324,,,0.04514591158624675,0.12265241259751516,0.0500577867668304,,,,0.004839641722045651,0.05988153712799769,0.1472117885004334,0.09325339497255128,,,0.0009390349609939324,0.14331118173938168,0.006862178561109506,,,,0.03134932100548974,,0.0019503033805258595,0.0009390349609939324,,0.0019503033805258595
,,0.0029615718000577866,,,,0.0009390349609939324,,0.0029615718000577866,,,,,0.003972840219589714,0.008017913897717423,0.0009390349609939324,,,,0.003972840219589714,0.0009390349609939324,0.0019503033805258595,,,0.005995377058653569,0.0029615718000577866,,,,,,0.41779832418376206,,,0.0019503033805258595,,,,,0.0019503033805258595,0.0019503033805258595,,,0.0009390349609939324,,,0.0019503033805258595,,0.003972840219589714,0.0009390349609939324,0.005995377058653569,,,0.03409419242993354,0.06226524125975152,0.035105460849465475,,,,0.005995377058653569,0.050202253683906385,0.09939323894828084,0.08234614273331407,,,,0.1456226524125975,,,,,0.007006645478185495,,0.0019503033805258595,,,0.0029615718000577866
,,0.0009390349609939324,,0.0009390349609939324,,0.004984108639121641,,0.005995377058653569,,,,,0.028171048829817972,0.011051719156313203,0.0009390349609939324,,,0.0029615718000577866,0.0009390349609939324,,,,,0.005995377058653569,0.004984108639121641,,,,,,0.19358566888182605,0.0009390349609939324,,0.0009390349609939324,0.0009390349609939324,0.0019503033805258595,,,0.0019503033805258595,0.005995377058653569,,,,,,0.0019503033805258595,,0.0019503033805258595,0.0019503033805258595,0.0009390349609939324,0.0009390349609939324,,0.03618896272753539,0.09455359722623519,0.033155157468939614,,,,0.008017913897717423,0.08956948858711355,0.19625830684773188,0.06436001155735337,,,0.0009390349609939324,0.16303091592025426,0.003972840219589714,0.0009390349609939324,,,0.024125975151690262,,0.0029615718000577866,,,
,,0.0020225368390638545,,0.003106038717133776,,0.005200809014735626,,0.004117307136665704,,,,,0.013507656746605028,0.009318116151401329,0.0020225368390638545,,,0.0020225368390638545,0.0020225368390638545,0.0010112684195319273,0.0010112684195319273,,,,0.006212077434267552,,,,,,0.19921987864778967,,,,,,,,,0.004117307136665704,0.0010112684195319273,,,,0.0010112684195319273,0.0020225368390638545,,0.0020225368390638545,,0.0020225368390638545,,,0.03221612250794568,0.06977752094770298,0.0374891649812193,,,,0.004117307136665704,0.0790956370991043,0.1738659347009535,0.09267552730424733,,,0.0010112684195319273,0.1999422132331696,0.005200809014735626,,,,0.04059520369835308,,0.0010112684195319273,,,
,,0.0029615718000577866,,0.0019503033805258595,,0.01292978907830107,,0.003972840219589714,0.0009390349609939324,,,,0.007945680439179427,0.009968217278243282,0.0009390349609939324,,,0.0019503033805258595,,0.0009390349609939324,,0.0029615718000577866,,0.0009390349609939324,0.01097948569777521,,,,,,0.27593181161514024,,,0.0019503033805258595,,,,0.0009390349609939324,0.003972840219589714,0.0009390349609939324,0.0019503033805258595,0.0009390349609939324,0.0019503033805258595,0.0009390349609939324,0.0019503033805258595,0.0029615718000577866,0.005923143600115573,0.0019503033805258595,,,,,0.04290667437156891,0.051863623230280265,0.031927188673793704,,,,0.0009390349609939324,0.06883848598670904,0.12676971973418089,0.08285177694308003,0.0009390349609939324,,0.0009390349609939324,0.17372146778387748,0.005923143600115573,0.01292978907830107,,,0.02889338341519792,,0.0029615718000577866,,,0.005923143600115573
,,0.002889338341519792,,,,0.003900606761051719,,0.002889338341519792,0.0009390349609939324,0.0009390349609939324,,,0.008812481941635366,0.009823750361167293,0.0019503033805258595,,,0.005850910141577579,,0.0009390349609939324,,0.002889338341519792,,0.006862178561109506,0.003900606761051719,,,,,0.0009390349609939324,0.5793123374747182,,,,,,,,0.002889338341519792,0.0019503033805258595,0.003900606761051719,,,0.0009390349609939324,0.0019503033805258595,0.006862178561109506,0.007801213522103438,,,0.0009390349609939324,,,0.03539439468361745,0.03243282288355966,0.011774053741693153,,,,0.002889338341519792,0.0471684484253106,0.05114128864490032,0.03835596648367524,0.0009390349609939324,,0.002889338341519792,0.09635943368968507,,0.004911875180583647,,,0.010762785322161225,,0.004911875180583647,,,
,,0.0047674082635076566,,0.0009390349609939324,,0.008668015024559377,0.0009390349609939324,0.005778676683039584,0.006717711644033516,0.0009390349609939324,,,0.017336030049118753,0.020225368390638543,0.002889338341519792,,,0.0038283733025137245,,,,0.002889338341519792,,,0.0047674082635076566,,,,0.006717711644033516,,0.15306269864201105,,,,,0.0009390349609939324,,,,0.0038283733025137245,0.002889338341519792,,0.0038283733025137245,0.0018780699219878647,0.0018780699219878647,0.0038283733025137245,0.010618318405085236,0.0018780699219878647,0.0038283733025137245,0.005778676683039584,,,0.03763363189829529,0.08400751227968795,0.045362611961860734,,,,0.0018780699219878647,0.05598093036694597,0.1014157757873447,0.10914475585091014,,,0.0009390349609939324,0.1777665414620052,,0.0047674082635076566,,,0.08790811904073967,,0.005778676683039584,,,0.005778676683039584
,,0.0018780699219878647,,,0.0009390349609939324,0.0018780699219878647,,0.0038283733025137245,0.0009390349609939324,,,,0.015313493210054898,0.007656746605027449,0.0038283733025137245,,,0.0038283733025137245,,0.0009390349609939324,,0.0018780699219878647,,,0.0047674082635076566,,,,,0.0009390349609939324,0.35199364345564865,,,0.0018780699219878647,,0.0038283733025137245,,0.0009390349609939324,,0.0009390349609939324,0.0038283733025137245,,,,0.002817104882981797,0.002817104882981797,0.009534816527015313,0.0009390349609939324,0.0047674082635076566,0.0057064432245015895,,,0.04789078301069055,0.05078012135221034,0.03445535972262352,0.0009390349609939324,,,0.0047674082635076566,0.03734469806414331,0.11889627275353944,0.08335741115284599,,,0.0018780699219878647,0.1361600693441202,0.0009390349609939324,0.0018780699219878647,,,0.03929500144466917,0.0009390349609939324,0.0018780699219878647,,,
,,0.00180583646344987,,,,0.004622941346431667,0.0008668015024559376,0.0008668015024559376,0.0008668015024559376,0.0008668015024559376,,,0.007440046229413464,0.007440046229413464,0.0008668015024559376,,,0.003683906385437735,0.0008668015024559376,0.00180583646344987,,0.00180583646344987,,0.00180583646344987,0.0027448714244438024,,,,,0.00180583646344987,0.4599826639699509,,,0.0008668015024559376,,0.00180583646344987,,,,0.0027448714244438024,0.0027448714244438024,,,0.00180583646344987,0.00180583646344987,,0.004622941346431667,0.008379081190407396,0.0008668015024559376,0.0027448714244438024,,,0.03546662814215545,0.06349321005489743,0.02239237214677839,,,,0.0065010112684195315,0.03734469806414331,0.0887749205431956,0.08032360589425022,,,0.0008668015024559376,0.1168015024559376,0.003683906385437735,,,,0.010257151112395262,,0.0055619763074255995,,,
,,0.003683906385437735,,0.0008668015024559376,,0.007440046229413464,,0.0008668015024559376,0.0065010112684195315,0.0008668015024559376,,,0.021453337185784457,0.008379081190407396,0.0008668015024559376,,,0.004622941346431667,0.0008668015024559376,,,,,,0.0008668015024559376,,,,,,0.3659347009534817,,,,0.0027448714244438024,,,,,0.003683906385437735,,,0.0008668015024559376,0.003683906385437735,,0.00180583646344987,0.0008668015024559376,0.0027448714244438024,0.0008668015024559376,0.004622941346431667,0.0008668015024559376,,0.04290667437156891,0.027954348454203987,0.02333140710777232,0.0027448714244438024,,,0.0008668015024559376,0.07468939612828662,0.14374458249060965,0.05598093036694597,,,,0.14937879225657325,0.0055619763074255995,0.0008668015024559376,,,0.020514302224790525,,0.0027448714244438024,,,0.0027448714244438024
,,0.0018780699219878647,,0.0018780699219878647,,0.002889338341519792,,0.0038283733025137245,0.002889338341519792,,,,0.015457960127130887,0.015457960127130887,,,,0.0018780699219878647,0.0018780699219878647,,,,,,,,,,,0.0009390349609939324,0.26820283155157465,,,,0.0018780699219878647,,,,0.0009390349609939324,0.005778676683039584,,0.0009390349609939324,,0.0018780699219878647,,0.002889338341519792,0.0009390349609939324,0.0038283733025137245,,0.0009390349609939324,,,0.039656168737359145,0.06385437734758741,0.042545507078878934,,,,,0.0667437156891072,0.194596937301358,0.057064432245015895,,,,0.1752383704131754,0.0038283733025137245,,,,0.01834729846865068,,0.0009390349609939324,,,
,,0.0018780699219878647,,,0.0009390349609939324,0.006717711644033516,0.0009390349609939324,,0.002889338341519792,,,,0.009679283444091302,0.009679283444091302,,,,0.002889338341519792,,,,,,0.007728980063565444,0.0018780699219878647,,,,,0.0009390349609939324,0.28062698642010986,,,,0.0009390349609939324,,,0.0009390349609939324,,0.0009390349609939324,0.0009390349609939324,,,0.0018780699219878647,,0.0018780699219878647,,0.0038283733025137245,0.0009390349609939324,0.0018780699219878647,0.0009390349609939324,,0.0541750939034961,0.04066743715689107,0.041606472117885006,,,,0.004839641722045651,0.05901473562554175,0.19849754406240971,0.060026004045073675,,,0.0009390349609939324,0.17133776365212366,0.005778676683039584,0.0009390349609939324,,,0.02029760184917654,,,,,
,,0.0018780699219878647,,0.0009390349609939324,,0.002889338341519792,0.0018780699219878647,0.002889338341519792,0.0009390349609939324,,,,0.02029760184917654,0.005778676683039584,0.0009390349609939324,,,0.0009390349609939324,,,,,,0.0018780699219878647,0.0018780699219878647,,,,,0.0009390349609939324,0.2159780410286044,0.0018780699219878647,,0.0018780699219878647,,,,,0.0009390349609939324,0.0038283733025137245,0.0009390349609939324,,0.0009390349609939324,0.0018780699219878647,,0.0009390349609939324,,0.002889338341519792,,,,,0.044495810459404796,0.06096503900606761,0.041606472117885006,,,,0.004839641722045651,0.060026004045073675,0.1597081768275065,0.07064432245015892,,,,0.25462294134643165,0.002889338341519792,0.002889338341519792,0.0009390349609939324,,0.017408263507656747,0.0009390349609939324,0.0018780699219878647,,,
,,0.024125975151690262,,,,0.007656746605027449,0.0009390349609939324,0.002889338341519792,0.0018780699219878647,,,,0.01444669170759896,0.010618318405085236,0.0009390349609939324,,,0.0038283733025137245,,0.0047674082635076566,,,,0.0018780699219878647,0.0009390349609939324,,,,,0.0009390349609939324,0.0907252239237214,,,0.0018780699219878647,,,,0.013507656746605028,0.0009390349609939324,0.009607049985553309,0.0018780699219878647,,,,0.0038283733025137245,0.0009390349609939324,,0.010618318405085236,0.0009390349609939324,0.002889338341519792,,,0.03763363189829529,0.10329384570933256,0.03763363189829529,0.002889338341519792,,,0.0009390349609939324,0.06082057208899162,0.17856110950592313,0.0916642588847154,,,0.0018780699219878647,0.22587402484830973,0.002889338341519792,0.0018780699219878647,,,0.03763363189829529,0.0018780699219878647,0.0009390349609939324,,,
,,0.00180583646344987,,,,0.004622941346431667,0.00180583646344987,0.014880092458826929,,,,,0.027954348454203987,0.009318116151401329,0.00180583646344987,,0.0008668015024559376,0.004622941346431667,,0.0008668015024559376,,,,0.007440046229413464,0.011123952614851199,,,,,,0.048540884137532436,,,,,0.0008668015024559376,,0.0008668015024559376,0.0008668015024559376,0.012062987575845131,0.009318116151401329,,,,,0.0027448714244438024,0.003683906385437735,0.0055619763074255995,,0.0008668015024559376,,,0.046590580757006644,0.11658480208032361,0.030771453337185783,0.0008668015024559376,,,0.0008668015024559376,0.03821149956659925,0.18282288355966483,0.152918231724935,0.0008668015024559376,,0.00180583646344987,0.21171626697486276,0.0027448714244438024,0.00180583646344987,,,0.03257728980063566,,0.0008668015024559376,0.00180583646344987,,0.003683906385437735
,,0.0047674082635076566,,,,0.005778676683039584,0.0009390349609939324,0.0009390349609939324,0.0038283733025137245,0.0009390349609939324,,,0.0124963883270731,0.0038283733025137245,,,0.0009390349609939324,0.0009390349609939324,,0.0009390349609939324,,,,0.002889338341519792,0.0038283733025137245,,,,,,0.41375325050563416,,,,,,,,0.0009390349609939324,0.0009390349609939324,,,,0.0009390349609939324,,,0.0018780699219878647,0.0018780699219878647,0.0047674082635076566,0.0018780699219878647,,,0.04052297023981508,0.03575556197630743,0.04052297023981508,,0.0009390349609939324,,,0.042473273620340944,0.111095059231436,0.08501878069921988,0.0009390349609939324,,0.002889338341519792,0.152629297890783,0.0009390349609939324,0.0009390349609939324,,,0.0124963883270731,,0.0009390349609939324,,,0.0018780699219878647
,,0.0018780699219878647,,0.002889338341519792,,0.01748049696619474,,,0.0038283733025137245,,,,0.00874024848309737,0.005778676683039584,,,,0.0018780699219878647,,,,,,0.0018780699219878647,0.0009390349609939324,,,,,0.0009390349609939324,0.2689973995954926,,,0.0009390349609939324,,,,0.0018780699219878647,0.0009390349609939324,0.0038283733025137245,,,,0.0009390349609939324,,0.002889338341519792,,0.0018780699219878647,0.0018780699219878647,0.0009390349609939324,,,0.07302802658191274,0.04673504767408263,0.03402195897139555,,,0.0009390349609939324,0.0018780699219878647,0.07302802658191274,0.1636087835885582,0.07591736492343254,,,,0.17819994221323318,0.0038283733025137245,,,,0.01654146200520081,,0.0009390349609939324,,,
,,0.004695174804969662,,,,0.007512279687951459,,,0.002817104882981797,,,,0.016035827795434845,0.006573244726957527,,,,0.0009390349609939324,,,,,,,,,,,,0.0018780699219878647,0.18636232302802658,,,0.0018780699219878647,,,,,,0.008451314648945392,,,,0.002817104882981797,,0.0009390349609939324,,0.0037561398439757295,,0.004695174804969662,,,0.046157180005778675,0.06508234614273331,0.033010690551863626,,,,0.0018780699219878647,0.06789945102571511,0.18578445535972263,0.09050852354810748,,,,0.2386593470095348,0.004695174804969662,,,,0.016035827795434845,,0.0009390349609939324,,,
,,0.0037561398439757295,,,,0.006573244726957527,,0.004695174804969662,0.0018780699219878647,,0.0018780699219878647,,0.016902629297890784,0.008451314648945392,,0.0009390349609939324,,0.006573244726957527,,,,,,0.0018780699219878647,0.002817104882981797,,,,,,0.2661080612539728,,,0.0009390349609939324,,,,0.0018780699219878647,0.0009390349609939324,0.0037561398439757295,,,,0.0037561398439757295,,0.0018780699219878647,,0.0018780699219878647,0.002817104882981797,0.002817104882981797,,,0.03857266685928922,0.05460849465472407,0.020658769141866512,,,,0.0009390349609939324,0.07338919387460272,0.16758162380814792,0.07526726379659059,,,0.007512279687951459,0.19206876625252817,0.004695174804969662,0.0009390349609939324,,,0.020658769141866512,,,,,
,,0.004839641722045651,,,,0.0019503033805258595,,,0.0019503033805258595,0.003900606761051719,,,0.018563998844264663,0.004839641722045651,,0.0019503033805258595,0.0009390349609939324,0.002889338341519792,,,,0.0009390349609939324,,,,,,,,,0.1855677549841086,,,,,,,0.0009390349609939324,0.0019503033805258595,0.0067899451025715115,,,,0.002889338341519792,0.002889338341519792,,,0.003900606761051719,0.0009390349609939324,0.007801213522103438,0.0009390349609939324,,0.046879514591158626,0.07230569199653279,0.03712799768852933,,,,0.0009390349609939324,0.09188095926032938,0.16620918809592602,0.08212944235770009,,0.0009390349609939324,0.002889338341519792,0.21409997110661658,0.004839641722045651,0.0009390349609939324,,,0.021453337185784457,,,,,
,,0.0055619763074255995,,,,0.006428777809881537,,0.0055619763074255995,0.0027448714244438024,0.0008668015024559376,0.00180583646344987,,0.014807859000288933,0.00736781277087547,0.00736781277087547,0.0008668015024559376,,0.0008668015024559376,,,,0.0008668015024559376,,0.004622941346431667,0.006428777809881537,,,,,0.00180583646344987,0.15963594336896858,,,,,,,,,0.0055619763074255995,0.0008668015024559376,,,0.0008668015024559376,,0.0008668015024559376,0.004622941346431667,0.003683906385437735,0.003683906385437735,0.0027448714244438024,,0.0008668015024559376,0.038933834151979194,0.054680728113262064,0.04261774053741693,,,,0.0008668015024559376,0.058364634498699795,0.21886737937012424,0.09917653857266685,0.0008668015024559376,0.0008668015024559376,0.00180583646344987,0.19105749783299625,0.006428777809881537,0.0008668015024559376,,,0.0305547529615718,0.00180583646344987,0.0008668015024559376,,,
,,0.0027448714244438024,,0.0008668015024559376,,0.006428777809881537,0.0008668015024559376,0.011051719156313203,,0.0008668015024559376,,,0.025787344698064145,0.010112684195319271,0.003683906385437735,,,0.0008668015024559376,0.0008668015024559376,,,0.0008668015024559376,,0.00736781277087547,0.004550707887893672,,,,,0.00180583646344987,0.03871713377636543,,,0.00180583646344987,,,,,,0.004550707887893672,,,,,,0.0008668015024559376,0.00180583646344987,0.005489742848887605,0.0008668015024559376,0.01654146200520081,,,0.033155157468939614,0.10878358855822017,0.039656168737359145,,0.0008668015024559376,,0.0027448714244438024,0.06638254839641722,0.1595637099104305,0.15212366368101704,0.00180583646344987,0.0008668015024559376,0.0027448714244438024,0.22406818838485987,0.0027448714244438024,0.0008668015024559376,,,0.05251372435712222,,0.0008668015024559376,,,0.0008668015024559376
,,0.0018780699219878647,,,,0.0037561398439757295,,0.0037561398439757295,0.0009390349609939324,0.0009390349609939324,,0.0018780699219878647,0.007512279687951459,0.0037561398439757295,,,0.0009390349609939324,0.0009390349609939324,,,,,,0.004695174804969662,0.004695174804969662,,,,,,0.6413608783588558,,,,,,,,,0.0037561398439757295,,,,,,0.002817104882981797,0.002817104882981797,0.0009390349609939324,,0.0018780699219878647,,0.0009390349609939324,0.027304247327362034,0.028243282288355966,0.010329384570933256,,,,0.006573244726957527,0.023548107483386305,0.06313204276220745,0.055547529615718,0.0018780699219878647,0.0009390349609939324,,0.07822883559664837,0.002817104882981797,0.0009390349609939324,0.0009390349609939324,,0.008451314648945392,,0.0009390349609939324,,,
,,0.0027448714244438024,,,,0.003683906385437735,,,0.00180583646344987,,,0.0027448714244438024,0.004622941346431667,0.007440046229413464,,,,0.004622941346431667,,,,,,0.004622941346431667,0.00180583646344987,,,,,0.0008668015024559376,0.36802947125108354,,,0.0008668015024559376,,,,,,0.003683906385437735,0.0008668015024559376,,,0.0008668015024559376,,0.0008668015024559376,0.0008668015024559376,0.00180583646344987,0.0008668015024559376,,,,0.039222767986131175,0.04110083790811904,0.02333140710777232,,,,0.014952325917364924,0.052297023981508234,0.17285466628142154,0.05887026870846576,,0.0008668015024559376,0.0008668015024559376,0.14388904940768563,0.0027448714244438024,0.00180583646344987,0.0027448714244438024,,0.02708754695174805,,0.003683906385437735,,,
,,0.0027448714244438024,,,,0.00917364923432534,,0.0008668015024559376,0.00180583646344987,,,0.003683906385437735,0.0008668015024559376,0.00917364923432534,,,,0.003683906385437735,0.0027448714244438024,,,,,0.004550707887893672,0.0008668015024559376,,,,,0.0008668015024559376,0.3562554175093904,,,,,,,0.0008668015024559376,0.00180583646344987,0.004550707887893672,0.0008668015024559376,,,,,,0.0008668015024559376,0.00180583646344987,,0.003683906385437735,,,0.04514591158624675,0.04146200520080901,0.04052297023981508,,,,0.0027448714244438024,0.05525859578156602,0.1584802080323606,0.06262640855244149,,0.0008668015024559376,0.0008668015024559376,0.15197919676394106,0.005489742848887605,0.00180583646344987,0.004550707887893672,,0.015602427044206876,,0.0008668015024559376,,,
,,,,,,0.004839641722045651,,0.002889338341519792,0.005778676683039584,,,,0.024342675527304247,0.011629586824617164,,,,,,,,,,,,,,,,,0.2737648078590005,,,0.0009390349609939324,,,,0.0009390349609939324,0.002889338341519792,0.002889338341519792,,,,0.0018780699219878647,,0.0038283733025137245,0.004839641722045651,0.0009390349609939324,0.0009390349609939324,0.0018780699219878647,,,0.04377347587402485,0.04962438601560243,0.028243282288355966,,,,0.0038283733025137245,0.052585957815660216,0.17531060387171338,0.0944091303091592,,0.0009390349609939324,0.0018780699219878647,0.1636087835885582,0.0038283733025137245,0.0018780699219878647,0.0018780699219878647,,0.030193585668881827,0.0009390349609939324,0.0009390349609939324,,,0.0009390349609939324
,,0.0018780699219878647,,,0.0009390349609939324,0.005778676683039584,0.0009390349609939324,0.0047674082635076566,0.002889338341519792,,,,0.023114706732158336,0.007656746605027449,0.002889338341519792,0.0009390349609939324,,0.0018780699219878647,,0.002889338341519792,,,,0.002889338341519792,0.0047674082635076566,,,,,0.0009390349609939324,0.16288644900317828,,,,,,,,0.0038283733025137245,0.0047674082635076566,,,0.0009390349609939324,0.0018780699219878647,,0.0009390349609939324,,0.005778676683039584,,0.006717711644033516,,,0.04622941346431667,0.06847731869401907,0.03084368679572378,,,,0.002889338341519792,0.055908696908407975,0.20731002600404508,0.09065299046518348,,0.0009390349609939324,0.0009390349609939324,0.208321294423577,0.0018780699219878647,0.0018780699219878647,,,0.03084368679572378,,,,,
,,0.0018780699219878647,,,,0.005634209765963594,,0.010329384570933256,0.002817104882981797,0.0009390349609939324,,,0.015024559375902918,0.005634209765963594,0.0009390349609939324,0.0009390349609939324,,0.0018780699219878647,,0.002817104882981797,,,,0.0037561398439757295,0.0009390349609939324,,,,,0.0009390349609939324,0.07057208899162093,,,0.0009390349609939324,,,,0.0009390349609939324,0.0018780699219878647,0.005634209765963594,0.0009390349609939324,,,0.0009390349609939324,,0.0018780699219878647,,0.002817104882981797,0.005634209765963594,0.005634209765963594,,,0.033949725512857555,0.06226524125975152,0.0471684484253106,,0.010329384570933256,,0.004695174804969662,0.07259462583068477,0.22825772898006358,0.11600693441201965,,0.0009390349609939324,0.0018780699219878647,0.2150390060676105,0.0018780699219878647,0.002817104882981797,,,0.04521814504478475,0.0009390349609939324,0.0009390349609939324,0.002817104882981797,,
0.000902652409387585,,0.003749479238994584,,,,0.013192612137203167,,0.01222052492709346,,0.000902652409387585,,,0.048048882099708375,0.005624218858491876,0.001874739619497292,,,0.002777392028884877,0.000902652409387585,0.001874739619497292,,,,0.003749479238994584,0.010345785307596167,,,,,,0.0,,,,,0.000902652409387585,,,,0.008471045688098875,,,,,,0.007498958477989168,,0.008471045688098875,0.003749479238994584,0.011248437716983752,,,0.0338841827523955,0.13852242744063326,0.0338841827523955,,0.011248437716983752,0.000902652409387585,0.005624218858491876,0.04520205527010138,0.1922649631995556,0.1244271628940425,,0.000902652409387585,0.001874739619497292,0.22059436189418136,,0.002777392028884877,,,0.0395778364116095,,0.000902652409387585,,,0.000902652409387585
,,0.002889338341519792,,0.0009390349609939324,,0.010618318405085236,,0.002889338341519792,0.0009390349609939324,0.0009390349609939324,,,0.03488876047385149,0.008668015024559377,0.0038283733025137245,,,0.004839641722045651,0.0038283733025137245,0.0009390349609939324,,,,0.0038283733025137245,0.006717711644033516,,,,,,0.2559953770586536,,,0.0009390349609939324,,,,,0.0009390349609939324,0.0018780699219878647,0.0009390349609939324,,,,,0.005778676683039584,0.004839641722045651,0.002889338341519792,0.007728980063565444,0.0038283733025137245,,,0.03972840219589714,0.07750650101126842,0.026148511990754117,,,,0.0038283733025137245,0.04839641722045652,0.12012424154868535,0.09397572955793124,0.0018780699219878647,0.0009390349609939324,0.002889338341519792,0.15501300202253684,0.0009390349609939324,,,,0.051357989020514305,0.0009390349609939324,0.0009390349609939324,,,0.002889338341519792
,,,,,,0.01054608494654724,0.0009390349609939324,0.0009390349609939324,0.0018780699219878647,,,,0.047023981508234614,0.006717711644033516,0.002817104882981797,,,0.0018780699219878647,0.0009390349609939324,,,,,0.0018780699219878647,0.0018780699219878647,,,,,,0.18325628431089291,,,,,0.0018780699219878647,,,,0.0057064432245015895,0.0009390349609939324,,,,,0.0038283733025137245,0.0057064432245015895,0.009534816527015313,0.0018780699219878647,0.0009390349609939324,,,0.03163825483964172,0.07678416642588848,0.03257728980063566,,,,0.0009390349609939324,0.054680728113262064,0.18426755273042472,0.10748338630453626,0.0009390349609939324,,0.0009390349609939324,0.19575267263796592,,0.0009390349609939324,,,0.019141866512568623,,0.0009390349609939324,,,0.0018780699219878647
,,0.005995377058653569,,,,0.013941057497832997,0.0009390349609939324,0.003972840219589714,0.004984108639121641,,,,0.037994799190985265,0.007945680439179427,0.004984108639121641,,,0.005995377058653569,,,,,,0.0019503033805258595,0.007945680439179427,,,,,,0.09989887315804691,,,0.0019503033805258595,,0.0019503033805258595,,0.0009390349609939324,,0.005995377058653569,,,,,,0.005995377058653569,0.004984108639121641,0.0029615718000577866,0.0019503033805258595,0.006934412019647501,,,0.037994799190985265,0.05496966194741404,0.03900606761051719,,,,0.0009390349609939324,0.06501011268419532,0.24508812481941636,0.07302802658191274,,,0.0009390349609939324,0.2040595203698353,0.0009390349609939324,0.0029615718000577866,,,0.04095637099104305,,0.0009390349609939324,,,0.0029615718000577866
,,0.005907052878798662,,,,0.00989253433919294,0.001921571418404384,0.0029179417835029533,0.004910682513700092,,,,0.03857376699167319,0.012810476122695893,,,,0.0078997936089958,,0.0009252010533058146,,,,0.001921571418404384,0.0009252010533058146,,,,,,0.0,,,0.0009252010533058146,,0.0009252010533058146,,0.0009252010533058146,,0.004910682513700092,,,,,0.0009252010533058146,0.0029179417835029533,,0.006903423243897231,0.0029179417835029533,0.0029179417835029533,,,0.049533841007757456,0.08419329585082912,0.06341185680734468,0.0009252010533058146,,,0.001921571418404384,0.09508220055512064,0.22389865490000713,0.09607857092021921,,,,0.21692406234431713,0.003914312148601523,0.0009252010533058146,,,0.046544729912461745,0.001921571418404384,0.0009252010533058146,,,0.0009252010533058146
,,0.0009390349609939324,,,,0.005995377058653569,,0.003972840219589714,,,,,0.014952325917364924,0.004984108639121641,,,,0.004984108639121641,,0.0009390349609939324,,,,0.004984108639121641,0.0019503033805258595,,,,,0.0019503033805258595,0.3554608494654725,,,,,,,0.0019503033805258595,,0.004984108639121641,0.0019503033805258595,,,0.0019503033805258595,,,0.0009390349609939324,0.007945680439179427,0.0019503033805258595,0.0019503033805258595,,,0.026004045073678126,0.036044495810459404,0.04601271308870269,,0.0009390349609939324,,0.0009390349609939324,0.05208032360589425,0.1221467783877492,0.0790956370991043,,0.0009390349609939324,,0.17827217567177117,0.0019503033805258595,0.0009390349609939324,,,0.026004045073678126,,0.0009390349609939324,,,0.0029615718000577866
,,,,0.0009390349609939324,0.0019503033805258595,0.0029615718000577866,0.0009390349609939324,0.004911875180583647,0.0019503033805258595,,0.0009390349609939324,,0.0019503033805258595,0.003972840219589714,,,,0.005923143600115573,,,,,,0.003972840219589714,0.005923143600115573,,,,,0.0019503033805258595,0.5910863912164114,,,,0.0009390349609939324,,,0.0029615718000577866,0.0009390349609939324,0.0009390349609939324,0.0009390349609939324,,,0.0009390349609939324,,0.003972840219589714,,0.0009390349609939324,0.0009390349609939324,0.0019503033805258595,,,0.03785033227390928,0.047818549552152555,0.01892516613695464,,,,0.0009390349609939324,0.040811904073967065,0.058725801791389774,0.03582779543484542,,0.0009390349609939324,,0.08566888182606183,0.0019503033805258595,0.0019503033805258595,,,0.01986420109794857,,0.0019503033805258595,,,0.0019503033805258595
0.0009390349609939324,,,,0.005850910141577579,,0.005850910141577579,0.0009390349609939324,0.003900606761051719,0.0009390349609939324,0.0009390349609939324,0.0009390349609939324,,0.013652123663681017,0.011701820283155157,,,,0.0009390349609939324,0.0009390349609939324,0.0009390349609939324,,,,0.0009390349609939324,0.0019503033805258595,,,,,0.002889338341519792,0.23822594625830684,,,,,,,0.005850910141577579,,0.0067899451025715115,0.0009390349609939324,,,0.0009390349609939324,,0.002889338341519792,,0.0067899451025715115,0.003900606761051719,0.004839641722045651,,,0.04391794279110084,0.08595781566021381,0.03705576422999133,0.0019503033805258595,,,0.002889338341519792,0.04196763941057498,0.15624097081768276,0.12106327650967928,,0.0009390349609939324,0.0019503033805258595,0.1475007223345854,0.005850910141577579,0.003900606761051719,,,0.020514302224790525,,0.0019503033805258595,,,0.0009390349609939324
0.0008668015024559376,,0.00180583646344987,,0.00180583646344987,,0.00361167292689974,,0.0008668015024559376,0.0008668015024559376,0.0008668015024559376,0.0026726379659058074,,0.006356544351343542,0.00541750939034961,,,0.0008668015024559376,0.006356544351343542,,0.0008668015024559376,,,,0.004550707887893672,0.00180583646344987,,,,,0.0008668015024559376,0.4774631609361456,,,0.0026726379659058074,,,,0.0008668015024559376,0.00361167292689974,0.0026726379659058074,0.0008668015024559376,,,,,0.004550707887893672,,0.004550707887893672,0.0008668015024559376,0.00361167292689974,,,0.031927188673793704,0.07577289800635655,0.03373302513724357,,,,0.00361167292689974,0.04196763941057498,0.07938457093325628,0.06840508523548107,0.00180583646344987,,,0.10040450736781277,0.0008668015024559376,0.0026726379659058074,,,0.014591158624674949,,0.0026726379659058074,,,
,,0.0018780699219878647,,0.002817104882981797,,0.00946258306847732,,0.0009390349609939324,0.0009390349609939324,,,,0.012351921409997111,0.008523548107483386,,,,0.0037561398439757295,0.0009390349609939324,0.002817104882981797,,,,0.002817104882981797,,,,,,,0.29947991909852645,,,,,,,0.0009390349609939324,0.002817104882981797,0.002817104882981797,0.0009390349609939324,,,,,0.0009390349609939324,,0.0057064432245015895,0.0018780699219878647,0.002817104882981797,,,0.04189540595203698,0.057136665703553885,0.04095637099104305,,,,0.0018780699219878647,0.04666281421554464,0.16201964750072234,0.06573244726957526,0.002817104882981797,,0.007584513146489454,0.1639699508812482,0.0009390349609939324,0.0009390349609939324,,,0.04001733603004912,,0.0018780699219878647,,,
,,0.0008668015024559376,,0.0008668015024559376,,0.010112684195319271,0.0008668015024559376,,,,,,0.00917364923432534,0.005489742848887605,0.005489742848887605,,,0.0027448714244438024,,,,,,0.0027448714244438024,0.0008668015024559376,,,,,0.0008668015024559376,0.3052585957815661,,,,,,,0.0008668015024559376,,0.005489742848887605,0.0008668015024559376,,,,,,,0.008306847731869403,0.00180583646344987,0.0008668015024559376,,,0.03041028604449581,0.05720889916209188,0.03503322739092748,0.00180583646344987,,,0.0027448714244438024,0.046157180005778675,0.16707598959838196,0.09780410286044496,,,0.0008668015024559376,0.16707598959838196,0.0008668015024559376,0.0008668015024559376,,,0.025787344698064145,,0.0027448714244438024,,,
,,0.0008668015024559376,,,,0.008234614273331407,,0.007295579312337474,,,,,0.01097948569777521,0.007295579312337474,0.00180583646344987,0.00180583646344987,,0.004550707887893672,,,,0.00361167292689974,,0.0027448714244438024,,,,,,,0.3453481652701531,,,,0.00180583646344987,,,0.0008668015024559376,,0.00361167292689974,,,,,,,,0.006428777809881537,,0.004550707887893672,,,0.03857266685928922,0.0624819416353655,0.04138977174227102,,,,0.005489742848887605,0.04138977174227102,0.15725223923721468,0.04962438601560243,0.0008668015024559376,0.0008668015024559376,0.0008668015024559376,0.15450736781277088,,,,,0.030338052585957814,,0.0027448714244438024,,,0.00180583646344987
,,0.004622941346431667,,0.0008668015024559376,,0.003683906385437735,,,,,,,0.010184917653857267,0.0065010112684195315,,,,0.004622941346431667,,,,0.003683906385437735,,0.0027448714244438024,0.0008668015024559376,,,,,,0.35524414908985846,,,0.0008668015024559376,,,,,,0.00180583646344987,0.0008668015024559376,,,,,,,0.003683906385437735,,0.0008668015024559376,,,0.03712799768852933,0.051069055186362323,0.04644611383993066,,,,0.004622941346431667,0.05388616006934412,0.1681594914764519,0.06688818260618318,0.0008668015024559376,0.0008668015024559376,,0.1486564576711933,0.0008668015024559376,,,,0.018563998844264663,,0.0008668015024559376,,,
