Adair County,Alfalfa County,Atoka County,Beaver County,Beckham County,Blaine County,Bryan County,Caddo County,Canadian County,Carter County,Cherokee County,Choctaw County,Cimarron County,Cleveland County,Coal County,Comanche County,Cotton County,Craig County,Creek County,Custer County,Delaware County,Dewey County,Ellis County,Garfield County,Garvin County,Grady County,Grant County,Greer County,Harmon County,Harper County,Haskell County,Hughes County,Jackson County,Jefferson County,Johnston County,Kay County,Kingfisher County,Kiowa County,Latimer County,Le Flore County,Lincoln County,Logan County,Love County,Major County,Marshall County,Mayes County,McClain County,McCurtain County,McIntosh County,Murray County,Muskogee County,Noble County,Nowata County,Okfuskee County,Oklahoma County,Okmulgee County,Osage County,Ottawa County,Pawnee County,Payne County,Pittsburg County,Pontotoc County,Pottawatomie County,Pushmataha County,Roger Mills County,Rogers County,Seminole County,Sequoyah County,Stephens County,Texas County,Tillman County,Tulsa County,Wagoner County,Washington County,Washita County,Woods County,Woodward County
0.0013523260007212406,,,,,,0.0013523260007212406,,0.006761630003606202,,0.004056978002163722,,,0.009466282005048683,0.0013523260007212406,,,,0.0013523260007212406,,,,,,,0.0013523260007212406,,,,,0.02316985214569059,0.004056978002163722,,,,,,,0.5102776776054814,0.10764514965741075,0.0013523260007212406,0.0013523260007212406,,,,,0.005409304002884962,0.002704652001442481,0.006761630003606202,,0.009466282005048683,,,0.0013523260007212406,0.02857915614857555,0.005409304002884962,0.0013523260007212406,,0.0013523260007212406,0.002704652001442481,0.18535881716552471,0.005409304002884962,0.005409304002884962,0.02452217814641183,,,,0.005409304002884962,,,,0.0217273710782546,0.006761630003606202,0.005409304002884962,,,
,,0.00423728813559322,0.0013523260007212406,,,0.0071222502704652,,0.00423728813559322,,,0.00567976920302921,,0.0071222502704652,0.0142445005409304,,,,0.0013523260007212406,,,,,,,0.0013523260007212406,,,,,0.03128380815001803,0.00991705733862243,,,,,,,0.27280923187883166,0.18247385503065272,,0.0013523260007212406,0.0027948070681572306,0.0013523260007212406,0.00423728813559322,,0.0027948070681572306,0.00423728813559322,0.0071222502704652,,0.01135953840605842,,,0.00423728813559322,0.02280923187883159,0.00423728813559322,,,,,0.3222142084385142,0.00423728813559322,0.0071222502704652,0.0213667508113956,,,0.0027948070681572306,0.0013523260007212406,,,,0.02560403894698882,0.00423728813559322,0.0013523260007212406,,,
,,0.009646592138478183,,,,0.004147133068878471,,0.004147133068878471,,,0.005499459069599711,,0.005499459069599711,0.009646592138478183,,,,,,,,,0.005499459069599711,,,,,,,0.04147133068878471,0.006851785070320952,,,,,,,0.1312657771366751,0.2060043274432023,,0.0013523260007212406,,0.0013523260007212406,,,,0.006851785070320952,0.026235124413992065,,0.03317706455102777,,,,0.019293184276956366,0.010998918139199423,0.002704652001442481,,0.002704652001442481,,0.3815362423368193,,0.0013523260007212406,0.030382257482870538,,,0.005499459069599711,,0.002704652001442481,,0.0013523260007212406,0.03732419761990624,0.005499459069599711,,,,
,,0.007032095203750451,,,,0.007032095203750451,,0.0013523260007212406,,,0.00847457627118644,,0.015596826541651641,0.0013523260007212406,0.0013523260007212406,,0.0027948070681572306,0.00847457627118644,,,,,,,0.0013523260007212406,,,,,0.05977280923187883,0.0027948070681572306,,,,,,,0.18040028849621348,0.18364587089794446,,,,,,0.00423728813559322,,0.00423728813559322,0.014154345474215652,0.0027948070681572306,0.00847457627118644,,,,0.02271907681211684,0.007032095203750451,0.00423728813559322,,,,0.3472773169852146,0.0013523260007212406,0.00423728813559322,0.01848178867652362,,,0.02416155787955283,0.0013523260007212406,0.0027948070681572306,,0.0013523260007212406,0.041200865488640465,0.00423728813559322,0.00423728813559322,,,
,,0.00991705733862243,,,,0.0027948070681572306,,,,,,,0.00991705733862243,0.007032095203750451,,,0.0013523260007212406,,,,,,,,0.0027948070681572306,,,,,0.03552109628561125,0.0027948070681572306,,,,,,,0.48530472412549575,0.13360980887125856,,0.0013523260007212406,,,,,0.0013523260007212406,0.0027948070681572306,0.012711864406779662,,0.01135953840605842,0.00423728813559322,,,0.00991705733862243,0.0013523260007212406,0.0027948070681572306,,,,0.21033177064551029,,,0.01839163360980887,,,,0.0013523260007212406,0.00423728813559322,,0.0013523260007212406,0.01983411467724486,0.0027948070681572306,0.0027948070681572306,,,
,,0.009646592138478183,,,,0.006941940137035701,,0.002704652001442481,,,,,0.011089073205914173,0.009646592138478183,0.0013523260007212406,0.0013523260007212406,0.0013523260007212406,,0.0013523260007212406,0.0013523260007212406,,,,0.004147133068878471,0.002704652001442481,,,,,0.031914893617021274,0.004147133068878471,,,0.004147133068878471,,,,0.3202307969707898,0.20023440317345834,,,,,0.004147133068878471,,0.002704652001442481,0.006941940137035701,0.006941940137035701,,0.009646592138478183,0.002704652001442481,,0.0013523260007212406,0.004147133068878471,0.0013523260007212406,,,,0.0013523260007212406,0.29751172015867294,0.005499459069599711,0.0013523260007212406,0.027767760548142804,,,,,0.005499459069599711,,0.0013523260007212406,0.002704652001442481,0.0013523260007212406,,,,0.0013523260007212406
,,0.01126938333934367,0.0013523260007212406,,,0.0027948070681572306,,0.005589614136314461,0.00423728813559322,,,,0.014064190407500902,0.01126938333934367,,,0.0013523260007212406,0.0027948070681572306,0.005589614136314461,,,,,,0.00423728813559322,,,,,0.036693112152902996,0.00423728813559322,,,,,,0.0013523260007212406,0.13793725207356655,0.1878831590335377,,,,,,,0.0013523260007212406,0.007032095203750451,0.014064190407500902,,0.0650018031013343,0.0027948070681572306,,,0.00847457627118644,0.00847457627118644,,,,,0.38577353047241253,,0.005589614136314461,0.01830147854309412,,0.0013523260007212406,0.0027948070681572306,0.0027948070681572306,0.0027948070681572306,,0.0013523260007212406,0.03389830508474576,0.0027948070681572306,,0.0013523260007212406,,0.0013523260007212406
,,0.011630003606202668,,,,0.00721240533717995,,0.00576992426974396,0.00144248106743599,,0.00721240533717995,,0.008745041471330688,0.011630003606202668,,,0.00144248106743599,,0.00288496213487198,0.00432744320230797,,,,0.00144248106743599,0.011630003606202668,,,,,0.03930760908763072,0.00576992426974396,,,0.00144248106743599,,,,0.20366029570861888,0.19392354850342589,,,,0.00144248106743599,,0.00144248106743599,0.00288496213487198,0.00144248106743599,0.00576992426974396,,0.010187522538766678,0.00576992426974396,,,0.014514965741074649,,,0.00144248106743599,,,0.38198701767039306,,0.00288496213487198,0.023260007212405336,0.00144248106743599,0.00288496213487198,,0.00432744320230797,0.00288496213487198,,0.00144248106743599,0.010187522538766678,0.00288496213487198,,,,0.00144248106743599
,,0.007032095203750451,,,,0.014154345474215652,,0.007032095203750451,0.0027948070681572306,,0.00423728813559322,,0.01135953840605842,0.01992426974395961,0.0013523260007212406,,,,0.0013523260007212406,,,,,0.00423728813559322,0.007032095203750451,,,,,0.01703930760908763,0.00847457627118644,,,0.0027948070681572306,,,,0.1138658492607284,0.1721961774251713,,,0.0027948070681572306,,0.00847457627118644,,0.0013523260007212406,0.00423728813559322,0.00847457627118644,0.007032095203750451,0.05544536602957086,0.007032095203750451,,,0.02704652001442481,0.045528308690948434,,,,0.007032095203750451,0.362964298593581,0.00423728813559322,0.0013523260007212406,0.03407861521817526,,0.00423728813559322,0.0013523260007212406,0.0013523260007212406,0.0013523260007212406,,0.0013523260007212406,0.014154345474215652,0.00423728813559322,,,,
,,0.013974035340786152,,,,0.0027948070681572306,,0.004147133068878471,,0.0027948070681572306,0.0027948070681572306,,0.006941940137035701,0.011179228272628922,,,,0.0013523260007212406,,0.004147133068878471,,,0.0027948070681572306,,0.00838442120447169,,,,,0.03912729895420122,,,,,,,,0.10169491525423724,0.21538045438153625,0.0013523260007212406,,,,0.0013523260007212406,,,0.0013523260007212406,0.011179228272628922,,0.05589614136314461,0.005589614136314461,,0.004147133068878471,0.023710782545979085,0.0573386224305806,,,0.0027948070681572306,0.004147133068878471,0.35521096285611253,0.005589614136314461,0.0027948070681572306,0.030742877749729534,,0.0027948070681572306,0.0013523260007212406,0.0013523260007212406,0.0013523260007212406,,0.0013523260007212406,0.005589614136314461,0.004147133068878471,0.0013523260007212406,,,
,,0.013433104940497657,,,,0.0029751172015867293,,,0.00144248106743599,0.0029751172015867293,0.00144248106743599,,0.011900468806346917,0.00144248106743599,,,,,,,,,,,0.004417598269022719,,,,,0.04183195095564371,0.004417598269022719,,,0.0029751172015867293,,,,0.45194734944103854,0.13613415073927154,,,,,,,0.00144248106743599,0.005950234403173459,0.011900468806346917,,0.019383339343671115,0.00144248106743599,,0.0029751172015867293,0.017940858276235126,0.00144248106743599,,,,,0.21997836278398847,,0.005950234403173459,0.017940858276235126,,,,0.0029751172015867293,,,0.00144248106743599,0.010457987738910927,0.00144248106743599,,,,
,,0.008925351604760188,,,,,,,0.0029751172015867293,0.0029751172015867293,,,0.0029751172015867293,0.00144248106743599,,,,,0.00144248106743599,0.0029751172015867293,,,,,0.008925351604760188,,,,,0.013433104940497657,0.0029751172015867293,,,,,,,0.5047782185358818,0.15236206274792644,,,0.00144248106743599,,,,,0.00144248106743599,0.007392715470609448,,0.007392715470609448,0.00144248106743599,,0.00144248106743599,0.013433104940497657,,,,,,0.2300757302560404,0.0029751172015867293,0.0029751172015867293,0.022358456545257845,,,,,,,,,,0.00144248106743599,,,
,,0.010367832672196178,,,,0.014875586007933646,,0.0029751172015867293,,0.0029751172015867293,0.007392715470609448,,0.008925351604760188,0.011900468806346917,0.004417598269022719,0.0029751172015867293,,0.00144248106743599,0.005950234403173459,,,,,,0.004417598269022719,,,,,0.025243418680129824,0.010367832672196178,,,0.0029751172015867293,,,,0.21393797331410036,0.1814821492967905,,,0.00144248106743599,,0.005950234403173459,,0.004417598269022719,0.00144248106743599,0.013342949873782907,,0.013342949873782907,,,0.0029751172015867293,0.019293184276956366,0.00144248106743599,,,,,0.3614316624594302,0.004417598269022719,0.0029751172015867293,0.031193653083303283,,,,0.00144248106743599,0.008925351604760188,,,0.008925351604760188,0.0029751172015867293,0.00144248106743599,,,
,0.0029751172015867293,0.013523260007212405,,,,0.010548142805625675,,0.004507753335737469,,0.00144248106743599,0.0029751172015867293,,0.0029751172015867293,0.0060403894698882075,0.00144248106743599,0.00144248106743599,,,0.0060403894698882075,,,,,,0.004507753335737469,,,,,0.03624233681932924,0.007482870537324197,,,,0.00144248106743599,,0.00144248106743599,0.20843851424450066,0.2266498377208799,,0.00144248106743599,,0.00144248106743599,,,,0.00144248106743599,0.013523260007212405,,0.012080778939776415,,,0.00144248106743599,0.02560403894698882,0.016588532275513886,,,,,0.33240173097728093,,0.00144248106743599,0.03317706455102777,,0.00144248106743599,,0.004507753335737469,0.004507753335737469,,,0.00144248106743599,0.004507753335737469,0.00144248106743599,0.00144248106743599,,
,,0.011810313739632167,,,,0.013342949873782907,,0.004417598269022719,0.004417598269022719,0.004417598269022719,0.00288496213487198,,0.00288496213487198,0.011810313739632167,0.00144248106743599,,0.00144248106743599,,0.00288496213487198,,,,,,,,,,,0.03407861521817526,0.00144248106743599,,,0.00144248106743599,0.00144248106743599,,,0.20979084024522177,0.19716913090515686,,0.00144248106743599,,,,0.00144248106743599,0.00144248106743599,0.004417598269022719,0.03254597908402452,,0.011810313739632167,,,0.00288496213487198,0.023710782545979085,0.004417598269022719,,,,0.00144248106743599,0.34547421565091957,,,0.025153263613415074,0.00288496213487198,0.004417598269022719,,0.005860079336458709,0.00144248106743599,,,0.016227912008654886,0.004417598269022719,0.00144248106743599,,,
,,0.007482870537324197,,,,0.02253876667868734,,0.004507753335737469,,0.005950234403173459,0.00144248106743599,,0.005950234403173459,0.009015506671474938,0.00144248106743599,,,0.00144248106743599,0.00144248106743599,,,,,,0.004507753335737469,,,,,0.03912729895420122,0.00144248106743599,,,0.00144248106743599,0.004507753335737469,,,0.16858997475658144,0.17769563649477102,0.00144248106743599,,0.004507753335737469,,0.009015506671474938,,0.0029751172015867293,0.005950234403173459,0.01956364947710061,0.00144248106743599,0.013523260007212405,,,,0.01956364947710061,0.004507753335737469,,,,,0.35241615578795527,,0.0029751172015867293,0.03912729895420122,,0.005950234403173459,0.0029751172015867293,0.004507753335737469,0.004507753335737469,,,0.03759466282005049,0.007482870537324197,0.00144248106743599,,,
,,0.00576992426974396,,,,0.00288496213487198,,0.00721240533717995,,0.00288496213487198,,,0.00432744320230797,0.00865488640461594,,,,0.00144248106743599,0.00144248106743599,,,,,,0.00432744320230797,,,,,0.03768481788676523,0.00576992426974396,,,,0.00144248106743599,,,0.22719076812116834,0.14803461954561847,0.00144248106743599,0.00144248106743599,0.00144248106743599,,,,0.00288496213487198,,0.014514965741074649,,0.020284890010818606,,,0.00432744320230797,0.017399927875946627,0.00288496213487198,,0.00144248106743599,0.00288496213487198,0.00288496213487198,0.3599891813919942,0.00576992426974396,0.00144248106743599,0.03768481788676523,0.00144248106743599,0.00432744320230797,,0.01153984853948792,0.00288496213487198,,,0.03912729895420122,0.00288496213487198,,,,
,,0.007663180670753696,,,,0.0030652722683014787,,0.004597908402452218,,,,,0.0030652722683014787,,,,,,0.004597908402452218,,,,,,0.004597908402452218,,,,,0.03840605842048323,0.0015326361341507393,,,,0.0015326361341507393,,,0.224125495852867,0.17832672196177426,,0.0015326361341507393,,,,0.007663180670753696,0.007663180670753696,0.0030652722683014787,0.01992426974395961,,0.012261089073205915,,,0.007663180670753696,0.01839163360980887,0.01992426974395961,,0.0015326361341507393,0.0015326361341507393,0.0015326361341507393,0.3489902632527948,,0.0030652722683014787,0.029210241615578794,,,0.0015326361341507393,0.0015326361341507393,0.004597908402452218,,,0.033808150018031016,0.0030652722683014787,,,,
,,0.015236206274792644,,,,0.0029751172015867293,,,0.00144248106743599,,0.0029751172015867293,,0.007573025604038947,,,,0.00144248106743599,0.00144248106743599,0.00144248106743599,,,,,0.00144248106743599,0.0029751172015867293,,,,,0.01830147854309412,0.0029751172015867293,,,,,,,0.45906959971150396,0.14379733141002524,,0.004507753335737469,,,,,0.0029751172015867293,0.010638297872340425,0.009105661738189686,0.00144248106743599,0.007573025604038947,,,0.009105661738189686,0.030562567616300038,0.004507753335737469,,,,0.0029751172015867293,0.17138478182473854,,0.012170934006491165,0.032095203750450774,,0.0060403894698882075,,0.007573025604038947,0.0029751172015867293,,,0.01983411467724486,,0.00144248106743599,,,
,0.00144248106743599,0.013252794807068157,,,,0.011810313739632167,,0.00288496213487198,0.00288496213487198,0.0073025604038946985,0.00144248106743599,,0.00288496213487198,0.011810313739632167,0.00144248106743599,,,0.00144248106743599,0.00288496213487198,,,,,0.00288496213487198,0.00144248106743599,,,,,0.020645510277677605,0.005860079336458709,,,0.004417598269022719,0.00144248106743599,,0.00144248106743599,0.27893977641543455,0.1862603678326722,,,0.00144248106743599,,0.004417598269022719,,0.00144248106743599,,0.017670393076090876,,0.013252794807068157,,,0.00288496213487198,0.00288496213487198,0.0073025604038946985,,,,,0.3089614136314461,0.005860079336458709,,0.023620627479264335,,0.00288496213487198,0.010277677605481428,0.005860079336458709,0.005860079336458709,,,0.016227912008654886,0.00288496213487198,0.00144248106743599,,,
0.00144248106743599,,0.004507753335737469,,,,0.009105661738189686,,0.00144248106743599,0.00144248106743599,0.00144248106743599,0.0029751172015867293,,0.00144248106743599,0.01676884240894338,,,,,0.007573025604038947,,,,0.0029751172015867293,,0.00144248106743599,,,,,0.056617381896862606,0.00144248106743599,,,,,,,0.16381175622069966,0.18815362423368193,,,,,,,,0.00144248106743599,0.009105661738189686,,0.03822574828705373,,,,0.010638297872340425,0.00144248106743599,,,,0.0029751172015867293,0.3886584926072845,0.012170934006491165,0.0029751172015867293,0.02596465921384782,,0.0029751172015867293,,0.01676884240894338,0.004507753335737469,,,0.013703570140641904,0.0029751172015867293,0.00144248106743599,0.00144248106743599,,
,,0.00288496213487198,,,,0.00288496213487198,,0.00432744320230797,,0.00432744320230797,0.00432744320230797,,,0.014514965741074649,,,,,0.00288496213487198,,,,0.00576992426974396,,,,,,,0.037774972953479986,0.00432744320230797,,,,,,,0.35241615578795527,0.1351424450054093,0.00288496213487198,,,,,0.00144248106743599,,0.00721240533717995,0.00288496213487198,,0.017399927875946627,,,,0.01307248467363866,0.00144248106743599,,,,,0.32419761990623874,0.00432744320230797,0.01009736747205193,0.0217273710782546,,0.00144248106743599,,0.00288496213487198,0.00432744320230797,,,0.011630003606202668,0.00144248106743599,,,,
,,0.013162639740353407,,,,0.005860079336458709,,0.00288496213487198,,0.00144248106743599,,,0.00144248106743599,0.013162639740353407,,,,,0.00432744320230797,0.00144248106743599,,,0.00432744320230797,0.00144248106743599,0.00144248106743599,,,,,0.03966822935448972,0.00288496213487198,,,0.005860079336458709,,,,0.2318788315903354,0.1618283447529751,,,,,,0.00144248106743599,,0.00432744320230797,0.013162639740353407,0.00144248106743599,0.029390551749008294,,,0.00144248106743599,0.027948070681572304,0.00288496213487198,,,,,0.358997475658132,0.005860079336458709,0.005860079336458709,0.024972953479985575,,,0.00144248106743599,0.00288496213487198,0.00288496213487198,,,0.019112874143526866,0.00144248106743599,0.00144248106743599,,,
,,0.009195816804904436,,,,0.013793725207356654,,0.0030652722683014787,0.0015326361341507393,0.0030652722683014787,0.0015326361341507393,,0.0015326361341507393,0.01848178867652362,,,0.0015326361341507393,0.0015326361341507393,0.0030652722683014787,,,,0.004597908402452218,0.006130544536602957,0.0030652722683014787,,,,,0.04156148575549946,0.004597908402452218,,,0.006130544536602957,,,,0.03669311215290294,0.214028128380815,0.0015326361341507393,,,,,,,0.0015326361341507393,0.015326361341507392,,0.02001442481067436,,,0.0030652722683014787,0.013793725207356654,0.012261089073205915,0.0015326361341507393,,0.004597908402452218,,0.465109989181392,0.0030652722683014787,0.0015326361341507393,0.03849621348719798,,,,0.012261089073205915,0.0015326361341507393,,,0.02001442481067436,0.007663180670753696,0.0015326361341507393,,,
,,0.006310854670032456,,,,0.03470970068517851,,0.006310854670032456,0.007843490804183196,0.006310854670032456,0.0015326361341507393,,0.0046880634691669676,0.006310854670032456,,,,,,,,,0.003155427335016228,0.0046880634691669676,0.003155427335016228,,,,,0.08835196538045438,0.0015326361341507393,,,0.0046880634691669676,,,,0.1422646952758745,0.1720158672917418,,,,,,,0.003155427335016228,0.0046880634691669676,0.014154345474215652,,0.023620627479264335,,,,0.023620627479264335,0.007843490804183196,,,,,0.3060764514965741,0.003155427335016228,0.003155427335016228,0.020465200144248106,,0.006310854670032456,0.003155427335016228,0.006310854670032456,,,,0.06941940137035701,0.009466282005048683,0.0015326361341507393,,,
,,0.005950234403173459,,,,0.007392715470609448,,0.004417598269022719,0.00144248106743599,0.00144248106743599,0.00144248106743599,,0.005950234403173459,0.007392715470609448,0.00144248106743599,,,,0.00144248106743599,,,,,0.00144248106743599,0.00144248106743599,,,,,0.023800937612693834,0.00144248106743599,,,,,0.00144248106743599,,0.525874504147133,0.12955283086909483,,0.00144248106743599,,,,,,0.005950234403173459,0.005950234403173459,0.0029751172015867293,0.011900468806346917,,,,0.020825820411107105,0.004417598269022719,0.00144248106743599,,,,0.17580238009376126,0.00144248106743599,0.0029751172015867293,0.020825820411107105,,,,0.0029751172015867293,,,,0.007392715470609448,0.008925351604760188,0.00144248106743599,,,
,,0.0029751172015867293,,,,,,0.0029751172015867293,0.00144248106743599,0.004507753335737469,0.009015506671474938,,0.010548142805625675,0.016588532275513886,0.0029751172015867293,,,,0.0060403894698882075,,,,,0.00144248106743599,0.00144248106743599,,,,,0.0211864406779661,0.004507753335737469,,,,,,,0.20915975477821858,0.1666967183555716,,,,,,0.00144248106743599,0.0029751172015867293,0.02425171294626758,0.010548142805625675,,0.02569419401370357,,,,0.03182473855030653,,0.00144248106743599,0.004507753335737469,,,0.3591777857915615,0.00144248106743599,0.00144248106743599,0.034799855751893254,,,,0.0029751172015867293,0.0029751172015867293,,0.00144248106743599,0.02271907681211684,0.004507753335737469,0.00144248106743599,0.00144248106743599,,0.00144248106743599
,0.0015326361341507393,0.0047782185358817165,,,,,,,0.0015326361341507393,0.0015326361341507393,0.0015326361341507393,,0.011179228272628922,0.009556437071763433,0.0015326361341507393,,0.003155427335016228,,0.007933645870897944,0.0015326361341507393,,,0.0015326361341507393,,0.0015326361341507393,,,,,0.015957446808510637,0.003155427335016228,,,0.0015326361341507393,0.0015326361341507393,,,0.39542012261089077,0.1877028489001082,,,,0.0015326361341507393,0.0015326361341507393,0.0047782185358817165,,0.0288496213487198,0.0047782185358817165,,0.011179228272628922,,,,0.007933645870897944,0.003155427335016228,,0.003155427335016228,,,0.2309772809231879,,,0.0288496213487198,,,,0.0047782185358817165,0.003155427335016228,,,0.006401009736747205,0.0047782185358817165,,,,
,,0.011089073205914173,0.0015326361341507393,,,0.012711864406779662,,0.0046880634691669676,,0.0046880634691669676,,,0.009466282005048683,0.007933645870897944,0.006310854670032456,,,0.0015326361341507393,0.009466282005048683,,,,,,,,,,,0.03020194734944104,0.0046880634691669676,,,,,,,0.30454381536242325,0.15912369275153262,,,,,,,,0.003155427335016228,0.006310854670032456,,0.019022719076812116,,,,0.009466282005048683,0.0015326361341507393,,,,,0.3388928957807429,0.0015326361341507393,0.0015326361341507393,0.0142445005409304,,,,0.003155427335016228,0.0015326361341507393,,0.0015326361341507393,0.02857915614857555,0.0015326361341507393,,,,
,,0.0030652722683014787,0.0015326361341507393,0.0030652722683014787,,0.018842408943382617,,0.006220699603317706,0.0015326361341507393,0.0015326361341507393,0.0030652722683014787,,0.01568698160836639,0.01568698160836639,0.0030652722683014787,,,0.0030652722683014787,0.0030652722683014787,,,,,0.0030652722683014787,0.0015326361341507393,,,,,0.042463036422646955,0.0046880634691669676,,,,,,,0.23178867652362056,0.20005409304002886,,,0.0030652722683014787,0.0015326361341507393,0.007843490804183196,,,0.010998918139199423,0.007843490804183196,0.0015326361341507393,0.012531554273350162,,,0.0015326361341507393,0.020465200144248106,,,,,,0.3166245943021998,0.0046880634691669676,0.0030652722683014787,0.025153263613415074,,,0.0015326361341507393,0.0015326361341507393,0.0030652722683014787,,0.0015326361341507393,0.009376126938333935,0.0015326361341507393,,,,0.0015326361341507393
0.0029128784535263482,,0.0059140259510989494,,,,0.019419189690175656,,0.013416894695030452,0.0014123047047400476,0.022420337187748256,0.0014123047047400476,,0.0059140259510989494,0.010415747197457852,,,,,0.0029128784535263482,,,,,0.0014123047047400476,0.0014123047047400476,,,,,0.047930090917115364,0.004413452202312649,,,,,,,0.0,0.3010857092417689,,,,,,,0.0014123047047400476,0.0014123047047400476,0.016418042192603056,0.0014123047047400476,0.037426074675611265,,,0.0029128784535263482,0.019419189690175656,,0.004413452202312649,,,,0.392532438873687,0.0014123047047400476,0.004413452202312649,0.02692205843410716,,,0.0029128784535263482,0.014917468443816754,0.0059140259510989494,,,0.020919763438961955,0.0014123047047400476,0.0014123047047400476,,,
0.0023440317345834838,,0.0035160476018752254,,0.0023440317345834838,,0.02145690587811035,,0.0046880634691669676,0.0035160476018752254,0.0023440317345834838,0.0023440317345834838,,0.009466282005048683,,,,,,0.0046880634691669676,,,,,0.0023440317345834838,,,,,,0.0357915614857555,0.0023440317345834838,,,,,,,0.2674900829426614,0.16705733862243058,,,,,,,0.0011720158672917419,0.010728452939055175,0.009466282005048683,,0.044085827623512444,,,0.0011720158672917419,0.033357374684457264,0.0046880634691669676,0.0046880634691669676,,,,0.2851604760187523,,0.0046880634691669676,0.020284890010818606,,0.0023440317345834838,,0.005950234403173459,,,,0.0357915614857555,0.0011720158672917419,0.0035160476018752254,,,
,,0.0047782185358817165,,,,0.0047782185358817165,,0.0047782185358817165,0.0011720158672917419,0.003606202668589975,0.0011720158672917419,,0.0023440317345834838,,,,0.0011720158672917419,,0.0047782185358817165,0.0047782185358817165,,,0.0011720158672917419,0.0011720158672917419,,,,,,0.021817526144969346,0.0011720158672917419,,,,,,,0.5030652722683014,0.10548142805625677,,,,,,0.0011720158672917419,,0.0047782185358817165,0.010908763072484673,0.0011720158672917419,0.021817526144969346,,,0.0023440317345834838,0.020555355210962856,,0.0047782185358817165,,,,0.21105301117922828,0.0047782185358817165,0.0011720158672917419,0.020555355210962856,,,,0.0011720158672917419,,,,0.019383339343671115,0.0023440317345834838,0.0047782185358817165,,,
0.0010818608005769925,,0.0033357374684457267,,,,0.007843490804183196,,0.004417598269022719,,0.002163721601153985,0.0010818608005769925,,0.0033357374684457267,0.0066714749368914535,0.0010818608005769925,0.0010818608005769925,,0.0010818608005769925,0.002163721601153985,0.0010818608005769925,0.0010818608005769925,,0.0010818608005769925,0.0066714749368914535,,,,,,0.023530472412549585,0.014605120807789397,,,0.002163721601153985,,,0.0010818608005769925,0.3828885683375406,0.14379733141002524,0.0033357374684457267,,,,0.004417598269022719,,,0.0010818608005769925,0.01009736747205193,,0.01009736747205193,,0.0010818608005769925,0.002163721601153985,0.008925351604760188,0.0033357374684457267,0.002163721601153985,,,,0.27749729534799855,0.005589614136314461,0.004417598269022719,0.017940858276235126,,,0.0010818608005769925,0.008925351604760188,0.0033357374684457267,,,0.01568698160836639,0.004417598269022719,,0.0010818608005769925,,
,,,,0.0012621709340064912,,0.0037865128020194735,,0.0037865128020194735,,0.0025243418680129825,0.016498377208799136,,,0.005048683736025965,,,,,0.005048683736025965,,,,0.0012621709340064912,0.0025243418680129825,,,,,,0.03570140641904075,0.0037865128020194735,,0.0012621709340064912,,,,,0.3185178507032096,0.16714749368914533,,0.0025243418680129825,,0.0025243418680129825,,,,0.005048683736025965,0.012711864406779662,0.0012621709340064912,0.015236206274792644,,,0.0037865128020194735,0.02289938694554634,0.0012621709340064912,,,,0.005048683736025965,0.2857915614857555,0.0025243418680129825,0.007573025604038947,0.026776054814280564,,0.0037865128020194735,,0.008925351604760188,0.0012621709340064912,,,0.017850703209520376,0.0025243418680129825,,,0.0025243418680129825,
,,0.0037865128020194735,,0.0012621709340064912,,0.007573025604038947,,,,0.008835196538045438,0.0012621709340064912,,,0.005048683736025965,,,0.0037865128020194735,,0.0037865128020194735,,0.0012621709340064912,,0.0012621709340064912,0.0025243418680129825,,,,,,0.02407140281283808,0.0025243418680129825,,,,,,,0.4651099891813921,0.1687702848900108,0.0012621709340064912,,,,,,,0.005048683736025965,0.0025243418680129825,,0.0037865128020194735,,,0.0012621709340064912,0.005048683736025965,0.0025243418680129825,,,,,0.2195275874504147,0.0012621709340064912,0.0037865128020194735,0.01009736747205193,,,,0.005048683736025965,0.0012621709340064912,,,0.020284890010818606,0.008835196538045438,,,0.007573025604038947,
0.002614496934727732,,0.010728452939055175,,,,0.009376126938333935,,,,0.002614496934727732,0.002614496934727732,,0.002614496934727732,0.008023800937612693,,,,,0.002614496934727732,0.002614496934727732,,,,0.0012621709340064912,,,,,,0.02416155787955283,0.002614496934727732,,,,,0.002614496934727732,,0.2807428777497296,0.1830147854309412,0.0012621709340064912,0.0012621709340064912,0.002614496934727732,,0.002614496934727732,,0.0012621709340064912,0.01875225387666787,0.014785430941218897,,0.012080778939776415,,,,0.0066714749368914535,0.002614496934727732,,,,,0.33231157591056615,0.0012621709340064912,0.010728452939055175,0.016137756941940137,,,,0.005319148936170213,0.0012621709340064912,,,0.028218535881716553,0.002614496934727732,,,,
,,0.0011720158672917419,,,,0.0011720158672917419,,0.01721961774251713,,0.003696357735304724,,,0.0011720158672917419,0.00856473133790119,,,,,0.007392715470609448,0.0011720158672917419,,,0.0011720158672917419,0.0011720158672917419,0.00982690227190768,,,,,0.016047601875225387,0.004868373602596466,0.0011720158672917419,,,0.002434186801298233,0.0011720158672917419,,0.1374864767399927,0.22466642625315542,0.0011720158672917419,0.0011720158672917419,,,,,0.002434186801298233,0.00982690227190768,0.012261089073205915,,0.01848178867652362,,,0.007392715470609448,0.0567976920302921,0.003696357735304724,,,0.002434186801298233,0.0011720158672917419,0.36422646952758747,0.004868373602596466,0.00982690227190768,0.014785430941218897,,0.002434186801298233,0.0011720158672917419,0.004868373602596466,0.002434186801298233,,,0.03452939055174901,0.002434186801298233,,,,
,,0.010818608005769925,,,,0.009646592138478183,0.009646592138478183,0.02298954201226109,,0.0023440317345834838,0.0047782185358817165,,0.0060403894698882075,,,,,0.0011720158672917419,0.010818608005769925,0.0011720158672917419,,,0.0023440317345834838,,0.012080778939776415,,,,,0.04958528669311215,0.0011720158672917419,,,0.0011720158672917419,0.003606202668589975,,,0.12919221060223585,0.176613775694194,0.0047782185358817165,,,,,,0.00721240533717995,0.0047782185358817165,0.009646592138478183,,0.01685899747565813,,,0.0023440317345834838,0.029029931482149298,0.00721240533717995,,,0.0011720158672917419,,0.3448431301839163,0.003606202668589975,0.00721240533717995,0.01685899747565813,,0.00838442120447169,,0.0023440317345834838,0.0011720158672917419,,,0.06770645510277677,0.009646592138478183,,,,
,,0.0011720158672917419,,,,0.003606202668589975,0.010998918139199423,0.0011720158672917419,,0.003606202668589975,,,,,,,,,0.004868373602596466,0.003606202668589975,,,0.0011720158672917419,0.0011720158672917419,0.00982690227190768,,,,0.0011720158672917419,0.02704652001442481,0.002434186801298233,,,0.0011720158672917419,0.0011720158672917419,,,0.44716913090515686,0.14145329967544176,0.0011720158672917419,,,,,,0.003606202668589975,0.0073025604038946985,0.010998918139199423,,0.010998918139199423,0.0011720158672917419,0.0011720158672917419,0.004868373602596466,0.03317706455102777,0.0011720158672917419,,,0.0011720158672917419,,0.21150378651280202,0.0011720158672917419,0.006130544536602957,0.014695275874504147,,0.013523260007212405,,0.0011720158672917419,0.0011720158672917419,,,0.006130544536602957,0.004868373602596466,,,,
,,0.002434186801298233,,,,0.006130544536602957,,0.002434186801298233,,0.002434186801298233,0.003606202668589975,,0.0011720158672917419,0.004868373602596466,0.0011720158672917419,,,,0.004868373602596466,,,,0.0011720158672917419,,,,,,0.0011720158672917419,0.030742877749729534,0.003606202668589975,,,0.002434186801298233,,0.002434186801298233,,0.39055174900829426,0.17976920302921023,,,,,0.003606202668589975,,,0.013523260007212405,0.00982690227190768,,0.006130544536602957,,0.0011720158672917419,,0.0073025604038946985,,,,,,0.26235124413992067,0.0011720158672917419,0.0011720158672917419,0.022087991345113595,,,,0.006130544536602957,0.002434186801298233,,,0.01965380454381536,0.002434186801298233,,,,
,,0.0013523260007212406,,,,0.0013523260007212406,,0.0013523260007212406,0.002704652001442481,0.0013523260007212406,0.0013523260007212406,,0.012261089073205915,0.006761630003606202,,,,,0.006761630003606202,,,,,0.004056978002163722,,,,,,0.08312297151099891,0.010818608005769925,,,,,,,0.21853588171655258,0.17580238009376126,,0.002704652001442481,0.0013523260007212406,,,,,0.002704652001442481,0.008113956004327443,,0.010818608005769925,,0.0013523260007212406,0.002704652001442481,0.020375045077533356,0.0013523260007212406,,,,0.004056978002163722,0.3352866931121529,,0.002704652001442481,0.02587450414713307,,0.0013523260007212406,,0.008113956004327443,0.0013523260007212406,,,0.038135593220338986,0.004056978002163722,,,,
,,0.003966822935448972,,,,0.010728452939055175,,0.003966822935448972,,0.008023800937612693,0.0012621709340064912,,0.018842408943382617,0.005319148936170213,,,0.0012621709340064912,,0.005319148936170213,,,,,0.002614496934727732,,,,,,0.029661016949152543,0.0012621709340064912,,,,,,,0.22313379011900458,0.20807789397764154,,0.0012621709340064912,,,,,0.002614496934727732,0.008023800937612693,0.003966822935448972,,0.014785430941218897,,0.0012621709340064912,0.005319148936170213,0.031013342949873783,0.0012621709340064912,0.0012621709340064912,,0.0012621709340064912,0.0012621709340064912,0.3351063829787234,0.002614496934727732,0.002614496934727732,0.016137756941940137,,0.0012621709340064912,,0.002614496934727732,0.0012621709340064912,,,0.03912729895420122,0.0012621709340064912,0.0012621709340064912,,,
,,0.0025243418680129825,,,,0.014064190407500902,0.0012621709340064912,,,0.0012621709340064912,0.0025243418680129825,,0.007663180670753696,0.005048683736025965,0.005048683736025965,,,,0.005048683736025965,0.0012621709340064912,,0.0025243418680129825,0.0012621709340064912,0.006401009736747205,,,,,,0.02425171294626758,0.0025243418680129825,0.006401009736747205,,,,,,0.2276415434547422,0.2049224666426253,,,0.0037865128020194735,,0.005048683736025965,,0.005048683736025965,0.007663180670753696,0.008925351604760188,0.0012621709340064912,0.010187522538766678,,0.0012621709340064912,0.0025243418680129825,0.030742877749729534,0.007663180670753696,0.0012621709340064912,,,,0.3189686260367833,0.0012621709340064912,0.010187522538766678,0.020465200144248106,,0.0025243418680129825,0.008925351604760188,0.0025243418680129825,0.0012621709340064912,,,0.02560403894698882,,,0.0012621709340064912,,
,,0.0083453972579409,,0.0011921996082772716,,0.005960998041386358,0.0035765988248318147,,,0.004768798433109086,0.0011921996082772716,,0.012007153197649664,0.002384399216554543,0.007153197649663629,,0.0011921996082772716,,0.010814953589372392,0.002384399216554543,,0.002384399216554543,0.0011921996082772716,0.0011921996082772716,,,,,,0.02767606233500809,0.004768798433109086,,,0.009622753981095121,0.0011921996082772716,0.0011921996082772716,,0.0,0.29362173209571657,,,,,0.0011921996082772716,,0.0011921996082772716,0.0035765988248318147,0.010814953589372392,,0.02639870561185387,,0.0011921996082772716,0.004768798433109086,0.030060461551562632,0.005960998041386358,,,,,0.409179936983735,0.005960998041386358,0.0083453972579409,0.020437707570467513,,0.0011921996082772716,0.005960998041386358,0.007153197649663629,0.0011921996082772716,0.0011921996082772716,,0.04445201396576684,0.0035765988248318147,0.0011921996082772716,0.0011921996082772716,,
,,0.003696357735304724,,,,0.007392715470609448,0.0011720158672917419,0.002434186801298233,0.0011720158672917419,0.007392715470609448,0.002434186801298233,,,,0.00991705733862243,,,,0.007392715470609448,0.002434186801298233,,0.002434186801298233,0.0011720158672917419,,,,,,,0.023620627479264335,,,,,0.0011720158672917419,,,0.15939415795167677,0.24882798413270826,,0.0011720158672917419,,,0.003696357735304724,,,0.014875586007933646,0.004958528669311215,,0.01866209880995312,,0.0011720158672917419,0.0011720158672917419,0.022358456545257845,0.004958528669311215,,,,,0.33095924990984493,0.003696357735304724,0.013613415073927155,0.017399927875946627,0.0011720158672917419,,0.004958528669311215,0.0011720158672917419,0.0011720158672917419,,,0.0646411828344753,0.004958528669311215,,0.0011720158672917419,,
0.0011720158672917419,,0.006220699603317706,,,,,,0.002434186801298233,0.002434186801298233,0.004958528669311215,,,0.003696357735304724,,0.003696357735304724,,,,0.01000721240533718,0.003696357735304724,,0.002434186801298233,0.0011720158672917419,,,,,,,0.013793725207356654,0.006220699603317706,,,,,,,0.4637576631806708,0.11909484313018391,,,,,0.0011720158672917419,,,0.007482870537324197,0.006220699603317706,,0.01000721240533718,,0.0011720158672917419,0.002434186801298233,0.02001442481067436,0.006220699603317706,,,,,0.23070681572304363,0.008745041471330688,0.01000721240533718,0.02001442481067436,,0.0011720158672917419,,,0.002434186801298233,,,0.02001442481067436,0.004958528669311215,0.002434186801298233,,,
,,0.002614496934727732,,0.0012621709340064912,,0.009376126938333935,,0.005319148936170213,0.0012621709340064912,0.005319148936170213,0.0012621709340064912,,0.0012621709340064912,0.005319148936170213,0.0012621709340064912,,,,0.005319148936170213,,,0.0012621709340064912,0.0012621709340064912,,0.0012621709340064912,,,,,0.032095203750450774,0.0066714749368914535,,,0.002614496934727732,,,,0.28371799495131633,0.17417958889289578,,,,,0.005319148936170213,,0.005319148936170213,0.008023800937612693,0.011990623873061665,,0.02407140281283808,,,0.003966822935448972,0.0066714749368914535,,,,,,0.3443923548503426,,0.0012621709340064912,0.011990623873061665,,0.0012621709340064912,0.003966822935448972,0.010638297872340425,0.0012621709340064912,,,0.014695275874504147,,0.0012621709340064912,,,0.0012621709340064912
0.00144248106743599,,0.00288496213487198,0.00144248106743599,,,0.00576992426974396,,0.00144248106743599,,0.021817526144969346,0.00432744320230797,,0.00288496213487198,0.00865488640461594,,,,,0.00288496213487198,,,,,0.00144248106743599,0.00144248106743599,,,,,0.030562567616300038,0.00432744320230797,,,,,,,0.2599170573386226,0.20528308690948432,,,,,,,0.00576992426974396,0.00432744320230797,0.00721240533717995,,0.01307248467363866,,,0.00432744320230797,0.021817526144969346,0.00288496213487198,,,,,0.29120086548864044,0.036332491886044,0.00721240533717995,0.020375045077533356,,,,0.00721240533717995,0.00144248106743599,,,0.017399927875946627,,0.00144248106743599,,,0.00144248106743599
,,0.008835196538045438,,,,0.008835196538045438,,0.0037865128020194735,,0.0037865128020194735,,,,0.006310854670032456,,,0.0012621709340064912,,0.005048683736025965,,,0.0025243418680129825,0.0012621709340064912,,,,,,,0.019022719076812116,0.006310854670032456,,,,,,,0.30382257482870534,0.17300757302560404,,,,,0.0012621709340064912,0.0012621709340064912,0.005048683736025965,0.007573025604038947,0.016498377208799136,,0.015236206274792644,,,0.0025243418680129825,0.008835196538045438,0.006310854670032456,,,,0.0025243418680129825,0.2811936530833033,0.027948070681572304,0.0037865128020194735,0.0215470609448251,,0.0012621709340064912,0.0012621709340064912,0.0025243418680129825,0.0012621709340064912,,,0.04579877389109268,,0.0012621709340064912,,,0.0012621709340064912
,,0.009736747205192933,,,,0.013342949873782907,,0.004868373602596466,,0.00847457627118644,0.004868373602596466,,0.0011720158672917419,0.0073025604038946985,,,,,0.0073025604038946985,0.002434186801298233,,0.002434186801298233,0.0011720158672917419,0.002434186801298233,0.0011720158672917419,,,,,0.020645510277677605,0.0073025604038946985,,,,,0.0011720158672917419,,0.2215109989181392,0.20456184637576633,,,0.002434186801298233,,0.004868373602596466,0.0011720158672917419,0.003606202668589975,0.004868373602596466,0.0073025604038946985,,0.0425531914893617,,,0.0011720158672917419,0.012170934006491165,0.002434186801298233,,,,,0.3287053732419762,0.002434186801298233,0.004868373602596466,0.019473494410385865,,,,0.0011720158672917419,0.002434186801298233,,,0.012170934006491165,0.02307969707897584,0.0011720158672917419,,,
,,0.0037865128020194735,,,0.0012621709340064912,0.005138838802740714,,0.0012621709340064912,0.0025243418680129825,0.0025243418680129825,0.0012621709340064912,,0.0012621709340064912,0.01153984853948792,0.0025243418680129825,,0.0025243418680129825,,0.0037865128020194735,0.0012621709340064912,,0.0025243418680129825,0.0012621709340064912,0.0037865128020194735,0.0012621709340064912,,,,,0.0425531914893617,0.005138838802740714,,,,,,,0.11305445366029576,0.2088892895780743,,,,0.0012621709340064912,,0.0012621709340064912,0.006401009736747205,0.010277677605481428,0.03606202668589975,0.0012621709340064912,0.015416516408222142,,0.0012621709340064912,0.0025243418680129825,0.009015506671474938,0.0012621709340064912,0.0012621709340064912,,,0.005138838802740714,0.3958708979444645,0.005138838802740714,0.0025243418680129825,0.02578434908041832,,0.0012621709340064912,,0.007663180670753696,0.0012621709340064912,,,0.048954201226108905,,,,,
,,0.0012621709340064912,,,,0.01153984853948792,,0.0012621709340064912,0.0012621709340064912,,0.0012621709340064912,,0.0037865128020194735,,,,,0.0012621709340064912,0.0037865128020194735,,,0.0025243418680129825,0.0012621709340064912,0.007663180670753696,,,,,,0.02316985214569059,0.0012621709340064912,,,,,,,0.23395239812477464,0.17408943382618103,,,,,0.0012621709340064912,,0.0025243418680129825,0.005138838802740714,0.030923187883159033,,0.028308690948431303,,0.0012621709340064912,,0.020555355210962856,,0.0012621709340064912,,,0.006401009736747205,0.34430219978362786,0.006401009736747205,0.009015506671474938,0.01289217454020916,,0.0012621709340064912,0.0012621709340064912,,0.005138838802740714,,,0.04507753335737468,0.005138838802740714,0.0012621709340064912,,0.0012621709340064912,
,,0.0025243418680129825,,,,0.0025243418680129825,,0.0012621709340064912,0.0025243418680129825,0.0037865128020194735,0.0012621709340064912,,0.006310854670032456,0.005048683736025965,,,,,0.0037865128020194735,,,0.0025243418680129825,0.0012621709340064912,0.005048683736025965,,,,,,0.036693112152902996,0.006310854670032456,,,,,,,0.46258564731337903,0.10881716552470248,,,,,0.0025243418680129825,,,0.007573025604038947,0.0025243418680129825,,0.01009736747205193,,0.0012621709340064912,,0.008835196538045438,0.0012621709340064912,,,0.0012621709340064912,0.005048683736025965,0.24044356292823657,0.006310854670032456,0.005048683736025965,0.018932564010097366,,0.0012621709340064912,0.0012621709340064912,0.005048683736025965,0.0025243418680129825,,,0.02145690587811035,0.0037865128020194735,0.0012621709340064912,,,
,,0.006220699603317706,,,,0.007482870537324197,,0.0011720158672917419,,0.003696357735304724,0.003696357735304724,,0.0011720158672917419,0.006220699603317706,,,,0.0011720158672917419,0.002434186801298233,,,0.0011720158672917419,0.0011720158672917419,0.002434186801298233,0.0011720158672917419,,,,,0.0211864406779661,0.00865488640461594,,,0.003696357735304724,0.013703570140641904,,,0.3018391633609808,0.16218896501983412,,,,,0.003696357735304724,,0.003696357735304724,0.003696357735304724,0.002434186801298233,,0.013703570140641904,,0.0011720158672917419,0.006220699603317706,0.011179228272628922,0.003696357735304724,,,,,0.33681932924630364,0.012441399206635412,0.007482870537324197,0.013703570140641904,,,,,0.0011720158672917419,,,0.024882798413270825,0.0011720158672917419,0.0011720158672917419,,,0.0011720158672917419
,,0.009556437071763433,,0.0011720158672917419,,0.005950234403173459,,0.0047782185358817165,,0.0011720158672917419,0.003606202668589975,,0.0011720158672917419,0.003606202668589975,,,,,0.003606202668589975,,,0.0023440317345834838,0.0047782185358817165,,,,,,,0.009556437071763433,0.0023440317345834838,,,,0.0011720158672917419,,,0.5405697800216372,0.09853948791922106,0.0011720158672917419,,,,,,0.003606202668589975,0.003606202668589975,0.00838442120447169,,0.00838442120447169,,0.0011720158672917419,,0.010818608005769925,0.0023440317345834838,0.0011720158672917419,,,,0.22601875225387666,0.0023440317345834838,,0.018031013342949875,,0.0023440317345834838,,0.0047782185358817165,0.0011720158672917419,,,0.00721240533717995,0.0023440317345834838,,,,0.0011720158672917419
,,0.01848178867652362,0.0011720158672917419,,,0.01974395961053011,,0.0011720158672917419,0.0011720158672917419,0.007392715470609448,0.0011720158672917419,0.0011720158672917419,0.002434186801298233,0.00982690227190768,0.0011720158672917419,,,,0.002434186801298233,,,0.002434186801298233,0.002434186801298233,0.0011720158672917419,,,,,,0.02713667508113956,0.004868373602596466,,,0.00982690227190768,,,,0.20284890010818601,0.19879192210602237,,,,0.002434186801298233,,,,0.006130544536602957,0.007392715470609448,0.0011720158672917419,0.016047601875225387,,0.0011720158672917419,0.003696357735304724,0.012261089073205915,0.004868373602596466,,,,,0.35809592499098447,0.0011720158672917419,0.007392715470609448,0.01848178867652362,,0.0011720158672917419,,0.0011720158672917419,0.0011720158672917419,0.0011720158672917419,,0.030833032816444284,0.006130544536602957,,,,0.0011720158672917419
,,0.009556437071763433,,0.003606202668589975,,0.00721240533717995,,0.0023440317345834838,,0.0023440317345834838,0.0023440317345834838,,,0.00838442120447169,0.0023440317345834838,,,0.0011720158672917419,0.003606202668589975,,,0.0023440317345834838,0.003606202668589975,0.0023440317345834838,,,,,,0.025243418680129824,0.003606202668589975,,,,,,,0.24594302199783613,0.1730977280923188,,,,,0.003606202668589975,,0.0047782185358817165,0.005950234403173459,0.0144248106743599,0.0011720158672917419,0.026415434547421564,,0.003606202668589975,0.003606202668589975,0.0144248106743599,0.02280923187883159,,,,,0.34502344031734583,0.0023440317345834838,0.00721240533717995,0.015596826541651641,,,,0.009556437071763433,0.0011720158672917419,,,0.018031013342949875,,0.0011720158672917419,,,
,,0.011810313739632167,,,,0.005228993869455464,,0.011810313739632167,,0.002614496934727732,0.006491164803461955,,0.009195816804904436,0.007843490804183196,,,,0.003876667868734223,0.007843490804183196,,,0.002614496934727732,,,,,,,,0.04597908402452218,0.007843490804183196,,,,,,,0.03696357735304723,0.22502704652001443,,,,0.0012621709340064912,,,0.003876667868734223,0.005228993869455464,0.026235124413992065,0.0012621709340064912,0.01703930760908763,,0.002614496934727732,0.0012621709340064912,0.03416877028489001,0.005228993869455464,0.002614496934727732,,0.0012621709340064912,0.002614496934727732,0.43166245943021997,0.006491164803461955,0.010457987738910927,0.01577713667508114,,0.002614496934727732,,0.009195816804904436,0.0012621709340064912,,,0.028939776415434548,0.0012621709340064912,0.0012621709340064912,,,0.0012621709340064912
,,0.020645510277677605,,,,0.006401009736747205,,0.020645510277677605,,0.0025243418680129825,,,0.01676884240894338,0.0012621709340064912,,,,,0.006401009736747205,0.0025243418680129825,,0.0012621709340064912,,0.0037865128020194735,0.005138838802740714,,,,,0.02839884601514605,0.0025243418680129825,,,0.005138838802740714,,,,0.05905156869816075,0.18977641543454743,0.0025243418680129825,,,0.0012621709340064912,,,0.0012621709340064912,0.0037865128020194735,0.015416516408222142,0.0012621709340064912,0.02316985214569059,,,0.0025243418680129825,0.06193653083303282,0.006401009736747205,0.0037865128020194735,,0.007663180670753696,0.007663180670753696,0.361521817526145,0.009015506671474938,0.020645510277677605,0.02452217814641183,,0.005138838802740714,0.01289217454020916,0.0037865128020194735,,,,0.04778218535881717,0.0012621709340064912,0.0012621709340064912,,,0.0012621709340064912
0.0010818608005769925,,0.011089073205914173,,0.002163721601153985,,0.0010818608005769925,,0.0033357374684457267,0.0010818608005769925,0.004417598269022719,0.0010818608005769925,,0.015506671474936892,,,,,,0.0010818608005769925,0.0033357374684457267,,0.0010818608005769925,,0.0010818608005769925,,,,,,0.037774972953479986,0.0033357374684457267,,,,,,,0.38478182473855016,0.15353407861521817,0.0010818608005769925,0.004417598269022719,,,,,0.002163721601153985,0.0033357374684457267,0.008835196538045438,,0.005499459069599711,,,,0.036693112152902996,0.004417598269022719,0.0010818608005769925,,0.007753335737468446,0.0010818608005769925,0.19698882077172736,0.0010818608005769925,0.011089073205914173,0.02109628561125135,,0.013342949873782907,0.0010818608005769925,0.012170934006491165,0.0010818608005769925,,,0.033357374684457264,0.004417598269022719,0.0010818608005769925,,,
,,0.011089073205914173,,,,0.0033357374684457267,,,0.0010818608005769925,,0.0010818608005769925,,0.0033357374684457267,0.004417598269022719,0.002163721601153985,,0.0010818608005769925,,0.0010818608005769925,,,0.0010818608005769925,,0.002163721601153985,,,,,,0.02560403894698882,0.005499459069599711,,0.0010818608005769925,0.0010818608005769925,,,0.0010818608005769925,0.37720879913451133,0.1638117562206996,,,,,,,0.0033357374684457267,0.0010818608005769925,0.01000721240533718,,0.011089073205914173,,,,0.011089073205914173,0.002163721601153985,0.0010818608005769925,,0.002163721601153985,,0.3075189325640101,,0.0033357374684457267,0.013342949873782907,,0.002163721601153985,,0.004417598269022719,0.004417598269022719,,,0.012170934006491165,0.0033357374684457267,,,,
,,0.006851785070320952,,,,0.0022538766678687344,,0.003425892535160476,,,0.006851785070320952,,0.004507753335737469,0.004507753335737469,0.0010818608005769925,,0.0022538766678687344,0.0022538766678687344,0.0010818608005769925,,,0.0010818608005769925,,,0.0022538766678687344,,,,,0.0354309412188965,0.006851785070320952,,0.0010818608005769925,,,,0.0010818608005769925,0.24026325279480698,0.214028128380815,,,,0.0022538766678687344,,,0.00567976920302921,0.003425892535160476,0.010277677605481428,0.0010818608005769925,0.012531554273350162,,,0.003425892535160476,0.029751172015867293,0.00567976920302921,0.0010818608005769925,,,,0.326271186440678,0.0010818608005769925,0.003425892535160476,0.02740714028128381,,0.003425892535160476,,0.0010818608005769925,0.006851785070320952,,,0.015957446808510637,,,0.0010818608005769925,0.0010818608005769925,
0.0046880634691669676,,0.009376126938333935,,,,0.010548142805625675,,0.008204111071042193,,,0.0011720158672917419,,0.0046880634691669676,0.005860079336458709,,,0.0023440317345834838,0.0035160476018752254,0.0035160476018752254,,0.0011720158672917419,,,,0.0011720158672917419,,,,,0.03516047601875225,,,0.0011720158672917419,,0.0011720158672917419,,,0.30589614136314447,0.16768842408943382,,,,0.0011720158672917419,0.0011720158672917419,,0.0023440317345834838,0.011720158672917418,0.009376126938333935,0.0011720158672917419,0.010548142805625675,,,,0.03867652362062748,0.005860079336458709,0.0011720158672917419,0.005860079336458709,,0.0023440317345834838,0.26036783267219615,0.0035160476018752254,0.005860079336458709,0.02578434908041832,,0.0011720158672917419,,0.009376126938333935,0.0023440317345834838,,,0.029300396682293544,0.0023440317345834838,,,0.0011720158672917419,
0.0022538766678687344,,0.0022538766678687344,,,,0.010457987738910927,,0.011630003606202668,,,0.004597908402452218,,0.004597908402452218,0.006941940137035701,0.0022538766678687344,,0.0010818608005769925,0.0010818608005769925,0.0010818608005769925,0.0022538766678687344,,,,0.0010818608005769925,0.0010818608005769925,,,,,0.03489001081860801,0.006941940137035701,,,,0.0010818608005769925,,,0.14578074287774956,0.18184276956364948,,,,0.0010818608005769925,0.004597908402452218,,0.004597908402452218,0.004597908402452218,0.004597908402452218,0.006941940137035701,0.013974035340786152,,,0.0010818608005769925,0.026776054814280564,0.008113956004327443,0.0010818608005769925,0.003425892535160476,,0.006941940137035701,0.32987738910926795,0.07338622430580599,0.017399927875946627,0.027948070681572304,,,0.004597908402452218,0.0022538766678687344,0.0022538766678687344,,,0.029120086548864048,0.0010818608005769925,,,0.0010818608005769925,
0.0010046885465505692,,0.010716677829872739,,,,0.00426992632283992,,0.0031815137307434696,,,0.0031815137307434696,,0.0010046885465505692,0.00426992632283992,,,0.00426992632283992,0.0020931011386470196,,0.00426992632283992,,,0.0010046885465505692,,,,,,,0.06346282652377763,0.0031815137307434696,,,0.0010046885465505692,0.0031815137307434696,,,0.0,0.19691895512391158,0.0010046885465505692,,,0.0010046885465505692,,0.0031815137307434696,0.0031815137307434696,0.010716677829872739,0.01934025452109846,0.0020931011386470196,0.01398191560616209,,,0.0031815137307434696,0.07208640321500336,0.01398191560616209,0.0031815137307434696,0.00853985264567984,,0.00644675150703282,0.4336905559276624,0.02361018084393838,0.00853985264567984,0.02361018084393838,,0.0010046885465505692,0.0020931011386470196,0.00644675150703282,0.0020931011386470196,,,0.021517079705291358,0.0053583389149363695,,,0.0010046885465505692,0.0020931011386470196
0.0010520778537611783,,0.01358933894441522,,,,0.007890583903208837,,0.0010520778537611783,,0.005611081886726285,0.002191828862002455,,0.0033315798702437316,,,,,0.002191828862002455,,0.0033315798702437316,,,0.0010520778537611783,,,,,,,0.04550236717517096,0.0033315798702437316,,,,0.005611081886726285,,,0.0,0.2048044888655094,,0.0010520778537611783,,0.0010520778537611783,,0.002191828862002455,0.0010520778537611783,0.010170085919691391,0.021567596002104155,,0.027266351043310537,,,0.002191828862002455,0.09898299140803087,0.030685604068034368,0.0010520778537611783,,,0.0033315798702437316,0.34245134139926353,0.021567596002104155,0.006750832894967561,0.030685604068034368,,0.005611081886726285,0.015868840960897773,0.0033315798702437316,0.002191828862002455,,,0.06706996317727512,0.0033315798702437316,,,,
0.0011720158672917419,,0.013342949873782907,,0.0011720158672917419,,,,0.0047782185358817165,,0.0011720158672917419,,,0.0060403894698882075,0.0011720158672917419,0.0011720158672917419,,,0.003606202668589975,,0.0011720158672917419,,,0.0060403894698882075,,,,,,,0.03885683375405698,0.003606202668589975,,,,0.0060403894698882075,,,0.32167327803822576,0.13595384060584204,,0.0011720158672917419,,,0.0023440317345834838,0.0023440317345834838,0.0011720158672917419,0.0047782185358817165,0.009646592138478183,,0.027857915614857554,,,0.003606202668589975,0.06437071763433105,0.009646592138478183,0.0023440317345834838,0.0047782185358817165,,0.0011720158672917419,0.23800937612693834,0.0060403894698882075,0.00847457627118644,0.03155427335016228,,0.0023440317345834838,0.00721240533717995,,0.0011720158672917419,,,0.01821132347637937,0.0047782185358817165,,,,
,,0.006851785070320952,0.0010818608005769925,0.0022538766678687344,,0.006851785070320952,,0.004597908402452218,,0.0010818608005769925,0.0010818608005769925,,0.003425892535160476,0.003425892535160476,0.003425892535160476,,,0.0010818608005769925,0.0022538766678687344,,,,,,0.0022538766678687344,,,,,0.02758745041471331,0.0010818608005769925,,,0.004597908402452218,0.0010818608005769925,,0.0010818608005769925,0.3344752975117201,0.15876307248467364,0.0022538766678687344,,,0.0010818608005769925,0.003425892535160476,,0.00567976920302921,0.003425892535160476,0.01721961774251713,,0.009195816804904436,,,0.0022538766678687344,0.01839163360980887,0.0010818608005769925,0.0010818608005769925,,,0.0010818608005769925,0.30598629642985936,0.0022538766678687344,,0.02758745041471331,,,,0.003425892535160476,0.0010818608005769925,,,0.02407140281283808,,,0.0010818608005769925,,
,0.0012621709340064912,0.005048683736025965,0.0012621709340064912,0.0012621709340064912,,0.018932564010097366,,0.0012621709340064912,0.0012621709340064912,0.0012621709340064912,0.0037865128020194735,,0.006310854670032456,0.007573025604038947,0.0012621709340064912,,,,0.0025243418680129825,,,,,0.0012621709340064912,0.0012621709340064912,,,,,0.0429138117562207,0.0037865128020194735,,,,0.0012621709340064912,,,0.23431301839163376,0.23133790119004688,,,,0.0025243418680129825,,,0.008835196538045438,0.012621709340064912,0.015146051208077894,,0.008835196538045438,,,0.0012621709340064912,0.03660295708618824,0.0012621709340064912,0.005048683736025965,,,0.0012621709340064912,0.2932744320230797,0.005048683736025965,0.006310854670032456,0.018932564010097366,,0.0025243418680129825,,0.0012621709340064912,,,,0.01009736747205193,,,,,
,,0.009466282005048683,,0.0013523260007212406,,0.009466282005048683,,,,,,,0.002704652001442481,0.008113956004327443,0.0013523260007212406,,,,0.0013523260007212406,,,,,,0.006761630003606202,,,,,0.03948791922106022,0.002704652001442481,,,,0.0013523260007212406,,,0.1397403534078615,0.20302921024161558,,,,,,,0.010818608005769925,0.004056978002163722,0.014965741074648395,0.0013523260007212406,0.005409304002884962,,,0.005409304002884962,0.10764514965741075,,0.002704652001442481,,,0.005409304002884962,0.3461053011179228,0.002704652001442481,0.013613415073927155,0.02722683014785431,,0.004056978002163722,0.010818608005769925,0.004056978002163722,,,,0.006761630003606202,,,,,
,,0.016408222142084386,0.0012621709340064912,0.0012621709340064912,,0.012621709340064912,0.0012621709340064912,,,0.0025243418680129825,0.006310854670032456,,0.0025243418680129825,0.005048683736025965,0.0025243418680129825,,,,0.0012621709340064912,,,,,0.0012621709340064912,0.005048683736025965,,,,,0.04038946988820772,0.0025243418680129825,,,0.0012621709340064912,0.0012621709340064912,,,0.12648755860079341,0.1842769563649477,,,,0.0012621709340064912,0.005048683736025965,0.0012621709340064912,0.008835196538045438,0.007573025604038947,0.016408222142084386,0.0037865128020194735,0.0037865128020194735,,,0.0012621709340064912,0.08204111071042193,0.0037865128020194735,0.005048683736025965,0.008835196538045438,,0.0025243418680129825,0.33961413631446086,0.0025243418680129825,0.01009736747205193,0.03786512802019473,,0.0037865128020194735,0.0037865128020194735,0.0025243418680129825,,,,0.026505589614136314,0.005048683736025965,0.0012621709340064912,,,
,,0.005950234403173459,,0.003606202668589975,,0.0023440317345834838,0.0023440317345834838,0.003606202668589975,0.0023440317345834838,,,,0.0011720158672917419,0.003606202668589975,0.003606202668589975,,0.0011720158672917419,0.0011720158672917419,0.0011720158672917419,,,,,,0.0023440317345834838,,,,,0.03002163721601154,0.00721240533717995,,,,0.0011720158672917419,0.0011720158672917419,,0.03588171655247019,0.20915975477821855,0.0011720158672917419,0.0023440317345834838,,,0.0023440317345834838,,0.0023440317345834838,0.02398124774612333,0.015596826541651641,0.0011720158672917419,0.005950234403173459,,,0.003606202668589975,0.09610530111792283,0.011990623873061665,0.0023440317345834838,,0.0023440317345834838,,0.41480346195456186,0.005950234403173459,0.018031013342949875,0.02758745041471331,,0.003606202668589975,0.00721240533717995,0.00721240533717995,,,,0.025243418680129824,,,,,
0.0012621709340064912,,0.007753335737468446,,,,0.0025243418680129825,0.0012621709340064912,0.005138838802740714,0.0012621709340064912,,0.005138838802740714,,0.003876667868734223,,,,,0.0012621709340064912,,0.0012621709340064912,,,,,0.0012621709340064912,,,,,0.02605481428056257,0.0025243418680129825,,,,,0.0025243418680129825,,0.20961053011179231,0.13829787234042554,,,,,0.0025243418680129825,,0.0025243418680129825,0.010367832672196178,0.01694915254237288,,0.020825820411107105,,,0.0012621709340064912,0.08348359177785791,0.006491164803461955,0.0025243418680129825,,0.0012621709340064912,0.0012621709340064912,0.33808150018031013,0.003876667868734223,0.010367832672196178,0.03263613415073927,,0.0012621709340064912,0.0025243418680129825,0.011720158672917418,,,,0.036512802019473496,,0.0025243418680129825,,,
0.0012621709340064912,,0.005048683736025965,,0.0012621709340064912,,,0.0012621709340064912,0.006310854670032456,,,,,0.005048683736025965,,,,0.0012621709340064912,,,,,,,0.0012621709340064912,0.0012621709340064912,,,,,0.03290659935088352,0.0012621709340064912,,,,0.0012621709340064912,0.0012621709340064912,,0.42147493689145343,0.13559322033898305,,,,,,,0.005048683736025965,0.013883880274071402,0.0037865128020194735,0.0012621709340064912,0.01009736747205193,,,0.0025243418680129825,0.04561846375766318,0.006310854670032456,0.0012621709340064912,,,0.0025243418680129825,0.20149657410746483,0.0037865128020194735,0.012621709340064912,0.03290659935088352,,0.0012621709340064912,0.0025243418680129825,0.015146051208077894,,,,0.015146051208077894,0.0012621709340064912,0.0037865128020194735,,,
0.0012621709340064912,,0.016498377208799136,,,,0.008835196538045438,0.005048683736025965,0.006310854670032456,,,0.0012621709340064912,,0.006310854670032456,0.008835196538045438,0.0025243418680129825,0.0025243418680129825,,,0.0012621709340064912,0.0025243418680129825,,,,0.0025243418680129825,0.0012621709340064912,,,,,0.029300396682293544,,,,0.007573025604038947,0.0012621709340064912,0.005048683736025965,0.0012621709340064912,0.2625315542733502,0.16047601875225387,,,,0.0012621709340064912,0.0037865128020194735,,0.01144969347277317,0.005048683736025965,0.02416155787955283,0.0037865128020194735,0.017760548142805626,,,0.005048683736025965,0.029300396682293544,0.007573025604038947,0.0025243418680129825,,,0.0012621709340064912,0.2738910926794086,0.010187522538766678,0.007573025604038947,0.01144969347277317,,0.0012621709340064912,,0.013974035340786152,0.005048683736025965,,,0.02163721601153985,0.0037865128020194735,0.0025243418680129825,0.0012621709340064912,,
0.0012621709340064912,,0.012711864406779662,,,,0.0025243418680129825,0.0025243418680129825,0.008835196538045438,,,,,0.0037865128020194735,0.0037865128020194735,0.0037865128020194735,,,,0.005048683736025965,0.0012621709340064912,,,,0.0025243418680129825,0.0037865128020194735,,,,,0.03308690948431302,0.0025243418680129825,,,,0.0012621709340064912,0.0037865128020194735,,0.26595744680851063,0.2063649477100613,,,,0.0012621709340064912,0.0025243418680129825,,0.006310854670032456,0.0037865128020194735,0.02289938694554634,0.0012621709340064912,0.010187522538766678,,,0.0012621709340064912,0.006310854670032456,0.005048683736025965,0.0025243418680129825,,,0.012711864406779662,0.2765055896141363,0.0037865128020194735,0.005048683736025965,0.019112874143526866,,0.0025243418680129825,,0.0025243418680129825,0.0012621709340064912,,,0.04075009015506671,0.0012621709340064912,0.0037865128020194735,0.0025243418680129825,,
0.002434186801298233,,0.015055896141363144,,,,0.007482870537324197,0.0011720158672917419,0.004958528669311215,,,0.0011720158672917419,,0.003696357735304724,0.003696357735304724,0.002434186801298233,,,,,0.003696357735304724,0.0011720158672917419,,,,0.002434186801298233,,,,,0.026325279480706815,0.0011720158672917419,,,,,0.003696357735304724,,0.3861341507392714,0.14713306887847097,,,,,0.0011720158672917419,,0.008745041471330688,0.003696357735304724,0.0213667508113956,,0.02262892174540209,,0.0011720158672917419,0.0011720158672917419,0.013793725207356654,0.002434186801298233,,,,,0.2615398485394879,0.007482870537324197,0.002434186801298233,0.0213667508113956,,0.002434186801298233,,0.002434186801298233,0.002434186801298233,,,0.007482870537324197,0.0011720158672917419,,0.0011720158672917419,,
,,0.01000721240533718,,,,0.012441399206635412,,0.002434186801298233,,0.0011720158672917419,0.003696357735304724,,0.003696357735304724,0.002434186801298233,0.002434186801298233,,,,,,0.0011720158672917419,,,0.003696357735304724,0.003696357735304724,,,,,0.024972953479985575,0.0011720158672917419,0.0011720158672917419,,,,0.0011720158672917419,,0.37657771366750803,0.14632167327803822,,,,,0.013703570140641904,,0.006220699603317706,0.01000721240533718,0.011179228272628922,0.002434186801298233,0.013703570140641904,,,,0.01000721240533718,0.002434186801298233,0.0011720158672917419,,,,0.27641543454742157,0.006220699603317706,0.002434186801298233,0.02001442481067436,,0.0011720158672917419,0.0011720158672917419,0.003696357735304724,0.002434186801298233,,,0.008745041471330688,0.006220699603317706,0.0011720158672917419,0.0011720158672917419,,
0.0012621709340064912,,0.010277677605481428,,,,0.0012621709340064912,,,,0.0012621709340064912,,,0.0037865128020194735,,0.0025243418680129825,,0.0012621709340064912,,,,,,,0.0012621709340064912,0.005138838802740714,,,,,0.019293184276956366,0.0037865128020194735,,,,,,,0.4310313739632168,0.12648755860079336,0.0025243418680129825,0.0012621709340064912,,,0.0025243418680129825,0.0037865128020194735,0.005138838802740714,0.009015506671474938,0.009015506671474938,,0.014154345474215652,,,0.0037865128020194735,0.010277677605481428,0.009015506671474938,0.0025243418680129825,,0.0012621709340064912,,0.2556797692030292,0.0037865128020194735,0.005138838802740714,0.021907681211684096,,0.0012621709340064912,0.0025243418680129825,0.0037865128020194735,0.0025243418680129825,,,0.014154345474215652,0.0025243418680129825,0.0025243418680129825,0.0012621709340064912,,
0.0012621709340064912,,0.003966822935448972,,,,0.0012621709340064912,,0.005319148936170213,,,,,0.0012621709340064912,,,,,,0.0012621709340064912,0.0012621709340064912,,,,0.0012621709340064912,0.003966822935448972,,,,,0.014605120807789397,0.0012621709340064912,,,,,,,0.5931301839163361,0.14235485034258924,,0.003966822935448972,,,0.002614496934727732,,0.003966822935448972,0.007933645870897944,0.006581319870176704,0.0012621709340064912,0.007933645870897944,,,0.002614496934727732,0.006581319870176704,0.011900468806346917,0.002614496934727732,,,,0.11170212765957446,0.002614496934727732,0.002614496934727732,0.025243418680129824,,,0.002614496934727732,0.002614496934727732,0.003966822935448972,,,0.011900468806346917,0.005319148936170213,,0.0012621709340064912,,
0.0012621709340064912,,0.006581319870176704,,0.0012621709340064912,,0.0012621709340064912,0.002614496934727732,0.003876667868734223,,0.0012621709340064912,,,0.0012621709340064912,,0.002614496934727732,,,,0.003876667868734223,0.002614496934727732,,,,0.0012621709340064912,0.0012621709340064912,,,,,0.014514965741074649,0.002614496934727732,,,,0.002614496934727732,,,0.6041291020555355,0.1016949152542373,,,,,0.0012621709340064912,,0.006581319870176704,0.007843490804183196,0.009195816804904436,,0.005228993869455464,,,0.0012621709340064912,0.007843490804183196,0.005228993869455464,0.0012621709340064912,,,,0.14397764154345474,0.0012621709340064912,0.002614496934727732,0.025063108546700325,,0.0012621709340064912,,,0.003876667868734223,,,0.014514965741074649,0.003876667868734223,,0.0012621709340064912,,
0.0012621709340064912,,0.015236206274792644,,0.0025243418680129825,,0.006310854670032456,0.0037865128020194735,0.0025243418680129825,,,,,0.0025243418680129825,0.007573025604038947,0.006310854670032456,,,,0.0037865128020194735,0.0012621709340064912,,,,0.0025243418680129825,0.005048683736025965,,,,,0.0215470609448251,0.0037865128020194735,,,0.0012621709340064912,0.0012621709340064912,,0.0012621709340064912,0.4443743238369997,0.14614136314460874,,,,,0.006310854670032456,0.0012621709340064912,0.01009736747205193,0.007573025604038947,0.013974035340786152,0.0025243418680129825,0.008835196538045438,,,0.0012621709340064912,0.006310854670032456,0.0025243418680129825,,,,,0.1855391272989542,0.006310854670032456,0.005048683736025965,0.030472412549585288,,0.0012621709340064912,,,0.0037865128020194735,,,0.0215470609448251,0.0037865128020194735,,0.0012621709340064912,,
0.002434186801298233,0.0011720158672917419,0.013613415073927155,,0.0011720158672917419,,,,0.006130544536602957,,0.007392715470609448,0.002434186801298233,,,0.006130544536602957,0.002434186801298233,,,0.0011720158672917419,0.003696357735304724,0.002434186801298233,,,,,0.003696357735304724,,,,,0.04597908402452218,0.003696357735304724,,,,0.002434186801298233,,0.0011720158672917419,0.4450955643707175,0.13919942300757301,0.0011720158672917419,,,0.002434186801298233,0.003696357735304724,,0.00991705733862243,0.003696357735304724,0.011179228272628922,,0.004958528669311215,,,,0.007392715470609448,0.003696357735304724,0.0011720158672917419,,,0.002434186801298233,0.1764334655607645,0.003696357735304724,0.006130544536602957,0.03723404255319149,,0.0011720158672917419,,0.00865488640461594,0.004958528669311215,,,0.011179228272628922,0.006130544536602957,,0.0011720158672917419,,
0.0011720158672917419,,0.01126938333934367,,0.0011720158672917419,,0.006220699603317706,0.0011720158672917419,0.003696357735304724,0.003696357735304724,0.0011720158672917419,0.002434186801298233,,0.002434186801298233,0.004958528669311215,0.0011720158672917419,,,,0.003696357735304724,0.002434186801298233,,,,,0.007482870537324197,,,,,0.03128380815001803,0.004958528669311215,,,0.0011720158672917419,,,,0.3817165524702487,0.13036422646952758,0.0011720158672917419,,,,0.004958528669311215,0.0011720158672917419,0.004958528669311215,,0.008745041471330688,0.0011720158672917419,0.008745041471330688,,,,0.016227912008654886,0.002434186801298233,0.0011720158672917419,,,,0.25207356653443924,0.006220699603317706,0.014965741074648395,0.03128380815001803,,,0.0011720158672917419,0.002434186801298233,0.004958528669311215,,,0.023800937612693834,0.007482870537324197,,0.0011720158672917419,,
,,0.0144248106743599,,,,0.005228993869455464,0.002614496934727732,0.007843490804183196,,,0.002614496934727732,,0.0144248106743599,0.002614496934727732,0.002614496934727732,,,0.0012621709340064912,,0.01307248467363866,,,,0.0012621709340064912,0.003876667868734223,,,,,0.02758745041471331,0.011810313739632167,,,,0.0012621709340064912,,,0.38757663180670754,0.15768121168409666,,,,,0.006491164803461955,,0.002614496934727732,0.003876667868734223,0.009195816804904436,0.003876667868734223,,,,,0.01703930760908763,0.0012621709340064912,0.0012621709340064912,,,,0.23124774612333213,0.009195816804904436,0.002614496934727732,0.03020194734944104,,,0.0012621709340064912,0.0012621709340064912,0.003876667868734223,,,0.011810313739632167,0.003876667868734223,,0.0012621709340064912,,
,,0.010818608005769925,,,,0.002704652001442481,0.0013523260007212406,0.002704652001442481,,,0.004056978002163722,,0.002704652001442481,,0.002704652001442481,,,,,0.004056978002163722,,,0.0013523260007212406,,0.004056978002163722,,,,,0.029751172015867293,0.0013523260007212406,,,,0.0013523260007212406,,,0.433104940497656,0.12044716913090515,,,,,0.005409304002884962,,0.004056978002163722,0.004056978002163722,0.010818608005769925,0.004056978002163722,0.009466282005048683,,,0.0013523260007212406,0.010818608005769925,0.002704652001442481,0.004056978002163722,,0.002704652001442481,0.0013523260007212406,0.2544175982690227,,0.002704652001442481,0.03786512802019473,,,,0.0013523260007212406,0.0013523260007212406,,,0.012170934006491165,0.005409304002884962,,0.0013523260007212406,,
,,0.009285971871619185,,,,0.002614496934727732,,0.0012621709340064912,0.0012621709340064912,0.002614496934727732,,,0.009285971871619185,0.002614496934727732,0.0012621709340064912,,,,0.0012621709340064912,0.002614496934727732,,,0.0012621709340064912,,0.003966822935448972,,,,,0.035971871619185,0.003966822935448972,,,,0.0012621709340064912,,,0.5367832672196178,0.11855391272989542,0.002614496934727732,,,,0.003966822935448972,,0.002614496934727732,0.006581319870176704,0.010638297872340425,,0.015957446808510637,,,0.002614496934727732,0.01857194374323837,0.0012621709340064912,0.0012621709340064912,,,0.002614496934727732,0.12919221060223585,,0.005319148936170213,0.025243418680129824,,0.0012621709340064912,,0.010638297872340425,0.003966822935448972,,,0.010638297872340425,0.007933645870897944,,0.0012621709340064912,,
,,0.009556437071763433,,,,,,,,,,,0.008204111071042193,,0.0013523260007212406,,,,,0.0013523260007212406,,,,,0.002704652001442481,,,,,0.021907681211684096,0.004056978002163722,,,,,,,0.6341507392715471,0.10034258925351605,0.0013523260007212406,,,,0.004056978002163722,,0.0013523260007212406,0.006851785070320952,0.010908763072484673,0.0013523260007212406,0.004056978002163722,,,,0.010908763072484673,0.0013523260007212406,,,,0.0013523260007212406,0.12369275153263613,0.0013523260007212406,0.005409304002884962,0.023350162279120085,,0.0013523260007212406,,,0.004056978002163722,,,0.006851785070320952,0.005409304002884962,,0.0013523260007212406,,
,,0.006220699603317706,,,,0.002434186801298233,,0.002434186801298233,0.0011720158672917419,,0.004958528669311215,,0.004958528669311215,0.002434186801298233,0.004958528669311215,0.0011720158672917419,,,0.0011720158672917419,0.0011720158672917419,,,,0.0011720158672917419,0.0011720158672917419,,,,,0.0213667508113956,0.002434186801298233,,,,0.0011720158672917419,,0.0011720158672917419,0.5340786152181752,0.10962856112513523,,,,,0.002434186801298233,,0.007482870537324197,0.004958528669311215,0.015055896141363144,0.0011720158672917419,0.012531554273350162,,,,0.007482870537324197,0.0011720158672917419,0.0011720158672917419,,,0.0011720158672917419,0.16895059502344031,0.002434186801298233,0.006220699603317706,0.027677605481428055,,,0.0011720158672917419,0.002434186801298233,0.004958528669311215,,,0.017580238009376126,0.007482870537324197,,0.0011720158672917419,,
,,0.003876667868734223,,,,0.0012621709340064912,,0.005228993869455464,,,0.002614496934727732,,0.002614496934727732,0.002614496934727732,0.002614496934727732,,,,0.002614496934727732,0.003876667868734223,,,,,0.0012621709340064912,,,,,0.020915975477821855,0.0012621709340064912,,,,0.0012621709340064912,,,0.5101875225387666,0.11774251712946268,,,,,0.003876667868734223,0.0012621709340064912,0.007843490804183196,0.002614496934727732,0.003876667868734223,,0.007843490804183196,,,0.0012621709340064912,0.006491164803461955,0.0012621709340064912,,,,0.002614496934727732,0.2211503786512802,0.005228993869455464,0.003876667868734223,0.03263613415073927,,,,0.002614496934727732,0.002614496934727732,,,0.009105661738189686,0.0012621709340064912,,0.002614496934727732,,
,,0.005950234403173459,,,,,,0.005950234403173459,,,0.0046880634691669676,,0.0011720158672917419,,,,0.0011720158672917419,,,0.0023440317345834838,,,,,0.005950234403173459,,,,,0.038135593220338986,0.0023440317345834838,,,,,,,0.467994951316264,0.1276595744680851,,,,0.0011720158672917419,0.0023440317345834838,0.0011720158672917419,0.0046880634691669676,0.0023440317345834838,0.0046880634691669676,,0.008294266137756943,,,,0.009466282005048683,0.0023440317345834838,0.0011720158672917419,0.0023440317345834838,,,0.23981247746123333,0.0046880634691669676,0.0035160476018752254,0.02857915614857555,,,,0.0035160476018752254,0.0023440317345834838,,,0.009466282005048683,0.0035160476018752254,,0.0011720158672917419,,
0.0022538766678687344,,0.003425892535160476,,,,0.0010818608005769925,,0.003425892535160476,,0.0010818608005769925,0.0022538766678687344,,0.0010818608005769925,,,,,,,0.0010818608005769925,,,,,0.0010818608005769925,,,,,0.03245582401730977,0.004597908402452218,,,,,,,0.5340786152181752,0.14154345474215652,,,,,0.0022538766678687344,,0.0022538766678687344,0.0010818608005769925,0.010367832672196178,,0.00576992426974396,,,0.0010818608005769925,0.008113956004327443,0.008113956004327443,,,,,0.17634331049404978,0.004597908402452218,0.004597908402452218,0.020825820411107105,,,0.0010818608005769925,0.006941940137035701,0.0022538766678687344,,,0.012711864406779662,0.0010818608005769925,,0.0010818608005769925,,
,,0.0022538766678687344,,,,0.0010818608005769925,,0.003425892535160476,,0.0010818608005769925,0.0010818608005769925,,0.003425892535160476,0.0022538766678687344,0.0010818608005769925,,,0.0022538766678687344,,0.0010818608005769925,,,,,0.0022538766678687344,,,,,0.03146411828344753,0.0010818608005769925,,,,,,,0.5497655968265416,0.09565452578434908,0.0010818608005769925,,,,0.0022538766678687344,,0.006941940137035701,0.009285971871619185,0.0022538766678687344,,0.009285971871619185,,,0.0010818608005769925,0.008113956004327443,0.004597908402452218,,,0.0010818608005769925,,0.20302921024161558,0.0022538766678687344,0.0010818608005769925,0.033808150018031016,,0.0010818608005769925,0.0010818608005769925,0.0022538766678687344,0.0010818608005769925,,,0.00576992426974396,0.0022538766678687344,,0.0010818608005769925,,
,,0.0047782185358817165,,,,,0.0023440317345834838,0.0011720158672917419,,,,,0.003606202668589975,,,,,0.0023440317345834838,,0.0011720158672917419,,,,0.0023440317345834838,0.0011720158672917419,,0.0011720158672917419,0.0011720158672917419,,0.026595744680851064,0.0011720158672917419,,,,,,,0.6201767039307609,0.10403894698882077,,,,,0.0023440317345834838,,0.003606202668589975,0.009646592138478183,0.00721240533717995,0.0011720158672917419,0.0047782185358817165,,,,0.00721240533717995,0.0047782185358817165,,,,,0.16209880995311937,0.0023440317345834838,,0.01568698160836639,,,,,,,,0.0023440317345834838,0.0023440317345834838,,0.0011720158672917419,,
,,0.002434186801298233,,,,,0.0011720158672917419,0.0011720158672917419,0.0011720158672917419,,0.0011720158672917419,,0.002434186801298233,,,,0.002434186801298233,,,,,,,,0.004958528669311215,,,0.002434186801298233,,0.023800937612693834,0.0011720158672917419,,,,,0.002434186801298233,,0.699603317706455,0.07645149657410746,,,,,0.002434186801298233,,0.003696357735304724,0.004958528669311215,0.006220699603317706,0.0011720158672917419,0.002434186801298233,,,,0.01126938333934367,0.002434186801298233,,,,,0.10277677605481428,0.004958528669311215,0.0011720158672917419,0.025063108546700325,,,,,,,,0.006220699603317706,0.0011720158672917419,,0.0011720158672917419,,
,,0.004958528669311215,,,,0.002434186801298233,,0.0011720158672917419,0.003696357735304724,,0.0011720158672917419,,0.003696357735304724,0.004958528669311215,0.002434186801298233,0.002434186801298233,,,0.0011720158672917419,,,,,0.0011720158672917419,0.002434186801298233,,,,,0.033808150018031016,0.003696357735304724,,,,,0.003696357735304724,,0.46042192571222496,0.1141363144608727,,,0.0011720158672917419,0.0011720158672917419,0.004958528669311215,,0.008745041471330688,0.002434186801298233,0.007482870537324197,0.0011720158672917419,0.004958528669311215,,,0.002434186801298233,0.007482870537324197,0.002434186801298233,,,0.0011720158672917419,,0.23827984132708258,0.008745041471330688,,0.04011900468806347,,,,0.004958528669311215,0.004958528669311215,,,0.006220699603317706,0.002434186801298233,,0.0011720158672917419,,
,0.0012621709340064912,0.006310854670032456,,,,,0.0012621709340064912,0.006310854670032456,0.0012621709340064912,,0.0025243418680129825,,0.005048683736025965,,0.0012621709340064912,,,,0.0025243418680129825,,,,,0.0012621709340064912,0.0012621709340064912,,,,,0.03687342228633249,0.0037865128020194735,,,,0.0012621709340064912,0.0025243418680129825,0.0012621709340064912,0.4772809231878833,0.15416516408222142,,,,0.0037865128020194735,,,,0.0025243418680129825,0.008835196538045438,,0.006310854670032456,,,,0.010187522538766678,0.006310854670032456,,,0.0012621709340064912,,0.19365308330328165,0.0025243418680129825,,0.03948791922106022,,0.0012621709340064912,,0.0025243418680129825,0.0025243418680129825,,,0.005048683736025965,0.0025243418680129825,,0.0037865128020194735,,
,,0.002434186801298233,,,,0.0011720158672917419,0.0011720158672917419,0.006130544536602957,,,0.002434186801298233,,0.006130544536602957,0.006130544536602957,0.0011720158672917419,,,,0.002434186801298233,0.0011720158672917419,,,,,0.002434186801298233,,,,,0.05445366029570862,0.004868373602596466,,,,,0.0011720158672917419,,0.4332852506310855,0.15227190768121168,,,,,,,0.004868373602596466,0.004868373602596466,0.00865488640461594,,0.0011720158672917419,,,,0.011089073205914173,0.006130544536602957,,,,,0.22655968265416515,0.004868373602596466,0.0011720158672917419,0.030923187883159033,,,,0.00865488640461594,0.004868373602596466,,,0.002434186801298233,0.003696357735304724,,0.0011720158672917419,,
,,0.004958528669311215,,,,0.002434186801298233,,0.006130544536602957,,,0.002434186801298233,,0.002434186801298233,0.002434186801298233,,,0.0011720158672917419,0.0011720158672917419,,,,,,0.0011720158672917419,0.002434186801298233,,,,,0.031013342949873783,0.00865488640461594,,,,,0.0011720158672917419,,0.4268842408943382,0.14893617021276595,,,,,0.006130544536602957,,0.003696357735304724,,0.011089073205914173,,0.007392715470609448,,,0.0011720158672917419,0.00865488640461594,0.002434186801298233,,,,,0.24080418319509556,0.007392715470609448,0.002434186801298233,0.03344752975117202,,,0.0011720158672917419,0.007392715470609448,0.0011720158672917419,,,0.014875586007933646,0.004958528669311215,,0.0011720158672917419,,0.0011720158672917419
,,0.006220699603317706,,,,0.002434186801298233,0.0011720158672917419,0.003696357735304724,,,0.002434186801298233,,,0.0011720158672917419,,,0.0011720158672917419,0.002434186801298233,,0.0011720158672917419,,,,,0.0011720158672917419,,,,,0.03498016588532275,0.004958528669311215,,,,,,0.0011720158672917419,0.4220158672917418,0.1711143166245943,0.0011720158672917419,,,,0.003696357735304724,,0.002434186801298233,0.013703570140641904,0.008745041471330688,,0.004958528669311215,,,0.002434186801298233,0.01866209880995312,0.007482870537324197,,0.0011720158672917419,,,0.22232239451857194,0.002434186801298233,,0.03867652362062748,,,,0.002434186801298233,,,,0.008745041471330688,0.002434186801298233,,0.0011720158672917419,,
,,0.0046880634691669676,,,,0.0035160476018752254,0.0023440317345834838,0.0035160476018752254,,,0.0023440317345834838,,0.010728452939055175,,,,,,,0.0011720158672917419,,,,,0.0011720158672917419,,,,,0.02145690587811035,0.0046880634691669676,,,,,,,0.569058781103498,0.11810313739632167,,,,,0.0023440317345834838,,,0.0046880634691669676,0.0035160476018752254,,0.005950234403173459,,,,0.005950234403173459,0.0046880634691669676,,,,,0.17778579156148575,0.0035160476018752254,,0.017850703209520376,,0.0023440317345834838,,,,,,0.020284890010818606,0.0071222502704652,,0.0011720158672917419,,
,,0.004958528669311215,,,,0.0011720158672917419,0.0011720158672917419,0.004958528669311215,,,0.002434186801298233,,0.0011720158672917419,,,,,,,0.0011720158672917419,,,,0.0011720158672917419,0.0011720158672917419,,,,,0.012531554273350162,0.0011720158672917419,,,,,,,0.7199783627839884,0.08177064551027768,,,,,0.002434186801298233,,,0.0011720158672917419,0.007482870537324197,,0.006220699603317706,,,,0.006220699603317706,0.003696357735304724,,,,,0.0918680129823296,0.002434186801298233,,0.023891092679408584,,0.0011720158672917419,,0.0011720158672917419,,,,0.013793725207356654,0.002434186801298233,,0.0011720158672917419,,
,,0.0025243418680129825,,,,0.0025243418680129825,,0.0025243418680129825,0.0012621709340064912,,0.009015506671474938,,0.0012621709340064912,0.0025243418680129825,0.0012621709340064912,0.0012621709340064912,,,0.0012621709340064912,,,,,0.0037865128020194735,0.0025243418680129825,,,,,0.03867652362062748,0.005138838802740714,,,,,,,0.5317345834835918,0.13153624233681932,,,,,0.005138838802740714,,0.005138838802740714,0.0012621709340064912,0.005138838802740714,0.0037865128020194735,0.007663180670753696,,,,0.0012621709340064912,0.0012621709340064912,,,,,0.17796610169491525,0.0037865128020194735,0.0012621709340064912,0.029661016949152543,,,0.0012621709340064912,0.0012621709340064912,0.0037865128020194735,,,0.009015506671474938,0.0012621709340064912,,0.0012621709340064912,,
,,0.009466282005048683,,,,0.005409304002884962,0.0013523260007212406,0.005409304002884962,,,0.005409304002884962,,,0.004056978002163722,,,,,0.002704652001442481,,,,,0.002704652001442481,0.002704652001442481,,,,,0.021817526144969346,0.002704652001442481,,,0.0013523260007212406,,,0.0013523260007212406,0.49459069599711514,0.1650739271547061,,,,0.0013523260007212406,0.002704652001442481,,0.006761630003606202,0.0013523260007212406,0.002704652001442481,,0.0013523260007212406,,,0.0013523260007212406,0.0013523260007212406,0.002704652001442481,,,,,0.20879913451135954,0.0013523260007212406,,0.02316985214569059,,,,0.0013523260007212406,0.004056978002163722,,,0.008113956004327443,0.002704652001442481,,0.002704652001442481,,
,,0.005589614136314461,,,,0.0027948070681572306,0.0013523260007212406,0.004147133068878471,,,0.005589614136314461,,0.004147133068878471,0.005589614136314461,,,,,,,,,,,0.0013523260007212406,,,,,0.03948791922106022,0.004147133068878471,,,,,,,0.44707897583844214,0.15659935088351964,,,,,0.0027948070681572306,,0.0027948070681572306,0.0013523260007212406,0.01126938333934367,,0.00838442120447169,,,0.0013523260007212406,0.005589614136314461,0.007032095203750451,,,,,0.19888207717273712,0.004147133068878471,0.0013523260007212406,0.04652001442481067,,0.0027948070681572306,0.0013523260007212406,0.005589614136314461,0.0013523260007212406,,,0.014064190407500902,0.004147133068878471,,0.0013523260007212406,,
,,0.006761630003606202,,,,0.002704652001442481,0.0013523260007212406,0.006761630003606202,,,,,0.004056978002163722,0.002704652001442481,,,,,,,,,,0.0013523260007212406,0.0013523260007212406,,,,,0.04075009015506671,0.005409304002884962,,,,,,,0.3599891813919943,0.20275874504147134,0.002704652001442481,,,,0.004056978002163722,,0.002704652001442481,0.006761630003606202,0.009466282005048683,0.006761630003606202,0.006761630003606202,,,0.0013523260007212406,0.005409304002884962,0.005409304002884962,,,,,0.21907681211684096,0.005409304002884962,0.0013523260007212406,0.03398846015146051,,0.002704652001442481,0.020375045077533356,0.009466282005048683,0.004056978002163722,,,0.012170934006491165,0.0013523260007212406,,0.0013523260007212406,0.0013523260007212406,
,,0.010818608005769925,,,,0.0013523260007212406,0.0013523260007212406,0.005409304002884962,,0.0013523260007212406,0.002704652001442481,,0.002704652001442481,0.004056978002163722,,0.0013523260007212406,,,,,,,,0.0013523260007212406,0.0013523260007212406,,,,,0.03389830508474576,0.004056978002163722,,,,,,,0.3580057699242698,0.1657951676884241,0.002704652001442481,,,0.002704652001442481,0.005409304002884962,,0.004056978002163722,0.009466282005048683,0.02307969707897584,0.0013523260007212406,0.017580238009376126,,,0.004056978002163722,0.002704652001442481,0.002704652001442481,,,,,0.27037504507753335,0.002704652001442481,0.005409304002884962,0.0284890010818608,,,,0.006761630003606202,,,,0.008113956004327443,0.004056978002163722,,0.0013523260007212406,0.0013523260007212406,
0.002614496934727732,,0.0066714749368914535,,,,0.002614496934727732,0.002614496934727732,0.0066714749368914535,0.002614496934727732,0.002614496934727732,0.0012621709340064912,,0.002614496934727732,0.0012621709340064912,,,,,,,,,,0.003966822935448972,,,,,,0.03624233681932924,0.0012621709340064912,,,,,,,0.4077713667508114,0.15587811034980165,,,,0.002614496934727732,0.003966822935448972,,,0.010728452939055175,0.01875225387666787,,0.003966822935448972,,,0.0012621709340064912,0.009376126938333935,0.003966822935448972,,,,,0.2364767399927876,0.002614496934727732,,0.03759466282005049,,,,0.005319148936170213,,,,0.017399927875946627,0.008023800937612693,,0.0012621709340064912,,
,,0.008113956004327443,,,,0.006761630003606202,0.0013523260007212406,0.002704652001442481,,0.002704652001442481,0.0013523260007212406,,0.004056978002163722,0.0013523260007212406,,,,,,,,,,0.0013523260007212406,0.002704652001442481,,,,,0.02587450414713307,0.002704652001442481,,,,,,,0.6396501983411469,0.08988460151460512,,,,,0.0013523260007212406,0.004056978002163722,,0.005409304002884962,0.012261089073205915,,0.005409304002884962,,,,0.008113956004327443,0.004056978002163722,,,,,0.1335196538045438,0.004056978002163722,0.0013523260007212406,0.0217273710782546,,,,0.002704652001442481,,,,0.0013523260007212406,0.002704652001442481,,0.0013523260007212406,,
,,0.006491164803461955,,,,,,0.0012621709340064912,0.0012621709340064912,0.0025243418680129825,0.0012621709340064912,,0.0012621709340064912,0.007753335737468446,0.005138838802740714,0.0012621709340064912,,,0.0012621709340064912,,,,,0.0012621709340064912,0.0012621709340064912,,,,,0.046790479624954924,0.0025243418680129825,,,,,,0.0012621709340064912,0.36368553912729895,0.17697439596105302,,,,0.0012621709340064912,0.0012621709340064912,,0.007753335737468446,,0.010367832672196178,,0.0142445005409304,,,,0.0025243418680129825,0.003876667868734223,,,,,0.25513883880274074,0.007753335737468446,0.0025243418680129825,0.04417598269022719,,,,0.005138838802740714,0.003876667868734223,,,0.006491164803461955,0.009105661738189686,,0.0012621709340064912,,
,0.002434186801298233,0.0011720158672917419,,,,0.004868373602596466,0.002434186801298233,0.002434186801298233,,0.004868373602596466,0.0073025604038946985,,0.003606202668589975,0.0060403894698882075,0.003606202668589975,,,,0.0060403894698882075,,,,,,0.0011720158672917419,,,,,0.029300396682293544,0.002434186801298233,,,0.0011720158672917419,,0.0011720158672917419,,0.42192571222502684,0.16615578795528307,0.002434186801298233,,,0.002434186801298233,0.003606202668589975,,0.003606202668589975,0.0011720158672917419,0.010998918139199423,,0.014605120807789397,,,,,0.00847457627118644,,,,,0.21754417598269024,0.0073025604038946985,,0.03786512802019473,,,,0.004868373602596466,0.002434186801298233,,,0.0073025604038946985,0.003606202668589975,,0.002434186801298233,,0.0011720158672917419
,,0.0022538766678687344,,,,0.0022538766678687344,0.0022538766678687344,0.0010818608005769925,0.0022538766678687344,0.0022538766678687344,,,0.0022538766678687344,0.0022538766678687344,0.004597908402452218,,,,0.004597908402452218,,,,,,0.0010818608005769925,,,,,0.02316985214569059,0.006941940137035701,,,,,,,0.4939596105301117,0.1344212044716913,0.0022538766678687344,,,,0.0022538766678687344,,0.004597908402452218,,0.003425892535160476,,0.006941940137035701,,,,0.00576992426974396,0.0022538766678687344,,,,0.0010818608005769925,0.23404255319148937,0.003425892535160476,,0.02316985214569059,,0.0022538766678687344,,0.0010818608005769925,0.0022538766678687344,,,0.015055896141363144,0.003425892535160476,,0.0010818608005769925,,
,,0.005048683736025965,,,,0.0037865128020194735,0.0012621709340064912,0.0037865128020194735,,0.0025243418680129825,0.0025243418680129825,,0.0025243418680129825,0.0037865128020194735,0.005048683736025965,,,,,0.0012621709340064912,,,,,0.0012621709340064912,,,,,0.0354309412188965,0.0037865128020194735,,,0.0012621709340064912,,,,0.3466462315182114,0.1723764875586008,0.0012621709340064912,,,,0.012621709340064912,,0.0012621709340064912,,0.01009736747205193,0.0025243418680129825,0.0012621709340064912,,,0.0012621709340064912,0.007573025604038947,0.0037865128020194735,,,,0.0012621709340064912,0.26613775694194014,0.006310854670032456,,0.04940497655968266,,0.0025243418680129825,0.008835196538045438,0.006310854670032456,0.0037865128020194735,,,0.013883880274071402,0.006310854670032456,,0.0012621709340064912,,
,,,,,,,,0.003606202668589975,,0.0011720158672917419,0.0011720158672917419,,0.005950234403173459,0.0011720158672917419,0.005950234403173459,,,,,0.0023440317345834838,,,,,0.0011720158672917419,,,,,0.05409304002884962,0.00721240533717995,,,0.0011720158672917419,,,,0.34628561125135227,0.16732780382257484,,0.0023440317345834838,,,0.0011720158672917419,0.0011720158672917419,0.0011720158672917419,0.005950234403173459,0.02280923187883159,,0.0011720158672917419,,,,0.005950234403173459,0.003606202668589975,,,,,0.2937252073566534,0.003606202668589975,0.0011720158672917419,0.03606202668589975,,0.0011720158672917419,,0.0023440317345834838,0.0011720158672917419,,,0.011990623873061665,0.003606202668589975,,0.0011720158672917419,,
,,,,,,0.0012621709340064912,0.0012621709340064912,0.002614496934727732,,0.011810313739632167,,,0.010457987738910927,0.0012621709340064912,,,,,,0.006491164803461955,,,0.0012621709340064912,,,,,,,0.047331410025243416,,,,,,,,0.3867652362062748,0.19473494410385864,,,,0.0012621709340064912,0.0012621709340064912,0.006491164803461955,,0.003876667868734223,0.007843490804183196,,0.003876667868734223,,,,0.002614496934727732,0.005228993869455464,,0.0012621709340064912,,,0.24080418319509556,0.003876667868734223,,0.047331410025243416,,,0.0012621709340064912,0.002614496934727732,,,,0.003876667868734223,,,0.0012621709340064912,,
,,0.002704652001442481,,,,,0.0013523260007212406,0.0013523260007212406,,,0.0013523260007212406,,0.006851785070320952,,,,,,0.0013523260007212406,0.0013523260007212406,,,0.0013523260007212406,,0.0013523260007212406,,,,,0.04561846375766318,0.006851785070320952,,,,,0.0013523260007212406,,0.4530292102416156,0.15506671474936892,,,,,0.002704652001442481,0.0013523260007212406,0.0013523260007212406,0.009646592138478183,0.010998918139199423,0.002704652001442481,0.002704652001442481,,,,0.008294266137756943,0.004147133068878471,,,,,0.20347998557518931,0.010998918139199423,,0.04561846375766318,,0.0013523260007212406,,0.002704652001442481,,,,0.008294266137756943,0.0013523260007212406,,0.0013523260007212406,,
,,0.010457987738910927,,,,0.003876667868734223,0.0012621709340064912,0.0012621709340064912,0.0012621709340064912,,0.0012621709340064912,,0.002614496934727732,0.005228993869455464,0.0012621709340064912,0.0012621709340064912,,,0.0012621709340064912,,,,,0.0012621709340064912,0.0012621709340064912,,,,,0.044626758023800936,0.007843490804183196,0.0012621709340064912,,,,0.003876667868734223,,0.36819329246303634,0.16822935448972232,,,,,0.006491164803461955,,0.002614496934727732,0.003876667868734223,0.01703930760908763,,0.01703930760908763,,,0.0012621709340064912,0.003876667868734223,0.002614496934727732,,,,,0.2207897583844212,0.009195816804904436,0.002614496934727732,0.0288496213487198,,0.002614496934727732,0.0012621709340064912,0.003876667868734223,0.002614496934727732,,,0.040659935088351966,0.003876667868734223,,0.0012621709340064912,,
,,0.0047782185358817165,,,,0.0011720158672917419,0.0011720158672917419,0.0011720158672917419,,,,,0.0047782185358817165,0.003606202668589975,0.0023440317345834838,,,0.0011720158672917419,0.0047782185358817165,,,,,,0.0011720158672917419,,,,,0.035070320952037506,0.0023440317345834838,0.0047782185358817165,,,,0.003606202668589975,0.0023440317345834838,0.4527587450414712,0.18653083303281645,,,,,0.0023440317345834838,,,0.003606202668589975,0.010818608005769925,,0.0011720158672917419,,,,0.00847457627118644,0.0011720158672917419,,,,,0.2010457987738911,0.00847457627118644,0.0023440317345834838,0.029029931482149298,,,,0.0060403894698882075,,,,0.00721240533717995,0.0023440317345834838,,0.0023440317345834838,,
,,0.002614496934727732,,,,0.008023800937612693,0.0012621709340064912,0.002614496934727732,0.009376126938333935,,0.005319148936170213,,0.003966822935448972,0.008023800937612693,0.0066714749368914535,,,,0.003966822935448972,,,,,,0.0012621709340064912,,,,,0.04147133068878471,0.003966822935448972,0.005319148936170213,,,,0.002614496934727732,,0.3276235124413992,0.17688424089433827,,,,,0.005319148936170213,,0.005319148936170213,0.013342949873782907,0.010638297872340425,0.005319148936170213,0.002614496934727732,,,0.0012621709340064912,0.005319148936170213,0.005319148936170213,,,,,0.2706455102776776,0.0066714749368914535,0.003966822935448972,0.03344752975117202,,,,0.002614496934727732,,,,0.011990623873061665,0.003966822935448972,,0.0012621709340064912,,
0.0012621709340064912,,0.009195816804904436,,,,0.010548142805625675,0.0012621709340064912,0.006581319870176704,0.002614496934727732,,0.006581319870176704,,0.006581319870176704,0.007933645870897944,0.003966822935448972,,,,0.003966822935448972,,,,,0.005228993869455464,0.0012621709340064912,,,,,0.031734583483591774,0.005228993869455464,0.006581319870176704,,0.0012621709340064912,,0.003966822935448972,,0.23422286332491893,0.2067255679769203,,,,,0.014514965741074649,,0.002614496934727732,0.009195816804904436,0.013252794807068157,0.003966822935448972,0.003966822935448972,,,0.0012621709340064912,0.007933645870897944,0.002614496934727732,0.0012621709340064912,,,,0.31139560043274433,0.006581319870176704,0.002614496934727732,0.043725207356653445,,,0.0012621709340064912,0.003966822935448972,,,,0.007933645870897944,0.003966822935448972,,0.0012621709340064912,,
,,0.007032095203750451,,,,0.005860079336458709,,,0.0035160476018752254,0.0011720158672917419,0.0011720158672917419,,,0.0023440317345834838,0.0035160476018752254,,0.0011720158672917419,0.0035160476018752254,,0.0011720158672917419,,,,,,,,,,0.042282726289217455,0.0035160476018752254,,,,,0.0023440317345834838,,0.2163721601153985,0.2421565091958168,,,,,,0.0011720158672917419,0.0023440317345834838,0.010548142805625675,0.01875225387666787,0.0035160476018752254,0.008204111071042193,,,,0.005860079336458709,0.0023440317345834838,0.0023440317345834838,,,0.0011720158672917419,0.319780021637216,0.0046880634691669676,0.007032095203750451,0.03642264695275874,,,0.0011720158672917419,0.0046880634691669676,0.0023440317345834838,,,0.02461233321312658,0.0046880634691669676,,,0.0011720158672917419,
,,0.0071222502704652,,,,0.0023440317345834838,,,,,0.0011720158672917419,,,0.0011720158672917419,,,,0.0035160476018752254,0.0023440317345834838,0.0011720158672917419,,,,,,,,,,0.04201226108907321,0.0011720158672917419,,,0.0011720158672917419,,,,0.4032636134150739,0.20167688424089433,,0.0011720158672917419,,,,0.0011720158672917419,0.0011720158672917419,0.0215470609448251,0.005950234403173459,,0.011990623873061665,,,,0.005950234403173459,,0.005950234403173459,,,,0.23052650558961413,0.0047782185358817165,0.0011720158672917419,0.017940858276235126,,0.0023440317345834838,,0.0035160476018752254,,,,0.01433465560764515,0.0011720158672917419,,,0.0011720158672917419,
,0.002614496934727732,0.010548142805625675,,,,0.0012621709340064912,,0.0012621709340064912,,0.0012621709340064912,0.0012621709340064912,,0.0012621709340064912,,0.007933645870897944,,0.0012621709340064912,0.003966822935448972,,0.003966822935448972,,,,,0.002614496934727732,,,,,0.03714388748647674,0.003966822935448972,,,,,,,0.49170573386224303,0.14857554994590697,,,,,,,0.002614496934727732,0.01721961774251713,0.013252794807068157,,0.003966822935448972,,,,0.005228993869455464,,0.002614496934727732,0.0012621709340064912,0.0012621709340064912,,0.1857194374323837,,0.002614496934727732,0.026505589614136314,,,,0.002614496934727732,0.002614496934727732,,,0.009285971871619185,0.002614496934727732,,,,
,,0.008925351604760188,,,,0.005589614136314461,,0.0010818608005769925,0.0033357374684457267,0.0033357374684457267,0.002163721601153985,,0.0010818608005769925,0.0066714749368914535,0.0010818608005769925,0.0010818608005769925,0.0010818608005769925,0.004417598269022719,0.0010818608005769925,0.0010818608005769925,,,,,,,,,,0.0357915614857555,0.005589614136314461,,,,,,,0.41994230075730243,0.17598269022719076,0.002163721601153985,0.0010818608005769925,,,,0.0010818608005769925,0.002163721601153985,0.0033357374684457267,0.0033357374684457267,,0.01000721240533718,,,,0.0066714749368914535,,0.002163721601153985,,,0.002163721601153985,0.2286332491886044,0.002163721601153985,0.005589614136314461,0.019022719076812116,,0.0010818608005769925,,0.0033357374684457267,0.0066714749368914535,,,0.01568698160836639,0.0010818608005769925,0.002163721601153985,,,0.0010818608005769925
,,0.004868373602596466,,,,0.003606202668589975,,0.003606202668589975,0.002434186801298233,,,,,0.010998918139199423,0.0011720158672917419,,,0.0060403894698882075,0.004868373602596466,0.003606202668589975,,,,,,,,,,0.0354309412188965,0.002434186801298233,,,,,,0.0011720158672917419,0.25108186080057704,0.25450775333573744,,0.002434186801298233,,0.002434186801298233,,,0.002434186801298233,0.0073025604038946985,0.003606202668589975,,0.015867291741795887,,,0.0011720158672917419,0.02443202307969708,0.003606202668589975,,,,0.0073025604038946985,0.25450775333573744,0.00856473133790119,0.01956364947710061,0.029300396682293544,,0.002434186801298233,,0.003606202668589975,0.004868373602596466,,,0.01712946267580238,0.002434186801298233,,0.0011720158672917419,,
,,0.00847457627118644,,,,0.00721240533717995,,0.0023440317345834838,0.0047782185358817165,0.0011720158672917419,0.0023440317345834838,,0.0023440317345834838,0.00721240533717995,0.0011720158672917419,,,0.003606202668589975,0.0023440317345834838,0.0023440317345834838,,,,,0.0011720158672917419,,,,,0.050937612693833394,0.00721240533717995,,,,,,,0.2076271186440678,0.2355751893256401,,0.0011720158672917419,,,,,0.0047782185358817165,0.0047782185358817165,0.01577713667508114,,0.009646592138478183,,,0.0011720158672917419,0.02298954201226109,,0.0011720158672917419,,,0.003606202668589975,0.31328885683375407,0.012080778939776415,0.01577713667508114,0.026685899747565814,,0.0011720158672917419,,0.0011720158672917419,0.0011720158672917419,,,0.013342949873782907,0.0023440317345834838,,,,
,,0.00991705733862243,,,,0.004958528669311215,,,0.006130544536602957,0.007392715470609448,0.002434186801298233,,,0.006130544536602957,,,,0.002434186801298233,,0.002434186801298233,,,,,,,,,,0.04093040028849621,0.007392715470609448,,,0.002434186801298233,,,,0.3160836639019112,0.18743238369996393,,,,,0.00991705733862243,,0.003696357735304724,0.01730977280923188,0.013613415073927155,,0.016047601875225387,,,0.0011720158672917419,0.007392715470609448,,0.0011720158672917419,,,0.003696357735304724,0.25072124053371797,0.007392715470609448,0.003696357735304724,0.03723404255319149,,,,0.004958528669311215,0.002434186801298233,,,0.022268301478543095,0.0011720158672917419,,,,
,,0.011089073205914173,,,,0.00865488640461594,,0.0011720158672917419,0.002434186801298233,0.003696357735304724,,,0.002434186801298233,0.00865488640461594,,,,0.0011720158672917419,,0.003696357735304724,,,,,0.0011720158672917419,,,,,0.04579877389109268,0.004958528669311215,0.0011720158672917419,,,,,,0.2215109989181392,0.23052650558961413,,,0.0011720158672917419,,,,0.002434186801298233,0.023530472412549585,0.016047601875225387,,0.012351244139920664,,,,0.003696357735304724,,0.003696357735304724,,,0.003696357735304724,0.32843490804183195,0.00865488640461594,0.0011720158672917419,0.0284890010818608,,,,0.002434186801298233,,,,0.013613415073927155,,0.002434186801298233,,,
0.0025243418680129825,,0.01009736747205193,,,,,,0.0025243418680129825,0.0012621709340064912,0.005048683736025965,,,0.01135953840605842,0.0025243418680129825,,,,0.0012621709340064912,,0.006310854670032456,,,,,0.005048683736025965,,,,,0.03299675441759827,0.0025243418680129825,0.0012621709340064912,,,,,,0.2519834114677246,0.2600973674720519,,,0.0012621709340064912,,,,,0.03164442841687703,0.008835196538045438,0.005048683736025965,0.0025243418680129825,,,,0.007573025604038947,,0.0037865128020194735,,,0.005048683736025965,0.28552109628561123,0.0025243418680129825,0.0012621709340064912,0.04056978002163721,,,,0.0025243418680129825,,,,0.005048683736025965,,,,,
0.0011720158672917419,,0.012441399206635412,,,,0.003696357735304724,,0.0011720158672917419,,0.003696357735304724,0.002434186801298233,,0.002434186801298233,0.004958528669311215,,,,0.003696357735304724,,0.002434186801298233,,,,,0.0011720158672917419,,,,,0.0361521817526145,0.003696357735304724,0.0011720158672917419,,,0.003696357735304724,,,0.43247385503065283,0.1559682654165164,,,,,,,,0.013703570140641904,0.012441399206635412,0.006220699603317706,0.006220699603317706,,,,0.00991705733862243,0.0011720158672917419,0.002434186801298233,,,0.006220699603317706,0.2083483591777858,0.007482870537324197,0.004958528669311215,0.02993148214929679,,0.00865488640461594,,0.0011720158672917419,,,,0.006220699603317706,0.002434186801298233,,,,
,,0.015867291741795887,,,,0.009736747205192933,,0.004868373602596466,0.004868373602596466,0.002434186801298233,,,0.0011720158672917419,0.009736747205192933,0.004868373602596466,0.0011720158672917419,,0.0011720158672917419,0.0011720158672917419,0.003606202668589975,,,0.0011720158672917419,0.0011720158672917419,,,,,,0.03786512802019473,0.004868373602596466,,,0.002434186801298233,,,,0.25468806346916695,0.19671835557158313,0.0011720158672917419,,,,0.004868373602596466,,0.003606202668589975,0.003606202668589975,0.012170934006491165,,0.01830147854309412,,,0.003606202668589975,0.028038225748287054,0.002434186801298233,0.002434186801298233,,,0.004868373602596466,0.2896682293544897,0.004868373602596466,0.003606202668589975,0.031734583483591774,,,0.0060403894698882075,0.0060403894698882075,0.003606202668589975,,,0.002434186801298233,0.0073025604038946985,,,,
,,0.007392715470609448,,,,0.002434186801298233,,0.0011720158672917419,0.0011720158672917419,0.003696357735304724,,,,0.004868373602596466,0.002434186801298233,,0.0011720158672917419,0.002434186801298233,0.002434186801298233,0.0011720158672917419,,,0.004868373602596466,,0.0011720158672917419,,,,,0.01721961774251713,0.00982690227190768,,,,,,0.0011720158672917419,0.3613415073927154,0.18743238369996393,0.002434186801298233,,,,,,0.002434186801298233,0.014785430941218897,0.004868373602596466,,0.01965380454381536,,,,0.00982690227190768,0.011089073205914173,,,,0.00982690227190768,0.2540569780021637,0.007392715470609448,0.003696357735304724,0.01848178867652362,,0.0011720158672917419,,0.00856473133790119,0.0011720158672917419,,,0.011089073205914173,0.004868373602596466,,0.0011720158672917419,,
,,0.013342949873782907,,,,0.00847457627118644,,,,,0.002434186801298233,,0.004868373602596466,0.0060403894698882075,0.002434186801298233,,,0.003606202668589975,,0.0011720158672917419,,,0.002434186801298233,,,,,,,0.03290659935088352,0.0073025604038946985,,,,,,,0.2979624954922466,0.19527587450414713,,,0.0011720158672917419,,,0.002434186801298233,,0.0060403894698882075,0.009736747205192933,,0.010908763072484673,,,0.0011720158672917419,0.012170934006491165,0.004868373602596466,,,,0.004868373602596466,0.27587450414713305,0.012170934006491165,0.012170934006491165,0.030472412549585288,,,0.002434186801298233,0.003606202668589975,0.002434186801298233,,,0.026776054814280564,0.002434186801298233,,,,
,,0.012261089073205915,,,,0.00856473133790119,,,,0.002434186801298233,0.002434186801298233,,0.003696357735304724,,0.006130544536602957,,,0.003696357735304724,,0.0011720158672917419,,,,0.002434186801298233,,,,,,0.030833032816444284,0.003696357735304724,,,0.003696357735304724,,,,0.1788676523620626,0.23584565452578435,,0.0011720158672917419,,,0.007392715470609448,0.0011720158672917419,0.004868373602596466,0.007392715470609448,0.01848178867652362,0.002434186801298233,0.014785430941218897,,,0.002434186801298233,0.020915975477821855,0.003696357735304724,,,,0.007392715470609448,0.29264334655607643,0.01974395961053011,0.011089073205914173,0.030833032816444284,,0.003696357735304724,0.0011720158672917419,0.00856473133790119,0.002434186801298233,,,0.0357915614857555,0.006130544536602957,,,,
,,0.007032095203750451,,,,0.009376126938333935,,,0.0023440317345834838,0.0011720158672917419,,,,0.005860079336458709,0.0023440317345834838,,,0.0023440317345834838,,0.0023440317345834838,,,,,0.0011720158672917419,,,,,0.05436350522899387,,,,,0.0011720158672917419,0.0023440317345834838,,0.3160836639019111,0.20699603317706455,,,,,0.0011720158672917419,,0.0023440317345834838,0.011810313739632167,0.01298232960692391,,0.02127659574468085,,,,0.005860079336458709,0.0023440317345834838,,,,0.0046880634691669676,0.25667147493689146,0.005860079336458709,0.0023440317345834838,0.02596465921384782,,0.0011720158672917419,0.0011720158672917419,0.005860079336458709,0.0035160476018752254,,,0.015326361341507392,0.0046880634691669676,,,,
,,0.0060403894698882075,,,,0.0011720158672917419,,,0.0011720158672917419,0.002434186801298233,0.004868373602596466,,,0.0011720158672917419,,,,0.002434186801298233,,0.002434186801298233,,,,0.003606202668589975,0.003606202668589975,,,,,0.03894698882077173,,,,,,0.0011720158672917419,,0.3207717273710782,0.23530472412549586,,,,,,,0.003606202668589975,0.010908763072484673,0.01703930760908763,0.004868373602596466,0.00847457627118644,,,0.003606202668589975,0.0060403894698882075,0.002434186801298233,,,,0.002434186801298233,0.25477821853588173,0.00847457627118644,0.002434186801298233,0.02434186801298233,,,,0.00847457627118644,,,,0.013342949873782907,0.003606202668589975,,,,
,,0.006941940137035701,,,,,,,0.0010818608005769925,0.003425892535160476,,,,0.0010818608005769925,,,,0.0022538766678687344,,0.0022538766678687344,,,,,0.003425892535160476,,,,,0.03263613415073927,0.003425892535160476,,,,,,,0.5649116480346195,0.1283808150018031,,,,,,0.003425892535160476,,,0.01280201947349441,0.0010818608005769925,0.004597908402452218,,,,,0.003425892535160476,,,,0.00576992426974396,0.1703930760908763,0.0010818608005769925,,0.030292102416155788,,0.0010818608005769925,,0.006941940137035701,,,,0.009285971871619185,,,,,
,,0.009466282005048683,,,0.0011720158672917419,0.005950234403173459,,0.0046880634691669676,,0.0035160476018752254,,,0.0023440317345834838,0.0035160476018752254,0.0046880634691669676,0.0011720158672917419,,,0.0011720158672917419,0.0023440317345834838,,,,0.0011720158672917419,,,,,,0.03930760908763072,0.0035160476018752254,,,0.0011720158672917419,,,,0.30418319509556424,0.1942841687702849,,0.0011720158672917419,,,0.0011720158672917419,0.0035160476018752254,0.0011720158672917419,0.0011720158672917419,0.02262892174540209,0.0023440317345834838,0.010638297872340425,,,0.0023440317345834838,0.016678687342228632,0.0035160476018752254,,,,0.0046880634691669676,0.2955283086909484,0.0035160476018752254,0.0035160476018752254,0.0213667508113956,,,,,0.0071222502704652,,,0.011900468806346917,0.0023440317345834838,,,,
,0.0023440317345834838,0.010548142805625675,,0.0011720158672917419,,0.008204111071042193,,,0.0011720158672917419,0.0023440317345834838,0.0011720158672917419,,0.0046880634691669676,0.0046880634691669676,0.0046880634691669676,,0.0023440317345834838,0.0011720158672917419,0.0035160476018752254,0.0023440317345834838,,,0.016498377208799136,0.0011720158672917419,,,,,,0.05192931842769564,0.008204111071042193,,,,,,0.0011720158672917419,0.23972232239451852,0.20771727371078255,0.0011720158672917419,0.0011720158672917419,,0.0011720158672917419,0.0011720158672917419,0.008204111071042193,,0.01298232960692391,0.0035160476018752254,,0.014154345474215652,,,0.0011720158672917419,0.014154345474215652,0.0011720158672917419,0.0011720158672917419,0.0023440317345834838,,,0.2949873782906599,0.008204111071042193,0.008204111071042193,0.03299675441759827,,,,0.0023440317345834838,0.0023440317345834838,,,0.009376126938333935,,,0.0011720158672917419,,
,,0.01830147854309412,,,,0.01144969347277317,,0.00567976920302921,,0.0010818608005769925,0.008023800937612693,,0.006851785070320952,0.008023800937612693,0.003425892535160476,,,0.0010818608005769925,0.003425892535160476,0.0010818608005769925,,,0.004507753335737469,0.0010818608005769925,,,,,,0.05499459069599712,0.0010818608005769925,,,,,,,0.2228633249188604,0.20402091597547783,0.0010818608005769925,0.0010818608005769925,,,,0.00567976920302921,,0.01144969347277317,0.01712946267580238,,0.016047601875225387,,,,0.013703570140641904,0.003425892535160476,,,,0.0010818608005769925,0.30030652722683016,0.010277677605481428,0.008023800937612693,0.04011900468806347,,,,0.0022538766678687344,0.003425892535160476,,,0.006851785070320952,,0.0010818608005769925,,,
,,0.008925351604760188,,,,0.008925351604760188,,0.0033357374684457267,,0.007753335737468446,0.0066714749368914535,,0.008925351604760188,0.005589614136314461,0.0033357374684457267,,,0.0033357374684457267,0.002163721601153985,0.002163721601153985,,,,0.0010818608005769925,,,,,,0.0569780021637216,0.004417598269022719,,,0.0033357374684457267,0.0010818608005769925,,,0.23882077172737093,0.2124053371799495,,,,,0.008925351604760188,,0.0010818608005769925,0.0066714749368914535,0.02569419401370357,0.002163721601153985,0.015596826541651641,,,0.002163721601153985,0.01000721240533718,0.0010818608005769925,,,,0.002163721601153985,0.28624233681932926,0.005589614136314461,0.0033357374684457267,0.03461954561846376,,0.0010818608005769925,0.0033357374684457267,0.0010818608005769925,0.002163721601153985,,,0.0066714749368914535,0.0010818608005769925,,,,
,,0.0073025604038946985,,,,0.008294266137756943,,0.000991705733862243,,0.0030652722683014787,0.004147133068878471,,0.006220699603317706,0.000991705733862243,0.0020735665344392357,,,0.0020735665344392357,0.0020735665344392357,0.0030652722683014787,,,0.000991705733862243,,0.0020735665344392357,,,,,0.06779661016949153,0.005138838802740714,,,0.0030652722683014787,0.000991705733862243,,,0.17877749729534798,0.20357014064190407,,,,0.000991705733862243,,0.0020735665344392357,,0.006220699603317706,0.05111792282726289,,0.021907681211684096,,,0.0020735665344392357,0.021907681211684096,0.0020735665344392357,0.004147133068878471,,,0.005138838802740714,0.2985935809592499,0.005138838802740714,0.000991705733862243,0.03443923548503426,,,0.0073025604038946985,0.009376126938333935,0.0030652722683014787,,,0.017670393076090876,0.0030652722683014787,,,,
,,0.01866209880995312,,,,0.0142445005409304,,,,0.0010818608005769925,0.006581319870176704,,0.00982690227190768,0.0010818608005769925,0.002163721601153985,,,0.0010818608005769925,,0.0032455824017309774,,,,0.00432744320230797,,,,,,0.06707536963577353,0.00432744320230797,,,,0.0010818608005769925,,,0.253245582401731,0.18265416516408223,,0.002163721601153985,,0.0010818608005769925,0.0032455824017309774,,,0.008745041471330688,0.04724125495852867,0.0010818608005769925,0.01974395961053011,,,0.005499459069599711,0.008745041471330688,0.0010818608005769925,0.002163721601153985,0.0010818608005769925,,0.0032455824017309774,0.23981247746123333,0.006581319870176704,0.002163721601153985,0.03732419761990624,,0.002163721601153985,0.0032455824017309774,0.006581319870176704,,,,0.012080778939776415,0.012080778939776415,0.002163721601153985,,,
,,0.01821132347637937,,,0.0010818608005769925,0.00567976920302921,,,,,0.004507753335737469,,0.0033357374684457267,0.0022538766678687344,,,,,,0.006761630003606202,,,,,,,,,,0.05228993869455464,0.0022538766678687344,,,,,,,0.40245221781464113,0.13883880274071403,,,,0.0010818608005769925,0.0033357374684457267,,,0.007933645870897944,0.04778218535881717,0.0022538766678687344,0.00567976920302921,,,,0.007933645870897944,0.0022538766678687344,0.0033357374684457267,,0.0010818608005769925,0.010187522538766678,0.18319509556437072,0.00567976920302921,,0.04778218535881717,,0.0033357374684457267,0.0022538766678687344,0.00567976920302921,,,,0.014785430941218897,0.006761630003606202,,,,
0.0010818608005769925,0.002163721601153985,0.006491164803461955,,,,0.00982690227190768,,0.005409304002884962,,,0.005409304002884962,,0.0010818608005769925,0.0032455824017309774,,,,0.0010818608005769925,,0.005409304002884962,,,,0.0010818608005769925,0.002163721601153985,,,,,0.040479624954922466,0.0010818608005769925,,,,0.0010818608005769925,,,0.55580598629643,0.09736747205192932,0.0010818608005769925,,,0.0010818608005769925,0.0010818608005769925,,,0.00432744320230797,0.015236206274792644,0.002163721601153985,0.017490082942661377,,,0.0010818608005769925,0.00432744320230797,0.00432744320230797,0.002163721601153985,,,0.007573025604038947,0.14767399927875946,0.002163721601153985,,0.021817526144969346,,,0.002163721601153985,0.0010818608005769925,,,,0.01965380454381536,0.0032455824017309774,,,,
,,0.008023800937612693,,,,0.0010818608005769925,0.0010818608005769925,0.003425892535160476,0.0010818608005769925,0.00567976920302921,,,0.004597908402452218,0.006851785070320952,0.003425892535160476,,,0.0010818608005769925,0.0010818608005769925,0.0010818608005769925,,,,0.0010818608005769925,0.0022538766678687344,,,,,0.03218535881716553,,,,,0.0010818608005769925,,,0.34520375045077534,0.19689866570501263,0.0022538766678687344,,,,,,0.003425892535160476,0.003425892535160476,0.012621709340064912,,0.008023800937612693,,,,0.008023800937612693,0.0010818608005769925,,,,0.00567976920302921,0.2660476018752254,0.006851785070320952,0.006851785070320952,0.03570140641904075,,,0.0010818608005769925,0.0010818608005769925,0.004597908402452218,,,0.013793725207356654,0.0022538766678687344,,,,
,,0.011720158672917418,,,,0.007032095203750451,0.0011720158672917419,0.0023440317345834838,,0.0035160476018752254,,,0.0011720158672917419,0.0046880634691669676,0.0023440317345834838,,,,0.0023440317345834838,0.0035160476018752254,,,,,,,,,,0.04570861882437793,0.0023440317345834838,,,,,,0.0011720158672917419,0.3163541291020554,0.1583122971510999,0.0011720158672917419,,,0.0011720158672917419,,,0.0011720158672917419,,0.01875225387666787,,0.007032095203750451,,,0.0011720158672917419,0.011720158672917418,0.0046880634691669676,,,,0.0046880634691669676,0.323746844572665,0.015236206274792644,0.0011720158672917419,0.02461233321312658,,,,0.008204111071042193,0.0035160476018752254,,,0.005860079336458709,0.0011720158672917419,,0.0011720158672917419,,
,,0.010457987738910927,,,,0.004597908402452218,,0.004597908402452218,,,0.0010818608005769925,,,0.00576992426974396,0.0010818608005769925,,,,,,,,,,,,,,,0.05382257482870537,0.0022538766678687344,,,0.0022538766678687344,,,,0.32771366750811404,0.18040028849621348,0.0010818608005769925,,,,0.008113956004327443,,0.0010818608005769925,0.003425892535160476,0.022178146411828345,0.004597908402452218,0.01280201947349441,,,0.0022538766678687344,0.02569419401370357,0.003425892535160476,,,,0.004597908402452218,0.23900108186080057,0.006941940137035701,0.004597908402452218,0.04093040028849621,,,0.0010818608005769925,0.0010818608005769925,0.0022538766678687344,,,0.015146051208077894,0.003425892535160476,0.0022538766678687344,,,
,,0.013703570140641904,,0.0010818608005769925,,0.009105661738189686,,0.0022538766678687344,0.0022538766678687344,0.008023800937612693,,,0.008023800937612693,0.004507753335737469,,,,0.0010818608005769925,,0.0010818608005769925,,,,,0.0022538766678687344,,,,,0.08375405697800216,0.0022538766678687344,0.00567976920302921,,0.0010818608005769925,,0.0010818608005769925,,0.07194374323837016,0.247836278398846,,,,,0.0022538766678687344,,,0.008023800937612693,0.02289938694554634,0.0022538766678687344,0.010277677605481428,,,0.0022538766678687344,0.025243418680129824,0.009105661738189686,0.0022538766678687344,,,0.00567976920302921,0.3511539848539488,0.003425892535160476,0.003425892535160476,0.059682654165164085,,0.0010818608005769925,,0.006851785070320952,,,,0.012621709340064912,0.0022538766678687344,0.0022538766678687344,,,
,,0.008294266137756943,,,,0.008294266137756943,,0.009466282005048683,,0.010728452939055175,0.0023440317345834838,,0.009466282005048683,,0.0011720158672917419,,,0.0011720158672917419,,0.005950234403173459,,,,,0.0046880634691669676,,,,,0.08826181031373963,0.0011720158672917419,0.0071222502704652,,,0.0023440317345834838,0.0011720158672917419,,0.17345834835917773,0.24098449332852506,,,,,,0.0011720158672917419,,0.008294266137756943,0.03930760908763072,0.0035160476018752254,0.0071222502704652,0.0011720158672917419,,,0.029751172015867293,0.0071222502704652,0.0046880634691669676,,,0.008294266137756943,0.20645510277677606,0.0071222502704652,0.0011720158672917419,0.05129823296069239,,,0.0035160476018752254,0.008294266137756943,0.0011720158672917419,,,0.029751172015867293,0.0023440317345834838,0.0023440317345834838,,,
,,0.00721240533717995,,,,0.003606202668589975,,,,0.0060403894698882075,,,0.0047782185358817165,0.0011720158672917419,0.0011720158672917419,,,0.0011720158672917419,,,,,,,0.003606202668589975,,,,,0.07023079697078975,0.003606202668589975,0.00721240533717995,,,,0.0011720158672917419,,0.25766318067075367,0.16831950955643707,,0.003606202668589975,,,0.0023440317345834838,,,0.003606202668589975,0.03993869455463397,,0.035070320952037506,,,0.003606202668589975,0.026595744680851064,0.003606202668589975,0.0047782185358817165,,,0.00721240533717995,0.2204291381175622,0.0011720158672917419,0.0047782185358817165,0.059322033898305086,,0.0023440317345834838,0.0011720158672917419,0.009646592138478183,0.0023440317345834838,,,0.03146411828344753,,,,,
,,0.010548142805625675,,,,,,0.0023440317345834838,0.0011720158672917419,0.0035160476018752254,0.0011720158672917419,,,0.0046880634691669676,0.0011720158672917419,,,,0.0011720158672917419,,,,,0.0011720158672917419,,,,,,0.07419761990623873,0.005860079336458709,,,,,0.0035160476018752254,,0.25468806346916706,0.18382618103137396,,,,,,0.0046880634691669676,0.0011720158672917419,0.007032095203750451,0.02587450414713307,,0.01289217454020916,,,,0.018842408943382617,0.005860079336458709,,,,0.0035160476018752254,0.28047241254958527,0.017670393076090876,0.0046880634691669676,0.03768481788676523,,0.0035160476018752254,,0.0035160476018752254,0.0046880634691669676,,,0.018842408943382617,,,,,
,0.0035160476018752254,0.010728452939055175,,,,0.0011720158672917419,,0.0035160476018752254,0.0023440317345834838,0.0011720158672917419,,,0.0023440317345834838,0.010728452939055175,0.0035160476018752254,,,0.0011720158672917419,0.0023440317345834838,0.0011720158672917419,,,,,,,,,,0.06085467003245582,0.0047782185358817165,,,,,0.0023440317345834838,0.0011720158672917419,0.15659935088351962,0.21024161557879553,,,,0.0011720158672917419,,0.005950234403173459,0.0023440317345834838,0.0023440317345834838,0.025063108546700325,0.0023440317345834838,0.017850703209520376,,,0.0011720158672917419,0.020284890010818606,0.0023440317345834838,,,,0.0011720158672917419,0.3345654525784349,0.01433465560764515,0.009556437071763433,0.039397764154345476,,0.0023440317345834838,0.0023440317345834838,0.0071222502704652,0.0023440317345834838,,,0.023891092679408584,0.0011720158672917419,,0.0011720158672917419,,
,,0.011630003606202668,,,,0.003425892535160476,,0.0022538766678687344,,0.0010818608005769925,0.0010818608005769925,,0.00576992426974396,0.003425892535160476,0.0022538766678687344,,,,,,,,,,,,,,,0.05138838802740714,0.003425892535160476,,,,,0.004597908402452218,,0.2027587450414713,0.216191849981969,0.0022538766678687344,,,,,0.00576992426974396,,,0.02452217814641183,,0.016318067075369636,,,0.0010818608005769925,0.010457987738910927,0.004597908402452218,,,,0.004597908402452218,0.320140641904075,0.00576992426974396,0.003425892535160476,0.047872340425531915,,0.0010818608005769925,0.0010818608005769925,0.0010818608005769925,0.0022538766678687344,,,0.03155427335016228,0.00576992426974396,0.0010818608005769925,,,
,,0.018031013342949875,,,,0.005950234403173459,,0.0023440317345834838,,0.0023440317345834838,0.0011720158672917419,,0.0011720158672917419,0.011990623873061665,0.0023440317345834838,,,,,,,,,0.0011720158672917419,,,,,,0.09285971871619185,0.0047782185358817165,,,,,0.003606202668589975,,0.07825459790840239,0.248557518932564,,,,,0.0011720158672917419,0.0023440317345834838,,0.003606202668589975,0.019293184276956366,0.0023440317345834838,0.013252794807068157,,,0.0011720158672917419,0.020465200144248106,0.0047782185358817165,,,,0.003606202668589975,0.34998196898665707,0.02407140281283808,0.0047782185358817165,0.04579877389109268,,0.0011720158672917419,0.0011720158672917419,0.003606202668589975,,,,0.0144248106743599,0.0047782185358817165,0.003606202668589975,,,
,,0.016498377208799136,,,,0.0046880634691669676,,,,0.007032095203750451,,,0.0023440317345834838,0.0023440317345834838,0.0011720158672917419,,,,0.005860079336458709,,,,0.0035160476018752254,,0.0011720158672917419,,,,,0.0721240533717995,0.005860079336458709,,,,,0.0011720158672917419,,0.09015506671474927,0.24720519293184276,,,,,0.0023440317345834838,,,0.005860079336458709,0.028308690948431303,,0.0011720158672917419,,,0.0011720158672917419,0.02713667508113956,0.005860079336458709,,,,0.0046880634691669676,0.38207717273710784,0.0035160476018752254,0.0011720158672917419,0.04489722322394519,,,,0.005860079336458709,,,,0.024792643346556075,,,,,
0.0011720158672917419,,0.01289217454020916,,,,,,0.0023440317345834838,,0.0046880634691669676,0.0035160476018752254,,0.005860079336458709,0.0011720158672917419,,,,,0.0011720158672917419,,,,0.0011720158672917419,,0.0035160476018752254,,,,,0.09051568698160836,0.0023440317345834838,,,,,,,0.14478903714388758,0.21159394157951678,0.0023440317345834838,,,,,0.0035160476018752254,0.0011720158672917419,0.010548142805625675,0.03759466282005049,,0.01992426974395961,,,0.005860079336458709,0.023440317345834835,0.0046880634691669676,,,,0.0046880634691669676,0.2738910926794086,0.0035160476018752254,0.007032095203750451,0.051658853227551385,,,0.0035160476018752254,0.007032095203750451,,,,0.04814280562567616,0.0035160476018752254,,,,0.0011720158672917419
,,0.005860079336458709,,,,0.0023440317345834838,0.009466282005048683,0.0011720158672917419,0.0011720158672917419,0.009466282005048683,0.005860079336458709,,0.005860079336458709,,0.007032095203750451,,,,0.0011720158672917419,,0.0023440317345834838,,0.0035160476018752254,,0.007032095203750451,,,,,0.06157591056617382,0.005860079336458709,,,,,,,0.3650378651280203,0.14569058781103497,,,0.0011720158672917419,,0.0011720158672917419,,0.0011720158672917419,0.01298232960692391,0.009466282005048683,,0.015326361341507392,,,,0.014154345474215652,0.0023440317345834838,,,,,0.21556076451496575,0.0046880634691669676,0.008204111071042193,0.04381536242336819,,,,0.0046880634691669676,,,,0.02127659574468085,0.0035160476018752254,,,,
,,0.017580238009376126,,,,0.007032095203750451,,0.0023440317345834838,,0.009376126938333935,0.0011720158672917419,,0.0023440317345834838,0.0046880634691669676,0.0035160476018752254,0.0011720158672917419,0.0011720158672917419,,0.0011720158672917419,,0.0023440317345834838,,0.0046880634691669676,0.0011720158672917419,0.0046880634691669676,,,,,0.06590335376848179,0.0046880634691669676,,,,,,,0.1943743238369996,0.18247385503065272,,,,,0.0011720158672917419,,0.0011720158672917419,0.0035160476018752254,0.01875225387666787,,0.009376126938333935,,,0.0035160476018752254,0.02470248827984133,0.005860079336458709,,,,0.0011720158672917419,0.3331229715109989,0.011720158672917418,0.008204111071042193,0.028218535881716553,,,0.0011720158672917419,0.005860079336458709,0.007032095203750451,,,0.022358456545257845,,,,,0.0011720158672917419
0.0010818608005769925,,0.010277677605481428,,,,0.010277677605481428,,0.004507753335737469,,0.003425892535160476,,,0.0010818608005769925,0.004507753335737469,0.0022538766678687344,,0.0022538766678687344,,0.003425892535160476,,0.0022538766678687344,,0.0010818608005769925,,,,,,,0.046970789758384424,0.004507753335737469,,,,,,0.0010818608005769925,0.22944464478903714,0.22601875225387666,,,,0.0010818608005769925,0.003425892535160476,,,0.009105661738189686,0.01830147854309412,,0.014875586007933646,,,0.0022538766678687344,0.008023800937612693,0.0022538766678687344,,,,0.003425892535160476,0.3178867652362063,0.01144969347277317,0.0022538766678687344,0.02289938694554634,0.0010818608005769925,0.0010818608005769925,0.0010818608005769925,0.0022538766678687344,0.0022538766678687344,,,0.019473494410385865,,,0.0010818608005769925,,
,,0.013342949873782907,,0.003606202668589975,,0.00847457627118644,,0.002434186801298233,0.0011720158672917419,0.009736747205192933,,,,0.0060403894698882075,0.0011720158672917419,,0.0011720158672917419,,,,0.0011720158672917419,,0.0011720158672917419,,,,,,,0.042643346556076454,0.004868373602596466,,,,,0.0011720158672917419,,0.28570140641904074,0.16336098088712586,,,,,0.003606202668589975,,,0.010908763072484673,0.020645510277677605,,0.01577713667508114,,,,0.02307969707897584,0.003606202668589975,,,,0.003606202668589975,0.3084204832311576,0.002434186801298233,0.0060403894698882075,0.021907681211684096,,0.0060403894698882075,0.00847457627118644,0.0011720158672917419,0.002434186801298233,,,0.014605120807789397,,,,,
,,0.00991705733862243,,0.002434186801298233,,0.008745041471330688,,0.004958528669311215,0.006220699603317706,0.0011720158672917419,,,,0.006220699603317706,0.006220699603317706,,,,,,,,,0.0011720158672917419,0.0011720158672917419,,,,,0.07239451857194375,0.003696357735304724,,,0.003696357735304724,,,,0.14469888207717274,0.21736386584926073,,,,0.0011720158672917419,0.008745041471330688,,0.0011720158672917419,0.004958528669311215,0.023710782545979085,0.002434186801298233,0.022448611611972594,,,0.003696357735304724,0.024972953479985575,0.002434186801298233,0.0011720158672917419,,,0.0011720158672917419,0.33979444644789036,0.013703570140641904,0.002434186801298233,0.0211864406779661,,0.003696357735304724,0.003696357735304724,0.002434186801298233,0.002434186801298233,,,0.022448611611972594,,,,,
,,0.007482870537324197,,,,0.012531554273350162,,0.003696357735304724,0.002434186801298233,0.013793725207356654,0.002434186801298233,,,0.007482870537324197,0.02253876667868734,,,,,0.004958528669311215,,,,0.004958528669311215,0.002434186801298233,,0.0011720158672917419,,,0.06644428416877028,0.003696357735304724,,,,,,,0.07239451857194368,0.22944464478903714,,,,0.003696357735304724,0.006220699603317706,0.01000721240533718,0.003696357735304724,0.012531554273350162,0.03885683375405698,,0.02875946628200505,,,0.002434186801298233,0.02127659574468085,0.004958528669311215,0.002434186801298233,,,,0.31725567976920305,0.003696357735304724,0.004958528669311215,0.03128380815001803,,,0.004958528669311215,0.013793725207356654,0.003696357735304724,,,0.02758745041471331,,,,,
,,0.009285971871619185,,,,0.008113956004327443,,0.0010818608005769925,0.0022538766678687344,0.017490082942661377,0.006941940137035701,,0.00576992426974396,,0.01983411467724486,,,,,0.0022538766678687344,,,,0.003425892535160476,0.01280201947349441,,,,,0.05373241976199063,0.0022538766678687344,,,,,,,0.11756220699603326,0.22087991345113595,,0.0010818608005769925,,0.0010818608005769925,0.00576992426974396,0.011630003606202668,0.004597908402452218,0.004597908402452218,0.047872340425531915,,0.011630003606202668,,,,0.04201226108907321,0.004597908402452218,,,,,0.26289217454020913,0.010457987738910927,0.006941940137035701,0.033808150018031016,,0.0022538766678687344,0.004597908402452218,0.013974035340786152,0.0022538766678687344,,,0.04201226108907321,0.0022538766678687344,,,,
,,0.00847457627118644,,,,0.009646592138478183,,0.003606202668589975,,0.021817526144969346,0.00721240533717995,,,,0.010908763072484673,,,,,0.0023440317345834838,0.0023440317345834838,,,0.0023440317345834838,0.0060403894698882075,,,,,0.060764514965741076,0.0023440317345834838,,,,,,,0.37594662820050473,0.1312657771366751,,,0.0011720158672917419,0.0047782185358817165,0.0023440317345834838,0.003606202668589975,0.003606202668589975,0.0047782185358817165,0.01821132347637937,0.003606202668589975,0.012080778939776415,,,0.0011720158672917419,0.021817526144969346,0.00721240533717995,,,,,0.18238369996393797,0.0047782185358817165,0.0047782185358817165,0.026685899747565814,,0.0011720158672917419,0.0023440317345834838,0.013342949873782907,0.0047782185358817165,,,0.027948070681572304,,,,,0.0023440317345834838
0.0011720158672917419,,0.012531554273350162,,,,0.0011720158672917419,,0.002434186801298233,,0.0011720158672917419,0.0011720158672917419,,0.003696357735304724,0.01126938333934367,,,,,,,,,,,0.003696357735304724,,,,,0.0703209520375045,0.007482870537324197,,,,,,,0.21565091958168037,0.2222322394518572,,,,,,0.002434186801298233,0.002434186801298233,0.015055896141363144,0.006220699603317706,0.007482870537324197,0.012531554273350162,,,0.0011720158672917419,0.017580238009376126,0.006220699603317706,,,,,0.32023079697078977,0.002434186801298233,,0.01126938333934367,,0.0011720158672917419,0.006220699603317706,0.003696357735304724,0.003696357735304724,,,0.02253876667868734,0.002434186801298233,,,,0.0011720158672917419
0.0012621709340064912,,0.01009736747205193,,,,0.006310854670032456,,,,0.005048683736025965,0.0025243418680129825,,0.0012621709340064912,0.007573025604038947,0.0012621709340064912,,,,,,,,,,0.005048683736025965,,,,,0.039217454020915976,0.0037865128020194735,,,,,,,0.258654886404616,0.18608005769924268,,,,,,,0.0025243418680129825,0.012621709340064912,0.015146051208077894,,0.006310854670032456,,,,0.018932564010097366,0.0037865128020194735,,,,,0.3506130544536603,,,0.037955283086909486,,0.0012621709340064912,0.0037865128020194735,0.0012621709340064912,0.0037865128020194735,,,0.012621709340064912,0.0012621709340064912,,,,
,,0.03002163721601154,,,,0.008745041471330688,,0.0011720158672917419,,0.004958528669311215,0.0011720158672917419,,0.002434186801298233,0.006220699603317706,0.006220699603317706,0.0011720158672917419,,,0.004958528669311215,,,,,,0.004958528669311215,,,,,0.02758745041471331,0.007482870537324197,,,,0.004958528669311215,,,0.26045798773891093,0.19058781103498015,0.0011720158672917419,,,,,,0.002434186801298233,0.007482870537324197,0.01126938333934367,,0.01875225387666787,,,0.0011720158672917419,0.01875225387666787,0.006220699603317706,,,,,0.2821853588171655,0.013793725207356654,0.0011720158672917419,0.03759466282005049,,,0.0011720158672917419,,0.002434186801298233,,,0.025063108546700325,0.006220699603317706,,,,
,,0.007573025604038947,,,,0.01144969347277317,,,,0.0012621709340064912,0.0012621709340064912,,0.0012621709340064912,0.0025243418680129825,0.0025243418680129825,,,,0.0037865128020194735,,,,,,,,,,,0.07392715470609448,0.007573025604038947,,,0.0025243418680129825,,,,0.1858997475658133,0.22710061305445367,,,,,0.007573025604038947,,0.0012621709340064912,0.007573025604038947,0.010187522538766678,0.0012621709340064912,0.019112874143526866,,,0.0012621709340064912,0.015236206274792644,0.0012621709340064912,,,,0.0012621709340064912,0.3291561485755499,,0.005048683736025965,0.030562567616300038,,0.0037865128020194735,0.0012621709340064912,0.006310854670032456,0.0037865128020194735,0.0012621709340064912,,0.02163721601153985,0.0025243418680129825,,,,
,,0.016678687342228632,,,,0.015416516408222142,,,,0.01289217454020916,0.0037865128020194735,,0.009015506671474938,0.0025243418680129825,,,,,,0.006401009736747205,,,,0.0012621709340064912,,,,,,0.05283086909484313,0.005138838802740714,,,,,,,0.08339343671114308,0.2359358095924991,,,,,0.0025243418680129825,0.0012621709340064912,0.0037865128020194735,0.014154345474215652,0.019293184276956366,0.0025243418680129825,0.015416516408222142,,,0.0012621709340064912,0.019293184276956366,0.005138838802740714,,0.0037865128020194735,,,0.3301478543094122,0.0012621709340064912,0.007663180670753696,0.04633970429138118,,0.0037865128020194735,0.0025243418680129825,0.007663180670753696,,0.0012621709340064912,,0.06184637576631807,0.0025243418680129825,0.0012621709340064912,,,
0.0011720158672917419,,0.002434186801298233,,0.0011720158672917419,,0.00982690227190768,,,,0.013523260007212405,0.0011720158672917419,,0.00982690227190768,,0.0011720158672917419,,,0.0011720158672917419,,0.003606202668589975,,,,0.003606202668589975,0.002434186801298233,,,,,0.08988460151460512,0.004868373602596466,0.0011720158672917419,,,,,,0.1620086548864046,0.1588532275513884,,,,,0.0073025604038946985,0.004868373602596466,0.003606202668589975,0.00856473133790119,0.03687342228633249,0.012261089073205915,0.03570140641904075,,,0.003606202668589975,0.02578434908041832,0.0011720158672917419,,0.006130544536602957,,,0.2635232600072124,0.012261089073205915,0.012261089073205915,0.03200504868373603,,0.002434186801298233,0.002434186801298233,0.0073025604038946985,0.006130544536602957,,,0.045528308690948434,0.0011720158672917419,0.0011720158672917419,,,
0.0012621709340064912,,0.006310854670032456,,0.0012621709340064912,,0.005048683736025965,,0.0012621709340064912,,0.0012621709340064912,0.0012621709340064912,,,0.0012621709340064912,0.0012621709340064912,,,0.0012621709340064912,,0.0012621709340064912,,,,0.0012621709340064912,0.0012621709340064912,,,,,0.0430941218896502,0.0037865128020194735,,,,0.0012621709340064912,,,0.48918139199423005,0.11675081139560044,,,,,0.0037865128020194735,,0.0012621709340064912,0.006310854670032456,0.0037865128020194735,0.0012621709340064912,0.015146051208077894,0.0012621709340064912,,0.0025243418680129825,0.012621709340064912,0.0037865128020194735,,0.0025243418680129825,,,0.2017670393076091,0.006310854670032456,0.0012621709340064912,0.03299675441759827,,,0.0012621709340064912,0.0012621709340064912,,,,0.019022719076812116,0.0025243418680129825,,,,
,,0.003606202668589975,,,,,,0.0011720158672917419,0.0011720158672917419,0.00847457627118644,0.0011720158672917419,,0.00721240533717995,0.0011720158672917419,0.0023440317345834838,0.0011720158672917419,0.0011720158672917419,0.0023440317345834838,0.0011720158672917419,,,,,0.0023440317345834838,0.0011720158672917419,,,,,0.06779661016949153,0.003606202668589975,,,,0.0011720158672917419,0.003606202668589975,,0.273710782545979,0.2010457987738911,,,,,,0.0011720158672917419,0.0023440317345834838,0.009646592138478183,0.013252794807068157,,0.026595744680851064,,,,0.013252794807068157,0.003606202668589975,,,0.0011720158672917419,0.0011720158672917419,0.2580238009376127,0.0023440317345834838,0.009646592138478183,0.01694915254237288,,0.0011720158672917419,0.0023440317345834838,0.0011720158672917419,0.003606202668589975,,,0.04111071042192571,0.003606202668589975,0.0011720158672917419,,,
,0.0011720158672917419,0.004958528669311215,,,,,,0.003696357735304724,,0.003696357735304724,0.0011720158672917419,,0.002434186801298233,0.003696357735304724,0.0011720158672917419,,,,0.002434186801298233,,,,,,0.0011720158672917419,,,,,0.059502344031734586,0.003696357735304724,,,,,0.002434186801298233,0.0011720158672917419,0.18806346916696715,0.2553191489361702,,,,,,0.003696357735304724,0.0011720158672917419,0.003696357735304724,0.013613415073927155,,0.03840605842048323,,,,0.01983411467724486,0.004958528669311215,,,,0.0011720158672917419,0.3024702488279841,,0.006130544536602957,0.03588171655247025,,0.0011720158672917419,,0.003696357735304724,,,,0.021006130544536605,0.006130544536602957,,0.0011720158672917419,,
,,0.013974035340786152,,,,0.01009736747205193,,,,,,,0.0037865128020194735,0.006310854670032456,,,,0.005048683736025965,0.0012621709340064912,,,,,,,,,,,0.04579877389109268,0.0025243418680129825,,,,,0.0037865128020194735,,0.29318427695636484,0.17940858276235125,,,,,,,0.0037865128020194735,0.0025243418680129825,0.008835196538045438,,0.019022719076812116,,,,0.015236206274792644,0.0012621709340064912,,,,0.0012621709340064912,0.3232059141723765,,0.007573025604038947,0.025423728813559324,,,,0.0025243418680129825,,,,0.02416155787955283,,,,,
,,0.00865488640461594,,,,0.002434186801298233,,,0.002434186801298233,0.0011720158672917419,0.002434186801298233,,0.00865488640461594,0.004958528669311215,0.0011720158672917419,,,0.003696357735304724,0.003696357735304724,,,,,0.0011720158672917419,0.002434186801298233,,,,,0.0860079336458709,0.007482870537324197,,,0.003696357735304724,,0.002434186801298233,,0.15714028128380808,0.22701045798773892,,,,,0.011179228272628922,0.0011720158672917419,0.002434186801298233,0.0011720158672917419,0.01992426974395961,,0.012441399206635412,,,,0.016137756941940137,0.006220699603317706,,0.002434186801298233,,0.0011720158672917419,0.3094121889650198,0.0011720158672917419,,0.031193653083303283,,,0.0011720158672917419,0.007482870537324197,,,,0.04615939415795168,0.002434186801298233,,,,
0.008598754058085462,,0.012283934368693517,,,,0.022111081863648328,0.0012283934368693516,,,0.004913573747477406,0.004913573747477406,,0.006141967184346758,0.004913573747477406,0.0012283934368693516,,,0.002456786873738703,0.0012283934368693516,,,,0.0036851803106080546,,0.004913573747477406,,,,,0.06756163902781434,0.006141967184346758,,,,,0.0012283934368693516,,0.0,0.2284811792576994,,,,0.0012283934368693516,0.006141967184346758,,0.002456786873738703,0.006141967184346758,0.025796262174256384,0.0012283934368693516,0.03070983592173379,,,,0.03316662279547249,0.0012283934368693516,0.002456786873738703,,,0.0012283934368693516,0.3784329209441081,0.0012283934368693516,0.017197508116170924,0.027024655611125735,,0.0012283934368693516,,0.012283934368693517,,,,0.057734491532859526,0.008598754058085462,0.002456786873738703,,,
0.0025243418680129825,,0.0037865128020194735,,,,0.0025243418680129825,0.0012621709340064912,0.0012621709340064912,,0.0037865128020194735,0.008835196538045438,,,0.0025243418680129825,,,,,0.0025243418680129825,,,,0.008835196538045438,,0.0025243418680129825,,,,,0.05851063829787234,,,,,0.0012621709340064912,,,0.24377930039668239,0.18319509556437072,,,,,,,,0.01009736747205193,0.030472412549585288,,0.026685899747565814,,,,0.013974035340786152,0.0037865128020194735,0.006310854670032456,,,0.0025243418680129825,0.2672196177425171,,0.0012621709340064912,0.039397764154345476,,0.0025243418680129825,,0.030472412549585288,,,,0.03308690948431302,0.005048683736025965,,,,
,,0.007663180670753696,,,,,,0.0012621709340064912,,0.008925351604760188,0.0012621709340064912,,0.006310854670032456,,,,,,0.0012621709340064912,,,,0.0025243418680129825,,0.0025243418680129825,,,,,0.06004327443202308,0.005048683736025965,,,,,,,0.4093941579516769,0.10728452939055175,,,,0.0012621709340064912,,,0.0012621709340064912,0.007663180670753696,0.017850703209520376,,0.01144969347277317,,,,0.03317706455102777,0.0037865128020194735,0.0012621709340064912,,,0.0012621709340064912,0.21204471691309051,,0.0025243418680129825,0.03696357735304724,,0.0012621709340064912,0.0012621709340064912,0.013974035340786152,,,,0.03317706455102777,0.006310854670032456,,,,
,,0.006220699603317706,,,,0.006220699603317706,0.0011720158672917419,0.0011720158672917419,0.0011720158672917419,0.002434186801298233,0.002434186801298233,,0.006220699603317706,0.003696357735304724,,0.0011720158672917419,,0.0011720158672917419,,,,,,0.0011720158672917419,,,,,,0.05742877749729535,0.004958528669311215,,,,,,,0.2571222502704652,0.1848178867652362,,,,,,,0.002434186801298233,0.004958528669311215,0.014965741074648395,,0.0211864406779661,,,,0.03245582401730977,0.003696357735304724,,,,0.0011720158672917419,0.29606923909123695,0.002434186801298233,0.002434186801298233,0.031193653083303283,,,0.0011720158672917419,0.003696357735304724,0.003696357735304724,,,0.03741435268662099,0.002434186801298233,,,,
,,0.026776054814280564,,0.0012621709340064912,,0.0012621709340064912,0.0037865128020194735,,0.0037865128020194735,0.0025243418680129825,0.0037865128020194735,,0.008925351604760188,0.0037865128020194735,0.0012621709340064912,,,0.0012621709340064912,0.0012621709340064912,,,,,,0.0012621709340064912,,,,,0.09944103858636856,0.005048683736025965,,,0.0012621709340064912,,0.0012621709340064912,0.0012621709340064912,0.19194013703570156,0.1862603678326722,,,,,,,0.0012621709340064912,0.0025243418680129825,0.012711864406779662,,0.008925351604760188,,,,0.042102416155787956,0.0025243418680129825,,,,0.0012621709340064912,0.31130544536602955,0.008925351604760188,0.007573025604038947,0.02551388388027407,,0.0037865128020194735,0.0012621709340064912,0.0025243418680129825,0.0012621709340064912,,,0.017850703209520376,,,0.0012621709340064912,,
,,0.006310854670032456,,0.0025243418680129825,,0.01135953840605842,,0.0037865128020194735,,0.0012621709340064912,,,0.0012621709340064912,0.007573025604038947,,,0.0025243418680129825,0.0012621709340064912,0.0025243418680129825,,,,,,,,,,,0.036693112152902996,0.008835196538045438,,,0.0012621709340064912,,,,0.22340425531914898,0.1999639379733141,,,,,0.0012621709340064912,0.0012621709340064912,0.0012621709340064912,0.0025243418680129825,0.0037865128020194735,,0.017670393076090876,,,,0.02145690587811035,0.0037865128020194735,0.0025243418680129825,,,0.0037865128020194735,0.34430219978362786,0.02271907681211684,0.01009736747205193,0.02398124774612333,,0.005048683736025965,,0.006310854670032456,0.0012621709340064912,,,0.015146051208077894,0.0012621709340064912,,,,
0.005228993869455464,,0.005228993869455464,,0.002614496934727732,,0.0144248106743599,0.002614496934727732,0.0012621709340064912,0.0012621709340064912,0.0012621709340064912,,,0.002614496934727732,0.003876667868734223,,,,,0.009105661738189686,0.0012621709340064912,,,,0.0012621709340064912,,,,,,0.0931301839163361,0.009105661738189686,,,0.002614496934727732,,,,0.07879552830869097,0.1955463397042914,,,,,0.01568698160836639,,0.0012621709340064912,0.002614496934727732,0.024882798413270825,0.0012621709340064912,0.020915975477821855,,,0.002614496934727732,0.01965380454381536,0.002614496934727732,0.0012621709340064912,,,0.003876667868734223,0.34385142445005407,0.01307248467363866,,0.0918680129823296,,0.0012621709340064912,0.0012621709340064912,0.006491164803461955,,,,0.01307248467363866,0.0012621709340064912,,,,
0.002434186801298233,,0.011179228272628922,,,,0.016137756941940137,,,0.0011720158672917419,0.011179228272628922,0.003696357735304724,,0.004958528669311215,0.003696357735304724,,,,,0.007392715470609448,0.0011720158672917419,,,,,,,,,,0.06725567976920303,0.0011720158672917419,,,,,,,0.09835917778579151,0.23296069239091238,0.0011720158672917419,,,,0.004958528669311215,0.0011720158672917419,0.0011720158672917419,0.0011720158672917419,0.05598629642985936,,0.011179228272628922,,,,0.00991705733862243,0.0011720158672917419,0.004958528669311215,,,0.0011720158672917419,0.3513342949873783,0.00991705733862243,0.002434186801298233,0.044807068157230436,,,,0.00991705733862243,,,,0.017399927875946627,0.006220699603317706,,0.0011720158672917419,,
,,0.003606202668589975,,,,0.0047782185358817165,,0.0011720158672917419,0.0011720158672917419,0.0144248106743599,,,0.0011720158672917419,0.0023440317345834838,,,,,0.0047782185358817165,0.005950234403173459,,,,,,,,,,0.0710421925712225,0.0011720158672917419,,,,,,,0.3154525784349079,0.1144969347277317,0.003606202668589975,,,,0.0011720158672917419,0.0047782185358817165,,0.0011720158672917419,0.07464839523981248,,0.003606202668589975,,,,0.00838442120447169,0.0144248106743599,0.003606202668589975,0.0011720158672917419,,0.0011720158672917419,0.2808330328164443,0.0023440317345834838,0.0011720158672917419,0.03849621348719798,,,0.0011720158672917419,0.003606202668589975,,,,0.0047782185358817165,0.005950234403173459,0.0011720158672917419,0.0011720158672917419,,
,,0.007392715470609448,,0.0011720158672917419,,0.002434186801298233,0.0011720158672917419,0.0011720158672917419,,0.003696357735304724,0.003696357735304724,,,0.002434186801298233,,,0.0011720158672917419,,0.003696357735304724,0.004958528669311215,,,0.0011720158672917419,,,,,,,0.05210962856112514,0.003696357735304724,,,,,0.0011720158672917419,,0.44545618463757664,0.11170212765957446,,,,,0.004958528669311215,0.002434186801298233,0.0011720158672917419,0.002434186801298233,0.03470970068517851,,0.011089073205914173,,,,0.00865488640461594,0.011089073205914173,0.002434186801298233,0.0011720158672917419,,0.002434186801298233,0.18743238369996393,0.004958528669311215,0.006130544536602957,0.045888928957807426,,0.0011720158672917419,,0.003696357735304724,,,,0.014875586007933646,0.004958528669311215,,,,
,,0.00991705733862243,,0.0011720158672917419,,0.004958528669311215,,,0.0011720158672917419,0.002434186801298233,0.0011720158672917419,,0.003696357735304724,0.004958528669311215,0.0011720158672917419,0.0011720158672917419,0.0011720158672917419,,0.002434186801298233,,,,,0.0011720158672917419,,,,,,0.03362783988460152,0.0011720158672917419,,,0.003696357735304724,,0.003696357735304724,,0.3517850703209521,0.17940858276235125,,,,,0.002434186801298233,0.0011720158672917419,0.002434186801298233,0.0011720158672917419,0.01992426974395961,,0.006220699603317706,,,,0.007392715470609448,0.0011720158672917419,0.002434186801298233,0.0011720158672917419,,0.0011720158672917419,0.28029210241615576,0.007392715470609448,0.00865488640461594,0.022358456545257845,,0.0011720158672917419,0.0011720158672917419,0.004958528669311215,0.003696357735304724,,,0.012441399206635412,0.0011720158672917419,,,,
0.0011720158672917419,,0.013703570140641904,,,,0.006220699603317706,,,0.0011720158672917419,0.0011720158672917419,0.002434186801298233,,0.0011720158672917419,0.003696357735304724,,,0.002434186801298233,0.0011720158672917419,0.002434186801298233,0.0011720158672917419,,,,0.002434186801298233,0.0011720158672917419,,,,,0.02749729534799856,0.01000721240533718,,,0.002434186801298233,,0.003696357735304724,0.0011720158672917419,0.21970789758384413,0.24918860439956725,0.0011720158672917419,,,0.002434186801298233,0.002434186801298233,,0.002434186801298233,0.007482870537324197,0.013703570140641904,,0.014965741074648395,,,,0.01000721240533718,0.0011720158672917419,0.002434186801298233,,,0.0011720158672917419,0.31437071763433105,0.0011720158672917419,0.003696357735304724,0.033808150018031016,,,0.0011720158672917419,0.01000721240533718,,,,0.01875225387666787,0.0011720158672917419,,0.0011720158672917419,,
,,0.00865488640461594,,0.0011720158672917419,,0.007392715470609448,,,,0.0011720158672917419,0.0011720158672917419,,0.0011720158672917419,0.006130544536602957,,,0.0011720158672917419,,,0.0011720158672917419,,,,,,,,,,0.0434547421565092,0.003696357735304724,,,0.0011720158672917419,,0.003696357735304724,,0.24882798413270812,0.20627479264334656,0.0011720158672917419,,,,,,0.0011720158672917419,0.006130544536602957,0.012351244139920664,,0.01857194374323837,0.002434186801298233,,,0.00991705733862243,0.0011720158672917419,0.0011720158672917419,,0.0011720158672917419,0.002434186801298233,0.3181572304363505,0.003696357735304724,0.002434186801298233,0.029751172015867293,,0.0011720158672917419,0.00865488640461594,0.00991705733862243,,,,0.02857915614857555,0.002434186801298233,0.0011720158672917419,,,
,,0.0060403894698882075,,0.002434186801298233,,0.00847457627118644,0.002434186801298233,0.0011720158672917419,0.002434186801298233,0.0073025604038946985,0.004868373602596466,,0.002434186801298233,0.002434186801298233,,,,0.0011720158672917419,,,,,,0.003606202668589975,0.003606202668589975,,,,,0.0425531914893617,0.003606202668589975,,,0.003606202668589975,,0.003606202668589975,,0.1840064911648035,0.19239091236927516,0.0011720158672917419,,,,0.009736747205192933,,0.002434186801298233,0.003606202668589975,0.00847457627118644,0.002434186801298233,0.03281644428416877,,,0.0011720158672917419,0.012170934006491165,0.003606202668589975,0.002434186801298233,0.002434186801298233,,,0.34087630724846735,0.004868373602596466,0.0060403894698882075,0.04011900468806347,,,0.002434186801298233,0.004868373602596466,,,,0.035250631085467006,0.004868373602596466,,,,
,,0.008294266137756943,,,,0.008294266137756943,,0.0023440317345834838,,0.0046880634691669676,0.0035160476018752254,,0.0035160476018752254,0.0035160476018752254,,,0.0011720158672917419,,,,,,,0.0071222502704652,0.0046880634691669676,,,,,0.04994590695997115,0.0035160476018752254,,,0.0023440317345834838,,0.0035160476018752254,,0.11440677966101676,0.2070861882437793,0.0011720158672917419,,,,,,0.0011720158672917419,0.0071222502704652,0.010638297872340425,0.0023440317345834838,0.023800937612693834,,,0.0035160476018752254,0.01307248467363866,,0.0011720158672917419,,,0.0011720158672917419,0.3809051568698161,0.0035160476018752254,0.01307248467363866,0.04633970429138118,,0.005950234403173459,,0.008294266137756943,,,,0.04165164082221421,0.0071222502704652,,,,
,,0.0047782185358817165,,,,0.0011720158672917419,,0.0047782185358817165,0.003606202668589975,0.01676884240894338,0.0023440317345834838,,0.005950234403173459,0.0011720158672917419,,,,0.003606202668589975,,,,,,0.00721240533717995,0.010818608005769925,,,,,0.051658853227551385,0.0011720158672917419,,,,,,,0.2412549585286693,0.1778759466282005,0.0047782185358817165,,,,,,0.0011720158672917419,0.0023440317345834838,0.019203029210241616,,0.031193653083303283,,,,0.018031013342949875,0.015596826541651641,0.00721240533717995,,,,0.24522178146411827,0.005950234403173459,0.011990623873061665,0.03840605842048323,,0.009556437071763433,0.003606202668589975,0.013162639740353407,,,,0.03362783988460152,,0.003606202668589975,,,0.0011720158672917419
,,0.011089073205914173,,,,0.011089073205914173,,0.003696357735304724,0.002434186801298233,0.013613415073927155,,,0.004868373602596466,0.002434186801298233,,,,0.002434186801298233,,,,,,,0.007392715470609448,,,,,0.060584204832311576,0.002434186801298233,0.002434186801298233,,,0.0011720158672917419,,,0.42192571222502706,0.10521096285611252,,,,,,0.002434186801298233,0.0011720158672917419,0.002434186801298233,0.014785430941218897,,0.021006130544536605,,,,0.007392715470609448,0.006130544536602957,0.004868373602596466,,0.0011720158672917419,,0.17580238009376126,,0.00865488640461594,0.050757302560403894,,0.007392715470609448,0.002434186801298233,0.016047601875225387,,,,0.02470248827984133,,,,,
,0.0011720158672917419,0.011089073205914173,,,,0.011089073205914173,,0.003696357735304724,0.0011720158672917419,0.0011720158672917419,0.002434186801298233,,0.002434186801298233,0.006130544536602957,,,,,,,,,,,0.004868373602596466,,,,,0.04814280562567616,0.0011720158672917419,0.0011720158672917419,,,,0.0011720158672917419,,0.31608366390191134,0.15921384781824738,,,,0.0011720158672917419,,,0.0011720158672917419,0.003696357735304724,0.006130544536602957,,0.00856473133790119,,,0.002434186801298233,0.00982690227190768,0.0011720158672917419,0.0011720158672917419,,,,0.3370897944464479,,0.002434186801298233,0.03948791922106022,,0.002434186801298233,,0.0011720158672917419,,,,0.00982690227190768,,,,,
,,0.005048683736025965,,,,0.005048683736025965,,0.007573025604038947,0.0012621709340064912,0.0037865128020194735,0.0025243418680129825,,0.0025243418680129825,0.0037865128020194735,0.0012621709340064912,0.0012621709340064912,,0.0037865128020194735,0.005048683736025965,,,,,0.0012621709340064912,0.006310854670032456,,,,,0.03434908041831951,0.0037865128020194735,,,,,,,0.2477461233321312,0.22773169852145692,,,,,,,0.0012621709340064912,0.0012621709340064912,0.015236206274792644,0.0037865128020194735,0.038135593220338986,,,,0.029210241615578794,0.007573025604038947,0.0012621709340064912,,,0.006310854670032456,0.2837179949513163,0.0012621709340064912,0.005048683736025965,0.026685899747565814,,0.0012621709340064912,,0.0037865128020194735,0.005048683736025965,,,0.0037865128020194735,,,0.0012621709340064912,,
,,0.005048683736025965,,0.0012621709340064912,,0.012621709340064912,,0.0012621709340064912,,0.0012621709340064912,,,0.0025243418680129825,0.006310854670032456,,,,0.005048683736025965,0.0037865128020194735,,,,,,,,,,,0.02407140281283808,0.005048683736025965,,,,,,,0.3246483952398125,0.20203750450775335,,,,,,,,0.0012621709340064912,0.007573025604038947,,0.013974035340786152,,,0.0012621709340064912,0.0037865128020194735,0.0012621709340064912,0.0012621709340064912,,,0.0025243418680129825,0.3075189325640101,0.0025243418680129825,,0.029210241615578794,,0.0012621709340064912,,0.006310854670032456,0.0012621709340064912,,,0.0215470609448251,0.0025243418680129825,,,,
0.0011720158672917419,,0.04994590695997115,,,,0.01866209880995312,,0.004958528669311215,0.006220699603317706,,0.004958528669311215,,0.012441399206635412,0.002434186801298233,,,,0.007482870537324197,0.002434186801298233,,,,,0.0011720158672917419,0.006220699603317706,,,,,0.04868373602596466,0.004958528669311215,,,,,,,0.1859899026325279,0.1736386584926073,0.002434186801298233,,,,0.002434186801298233,,,0.007482870537324197,0.016227912008654886,0.0011720158672917419,0.016227912008654886,,,0.002434186801298233,0.01866209880995312,0.002434186801298233,0.0011720158672917419,,,0.002434186801298233,0.3148214929679048,,0.004958528669311215,0.02740714028128381,,0.002434186801298233,0.0011720158672917419,0.00991705733862243,0.0011720158672917419,,,0.03245582401730977,0.0011720158672917419,,,,
,,0.05292102416155788,,0.002434186801298233,,0.01000721240533718,,0.003696357735304724,,0.002434186801298233,0.002434186801298233,,0.01000721240533718,0.006220699603317706,,,,0.003696357735304724,,,,,,,,,,,,0.036512802019473496,0.002434186801298233,0.0011720158672917419,,,0.003696357735304724,,,0.11107104219257113,0.1928416877028489,0.0011720158672917419,,,,,,,0.012531554273350162,0.013793725207356654,,0.015055896141363144,,,0.004958528669311215,0.025153263613415074,0.004958528669311215,0.0011720158672917419,,0.003696357735304724,0.0011720158672917419,0.3617922827262892,0.004958528669311215,,0.036512802019473496,,0.013793725207356654,0.004958528669311215,0.016318067075369636,0.0011720158672917419,,,0.035250631085467006,,,,,
,,0.03516047601875225,,0.002704652001442481,,0.014875586007933646,0.002704652001442481,0.002704652001442481,0.0013523260007212406,0.010818608005769925,0.006761630003606202,,0.010818608005769925,0.002704652001442481,,,,,,,,,0.002704652001442481,,0.004056978002163722,,,,,0.04201226108907321,,0.0013523260007212406,,,0.002704652001442481,,,0.1726469527587451,0.16804904435629284,,,,,0.0013523260007212406,0.005409304002884962,0.0013523260007212406,0.013523260007212405,0.031103498016588533,,0.013523260007212405,,,0.0013523260007212406,0.02163721601153985,0.004056978002163722,0.0013523260007212406,,,0.006761630003606202,0.28047241254958527,0.013523260007212405,0.008113956004327443,0.03245582401730977,,0.02298954201226109,,0.009466282005048683,,,,0.043364587089794446,0.002704652001442481,0.0013523260007212406,,,
0.0012621709340064912,,0.009285971871619185,,0.0012621709340064912,,0.0066714749368914535,,0.003966822935448972,,0.009285971871619185,0.003966822935448972,,0.005319148936170213,0.003966822935448972,,,,,0.005319148936170213,,,,,0.002614496934727732,0.009285971871619185,,,,,0.045347998557518934,0.0012621709340064912,,,0.0012621709340064912,0.0012621709340064912,,,0.40641904075009017,0.12405337179949513,,,,,,0.003966822935448972,,0.007933645870897944,0.0066714749368914535,,0.01730977280923188,,,,0.02398124774612333,0.005319148936170213,0.002614496934727732,,,,0.19608727010457988,0.005319148936170213,0.007933645870897944,0.035971871619185,,0.009285971871619185,0.007933645870897944,0.003966822935448972,,,,0.02262892174540209,0.0012621709340064912,,,,
,,0.003696357735304724,,,,,,0.004958528669311215,0.0011720158672917419,0.0011720158672917419,0.002434186801298233,,0.0011720158672917419,0.007482870537324197,0.0011720158672917419,0.0011720158672917419,,0.0011720158672917419,0.0011720158672917419,,0.0011720158672917419,,0.003696357735304724,0.0011720158672917419,0.007482870537324197,,,,,0.02010457987738911,0.003696357735304724,,,,0.0011720158672917419,0.004958528669311215,0.0011720158672917419,0.22331410025243403,0.17976920302921023,,,,,,0.0011720158672917419,0.0011720158672917419,0.007482870537324197,0.01000721240533718,,0.025063108546700325,,,,0.01126938333934367,0.002434186801298233,0.0011720158672917419,,,0.003696357735304724,0.3684637576631807,0.003696357735304724,0.003696357735304724,0.02758745041471331,,0.003696357735304724,0.003696357735304724,0.006220699603317706,0.003696357735304724,,,0.03768481788676523,0.002434186801298233,0.0011720158672917419,,,
0.0011720158672917419,0.002434186801298233,0.0073025604038946985,,,,0.004868373602596466,,0.002434186801298233,,,0.002434186801298233,,,0.006130544536602957,,,,0.0011720158672917419,0.004868373602596466,,,,0.010998918139199423,,0.009736747205192933,,,,,0.03552109628561125,0.004868373602596466,,,0.0011720158672917419,0.0011720158672917419,0.003606202668589975,,0.20906959971150374,0.21835557158312296,0.0011720158672917419,,,,,0.0011720158672917419,0.0011720158672917419,0.002434186801298233,0.004868373602596466,0.0011720158672917419,0.00856473133790119,,,0.0011720158672917419,0.013433104940497657,0.006130544536602957,0.002434186801298233,,,0.0011720158672917419,0.3263613415073927,0.002434186801298233,0.003606202668589975,0.02569419401370357,,0.00856473133790119,0.0011720158672917419,0.00856473133790119,0.0011720158672917419,,,0.04904435629282366,,,0.0011720158672917419,,
,0.002434186801298233,0.011089073205914173,,,,0.003696357735304724,0.0011720158672917419,0.002434186801298233,,0.0011720158672917419,0.007392715470609448,,,0.006130544536602957,0.004958528669311215,,,0.0011720158672917419,0.003696357735304724,,,,0.007392715470609448,,0.00991705733862243,,,,,0.0284890010818608,0.003696357735304724,,,0.002434186801298233,0.006130544536602957,0.004958528669311215,,0.2037504507753336,0.21465921384781825,,,0.002434186801298233,,0.0011720158672917419,0.0011720158672917419,0.002434186801298233,0.0011720158672917419,0.02109628561125135,0.0011720158672917419,0.011089073205914173,,,,0.02605481428056257,0.002434186801298233,0.004958528669311215,,,0.0011720158672917419,0.31401009736747204,,0.007392715470609448,0.03218535881716553,,0.004958528669311215,,0.007392715470609448,0.002434186801298233,,,0.0284890010818608,,,,,
,,0.007392715470609448,,,,0.022268301478543095,,,,,0.004958528669311215,,,0.003696357735304724,0.003696357735304724,,,0.007392715470609448,,,,,,0.0011720158672917419,0.011089073205914173,,,,,0.03714388748647674,0.011089073205914173,,,0.006130544536602957,0.002434186801298233,0.0011720158672917419,,0.23909123692751533,0.17598269022719076,,,,,0.007392715470609448,0.0011720158672917419,0.003696357735304724,0.007392715470609448,0.01730977280923188,,0.014875586007933646,,,0.002434186801298233,0.03470970068517851,0.006130544536602957,0.003696357735304724,,,0.0011720158672917419,0.29624954922466645,0.002434186801298233,0.002434186801298233,0.0284890010818608,,0.0011720158672917419,0.0011720158672917419,0.00865488640461594,,,,0.023530472412549585,0.0011720158672917419,,,,
,,0.007482870537324197,,0.012441399206635412,,0.012441399206635412,,,0.0011720158672917419,0.0011720158672917419,0.003696357735304724,,0.002434186801298233,0.0011720158672917419,,0.0011720158672917419,,0.0011720158672917419,,,,,,,0.007482870537324197,,,,,0.04994590695997115,0.00991705733862243,,,0.002434186801298233,0.0011720158672917419,,,0.05887125856473141,0.21231518211323477,0.0011720158672917419,0.0011720158672917419,,,,0.00991705733862243,0.003696357735304724,0.006220699603317706,0.022448611611972594,,0.0286693112152903,,,0.002434186801298233,0.041200865488640465,0.004958528669311215,0.002434186801298233,,0.0011720158672917419,0.01866209880995312,0.3672917417958889,0.0011720158672917419,0.007482870537324197,0.03993869455463397,,0.006220699603317706,0.003696357735304724,0.00991705733862243,,,,0.03245582401730977,0.0011720158672917419,,,,
0.0012621709340064912,,0.0025243418680129825,,0.008925351604760188,,0.0037865128020194735,,0.0025243418680129825,0.0012621709340064912,0.02560403894698882,0.010187522538766678,,,0.0012621709340064912,,,,0.0012621709340064912,0.006401009736747205,,,,,,0.0025243418680129825,,,,,0.07293544897223224,0.0012621709340064912,,,,0.0012621709340064912,,,0.10322755138838802,0.1729174179588893,,0.0025243418680129825,,,,0.010187522538766678,0.0012621709340064912,0.017850703209520376,0.043544897223223945,,0.057609087630724844,,,0.0025243418680129825,0.03840605842048323,,0.01144969347277317,,,0.014064190407500902,0.2754237288135593,0.0025243418680129825,0.007663180670753696,0.046069239091236926,,0.0037865128020194735,0.0037865128020194735,0.006401009736747205,,,,0.030742877749729534,0.005048683736025965,,,,
,,0.003696357735304724,,,,0.002434186801298233,,0.0011720158672917419,,0.004958528669311215,0.002434186801298233,,0.0011720158672917419,0.002434186801298233,,,,,0.0011720158672917419,,,,,,,,,,,0.04597908402452218,0.0011720158672917419,,,,0.002434186801298233,,,0.4887306166606563,0.1207176343310494,,0.002434186801298233,,,,0.0011720158672917419,,0.007392715470609448,0.013613415073927155,,0.02109628561125135,,,,0.002434186801298233,,0.002434186801298233,,,0.002434186801298233,0.18292463036422646,,0.004958528669311215,0.043544897223223945,,0.0011720158672917419,0.002434186801298233,0.007392715470609448,,,,0.023620627479264335,0.002434186801298233,,,,
,,0.009736747205192933,,,,0.0073025604038946985,,0.0011720158672917419,,,0.004868373602596466,,0.0011720158672917419,0.0073025604038946985,0.002434186801298233,0.0011720158672917419,,0.003606202668589975,,,,,0.0011720158672917419,0.0011720158672917419,,,,,,0.030472412549585288,0.004868373602596466,,,,0.0011720158672917419,0.0011720158672917419,,0.2717273710782546,0.20284890010818607,,,,,,0.0011720158672917419,0.0011720158672917419,0.0073025604038946985,0.013433104940497657,,0.013433104940497657,,0.0011720158672917419,,0.012170934006491165,0.003606202668589975,0.0011720158672917419,,,0.0011720158672917419,0.32023079697078977,0.0011720158672917419,0.002434186801298233,0.02443202307969708,,0.0011720158672917419,,0.002434186801298233,0.0011720158672917419,,,0.030472412549585288,0.0073025604038946985,,,,
,,0.006130544536602957,,,,0.002434186801298233,,0.002434186801298233,,0.002434186801298233,0.0011720158672917419,,0.003606202668589975,0.004868373602596466,,,,0.003606202668589975,0.002434186801298233,,,,,0.002434186801298233,0.006130544536602957,,,,,0.03930760908763072,0.006130544536602957,,,0.003606202668589975,0.002434186801298233,0.0011720158672917419,0.0011720158672917419,0.2609989181391994,0.18058059862964299,,0.0011720158672917419,,0.0011720158672917419,,0.002434186801298233,0.0011720158672917419,0.00856473133790119,0.00856473133790119,0.0011720158672917419,0.03804543815362423,,,0.003606202668589975,0.01839163360980887,0.003606202668589975,0.0011720158672917419,,,0.003606202668589975,0.2911107104219257,0.003606202668589975,0.003606202668589975,0.035611251352326,,0.003606202668589975,,0.002434186801298233,,,,0.031914893617021274,0.0011720158672917419,,0.0011720158672917419,,
,0.0011720158672917419,0.00982690227190768,,,,0.010998918139199423,,0.002434186801298233,0.0011720158672917419,0.003606202668589975,0.0011720158672917419,,0.002434186801298233,0.0073025604038946985,,,,0.0011720158672917419,0.0011720158672917419,,,,,0.003606202668589975,0.0073025604038946985,,,,,0.02695636494771006,0.0073025604038946985,,,0.003606202668589975,0.0011720158672917419,0.002434186801298233,,0.28930760908763065,0.18914532996754418,,,0.0011720158672917419,0.002434186801298233,0.0011720158672917419,0.0011720158672917419,0.003606202668589975,0.013433104940497657,0.015957446808510637,,0.01965380454381536,,,0.002434186801298233,0.022087991345113595,0.002434186801298233,0.0011720158672917419,,,0.002434186801298233,0.28624233681932926,,0.002434186801298233,0.020825820411107105,,0.0011720158672917419,0.0011720158672917419,0.006130544536602957,0.002434186801298233,,,0.015957446808510637,0.0011720158672917419,,,,
,,0.015867291741795887,,0.002434186801298233,,0.009736747205192933,,0.003606202668589975,0.004868373602596466,,,,,0.0073025604038946985,,0.0011720158672917419,0.002434186801298233,0.002434186801298233,0.0011720158672917419,,,,,0.0060403894698882075,0.003606202668589975,,,,,0.029390551749008294,0.004868373602596466,,,0.004868373602596466,0.0011720158672917419,,,0.18202307969707898,0.21682293544897224,,,,,0.002434186801298233,0.0011720158672917419,0.002434186801298233,0.012170934006491165,0.015867291741795887,0.0073025604038946985,0.020825820411107105,,,0.002434186801298233,0.037955283086909486,0.004868373602596466,0.0011720158672917419,0.002434186801298233,0.0011720158672917419,0.002434186801298233,0.2989542012261089,0.002434186801298233,0.010998918139199423,0.03308690948431302,,0.0011720158672917419,0.0011720158672917419,0.0060403894698882075,0.003606202668589975,,,0.02443202307969708,0.003606202668589975,,,,
0.0011720158672917419,,0.007392715470609448,,,,0.00865488640461594,0.0011720158672917419,,0.007392715470609448,0.0011720158672917419,0.0011720158672917419,,0.002434186801298233,0.004958528669311215,,,,0.0011720158672917419,,0.0011720158672917419,,,,0.003696357735304724,0.00865488640461594,,,,,0.06085467003245582,0.007392715470609448,,,0.003696357735304724,0.002434186801298233,,,0.11963577353047239,0.19257122250270464,0.002434186801298233,,,,,0.002434186801298233,0.0011720158672917419,0.011179228272628922,0.02605481428056257,0.00865488640461594,0.02857915614857555,,,0.0011720158672917419,0.029751172015867293,0.006130544536602957,0.002434186801298233,,,0.0011720158672917419,0.36783267219617743,0.0011720158672917419,0.0011720158672917419,0.0434547421565092,,0.002434186801298233,,0.004958528669311215,,,,0.013613415073927155,0.007392715470609448,,,,
0.0012621709340064912,,0.014154345474215652,,,,0.005138838802740714,0.0012621709340064912,0.0025243418680129825,0.0012621709340064912,0.006401009736747205,,,0.014154345474215652,0.0037865128020194735,,,0.0012621709340064912,,,0.0012621709340064912,,,,0.0025243418680129825,0.007663180670753696,,,,,0.050216372160115395,0.0037865128020194735,,,0.0025243418680129825,,,,0.22529751172015866,0.21150378651280202,,,,,,0.0037865128020194735,0.006401009736747205,0.01153984853948792,0.015416516408222142,0.0012621709340064912,0.021907681211684096,,,0.0012621709340064912,0.018031013342949875,0.006401009736747205,,,0.0012621709340064912,0.007663180670753696,0.25919581680490444,0.0025243418680129825,0.005138838802740714,0.03993869455463397,,0.0025243418680129825,0.0012621709340064912,0.005138838802740714,,,,0.028308690948431303,0.0025243418680129825,0.0025243418680129825,,,
0.0025243418680129825,,0.013974035340786152,,,,0.0037865128020194735,,0.0025243418680129825,,0.017760548142805626,,,0.012621709340064912,0.0012621709340064912,,,,0.0037865128020194735,,0.0012621709340064912,,,,0.0012621709340064912,0.0025243418680129825,,,,,0.049495131626397404,0.0037865128020194735,,,0.0012621709340064912,,,,0.429138117562207,0.12576631806707536,,,,,,0.0012621709340064912,,0.01009736747205193,0.012621709340064912,,0.020284890010818606,,,0.0025243418680129825,0.016498377208799136,0.005048683736025965,,,,,0.19184998196898664,,0.012621709340064912,0.03299675441759827,,,0.0037865128020194735,0.007573025604038947,,,,0.006310854670032456,0.0012621709340064912,0.0025243418680129825,,,
,,0.008925351604760188,,,,0.0012621709340064912,,,,0.0037865128020194735,0.007663180670753696,,0.008925351604760188,0.0025243418680129825,,,,0.0012621709340064912,,,,,,,,,,,,0.05247024882798413,0.006401009736747205,,,,,0.0037865128020194735,,0.16840966462315177,0.1985214569058781,,,,,,,,0.014064190407500902,0.015326361341507392,,0.016588532275513886,,,,0.017850703209520376,0.0037865128020194735,,,0.0037865128020194735,,0.37657771366750814,0.006401009736747205,0.008925351604760188,0.028128380815001804,,0.0037865128020194735,0.0025243418680129825,0.010187522538766678,,,,0.026866209880995313,0.0012621709340064912,,,,
,,0.006310854670032456,,,,0.0025243418680129825,,0.0037865128020194735,,0.0025243418680129825,0.0037865128020194735,,0.006310854670032456,0.005048683736025965,,,,0.0012621709340064912,0.0012621709340064912,0.0012621709340064912,,,,,,,,,,0.031734583483591774,0.005048683736025965,,,,,0.005048683736025965,0.0012621709340064912,0.16741795888928956,0.22106022358456545,0.0025243418680129825,,,,,,0.015236206274792644,0.0012621709340064912,0.020284890010818606,,0.059682654165164085,,,,0.01135953840605842,0.008835196538045438,,,,,0.3278038225748287,0.015236206274792644,0.01009736747205193,0.02280923187883159,,0.0025243418680129825,0.0025243418680129825,0.007573025604038947,,,,0.020284890010818606,0.006310854670032456,,,,
0.0012621709340064912,,0.0037865128020194735,,,,0.005048683736025965,,0.0025243418680129825,,0.010187522538766678,0.006310854670032456,,0.015326361341507392,0.0037865128020194735,,,0.0037865128020194735,0.005048683736025965,,0.0037865128020194735,,,,,,,,,,0.031914893617021274,0.0012621709340064912,,,0.0025243418680129825,,0.0012621709340064912,,0.256491164803462,0.18265416516408223,,,,,,,0.0025243418680129825,0.006310854670032456,0.006310854670032456,,0.016588532275513886,,,0.005048683736025965,0.020375045077533356,0.006310854670032456,,0.0012621709340064912,,0.0012621709340064912,0.3155427335016228,0.016588532275513886,0.013974035340786152,0.016588532275513886,,0.0012621709340064912,0.0012621709340064912,0.007663180670753696,,,,0.02163721601153985,0.0025243418680129825,,,,
,,0.007482870537324197,,,,0.01000721240533718,,,,0.0011720158672917419,0.002434186801298233,,0.007482870537324197,0.002434186801298233,,,,0.006220699603317706,,,,,,,,,,,,0.048773891092679406,0.007482870537324197,,,,,,,0.18716191849981967,0.2216913090515687,,,,,0.0011720158672917419,0.006220699603317706,0.0011720158672917419,0.008745041471330688,0.01875225387666787,0.0011720158672917419,0.026235124413992065,,,,0.01000721240533718,0.006220699603317706,,,,,0.3343851424450054,0.004958528669311215,0.007482870537324197,0.024972953479985575,,,0.002434186801298233,0.006220699603317706,,,,0.03750450775333574,,,,,
,,0.006130544536602957,,,,0.004868373602596466,,0.004868373602596466,,0.0011720158672917419,0.004868373602596466,,0.014785430941218897,0.0011720158672917419,,,,0.004868373602596466,,,,,,,0.0011720158672917419,,,,,0.0628380815001803,0.002434186801298233,,,0.002434186801298233,,,,0.1441579516768844,0.1997836278398846,,,,,,0.00982690227190768,,0.00856473133790119,0.00856473133790119,0.004868373602596466,0.007392715470609448,,,,0.014785430941218897,0.006130544536602957,,,,0.002434186801298233,0.38595384060584204,0.006130544536602957,0.00856473133790119,0.03696357735304724,,0.003696357735304724,,0.014785430941218897,,,,0.02461233321312658,0.0011720158672917419,,,,
,,0.006310854670032456,,0.0012621709340064912,,,0.0012621709340064912,0.0025243418680129825,0.0025243418680129825,0.013974035340786152,,,0.016498377208799136,,,0.0012621709340064912,,0.0012621709340064912,0.0012621709340064912,,,,,0.0012621709340064912,0.005048683736025965,,,,,0.07239451857194375,0.0025243418680129825,,,0.0012621709340064912,,,,0.03759466282005042,0.2541471330688785,,,,,,,0.0037865128020194735,0.019022719076812116,0.013974035340786152,,0.020284890010818606,,,0.0012621709340064912,0.06473133790119005,0.0025243418680129825,,,0.0025243418680129825,0.008835196538045438,0.2795708618824378,0.0037865128020194735,0.02407140281283808,0.046970789758384424,,0.01009736747205193,0.0025243418680129825,0.0012621709340064912,,,,0.06608366390191128,0.006310854670032456,,,,
,,0.007663180670753696,,,,0.0037865128020194735,0.0012621709340064912,,,0.005048683736025965,0.0025243418680129825,,0.008925351604760188,0.0012621709340064912,,0.0025243418680129825,,,,,,,0.0012621709340064912,,,,,,,0.042102416155787956,0.0025243418680129825,,,,,,,0.37495492246664264,0.15073927154706093,0.0025243418680129825,,,,,,0.0025243418680129825,0.006310854670032456,0.006310854670032456,,0.006310854670032456,,,0.0025243418680129825,0.028038225748287054,0.0025243418680129825,0.0012621709340064912,,,0.0012621709340064912,0.2197078975838442,0.007663180670753696,0.01144969347277317,0.04471691309051569,,0.007663180670753696,0.0012621709340064912,0.0037865128020194735,,,,0.038315903353768485,0.0012621709340064912,,,,
,,0.013252794807068157,,,,0.003606202668589975,,,0.0023440317345834838,0.013252794807068157,,,0.0047782185358817165,0.003606202668589975,0.005950234403173459,0.0023440317345834838,,,0.0023440317345834838,,,,0.00721240533717995,0.0011720158672917419,,,,,,0.042102416155787956,0.005950234403173459,,,,0.0011720158672917419,,,0.22755138838802746,0.17832672196177426,,,,,,,0.0023440317345834838,0.005950234403173459,0.010818608005769925,,0.010818608005769925,,,,0.010818608005769925,0.0047782185358817165,0.0011720158672917419,,,,0.3446628200504868,0.003606202668589975,0.013252794807068157,0.026505589614136314,,0.0023440317345834838,0.0023440317345834838,0.010818608005769925,0.0047782185358817165,,,0.02407140281283808,0.005950234403173459,,,,
,,0.0035160476018752254,,,,0.005950234403173459,,,,0.011900468806346917,,,0.0046880634691669676,0.0046880634691669676,0.0023440317345834838,,,0.0011720158672917419,0.005950234403173459,,,,0.0011720158672917419,,0.0011720158672917419,,,,,0.0500360620266859,0.010638297872340425,,,,,,0.0011720158672917419,0.26830147854309416,0.16083663901911288,,,,,,,0.0023440317345834838,0.0046880634691669676,0.024972953479985575,,0.015416516408222142,,,0.0011720158672917419,0.02262892174540209,0.0023440317345834838,,,,0.0035160476018752254,0.30869094843130185,0.005950234403173459,0.009466282005048683,0.02857915614857555,,,0.0011720158672917419,0.015416516408222142,,,,0.015416516408222142,0.0035160476018752254,,0.0011720158672917419,,
,,0.0060403894698882075,,0.0011720158672917419,,0.0073025604038946985,,0.0011720158672917419,,0.010998918139199423,0.002434186801298233,,0.012170934006491165,0.003606202668589975,0.002434186801298233,,,,0.0011720158672917419,,,,0.003606202668589975,,,,,,,0.044085827623512444,0.010998918139199423,,,0.0011720158672917419,,,,0.21835557158312302,0.16904075009015507,,,,,0.002434186801298233,,0.0011720158672917419,0.002434186801298233,0.0073025604038946985,,0.013433104940497657,,,0.002434186801298233,0.004868373602596466,,,,,0.002434186801298233,0.38225748287053735,0.0011720158672917419,0.0060403894698882075,0.020825820411107105,,,,0.012170934006491165,,,,0.04038946988820772,0.004868373602596466,,,,
,,0.004868373602596466,,,,0.01712946267580238,,0.002434186801298233,0.002434186801298233,0.00856473133790119,0.002434186801298233,,0.003606202668589975,0.003606202668589975,0.003606202668589975,,,,,,,,0.003606202668589975,0.002434186801298233,,,,,,0.03308690948431302,0.00856473133790119,,,,,,,0.2153804543815362,0.18671114316624593,,,,0.0011720158672917419,0.0011720158672917419,0.002434186801298233,,0.006130544536602957,0.015957446808510637,0.003606202668589975,0.01712946267580238,,,,0.020825820411107105,0.0011720158672917419,,,,0.003606202668589975,0.35376848178867654,0.004868373602596466,0.012261089073205915,0.029480706815723044,,0.0011720158672917419,0.0011720158672917419,0.003606202668589975,,,,0.01839163360980887,0.003606202668589975,,,,
,,0.004868373602596466,,,,0.00856473133790119,0.0011720158672917419,0.002434186801298233,,0.007392715470609448,,,0.004868373602596466,0.003696357735304724,,,,0.0011720158672917419,,0.003696357735304724,,,0.00982690227190768,,,,,,,0.04561846375766318,0.004868373602596466,,,,,,,0.12955283086909486,0.21357735304724126,0.0011720158672917419,,,0.0011720158672917419,,,,0.003696357735304724,0.041922106022358456,,0.01848178867652362,,,0.004868373602596466,0.02713667508113956,0.014785430941218897,,,0.0011720158672917419,,0.39019112874143524,0.003696357735304724,0.007392715470609448,0.02587450414713307,,,0.0011720158672917419,0.004868373602596466,,,,0.011089073205914173,,,,,
,,0.003696357735304724,,0.0011720158672917419,,0.004868373602596466,,,,0.003696357735304724,0.002434186801298233,,0.003696357735304724,0.0011720158672917419,,,,,,0.002434186801298233,,,0.007392715470609448,,,,,,,0.049314821492967904,0.016047601875225387,,,0.002434186801298233,,,,0.1578615218175261,0.23088712585647314,,,,,,,0.0011720158672917419,0.00982690227190768,0.01721961774251713,,0.01721961774251713,,,0.0011720158672917419,0.03326721961774252,0.01721961774251713,,,,0.00982690227190768,0.29011900468806345,0.004868373602596466,0.003696357735304724,0.044446447890371436,,0.006130544536602957,,0.006130544536602957,,,,0.04814280562567616,0.002434186801298233,,,,
,0.0011720158672917419,0.006130544536602957,,,,0.004868373602596466,,0.002434186801298233,,0.00856473133790119,0.0011720158672917419,,0.002434186801298233,0.002434186801298233,,,,,,,,,0.0011720158672917419,,0.0011720158672917419,,,,,0.05301117922827263,0.007392715470609448,,,,,,,0.44581680490443554,0.13703570140641905,,,,,,,,0.003696357735304724,0.00982690227190768,,0.01721961774251713,,,0.002434186801298233,0.013523260007212405,0.00856473133790119,0.002434186801298233,,,0.004868373602596466,0.180219978362784,0.003696357735304724,0.00856473133790119,0.02587450414713307,,,0.0011720158672917419,0.003696357735304724,,,,0.03822574828705373,,0.0011720158672917419,,,
,,0.007573025604038947,,,,0.0037865128020194735,0.0012621709340064912,0.007573025604038947,0.005048683736025965,0.007573025604038947,,,0.013974035340786152,0.006310854670032456,0.006310854670032456,0.0012621709340064912,,0.0012621709340064912,0.0012621709340064912,,,,0.0037865128020194735,0.0012621709340064912,0.0012621709340064912,,,,,0.03570140641904075,0.01144969347277317,,,,,,,0.2651460512080779,0.18112152902993148,,,,,,,0.0012621709340064912,0.0012621709340064912,0.013974035340786152,,0.02163721601153985,,,,0.012711864406779662,0.0025243418680129825,0.0012621709340064912,,,0.0025243418680129825,0.30742877749729536,0.0037865128020194735,0.0037865128020194735,0.02289938694554634,,,,0.01144969347277317,0.0025243418680129825,,,0.028038225748287054,,,,,
,,0.00838442120447169,,,,0.00838442120447169,,0.003606202668589975,0.003606202668589975,0.01685899747565813,0.0047782185358817165,,0.012080778939776415,0.00838442120447169,0.0023440317345834838,,,0.0047782185358817165,0.0023440317345834838,0.0011720158672917419,,,0.003606202668589975,,,,,,,0.03867652362062748,0.00721240533717995,,,,0.0023440317345834838,,0.0011720158672917419,0.15723043635052292,0.24558240173097728,,,,0.0023440317345834838,,,,0.0047782185358817165,0.0047782185358817165,,0.013252794807068157,,,,0.013252794807068157,0.0023440317345834838,,,,0.0047782185358817165,0.3351063829787234,0.020555355210962856,0.0047782185358817165,0.027767760548142804,,,0.0011720158672917419,0.0047782185358817165,,,,0.026595744680851064,,,0.0011720158672917419,,
,,0.00865488640461594,,,,0.007392715470609448,0.0011720158672917419,0.006220699603317706,0.002434186801298233,0.007392715470609448,0.0011720158672917419,,0.00991705733862243,0.002434186801298233,,,0.0011720158672917419,0.002434186801298233,,0.0011720158672917419,,,0.003696357735304724,0.0011720158672917419,,,,,,0.039758384421204475,0.00991705733862243,,,0.0011720158672917419,0.002434186801298233,0.0011720158672917419,,0.26794085827623515,0.21646231518211323,0.0011720158672917419,,0.0011720158672917419,,,,,0.00991705733862243,0.01983411467724486,,0.00865488640461594,,,,0.011179228272628922,,,0.0011720158672917419,,0.002434186801298233,0.29120086548864044,0.0011720158672917419,0.003696357735304724,0.02605481428056257,,0.0011720158672917419,0.0011720158672917419,0.006220699603317706,0.0011720158672917419,,,0.014875586007933646,0.002434186801298233,,,,
0.0011720158672917419,,0.00838442120447169,,,,0.00721240533717995,0.0011720158672917419,0.0047782185358817165,,0.011990623873061665,,,0.005950234403173459,0.003606202668589975,,,,0.0011720158672917419,,,,,0.0047782185358817165,0.0023440317345834838,0.00721240533717995,,,,,0.039758384421204475,0.0144248106743599,,,,,0.0011720158672917419,,0.2422466642625315,0.18193292463036423,,,,,0.0011720158672917419,0.0011720158672917419,0.0023440317345834838,0.005950234403173459,0.0144248106743599,0.0011720158672917419,0.025243418680129824,,,0.0023440317345834838,0.010818608005769925,0.0047782185358817165,0.0011720158672917419,,,0.003606202668589975,0.30851063829787234,0.0011720158672917419,0.005950234403173459,0.03489001081860801,,0.003606202668589975,0.0023440317345834838,0.010818608005769925,,,,0.01685899747565813,0.0011720158672917419,,,,0.0011720158672917419
,,0.00721240533717995,,,,0.009556437071763433,,0.0011720158672917419,0.0011720158672917419,0.00721240533717995,0.0011720158672917419,,0.00721240533717995,0.0011720158672917419,,,,0.0023440317345834838,,0.0011720158672917419,,,0.0047782185358817165,,0.005950234403173459,,,,,0.05896141363144609,0.00721240533717995,,,0.0011720158672917419,,,,0.13090515686981608,0.21790479624954923,0.0011720158672917419,,,,,,,0.019203029210241616,0.0288496213487198,,0.03849621348719798,,,0.0023440317345834838,0.005950234403173459,0.009556437071763433,,,0.0023440317345834838,0.0023440317345834838,0.3418680129823296,0.0011720158672917419,0.011990623873061665,0.03606202668589975,,0.0011720158672917419,,0.00838442120447169,,,,0.02163721601153985,0.0011720158672917419,,,,
,,0.003696357735304724,,,,0.007482870537324197,,0.002434186801298233,,0.015055896141363144,0.007482870537324197,,0.006220699603317706,0.0011720158672917419,,,,0.01000721240533718,,0.003696357735304724,,,0.007482870537324197,,0.017580238009376126,,,,,0.05778939776415434,0.002434186801298233,,,0.006220699603317706,0.0011720158672917419,,,0.15596826541651643,0.21501983411467723,0.002434186801298233,,,,0.002434186801298233,0.002434186801298233,0.003696357735304724,0.0213667508113956,0.03011179228272629,,0.006220699603317706,,,0.0011720158672917419,0.004958528669311215,0.0213667508113956,,0.0011720158672917419,,0.006220699603317706,0.2426974395961053,0.002434186801298233,0.013793725207356654,0.06157591056617382,,0.003696357735304724,0.002434186801298233,0.004958528669311215,,,,0.03642264695275874,0.007482870537324197,,,,
,,0.005048683736025965,,,,0.0012621709340064912,0.0012621709340064912,0.0025243418680129825,,0.01144969347277317,0.007663180670753696,,0.019112874143526866,,,,,0.01144969347277317,,0.0012621709340064912,,,0.008925351604760188,,0.006310854670032456,,,,,0.08041831950955644,0.005048683736025965,,,,,,,0.34322033898305093,0.14307609087630724,,,,,,,,0.0025243418680129825,0.02298954201226109,,0.0037865128020194735,,,0.005048683736025965,0.013974035340786152,0.007663180670753696,0.0012621709340064912,,0.0012621709340064912,0.005048683736025965,0.22358456545257843,0.005048683736025965,0.0025243418680129825,0.02163721601153985,,0.0025243418680129825,0.0012621709340064912,0.0025243418680129825,,,,0.026776054814280564,0.0025243418680129825,,,,
,,0.0037865128020194735,,,,0.0025243418680129825,,0.0037865128020194735,,0.010187522538766678,0.008925351604760188,,0.007573025604038947,0.0025243418680129825,,,,0.0037865128020194735,,,,,0.0037865128020194735,0.0025243418680129825,0.007573025604038947,,,,,0.04075009015506671,0.006310854670032456,,,,,,,0.2662279120086549,0.17345834835917778,,,,,,0.0012621709340064912,,,0.010187522538766678,,0.006310854670032456,,,,0.006310854670032456,0.0037865128020194735,0.0012621709340064912,,,0.0012621709340064912,0.31004327443202306,,0.005048683736025965,0.045888928957807426,,0.0025243418680129825,,0.02163721601153985,,,,0.03443923548503426,0.006310854670032456,,,,
,,0.007663180670753696,,,,0.0037865128020194735,,0.009015506671474938,,0.01153984853948792,0.0037865128020194735,,0.010277677605481428,0.0037865128020194735,,,0.0025243418680129825,0.0012621709340064912,0.0025243418680129825,0.0012621709340064912,,,0.007663180670753696,,0.009015506671474938,,,,,0.03858636855391273,0.005138838802740714,,,,,0.0012621709340064912,,0.1810313739632169,0.22015867291741795,,,,,,,,0.005138838802740714,0.01280201947349441,,0.03218535881716553,,,,0.0037865128020194735,0.0012621709340064912,,,,0.0037865128020194735,0.35674359899026326,0.0025243418680129825,0.01153984853948792,0.021817526144969346,,0.0037865128020194735,,0.005138838802740714,,,,0.01280201947349441,0.006401009736747205,,,,
,,0.006220699603317706,,,,0.01126938333934367,,0.007482870537324197,,0.01000721240533718,0.003696357735304724,,0.008745041471330688,0.003696357735304724,,,0.002434186801298233,,0.002434186801298233,0.002434186801298233,,,0.002434186801298233,,0.003696357735304724,,,,,0.027677605481428055,0.01000721240533718,,,,,,,0.22529751172015855,0.20771727371078255,,,,,,,0.002434186801298233,0.007482870537324197,0.01000721240533718,,0.007482870537324197,,,0.0011720158672917419,0.028939776415434548,0.002434186801298233,,,,0.002434186801298233,0.34998196898665707,0.0011720158672917419,0.008745041471330688,0.017580238009376126,,0.003696357735304724,,0.006220699603317706,,,,0.013793725207356654,0.0011720158672917419,,,,
,,0.002434186801298233,,,,0.01000721240533718,,0.006220699603317706,,0.006220699603317706,0.008745041471330688,,0.002434186801298233,0.004958528669311215,,,,0.004958528669311215,0.003696357735304724,0.0011720158672917419,,,0.011179228272628922,,0.002434186801298233,,,,,0.031193653083303283,0.006220699603317706,,,,,,,0.24215650919581688,0.18635052289938694,,,,0.0011720158672917419,,,0.002434186801298233,0.0011720158672917419,0.006220699603317706,,0.02749729534799856,,,0.0011720158672917419,0.017490082942661377,,0.0011720158672917419,,,0.002434186801298233,0.361521817526145,,0.003696357735304724,0.01875225387666787,,0.002434186801298233,,0.002434186801298233,,,,0.02001442481067436,,,,,
,,0.014875586007933646,,,,0.00991705733862243,,0.003696357735304724,,0.013613415073927155,0.00991705733862243,,0.003696357735304724,0.004958528669311215,,,,0.0011720158672917419,,0.0011720158672917419,,,0.002434186801298233,,0.002434186801298233,,,,,0.04841327082582041,0.004958528669311215,0.0011720158672917419,,,,,,0.1626397403534079,0.21249549224666425,,,0.002434186801298233,,,,0.004958528669311215,0.006130544536602957,0.01857194374323837,,0.014875586007933646,,,0.0011720158672917419,0.014875586007933646,0.006130544536602957,0.0011720158672917419,,,0.004958528669311215,0.3330328164442842,0.00991705733862243,0.003696357735304724,0.03353768481788676,,0.0011720158672917419,0.003696357735304724,0.00991705733862243,,,,0.031013342949873783,0.0011720158672917419,,,,
,,0.01126938333934367,,,,0.0011720158672917419,,0.004958528669311215,,0.0011720158672917419,0.003696357735304724,,0.003696357735304724,0.002434186801298233,,,,0.003696357735304724,,0.0011720158672917419,,,0.0011720158672917419,,0.008745041471330688,,,,,0.0779841327082582,,0.007482870537324197,,,,,,0.16245943021997822,0.2693833393436711,,,0.002434186801298233,,,0.002434186801298233,0.003696357735304724,0.015055896141363144,0.016318067075369636,,0.023891092679408584,,,,0.012531554273350162,0.012531554273350162,0.0011720158672917419,,,0.003696357735304724,0.2530652722683015,0.004958528669311215,0.003696357735304724,0.017580238009376126,,0.0011720158672917419,,0.002434186801298233,,,,0.056617381896862606,0.006220699603317706,,,,
,,0.005048683736025965,,,,,,0.007573025604038947,0.0012621709340064912,0.007573025604038947,0.0037865128020194735,,0.008835196538045438,,,,0.0012621709340064912,0.0012621709340064912,,0.0012621709340064912,,,0.0025243418680129825,,0.008835196538045438,,,,,0.043184276956364946,,0.005048683736025965,,,,,,0.46195456184637584,0.12955283086909483,,,0.0025243418680129825,,,0.0012621709340064912,0.0012621709340064912,,0.0037865128020194735,,0.016498377208799136,,,,0.0037865128020194735,0.0025243418680129825,0.0012621709340064912,0.0012621709340064912,,0.0012621709340064912,0.2160115398485395,0.0037865128020194735,0.0037865128020194735,0.017760548142805626,,0.0012621709340064912,,0.013974035340786152,,,,0.017760548142805626,0.0012621709340064912,,,,
0.003606202668589975,,0.0047782185358817165,,,,0.0023440317345834838,,0.0011720158672917419,,0.011990623873061665,0.0047782185358817165,,0.003606202668589975,0.005950234403173459,,,,0.0023440317345834838,,0.0011720158672917419,,,0.011990623873061665,0.0011720158672917419,0.0047782185358817165,,,,,0.0288496213487198,0.00838442120447169,,,,,,,0.38892895780742875,0.14542012261089074,,,,,,,0.0023440317345834838,,0.00721240533717995,,0.0047782185358817165,,,0.003606202668589975,0.00838442120447169,0.0023440317345834838,,,0.0011720158672917419,0.0047782185358817165,0.26929318427695637,0.003606202668589975,0.005950234403173459,0.018031013342949875,,,,0.003606202668589975,,0.0011720158672917419,,0.03245582401730977,,,,,
,,,,,,0.0011720158672917419,,0.007032095203750451,,0.009376126938333935,,,0.0023440317345834838,0.0035160476018752254,,0.0011720158672917419,0.0011720158672917419,0.0023440317345834838,,,,,0.0046880634691669676,0.0011720158672917419,0.005860079336458709,,,,,0.022268301478543095,0.0023440317345834838,,,,,,,0.4230977280923187,0.1383880274071403,,,,,0.0011720158672917419,,0.0011720158672917419,,0.005860079336458709,,0.011720158672917418,,,0.0023440317345834838,0.009376126938333935,,0.0011720158672917419,,,0.0023440317345834838,0.28029210241615576,0.0046880634691669676,0.0035160476018752254,0.014064190407500902,,0.0011720158672917419,,0.0023440317345834838,0.0011720158672917419,0.0011720158672917419,,0.028128380815001804,0.0023440317345834838,,,,
,,0.00838442120447169,,,,0.00838442120447169,,0.0011720158672917419,,0.005950234403173459,,,0.0047782185358817165,0.003606202668589975,,,0.0011720158672917419,,0.003606202668589975,,,,0.0023440317345834838,,0.005950234403173459,,,,,0.04579877389109268,0.0047782185358817165,,,,,,,0.2783988460151461,0.177335016227912,,,,,0.0011720158672917419,,0.0023440317345834838,0.003606202668589975,0.009646592138478183,,0.00721240533717995,,0.0023440317345834838,,0.00838442120447169,0.00838442120447169,0.0011720158672917419,0.0011720158672917419,,0.003606202668589975,0.33790119004688063,0.003606202668589975,0.0011720158672917419,0.01568698160836639,,,,0.0047782185358817165,,,,0.03498016588532275,0.0011720158672917419,,,,
0.0047782185358817165,,0.0047782185358817165,,,,0.00838442120447169,,0.012080778939776415,,0.00838442120447169,0.009646592138478183,,0.00721240533717995,0.003606202668589975,0.0011720158672917419,0.0011720158672917419,,,0.0011720158672917419,,,,0.0023440317345834838,0.0011720158672917419,0.0047782185358817165,,,,,0.03750450775333574,0.00838442120447169,,,0.0011720158672917419,,,,0.1787774972953481,0.1814821492967905,,,,,0.00721240533717995,,0.0011720158672917419,0.0011720158672917419,0.019293184276956366,0.003606202668589975,0.020555355210962856,,,0.0011720158672917419,0.009646592138478183,0.019293184276956366,,,,0.0023440317345834838,0.3448431301839163,0.0011720158672917419,0.01568698160836639,0.012080778939776415,,,0.003606202668589975,0.014514965741074649,,,,0.03984853948791922,0.0047782185358817165,,,,
0.004653243847874721,,0.009395973154362415,,0.0011633109619686801,,0.010559284116331096,0.0070693512304250555,0.015302013422818792,0.0011633109619686801,0.009395973154362415,0.004653243847874721,,0.0058165548098434005,0.0023266219239373603,0.008232662192393736,,,0.00348993288590604,0.0023266219239373603,0.0023266219239373603,,,,0.0058165548098434005,0.021208053691275167,,,,,0.04599552572706935,0.0023266219239373603,,,,,,,0.0,0.2454586129753915,0.0011633109619686801,,,,0.010559284116331096,,0.0070693512304250555,,0.03185682326621924,,0.024697986577181207,,0.0011633109619686801,0.00348993288590604,0.015302013422818792,0.0058165548098434005,,,0.0011633109619686801,0.0023266219239373603,0.359910514541387,0.0058165548098434005,0.023534675615212528,0.041252796420581654,,0.004653243847874721,0.004653243847874721,0.010559284116331096,0.0023266219239373603,,,0.024697986577181207,0.0058165548098434005,,0.00348993288590604,,
,,0.009736747205192933,,,,0.009736747205192933,0.004868373602596466,0.0073025604038946985,0.0060403894698882075,0.0073025604038946985,,,0.0060403894698882075,0.0011720158672917419,,,,0.002434186801298233,0.002434186801298233,0.003606202668589975,,,,,0.014605120807789397,,,,,0.05111792282726289,,,,,,,,0.05508474576271183,0.20970068517850704,0.002434186801298233,,,,0.01821132347637937,,0.004868373602596466,,0.10115398485394879,,0.020645510277677605,,0.002434186801298233,0.00847457627118644,0.01577713667508114,0.00847457627118644,,,,,0.2865128020194735,0.009736747205192933,0.04507753335737468,0.03290659935088352,,0.003606202668589975,0.0060403894698882075,0.0060403894698882075,0.0011720158672917419,,,0.029210241615578794,0.004868373602596466,,0.0011720158672917419,,
,,0.010998918139199423,,,,0.0011720158672917419,,0.010998918139199423,,0.006130544536602957,,,0.004868373602596466,0.0011720158672917419,,,,0.002434186801298233,,0.002434186801298233,,,,,0.013433104940497657,,,,,0.04417598269022719,0.0011720158672917419,,,0.006130544536602957,,0.0011720158672917419,,0.32455824017309776,0.19527587450414713,,0.0011720158672917419,,,0.0011720158672917419,,0.002434186801298233,,0.028218535881716553,0.006130544536602957,0.010998918139199423,,0.0011720158672917419,,0.01712946267580238,0.00982690227190768,0.0011720158672917419,,,,0.2026685899747566,0.006130544536602957,0.003606202668589975,0.029480706815723044,,0.004868373602596466,0.014695275874504147,0.006130544536602957,,,,0.02452217814641183,0.0011720158672917419,,0.0011720158672917419,,
0.0011720158672917419,,0.0073025604038946985,,0.0011720158672917419,,0.0060403894698882075,0.002434186801298233,0.004868373602596466,,0.012170934006491165,0.002434186801298233,,0.009736747205192933,0.0011720158672917419,,,,0.0011720158672917419,,0.0011720158672917419,,,,,0.009736747205192933,,,,,0.046249549224666425,0.0011720158672917419,,,,,,,0.4075910566173818,0.14866570501262172,,,,,0.0011720158672917419,0.002434186801298233,0.002434186801298233,0.003606202668589975,0.009736747205192933,0.002434186801298233,0.010908763072484673,,0.002434186801298233,0.002434186801298233,0.012170934006491165,0.02307969707897584,,,0.0011720158672917419,0.0011720158672917419,0.18653083303281645,0.0011720158672917419,0.0060403894698882075,0.03164442841687703,,0.002434186801298233,,0.004868373602596466,,,,0.02551388388027407,0.0011720158672917419,,0.0011720158672917419,,
0.005860079336458709,,0.0035160476018752254,,,,0.007032095203750451,0.0011720158672917419,0.0035160476018752254,,0.0035160476018752254,0.0023440317345834838,,0.010638297872340425,0.0046880634691669676,,,,0.0023440317345834838,,,,,0.0023440317345834838,0.0011720158672917419,0.007032095203750451,,,,,0.02713667508113956,0.02010457987738911,,,,,,,0.27353047241254946,0.1785971871619185,,,,,0.0011720158672917419,0.0011720158672917419,0.0011720158672917419,0.0023440317345834838,0.008204111071042193,,0.022448611611972594,,,,0.015326361341507392,0.0035160476018752254,0.0023440317345834838,,,,0.3122971510998918,0.0046880634691669676,0.0035160476018752254,0.03425892535160476,,0.0035160476018752254,0.0011720158672917419,0.0046880634691669676,,,,0.02127659574468085,0.0023440317345834838,,,,
0.0046880634691669676,,0.009466282005048683,,,,0.01298232960692391,0.0046880634691669676,0.0011720158672917419,,0.005860079336458709,0.0035160476018752254,,0.0035160476018752254,0.008204111071042193,,,,0.0023440317345834838,,0.0011720158672917419,,,0.0023440317345834838,0.0011720158672917419,0.0046880634691669676,,,,,0.030742877749729534,0.005860079336458709,,,,,,,0.308240173097728,0.17174540209159755,,,0.0011720158672917419,,,0.0011720158672917419,0.0011720158672917419,0.0046880634691669676,0.009466282005048683,,0.01298232960692391,,,,0.01298232960692391,0.005860079336458709,0.0011720158672917419,,,,0.28903714388748647,0.0023440317345834838,0.0011720158672917419,0.02010457987738911,,0.0046880634691669676,,0.0046880634691669676,,,,0.04020915975477822,0.0046880634691669676,,,,
0.003425892535160476,,0.004597908402452218,,,,0.029029931482149298,0.010457987738910927,0.003425892535160476,,0.010457987738910927,0.003425892535160476,,0.003425892535160476,0.011630003606202668,,,,0.0010818608005769925,,0.003425892535160476,,,0.0010818608005769925,,0.008113956004327443,,,,,0.038315903353768485,0.0010818608005769925,,,0.0010818608005769925,,,,0.1772448611611973,0.17445005409304004,,,0.0010818608005769925,,0.003425892535160476,,0.0010818608005769925,0.0010818608005769925,0.012711864406779662,,0.01974395961053011,,,0.004597908402452218,0.013883880274071402,0.010457987738910927,0.0010818608005769925,,,,0.3639560043274432,0.0022538766678687344,0.0022538766678687344,0.04183195095564371,,,,0.010457987738910927,,,,0.01974395961053011,0.004597908402452218,,,,
0.0071222502704652,,0.0215470609448251,,,,0.062387306166606565,,0.0035160476018752254,0.0011720158672917419,0.0047782185358817165,0.0023440317345834838,,0.0047782185358817165,0.0071222502704652,,,,0.0035160476018752254,,0.0023440317345834838,,,0.0035160476018752254,,0.0071222502704652,,,,,0.04796249549224666,0.011990623873061665,,,,,0.0011720158672917419,,0.026956364947710032,0.21610169491525424,,0.0023440317345834838,,,0.0011720158672917419,0.0023440317345834838,0.0035160476018752254,0.01433465560764515,0.009556437071763433,0.0011720158672917419,0.011990623873061665,,,0.0011720158672917419,0.01433465560764515,0.0035160476018752254,,0.0011720158672917419,,0.0023440317345834838,0.4010998918139199,0.00838442120447169,0.0035160476018752254,0.04075009015506671,,,0.0011720158672917419,0.013162639740353407,0.0011720158672917419,,,0.025153263613415074,0.0011720158672917419,,,,
0.0035160476018752254,,0.009376126938333935,,,,0.05887125856473134,,0.005860079336458709,0.0011720158672917419,0.0035160476018752254,0.0011720158672917419,,0.01289217454020916,0.005860079336458709,,,0.0023440317345834838,0.0011720158672917419,,,,,0.0011720158672917419,0.0011720158672917419,0.008204111071042193,,,,,0.05301117922827263,0.0023440317345834838,,,,,,,0.07347637937252072,0.17562206996033178,,0.0023440317345834838,,,,0.009376126938333935,0.0011720158672917419,0.007032095203750451,0.01289217454020916,0.0011720158672917419,0.02587450414713307,,,0.0011720158672917419,0.03885683375405698,0.0046880634691669676,,0.015236206274792644,,0.0035160476018752254,0.34529390551749006,0.005860079336458709,,0.04002884962134872,,0.0035160476018752254,,0.005860079336458709,,,,0.051839163360980885,0.0035160476018752254,,,,
0.004868373602596466,,0.00982690227190768,,,,0.003696357735304724,,0.006130544536602957,,0.003696357735304724,0.003696357735304724,,0.012261089073205915,0.0011720158672917419,,,,0.0011720158672917419,,,,,0.0011720158672917419,,0.003696357735304724,,,,,0.041922106022358456,0.003696357735304724,,,0.0011720158672917419,,0.0011720158672917419,,0.45032455824017315,0.11584926072845293,0.002434186801298233,0.002434186801298233,,,0.0011720158672917419,0.0011720158672917419,,0.002434186801298233,0.004868373602596466,0.0011720158672917419,0.00856473133790119,,,0.0011720158672917419,0.00982690227190768,0.004868373602596466,,,,0.0011720158672917419,0.1997836278398846,0.00856473133790119,0.004868373602596466,0.012261089073205915,,0.006130544536602957,0.01965380454381536,0.007392715470609448,,,,0.03452939055174901,,,,,
0.005950234403173459,,0.0047782185358817165,,,,0.0047782185358817165,,0.0035160476018752254,,0.0047782185358817165,0.0035160476018752254,,0.0035160476018752254,0.0047782185358817165,,,,0.0023440317345834838,0.0023440317345834838,,,,0.0047782185358817165,,,,,,,0.05030652722683015,0.009556437071763433,,,,,0.0023440317345834838,,0.24765596826541658,0.1712946267580238,,,,,,,0.0011720158672917419,0.0011720158672917419,0.013162639740353407,,0.03353768481788676,,,0.0011720158672917419,0.010728452939055175,0.0011720158672917419,,,,,0.32933645870897943,0.0047782185358817165,0.0023440317345834838,0.020284890010818606,,0.0035160476018752254,0.0011720158672917419,0.009556437071763433,,,,0.038315903353768485,0.0023440317345834838,,,,
0.006310854670032456,,0.008835196538045438,,,,0.006310854670032456,0.0025243418680129825,0.0037865128020194735,,0.005048683736025965,0.006310854670032456,,0.0025243418680129825,0.007573025604038947,,,,0.0012621709340064912,0.0025243418680129825,,,,0.0012621709340064912,,0.0025243418680129825,,,,,0.029210241615578794,0.005048683736025965,,,,,0.0025243418680129825,,0.2592859718716193,0.20997115037865127,,,,,,0.006310854670032456,0.0025243418680129825,0.0037865128020194735,0.01144969347277317,0.0012621709340064912,0.029210241615578794,,,0.0012621709340064912,0.006310854670032456,0.0012621709340064912,0.0025243418680129825,,,,0.29264334655607643,0.008835196538045438,0.01144969347277317,0.027948070681572304,,,0.0012621709340064912,0.0025243418680129825,0.0012621709340064912,,,0.020284890010818606,0.005048683736025965,,,,
0.004868373602596466,,0.0073025604038946985,,,,0.003606202668589975,0.0011720158672917419,0.002434186801298233,0.0011720158672917419,0.0060403894698882075,,,0.004868373602596466,0.0073025604038946985,,,,0.0011720158672917419,,0.002434186801298233,,,0.0011720158672917419,,0.0011720158672917419,,,,,0.0354309412188965,0.004868373602596466,,,,,0.003606202668589975,,0.2867832672196178,0.1700324558240173,,,,,,,0.003606202668589975,0.0011720158672917419,0.009736747205192933,,0.010998918139199423,,,0.0011720158672917419,0.014605120807789397,0.0060403894698882075,0.004868373602596466,,,,0.3267219617742517,0.00856473133790119,0.002434186801298233,0.0354309412188965,,0.004868373602596466,0.002434186801298233,0.0060403894698882075,0.002434186801298233,,,0.013433104940497657,,,,,
0.003606202668589975,,0.009736747205192933,,0.0011720158672917419,,0.02560403894698882,,0.0060403894698882075,0.002434186801298233,0.00847457627118644,0.002434186801298233,,0.009736747205192933,0.004868373602596466,,,,0.002434186801298233,,0.0011720158672917419,,,0.0011720158672917419,,0.0011720158672917419,,,,,0.030472412549585288,0.003606202668589975,,,0.0011720158672917419,,0.003606202668589975,,0.14839523981247738,0.21754417598269024,,,,,0.002434186801298233,0.0011720158672917419,0.003606202668589975,0.003606202668589975,0.010998918139199423,0.0011720158672917419,0.013433104940497657,,,,0.02316985214569059,0.0073025604038946985,,,,,0.37522538766678687,0.009736747205192933,0.0073025604038946985,0.019473494410385865,,,0.002434186801298233,0.004868373602596466,0.002434186801298233,,,0.02560403894698882,0.0011720158672917419,,,,
0.005048683736025965,,0.02280923187883159,,,,0.027857915614857554,,0.0037865128020194735,0.0037865128020194735,0.0025243418680129825,0.0012621709340064912,,0.008835196538045438,0.0025243418680129825,,,,0.0012621709340064912,,,,,0.0037865128020194735,0.0037865128020194735,0.006310854670032456,,,,,0.0430941218896502,0.0025243418680129825,,,,,0.0037865128020194735,,0.05652722683014788,0.24459069599711503,,,,,,0.0012621709340064912,0.0012621709340064912,0.008835196538045438,0.02019473494410386,,0.017670393076090876,,,0.0025243418680129825,0.02019473494410386,0.006310854670032456,0.0012621709340064912,,,,0.3853227551388388,0.0037865128020194735,0.015146051208077894,0.026595744680851064,,0.0012621709340064912,,0.005048683736025965,0.012621709340064912,,,0.026595744680851064,,,,,
0.003696357735304724,0.0011720158672917419,0.007392715470609448,,,,0.0011720158672917419,,0.004958528669311215,0.0011720158672917419,,0.0011720158672917419,,0.00865488640461594,,,,,0.0011720158672917419,0.0011720158672917419,0.002434186801298233,,,0.004958528669311215,,0.00991705733862243,,,,,0.02109628561125135,0.0011720158672917419,,,,0.0011720158672917419,,,0.20429138117562218,0.22421565091958168,0.007392715470609448,,0.0011720158672917419,,,,0.002434186801298233,0.01866209880995312,0.011179228272628922,0.002434186801298233,0.017399927875946627,,,,0.013703570140641904,0.011179228272628922,,,,0.0011720158672917419,0.31401009736747204,,,0.03489001081860801,,0.006220699603317706,0.011179228272628922,0.006220699603317706,0.01866209880995312,,,0.01866209880995312,,0.002434186801298233,,,
0.006310854670032456,,0.01135953840605842,,,,0.0037865128020194735,,0.005048683736025965,,0.0025243418680129825,0.0012621709340064912,,0.006310854670032456,,,,0.0025243418680129825,,,0.0037865128020194735,,,0.0025243418680129825,0.0012621709340064912,0.006310854670032456,,,,,0.07843490804183195,0.0025243418680129825,,,,,0.0012621709340064912,,0.3754056978002164,0.11007933645870897,0.0025243418680129825,,,,,,0.0025243418680129825,0.007573025604038947,0.007573025604038947,0.005048683736025965,0.012621709340064912,,,0.0025243418680129825,0.02019473494410386,0.012621709340064912,,,,,0.20753696357735305,0.0025243418680129825,0.012621709340064912,0.02145690587811035,,0.01009736747205193,0.0012621709340064912,0.012621709340064912,0.005048683736025965,,,0.03290659935088352,,,,,
0.007753335737468446,,0.01298232960692391,,,,0.0012621709340064912,,0.006491164803461955,0.003876667868734223,0.006491164803461955,0.005138838802740714,,0.0025243418680129825,0.005138838802740714,,,,,,0.0012621709340064912,,,0.003876667868734223,,0.010367832672196178,,,,,0.02596465921384782,0.0025243418680129825,,,0.0012621709340064912,,,,0.3712585647313379,0.16660656328885684,,,,,,,,0.003876667868734223,0.010367832672196178,,0.005138838802740714,,,,0.011630003606202668,0.0025243418680129825,,,,,0.2655066714749369,0.003876667868734223,0.0025243418680129825,0.050757302560403894,,,,0.005138838802740714,,,,0.003876667868734223,,,,,
0.008745041471330688,,0.0011720158672917419,,,,0.003696357735304724,,0.004958528669311215,0.003696357735304724,0.006220699603317706,0.0011720158672917419,,0.002434186801298233,0.003696357735304724,,,0.0011720158672917419,0.0011720158672917419,,,,,0.0011720158672917419,,0.004958528669311215,,,,,0.026325279480706815,0.003696357735304724,,,,,,,0.35467003245582407,0.15335376848178867,,,,,,,0.0011720158672917419,0.002434186801298233,0.007482870537324197,,0.01000721240533718,,,0.0011720158672917419,0.01126938333934367,0.008745041471330688,,,,0.0011720158672917419,0.3055355210962856,0.003696357735304724,0.007482870537324197,0.03137396321673278,,0.0011720158672917419,0.003696357735304724,0.0011720158672917419,,,,0.02010457987738911,,,,,
0.004868373602596466,,0.0060403894698882075,,,,0.002434186801298233,,0.004868373602596466,0.002434186801298233,0.003606202668589975,0.0011720158672917419,,0.0011720158672917419,0.0060403894698882075,,,0.0011720158672917419,,,0.002434186801298233,,,0.002434186801298233,,0.004868373602596466,,,,,0.02316985214569059,0.0060403894698882075,,,,,,,0.356473133790119,0.1639920663541291,0.0011720158672917419,,,,,0.0011720158672917419,0.0011720158672917419,0.0060403894698882075,0.00856473133790119,,0.014605120807789397,,,0.003606202668589975,0.0060403894698882075,0.004868373602596466,,,0.0011720158672917419,,0.30472412549585287,0.00856473133790119,0.0011720158672917419,0.026866209880995313,,0.0011720158672917419,,0.004868373602596466,,,,0.010998918139199423,,,,,
0.003606202668589975,,0.0023440317345834838,,,,,,0.0047782185358817165,0.0047782185358817165,0.003606202668589975,0.0047782185358817165,,0.0023440317345834838,0.0047782185358817165,,,0.003606202668589975,,,0.0023440317345834838,,,0.0023440317345834838,,0.00721240533717995,,,,,0.027948070681572304,0.003606202668589975,,,,,,,0.26244139920663545,0.17994951316263974,0.0011720158672917419,,,,,,0.0023440317345834838,0.003606202668589975,0.026685899747565814,,0.027948070681572304,,,,0.013342949873782907,0.003606202668589975,,,,,0.31617381896862606,0.010908763072484673,0.0023440317345834838,0.03155427335016228,,,0.0023440317345834838,0.00847457627118644,,,,0.026685899747565814,0.0023440317345834838,,,,
0.002434186801298233,,0.013433104940497657,,,0.002434186801298233,0.004868373602596466,,0.0011720158672917419,0.004868373602596466,0.006130544536602957,0.002434186801298233,,0.006130544536602957,0.002434186801298233,,,,0.0011720158672917419,,0.003606202668589975,,,0.002434186801298233,,0.004868373602596466,,,,,0.03434908041831951,0.0011720158672917419,,,0.0011720158672917419,,,,0.16128741435268656,0.2063649477100613,0.0011720158672917419,,,,0.003606202668589975,,0.002434186801298233,0.00982690227190768,0.014695275874504147,0.0011720158672917419,0.0073025604038946985,,,,0.03434908041831951,0.00856473133790119,,0.0011720158672917419,,0.0011720158672917419,0.3771186440677966,0.003606202668589975,0.0011720158672917419,0.022087991345113595,,,0.0011720158672917419,0.00982690227190768,,,,0.035611251352326,0.0011720158672917419,,,,
0.006401009736747205,,0.01153984853948792,,,0.006401009736747205,0.0012621709340064912,,0.0025243418680129825,,0.0012621709340064912,0.0025243418680129825,,0.01676884240894338,,,,,0.0025243418680129825,,0.005138838802740714,,,0.0025243418680129825,,0.0037865128020194735,,,,,0.03741435268662099,0.0012621709340064912,,,0.0037865128020194735,,,,0.11323476379372532,0.15876307248467364,0.0012621709340064912,,,,0.02452217814641183,,0.0012621709340064912,0.0025243418680129825,0.015416516408222142,0.010277677605481428,0.01289217454020916,,,,0.02704652001442481,0.018031013342949875,,0.0012621709340064912,,0.0037865128020194735,0.33699963937973315,0.01289217454020916,0.02704652001442481,0.043905517490082945,,0.006401009736747205,0.005138838802740714,,,,,0.06581319870176704,0.006401009736747205,,,,
0.0047782185358817165,,0.0047782185358817165,,,0.003606202668589975,0.0023440317345834838,,0.0011720158672917419,0.0023440317345834838,0.003606202668589975,0.003606202668589975,,0.013162639740353407,0.003606202668589975,,,,0.0023440317345834838,,0.005950234403173459,,,0.0023440317345834838,0.0011720158672917419,,,,,,0.04814280562567616,,,,,0.0023440317345834838,,,0.5053191489361701,0.11548864046159395,,,0.0011720158672917419,,0.0011720158672917419,,0.0011720158672917419,0.003606202668589975,0.005950234403173459,,0.005950234403173459,,,,0.0144248106743599,0.00721240533717995,,,,0.0011720158672917419,0.1793184276956365,0.0011720158672917419,0.003606202668589975,0.027677605481428055,,0.0023440317345834838,,0.0023440317345834838,,,,0.0144248106743599,0.0011720158672917419,,,,
0.0047782185358817165,,0.003606202668589975,,,,0.0060403894698882075,,0.003606202668589975,0.0023440317345834838,0.0060403894698882075,0.012080778939776415,,0.00721240533717995,0.003606202668589975,,,0.0011720158672917419,0.0023440317345834838,,0.0023440317345834838,,,0.003606202668589975,,,,,,,0.027857915614857554,0.0060403894698882075,,,,,0.0011720158672917419,,0.2732600072124053,0.15506671474936892,,,,,,0.0011720158672917419,,0.010818608005769925,0.012080778939776415,,0.010818608005769925,,,,0.00847457627118644,0.010818608005769925,,,,0.0011720158672917419,0.3246483952398125,,0.0011720158672917419,0.035070320952037506,,0.01694915254237288,0.0011720158672917419,0.02416155787955283,,,,0.01568698160836639,0.003606202668589975,,,,
0.007482870537324197,,0.004958528669311215,,0.0011720158672917419,,0.002434186801298233,0.0011720158672917419,0.0011720158672917419,0.007482870537324197,0.004958528669311215,0.006220699603317706,,0.014965741074648395,0.002434186801298233,0.002434186801298233,0.0011720158672917419,,,0.0011720158672917419,0.0011720158672917419,,,0.002434186801298233,,0.0011720158672917419,,,,,0.022448611611972594,0.003696357735304724,,,,,0.0011720158672917419,0.0011720158672917419,0.2390010818608006,0.2014064190407501,,,,,,,0.0011720158672917419,,0.011179228272628922,,0.008745041471330688,,0.0011720158672917419,0.0011720158672917419,0.02001442481067436,0.006220699603317706,,,,,0.33276235124413994,0.007482870537324197,0.002434186801298233,0.03371799495131626,,0.0011720158672917419,0.003696357735304724,0.004958528669311215,,,,0.02749729534799856,0.003696357735304724,,,,
0.007482870537324197,,0.01000721240533718,,,,,,0.0011720158672917419,0.004958528669311215,0.004958528669311215,0.007482870537324197,,0.002434186801298233,0.006220699603317706,,,,0.0011720158672917419,0.002434186801298233,0.002434186801298233,,,0.0011720158672917419,,,,,,,0.035070320952037506,0.002434186801298233,,,,,,,0.2871438874864767,0.16300036062026685,,,,0.002434186801298233,,0.002434186801298233,,0.0011720158672917419,0.013793725207356654,,0.007482870537324197,,,0.0011720158672917419,0.013793725207356654,0.01000721240533718,0.0011720158672917419,,0.0011720158672917419,,0.33988460151460514,0.003696357735304724,0.003696357735304724,0.03254597908402452,,,,0.002434186801298233,,,,0.01875225387666787,0.002434186801298233,0.0011720158672917419,0.0011720158672917419,,
0.0037865128020194735,,0.007573025604038947,,,,0.01009736747205193,,0.0025243418680129825,0.005048683736025965,0.005048683736025965,0.007573025604038947,,0.0037865128020194735,0.008835196538045438,,,0.0037865128020194735,0.0012621709340064912,,0.005048683736025965,,,,,,,,,,0.03912729895420122,0.01009736747205193,,,,0.02145690587811035,,,0.006581319870176849,0.21583122971510998,,0.008835196538045438,,0.0025243418680129825,,0.0037865128020194735,,0.0012621709340064912,0.01009736747205193,,0.026505589614136314,,0.0012621709340064912,,0.02398124774612333,0.012621709340064912,0.0012621709340064912,0.03407861521817526,,0.006310854670032456,0.3787414352686621,0.016408222142084386,0.007573025604038947,0.05553552109628561,,,0.0037865128020194735,0.006310854670032456,,,,0.03786512802019473,0.0025243418680129825,0.0012621709340064912,,,
0.002434186801298233,,0.00865488640461594,,,,0.004958528669311215,,0.003696357735304724,0.004958528669311215,0.002434186801298233,0.00865488640461594,,0.007392715470609448,0.007392715470609448,,,0.0011720158672917419,0.0011720158672917419,,0.006220699603317706,,,,,,,,,,0.04471691309051569,0.006220699603317706,,,,,,,0.11179228272628916,0.1878831590335377,0.0011720158672917419,,,0.002434186801298233,,0.002434186801298233,0.004958528669311215,0.003696357735304724,0.00991705733862243,,0.02731698521456906,,,,0.004958528669311215,0.006220699603317706,,0.023620627479264335,,,0.3882077172737108,0.013613415073927155,,0.039758384421204475,,0.002434186801298233,0.003696357735304724,0.013613415073927155,,,,0.03732419761990624,0.003696357735304724,0.0011720158672917419,,,
0.002434186801298233,,0.0073025604038946985,,,,0.002434186801298233,,0.003606202668589975,0.0011720158672917419,0.0011720158672917419,0.003606202668589975,,0.045167688424089435,0.0011720158672917419,,,,0.0011720158672917419,,0.0011720158672917419,,,,0.0011720158672917419,0.003606202668589975,,,,,0.043905517490082945,0.00847457627118644,,,,,,,0.20672556797692032,0.16723764875586009,,,,,,0.0011720158672917419,0.0073025604038946985,,0.031734583483591774,,0.01703930760908763,,,0.0011720158672917419,0.013342949873782907,0.009736747205192933,,,0.0011720158672917419,,0.29904435629282367,0.0060403894698882075,0.003606202668589975,0.037774972953479986,,0.002434186801298233,0.003606202668589975,0.0060403894698882075,,,,0.05607645149657411,,0.0011720158672917419,,,
0.0011720158672917419,,0.004868373602596466,,0.0011720158672917419,,0.004868373602596466,,0.002434186801298233,0.0011720158672917419,0.0011720158672917419,0.006130544536602957,,0.016047601875225387,,,,,0.0011720158672917419,,,,,,0.0011720158672917419,,,,,,0.06175622069960332,0.006130544536602957,,,,0.00865488640461594,,,0.39181391994230075,0.10872701045798774,0.004868373602596466,,,,0.0011720158672917419,,0.003696357735304724,0.002434186801298233,0.011089073205914173,,0.006130544536602957,,,,0.00865488640461594,0.00865488640461594,0.0011720158672917419,,0.002434186801298233,,0.23241976199062386,0.003696357735304724,0.00865488640461594,0.038315903353768485,,0.003696357735304724,0.003696357735304724,0.00865488640461594,,,,0.029661016949152543,0.002434186801298233,,,,
0.0023440317345834838,,0.009376126938333935,,,,0.005860079336458709,,0.0035160476018752254,0.0023440317345834838,0.0023440317345834838,0.008204111071042193,,0.0035160476018752254,0.0035160476018752254,,,0.0011720158672917419,0.0023440317345834838,,,,,,,,,,,,0.029570861882437793,0.007032095203750451,,,,,,,0.28281644428416874,0.20347998557518931,0.0011720158672917419,,,,,,,0.0023440317345834838,0.011810313739632167,,0.011810313739632167,,,0.0011720158672917419,0.005860079336458709,0.008204111071042193,,,,,0.30760908763072486,0.0011720158672917419,0.0023440317345834838,0.022448611611972594,,0.0035160476018752254,0.0023440317345834838,0.0046880634691669676,,,,0.046069239091236926,,,,,
0.0011720158672917419,,0.0035160476018752254,,,,,,0.0011720158672917419,0.0035160476018752254,0.0011720158672917419,0.0023440317345834838,,0.0023440317345834838,0.0035160476018752254,,,0.0011720158672917419,0.0011720158672917419,,,,,0.0023440317345834838,0.0011720158672917419,,,,,,0.024792643346556075,0.005860079336458709,,,,,,,0.3183375405697799,0.17625315542733502,,,,,,,,0.008204111071042193,0.0035160476018752254,,0.0046880634691669676,,,,0.014154345474215652,0.005860079336458709,,,,0.0023440317345834838,0.33005769924269746,,0.008204111071042193,0.02127659574468085,,0.0023440317345834838,0.0023440317345834838,0.005860079336458709,,,,0.037774972953479986,0.0023440317345834838,0.0011720158672917419,,,
0.0035160476018752254,,0.0046880634691669676,,,,0.0023440317345834838,0.0011720158672917419,0.0023440317345834838,0.0035160476018752254,0.0035160476018752254,0.0011720158672917419,,0.0023440317345834838,,,,0.0011720158672917419,,,0.0023440317345834838,,,,,,,,,,0.02605481428056257,0.0046880634691669676,,,,,,,0.2558600793364586,0.16462315182113235,0.0023440317345834838,,,,,,0.0011720158672917419,0.005860079336458709,0.009466282005048683,,0.023620627479264335,,,0.0011720158672917419,0.0567976920302921,0.0035160476018752254,,,,0.005860079336458709,0.34231878831590334,0.0035160476018752254,0.018932564010097366,0.02605481428056257,,0.0011720158672917419,,0.0023440317345834838,,,,0.01298232960692391,0.0011720158672917419,0.0011720158672917419,0.0011720158672917419,,
0.0010818608005769925,,0.008113956004327443,,,,0.009285971871619185,0.0022538766678687344,,0.003425892535160476,0.0010818608005769925,,,,0.0022538766678687344,,,,,,0.0022538766678687344,,,0.0022538766678687344,,,,,,,0.02551388388027407,0.0022538766678687344,,,0.0010818608005769925,0.0010818608005769925,,,0.08853227551388376,0.15443562928236568,0.0022538766678687344,,,,0.004597908402452218,,0.0022538766678687344,,0.01857194374323837,,0.01974395961053011,,,,0.1265777136675081,0.008113956004327443,,,,0.008113956004327443,0.3635953840605842,0.0010818608005769925,0.07545979084024522,0.01857194374323837,,,0.01153984853948792,0.008113956004327443,,,,0.02316985214569059,0.0022538766678687344,,0.0010818608005769925,,
0.002055921052631579,,0.00625,,,,0.007319078947368421,0.004194078947368421,,0.005263157894736842,0.000986842105263158,0.06842105263157895,,0.007319078947368421,0.003125,,,,,,0.002055921052631579,,,,,,,,,,0.023108552631578946,0.002055921052631579,,,,0.000986842105263158,,,0.0,0.14950657894736843,0.002055921052631579,,,,0.004194078947368421,,0.003125,0.011513157894736841,0.010526315789473684,0.002055921052631579,0.013651315789473685,,,0.000986842105263158,0.1411184210526316,0.011513157894736841,0.000986842105263158,,,0.000986842105263158,0.36332236842105264,0.009457236842105263,0.058963815789473684,0.02837171052631579,,0.000986842105263158,0.007319078947368421,0.008388157894736842,,,,0.03577302631578947,0.002055921052631579,,,,
0.0023440317345834838,,0.0046880634691669676,,,,0.007032095203750451,,,0.0023440317345834838,0.0023440317345834838,,,0.0046880634691669676,,,,,,,,,,,,,,,,,0.029570861882437793,0.0035160476018752254,,,,,,,0.08997475658131981,0.14307609087630724,,0.0023440317345834838,,0.0011720158672917419,0.0023440317345834838,0.0023440317345834838,0.0046880634691669676,0.017670393076090876,0.02127659574468085,0.0023440317345834838,0.052019473494410384,,0.0046880634691669676,0.0023440317345834838,0.1632708258204111,0.0046880634691669676,,,,0.0011720158672917419,0.30048683736025966,0.014154345474215652,0.04020915975477822,0.022448611611972594,,0.0023440317345834838,0.007032095203750451,0.010638297872340425,,,,0.029570861882437793,0.0011720158672917419,,,,
0.004597908402452218,,0.011630003606202668,,,,0.004597908402452218,,,,0.0022538766678687344,0.0010818608005769925,,0.010457987738910927,,,,,,,0.003425892535160476,,,,,0.0010818608005769925,,,,,0.021006130544536605,0.00576992426974396,,,0.0022538766678687344,0.0022538766678687344,,,0.44879192210602237,0.12486476739992787,0.003425892535160476,0.0022538766678687344,,0.0010818608005769925,0.003425892535160476,,0.003425892535160476,0.006941940137035701,0.00576992426974396,0.003425892535160476,0.01280201947349441,,,0.004597908402452218,0.016318067075369636,0.006941940137035701,,,,,0.21123332131265776,0.0010818608005769925,0.011630003606202668,0.021006130544536605,,,0.0022538766678687344,0.009285971871619185,,,,0.027948070681572304,0.0010818608005769925,,,,
0.0023440317345834838,,0.015506671474936892,,,,0.009466282005048683,,,0.0035160476018752254,0.0011720158672917419,0.0011720158672917419,,0.005950234403173459,0.0035160476018752254,,,,0.0011720158672917419,,,,,,,,,,,,0.015506671474936892,0.0011720158672917419,,,0.0011720158672917419,0.0035160476018752254,,,0.33168049044356296,0.1837360259646592,,0.0011720158672917419,,,,0.0023440317345834838,,0.011900468806346917,0.0071222502704652,0.0011720158672917419,0.01307248467363866,,,,0.010728452939055175,0.0023440317345834838,,,,,0.3150018031013343,0.0011720158672917419,0.0011720158672917419,0.026235124413992065,,,0.0035160476018752254,0.0035160476018752254,,,,0.0142445005409304,0.0035160476018752254,,,,0.0011720158672917419
0.0035160476018752254,,0.0035160476018752254,,,,0.005860079336458709,,,0.0023440317345834838,,0.0011720158672917419,,0.005860079336458709,0.0023440317345834838,,,,0.0011720158672917419,,0.0046880634691669676,,,,,0.0011720158672917419,,,,,0.036332491886044,0.0046880634691669676,,,,0.0023440317345834838,,,0.31058420483231164,0.19464478903714388,,0.0011720158672917419,,,0.0011720158672917419,0.0035160476018752254,,0.005860079336458709,0.015236206274792644,,0.014064190407500902,,,,0.0046880634691669676,0.007032095203750451,,,,,0.31545257843490804,0.0046880634691669676,0.0023440317345834838,0.015236206274792644,,,0.0011720158672917419,0.0035160476018752254,0.0035160476018752254,,,0.016408222142084386,0.0046880634691669676,,,,
0.0023440317345834838,,0.009376126938333935,,,0.0011720158672917419,0.011720158672917418,,0.0011720158672917419,,,0.0023440317345834838,,0.0023440317345834838,,,,,0.0035160476018752254,,0.0023440317345834838,,,0.0046880634691669676,0.0023440317345834838,0.0011720158672917419,,,,,0.02578434908041832,0.005860079336458709,,,,0.0011720158672917419,,,0.28470970068517854,0.144248106743599,,,,0.0011720158672917419,,,0.0023440317345834838,0.0046880634691669676,0.01289217454020916,,0.02109628561125135,,,0.0023440317345834838,0.016408222142084386,0.005860079336458709,,,,,0.3589073205914172,,0.0035160476018752254,0.02578434908041832,,,0.0011720158672917419,0.007032095203750451,,,,0.029300396682293544,,0.0011720158672917419,,,
0.0035160476018752254,0.0011720158672917419,0.011720158672917418,,,,0.014064190407500902,,,,0.0023440317345834838,0.0011720158672917419,,0.007032095203750451,,,,,0.0023440317345834838,0.0011720158672917419,0.0011720158672917419,,,0.008204111071042193,0.0035160476018752254,0.023440317345834835,,,,,0.03407861521817526,0.016408222142084386,,,0.0023440317345834838,0.0011720158672917419,,,0.1048503425892533,0.18923548503425894,,,,,0.0035160476018752254,,0.0011720158672917419,0.0046880634691669676,0.061125135232600075,,0.030562567616300038,,,0.0046880634691669676,0.008204111071042193,0.008204111071042193,,,,0.0023440317345834838,0.35385863685539126,0.0035160476018752254,0.0035160476018752254,0.028218535881716553,,,0.007032095203750451,0.009376126938333935,0.007032095203750451,,,0.023440317345834835,0.0023440317345834838,0.008204111071042193,,,
0.0022538766678687344,,0.03326721961774252,,,,0.010277677605481428,,0.003425892535160476,0.0022538766678687344,0.009105661738189686,0.0022538766678687344,,0.016047601875225387,0.0022538766678687344,,,0.0010818608005769925,0.00567976920302921,0.0022538766678687344,,,,0.00567976920302921,0.0010818608005769925,0.00567976920302921,,,,,0.0286693112152903,0.004507753335737469,0.0022538766678687344,,,,,,0.020735665344392196,0.1985214569058781,,,,,0.003425892535160476,0.004507753335737469,0.003425892535160476,0.00567976920302921,0.01144969347277317,0.004507753335737469,0.02749729534799856,,,0.003425892535160476,0.026325279480706815,0.01712946267580238,,0.0022538766678687344,0.0010818608005769925,0.014875586007933646,0.4039848539487919,0.0022538766678687344,0.004507753335737469,0.02749729534799856,,0.00567976920302921,0.01144969347277317,0.003425892535160476,0.0022538766678687344,,,0.03786512802019473,0.004507753335737469,0.013703570140641904,,,
0.0023440317345834838,,0.010638297872340425,,0.0011720158672917419,,0.0142445005409304,0.0011720158672917419,0.0035160476018752254,,0.008294266137756943,0.005950234403173459,,0.015416516408222142,0.0011720158672917419,0.0046880634691669676,,,0.0011720158672917419,0.0046880634691669676,0.0023440317345834838,,,0.0023440317345834838,0.0035160476018752254,0.009466282005048683,,,,,0.030923187883159033,0.0035160476018752254,0.0035160476018752254,,,,,,0.2678507032095202,0.17634331049404978,,0.0011720158672917419,,,0.0046880634691669676,0.0011720158672917419,0.0035160476018752254,0.0023440317345834838,0.015416516408222142,0.005950234403173459,0.015416516408222142,,,0.0023440317345834838,0.019022719076812116,0.0035160476018752254,0.0011720158672917419,,,0.0023440317345834838,0.2585647313379012,0.005950234403173459,0.0046880634691669676,0.040479624954922466,,,,0.0071222502704652,,,,0.019022719076812116,0.0023440317345834838,0.009466282005048683,,,
0.0010818608005769925,,0.009195816804904436,,,,0.012621709340064912,0.003425892535160476,,0.0010818608005769925,0.0022538766678687344,,,0.010277677605481428,,0.004597908402452218,,,0.0010818608005769925,,0.003425892535160476,,,,0.003425892535160476,0.008023800937612693,,,,,0.026415434547421564,0.003425892535160476,0.0010818608005769925,,,0.0010818608005769925,0.0010818608005769925,,0.47142084385142435,0.11269383339343671,,,,,0.003425892535160476,0.004597908402452218,0.0022538766678687344,,0.0022538766678687344,0.003425892535160476,0.00567976920302921,,,0.0022538766678687344,0.014875586007933646,0.014875586007933646,0.006851785070320952,,,0.0010818608005769925,0.1886043995672557,0.006851785070320952,0.004597908402452218,0.035611251352326,,0.0010818608005769925,0.006851785070320952,0.003425892535160476,,,,0.008023800937612693,0.004597908402452218,0.0010818608005769925,,,
0.0035160476018752254,,0.015236206274792644,,0.0011720158672917419,,0.016408222142084386,,0.0035160476018752254,,0.0035160476018752254,0.0011720158672917419,,0.01289217454020916,0.0011720158672917419,,,,0.0023440317345834838,,0.0011720158672917419,,,,,,,,,,0.03164442841687703,0.0035160476018752254,,,,0.0023440317345834838,0.0035160476018752254,,0.275874504147133,0.1855391272989542,,,0.0011720158672917419,,0.0011720158672917419,0.0035160476018752254,0.0011720158672917419,0.0046880634691669676,0.005860079336458709,,0.009376126938333935,,0.0011720158672917419,0.0011720158672917419,0.01289217454020916,0.0046880634691669676,,,,0.0035160476018752254,0.32410746483952396,0.0046880634691669676,0.0046880634691669676,0.01875225387666787,,0.0023440317345834838,0.0023440317345834838,0.005860079336458709,0.0011720158672917419,,,0.017580238009376126,0.0023440317345834838,0.0011720158672917419,,,
0.0022538766678687344,,0.008023800937612693,,0.0010818608005769925,,0.009195816804904436,,0.003425892535160476,0.004597908402452218,0.0010818608005769925,0.0022538766678687344,,0.01848178867652362,0.0022538766678687344,0.003425892535160476,,,,0.0010818608005769925,,,,0.0010818608005769925,0.0010818608005769925,,,,,,0.03353768481788676,0.004597908402452218,,,0.0010818608005769925,0.0010818608005769925,0.003425892535160476,,0.26730977280923185,0.1851785070320952,,,0.0010818608005769925,,,,0.0010818608005769925,0.003425892535160476,0.006941940137035701,0.0010818608005769925,0.014965741074648395,,,0.0022538766678687344,0.014965741074648395,0.008023800937612693,,,,0.003425892535160476,0.3217634331049405,0.0010818608005769925,0.009195816804904436,0.026595744680851064,,0.0010818608005769925,0.0022538766678687344,0.0022538766678687344,,,,0.01730977280923188,0.004597908402452218,0.0010818608005769925,,,
0.004597908402452218,,0.010367832672196178,,,,0.010367832672196178,,0.00576992426974396,,0.0010818608005769925,0.0010818608005769925,,0.008113956004327443,0.0022538766678687344,0.0010818608005769925,,,,,0.0022538766678687344,,,,,,,,,,0.03822574828705373,0.0022538766678687344,,,,0.0010818608005769925,0.0022538766678687344,,0.254958528669311,0.17282726289217454,0.0010818608005769925,,0.0010818608005769925,,0.0010818608005769925,,,0.010367832672196178,0.009195816804904436,,0.015055896141363144,,,0.0022538766678687344,0.01965380454381536,0.008113956004327443,,,,0.0010818608005769925,0.33645870897944463,0.003425892535160476,0.004597908402452218,0.03362783988460152,,0.0010818608005769925,0.003425892535160476,0.003425892535160476,0.003425892535160476,,,0.015055896141363144,0.00576992426974396,0.0010818608005769925,0.0010818608005769925,,
0.0033357374684457267,,0.009105661738189686,,,,0.01135953840605842,0.0022538766678687344,0.0010818608005769925,0.004507753335737469,0.0022538766678687344,0.004507753335737469,,0.009105661738189686,0.0010818608005769925,,,,,,0.0010818608005769925,,,,0.0010818608005769925,0.0022538766678687344,,,,,0.0284890010818608,0.0010818608005769925,,,,0.0022538766678687344,0.0022538766678687344,,0.20194734944103843,0.18797331410025245,,,,0.0022538766678687344,0.006761630003606202,,0.0022538766678687344,0.009105661738189686,0.01135953840605842,,0.02271907681211684,,,0.0010818608005769925,0.015867291741795887,0.0033357374684457267,,,,0.00567976920302921,0.33952398124774613,0.0010818608005769925,0.0010818608005769925,0.03984853948791922,,0.004507753335737469,0.0010818608005769925,0.004507753335737469,0.01703930760908763,,,0.02614496934727732,0.0033357374684457267,0.0010818608005769925,0.0033357374684457267,,
0.0010818608005769925,,0.006851785070320952,,,,0.014965741074648395,0.008023800937612693,0.0010818608005769925,0.0010818608005769925,0.00576992426974396,0.0010818608005769925,,0.006851785070320952,0.0010818608005769925,0.003425892535160476,,,,,,,,,,0.0010818608005769925,,,,,0.039217454020915976,0.0010818608005769925,,,,0.0010818608005769925,,,0.0714929679047962,0.19392354850342589,,,0.0010818608005769925,0.003425892535160476,,,0.0022538766678687344,0.003425892535160476,0.009195816804904436,,0.03687342228633249,,,0.0022538766678687344,0.02993148214929679,0.008023800937612693,,,,0.00576992426974396,0.42021276595744683,,0.004597908402452218,0.02993148214929679,,0.003425892535160476,0.0022538766678687344,0.010367832672196178,0.013793725207356654,,,0.04958528669311215,0.0010818608005769925,0.0022538766678687344,0.0010818608005769925,,
0.0011720158672917419,,0.00721240533717995,,,,0.0060403894698882075,0.003606202668589975,0.003606202668589975,0.0047782185358817165,0.0011720158672917419,0.0011720158672917419,,0.0047782185358817165,0.0011720158672917419,0.0011720158672917419,,,0.01812116840966462,,0.0011720158672917419,,,,,0.010818608005769925,,,,,0.03137396321673278,0.003606202668589975,,,,0.0023440317345834838,,,0.16318067075369613,0.21051208077893976,0.0011720158672917419,,,,,0.003606202668589975,0.0011720158672917419,0.0047782185358817165,0.00838442120447169,,0.04111071042192571,,,0.0047782185358817165,0.035070320952037506,0.0047782185358817165,,,,0.009646592138478183,0.27948070681572307,0.00838442120447169,0.0060403894698882075,0.03020194734944104,,0.0023440317345834838,0.003606202668589975,0.003606202668589975,0.0060403894698882075,,,0.0628380815001803,0.0047782185358817165,,0.0011720158672917419,,
0.0022538766678687344,,0.008113956004327443,,0.0010818608005769925,,0.0022538766678687344,0.003425892535160476,0.0010818608005769925,0.004597908402452218,0.004597908402452218,0.0022538766678687344,,0.0010818608005769925,,,,,0.0022538766678687344,,0.003425892535160476,,,,,0.0022538766678687344,,,,,0.017490082942661377,0.004597908402452218,,,,0.003425892535160476,0.0022538766678687344,,0.46330688784709695,0.14505950234403173,,,,,,0.004597908402452218,0.0010818608005769925,0.0010818608005769925,0.004597908402452218,,0.017490082942661377,,,0.003425892535160476,0.02452217814641183,0.0010818608005769925,,,,0.008113956004327443,0.2012261089073206,0.004597908402452218,0.0022538766678687344,0.016318067075369636,,0.004597908402452218,,0.0022538766678687344,,,,0.026866209880995313,,0.0010818608005769925,,,
0.0022538766678687344,,0.005589614136314461,,0.0022538766678687344,,0.0033357374684457267,0.0010818608005769925,,,,0.0022538766678687344,,0.0022538766678687344,0.0010818608005769925,,0.0010818608005769925,,,,0.0033357374684457267,,,,,,,,,,0.02262892174540209,0.007933645870897944,,,,,0.0033357374684457267,,0.3713487197980525,0.1623692751532636,,,,0.0010818608005769925,,0.0033357374684457267,,0.006761630003606202,0.006761630003606202,,0.01126938333934367,,,0.0010818608005769925,0.007933645870897944,0.004507753335737469,,,,0.0022538766678687344,0.2985935809592499,0.004507753335737469,0.0033357374684457267,0.024972953479985575,,0.0033357374684457267,0.005589614136314461,0.0033357374684457267,,,,0.01812116840966462,0.0010818608005769925,,,,
0.0023440317345834838,,0.007032095203750451,,,,0.01289217454020916,,0.0011720158672917419,0.0011720158672917419,0.0011720158672917419,0.0011720158672917419,,0.0035160476018752254,0.0011720158672917419,,,,,,0.0046880634691669676,,,,,,,,,,0.02109628561125135,0.0046880634691669676,,,,,0.0011720158672917419,,0.38442120447169126,0.16768842408943382,,,0.0011720158672917419,0.0011720158672917419,,0.0035160476018752254,,0.0035160476018752254,0.009376126938333935,,0.01875225387666787,,,0.0023440317345834838,0.008204111071042193,0.0035160476018752254,,,,0.0011720158672917419,0.27091597547782187,0.0011720158672917419,0.0023440317345834838,0.02109628561125135,,0.0023440317345834838,0.0011720158672917419,0.0035160476018752254,,,,0.02461233321312658,0.0035160476018752254,,,,0.0011720158672917419
0.003425892535160476,,0.006851785070320952,,,,0.019473494410385865,,,0.0010818608005769925,,0.0010818608005769925,,0.004507753335737469,,,,,,,0.0022538766678687344,,,,,,,,,,0.01830147854309412,0.0022538766678687344,,,,,,,0.3969527587450413,0.19365308330328165,,,,0.0010818608005769925,0.0010818608005769925,,,0.0022538766678687344,0.00567976920302921,,0.012531554273350162,,,0.0010818608005769925,0.006851785070320952,0.00567976920302921,,,,,0.2728092318788316,,0.0022538766678687344,0.02407140281283808,,0.003425892535160476,0.0010818608005769925,0.003425892535160476,,,,0.006851785070320952,,,,,
0.0022538766678687344,,0.003425892535160476,,,,0.015055896141363144,,0.0010818608005769925,0.0010818608005769925,0.003425892535160476,0.004597908402452218,,0.008113956004327443,,,,,,,0.004597908402452218,,,,0.0022538766678687344,0.003425892535160476,,,,,0.03128380815001803,0.004597908402452218,,,,,,,0.16868012982329605,0.22502704652001443,,,,,0.00576992426974396,0.0010818608005769925,0.0022538766678687344,0.004597908402452218,0.017399927875946627,,0.026595744680851064,,,0.009195816804904436,0.004597908402452218,0.010367832672196178,,,,0.0022538766678687344,0.3515146051208078,0.003425892535160476,,0.028939776415434548,,0.0022538766678687344,0.0022538766678687344,0.020825820411107105,,,,0.027767760548142804,,,,,
0.0022538766678687344,,0.00576992426974396,,,,0.01974395961053011,,0.006941940137035701,0.0010818608005769925,0.003425892535160476,0.0022538766678687344,,0.003425892535160476,0.0010818608005769925,,,,,,0.004597908402452218,,,,0.0022538766678687344,0.006941940137035701,,,,,0.030292102416155788,0.004597908402452218,,,,,,,0.18031013342949864,0.24594302199783627,,,0.0010818608005769925,,0.006941940137035701,,0.0022538766678687344,0.011630003606202668,0.006941940137035701,,0.013974035340786152,,0.0010818608005769925,0.0010818608005769925,0.006941940137035701,0.00576992426974396,,,,0.0010818608005769925,0.3333934367111432,0.003425892535160476,,0.01857194374323837,,0.0010818608005769925,0.0010818608005769925,0.010457987738910927,,,,0.04778218535881717,0.0010818608005769925,0.003425892535160476,,,
0.002434186801298233,,0.003696357735304724,,,,0.003696357735304724,,0.002434186801298233,0.004958528669311215,0.003696357735304724,0.002434186801298233,,0.006220699603317706,,,,,,,0.003696357735304724,,,,0.003696357735304724,0.004958528669311215,,,,,0.023891092679408584,0.002434186801298233,,,,,,,0.20420122610890723,0.28452939055174903,,0.0011720158672917419,,,0.0011720158672917419,,0.002434186801298233,0.012531554273350162,0.007482870537324197,,0.023891092679408584,,0.0011720158672917419,0.002434186801298233,0.015055896141363144,0.007482870537324197,0.004958528669311215,,,0.01000721240533718,0.2706455102776776,0.0011720158672917419,0.0011720158672917419,0.025153263613415074,,0.004958528669311215,,0.015055896141363144,,,,0.025153263613415074,0.003696357735304724,0.006220699603317706,,,
0.0035160476018752254,,0.0047782185358817165,,,,0.009556437071763433,,0.0023440317345834838,0.005950234403173459,,0.0035160476018752254,,0.0047782185358817165,,,,,,,0.0011720158672917419,,,,0.0035160476018752254,0.008294266137756943,,,,,0.02145690587811035,0.0035160476018752254,,,,0.0035160476018752254,,,0.46321673278038233,0.12675802380093762,0.0023440317345834838,,,,0.0023440317345834838,,0.005950234403173459,0.0071222502704652,0.0023440317345834838,,0.0035160476018752254,,0.0023440317345834838,0.0011720158672917419,0.009556437071763433,0.0071222502704652,0.005950234403173459,,,0.005950234403173459,0.21051208077893976,0.0023440317345834838,0.005950234403173459,0.023891092679408584,,0.0011720158672917419,0.0023440317345834838,0.005950234403173459,,,,0.02145690587811035,,0.0047782185358817165,,,
,,0.003425892535160476,,,,0.0010818608005769925,,0.004597908402452218,0.0022538766678687344,,0.0010818608005769925,,,0.0010818608005769925,,,0.0010818608005769925,,,,,,,,0.0022538766678687344,,,,,0.03272628921745402,0.00576992426974396,,,,0.004597908402452218,0.0010818608005769925,,0.34258925351604763,0.16849981968986658,,0.003425892535160476,,,0.0010818608005769925,,,0.0022538766678687344,0.013974035340786152,,0.016318067075369636,,,0.004597908402452218,0.006941940137035701,0.006941940137035701,0.006941940137035701,,,0.003425892535160476,0.2936350522899387,0.008113956004327443,0.004597908402452218,0.017490082942661377,,0.0010818608005769925,0.0010818608005769925,0.003425892535160476,,,,0.02569419401370357,0.0010818608005769925,0.00576992426974396,,,
0.0022538766678687344,,0.003425892535160476,,,,0.00576992426974396,,,0.004597908402452218,,0.004597908402452218,,0.0010818608005769925,0.0010818608005769925,,,,,,0.0010818608005769925,,,,,,,,,,0.033808150018031016,0.0010818608005769925,,,,0.003425892535160476,,,0.3161738189686262,0.1877028489001082,,,,,0.0010818608005769925,,,0.0010818608005769925,0.016318067075369636,,0.01857194374323837,,,,0.008113956004327443,0.00576992426974396,0.0022538766678687344,,,,0.3159033537684818,0.0010818608005769925,0.0010818608005769925,0.030292102416155788,,0.0022538766678687344,,0.006941940137035701,,,,0.01857194374323837,,0.004597908402452218,,,
,,0.00576992426974396,,,,0.011630003606202668,0.0010818608005769925,0.0010818608005769925,0.004597908402452218,0.0010818608005769925,0.003425892535160476,,,0.0022538766678687344,,,,0.0010818608005769925,0.0022538766678687344,0.004597908402452218,,,,,,,,,,0.029210241615578794,0.0010818608005769925,,,,0.004597908402452218,,,0.3222142084385141,0.18463757663180672,,,,,0.004597908402452218,,0.0010818608005769925,0.004597908402452218,0.017490082942661377,,0.015146051208077894,,,0.0022538766678687344,0.006941940137035701,0.01280201947349441,0.0010818608005769925,,,,0.27344031734583485,0.003425892535160476,0.0010818608005769925,0.022178146411828345,,0.0022538766678687344,0.003425892535160476,0.003425892535160476,,,,0.040840245221781465,0.0010818608005769925,0.0022538766678687344,,,
,,0.008925351604760188,,,,0.008925351604760188,0.0037865128020194735,0.0012621709340064912,0.008925351604760188,0.0012621709340064912,0.0025243418680129825,,0.0012621709340064912,0.0025243418680129825,,,0.0025243418680129825,,0.0025243418680129825,0.007663180670753696,,,,,,,,,,0.035971871619185,0.0025243418680129825,,,0.0025243418680129825,0.0037865128020194735,,,0.2338622430580598,0.20185719437432384,0.0012621709340064912,,,,0.006401009736747205,,,0.008925351604760188,0.020555355210962856,,0.01280201947349441,,,0.007663180670753696,0.016678687342228632,0.006401009736747205,0.0012621709340064912,,,0.0012621709340064912,0.3048142805625676,0.0025243418680129825,0.0037865128020194735,0.021817526144969346,,0.0012621709340064912,0.005138838802740714,0.01153984853948792,,,,0.028218535881716553,0.0012621709340064912,0.0025243418680129825,0.0012621709340064912,,
0.0012621709340064912,,0.010187522538766678,,,,0.015326361341507392,0.0025243418680129825,0.0012621709340064912,0.01144969347277317,0.0025243418680129825,0.007663180670753696,,0.0012621709340064912,0.007663180670753696,,,,,,0.006310854670032456,,,,,,,,,,0.038315903353768485,0.006310854670032456,,,0.0012621709340064912,0.005048683736025965,,,0.07780382257482865,0.22764154345474216,0.0012621709340064912,0.0025243418680129825,0.0012621709340064912,,0.005048683736025965,,0.0025243418680129825,0.0434547421565092,0.0217273710782546,,0.02298954201226109,,,0.0025243418680129825,0.0217273710782546,0.019112874143526866,0.0037865128020194735,,,0.0037865128020194735,0.36332491886043994,0.0012621709340064912,0.005048683736025965,0.026866209880995313,,0.0012621709340064912,0.0037865128020194735,,,,,0.019112874143526866,0.0025243418680129825,,0.0012621709340064912,,
,,0.006310854670032456,,,,0.0025243418680129825,,0.005048683736025965,0.01009736747205193,0.0037865128020194735,0.0012621709340064912,,0.006310854670032456,0.0012621709340064912,0.0012621709340064912,,0.0025243418680129825,,,0.0012621709340064912,,,,,0.0025243418680129825,,,,,0.0354309412188965,0.0037865128020194735,,,,0.007573025604038947,,0.0012621709340064912,0.23656689505950235,0.22304363505228994,0.018932564010097366,0.0037865128020194735,,,0.0037865128020194735,0.0025243418680129825,0.0025243418680129825,0.0037865128020194735,0.007573025604038947,,0.02019473494410386,,,0.0037865128020194735,0.02280923187883159,0.0037865128020194735,0.01009736747205193,,,0.01009736747205193,0.2142084385142445,0.0025243418680129825,0.01135953840605842,0.025333573746844574,,0.0025243418680129825,0.005048683736025965,0.02280923187883159,,,,0.04688063469166967,0.0025243418680129825,,0.0012621709340064912,,
,,0.01000721240533718,,,,0.0011720158672917419,0.0011720158672917419,0.002434186801298233,0.007482870537324197,0.003696357735304724,0.004958528669311215,,0.0011720158672917419,,,,,,,0.003696357735304724,,,,,0.002434186801298233,,,,,0.02253876667868734,0.003696357735304724,,,,0.004958528669311215,,,0.3803642264695275,0.1720158672917418,,0.008745041471330688,,,0.0011720158672917419,0.003696357735304724,0.006220699603317706,0.003696357735304724,0.007482870537324197,,0.015055896141363144,,,0.004958528669311215,0.025063108546700325,0.003696357735304724,,,,,0.20717634331049406,0.006220699603317706,0.016318067075369636,0.013793725207356654,,0.004958528669311215,0.003696357735304724,0.0011720158672917419,,,,0.043905517490082945,,,0.0011720158672917419,,
,,0.006581319870176704,,0.0012621709340064912,0.0012621709340064912,0.007933645870897944,,0.0012621709340064912,,0.0012621709340064912,0.0012621709340064912,,0.003966822935448972,,,,0.0012621709340064912,0.0012621709340064912,0.002614496934727732,,,,,,,,,,,0.029120086548864048,0.0012621709340064912,,,,0.003966822935448972,0.0012621709340064912,,0.25396682293544903,0.21069239091236927,,0.0012621709340064912,0.0012621709340064912,0.0012621709340064912,,,0.002614496934727732,0.003966822935448972,0.007933645870897944,,0.023800937612693834,,,0.0012621709340064912,0.013252794807068157,0.010548142805625675,,,,,0.33790119004688063,0.003966822935448972,0.003966822935448972,0.027767760548142804,,0.002614496934727732,0.007933645870897944,0.002614496934727732,,,,0.015867291741795887,,,,,
,,0.007573025604038947,,,,0.006310854670032456,,,,0.0012621709340064912,0.007573025604038947,,0.005048683736025965,,,,0.0012621709340064912,0.0012621709340064912,0.0037865128020194735,,,,,,,,,,,0.03930760908763072,0.0025243418680129825,,0.0012621709340064912,,0.0012621709340064912,,,0.26857194374323834,0.15984493328525062,,,,0.0012621709340064912,0.0012621709340064912,0.0037865128020194735,0.0012621709340064912,0.005048683736025965,0.01009736747205193,,0.027857915614857554,,,0.0012621709340064912,0.017760548142805626,0.006310854670032456,,,,,0.3235665344392355,0.0037865128020194735,0.0025243418680129825,0.029120086548864048,,0.006310854670032456,0.005048683736025965,0.005048683736025965,,,,0.03804543815362423,0.0037865128020194735,,,,
0.0011720158672917419,,0.01866209880995312,,,,0.013613415073927155,,,,0.007392715470609448,0.004958528669311215,,0.0011720158672917419,,,,,0.0011720158672917419,,0.002434186801298233,,,,,,,,,,0.02857915614857555,0.0011720158672917419,,0.0011720158672917419,,0.0011720158672917419,,,0.26992426974395967,0.1716552470248828,,,0.0011720158672917419,,0.003696357735304724,0.003696357735304724,0.006220699603317706,0.006220699603317706,0.014875586007933646,,0.02857915614857555,,0.0011720158672917419,0.002434186801298233,0.012441399206635412,0.006220699603317706,0.0011720158672917419,,,0.0011720158672917419,0.3036422646952759,0.002434186801298233,0.006220699603317706,0.03353768481788676,,0.004958528669311215,0.00865488640461594,0.004958528669311215,,,,0.02109628561125135,0.0011720158672917419,,,,
,,0.004868373602596466,,,,0.003606202668589975,,,0.004868373602596466,0.002434186801298233,0.0011720158672917419,,0.014695275874504147,0.0011720158672917419,,,,0.002434186801298233,,0.0011720158672917419,,,,0.0011720158672917419,,,,,,0.02578434908041832,0.003606202668589975,,,0.002434186801298233,0.003606202668589975,,,0.22854309412188956,0.23764875586007933,,,,,0.003606202668589975,0.002434186801298233,0.0011720158672917419,0.004868373602596466,0.015957446808510637,,0.02704652001442481,,,0.002434186801298233,0.01721961774251713,0.00856473133790119,,,,,0.2893977641543455,0.004868373602596466,0.002434186801298233,0.02704652001442481,,0.0073025604038946985,0.004868373602596466,0.003606202668589975,,,,0.03200504868373603,0.003606202668589975,0.0011720158672917419,0.0011720158672917419,,
,,0.0060403894698882075,,,,0.01812116840966462,0.0023440317345834838,0.0047782185358817165,0.003606202668589975,0.003606202668589975,0.003606202668589975,,0.0047782185358817165,0.0011720158672917419,,,0.0011720158672917419,0.0011720158672917419,,0.0023440317345834838,,,,,0.003606202668589975,,,,,0.03389830508474576,0.003606202668589975,,,,0.0047782185358817165,0.0011720158672917419,,0.07149296790479609,0.22556797692030292,,,,,,0.0047782185358817165,0.0011720158672917419,0.009646592138478183,0.027857915614857554,0.0011720158672917419,0.02298954201226109,,,,0.03389830508474576,0.010908763072484673,,,0.0011720158672917419,,0.3650378651280202,0.003606202668589975,0.003606202668589975,0.03272628921745402,,0.003606202668589975,0.0011720158672917419,0.00721240533717995,,,,0.06545257843490804,0.003606202668589975,0.0023440317345834838,0.0011720158672917419,,
,,0.005048683736025965,,,,0.0037865128020194735,0.0025243418680129825,0.007573025604038947,0.0025243418680129825,0.0012621709340064912,0.0025243418680129825,,0.005048683736025965,0.0012621709340064912,,,,,,0.0025243418680129825,,,0.005048683736025965,,0.0037865128020194735,,,,,0.03182473855030653,0.0012621709340064912,,,,0.0037865128020194735,0.0012621709340064912,,0.2558600793364588,0.20131626397403535,0.0025243418680129825,,,,,0.0012621709340064912,,0.0025243418680129825,0.008835196538045438,0.0037865128020194735,0.005048683736025965,,,0.0037865128020194735,0.02289938694554634,0.0012621709340064912,0.0037865128020194735,,0.0012621709340064912,,0.2994049765596827,0.005048683736025965,0.008835196538045438,0.025423728813559324,,0.0037865128020194735,,0.0037865128020194735,,,,0.04453660295708619,0.0012621709340064912,0.01144969347277317,0.0012621709340064912,,
,,0.010548142805625675,,,,0.009285971871619185,0.003966822935448972,0.003966822935448972,0.002614496934727732,,0.002614496934727732,,0.003966822935448972,0.0012621709340064912,,,,0.003966822935448972,,0.0012621709340064912,,,0.006581319870176704,,0.0012621709340064912,,,,,0.02253876667868734,0.002614496934727732,,,,0.003966822935448972,,,0.3692751532636135,0.13415073927154705,,,0.0012621709340064912,,,0.003966822935448972,0.0012621709340064912,0.003966822935448972,0.010548142805625675,0.0012621709340064912,0.005228993869455464,,,0.0012621709340064912,0.010548142805625675,0.009285971871619185,0.003966822935448972,,,,0.2644248106743599,0.005228993869455464,0.009285971871619185,0.029210241615578794,,0.005228993869455464,0.0012621709340064912,0.003966822935448972,,,,0.03714388748647674,0.002614496934727732,0.003966822935448972,0.0012621709340064912,,
,,0.009015506671474938,,,,0.009015506671474938,0.0012621709340064912,,0.0012621709340064912,0.003876667868734223,0.003876667868734223,,0.0012621709340064912,0.0012621709340064912,,,,0.0025243418680129825,,,,,,0.0025243418680129825,0.0012621709340064912,,,,,0.04029931482149297,0.005138838802740714,,,,0.0012621709340064912,,,0.28380815001803106,0.17030292102416156,,,,,,0.005138838802740714,0.0012621709340064912,0.006491164803461955,0.01298232960692391,0.0025243418680129825,0.01685899747565813,,,,0.009015506671474938,0.010367832672196178,,,,,0.32113234763793724,0.01298232960692391,0.0012621709340064912,0.02722683014785431,,0.005138838802740714,0.0012621709340064912,0.0025243418680129825,,,,0.019473494410385865,0.0012621709340064912,0.003876667868734223,0.0012621709340064912,,
,,0.007663180670753696,,,,0.010277677605481428,0.0025243418680129825,0.0025243418680129825,0.0025243418680129825,0.0025243418680129825,0.010277677605481428,,,0.005138838802740714,,,,,,,,,,0.0012621709340064912,,,,,,0.030923187883159033,0.005138838802740714,,,,0.0012621709340064912,,,0.2985935809592499,0.17535160476018752,,,,,0.0025243418680129825,0.0037865128020194735,0.0012621709340064912,0.0012621709340064912,0.02316985214569059,,0.03344752975117202,,,,0.006401009736747205,0.009015506671474938,0.0012621709340064912,,,,0.2837179949513163,0.0037865128020194735,0.0025243418680129825,0.034799855751893254,,0.0037865128020194735,0.0025243418680129825,0.0012621709340064912,,,,0.018031013342949875,0.006401009736747205,0.0037865128020194735,0.0012621709340064912,,
,,0.010277677605481428,,,,0.014154345474215652,0.0025243418680129825,0.0012621709340064912,0.0025243418680129825,0.0012621709340064912,0.003876667868734223,,0.0012621709340064912,0.003876667868734223,0.0012621709340064912,,,0.0012621709340064912,,,,,,,0.0012621709340064912,,,,,0.042643346556076454,0.0012621709340064912,,,,0.0012621709340064912,0.0012621709340064912,,0.28281644428416897,0.19031734583483592,,,,,,0.003876667868734223,0.0012621709340064912,0.005138838802740714,0.020645510277677605,0.0012621709340064912,0.014154345474215652,,,0.0012621709340064912,0.02452217814641183,0.009015506671474938,,,,0.0012621709340064912,0.27839884601514603,0.007753335737468446,0.0012621709340064912,0.029751172015867293,,0.003876667868734223,0.0012621709340064912,0.005138838802740714,,,,0.020645510277677605,,0.003876667868734223,0.0012621709340064912,,
,0.0011720158672917419,0.00856473133790119,,,,0.013433104940497657,,0.0011720158672917419,,,0.003606202668589975,,0.006130544536602957,0.002434186801298233,,,,,0.0011720158672917419,,0.004868373602596466,,,,0.002434186801298233,,,,,0.02569419401370357,0.0011720158672917419,,,0.0011720158672917419,0.002434186801298233,,,0.2247565813198702,0.24044356292823657,,,0.0011720158672917419,,0.004868373602596466,0.004868373602596466,0.002434186801298233,0.002434186801298233,0.009736747205192933,,0.020825820411107105,,,0.004868373602596466,0.00856473133790119,0.010998918139199423,,,,0.002434186801298233,0.29444644789037144,0.003606202668589975,0.006130544536602957,0.030652722683014784,,0.002434186801298233,0.003606202668589975,0.0073025604038946985,,,,0.03434908041831951,0.002434186801298233,0.0011720158672917419,,,
,0.0012621709340064912,0.005138838802740714,,,,0.01298232960692391,,0.0012621709340064912,,0.0012621709340064912,0.006491164803461955,,0.0012621709340064912,0.0025243418680129825,,,,,,0.0012621709340064912,0.003876667868734223,,0.01685899747565813,0.0012621709340064912,0.0012621709340064912,,,,,0.031193653083303283,0.0025243418680129825,,0.0012621709340064912,0.0012621709340064912,0.0012621709340064912,,,0.04345474215650935,0.2950775333573747,,,0.0012621709340064912,,0.003876667868734223,0.009015506671474938,0.005138838802740714,0.0025243418680129825,0.022087991345113595,,0.02470248827984133,,,,0.007753335737468446,0.015596826541651641,0.0012621709340064912,0.0025243418680129825,,0.0012621709340064912,0.3744139920663541,0.006491164803461955,,0.02596465921384782,0.0012621709340064912,0.005138838802740714,0.003876667868734223,0.005138838802740714,,,,0.036332491886044,0.007753335737468446,0.003876667868734223,,,
,0.0012621709340064912,0.01135953840605842,,,,0.012621709340064912,,0.0012621709340064912,0.0012621709340064912,0.0012621709340064912,0.0012621709340064912,,0.013883880274071402,,0.0012621709340064912,,,,0.0012621709340064912,0.0025243418680129825,0.0025243418680129825,,0.006310854670032456,0.0012621709340064912,0.0025243418680129825,,,,,0.04056978002163721,0.007573025604038947,,,,0.0037865128020194735,0.0025243418680129825,,0.28281644428416886,0.18779300396682294,,0.0012621709340064912,,,0.008835196538045438,0.0012621709340064912,0.0012621709340064912,0.006310854670032456,0.0037865128020194735,,0.01135953840605842,,,0.0012621709340064912,0.03930760908763072,0.012621709340064912,0.007573025604038947,0.0025243418680129825,0.0012621709340064912,0.0012621709340064912,0.21060223584565452,0.012621709340064912,0.0037865128020194735,0.016498377208799136,,0.0025243418680129825,,0.0037865128020194735,,,,0.053281644428416874,0.005048683736025965,0.0037865128020194735,0.0012621709340064912,,
,0.0012621709340064912,0.015146051208077894,,,,0.006310854670032456,0.0012621709340064912,0.0025243418680129825,0.0012621709340064912,0.0025243418680129825,0.0025243418680129825,,0.008835196538045438,0.0012621709340064912,,,,,,0.0012621709340064912,,,0.0012621709340064912,0.0012621709340064912,0.005048683736025965,,,,,0.02280923187883159,0.006310854670032456,,,,0.005048683736025965,,,0.4819689866570501,0.10782545979084024,,,,,0.007573025604038947,0.0012621709340064912,0.0025243418680129825,0.006310854670032456,0.0025243418680129825,0.0012621709340064912,0.007573025604038947,,0.0012621709340064912,,0.016498377208799136,0.01135953840605842,0.0012621709340064912,0.0025243418680129825,0.0012621709340064912,0.0012621709340064912,0.17760548142805627,0.01135953840605842,0.008835196538045438,0.016498377208799136,,0.0037865128020194735,0.0012621709340064912,0.005048683736025965,,,,0.026595744680851064,0.0025243418680129825,0.005048683736025965,0.0012621709340064912,,
,,0.007663180670753696,,,,0.0037865128020194735,0.0012621709340064912,0.0037865128020194735,0.005048683736025965,0.005048683736025965,0.005048683736025965,,0.0025243418680129825,0.005048683736025965,,,,,,0.0012621709340064912,,,,0.0012621709340064912,0.005048683736025965,,,,,0.02560403894698882,0.0037865128020194735,0.0025243418680129825,,,,,,0.28344752975117204,0.1782365668950595,,0.0025243418680129825,,,0.0037865128020194735,0.006401009736747205,0.0037865128020194735,0.005048683736025965,0.017940858276235126,,0.0217273710782546,,0.0012621709340064912,,0.02434186801298233,0.014064190407500902,,,,0.0012621709340064912,0.27190768121168407,0.0025243418680129825,0.008925351604760188,0.019203029210241616,,0.005048683736025965,0.0037865128020194735,0.006401009736747205,,,,0.03461954561846376,0.0025243418680129825,0.0012621709340064912,0.0012621709340064912,,
,,0.007753335737468446,,,,0.006491164803461955,,0.003876667868734223,0.003876667868734223,0.003876667868734223,0.003876667868734223,,0.0025243418680129825,0.003876667868734223,,,0.0012621709340064912,,0.0012621709340064912,0.0025243418680129825,,,,0.0025243418680129825,0.007753335737468446,,,,,0.031103498016588533,0.0012621709340064912,,,0.0012621709340064912,,,,0.17318788315903355,0.21033177064551029,,0.0012621709340064912,0.0012621709340064912,,0.0025243418680129825,0.003876667868734223,0.0012621709340064912,0.020735665344392355,0.01298232960692391,,0.031103498016588533,,0.0012621709340064912,,0.009015506671474938,0.006491164803461955,0.0012621709340064912,,,0.0025243418680129825,0.3349260728452939,0.006491164803461955,0.003876667868734223,0.015506671474936892,,0.005138838802740714,0.0025243418680129825,0.006491164803461955,,,,0.050576992426974395,0.005138838802740714,0.003876667868734223,0.0012621709340064912,,
,,0.01135953840605842,,,,0.0037865128020194735,,,0.0037865128020194735,0.0025243418680129825,0.0025243418680129825,,0.0012621709340064912,0.0012621709340064912,,,,,0.0012621709340064912,0.0012621709340064912,,,,0.0012621709340064912,0.005048683736025965,,,,,0.03407861521817526,,,,,0.0025243418680129825,,,0.3922646952758746,0.17318788315903355,,0.0037865128020194735,0.0012621709340064912,,0.005048683736025965,0.005048683736025965,0.0025243418680129825,0.005048683736025965,0.01135953840605842,,0.01009736747205193,,0.0012621709340064912,,0.007573025604038947,0.005048683736025965,0.0037865128020194735,,,0.0025243418680129825,0.2300757302560404,0.0037865128020194735,0.0012621709340064912,0.018932564010097366,,0.0012621709340064912,0.0012621709340064912,0.005048683736025965,,,,0.02145690587811035,0.0025243418680129825,0.01135953840605842,0.0012621709340064912,,
,0.0012621709340064912,0.013883880274071402,,,,0.01009736747205193,,0.006310854670032456,0.0037865128020194735,0.0025243418680129825,0.005048683736025965,,0.006310854670032456,0.0012621709340064912,,,,0.0037865128020194735,,0.0025243418680129825,,,,,0.0037865128020194735,,,,,0.016408222142084386,,,,0.0012621709340064912,0.0025243418680129825,,,0.5986296429859359,0.09213847818247385,,0.0025243418680129825,,,0.0012621709340064912,0.006310854670032456,0.0012621709340064912,0.0025243418680129825,0.006310854670032456,,0.008835196538045438,,,0.0025243418680129825,0.008835196538045438,0.0025243418680129825,0.006310854670032456,0.0012621709340064912,,0.0025243418680129825,0.11864406779661017,0.005048683736025965,,0.02271907681211684,,0.0012621709340064912,,0.0037865128020194735,0.0012621709340064912,,,0.012621709340064912,0.0025243418680129825,0.006310854670032456,0.0012621709340064912,,
,,0.004958528669311215,,,,0.004958528669311215,0.0011720158672917419,0.003696357735304724,0.002434186801298233,0.0011720158672917419,0.002434186801298233,,0.01000721240533718,0.0011720158672917419,,,,0.003696357735304724,,0.0011720158672917419,,,0.006220699603317706,0.0011720158672917419,0.01000721240533718,,,,,0.036332491886044,0.002434186801298233,,,,0.003696357735304724,,0.0011720158672917419,0.19130905156869815,0.18202307969707898,,0.004958528669311215,,,0.003696357735304724,0.008745041471330688,0.004958528669311215,0.01126938333934367,0.025063108546700325,,0.023800937612693834,,,0.003696357735304724,0.043905517490082945,0.007482870537324197,0.015055896141363144,,,0.012531554273350162,0.25243418680129825,0.004958528669311215,0.007482870537324197,0.02001442481067436,,0.006220699603317706,,0.008745041471330688,,0.002434186801298233,,0.04011900468806347,0.01000721240533718,0.01000721240533718,0.0011720158672917419,,
,,0.004868373602596466,,,,0.004868373602596466,,,0.002434186801298233,0.0011720158672917419,0.003606202668589975,,0.009736747205192933,,0.0011720158672917419,,0.0011720158672917419,0.0011720158672917419,,0.0011720158672917419,,,,0.0011720158672917419,0.004868373602596466,,,,,0.02695636494771006,,,,0.0011720158672917419,0.0011720158672917419,,,0.42390912369275147,0.1349621348719798,,,,,0.0011720158672917419,0.004868373602596466,,0.010998918139199423,0.013433104940497657,,0.045347998557518934,0.0011720158672917419,0.002434186801298233,0.0011720158672917419,0.029390551749008294,0.0011720158672917419,0.006130544536602957,,,0.002434186801298233,0.1913992066354129,0.0073025604038946985,,0.015867291741795887,,0.003606202668589975,,0.003606202668589975,,,,0.01712946267580238,0.009736747205192933,0.004868373602596466,0.0011720158672917419,,
,,0.003606202668589975,,,,0.004868373602596466,,0.0011720158672917419,0.002434186801298233,0.003606202668589975,,,0.006130544536602957,,,,,0.0011720158672917419,,0.0011720158672917419,,,,,0.006130544536602957,,,,,0.031914893617021274,0.0011720158672917419,,,0.0011720158672917419,0.0011720158672917419,,,0.48332131265777123,0.11909484313018391,,,,,0.002434186801298233,0.006130544536602957,0.002434186801298233,0.003606202668589975,0.004868373602596466,,0.00982690227190768,,0.0011720158672917419,,0.028218535881716553,0.006130544536602957,0.003606202668589975,,,0.003606202668589975,0.2026685899747566,0.004868373602596466,0.003606202668589975,0.01712946267580238,,0.003606202668589975,0.003606202668589975,0.0073025604038946985,,,,0.006130544536602957,0.004868373602596466,0.004868373602596466,0.0011720158672917419,,
,,0.00991705733862243,,,,0.01983411467724486,0.0011720158672917419,0.002434186801298233,0.006130544536602957,0.0011720158672917419,0.002434186801298233,,0.00865488640461594,0.003696357735304724,,,,0.0011720158672917419,,0.0011720158672917419,,,,,0.004958528669311215,,,,,0.02722683014785431,,,,,0.002434186801298233,,,0.2541471330688784,0.17850703209520374,,,,,0.0011720158672917419,0.002434186801298233,0.0011720158672917419,0.002434186801298233,0.00865488640461594,0.0011720158672917419,0.003696357735304724,,,0.0011720158672917419,0.011089073205914173,0.007392715470609448,0.003696357735304724,,,0.003696357735304724,0.32843490804183195,0.003696357735304724,0.0011720158672917419,0.029751172015867293,,0.007392715470609448,0.0011720158672917419,0.007392715470609448,,,,0.03588171655247025,0.003696357735304724,0.006130544536602957,0.002434186801298233,,
,,0.00856473133790119,,,,0.015957446808510637,0.0011720158672917419,,0.002434186801298233,0.0011720158672917419,0.0011720158672917419,,0.006130544536602957,0.0011720158672917419,,,0.002434186801298233,,,0.002434186801298233,,,,0.0011720158672917419,0.013523260007212405,,,,,0.04183195095564371,0.003606202668589975,,,,0.002434186801298233,0.0011720158672917419,,0.2076271186440677,0.2450414713306888,,,,,0.003606202668589975,0.002434186801298233,0.0011720158672917419,0.0011720158672917419,0.006130544536602957,0.0011720158672917419,0.00982690227190768,,,0.002434186801298233,0.02704652001442481,0.00982690227190768,0.003606202668589975,0.0011720158672917419,,0.002434186801298233,0.28452939055174903,0.0073025604038946985,0.004868373602596466,0.020915975477821855,,0.004868373602596466,0.0011720158672917419,0.00856473133790119,,,,0.029480706815723044,0.002434186801298233,0.003606202668589975,0.0011720158672917419,,
,,0.004868373602596466,,,,0.010998918139199423,0.0011720158672917419,0.0060403894698882075,0.0011720158672917419,0.0011720158672917419,0.002434186801298233,,0.0060403894698882075,0.0011720158672917419,,,,0.0011720158672917419,,,,,,,0.009736747205192933,,,,,0.04282365668950595,0.0011720158672917419,,,,0.002434186801298233,0.004868373602596466,,0.25306527226830144,0.19239091236927516,,,,,0.002434186801298233,0.0060403894698882075,0.002434186801298233,0.002434186801298233,0.0060403894698882075,0.0011720158672917419,0.013433104940497657,,0.0011720158672917419,,0.014695275874504147,0.004868373602596466,0.0011720158672917419,,,0.004868373602596466,0.31364947710061303,0.014695275874504147,0.0060403894698882075,0.021997836278398845,,0.003606202668589975,0.003606202668589975,0.003606202668589975,,,,0.02695636494771006,,0.0011720158672917419,0.0011720158672917419,,
,,0.004868373602596466,,0.0011720158672917419,,0.00982690227190768,,0.002434186801298233,0.004868373602596466,0.003606202668589975,0.0011720158672917419,,0.00856473133790119,0.0011720158672917419,,,,0.0011720158672917419,0.00856473133790119,0.0011720158672917419,,,,,0.010998918139199423,,,,,0.038135593220338986,0.002434186801298233,,,0.002434186801298233,,0.003606202668589975,,0.20546339704291383,0.2019473494410386,,0.002434186801298233,0.0011720158672917419,,0.0073025604038946985,0.0011720158672917419,0.002434186801298233,0.002434186801298233,0.00856473133790119,0.0011720158672917419,0.010998918139199423,,0.0011720158672917419,0.0011720158672917419,0.00982690227190768,0.003606202668589975,0.004868373602596466,,0.0011720158672917419,0.004868373602596466,0.30174900829426615,0.006130544536602957,0.006130544536602957,0.051658853227551385,,,0.002434186801298233,0.004868373602596466,,,,0.04056978002163721,0.002434186801298233,0.003606202668589975,0.002434186801298233,,
,,0.004958528669311215,,,,0.013613415073927155,,0.006220699603317706,0.0011720158672917419,0.002434186801298233,0.002434186801298233,,0.006220699603317706,0.002434186801298233,,,,0.007392715470609448,,0.002434186801298233,,,,,0.01983411467724486,,,,,0.03606202668589975,0.002434186801298233,,0.002434186801298233,0.0011720158672917419,,0.003696357735304724,,0.10566173818968627,0.23142805625676163,,0.002434186801298233,0.0011720158672917419,,0.002434186801298233,,0.004958528669311215,0.004958528669311215,0.007392715470609448,0.002434186801298233,0.023620627479264335,,0.0011720158672917419,0.003696357735304724,0.012441399206635412,0.00991705733862243,,,,0.003696357735304724,0.3471871619184998,0.004958528669311215,0.011179228272628922,0.017399927875946627,,,0.002434186801298233,0.00865488640461594,,,,0.062206996033177066,,0.013613415073927155,,,
,,0.003696357735304724,,,,0.004958528669311215,,0.007392715470609448,0.0011720158672917419,0.002434186801298233,,,0.003696357735304724,,,,,0.002434186801298233,,0.0011720158672917419,,,,0.002434186801298233,0.016137756941940137,,,,,0.052199783627839884,0.0011720158672917419,,,,,,,0.24377930039668227,0.2090695997115038,,,,,0.002434186801298233,,0.003696357735304724,0.007392715470609448,0.013613415073927155,0.003696357735304724,0.039758384421204475,,,0.003696357735304724,0.02109628561125135,0.007392715470609448,,,,0.003696357735304724,0.25757302560403894,,0.004958528669311215,0.00865488640461594,,0.0011720158672917419,0.0011720158672917419,0.006220699603317706,,,,0.05842048323115759,0.002434186801298233,0.0011720158672917419,,,
,,0.006401009736747205,,,,0.010187522538766678,,0.0025243418680129825,,0.006401009736747205,0.0012621709340064912,,0.006401009736747205,,,,,0.0012621709340064912,,0.0025243418680129825,,,,0.005048683736025965,0.01280201947349441,,,,,0.029480706815723044,0.005048683736025965,,,,,0.0012621709340064912,,0.42345834835917784,0.15533717994951315,,,0.0012621709340064912,,0.0025243418680129825,,0.0012621709340064912,0.0012621709340064912,0.007663180670753696,0.0012621709340064912,0.014064190407500902,,,0.0025243418680129825,0.01280201947349441,0.005048683736025965,0.0012621709340064912,,,0.0012621709340064912,0.21447890371438874,0.0012621709340064912,0.0025243418680129825,0.01280201947349441,,,0.0037865128020194735,0.0037865128020194735,,,,0.03849621348719798,,0.0012621709340064912,,,
,,0.0037865128020194735,,,,0.0012621709340064912,,0.0037865128020194735,0.0012621709340064912,0.0012621709340064912,0.0025243418680129825,,0.0012621709340064912,0.0037865128020194735,,,,0.0012621709340064912,0.0012621709340064912,0.0037865128020194735,,,,0.0025243418680129825,0.008835196538045438,,,,,0.03552109628561125,0.0025243418680129825,,,,,0.0037865128020194735,,0.24179588892895776,0.20681572304363505,,,0.0012621709340064912,,0.005048683736025965,0.0012621709340064912,0.0037865128020194735,0.0012621709340064912,0.015146051208077894,0.0012621709340064912,0.016498377208799136,,,0.0012621709340064912,0.006310854670032456,0.005048683736025965,,,,,0.3287053732419762,0.007573025604038947,0.0037865128020194735,0.0215470609448251,,,0.0037865128020194735,0.007573025604038947,0.0012621709340064912,,,0.03299675441759827,0.0012621709340064912,0.005048683736025965,,0.0012621709340064912,
0.0012621709340064912,,0.005048683736025965,,,0.0012621709340064912,0.0012621709340064912,,0.0037865128020194735,0.0025243418680129825,0.0025243418680129825,0.005048683736025965,,0.0037865128020194735,0.0025243418680129825,,,0.0012621709340064912,0.006310854670032456,,0.006310854670032456,,,,0.0025243418680129825,0.012711864406779662,,,,,0.049675441759826904,,,,0.0025243418680129825,0.0012621709340064912,0.0025243418680129825,,0.08555715831229727,0.19130905156869815,,,0.0012621709340064912,,0.0037865128020194735,0.0037865128020194735,0.0037865128020194735,0.012711864406779662,0.01144969347277317,,0.013974035340786152,,0.0025243418680129825,0.005048683736025965,0.005048683736025965,0.015236206274792644,,,,0.007573025604038947,0.4006491164803462,0.0025243418680129825,,0.030562567616300038,,,0.0012621709340064912,0.007573025604038947,,,,0.0714028128380815,0.0037865128020194735,0.0037865128020194735,,0.0012621709340064912,
,,0.0012621709340064912,,,0.002614496934727732,,,0.003876667868734223,0.0012621709340064912,0.006491164803461955,0.0012621709340064912,,0.003876667868734223,0.0012621709340064912,,,,,,0.0012621709340064912,,,0.0012621709340064912,,0.005228993869455464,,,,,0.02740714028128381,0.002614496934727732,,,,,0.002614496934727732,,0.22728092318788307,0.23918139199423008,,,0.0012621709340064912,,0.0012621709340064912,0.002614496934727732,0.0012621709340064912,0.009105661738189686,0.01956364947710061,,0.010457987738910927,,0.0012621709340064912,0.0012621709340064912,0.007843490804183196,0.003876667868734223,,,,0.0012621709340064912,0.33591777857915617,0.007843490804183196,0.002614496934727732,0.023530472412549585,,0.002614496934727732,0.0012621709340064912,0.006491164803461955,,,,0.024792643346556075,,0.003876667868734223,,,0.0012621709340064912
,,0.002614496934727732,,,,0.002614496934727732,,0.0012621709340064912,,,0.002614496934727732,,0.002614496934727732,0.002614496934727732,,,,0.0012621709340064912,0.003876667868734223,0.003876667868734223,,,0.0012621709340064912,,0.006491164803461955,,,,,0.03534078615218175,0.002614496934727732,,,,,0.002614496934727732,,0.1283808150018032,0.26208077893977644,,,0.0012621709340064912,,0.006491164803461955,0.0012621709340064912,,0.003876667868734223,0.01830147854309412,,0.010457987738910927,,0.0012621709340064912,0.002614496934727732,0.01307248467363866,0.005228993869455464,,,,0.0012621709340064912,0.3814460872701046,0.006491164803461955,0.006491164803461955,0.02875946628200505,,0.002614496934727732,0.0012621709340064912,0.006491164803461955,0.003876667868734223,,,0.03407861521817526,0.0012621709340064912,,,,
,,0.006310854670032456,,,,0.006310854670032456,,0.0025243418680129825,0.0012621709340064912,0.0012621709340064912,0.0025243418680129825,,0.0012621709340064912,0.0012621709340064912,0.0012621709340064912,,,0.0012621709340064912,0.0012621709340064912,0.0037865128020194735,,,,,0.0037865128020194735,,,,,0.03552109628561125,0.0012621709340064912,,,0.0012621709340064912,,0.0025243418680129825,,0.1833754056978002,0.19545618463757664,,,0.0012621709340064912,,0.0012621709340064912,0.0012621709340064912,,0.006310854670032456,0.006310854670032456,0.0037865128020194735,0.019022719076812116,,0.0012621709340064912,0.0025243418680129825,0.006310854670032456,0.02280923187883159,0.0012621709340064912,,,,0.3730616660656329,0.006310854670032456,0.0025243418680129825,0.019022719076812116,,0.0012621709340064912,0.0012621709340064912,0.007573025604038947,0.0037865128020194735,,,0.053281644428416874,0.0025243418680129825,0.0012621709340064912,,,0.0012621709340064912
,,0.0037865128020194735,,,,0.0025243418680129825,,0.0012621709340064912,0.006310854670032456,,0.0037865128020194735,,0.0012621709340064912,,,,,,0.0012621709340064912,0.0012621709340064912,,,,,0.006310854670032456,,,,,0.030382257482870538,,,,,,,,0.17309772809231883,0.19004688063469166,,,,,0.0025243418680129825,0.0025243418680129825,,0.013883880274071402,0.006310854670032456,0.0025243418680129825,0.026595744680851064,,0.0025243418680129825,0.0012621709340064912,0.016408222142084386,0.01009736747205193,0.0012621709340064912,,,0.0025243418680129825,0.39163360980887124,0.0025243418680129825,0.0012621709340064912,0.02019473494410386,,0.0037865128020194735,0.0012621709340064912,0.0037865128020194735,,,,0.05571583122971511,0.0025243418680129825,0.007573025604038947,,,
,,0.002434186801298233,,,,0.0011720158672917419,,0.0011720158672917419,0.0011720158672917419,0.002434186801298233,0.002434186801298233,,0.002434186801298233,,,,0.0011720158672917419,,,0.0011720158672917419,,,,,0.0011720158672917419,,,,,0.012531554273350162,0.002434186801298233,,,,,,,0.562567616300036,0.13613415073927154,,,,,0.003696357735304724,0.0011720158672917419,,0.0011720158672917419,0.002434186801298233,0.002434186801298233,0.006220699603317706,,0.0011720158672917419,,0.004958528669311215,0.002434186801298233,0.002434186801298233,,,0.006220699603317706,0.15254237288135594,,0.003696357735304724,0.015055896141363144,,0.003696357735304724,,0.0011720158672917419,,,,0.051658853227551385,0.0011720158672917419,0.006220699603317706,,,
,,0.008745041471330688,,,,0.0011720158672917419,,0.003696357735304724,0.0011720158672917419,0.0011720158672917419,0.004958528669311215,,0.0011720158672917419,0.002434186801298233,,,,0.0011720158672917419,,0.0011720158672917419,,,,,0.004958528669311215,,,,,0.02993148214929679,,,,,,0.0011720158672917419,,0.30833032816444284,0.19239091236927516,,,0.0011720158672917419,,0.004958528669311215,0.006220699603317706,,0.003696357735304724,0.007482870537324197,0.0011720158672917419,0.007482870537324197,,,,0.0011720158672917419,0.003696357735304724,,,,0.012441399206635412,0.28732419761990624,0.003696357735304724,0.007482870537324197,0.01992426974395961,,0.0011720158672917419,0.002434186801298233,0.004958528669311215,,,,0.056166606563288854,,0.003696357735304724,,,
,,0.011089073205914173,,0.0011720158672917419,,,,0.004868373602596466,,0.0011720158672917419,0.002434186801298233,,0.002434186801298233,0.002434186801298233,0.002434186801298233,,,,,,,,,,0.00856473133790119,,,,,0.04561846375766318,0.0011720158672917419,,,0.004868373602596466,,0.0011720158672917419,,0.23593580959249916,0.20248827984132708,,,,,0.004868373602596466,0.003696357735304724,0.0011720158672917419,0.002434186801298233,0.00856473133790119,,0.013523260007212405,,,,0.004868373602596466,0.002434186801298233,0.002434186801298233,,,,0.3370897944464479,0.004868373602596466,,0.01974395961053011,,,0.0011720158672917419,0.00982690227190768,,,,0.051839163360980885,0.002434186801298233,0.0011720158672917419,,,
,,0.0025243418680129825,,,0.005048683736025965,0.006310854670032456,,0.01144969347277317,0.006310854670032456,0.006310854670032456,0.0012621709340064912,,0.0025243418680129825,0.0012621709340064912,0.0025243418680129825,,,0.0012621709340064912,,,,,,,0.008925351604760188,,,,,0.026776054814280564,0.0025243418680129825,,,,,,,0.2182654165164083,0.2222322394518572,,,,,0.0037865128020194735,0.0025243418680129825,0.0025243418680129825,0.006310854670032456,0.017850703209520376,0.0012621709340064912,0.010187522538766678,,,,0.007663180670753696,0.0037865128020194735,0.0037865128020194735,,,,0.3180670753696358,0.0037865128020194735,0.006310854670032456,0.026776054814280564,,,0.0025243418680129825,0.007663180670753696,,,,0.03570140641904075,,0.0012621709340064912,,0.012711864406779662,
,,0.0046880634691669676,,,,0.0035160476018752254,,0.005950234403173459,0.0046880634691669676,0.0011720158672917419,0.0071222502704652,,0.0011720158672917419,0.0011720158672917419,,,,0.0011720158672917419,,0.0011720158672917419,,,,,0.009466282005048683,,,,,0.03443923548503426,0.0011720158672917419,,,,,0.02019473494410386,,0.20357014064190415,0.2189866570501262,,,0.0011720158672917419,,0.0023440317345834838,0.0011720158672917419,,0.0035160476018752254,0.011900468806346917,,0.0142445005409304,,,,0.0142445005409304,,,,,0.009466282005048683,0.3404255319148936,0.0035160476018752254,0.0023440317345834838,0.0213667508113956,,,0.0011720158672917419,0.0071222502704652,,,,0.030923187883159033,,0.0035160476018752254,,0.011900468806346917,
,,0.00856473133790119,,,,0.00982690227190768,,0.004868373602596466,0.003606202668589975,0.002434186801298233,0.006130544536602957,,,0.0011720158672917419,,,0.0011720158672917419,0.003606202668589975,,0.0011720158672917419,,,,,0.013523260007212405,,,,,0.03804543815362423,,,,,,,,0.05084745762711862,0.2570320952037505,,0.006130544536602957,0.0011720158672917419,,0.006130544536602957,0.0011720158672917419,,0.006130544536602957,0.00982690227190768,,0.01721961774251713,,,0.002434186801298233,0.041741795888928956,0.0073025604038946985,0.0011720158672917419,,,0.014695275874504147,0.36774251712946265,0.0011720158672917419,0.003606202668589975,0.02452217814641183,,0.004868373602596466,0.004868373602596466,0.003606202668589975,,,,0.07005048683736026,,0.002434186801298233,,,
,,0.003696357735304724,,,,0.002434186801298233,,0.01730977280923188,,0.004958528669311215,,,0.0011720158672917419,,0.0011720158672917419,,,0.0011720158672917419,0.002434186801298233,0.0011720158672917419,,,,0.00865488640461594,0.013613415073927155,,,,,0.029751172015867293,0.003696357735304724,,,,,,,0.20708618824377933,0.22466642625315542,,,,0.002434186801298233,0.0011720158672917419,0.0011720158672917419,,0.006130544536602957,0.011089073205914173,,0.035971871619185,,0.0011720158672917419,0.003696357735304724,0.05706815723043635,0.003696357735304724,,,,0.002434186801298233,0.27307969707897584,0.002434186801298233,0.004958528669311215,0.01983411467724486,,,0.0011720158672917419,0.004958528669311215,,,,0.04093040028849621,0.0011720158672917419,0.002434186801298233,,,
,,0.002434186801298233,,,,0.006130544536602957,,0.002434186801298233,,0.004958528669311215,,,0.003696357735304724,,,,,,,,,,,,0.006130544536602957,,,,,0.014875586007933646,,,,,,0.0011720158672917419,,0.44942300757302556,0.15037865128020195,,,,,0.002434186801298233,0.003696357735304724,,0.002434186801298233,0.00865488640461594,0.0011720158672917419,0.03723404255319149,,,0.002434186801298233,0.052199783627839884,0.0011720158672917419,,,,0.002434186801298233,0.1913992066354129,0.002434186801298233,0.003696357735304724,0.02109628561125135,,0.004958528669311215,0.002434186801298233,0.004958528669311215,0.0011720158672917419,,,0.011179228272628922,,0.0011720158672917419,,,
,,0.003696357735304724,,,,0.007482870537324197,,0.003696357735304724,0.002434186801298233,0.00865488640461594,0.00865488640461594,,0.0011720158672917419,0.002434186801298233,,,,0.0011720158672917419,,,,,,,0.00865488640461594,,,,,0.03741435268662099,0.002434186801298233,,,,,0.0011720158672917419,,0.2978723404255319,0.21835557158312296,,,,,0.006220699603317706,0.0011720158672917419,0.0011720158672917419,0.007482870537324197,0.011179228272628922,,0.014965741074648395,,,0.0011720158672917419,0.006220699603317706,0.002434186801298233,,,,,0.2882257482870537,0.0011720158672917419,,0.013703570140641904,,,0.002434186801298233,0.007482870537324197,,0.0011720158672917419,,0.024882798413270825,0.0011720158672917419,0.002434186801298233,,,
0.0012621709340064912,,0.0037865128020194735,,,,0.0012621709340064912,,0.0012621709340064912,,0.007663180670753696,0.0037865128020194735,,0.007663180670753696,0.0025243418680129825,,,,0.0012621709340064912,,0.0012621709340064912,,,,,0.007663180670753696,0.0012621709340064912,,,,0.030652722683014784,0.0025243418680129825,,,,,0.0012621709340064912,,0.19635773530472422,0.25324558240173095,,,,,0.0025243418680129825,0.0012621709340064912,0.0025243418680129825,0.006310854670032456,0.020465200144248106,,0.02425171294626758,,,0.0012621709340064912,0.014064190407500902,0.006310854670032456,,,,,0.3274432023079697,0.0012621709340064912,0.0012621709340064912,0.014064190407500902,,,0.0012621709340064912,0.014064190407500902,,,,0.03317706455102777,0.0012621709340064912,0.0025243418680129825,,,
,0.0025243418680129825,0.007753335737468446,,,,0.0025243418680129825,,,,0.005138838802740714,0.005138838802740714,,,0.0025243418680129825,,,,0.0012621709340064912,,,,,,0.0012621709340064912,0.015506671474936892,0.0012621709340064912,,,,0.03885683375405698,0.0012621709340064912,,,,0.006401009736747205,,,0.19491525423728817,0.22556797692030292,,0.0012621709340064912,,,0.003876667868734223,0.0012621709340064912,0.003876667868734223,0.007753335737468446,0.015506671474936892,,0.021997836278398845,,,0.0025243418680129825,0.011630003606202668,0.003876667868734223,,,,,0.3305986296429859,0.0025243418680129825,0.006401009736747205,0.01676884240894338,,,0.003876667868734223,0.011630003606202668,,,,0.03759466282005049,0.003876667868734223,0.0012621709340064912,,,
,,0.0025243418680129825,,,,0.005138838802740714,,0.006491164803461955,0.0012621709340064912,0.0012621709340064912,0.0025243418680129825,,0.006491164803461955,0.0012621709340064912,,,,0.005138838802740714,,0.0012621709340064912,,,0.007753335737468446,0.0012621709340064912,0.007753335737468446,,,,,0.03128380815001803,0.0012621709340064912,,,,0.005138838802740714,,,0.3333934367111432,0.2371979805265056,0.0012621709340064912,,,,0.003876667868734223,0.0025243418680129825,0.0012621709340064912,0.0025243418680129825,0.010367832672196178,,0.007753335737468446,,,0.0012621709340064912,0.01298232960692391,0.007753335737468446,0.0025243418680129825,,,0.0012621709340064912,0.21501983411467723,0.0012621709340064912,0.006491164803461955,0.01685899747565813,,0.003876667868734223,0.0025243418680129825,0.010367832672196178,,,,0.02470248827984133,0.003876667868734223,0.0012621709340064912,,,
,,0.0025243418680129825,,,,0.0012621709340064912,,0.0037865128020194735,0.0012621709340064912,0.0025243418680129825,0.0025243418680129825,,0.005138838802740714,,,,,0.005138838802740714,,0.0012621709340064912,,,0.0025243418680129825,0.0025243418680129825,0.0037865128020194735,,,,,0.010277677605481428,0.0025243418680129825,,,0.0012621709340064912,,,,0.6566895059502345,0.10800576992426975,,0.0012621709340064912,,,0.0025243418680129825,0.0025243418680129825,0.0012621709340064912,0.005138838802740714,0.010277677605481428,,0.007663180670753696,,0.0012621709340064912,0.0012621709340064912,0.007663180670753696,0.007663180670753696,0.0037865128020194735,,,0.0012621709340064912,0.08483591777857916,0.0012621709340064912,0.006401009736747205,0.010277677605481428,,0.0037865128020194735,,0.006401009736747205,,,,0.016678687342228632,0.0037865128020194735,,,,
,,0.003876667868734223,,,,0.007753335737468446,,0.0012621709340064912,0.0012621709340064912,0.003876667868734223,0.003876667868734223,,0.0012621709340064912,0.0012621709340064912,,,,0.0012621709340064912,,0.0025243418680129825,,,,0.0025243418680129825,0.018031013342949875,,,,,0.02452217814641183,0.003876667868734223,,,0.0012621709340064912,,,,0.38568337540569786,0.16940137035701405,,,,,0.0025243418680129825,0.0012621709340064912,,0.003876667868734223,0.011630003606202668,,0.03741435268662099,,0.0025243418680129825,,0.005138838802740714,0.007753335737468446,0.0025243418680129825,,,0.006401009736747205,0.19392354850342589,0.0025243418680129825,0.006401009736747205,0.020645510277677605,,0.0025243418680129825,,0.006401009736747205,,,,0.04525784349080418,0.007753335737468446,,,,
0.0011720158672917419,,0.003606202668589975,,,,0.002434186801298233,,0.0073025604038946985,,0.002434186801298233,,,,0.006130544536602957,,,,0.003606202668589975,,0.002434186801298233,0.002434186801298233,,,0.002434186801298233,0.014695275874504147,,,,,0.022087991345113595,0.0011720158672917419,,,,,0.0011720158672917419,,0.5040569780021636,0.14983772087991346,,,,0.002434186801298233,0.0011720158672917419,0.0011720158672917419,0.003606202668589975,0.0011720158672917419,0.0011720158672917419,,0.006130544536602957,0.0011720158672917419,0.0011720158672917419,0.0011720158672917419,0.004868373602596466,0.0073025604038946985,0.002434186801298233,,,,0.13757663180670754,0.002434186801298233,0.003606202668589975,0.015957446808510637,,0.0011720158672917419,,0.00982690227190768,,,,0.06509195816804904,0.0011720158672917419,0.0011720158672917419,,,
,,0.004868373602596466,,,,0.006130544536602957,,0.0073025604038946985,,0.002434186801298233,0.006130544536602957,,0.0011720158672917419,,0.0011720158672917419,0.0011720158672917419,,0.004868373602596466,,0.0011720158672917419,,,,0.003606202668589975,0.010998918139199423,,,,,0.03317706455102777,0.0011720158672917419,,,0.003606202668589975,,,,0.3099531193653082,0.16624594302199783,0.0011720158672917419,,0.0011720158672917419,,0.003606202668589975,0.0011720158672917419,,0.002434186801298233,0.006130544536602957,0.002434186801298233,0.00856473133790119,,0.003606202668589975,0.0011720158672917419,0.01721961774251713,0.004868373602596466,,,,0.004868373602596466,0.2672196177425171,0.020915975477821855,0.003606202668589975,0.014695275874504147,,0.006130544536602957,,0.004868373602596466,,,,0.056617381896862606,0.0011720158672917419,0.0011720158672917419,,,
,,0.0060403894698882075,,,,0.0073025604038946985,,0.0073025604038946985,,0.004868373602596466,0.002434186801298233,,0.003606202668589975,0.0011720158672917419,,0.0011720158672917419,0.002434186801298233,0.002434186801298233,,0.0011720158672917419,,,,0.002434186801298233,0.002434186801298233,,,,,0.039037143887486477,0.003606202668589975,,,,,0.0011720158672917419,,0.30833032816444284,0.178416877028489,,,0.0011720158672917419,,0.0011720158672917419,,,0.010998918139199423,0.012170934006491165,,0.009736747205192933,,0.0011720158672917419,,0.013433104940497657,0.013433104940497657,0.0011720158672917419,,,,0.2505409304002885,0.020735665344392355,0.003606202668589975,0.021997836278398845,,0.002434186801298233,0.0011720158672917419,0.0060403894698882075,,,,0.04760187522538767,0.003606202668589975,0.002434186801298233,,,
,,0.003696357735304724,,,,0.007482870537324197,,0.00865488640461594,,0.0011720158672917419,0.006220699603317706,,0.002434186801298233,,,,,0.007482870537324197,,0.002434186801298233,,,,,0.016137756941940137,,,,,0.031193653083303283,0.0011720158672917419,,,,,0.003696357735304724,,0.32005048683736026,0.20456184637576633,,,,,0.0011720158672917419,,,0.0211864406779661,0.004958528669311215,,0.017399927875946627,,0.0011720158672917419,,0.002434186801298233,0.003696357735304724,,,,,0.255769924269744,0.006220699603317706,0.002434186801298233,0.032365668950595027,,0.002434186801298233,,0.003696357735304724,,,,0.0286693112152903,,,,,
,,0.003606202668589975,,0.0011720158672917419,,0.002434186801298233,,0.014605120807789397,0.002434186801298233,0.002434186801298233,0.0073025604038946985,,0.003606202668589975,,,,,0.002434186801298233,,0.0011720158672917419,,,,0.0011720158672917419,0.01712946267580238,,,,,0.03299675441759827,0.004868373602596466,,,,,0.003606202668589975,,0.33357374684457264,0.19581680490443562,0.0011720158672917419,,,,0.003606202668589975,0.0011720158672917419,0.0011720158672917419,0.009736747205192933,0.012170934006491165,,0.004868373602596466,,0.0011720158672917419,0.0011720158672917419,0.002434186801298233,0.010998918139199423,0.0011720158672917419,0.0011720158672917419,,0.0060403894698882075,0.24224666426253155,0.0060403894698882075,0.003606202668589975,0.015867291741795887,,0.0060403894698882075,,0.0073025604038946985,,,,0.02569419401370357,0.003606202668589975,0.0011720158672917419,,,
