Carson City,Churchill County,Clark County,Douglas County,Elko County,Esmeralda County,Eureka County,Humboldt County,Lander County,Lincoln County,Lyon County,Mineral County,Nye County,Pershing County,Storey County,Washoe County,White Pine County
0.11466978171420601,0.03629960248273938,0.005736104330845945,0.03473045540135295,0.004166957249459516,,0.00024408954599344445,0.003382383708766302,0.002859334681637492,0.0005056140595578493,0.6054989887718809,0.0010286630866866587,0.0015517121138154683,0.001813236627379873,0.024809958853476533,0.16245902782620825,0.00024408954599344445
0.1993339842387893,0.032498779552270034,0.0064335030336843575,0.048085640560708555,0.005631494525420183,,,0.0024060255247925237,0.002144501011228119,0.0005230490271288095,0.42548294860171565,0.002144501011228119,0.0024060255247925237,0.0024060255247925237,0.033841272055233976,0.23640072529465095,0.0002615245135644048
0.25294650951949227,0.04278541041913662,0.006485807936397238,0.05469349327010252,0.003242903968198619,,0.0002615245135644048,0.003783387962898389,0.0005404839946997698,0.0005404839946997698,0.29841690494455686,0.002963944487063254,0.0018829764976637142,0.0013424925029639444,0.03926354696980264,0.29030964502406026,0.0005404839946997698
0.15159704302949997,0.03314387335239556,0.005335100076713857,0.03983890089964433,0.003731083060185508,,0.0002615245135644048,0.005073575563149453,,0.0005230490271288095,0.45946370039751727,0.0029290745519213335,0.001865541530092754,0.001865541530092754,0.02967431480577446,0.2644361531487551,0.0002615245135644048
0.12007462166120371,0.01684217867354767,0.006137108584978032,0.03368435734709534,0.0016040170165283493,0.0002615245135644048,0.0002615245135644048,0.004812051049585047,0.0008020085082641747,0.0005230490271288095,0.6069460910802706,0.0024060255247925237,0.0013250575353929842,0.0026675500383569286,0.028349257270381477,0.17304205314178114,0.0002615245135644048
0.19734639793569983,0.028837436362368365,0.006799637352674524,0.03837436362368366,0.0021619359787990794,,,0.0027198549410698096,0.0013599274705349048,,0.4434409651998048,0.003521863449333984,0.0019004114652346746,0.0021619359787990794,0.04001325057535393,0.231100495153079,0.0002615245135644048
0.20015342771462444,0.03270799916312156,0.0076888206987935,0.035183764558197925,0.0024583304275054047,,0.0002615245135644048,0.00273728990864077,0.001917846432805635,,0.43017295487830387,0.0024583304275054047,0.002196805913941,0.0010984029569705,0.038757932910244784,0.24194504498221633,0.0002615245135644048
0.22308041007043727,0.028785131459655486,0.006363763163400516,0.04372689866796848,0.0038705628007531905,,0.0005404839946997698,0.0019352814003765952,0.0013773624381058652,,0.4099658274635609,0.004428481763023921,0.0019352814003765952,0.0019352814003765952,0.045662180068345076,0.22613152939535533,0.0002615245135644048
0.22395215844898528,0.03385870702280494,0.007636515796080619,0.04369202873282656,0.005178185368575215,0.0002615245135644048,0.0002615245135644048,0.0027198549410698096,0.0013599274705349048,,0.4205837227142758,0.0029988144222051747,0.0024408954599344445,0.0016214519840993095,0.03877536787781575,0.21411883673896367,0.0005404839946997698
0.232425552688472,0.04390124834367808,0.004742311179301207,0.050055791896227074,0.0022316758490829205,,0.00027895948113536507,0.003347513773624381,0.0005579189622707301,,0.31147569565520616,0.003068554292489016,0.0019527163679475556,0.0011158379245414603,0.04306436990027199,0.3012239347234814,0.0005579189622707301
0.16641676546481624,0.02036404212288165,0.007915475277215984,0.04527861078178395,0.003382383708766302,,,0.005091010530720413,0.0008368784434060953,0.00027895948113536507,0.47426598786526264,0.0008368784434060953,0.0011158379245414603,0.0045156566008787225,0.026030406583443754,0.24339214729060604,0.00027895948113536507
0.13478973429109423,0.017225747960108794,0.005648929492991143,0.03671804170444243,0.001970151335518516,0.00027895948113536507,,0.005073575563149453,0.0025280702977892463,,0.5943231745588953,0.001970151335518516,0.001970151335518516,0.002249110816653881,0.028820001394797404,0.16615524095125184,0.00027895948113536507
0.2018446195690076,0.03431201617964991,0.004637701373875445,0.03896715252109631,0.0023188506869377223,,0.00027895948113536507,0.0028942046167794127,0.0005753539298416905,,0.4291965966943302,0.004637701373875445,0.0014471023083897064,0.0026152451356440476,0.03722365576400028,0.23877188088430157,0.00027895948113536507
0.20580235720761558,0.031121417114164166,0.006904247158100286,0.03399818676337262,0.001429667340818746,,0.00027895948113536507,0.0031557291303438177,0.001429667340818746,,0.44061650045330913,0.0028767696492084526,0.002301415719366762,0.001150707859683381,0.03516632959062696,0.23319269126159425,0.0005753539298416905
0.23146662947206917,0.034957109979775434,0.011437338726549968,0.043988423181532885,0.0063288932282585956,0.0005927888974126508,0.0002963944487063254,0.003609038287188786,0.0008891833461189762,0.0002963944487063254,0.3623683659948391,0.0027024199734988494,0.0039054327358951113,0.0012030127623962618,0.04369202873282656,0.24895390194574238,0.00331264383848246
0.19087802496687356,0.030371713508612876,0.011175814212985564,0.03267312922797964,0.007444731152800056,,,0.0022839807517958015,0.0020050212706604364,,0.45036264732547604,0.003138294162772857,0.0022839807517958015,0.00027895948113536507,0.037258525699142196,0.22871190459585744,0.0011332728921124207
0.2611060743427017,0.04327358951112351,0.010373805704721389,0.056837994281330635,0.007497036055512937,0.00027895948113536507,0.0008543134109770555,0.0028767696492084526,0.0017260617895250715,,0.3012762396261942,0.0017260617895250715,0.001150707859683381,0.003173164097914778,0.03577655345561057,0.2709219610851524,0.001150707859683381
0.19382453448636586,0.027599553664830183,0.009397447520747611,0.047266197084873424,0.002632680103215008,,,0.0038008229304693493,0.002039891205802357,,0.3845805146802427,0.0023362856545086825,0.0014645372759606668,0.0005753539298416905,0.028192342562242834,0.2960108794197643,0.00027895948113536507
0.14448357626054817,0.0240776902154962,0.009101053072041286,0.037589790082990446,0.00027895948113536507,,,0.002632680103215008,0.0005753539298416905,,0.5431689797056978,0.0005753539298416905,0.0023362856545086825,0.002039891205802357,0.02700676476741753,0.20555826766162216,0.0005753539298416905
0.19548085640560708,0.025681707232024547,0.00826417462863519,0.041634702559453236,0.0020573261733733174,,,0.0026501150707859684,0.000871748378548016,,0.449944208103773,0.00027895948113536507,0.0011681428272543413,,0.0327777390334054,0.2391903201060046,
0.20955087523537205,0.027146244507985216,0.0077062556663644605,0.045731919938628914,0.004271567054885278,0.00027895948113536507,,0.0025629402329311666,0.001708626821954111,,0.4109073157123928,0.005422274914568659,0.001708626821954111,0.001708626821954111,0.036020643001604014,0.2449961643071344,0.00027895948113536507
0.206935630099728,0.03793848943440965,0.006886812190529326,0.04224492642443685,0.0025803752005021273,,,0.0051607504010042545,0.0011332728921124207,,0.4218216054118139,0.0020050212706604364,0.00027895948113536507,0.001708626821954111,0.04424994769509729,0.22677662319548086,0.00027895948113536507
0.2085222121486854,0.03724109073157124,0.024042820280354277,0.041338308110746916,0.004393611827882,0.00027895948113536507,,0.003504428481763024,0.0014645372759606668,0.00027895948113536507,0.3991910175047074,0.004393611827882,0.005265360206430016,0.000871748378548016,0.044284817630239205,0.2246495571518237,0.00027895948113536507
0.2397133691331334,0.03877536787781575,0.03406792663365646,0.056105725643350306,0.011733733175256294,0.0005753539298416905,0.00027895948113536507,0.004393611827882,0.0014645372759606668,,0.28187112071971543,0.0029290745519213335,0.004986400725294651,0.004393611827882,0.04140804798103075,0.27643141083757583,0.000871748378548016
0.18472348141432457,0.04306436990027199,0.03366692237952437,0.03609038287188786,0.011820908013111095,,0.0002963944487063254,0.0024234604923634843,0.0005927888974126508,,0.35766092475068,0.0021096310760861984,0.0012030127623962618,0.001813236627379873,0.026989329799846574,0.29724876211730245,0.0002963944487063254
0.13067508194434757,0.030929632470883605,0.027634423599972105,0.03363205244438245,0.0014994072111025874,,0.0002963944487063254,0.0023885905572215635,0.0011855777948253017,,0.55010809679894,0.0032952088709115,0.0059976288444103494,0.0023885905572215635,0.028227212497384756,0.18174210195969034,
0.21523467466350513,0.027163679475556174,0.014610502824464746,0.039089197294093034,0.002074761140944278,0.0005927888974126508,0.0005927888974126508,0.002684985005927889,0.0002963944487063254,,0.43081804867842954,0.004166957249459516,0.00327777390334054,0.0011855777948253017,0.037014436153148755,0.22090103912406722,0.0002963944487063254
0.2221912267243183,0.034468930887788546,0.006154543552548992,0.042454146035288375,0.003678778157472627,,0.0002963944487063254,0.003382383708766302,0.002144501011228119,,0.39075249320036265,0.003068554292489016,0.003068554292489016,0.0027547248762117304,0.03877536787781575,0.24651300648580793,0.0002963944487063254
0.22478903689239138,0.04051886463491178,0.004358741892740079,0.04801590069042472,0.004986400725294651,0.0006102238649836111,0.0006102238649836111,0.0021793709463700395,0.003417253643908222,,0.3687495641258107,0.0027895948113536508,0.0024932003626473255,0.0006102238649836111,0.048939953971685615,0.246931445707511,
0.21846014366413277,0.03799079433712253,0.007043726898667968,0.04104191366204059,0.007340121347374294,0.0018306715949508335,0.0002963944487063254,0.005509449752423461,0.0027547248762117304,,0.36587279447660215,0.005195620336146175,0.0024408954599344445,0.0027547248762117304,0.03828718878582886,0.2628844410349397,0.0002963944487063254
0.26100146453727596,0.04864355952297929,0.00824673966106423,0.059052235162842595,0.007340121347374294,0.0002963944487063254,,0.006729897482390682,0.0024408954599344445,,0.25409721737917557,0.004271567054885278,0.0015168421786735478,0.0006102238649836111,0.04496478136550666,0.3001778366692238,0.0006102238649836111
0.18372968826277983,0.02960457493549062,0.008455959271915755,0.05333356579956761,0.00821186972592231,0.00022665457842248413,,0.007043726898667968,0.00163888695167027,,0.3969767766231954,0.0021096310760861984,0.0013947974056768254,0.001865541530092754,0.030528628216751518,0.27465304414533787,0.00022665457842248413
0.0956482320942883,0.015429946300299882,0.008647743915196317,0.02688471999442081,0.005840714136271707,0.00022665457842248413,,0.0051433154334332935,0.0009240532812608968,,0.6836773833600669,0.0013947974056768254,0.0013947974056768254,0.002092196108515238,0.025489922588743986,0.12720552339772648,
0.18217797614896436,0.02672780528628217,0.004219262152172397,0.03445149592021759,0.0025629402329311666,0.00045330915684496827,,0.0030336843573470955,0.001865541530092754,,0.5129018760025106,0.0021096310760861984,0.00045330915684496827,0.001865541530092754,0.032585954390124836,0.19413836390264314,0.00045330915684496827
0.2084350373108306,0.03481763023920775,0.002684985005927889,0.038601018202106145,0.0008020085082641747,0.0002615245135644048,0.0002615245135644048,0.0018829764976637142,0.0018829764976637142,,0.4401631912964642,0.002144501011228119,0.0018829764976637142,0.0016040170165283493,0.02915126577864565,0.23165841411534974,0.0037659529953274285
0.22405676825441104,0.03127833182230281,0.0056837994281330635,0.03241160471441523,0.0014122323732477858,,0.00027895948113536507,0.001691191854383151,0.0011332728921124207,0.00027895948113536507,0.4368156775228398,0.003399818676337262,0.0014122323732477858,0.0011332728921124207,0.03867075807238998,0.2195062417183904,0.0008368784434060953
0.23144919450449822,0.036962131250435876,0.00709603180138085,0.039228677034660715,0.0008368784434060953,,,0.004829486017156008,0.0014122323732477858,,0.39416974684427086,0.003975172606178952,0.0025455052653602065,0.001987586303089476,0.03837436362368366,0.2362961154892252,0.0008368784434060953
0.21023083897063952,0.039176372131947836,0.01699909338168631,0.04435455750052305,0.003434688611479183,,,0.005910454006555548,0.0009763581839737778,,0.3735790501429668,0.001708626821954111,0.0027024199734988494,0.001970151335518516,0.036962131250435876,0.26175116814282723,0.00024408954599344445
0.177941279029221,0.0253504428481763,0.01583095055443197,0.042890020224562383,0.004864355952297929,0.00022665457842248413,,0.005840714136271707,0.0012030127623962618,,0.4000104609805426,0.0024234604923634843,0.0019352814003765952,0.004132087314317595,0.03119115698444801,0.2861601227421717,
0.11395494804379663,0.016772438803263828,0.01429667340818746,0.03181881581700258,0.0022142408815119603,0.00024408954599344445,,0.004428481763023921,0.0009763581839737778,,0.6140595578492224,0.0017260617895250715,0.0022142408815119603,0.0014645372759606668,0.02637910593486296,0.16896227073017644,0.0004881790919868889
0.18175953692726132,0.031034242276309364,0.004742311179301207,0.035288374363623684,0.0012378826975381826,,,0.001987586303089476,0.000993793151544738,,0.4956412581072599,0.002249110816653881,0.001743496757096032,0.0014994072111025874,0.0330392635469698,0.20853964711625636,0.00024408954599344445
0.18800125531766512,0.037485180277564686,0.006520677871539159,0.04088499895390194,0.0008368784434060953,,0.0005579189622707301,0.0028244647464955716,0.0014122323732477858,,0.44094776483715736,0.0025455052653602065,0.0014122323732477858,0.0011332728921124207,0.030371713508612876,0.2433747123230351,0.001691191854383151
0.21680382174489155,0.03673547667201339,0.006206848455261873,0.04210544668386917,0.00027895948113536507,,,0.003382383708766302,0.001691191854383151,0.00027895948113536507,0.4045261175814213,0.003940302671037032,0.001691191854383151,0.001691191854383151,0.040135295348350655,0.23856266127345002,0.001970151335518516
0.20379733593695515,0.037537485180277566,0.00992049654787642,0.037537485180277566,0.0037485180277564683,,,0.004289002022456238,0.0032080340330566987,,0.4130692516911918,0.0029465095194922937,0.0026675500383569286,0.001865541530092754,0.03324848315782133,0.24590278262082432,0.0002615245135644048
0.22825859543901247,0.046917497733454216,0.015726340749006206,0.04452890717623265,0.0023885905572215635,,,0.0026501150707859684,0.0013250575353929842,,0.33771532184950137,0.0026501150707859684,0.006660157612106842,0.003190599065485738,0.03839179859125462,0.2685333705279308,0.0010635330218285795
0.1778541041913662,0.03314387335239556,0.01577864565171909,0.04761489643629263,0.002353720622079643,,,0.005509449752423461,0.0007845735406932143,0.0002615245135644048,0.4075772369063393,0.0005230490271288095,0.003940302671037032,0.004724876211730246,0.02972661970848734,0.2699456029011786,0.0002615245135644048
0.12037101610991004,0.02135783527442639,0.010007671385731222,0.037589790082990446,0.0013424925029639444,,,0.0021619359787990794,0.0005404839946997698,,0.5588953204547039,0.002963944487063254,0.0021619359787990794,0.004323871957598159,0.028122602691958994,0.21016109910035569,
0.17506450938001256,0.029744054676058302,0.006782202385103564,0.04928865332310482,0.002249110816653881,,0.00027895948113536507,0.002249110816653881,0.0005579189622707301,,0.48198967849919794,0.0028244647464955716,0.002249110816653881,0.0014122323732477858,0.03314387335239556,0.21216612037101612,
0.20112978589859823,0.03771183485598717,0.01257061161866239,0.03893228258595439,0.0027547248762117304,0.0002963944487063254,0.0006102238649836111,0.0027547248762117304,0.0012204477299672222,,0.40925099379315155,0.003678778157472627,0.0027547248762117304,0.0030511193249180557,0.033109003417253646,0.24926773136201966,0.0009066183136899365
0.19312713578352744,0.03889741265081247,0.006834507287816444,0.03368435734709534,0.0029988144222051747,,,0.0029988144222051747,0.0010809679893995397,,0.46265429946300307,0.004655136341446405,0.004655136341446405,0.0021793709463700395,0.03724109073157124,0.20845247227840155,0.0005404839946997698
0.19492293744333636,0.04430225259781017,0.010861984796708277,0.0361601227421717,0.0016214519840993095,0.0002615245135644048,,0.005701234395704024,0.0021619359787990794,,0.4044215077759955,0.008700048817909199,0.004881790919868889,0.0024408954599344445,0.03806053420740638,0.24496129437199246,0.0005404839946997698
0.24611200223167584,0.06663644605621033,0.013825929283771533,0.044232512727526326,0.0010984029569705,0.000819443475835135,,0.004690006276588325,0.0013773624381058652,0.0005404839946997698,0.2836146174768114,0.0052479252388590554,0.007183206639235651,0.000819443475835135,0.03926354696980264,0.2828823488388312,0.00165632191924123
0.18134109770555826,0.0328649138712602,0.01750470744124416,0.04902712880954042,0.0016040170165283493,,0.0002615245135644048,0.0037659529953274285,0.0013424925029639444,,0.3960004184392216,0.005108445498291373,0.0078108654717902225,0.002684985005927889,0.028820001394797404,0.2705209568310203,0.0013424925029639444
0.13513843364251343,0.021723969593416555,0.011698863240114373,0.031487551433154334,0.000819443475835135,0.0005404839946997698,,0.003330078806053421,0.000819443475835135,,0.5593137596764071,0.000819443475835135,0.004445916730594881,0.0013773624381058652,0.029813794546342143,0.19645721458958088,0.0022142408815119603
0.1813759676407002,0.0371713508612874,0.008020085082641746,0.03476532533649487,,0.0002615245135644048,0.0002615245135644048,0.0029290745519213335,0.0013250575353929842,,0.4805774461259503,0.0029290745519213335,0.0024060255247925237,0.002127066043657159,0.03636934235302322,0.2070751098402957,0.0024060255247925237
0.1373526745240254,0.03117372201687705,0.005666364460562103,0.029883534416625984,0.000767138573122254,,,0.0025629402329311666,0.001534277146244508,,0.5509101053072041,0.0020573261733733174,0.000767138573122254,0.0023188506869377223,0.03425971127693703,0.19895041495222818,0.0017958016598089127
0.2197328962968129,0.037694399888416205,0.007741125601506381,0.04440686240323593,0.005422274914568659,,0.00024408954599344445,0.0069565520608131665,0.0023188506869377223,,0.36799986052025946,0.00437617686031104,0.003085989260059976,0.0020573261733733174,0.04517400097635818,0.2514994072111026,0.0012901876002510636
0.21211381546830324,0.03675291163958435,0.012413696910523747,0.039141502196805913,0.0013076225678220238,,,0.005021270660436571,0.001586582048957389,,0.3632226794058162,0.003957737638607992,0.004480786665736802,0.0013076225678220238,0.039141502196805913,0.2790292210056489,0.0005230490271288095
0.21778017992886534,0.04468582188437129,0.0220552339772648,0.0472313271497315,0.0014122323732477858,,,0.00819443475835135,0.0011158379245414603,,0.3204198340191088,0.0025455052653602065,0.003661343189901667,0.001970151335518516,0.03959481135365088,0.2890543273589511,0.00027895948113536507
0.19263895669154055,0.03621242764488458,0.02076504637701374,0.048573819652695444,0.004759746146872167,,,0.005335100076713857,0.0008368784434060953,,0.3578527093939605,0.0013947974056768254,0.003085989260059976,0.008700048817909199,0.02807029778924611,0.29177418230002095,
0.11922030825022666,0.013320315224213683,0.015081246948880675,0.027669293535114024,0.0020050212706604364,,,0.003504428481763024,0.0007497036055512937,,0.638381337610712,0.003016249389776135,0.005265360206430016,0.0012553176651091428,0.0218808843015552,0.14865053351000768,
0.19378966455122393,0.02967431480577446,0.007340121347374294,0.03169677104400586,0.001760931724666992,,0.00024408954599344445,0.0027895948113536508,0.0005056140595578493,,0.49201478485250016,0.002022456238231397,0.0027895948113536508,0.0007497036055512937,0.03424227630936606,0.20038008229304693,
0.19759048748169328,0.03544528907176232,0.005021270660436571,0.03619499267731362,0.002249110816653881,0.0004881790919868889,,0.0012553176651091428,0.0004881790919868889,0.00024408954599344445,0.4588360415649626,0.003504428481763024,0.003016249389776135,0.0012553176651091428,0.032167515168421784,0.22224353162703117,
0.21030057884092335,0.0262744961294372,0.0052479252388590554,0.03929841690494456,0.00024408954599344445,,,0.003242903968198619,0.00024408954599344445,,0.4848664481484064,0.00273728990864077,0.000993793151544738,0.001743496757096032,0.033544877606527655,0.1907734151614478,0.0004881790919868889
0.20240253853127832,0.028976916102936047,0.00822930469349327,0.037973359369551575,0.000993793151544738,,0.00024408954599344445,0.0022316758490829205,0.0004881790919868889,,0.4466489992328615,0.003992607573749913,0.000993793151544738,0.0012378826975381826,0.035968338098891134,0.22937443336355395,0.00024408954599344445
0.21070158309505543,0.033893576957946855,0.014924332240742032,0.04121626333775019,0.0005056140595578493,0.00024408954599344445,,0.001760931724666992,0.0005056140595578493,0.00024408954599344445,0.40489225190041145,0.004794616082014087,0.004044912476462794,0.0022665457842248413,0.03464328056349815,0.24536229862612455,
0.18019038984587488,0.03345770276867285,0.012867006067368715,0.0450345212357905,0.00024408954599344445,0.00024408954599344445,,0.0025629402329311666,0.0005056140595578493,,0.47034312016179647,0.003330078806053421,0.0035916033196178253,0.0010286630866866587,0.023938210474928518,0.2226619708487342,
0.13252318850686937,0.02076504637701374,0.020503521863449333,0.03023223376804519,,,,0.002092196108515238,0.0005230490271288095,,0.5922484134179511,0.0018306715949508335,0.003678778157472627,0.0018306715949508335,0.022334193458400167,0.1714380361252528,
0.18913452820977752,0.030319408605899992,0.013442359997210405,0.03164446614129298,0.003417253643908222,0.0002615245135644048,0.0005230490271288095,0.004480786665736802,0.002632680103215008,,0.4925727038147709,0.0013076225678220238,0.0028942046167794127,0.0021096310760861984,0.029273310551642374,0.19598647046516493,
0.21328195829555757,0.04126856824046307,0.01096659460213404,0.03635190738545226,0.0037485180277564683,0.00027895948113536507,,0.0028767696492084526,0.0008543134109770555,,0.4119185438315085,0.0020050212706604364,0.003173164097914778,0.001429667340818746,0.03289978380640212,0.2375165632191924,0.001429667340818746
0.21833809889113606,0.03174907594671874,0.00822930469349327,0.0283841272055234,0.0009066183136899365,,,0.003661343189901667,0.0015168421786735478,0.0002963944487063254,0.4400585814910384,0.003347513773624381,0.0018306715949508335,0.0015168421786735478,0.04153009275402748,0.2186344933398424,
0.19365018481065624,0.035270939396052726,0.005736104330845945,0.03554989887718809,0.00163888695167027,,0.0002615245135644048,0.004097217379175675,0.0010809679893995397,0.000819443475835135,0.4697503312643838,0.0038182578980403095,0.000819443475835135,0.0021793709463700395,0.03281260896854732,0.21169537624660018,0.000819443475835135
0.22925238859055722,0.044807866657368016,0.0070611618662389285,0.041286003208034036,0.0010809679893995397,0.0002615245135644048,,0.004062347444033754,0.0005404839946997698,,0.3737185298835344,0.0027024199734988494,0.0029813794546342145,0.004602831438733524,0.032585954390124836,0.2547946160820141,0.0002615245135644048
0.1548748169328405,0.027059069670130415,0.010757374991282516,0.033754097217379174,0.001150707859683381,,,0.0026152451356440476,0.001150707859683381,,0.5148371574028873,0.002022456238231397,0.001150707859683381,0.0023188506869377223,0.030267103703187113,0.21804170444242973,
0.11170583722714275,0.022159843782690564,0.012500871748378549,0.025001743496757097,0.0022665457842248413,0.00027895948113536507,,0.0028418997140665318,,,0.6521375270241997,0.0022665457842248413,0.0022665457842248413,0.0028418997140665318,0.02529813794546342,0.13843364251342494,
0.1818118418299742,0.033893576957946855,0.007462166120371016,0.03790361949926773,0.00027895948113536507,,,0.0043064369900271985,,,0.522403933328684,0.0031557291303438177,0.0008543134109770555,0.004010042541320873,0.028140037659529955,0.17492502963944487,0.0008543134109770555
0.15773415161447799,0.029377920357068137,0.006102238649836111,0.033161308319966526,,,,0.0028942046167794127,0.0005753539298416905,,0.5647360345909757,0.0023188506869377223,0.003190599065485738,0.0023188506869377223,0.03171420601157682,0.16587628147011646,
0.16690494455680313,0.029308180486784293,0.005509449752423461,0.026413975870004883,0.0005753539298416905,,,0.004341306925169119,0.0008543134109770555,,0.5846990724597252,0.0028942046167794127,0.0014471023083897064,0.0028942046167794127,0.03453867075807239,0.13961922030825022,
0.15888485947416137,0.02691958992956273,0.002632680103215008,0.027198549410698096,0.0005753539298416905,0.00027895948113536507,,0.004079782411604714,0.000871748378548016,,0.5916207545853964,0.003504428481763024,0.0032080340330566987,0.0023362856545086825,0.03685752144501011,0.14075249320036265,0.00027895948113536507
0.14228677034660717,0.030424018411325755,0.004463351698165841,0.02744263895669154,0.0002963944487063254,0.0005927888974126508,,0.0026675500383569286,0.0002963944487063254,,0.605429248901597,0.004759746146872167,0.0011855777948253017,0.001481972243531627,0.04175674733244996,0.13543482809121976,0.001481972243531627
0.07692307692307693,0.022613152939535534,0.0039054327358951113,0.016580654159983263,0.0017958016598089127,0.0005927888974126508,,0.0008891833461189762,,0.0002963944487063254,0.7654299463002998,0.0021096310760861984,0.0008891833461189762,0.0014994072111025874,0.029552270032777737,0.07451705139828439,0.0024060255247925237
0.09067926633656462,0.01921333426319827,0.002092196108515238,0.016807308738405746,0.005091010530720413,,,0.0017958016598089127,0.0002963944487063254,0.0002963944487063254,0.7535741683520468,0.0011855777948253017,0.0023885905572215635,0.0027024199734988494,0.02852360694609108,0.07476114094427784,0.0005927888974126508
0.14106632261663993,0.026518585675430643,0.0025280702977892463,0.03017992886533231,0.0028070297789246114,,,0.004219262152172397,0.001970151335518516,0.00027895948113536507,0.6132924192761002,0.0028070297789246114,0.0031034242276309367,0.002249110816653881,0.03921124206708976,0.1294895041495223,0.00027895948113536507
0.11290884998953903,0.024897133691331334,0.001691191854383151,0.019230769230769232,0.0008368784434060953,0.00027895948113536507,,0.003382383708766302,0.001970151335518516,,0.6590940790850128,0.002249110816653881,0.001691191854383151,0.0014122323732477858,0.03820001394797406,0.13159913522560848,0.0005579189622707301
0.12527024199734987,0.0295697050003487,0.003626473254759746,0.02789594811353651,0.0013947974056768254,0.0005579189622707301,,0.0027895948113536508,0.0011158379245414603,,0.621696073645303,0.0027895948113536508,0.003068554292489016,0.0025106353302182857,0.041007043726898666,0.13642862124276448,0.00027895948113536507
0.12291652137527025,0.024879698723760373,0.0015168421786735478,0.028820001394797404,0.0015168421786735478,,,0.0021096310760861984,0.0012030127623962618,,0.6288967152521097,0.0030336843573470955,0.0021096310760861984,0.0012030127623962618,0.035811423390752495,0.14568658902294443,0.0002963944487063254
0.138398772578283,0.03215008020085083,0.004724876211730246,0.03561963874747193,0.0006276588325545714,,0.0003138294162772857,0.0018829764976637142,0.0015691470813864285,,0.6000069739870284,0.003138294162772857,0.0018829764976637142,0.0012553176651091428,0.03530580933119464,0.14280981937373596,0.0003138294162772857
0.09849013180835484,0.027128809540414255,0.006398633098542436,0.02256084803682265,0.0012030127623962618,,0.0009066183136899365,0.004254132087314318,0.0012030127623962618,,0.7013041355743079,0.0009066183136899365,0.0030336843573470955,0.0024234604923634843,0.03079015273031592,0.09819373735964851,0.0012030127623962618
0.06414324569356301,0.019875863030894763,0.0042018271846014366,0.016859613641118626,0.0017958016598089127,,,0.002092196108515238,0.0005927888974126508,,0.7913906130134598,0.0005927888974126508,0.00331264383848246,0.0027024199734988494,0.022874677453099936,0.06926912615942535,0.0002963944487063254
0.11909826347722993,0.029552270032777737,0.0014471023083897064,0.023101332031522422,0.0005753539298416905,0.00027895948113536507,,0.0023362856545086825,0.0005753539298416905,,0.6682997419624799,0.001743496757096032,0.003504428481763024,0.0014471023083897064,0.029831229513913104,0.11733733175256295,0.000871748378548016
0.12443336355394378,0.02693702489713369,0.002039891205802357,0.026047841551014715,0.000871748378548016,,,0.00437617686031104,0.001743496757096032,,0.6393751307622568,0.0023362856545086825,0.001743496757096032,0.0023362856545086825,0.03073784782760304,0.13614966176162913,0.000871748378548016
0.12432875374851803,0.029970709254480785,0.0012901876002510636,0.02371155589650603,0.0015517121138154683,0.00024408954599344445,,0.0036439082223307063,0.0015517121138154683,,0.6484936188018691,0.002074761140944278,0.0012901876002510636,0.0012901876002510636,0.03127833182230281,0.12903619499267732,0.00024408954599344445
0.12708347862472977,0.03502684985005928,0.0012901876002510636,0.020643001604017018,0.0025978101680730874,0.00024408954599344445,,0.0049515307901527306,0.0012901876002510636,0.00024408954599344445,0.6511262989050841,0.004166957249459516,0.0023362856545086825,0.0025978101680730874,0.029796359578771185,0.11636097356858917,0.00024408954599344445
0.1441523118766999,0.03197573052514122,0.0013076225678220238,0.027250854313410976,0.0018306715949508335,,0.001046098054257619,0.0054920147848525,0.0007845735406932143,0.0002615245135644048,0.6213299393263129,0.0028767696492084526,0.002353720622079643,0.0026152451356440476,0.029343050421926215,0.1273798730734361,
0.11045051956203361,0.028802566427226447,0.0007845735406932143,0.028279517400097636,0.001865541530092754,0.0007845735406932143,0.0005230490271288095,0.001865541530092754,0.0005230490271288095,0.0002615245135644048,0.721842527372899,0.001586582048957389,0.0013250575353929842,0.003731083060185508,0.012256782202385104,0.08511751168142827,
0.07523188506869377,0.01762675221424088,0.0010984029569705,0.016249389776135017,0.00163888695167027,0.0002615245135644048,0.0005404839946997698,0.0027547248762117304,0.0002615245135644048,0.0002615245135644048,0.7970569774740219,0.001917846432805635,0.001917846432805635,0.003016249389776135,0.011559383499546692,0.06834507287816445,0.0002615245135644048
0.10834088848594742,0.02350233628565451,0.0039054327358951113,0.021270660436571588,0.0019527163679475556,0.0005579189622707301,0.00027895948113536507,0.003068554292489016,0.0013947974056768254,,0.7011123509310273,0.0022316758490829205,0.003626473254759746,0.004184392217030476,0.020991700955436222,0.10330218285793988,0.00027895948113536507
0.107643489783109,0.026692935351140246,0.005282795174000977,0.021689099658274636,0.0013773624381058652,0.0002615245135644048,0.0005404839946997698,0.004724876211730246,0.0027721598437826906,,0.6794406862403236,0.0010984029569705,0.00165632191924123,0.0030511193249180557,0.026971894832275613,0.11653532324429877,0.0002615245135644048
0.11250784573540694,0.02742520398912058,0.0019527163679475556,0.030493758281609596,0.003626473254759746,0.00027895948113536507,0.00027895948113536507,0.003068554292489016,0.004463351698165841,,0.6525036613431898,0.0019527163679475556,0.0022316758490829205,0.0008368784434060953,0.03021479880047423,0.12788548713299394,0.00027895948113536507
0.11819164516354,0.028854871329939327,0.00331264383848246,0.023293116674802983,0.00331264383848246,,,0.0022142408815119603,0.0013773624381058652,,0.6643768742590139,0.0010984029569705,0.0013773624381058652,0.0022142408815119603,0.031069112211451286,0.11930748308808145,
0.12718808843015553,0.029325615454355254,0.004498221633307762,0.03016249389776135,0.003085989260059976,,,0.0025280702977892463,0.0005579189622707301,,0.6399679196596695,0.001970151335518516,0.003085989260059976,0.001970151335518516,0.028192342562242834,0.12549689657577237,0.001970151335518516
0.10947416137805983,0.033806402120092054,0.003138294162772857,0.02951740009763582,0.0008543134109770555,,0.0005579189622707301,0.0011332728921124207,0.001429667340818746,,0.6848629611548922,0.003713648092614548,0.004010042541320873,0.003138294162772857,0.021776274496129438,0.10002440895459934,0.0025629402329311666
0.05479810307552828,0.022735197712532254,0.002039891205802357,0.017766231954808562,0.001743496757096032,,,0.002039891205802357,0.001150707859683381,,0.8120684845526187,0.001150707859683381,0.0026152451356440476,0.0014471023083897064,0.020695306506729898,0.05917427993583932,0.0005753539298416905
0.1346328195829556,0.028296952367668597,0.0017958016598089127,0.02529813794546342,0.0008891833461189762,,,0.0027024199734988494,0.0008891833461189762,,0.6311458260687635,0.0012030127623962618,0.0017958016598089127,0.0017958016598089127,0.03160959620615106,0.13794546342143804,
0.13358672152869797,0.02637910593486296,0.0009763581839737778,0.03127833182230281,0.0025978101680730874,0.0003138294162772857,,0.004219262152172397,0.0009763581839737778,,0.622149382802148,0.0019527163679475556,0.0012901876002510636,0.003574168352046865,0.028331822302810516,0.14237394518446195,
0.164324569356301,0.03793848943440965,0.00163888695167027,0.030354278541041915,0.0009763581839737778,,0.0003138294162772857,0.003957737638607992,0.0006450938001255318,,0.5523397726480229,0.0032952088709115,0.001970151335518516,0.003626473254759746,0.03199316549271218,0.16662598507566775,
0.1456517190878025,0.041007043726898666,0.004254132087314318,0.0393681567752284,0.0006450938001255318,0.0003138294162772857,0.0003138294162772857,0.0029465095194922937,0.0009763581839737778,,0.5867563986330985,0.0022839807517958015,0.0022839807517958015,0.0029465095194922937,0.023938210474928518,0.14631424785549899,
0.16183136899365366,0.03685752144501011,0.0029290745519213335,0.03457354069321431,0.0012901876002510636,0.0012901876002510636,0.0006450938001255318,0.006189413487690913,0.0009763581839737778,,0.5570297789246113,0.004567961503591603,0.0039054327358951113,0.0019527163679475556,0.028052862821675153,0.15726340749006207,0.0006450938001255318
0.15084733942394868,0.0317665109142897,0.0020050212706604364,0.03511402468791408,0.000993793151544738,,0.00033126438384824605,0.0026675500383569286,0.00165632191924123,,0.6110956133621591,0.000993793151544738,0.005003835692865611,0.006346328195829556,0.01806262640351489,0.13311597740428202,
0.12026640630448428,0.025507357556314947,0.0026501150707859684,0.024182300020921962,0.0023188506869377223,0.0006625287676964921,,0.005962758909268429,0.0026501150707859684,,0.7011820908013111,0.00165632191924123,0.005962758909268429,0.009606667131599135,0.014906897273171071,0.08215356719436502,0.00033126438384824605
0.12577585605690775,0.027669293535114024,0.003678778157472627,0.023362856545086828,0.005213055303717135,,,0.003678778157472627,0.0009066183136899365,,0.6476741753260339,0.001534277146244508,0.003068554292489016,0.0024583304275054047,0.02460073924262501,0.1294720691819513,0.0009066183136899365
0.1553106911221145,0.02946509519492294,0.001760931724666992,0.033597182509240535,0.006468372968826278,,0.00027895948113536507,0.003225469000627659,0.0005753539298416905,,0.5674733244996164,0.002353720622079643,0.002353720622079643,0.0020573261733733174,0.027704163470255946,0.1670967292000837,0.00027895948113536507
0.15982634772299323,0.03511402468791408,0.0038008229304693493,0.0283841272055234,0.004097217379175675,,0.00027895948113536507,0.004097217379175675,0.0011681428272543413,,0.5680312434618873,0.000871748378548016,0.0023362856545086825,0.001743496757096032,0.033074133482111724,0.15572913034381755,0.0014471023083897064
0.14826696422344654,0.029412790292210056,0.003556733384475905,0.036247297580026504,0.0026675500383569286,0.0002963944487063254,0.0002963944487063254,0.005927888974126508,0.0005927888974126508,,0.580811074691401,0.0026675500383569286,0.004445916730594881,0.002963944487063254,0.028227212497384756,0.1515447381267871,0.002074761140944278
0.1694155798870214,0.03896715252109631,0.0018306715949508335,0.0374328753748518,0.0012204477299672222,0.0002963944487063254,,0.0064335030336843575,0.0012204477299672222,,0.5326905641955506,0.005509449752423461,0.003068554292489016,0.003678778157472627,0.029761489643629263,0.16756747332449962,0.0009066183136899365
0.14230420531417812,0.037206220796429317,0.003120859195201897,0.03626473254759746,0.0009240532812608968,0.0009240532812608968,,0.005003835692865611,0.001865541530092754,,0.6163784085361601,0.0028070297789246114,0.0024932003626473255,0.001865541530092754,0.017818536857521446,0.13072738684706048,0.0002963944487063254
0.12633377501917847,0.028785131459655486,0.006485807936397238,0.035916033196178254,0.003399818676337262,0.0002963944487063254,,0.004637701373875445,0.001534277146244508,,0.6718913452820978,0.0021619359787990794,0.0012378826975381826,0.003085989260059976,0.019492293744333637,0.09413138991561476,0.0006102238649836111
0.13764906897273171,0.03493967501220448,0.0042018271846014366,0.028610781783945882,0.0017958016598089127,,,0.0042018271846014366,0.0005927888974126508,,0.591359230071832,0.0024060255247925237,0.002092196108515238,0.0024060255247925237,0.02409512518306716,0.165649626891694,
0.15524095125183068,0.03459097566078527,0.0006102238649836111,0.03704930608829068,0.0015168421786735478,,,0.004585396471162563,0.0009066183136899365,,0.5701931794406861,0.0018306715949508335,0.0015168421786735478,0.0018306715949508335,0.02693702489713369,0.16289490201548226,0.0002963944487063254
0.1634005160750401,0.03795592440198061,0.0015517121138154683,0.037345700536997,0.0002963944487063254,,,0.004968965757723691,0.0009240532812608968,,0.5603249877955228,0.0027895948113536508,0.0015517121138154683,0.0015517121138154683,0.03235929981170235,0.15468303228955993,0.0002963944487063254
0.14706395146105028,0.04944556803124346,0.0025106353302182857,0.03431201617964991,0.0037659529953274285,,0.0003138294162772857,0.005352535044284817,0.0012553176651091428,,0.5302147988004742,0.002196805913941,0.002196805913941,0.0018829764976637142,0.03368435734709534,0.18454913173861498,0.0012553176651091428
0.1847583513494665,0.04114652346746635,0.004742311179301207,0.03889741265081247,0.0027895948113536508,,,0.005317665109142897,0.0016737568868121905,0.00027895948113536507,0.5216542297231328,0.0016737568868121905,0.0008368784434060953,0.0013947974056768254,0.031069112211451286,0.1634876909128949,0.00027895948113536507
0.15574656531138853,0.03996094567264105,0.002632680103215008,0.04112908849989539,0.0029290745519213335,0.00027895948113536507,,0.004097217379175675,0.0011681428272543413,0.00027895948113536507,0.5831647953134806,0.001760931724666992,0.000871748378548016,0.002039891205802357,0.022909547388241858,0.14015970430295,0.000871748378548016
0.11031103982146594,0.023763860799218915,0.0009066183136899365,0.03473045540135295,0.005178185368575215,,0.0002963944487063254,0.003347513773624381,0.001813236627379873,,0.6886637840853616,0.002127066043657159,0.0012030127623962618,0.002127066043657159,0.017365227700676476,0.10635330218285793,0.001813236627379873
0.14896436292628495,0.028767696492084525,0.002249110816653881,0.024252039891205803,0.006764767417532604,,,0.004498221633307762,0.0008368784434060953,,0.6020119952576888,0.0013947974056768254,0.00027895948113536507,0.002249110816653881,0.02962200990306158,0.14586093869865402,0.002249110816653881
0.15103912406722925,0.04027477508891834,0.0025803752005021273,0.035950903131320176,0.003731083060185508,,0.0005753539298416905,0.003452123579050143,0.0008543134109770555,,0.5641955505962759,0.002301415719366762,0.00027895948113536507,0.0005753539298416905,0.029343050421926215,0.1642722644535881,0.0005753539298416905
0.14558197921751864,0.029273310551642374,0.005840714136271707,0.029831229513913104,0.006677592579677802,,,0.003609038287188786,0.0027721598437826906,,0.5742903968198619,0.0019352814003765952,0.0005404839946997698,0.0022142408815119603,0.03122602691958993,0.16566706185926494,0.0005404839946997698
0.1544738126787084,0.0370841760234326,0.007531905990654857,0.03129576678987377,0.004341306925169119,,,0.0028942046167794127,0.001150707859683381,,0.5534556105725643,0.002022456238231397,0.0005753539298416905,0.0037659529953274285,0.032167515168421784,0.16866587628147012,0.0005753539298416905
0.17562242834228328,0.04712671734430574,0.007898040309645023,0.044772996722226094,0.0014471023083897064,,,0.004672571309017365,0.0011681428272543413,,0.5121347374293883,0.002039891205802357,0.002039891205802357,0.0023362856545086825,0.02691958992956273,0.17094985703326593,0.000871748378548016
0.15466559732198898,0.03424227630936606,0.005213055303717135,0.04496478136550666,0.00027895948113536507,,,0.005509449752423461,0.0008543134109770555,,0.5755457144849712,0.0005753539298416905,0.0025978101680730874,0.0014471023083897064,0.02263058790710649,0.15002789594811353,0.0014471023083897064
0.10675430643699002,0.040483994699769855,0.005387404979426739,0.0251760931724667,0.0011855777948253017,,,0.005387404979426739,0.0008891833461189762,,0.6846363065764698,,0.0011855777948253017,0.002684985005927889,0.025489922588743986,0.09955366483018342,0.0011855777948253017
0.1359927470534905,0.027477508891833462,0.003992607573749913,0.029482530162493897,0.00027895948113536507,0.00027895948113536507,0.00027895948113536507,0.002859334681637492,0.00027895948113536507,,0.5958400167375688,0.0022839807517958015,0.0008543134109770555,0.003138294162772857,0.03377153218495014,0.1629123369830532,0.00027895948113536507
0.15626961433851733,0.02848873701094916,0.004602831438733524,0.03279517400097636,0.00027895948113536507,,0.0005753539298416905,0.0043064369900271985,0.0008543134109770555,,0.5634981518934374,0.0020050212706604364,0.0017260617895250715,0.003452123579050143,0.03366692237952437,0.16690494455680313,0.0005753539298416905
0.15538043099239834,0.030772717762744962,0.004968965757723691,0.03781644466141293,0.000871748378548016,0.00027895948113536507,0.0005753539298416905,0.0032080340330566987,0.0014645372759606668,,0.5377815747262711,0.003504428481763024,0.000871748378548016,0.005858149103842667,0.035759118488039615,0.18031243461887161,0.0005753539298416905
0.1703047632331404,0.033701792314666294,0.0026501150707859684,0.03842666852639654,0.0005753539298416905,,0.00027895948113536507,0.005021270660436571,0.0029465095194922937,,0.5294127902922101,0.0026501150707859684,0.0011681428272543413,0.0029465095194922937,0.03459097566078527,0.17475067996373528,0.0005753539298416905
0.18125392286770348,0.035532463909617125,0.004097217379175675,0.04435455750052305,0.003225469000627659,,0.000871748378548016,0.0038182578980403095,0.0023362856545086825,,0.49719297022107545,0.004097217379175675,0.0023362856545086825,0.003225469000627659,0.03406792663365646,0.18271846014366414,0.000871748378548016
0.15098681916451637,0.031487551433154334,0.0029290745519213335,0.04560987516563219,0.004114652346746635,0.00027895948113536507,,0.0029290745519213335,0.0020573261733733174,,0.5574307831787433,0.002353720622079643,0.0014645372759606668,0.001760931724666992,0.026187321291582397,0.17013041355743078,0.00027895948113536507
0.10664969663156426,0.02479252388590557,0.004393611827882,0.029761489643629263,0.0049515307901527306,,0.0002615245135644048,0.002196805913941,0.0005404839946997698,,0.7016528349257269,0.002196805913941,0.002196805913941,0.00163888695167027,0.02672780528628217,0.09066183136899365,0.0013773624381058652
0.14636655275821187,0.027634423599972105,0.0029813794546342145,0.02845386707580724,0.0029813794546342145,,,0.004323871957598159,0.0016214519840993095,,0.5775333007880605,0.0024234604923634843,0.0018829764976637142,0.0016214519840993095,0.03847897342910942,0.16289490201548226,0.0008020085082641747
0.14366413278471302,0.028610781783945882,0.004445916730594881,0.04362228886254271,0.0010984029569705,,,0.003887997768324151,0.0019352814003765952,,0.5660436571587977,0.00165632191924123,0.0019352814003765952,0.00165632191924123,0.0394553316130832,0.16116884022595718,0.000819443475835135
0.1612037101610991,0.034381756049933744,0.00383569286561127,0.032446474649557154,0.001917846432805635,,0.0002615245135644048,0.006590417741823,0.001917846432805635,,0.5354801590069043,0.00163888695167027,0.0013599274705349048,0.0024757653950763653,0.03795592440198061,0.17771462445079853,0.000819443475835135
0.15053351000767137,0.03288234883883116,0.00934514261803473,0.03288234883883116,0.004010042541320873,,0.0008020085082641747,0.004533091568449683,0.0029290745519213335,,0.542593625775856,0.001865541530092754,0.0024060255247925237,0.0013250575353929842,0.04010042541320873,0.17353023223376804,0.0002615245135644048
0.1949578073784783,0.028802566427226447,0.006729897482390682,0.03715391589371644,0.005108445498291373,,0.0005230490271288095,0.006189413487690913,0.002144501011228119,,0.47660227351977125,0.0010635330218285795,0.0018829764976637142,0.002144501011228119,0.03689239138015203,0.19900271985494106,0.0008020085082641747
0.15630448427365926,0.03776413975870005,0.0063288932282585956,0.04712671734430574,0.004132087314317595,,0.0005404839946997698,0.003016249389776135,0.003574168352046865,,0.5433084594462654,0.002196805913941,0.001917846432805635,0.000819443475835135,0.03197573052514122,0.1598960875932771,0.0010984029569705
0.11099100355673339,0.030057884092335587,0.007584210893367738,0.025001743496757097,0.0036439082223307063,,,0.0028070297789246114,0.0022316758490829205,,0.6460352883743636,0.0028070297789246114,0.0011158379245414603,0.003085989260059976,0.026117581421298556,0.13768393890787364,0.0008368784434060953
0.10867215286979566,0.02749494385940442,0.009798451774879698,0.03131320175744473,0.0019004114652346746,,,0.004899225887439849,0.0021619359787990794,,0.6729897482390683,0.0013599274705349048,0.0008020085082641747,0.0016214519840993095,0.027773903340539786,0.1081316688750959,0.0010809679893995397
0.1524164865053351,0.031121417114164166,0.008926703396331682,0.0438489434409652,0.004585396471162563,,,0.0056837994281330635,0.0013424925029639444,,0.5260478415510147,0.0013424925029639444,0.0010809679893995397,0.0027024199734988494,0.03762466001813237,0.1824743705976707,0.0008020085082641747
0.16533579747541668,0.0369970011855778,0.008368784434060953,0.038077969174977334,0.0024234604923634843,0.0002615245135644048,0.0002615245135644048,0.005927888974126508,0.0016040170165283493,,0.5076539507636517,0.002963944487063254,0.002963944487063254,0.0018829764976637142,0.038077969174977334,0.18667619778227212,0.0005230490271288095
0.169154055373457,0.032969523676685965,0.008037520050212707,0.032969523676685965,0.004550526536020643,,0.0002615245135644048,0.005091010530720413,0.0016040170165283493,0.0005230490271288095,0.5170165283492572,0.001865541530092754,0.0013250575353929842,0.003469558546621103,0.03940302671037032,0.18149801241369692,0.0002615245135644048
0.1831717693005091,0.04090243392147291,0.008961573331473604,0.0451216960736453,0.0021096310760861984,0.0002615245135644048,0.0002615245135644048,0.006067368714694191,0.0005230490271288095,0.0005230490271288095,0.47222609665946025,0.003957737638607992,0.0015691470813864285,0.003678778157472627,0.03588116326103633,0.19478345770276867,
0.14770904526117581,0.030319408605899992,0.0068519422553874046,0.03401562173094358,0.003417253643908222,0.0005230490271288095,0.001046098054257619,0.009746146872166819,0.0023711555896506033,0.0007845735406932143,0.5522351628425971,0.003678778157472627,0.004742311179301207,0.0015691470813864285,0.027686728502684985,0.17304205314178114,0.0002615245135644048
0.1347548643559523,0.027669293535114024,0.0031034242276309367,0.031034242276309364,0.004655136341446405,0.00024408954599344445,0.0005056140595578493,0.007758560569077341,0.00024408954599344445,0.000767138573122254,0.6517016528349258,0.0017958016598089127,0.0020573261733733174,0.0012901876002510636,0.026640630448427367,0.105010809679894,0.000767138573122254
0.159495083339145,0.03363205244438245,0.0038182578980403095,0.030563498151893437,0.0038182578980403095,,0.0005056140595578493,0.003556733384475905,,,0.5386358881372482,0.003556733384475905,0.0012727526326801032,0.0022839807517958015,0.040762954180905225,0.1778541041913662,0.00024408954599344445
0.17576190808285097,0.03849640839668038,0.003661343189901667,0.03221982007113467,0.004707441244159286,,0.001046098054257619,0.004445916730594881,0.0007845735406932143,,0.5138782341864844,0.0026152451356440476,0.0005230490271288095,0.004184392217030476,0.03300439361182788,0.1844096519980473,0.0002615245135644048
0.16038426668526395,0.03722365576400028,0.0025978101680730874,0.04555757026291931,0.0036439082223307063,,,0.005980193876839389,0.0012901876002510636,,0.5131982704512169,0.004149522281888556,0.002074761140944278,0.003382383708766302,0.03957737638607992,0.1788653323104819,0.002074761140944278
0.16179649905851176,0.03685752144501011,0.004236697119743357,0.036334472417881306,0.0021096310760861984,0.0002615245135644048,0.0002615245135644048,0.0050387056280075315,0.0007845735406932143,,0.5075493409582258,0.0023711555896506033,0.001586582048957389,0.004498221633307762,0.04189622707301764,0.1938942743566497,0.0005230490271288095
0.20566287746704792,0.04405816305181672,0.005230490271288095,0.04431968756538113,0.0054920147848525,0.0002615245135644048,0.0005230490271288095,0.003661343189901667,0.001046098054257619,,0.4455505962758909,0.001046098054257619,0.001046098054257619,0.0026152451356440476,0.03828718878582886,0.20093800125531766,0.0002615245135644048
0.1588325545714485,0.02672780528628217,0.0021096310760861984,0.03863588813724807,0.005021270660436571,,0.0005230490271288095,0.0018481065625217937,0.0007845735406932143,,0.538705628007532,0.0013076225678220238,,0.0013076225678220238,0.02963944487063254,0.1945568031243462,
0.11238580096241021,0.021078875793291024,0.0023885905572215635,0.03016249389776135,0.0050561405955784925,,0.0005230490271288095,0.003469558546621103,0.0007845735406932143,,0.645843503731083,0.001586582048957389,0.0002615245135644048,0.003731083060185508,0.021619359787990795,0.15084733942394868,0.0002615245135644048
0.17846432805634982,0.0361601227421717,0.003626473254759746,0.033806402120092054,0.003120859195201897,,0.000767138573122254,0.003887997768324151,0.0012901876002510636,,0.5016737568868121,0.0025978101680730874,0.00024408954599344445,0.002074761140944278,0.034329451147220864,0.1974510077411256,0.0005056140595578493
0.16143036473952158,0.035288374363623684,0.004916660855010809,0.03452123579050143,0.0015517121138154683,,0.00024408954599344445,0.004916660855010809,0.0012901876002510636,0.00024408954599344445,0.506991421995955,0.002074761140944278,0.0012901876002510636,0.001813236627379873,0.039176372131947836,0.20348350652067787,0.000767138573122254
0.17801101889950485,0.03127833182230281,0.00603249877955227,0.038112839110119257,0.0013076225678220238,0.0002615245135644048,0.0002615245135644048,0.003678778157472627,0.002353720622079643,0.0002615245135644048,0.4873596485110536,0.0015691470813864285,0.0026152451356440476,0.003678778157472627,0.03732826556942604,0.2053664830183416,0.0005230490271288095
0.18012064997559105,0.036543692028732824,0.0028767696492084526,0.03996094567264105,0.004986400725294651,,0.0005230490271288095,0.0028767696492084526,0.0015691470813864285,0.0005230490271288095,0.46894832275611975,0.003678778157472627,0.0018306715949508335,0.0015691470813864285,0.03443406095264663,0.21929702210753887,0.0002615245135644048
0.18604853894971754,0.03061580305460632,0.0025629402329311666,0.04116395843503731,0.0020573261733733174,,0.0005056140595578493,0.0035916033196178253,0.0020573261733733174,0.00024408954599344445,0.4619917706953065,0.0017958016598089127,0.0020573261733733174,0.003085989260059976,0.03267312922797964,0.2285201199525769,0.0010286630866866587
0.16680033475137737,0.025455052653602064,0.00660785270939396,0.038705628007531905,0.004323871957598159,,,0.004829486017156008,0.002022456238231397,0.00024408954599344445,0.5119080828509659,0.0022839807517958015,0.0017783666922379525,0.003556733384475905,0.02521096310760862,0.20576748727247368,0.0005056140595578493
0.12408466420252458,0.02412999511820908,0.007340121347374294,0.03776413975870005,0.004968965757723691,0.0005230490271288095,,0.004184392217030476,0.0015691470813864285,,0.6139375130762257,0.003138294162772857,0.0028767696492084526,0.003922867703466072,0.024391519631773485,0.14638398772578284,0.0007845735406932143
0.19347583513494665,0.034172536439082225,0.0038531278331822303,0.03609038287188786,0.005230490271288095,,0.0005404839946997698,0.0013773624381058652,0.002196805913941,,0.48001952716367946,0.0027547248762117304,0.000819443475835135,0.003574168352046865,0.033893576957946855,0.20174000976358183,0.0002615245135644048
0.17375688681219054,0.034904805077062555,0.004114652346746635,0.04261106074342702,0.003016249389776135,,,0.0032952088709115,0.00163888695167027,,0.48844061650045334,0.0024583304275054047,0.002196805913941,0.001917846432805635,0.034085361601227424,0.2075632889322826,
0.2010600460283144,0.03842666852639654,0.004027477508891834,0.04676058302531557,0.004027477508891834,0.0005230490271288095,,0.002684985005927889,0.001865541530092754,,0.42136829625496897,0.0029465095194922937,0.0016040170165283493,0.0029465095194922937,0.038705628007531905,0.23305321152102657,
0.21544389427435665,0.03814770904526118,0.006869377222958366,0.0450345212357905,0.009746146872166819,0.0011332728921124207,,0.004585396471162563,0.004289002022456238,,0.4160331961782552,0.003713648092614548,0.0025803752005021273,0.0051607504010042545,0.0407280842457633,0.20625566636446055,0.00027895948113536507
0.19387683938907874,0.04867842945812121,0.005962758909268429,0.053228955994141854,0.007392426250087175,,0.0011332728921124207,0.003120859195201897,0.0014122323732477858,,0.37577585605690766,0.0025455052653602065,0.0025455052653602065,0.0022665457842248413,0.035863728293465374,0.26506381198130974,0.0011332728921124207
0.16582397656740358,0.040379384894344096,0.0051433154334332935,0.04839946997698584,0.004289002022456238,,0.0011332728921124207,0.002859334681637492,0.0011332728921124207,0.00027895948113536507,0.48083897063951464,0.0025629402329311666,0.001429667340818746,0.0008543134109770555,0.024339214729060605,0.2196805913941,0.0008543134109770555
0.11447799707092544,0.031156287049306088,0.004358741892740079,0.031156287049306088,0.004062347444033754,,0.000871748378548016,0.002911639584350373,0.0005753539298416905,,0.6158902294441733,0.001743496757096032,0.001743496757096032,0.003486993514192064,0.023293116674802983,0.16224980821535673,0.002022456238231397
0.1937199246809401,0.03448636585535951,0.003486993514192064,0.03582885835832345,0.006991421995955088,,,0.002144501011228119,0.0005230490271288095,,0.46364809261454765,0.0018829764976637142,0.0005230490271288095,0.002963944487063254,0.036630866866587626,0.2169084315503173,0.0002615245135644048
0.16988632401143733,0.03305669851454076,0.0029465095194922937,0.049184043517679056,0.003225469000627659,,,0.0029465095194922937,0.0010635330218285795,,0.4665248622637561,0.002144501011228119,0.0010635330218285795,0.0024060255247925237,0.034660715531069114,0.2303682265150987,0.0005230490271288095
0.19537624660018132,0.03868819303996095,0.003469558546621103,0.04829486017156008,0.0026675500383569286,0.0002615245135644048,0.0002615245135644048,0.002127066043657159,0.001586582048957389,,0.47030825022665446,0.0026675500383569286,0.0023885905572215635,0.002127066043657159,0.0370841760234326,0.19242973708068903,0.0002615245135644048
0.19344096519980472,0.04241927610014645,0.005858149103842667,0.046150359160331965,0.005596624590278262,0.0005230490271288095,,0.004533091568449683,0.003731083060185508,,0.4205662877467048,0.0029290745519213335,0.004533091568449683,0.003452123579050143,0.03788618453169677,0.2270555826766162,0.0013250575353929842
0.20550596275890926,0.036822651509868194,0.00986819164516354,0.05978450380082293,0.004254132087314318,,0.0002615245135644048,0.003731083060185508,0.001865541530092754,,0.4118488039612246,0.001865541530092754,0.0013250575353929842,0.003190599065485738,0.035759118488039615,0.22259223097845038,0.0013250575353929842
0.1480228746774531,0.024565869307483088,0.007357556314945254,0.043413069251691194,0.004637701373875445,0.0002615245135644048,,0.0027198549410698096,0.0027198549410698096,0.0002615245135644048,0.5260478415510147,0.0024408954599344445,0.0013599274705349048,0.0032603389357695797,0.027843643210823627,0.20372759606667132,0.0013599274705349048
0.11566357486575075,0.025507357556314947,0.008874398493618802,0.03577655345561057,0.00331264383848246,0.0005404839946997698,0.0002615245135644048,0.0024932003626473255,0.0024932003626473255,0.0002615245135644048,0.6248343678080759,0.0022142408815119603,0.00165632191924123,0.0013773624381058652,0.0274600739242625,0.14533788967152522,0.0019352814003765952
0.1730246181742102,0.03828718878582886,0.0077062556663644605,0.03746774530999372,0.004132087314317595,,0.0010984029569705,0.003016249389776135,0.0013773624381058652,,0.484604923634842,0.0032952088709115,0.00163888695167027,0.002196805913941,0.035811423390752495,0.20608131668875096,0.0002615245135644048
0.17849919799149175,0.04602831438733524,0.006416068066113397,0.04093730385661483,0.005335100076713857,,0.0005230490271288095,0.004271567054885278,0.0016040170165283493,,0.44961294371992466,0.0032080340330566987,0.001865541530092754,0.002127066043657159,0.03987377083478625,0.21943650184810656,0.0002615245135644048
0.2005718669363275,0.030267103703187113,0.008333914498919032,0.05138084943162006,0.004166957249459516,,0.0005404839946997698,0.0024932003626473255,0.0013773624381058652,,0.4328405049166608,0.003609038287188786,0.00165632191924123,0.003609038287188786,0.03582885835832345,0.2230629751028663,0.0002615245135644048
0.17204825999023643,0.03609038287188786,0.007322686379803334,0.05104958504777181,0.005910454006555548,,0.00027895948113536507,0.004219262152172397,0.0013947974056768254,,0.45379733593695515,0.0013947974056768254,0.0011158379245414603,0.002249110816653881,0.03467815049864007,0.22845038008229304,
0.16570193179440687,0.02522839807517958,0.01204756259153358,0.04989887718808843,0.0042018271846014366,0.00027895948113536507,0.0005579189622707301,0.0027895948113536508,0.0011158379245414603,,0.5083164795313482,0.003347513773624381,0.0016737568868121905,0.0027895948113536508,0.031679336076434896,0.19009345142618034,0.00027895948113536507
0.10532463909617128,0.03621242764488458,0.013372620126926565,0.028697956621800684,0.003609038287188786,,0.0005404839946997698,0.0010984029569705,0.000819443475835135,,0.6532184950135993,0.0024932003626473255,0.00165632191924123,0.000819443475835135,0.02451356440477021,0.12762396261942952,
0.10216890996582746,0.02634423599972104,0.01424436850547458,0.02742520398912058,0.004289002022456238,0.0002615245135644048,0.0002615245135644048,0.0029465095194922937,0.0013424925029639444,,0.6830845944626542,0.001865541530092754,0.0029465095194922937,0.0013424925029639444,0.01692935351140247,0.11454773694120929,
0.16631215565939048,0.03298695864425692,0.011262989050840366,0.04050142966734082,0.001865541530092754,0.0010635330218285795,,0.0010635330218285795,0.0008020085082641747,,0.49391519631773484,0.006154543552548992,0.004289002022456238,0.0024060255247925237,0.029238440616500452,0.20761559383499548,0.0005230490271288095
0.15234674663505127,0.03535811423390753,0.011960387753678779,0.03800822930469349,0.0023885905572215635,,,0.0018481065625217937,0.0010635330218285795,,0.49598995745867913,0.0026501150707859684,0.0018481065625217937,0.0026501150707859684,0.03481763023920775,0.21828579398842318,0.0007845735406932143
0.17560499337471233,0.030197363832903272,0.006939117093242206,0.03715391589371644,0.004271567054885278,,,0.001865541530092754,0.0005230490271288095,,0.4893123648790013,0.001586582048957389,0.0023885905572215635,0.002127066043657159,0.036874956412581074,0.20982983471650743,0.0013250575353929842
0.17731362019666644,0.03455610572564335,0.010548155380430992,0.04116395843503731,0.0015691470813864285,0.0002615245135644048,,0.003957737638607992,0.0015691470813864285,,0.47315014994072113,0.0028942046167794127,0.001046098054257619,0.0015691470813864285,0.030336843573470954,0.21954111165353232,0.0005230490271288095
0.18069600390543272,0.03767696492084525,0.012553176651091428,0.04597600948462236,0.001586582048957389,0.0002615245135644048,0.0005230490271288095,0.005073575563149453,0.002127066043657159,0.0002615245135644048,0.43451426180347297,0.002127066043657159,0.003469558546621103,0.001865541530092754,0.03073784782760304,0.2402887230629751,0.0002615245135644048
0.15503173164097914,0.026204756259153358,0.016824743705976707,0.03612525280702978,0.0030336843573470955,,0.0005404839946997698,0.0057884092335588255,0.0030336843573470955,0.0002615245135644048,0.5137736243810587,0.002196805913941,0.0032952088709115,0.00163888695167027,0.02674524025385313,0.20468651928307413,0.000819443475835135
0.11004951530790152,0.027041634702559453,0.016214519840993095,0.03973429109421856,0.004585396471162563,0.0002615245135644048,0.0002615245135644048,0.004864355952297929,0.0008020085082641747,,0.6209812399748936,0.0016214519840993095,0.007026291931097008,0.003783387962898389,0.02460073924262501,0.137091150010461,0.0010809679893995397
0.18838482460422623,0.028122602691958994,0.010321500802008509,0.04231466629472069,0.0017958016598089127,,0.00024408954599344445,0.0023188506869377223,0.0010286630866866587,,0.49325266755003827,0.003085989260059976,0.0023188506869377223,0.0017958016598089127,0.02915126577864565,0.19225538740497944,0.003609038287188786
0.17992886533231048,0.03377153218495014,0.008368784434060953,0.03997838064021201,0.0016040170165283493,0.0002615245135644048,0.0005230490271288095,0.002684985005927889,0.002684985005927889,0.0005230490271288095,0.49414185089615736,0.002963944487063254,0.002144501011228119,0.0024234604923634843,0.03215008020085083,0.1942429737080689,0.0016040170165283493
0.17818536857521444,0.0348873701094916,0.006381198130971476,0.04074551921333426,0.003713648092614548,0.0002615245135644048,0.0002615245135644048,0.003452123579050143,0.001586582048957389,0.0002615245135644048,0.474074203221982,0.0023885905572215635,0.0007845735406932143,0.002127066043657159,0.03727596066671316,0.21254968965757723,0.0010635330218285795
0.1836948183276379,0.036055512936745936,0.00709603180138085,0.04946300299881442,0.004986400725294651,,,0.0042018271846014366,0.0007845735406932143,0.0002615245135644048,0.4611200223167585,0.002353720622079643,0.0005230490271288095,0.002353720622079643,0.034468930887788546,0.21185229095473881,0.0007845735406932143
0.18456656670618593,0.0438489434409652,0.008054955017783668,0.0441104679545296,0.007252946509519492,0.0002615245135644048,0.0002615245135644048,0.004289002022456238,0.0010635330218285795,,0.40391589371643766,0.003486993514192064,0.0013424925029639444,0.003225469000627659,0.033893576957946855,0.2596241020991701,0.0008020085082641747
0.14545993444452193,0.03828718878582886,0.01046098054257619,0.04214031661901109,0.0063288932282585956,,0.0002615245135644048,0.0063288932282585956,0.000819443475835135,,0.543046934932701,0.001917846432805635,0.0005404839946997698,0.001917846432805635,0.026989329799846574,0.17440198061231607,0.0010984029569705
0.10647534695585466,0.034120231536369346,0.00927540274775089,0.028663086686658762,0.0035392984169049443,0.0002615245135644048,,0.004358741892740079,0.0005404839946997698,,0.6615698444800893,0.0027198549410698096,0.0019004114652346746,0.0027198549410698096,0.021828579398842318,0.12066741055861636,0.0013599274705349048
0.168718181184183,0.03621242764488458,0.007392426250087175,0.04690006276588326,0.0013599274705349048,0.000819443475835135,0.0002615245135644048,0.004114652346746635,0.0013599274705349048,,0.4752946509519492,0.003556733384475905,0.00383569286561127,0.00163888695167027,0.02962200990306158,0.21865192830741334,0.0002615245135644048
0.18121905293256155,0.037014436153148755,0.005213055303717135,0.04327358951112351,0.000767138573122254,0.000767138573122254,0.00024408954599344445,0.003382383708766302,0.002074761140944278,,0.4815189343747821,0.0036439082223307063,0.0025978101680730874,0.0025978101680730874,0.03023223376804519,0.20494804379663853,0.0005056140595578493
0.1757096031801381,0.031051677243880325,0.006102238649836111,0.04710928237673478,0.0005056140595578493,0.0005056140595578493,,0.0022839807517958015,0.002022456238231397,,0.4910384266685264,0.0025455052653602065,0.0010112281191156985,0.0017783666922379525,0.03513145965548504,0.2021933189204268,0.0010112281191156985
0.17774949438594045,0.03732826556942604,0.006590417741823,0.03858358323453518,0.0025280702977892463,0.00024408954599344445,,0.0027895948113536508,0.0007497036055512937,,0.49605969732896305,0.0025280702977892463,0.0015168421786735478,0.0025280702977892463,0.03351000767138573,0.1970500034869935,0.00024408954599344445
0.20423321012622916,0.03828718878582886,0.008159564823209429,0.0482425552688472,0.002039891205802357,0.0007497036055512937,0.00024408954599344445,0.0022839807517958015,0.0017783666922379525,,0.4121626333775019,0.003574168352046865,0.0028070297789246114,0.00331264383848246,0.03445149592021759,0.2358951112350931,0.0017783666922379525
0.14994072111025875,0.030912197503312644,0.010042541320873143,0.046359578771183484,0.0035916033196178253,,0.00024408954599344445,0.0020573261733733174,0.0005056140595578493,,0.5350791547527722,0.0012727526326801032,0.000767138573122254,0.0020573261733733174,0.027041634702559453,0.1890996582746356,0.0010286630866866587
0.12509589232164028,0.024234604923634842,0.007479601087941976,0.0394553316130832,0.0020573261733733174,0.00024408954599344445,0.00024408954599344445,0.0017958016598089127,0.00024408954599344445,0.00024408954599344445,0.6390438663784085,0.0028244647464955716,0.0023188506869377223,0.001534277146244508,0.023467466350512587,0.1289490201548225,0.000767138573122254
0.17848176302392077,0.03192342562242834,0.007200641606806612,0.04222749145686589,0.003347513773624381,0.00024408954599344445,0.0005056140595578493,0.0038531278331822303,0.00024408954599344445,,0.5038008229304693,0.003347513773624381,0.0010286630866866587,0.0025629402329311666,0.03502684985005928,0.1862054536578562,
0.15708905781435248,0.03464328056349815,0.005526884719994421,0.03656112699630379,0.001429667340818746,,0.00047074412441592856,0.005526884719994421,0.00047074412441592856,,0.5240079503452124,0.003364948741195341,0.0011855777948253017,0.0028767696492084526,0.030546063184322476,0.1963002998814422,
0.19150568379942814,0.033544877606527655,0.005509449752423461,0.041931097008159564,0.0011855777948253017,0.00022665457842248413,0.00047074412441592856,0.003347513773624381,0.000714833670409373,,0.48312295139131034,0.003347513773624381,0.0011855777948253017,0.0023885905572215635,0.033544877606527655,0.19797405676825441,
0.19230769230769232,0.03134807169258665,0.007392426250087175,0.04146035288374364,0.0007322686379803334,0.00024408954599344445,0.00024408954599344445,0.003940302671037032,0.00024408954599344445,,0.4804379663853825,0.0029465095194922937,0.001970151335518516,0.0027024199734988494,0.029866099449055026,0.20416347025594533,
0.18055652416486506,0.03544528907176232,0.0045156566008787225,0.038461538461538464,0.004010042541320873,,0.0004881790919868889,0.004271567054885278,0.00024408954599344445,,0.46021340400306854,0.0012553176651091428,0.000993793151544738,0.0025106353302182857,0.028907176232652206,0.23763860799218914,0.0004881790919868889
0.15170165283492573,0.031121417114164166,0.0032080340330566987,0.041495222818885555,0.004445916730594881,0.00024408954599344445,0.00024408954599344445,0.00493409582258177,0.00024408954599344445,,0.5454703954250646,0.00024408954599344445,0.0032080340330566987,0.0017260617895250715,0.02419973498849292,0.18678080758769788,0.0007322686379803334
0.10929981170235023,0.020991700955436222,0.001917846432805635,0.0330392635469698,0.003609038287188786,0.00022665457842248413,0.00047074412441592856,0.003609038287188786,0.0012030127623962618,,0.6587279447660227,0.00022665457842248413,0.0012030127623962618,0.000714833670409373,0.021462445079852153,0.14282725434130691,0.00047074412441592856
0.1615524095125183,0.028663086686658762,0.00273728990864077,0.03989120580235721,0.003975172606178952,0.00024408954599344445,0.00024408954599344445,0.003486993514192064,0.000993793151544738,,0.5356196387474719,0.0029813794546342145,0.001481972243531627,0.001987586303089476,0.0296568798382035,0.18599623404700466,0.0004881790919868889
0.17462863519073854,0.030842457633028803,0.003225469000627659,0.0360729479043169,0.006206848455261873,,0.00024408954599344445,0.004968965757723691,0.0004881790919868889,,0.5062940232931167,0.001987586303089476,0.0027198549410698096,0.001481972243531627,0.03208034033056698,0.1985145407629542,0.00024408954599344445
0.17305948810935212,0.031522421368296256,0.004707441244159286,0.037485180277564686,0.005213055303717135,,0.0004881790919868889,0.004707441244159286,0.0004881790919868889,,0.49632122184252736,0.002963944487063254,0.001970151335518516,0.0027198549410698096,0.03401562173094358,0.20409373038566148,0.00024408954599344445
0.17963247088360415,0.0318536857521445,0.002196805913941,0.0369970011855778,0.003173164097914778,,0.0012204477299672222,0.00709603180138085,0.0004881790919868889,,0.5101994560290117,0.003417253643908222,0.0019527163679475556,0.0019527163679475556,0.03160959620615106,0.1879663853825232,0.00024408954599344445
0.174872724736732,0.028401562173094357,0.0029290745519213335,0.035270939396052726,0.0029290745519213335,0.0004881790919868889,0.0007322686379803334,0.009048748169328404,0.0007322686379803334,,0.477160192482042,0.0024408954599344445,0.0019527163679475556,0.0014645372759606668,0.03281260896854732,0.2275437617686031,0.0012204477299672222
0.13539995815607783,0.024984308529186136,0.004829486017156008,0.0441104679545296,0.005352535044284817,,0.0007497036055512937,0.005596624590278262,0.0010112281191156985,,0.5311737220168771,0.0022839807517958015,0.0030511193249180557,0.0007497036055512937,0.028296952367668597,0.210893367738336,0.0015168421786735478
0.10182021061440825,0.021654229723132714,0.0016214519840993095,0.023275681707232026,0.0016214519840993095,,0.0010809679893995397,0.004323871957598159,0.0013424925029639444,,0.6334123718529884,0.0021619359787990794,0.0013424925029639444,0.0010809679893995397,0.02571657716716647,0.17738336006695027,0.0021619359787990794
0.166957249459516,0.02616988632401144,0.00047074412441592856,0.035375549201478486,0.004114652346746635,,0.00022665457842248413,0.003382383708766302,0.0012030127623962618,,0.5304937582816096,0.004358741892740079,0.001691191854383151,0.00047074412441592856,0.03197573052514122,0.18948322756119673,0.003626473254759746
0.177941279029221,0.03126089685473185,0.001691191854383151,0.034172536439082225,0.0028942046167794127,,0.000714833670409373,0.003382383708766302,0.0012030127623962618,,0.519370248971337,0.0014471023083897064,0.003138294162772857,0.0014471023083897064,0.03345770276867285,0.18643210823627868,0.0014471023083897064
0.1688053560220378,0.034468930887788546,0.0028070297789246114,0.042890020224562383,0.00331264383848246,,0.0005056140595578493,0.004585396471162563,0.0015168421786735478,,0.5013424925029639,0.002039891205802357,0.00331264383848246,0.0015168421786735478,0.03473045540135295,0.1971546132924193,0.0010112281191156985
0.16795104261106075,0.03300439361182788,0.003138294162772857,0.03420740637422414,0.004114652346746635,0.00022665457842248413,0.00022665457842248413,0.004358741892740079,0.0014471023083897064,,0.502597810168073,0.002911639584350373,0.004114652346746635,0.001691191854383151,0.03324848315782133,0.20629053629960248,0.00047074412441592856
0.17888276727805286,0.033109003417253646,0.004690006276588325,0.03729339563428412,0.00493409582258177,0.0017260617895250715,0.0009763581839737778,0.0036962131250435873,0.001481972243531627,,0.46664690703675293,0.005178185368575215,0.00493409582258177,0.002963944487063254,0.030633238022177278,0.22260966594602133,0.00024408954599344445
0.13766650394030266,0.024932003626473256,0.002196805913941,0.03839179859125462,0.004149522281888556,0.00024408954599344445,0.0004881790919868889,0.0024408954599344445,0.0007322686379803334,,0.5549898877188089,0.0019527163679475556,0.0014645372759606668,0.003417253643908222,0.02909896087593277,0.19734639793569983,0.0004881790919868889
0.1031627031173722,0.02250854313410977,0.0025629402329311666,0.032585954390124836,0.004219262152172397,0.00022665457842248413,0.00045330915684496827,0.0028070297789246114,,,0.674419415579887,0.0028070297789246114,0.0037485180277564683,0.0023362856545086825,0.022264453588116326,0.12567124625148196,0.00022665457842248413
0.15456098751656322,0.02681498012413697,0.006869377222958366,0.03584629332589442,0.0023711555896506033,,0.00022665457842248413,0.0023711555896506033,0.00047074412441592856,,0.569408605899993,0.0028418997140665318,0.0028418997140665318,0.0006973987028384127,0.030859892600599764,0.16381895529674315,
0.16734081874607712,0.03309156844968268,0.006520677871539159,0.03356231257409861,0.003713648092614548,0.00045330915684496827,0.0006973987028384127,0.0032603389357695797,0.002092196108515238,,0.5299707092544808,0.0025629402329311666,0.003486993514192064,0.0032603389357695797,0.030528628216751518,0.1790048120510496,0.00045330915684496827
0.15970430294999652,0.030842457633028803,0.009937931515447382,0.03806053420740638,0.005213055303717135,,0.0007322686379803334,0.008455959271915755,0.0012378826975381826,,0.5040449124764628,0.001987586303089476,0.001987586303089476,0.0029813794546342145,0.037554920147848524,0.1957772508543134,0.001481972243531627
0.1615524095125183,0.030929632470883605,0.008089824952925588,0.034364321082362786,0.006137108584978032,,0.00024408954599344445,0.004166957249459516,0.001708626821954111,,0.5208173512797266,0.0029290745519213335,0.0019527163679475556,0.003922867703466072,0.03314387335239556,0.1890647883394937,0.0009763581839737778
0.18925657298277426,0.02963944487063254,0.0069565520608131665,0.041251133272892114,0.0069565520608131665,,0.0005056140595578493,0.004114652346746635,0.0012727526326801032,,0.4403201060046029,0.003609038287188786,0.0020573261733733174,0.004114652346746635,0.037119045958574515,0.23232094288304625,0.0005056140595578493
0.150707859683381,0.029430225259781017,0.01042611060743427,0.03746774530999372,0.008560569077341516,,0.0013250575353929842,0.005614059557849223,0.0016040170165283493,,0.4901492433224074,0.0032080340330566987,0.004550526536020643,0.003469558546621103,0.03345770276867285,0.21870423321012622,0.0013250575353929842
0.10841062835623126,0.025611967361740706,0.006729897482390682,0.029395355324639095,0.007008856963526048,,0.0013424925029639444,0.005927888974126508,0.0002615245135644048,,0.6235964851105378,0.0010635330218285795,0.003504428481763024,0.0018829764976637142,0.026152451356440478,0.15776902154961991,0.0013424925029639444
0.16948531975730524,0.02400795034521236,0.005178185368575215,0.04011786038077969,0.006276588325545714,,0.0008020085082641747,0.004079782411604714,0.0010809679893995397,,0.4878129576678988,0.0024408954599344445,0.0032603389357695797,0.0013599274705349048,0.03983890089964433,0.2137178324848316,0.0005404839946997698
0.16587628147011646,0.029308180486784293,0.005300230141571937,0.04020503521863449,0.005300230141571937,0.0005579189622707301,0.00027895948113536507,0.005300230141571937,0.0011158379245414603,,0.49041076783597193,0.003068554292489016,0.0039054327358951113,0.0027895948113536508,0.03351000767138573,0.21279377920357068,0.00027895948113536507
0.18346816374921543,0.03319617825510845,0.006799637352674524,0.048992258874398495,0.0029813794546342145,,0.0005404839946997698,0.003521863449333984,0.0016214519840993095,,0.47013390055094495,0.0024408954599344445,0.0029813794546342145,0.0032603389357695797,0.03891484761838343,0.20088569635260478,0.0002615245135644048
0.18200362647325477,0.031016807308738407,0.00767138573122254,0.04309923983541391,0.00327777390334054,,0.0005404839946997698,0.00327777390334054,0.0010809679893995397,,0.44589929562731,0.00327777390334054,0.00327777390334054,0.00327777390334054,0.035950903131320176,0.23608689587837367,0.0002615245135644048
0.19408605899993026,0.03140037659529953,0.005875584071413627,0.042349536229862615,0.007566775925796778,,0.0008368784434060953,0.0042018271846014366,0.0019527163679475556,,0.4346711765116117,0.0025106353302182857,0.0022316758490829205,0.0042018271846014366,0.03645651719087802,0.2313794546342144,0.00027895948113536507
0.1725015691470814,0.02800055791896227,0.004463351698165841,0.042890020224562383,0.003574168352046865,,0.0011855777948253017,0.005352535044284817,0.001481972243531627,,0.4530825022665457,0.0011855777948253017,0.001481972243531627,0.0050561405955784925,0.03246390961712811,0.24668735616151755,0.0005927888974126508
0.11745937652555966,0.019806123160610922,0.004742311179301207,0.04044912476462794,0.004184392217030476,,0.0013947974056768254,0.0019527163679475556,0.00027895948113536507,,0.5996582746356092,0.0008368784434060953,0.0013947974056768254,0.005021270660436571,0.025106353302182857,0.17687774600739242,0.0008368784434060953
0.16463839877257827,0.03141781156287049,0.003975172606178952,0.035916033196178254,0.0029813794546342145,,0.00024408954599344445,0.00273728990864077,0.0007322686379803334,,0.52414743008578,0.001481972243531627,0.001987586303089476,0.003242903968198619,0.03267312922797964,0.19333635539437896,0.0004881790919868889
0.17476811493130623,0.03368435734709534,0.004812051049585047,0.044075598019387686,0.0030336843573470955,0.00024408954599344445,0.00024408954599344445,0.001760931724666992,0.0010112281191156985,,0.5008368784434061,0.002022456238231397,0.002022456238231397,0.0050561405955784925,0.03772926982355813,0.18794895041495221,0.0007497036055512937
0.17625008717483787,0.03174907594671874,0.003434688611479183,0.03572424855289769,0.0036962131250435873,,0.0002615245135644048,0.004498221633307762,0.003434688611479183,,0.48457005369969997,0.0007845735406932143,0.001586582048957389,0.004219262152172397,0.041007043726898666,0.208260687635121,0.0005230490271288095
0.16245902782620825,0.026989329799846574,0.0024932003626473255,0.041983401910872443,0.004236697119743357,,0.0004881790919868889,0.004236697119743357,0.000993793151544738,,0.49170095543622283,0.00273728990864077,0.003486993514192064,0.004498221633307762,0.03949020154822512,0.21345630797126716,0.0007497036055512937
0.18292767975451565,0.03554989887718809,0.006171978520119952,0.041965966943301486,0.0029465095194922937,0.00024408954599344445,0.00024408954599344445,0.004690006276588325,0.0014645372759606668,,0.4597077899435107,0.0029465095194922937,0.0022142408815119603,0.005666364460562103,0.03677034660715531,0.21575772369063392,0.0007322686379803334
0.14941767208312992,0.030877327568170722,0.006712462514819722,0.04805077062556664,0.004219262152172397,0.00024408954599344445,,0.004480786665736802,0.0017260617895250715,,0.518446195690076,0.001987586303089476,0.0022316758490829205,0.004480786665736802,0.026640630448427367,0.20024060255247925,0.00024408954599344445
0.1020643001604017,0.029831229513913104,0.006503242903968198,0.03535811423390753,0.0029988144222051747,,0.00024408954599344445,0.0020050212706604364,0.0004881790919868889,,0.6394971755352534,0.0014994072111025874,0.0024932003626473255,0.004759746146872167,0.02732059418369482,0.1439430922658484,0.000993793151544738
0.11294371992468094,0.022072668944835762,0.0043064369900271985,0.029691749773345422,0.0038008229304693493,0.0005056140595578493,0.00024408954599344445,0.0038008229304693493,0.0007497036055512937,,0.6503591603319618,0.0032952088709115,0.0027895948113536508,0.0035392984169049443,0.028418997140665318,0.1327324081177209,0.0007497036055512937
0.16268568240463072,0.0358985982286073,0.0032080340330566987,0.041338308110746916,0.0024757653950763653,0.0007322686379803334,,0.0022142408815119603,0.0012378826975381826,,0.5204337819931655,0.0024757653950763653,0.003713648092614548,0.003713648092614548,0.03689239138015203,0.18200362647325477,0.0009763581839737778
0.17743566496966315,0.032585954390124836,0.004341306925169119,0.04175674733244996,0.003609038287188786,0.00022665457842248413,0.00047074412441592856,0.003364948741195341,0.0012030127623962618,,0.510548155380431,0.003609038287188786,0.0028942046167794127,0.0038531278331822303,0.03499197991491736,0.17743566496966315,0.0016737568868121905
0.15670548852779134,0.033544877606527655,0.005125880465862333,0.039420461677941276,0.0019527163679475556,0.00024408954599344445,,0.0024408954599344445,0.0014645372759606668,0.00024408954599344445,0.5257863170374504,0.0024408954599344445,0.002684985005927889,0.003173164097914778,0.0359857730664621,0.1875653811283911,0.0012204477299672222
0.16971197433572774,0.03757235511541949,0.006695027547248762,0.034468930887788546,0.0031034242276309367,0.0009414882488318571,0.00047074412441592856,0.0023885905572215635,0.002632680103215008,,0.46125950205732624,0.004062347444033754,0.002144501011228119,0.002632680103215008,0.034224841341795105,0.235058232791687,0.002632680103215008
0.149818676337262,0.029709184740916383,0.006381198130971476,0.05844201129785898,0.0024408954599344445,0.00024408954599344445,0.0004881790919868889,0.002196805913941,0.0029465095194922937,,0.5022839807517958,0.003922867703466072,0.0044110467954529605,0.004166957249459516,0.022334193458400167,0.20850477718111443,0.001708626821954111
0.0963979356998396,0.02585605690773415,0.005509449752423461,0.031627031173722016,0.0007497036055512937,0.00024408954599344445,0.00024408954599344445,0.004759746146872167,0.0020050212706604364,,0.6664865053351001,0.0004881790919868889,0.0027547248762117304,0.005003835692865611,0.021828579398842318,0.13430155519910733,0.001743496757096032
0.14572145895808633,0.025908361810447034,0.003016249389776135,0.03572424855289769,0.0012553176651091428,,,0.0025106353302182857,0.0007497036055512937,,0.5677174140456099,0.0014994072111025874,0.004010042541320873,0.0027547248762117304,0.035480159006904245,0.17340818746077133,0.00024408954599344445
0.138398772578283,0.033178743287537484,0.003085989260059976,0.03188855568728642,0.0028244647464955716,,,0.0025629402329311666,0.0010286630866866587,,0.5761210684148128,0.0035916033196178253,0.0038531278331822303,0.0017958016598089127,0.03241160471441523,0.16875305111932493,0.0005056140595578493
0.16362717065346258,0.025333007880605343,0.004132087314317595,0.03670060673687147,0.004393611827882,0.00024408954599344445,0.0005056140595578493,0.003085989260059976,0.0020573261733733174,,0.5267975451565661,0.004393611827882,0.0025803752005021273,0.003347513773624381,0.03901945742380919,0.18353790361949926,0.00024408954599344445
0.15541530092754027,0.031034242276309364,0.00327777390334054,0.04238440616500453,0.0022665457842248413,,,0.00327777390334054,0.0012553176651091428,,0.5247227840156218,0.0022665457842248413,0.0004881790919868889,0.0020050212706604364,0.037589790082990446,0.19377222958365298,0.00024408954599344445
0.1786909826347723,0.03401562173094358,0.005282795174000977,0.04536578561963875,0.0057884092335588255,0.00024408954599344445,0.00024408954599344445,0.0037659529953274285,0.000993793151544738,0.00024408954599344445,0.45498291373178046,0.0020050212706604364,0.005282795174000977,0.0025106353302182857,0.03502684985005928,0.22531208591952018,0.00024408954599344445
0.15062068484552618,0.030580933119464398,0.006468372968826278,0.03291721877397308,0.005701234395704024,,0.0005056140595578493,0.003364948741195341,0.001813236627379873,0.0005056140595578493,0.5355324639096172,0.0012901876002510636,0.001813236627379873,0.0020573261733733174,0.02902922100564893,0.19598647046516493,0.001813236627379873
0.09838552200292908,0.02079991631215566,0.006119673617407072,0.029325615454355254,0.0029290745519213335,0.0002615245135644048,0.0007845735406932143,0.004533091568449683,0.0010635330218285795,0.0002615245135644048,0.670008368784434,0.002127066043657159,0.0007845735406932143,0.003452123579050143,0.027721598437826907,0.12985563846851245,0.001586582048957389
0.15613013459794964,0.03800822930469349,0.004881790919868889,0.039176372131947836,0.003452123579050143,,,0.0031557291303438177,0.001150707859683381,0.0008543134109770555,0.5155868610084385,0.0031557291303438177,0.0020050212706604364,0.0031557291303438177,0.038601018202106145,0.18896017853406794,0.0017260617895250715
0.1428446893088779,0.034033056698514544,0.0039054327358951113,0.03626473254759746,0.005858149103842667,,0.0008368784434060953,0.003347513773624381,0.0008368784434060953,0.00027895948113536507,0.5153950763651579,0.003347513773624381,0.0016737568868121905,0.0016737568868121905,0.038217448915545016,0.21009135923007183,0.0013947974056768254
0.18052165422972313,0.03443406095264663,0.002684985005927889,0.04304693493270102,0.0037659529953274285,0.0002615245135644048,0.0002615245135644048,0.004027477508891834,0.0016040170165283493,,0.48324499616430705,0.0024060255247925237,0.0008020085082641747,0.002684985005927889,0.037398005439709885,0.20151335518515937,0.0013424925029639444
0.16324360136690147,0.03439919101750471,0.005317665109142897,0.037066741055861635,0.0029290745519213335,,,0.0013250575353929842,0.0010635330218285795,,0.4901143733872655,0.002127066043657159,0.001586582048957389,0.003452123579050143,0.04053629960248274,0.21258455959271916,0.004254132087314318
0.179266336564614,0.03366692237952437,0.005561754655136341,0.05064858079363972,0.004759746146872167,,0.0002615245135644048,0.003173164097914778,0.0023711555896506033,,0.4315503173164098,0.0021096310760861984,0.0005230490271288095,0.003975172606178952,0.04215775158658205,0.2389287955924402,0.001046098054257619
0.16659111514052583,0.024565869307483088,0.006468372968826278,0.045627310133203154,0.004846920984726969,,,0.002963944487063254,0.0016040170165283493,,0.502214240881512,0.002963944487063254,0.002144501011228119,0.0043064369900271985,0.02915126577864565,0.20655206081316688,
0.11268219541111653,0.019562033614617478,0.003574168352046865,0.027547248762117303,0.002196805913941,,0.0002615245135644048,0.00163888695167027,0.001917846432805635,0.0002615245135644048,0.6507601645860939,0.003574168352046865,0.0024757653950763653,0.0032952088709115,0.023415161447799707,0.1468372968826278,
0.1629123369830532,0.03443406095264663,0.00163888695167027,0.03935072180765744,0.0021793709463700395,,0.0005404839946997698,0.0013599274705349048,0.0013599274705349048,,0.5220029290745519,0.00327777390334054,0.0029988144222051747,0.0019004114652346746,0.0360729479043169,0.18943092265848385,0.0005404839946997698
0.17774949438594045,0.035863728293465374,0.0016214519840993095,0.033701792314666294,0.0051607504010042545,0.0002615245135644048,0.0005404839946997698,0.0029813794546342145,0.0019004114652346746,,0.47797963595787707,0.0019004114652346746,0.0024408954599344445,0.0027024199734988494,0.03968198619150568,0.21417114164167655,0.0013424925029639444
0.18399121277634423,0.027041634702559453,0.0016214519840993095,0.04329102447869447,0.003504428481763024,,,0.004323871957598159,0.0018829764976637142,,0.47517260617895263,0.0018829764976637142,0.003242903968198619,0.0021619359787990794,0.03949020154822512,0.21185229095473881,0.0005404839946997698
0.17998117023502336,0.041634702559453236,0.0022665457842248413,0.03907176232652207,0.004550526536020643,,,0.003992607573749913,0.001987586303089476,,0.4615733314736036,0.0022665457842248413,0.0014122323732477858,0.001987586303089476,0.041931097008159564,0.21706534625845597,0.00027895948113536507
0.18780947067438455,0.03450380082293047,0.0032952088709115,0.04186135713787573,0.0035392984169049443,,,0.0032952088709115,0.0010112281191156985,,0.4531696771044006,0.0030336843573470955,0.002022456238231397,0.0025280702977892463,0.03450380082293047,0.2284155101471511,0.0010112281191156985
0.1605934862961155,0.03492224004463352,0.001743496757096032,0.04522630587907107,0.005021270660436571,0.00024408954599344445,0.0004881790919868889,0.0032603389357695797,0.0014994072111025874,,0.5150812469488807,0.004010042541320873,0.0032603389357695797,0.000993793151544738,0.024618174210195968,0.1975381825789804,0.0014994072111025874
0.10727735546411883,0.023746425831647953,0.002859334681637492,0.03366692237952437,0.005736104330845945,,0.000767138573122254,0.004166957249459516,0.00024408954599344445,,0.6396540902433921,0.002074761140944278,0.0025978101680730874,0.003120859195201897,0.02243880326382593,0.15088220935909058,0.000767138573122254
0.15323592998117022,0.03567194365018481,0.0035916033196178253,0.03952507148336704,0.003330078806053421,0.00024408954599344445,0.0005056140595578493,0.0035916033196178253,0.000767138573122254,0.00024408954599344445,0.5601506381198131,0.000767138573122254,0.0028070297789246114,0.001534277146244508,0.030284538670758074,0.16324360136690147,0.0005056140595578493
0.1632261663993305,0.03293465374154404,0.002963944487063254,0.03392844689308878,0.0024757653950763653,,0.0007322686379803334,0.001481972243531627,0.0004881790919868889,,0.5453309156844968,0.0009763581839737778,0.001970151335518516,0.0017260617895250715,0.03492224004463352,0.1768428760722505,
0.1676197782272125,0.0339633168282307,0.003957737638607992,0.04660366831717693,0.0024757653950763653,,0.0007322686379803334,0.0032080340330566987,0.001481972243531627,,0.5123439570402399,0.0024757653950763653,0.0017260617895250715,0.0022316758490829205,0.03124346188716089,0.1877048608689588,0.0022316758490829205
0.18114931306227772,0.029778924611200224,0.0042018271846014366,0.033736662249808216,0.0024757653950763653,0.00024408954599344445,0.00024408954599344445,0.0022316758490829205,0.0012378826975381826,,0.5132157054187879,0.003957737638607992,0.001481972243531627,0.001970151335518516,0.03300439361182788,0.19033754097217379,0.0007322686379803334
0.1721877397308041,0.03677034660715531,0.0046202664063044845,0.037014436153148755,0.007549340958225818,,,0.007793430504219262,0.0021793709463700395,,0.4915789106632261,0.0019352814003765952,0.0019352814003765952,0.0021793709463700395,0.03262082432526676,0.2009205662877467,0.000714833670409373
0.15625217937094638,0.03924611200223167,0.006241718390403794,0.041495222818885555,0.00824673966106423,0.00024408954599344445,0.0012378826975381826,0.005736104330845945,0.003242903968198619,,0.5118209080131111,0.004498221633307762,0.001987586303089476,0.0024932003626473255,0.02650115070785968,0.18901248343678081,0.001743496757096032
0.11074691401073994,0.02793081804867843,0.00765395076365158,0.03781644466141293,0.008403654369202873,0.00024408954599344445,0.0004881790919868889,0.005178185368575215,0.0012204477299672222,,0.6319827045121695,0.0017260617895250715,0.001970151335518516,0.001481972243531627,0.02076504637701374,0.13942743566496965,0.002963944487063254
0.15520608131668875,0.03173164097914778,0.0052479252388590554,0.035236069460910804,0.006241718390403794,,0.00024408954599344445,0.004236697119743357,0.001743496757096032,,0.5594532394169747,0.002249110816653881,0.0012378826975381826,0.0004881790919868889,0.03023223376804519,0.16470813864286213,0.001743496757096032
0.1642722644535881,0.0370841760234326,0.005213055303717135,0.03757235511541949,0.001481972243531627,,,0.0022316758490829205,0.000993793151544738,,0.5050038356928657,0.000993793151544738,0.000993793151544738,0.0012378826975381826,0.03582885835832345,0.2060987516563219,0.000993793151544738
0.15419485319757306,0.03330078806053421,0.003783387962898389,0.03910663226166399,0.0007497036055512937,,0.0004881790919868889,0.0027721598437826906,0.0012553176651091428,,0.5339807517958017,0.003016249389776135,0.004027477508891834,0.001760931724666992,0.03481763023920775,0.18599623404700466,0.0007497036055512937
0.1624415928586373,0.031627031173722016,0.005300230141571937,0.029343050421926215,0.0012553176651091428,0.00024408954599344445,,0.0025280702977892463,0.0012553176651091428,,0.5117686031103982,0.0022665457842248413,0.001760931724666992,0.0022665457842248413,0.036927261315293954,0.2105097984517749,0.0005056140595578493
0.18261385033823838,0.02859334681637492,0.005265360206430016,0.047649766371434546,0.0012378826975381826,,0.00024408954599344445,0.0037485180277564683,0.0014994072111025874,,0.4662982076853337,0.0032603389357695797,0.001743496757096032,0.0020050212706604364,0.03260338935769579,0.22299323523258247,0.00024408954599344445
0.15041146523467466,0.04452890717623265,0.006206848455261873,0.05383917985912546,0.0012901876002510636,,0.0005056140595578493,0.0023188506869377223,0.000767138573122254,,0.47534695585466213,0.0025803752005021273,0.0005056140595578493,0.003364948741195341,0.02794825301624939,0.2301415719366762,0.00024408954599344445
0.10555129367459376,0.030005579189622707,0.0055791896227073015,0.030772717762744962,0.002022456238231397,,0.00024408954599344445,0.0030511193249180557,0.0005056140595578493,,0.6434723481414325,0.002022456238231397,0.0022839807517958015,0.0030511193249180557,0.024164865053351,0.14676755701234395,0.0005056140595578493
0.14737778087732756,0.03968198619150568,0.002022456238231397,0.028820001394797404,0.002022456238231397,,0.0005056140595578493,0.002022456238231397,0.0010112281191156985,,0.5639688960178535,0.003783387962898389,0.0007497036055512937,0.0027721598437826906,0.03134807169258665,0.17366971197433573,0.00024408954599344445
0.1611165353232443,0.03849640839668038,0.0022839807517958015,0.03262082432526676,0.0025455052653602065,0.00024408954599344445,0.00024408954599344445,0.0017783666922379525,0.0010112281191156985,,0.532533649487412,0.003556733384475905,0.0010112281191156985,0.00331264383848246,0.03338796289838901,0.185856754306437,
0.15743775716577166,0.03556733384475905,0.005282795174000977,0.040623474440337544,0.0020050212706604364,,0.0004881790919868889,0.001760931724666992,0.0007497036055512937,,0.5141397587000489,0.0022665457842248413,0.003783387962898389,0.0025106353302182857,0.033806402120092054,0.19957807378478276,
0.16327847130204337,0.03882767278052863,0.004968965757723691,0.0415649626891694,0.001987586303089476,,0.00024408954599344445,0.003975172606178952,0.0007322686379803334,,0.5022491108166539,0.00273728990864077,0.00273728990864077,0.003975172606178952,0.03459097566078527,0.1978868819303996,0.00024408954599344445
0.1817246669921194,0.04560987516563219,0.007636515796080619,0.04944556803124346,0.0038182578980403095,,,0.004829486017156008,0.0017783666922379525,,0.4182300020921961,0.005335100076713857,0.0022839807517958015,0.0038182578980403095,0.0341376665039403,0.24084664202524583,0.0005056140595578493
0.14831926912615942,0.05723899853546272,0.011960387753678779,0.04554013529534835,0.003382383708766302,,,0.003887997768324151,0.002074761140944278,,0.46453727596066685,0.003382383708766302,0.001813236627379873,0.006241718390403794,0.027843643210823627,0.22222609665946022,0.0015517121138154683
0.09814143245693563,0.02247367319896785,0.010844549829137318,0.032533649487411956,0.0023711555896506033,,,0.0021096310760861984,0.0007845735406932143,,0.6514052583862194,0.0013076225678220238,0.0018481065625217937,0.0005230490271288095,0.022752632680103215,0.15053351000767137,0.0023711555896506033
0.15538043099239834,0.03516632959062696,0.00655554780668108,0.03779900969384197,0.0002615245135644048,0.0002615245135644048,0.0002615245135644048,0.0018306715949508335,0.0015691470813864285,,0.5286456517190878,0.0018306715949508335,0.0005230490271288095,0.0013076225678220238,0.032010600460283145,0.19555059627589091,0.001046098054257619
0.1550142966734082,0.0460457493549062,0.003678778157472627,0.038409233558825584,0.0015691470813864285,,0.0005230490271288095,0.002092196108515238,0.0018306715949508335,,0.5245484343399122,0.003678778157472627,0.001046098054257619,0.001046098054257619,0.03577655345561057,0.1836948183276379,0.001046098054257619
0.1712636864495432,0.0341376665039403,0.002911639584350373,0.04102447869446963,0.001586582048957389,0.0002615245135644048,0.0005230490271288095,0.002632680103215008,0.001586582048957389,,0.5061371085849781,0.0021096310760861984,0.0013076225678220238,0.0021096310760861984,0.03704930608829068,0.19535881163261037,
0.17490759467187392,0.03486993514192063,0.0025629402329311666,0.034608410628356234,0.002301415719366762,0.00024408954599344445,0.00024408954599344445,0.003068554292489016,0.001534277146244508,,0.4892426250087175,0.004358741892740079,0.002039891205802357,0.002039891205802357,0.03949020154822512,0.20824325266755003,0.00024408954599344445
0.17502963944487063,0.045871399679196595,0.005666364460562103,0.03685752144501011,0.0025629402329311666,,0.0005056140595578493,0.0035916033196178253,0.0017958016598089127,,0.4598123997489365,0.003347513773624381,0.0010286630866866587,0.0023188506869377223,0.03401562173094358,0.22735197712532254,0.00024408954599344445
0.13723062975102868,0.03267312922797964,0.007880605342074064,0.03131320175744473,0.0027198549410698096,,0.0002615245135644048,0.0046202664063044845,0.0008020085082641747,,0.5551816723620894,0.0016214519840993095,0.0008020085082641747,0.0024408954599344445,0.039751726061789526,0.18270102517609318,
0.11147918264872027,0.03344026780110189,0.004132087314317595,0.030319408605899992,0.0028418997140665318,,0.0005056140595578493,0.006206848455261873,0.0005056140595578493,0.00024408954599344445,0.6452332798660995,0.0005056140595578493,0.0010286630866866587,0.000767138573122254,0.025402747750889184,0.13714345491317387,0.00024408954599344445
0.14854592370458192,0.03209777529813795,0.0027895948113536508,0.03617755770974266,0.002022456238231397,0.0005056140595578493,0.00024408954599344445,0.0022839807517958015,0.00024408954599344445,,0.5667061859264941,0.0025455052653602065,0.0017783666922379525,0.0010112281191156985,0.03260338935769579,0.17020015342771463,0.00024408954599344445
0.16014017713927053,0.03544528907176232,0.0037659529953274285,0.030406583443754794,0.0025106353302182857,,,0.004010042541320873,0.000993793151544738,,0.5437966385382523,0.0025106353302182857,0.0032603389357695797,0.001743496757096032,0.03921124206708976,0.17196108515238162,0.00024408954599344445
0.16301694678847897,0.03133063672501569,0.0017783666922379525,0.03208034033056698,0.0027895948113536508,,0.0005056140595578493,0.0027895948113536508,0.0005056140595578493,,0.5367529116395844,0.0022839807517958015,0.0005056140595578493,0.0022839807517958015,0.039228677034660715,0.18390403793848945,0.00024408954599344445
0.15959969314457076,0.037973359369551575,0.00163888695167027,0.034660715531069114,0.001917846432805635,,0.0002615245135644048,0.00383569286561127,0.0005404839946997698,,0.5232408117720901,0.001917846432805635,0.0010984029569705,0.0032952088709115,0.03356231257409861,0.19619569007601645,0.0002615245135644048
0.18515935560359859,0.03288234883883116,0.002684985005927889,0.03664830183415859,0.002684985005927889,,0.0002615245135644048,0.005387404979426739,0.0016040170165283493,,0.4925727038147708,0.0024234604923634843,0.0013424925029639444,0.0024234604923634843,0.03314387335239556,0.20025803752005022,0.0005230490271288095
0.14748239068275332,0.025943231745588952,0.003957737638607992,0.04050142966734082,0.0013076225678220238,0.0002615245135644048,0.0005230490271288095,0.005544319687565381,0.0007845735406932143,,0.5595229792872585,0.0007845735406932143,0.0021096310760861984,0.0036962131250435873,0.025943231745588952,0.1813759676407002,0.0002615245135644048
0.09026082711486157,0.01705139828439919,0.0013076225678220238,0.01809749633865681,0.002092196108515238,0.0002615245135644048,0.0002615245135644048,0.003922867703466072,0.0005230490271288095,,0.7182509240532813,0.0026152451356440476,0.001046098054257619,0.003399818676337262,0.022299323523258245,0.11834855987167864,0.0002615245135644048
0.1591812539228677,0.03288234883883116,0.0021619359787990794,0.029778924611200224,0.0006102238649836111,,,0.0027895948113536508,0.0002963944487063254,,0.5340504916660855,0.0027895948113536508,0.001534277146244508,0.0018481065625217937,0.03629960248273938,0.1942429737080689,0.001534277146244508
0.15822233070646488,0.033597182509240535,0.0039054327358951113,0.024914568658902295,0.0005579189622707301,,,0.0025106353302182857,0.00027895948113536507,,0.5567682544110468,0.0027895948113536508,0.0008368784434060953,0.0011158379245414603,0.0330392635469698,0.1806262640351489,0.0008368784434060953
0.14307134388730036,0.02972661970848734,0.004010042541320873,0.03910663226166399,0.0005230490271288095,,,0.002127066043657159,0.0008020085082641747,,0.5202594323174559,0.0026675500383569286,0.002127066043657159,0.0024060255247925237,0.04233210126229165,0.20951600530023015,0.0013250575353929842
0.1688925308598926,0.02566427226445359,0.002911639584350373,0.03070297789246112,0.001046098054257619,,,0.0036962131250435873,0.0013076225678220238,,0.5249320036264733,0.002911639584350373,0.001586582048957389,0.0013076225678220238,0.040762954180905225,0.1929702210753888,0.0013076225678220238
0.16547527721598437,0.03673547667201339,0.008333914498919032,0.034904805077062555,0.00024408954599344445,0.00024408954599344445,0.00024408954599344445,0.005457144849710579,0.0010286630866866587,,0.48549410698096096,0.003382383708766302,0.0010286630866866587,0.002074761140944278,0.0369970011855778,0.21758839528558477,0.000767138573122254
0.1574203221982007,0.02632680103215008,0.0058930190389845875,0.040292210056489294,0.0024060255247925237,,,0.003486993514192064,0.0005230490271288095,,0.5246007392426251,0.002144501011228119,0.002684985005927889,0.0037485180277564683,0.022822372550387056,0.20738893925657298,0.0002615245135644048
0.1083931933886603,0.018236976079224494,0.004690006276588325,0.028750261524513564,0.002196805913941,0.0002615245135644048,,0.0024757653950763653,0.0013773624381058652,,0.6721703047632331,0.000819443475835135,0.0024757653950763653,0.0019352814003765952,0.02350233628565451,0.13217448915545016,0.0005404839946997698
0.15884998953901946,0.03377153218495014,0.0022839807517958015,0.025472487621173025,0.00027895948113536507,,,0.0008543134109770555,0.0008543134109770555,,0.5569774740218983,0.0025629402329311666,0.001987586303089476,0.002859334681637492,0.03234186484413139,0.18090522351628427,
0.15456098751656322,0.03284747890368924,0.001987586303089476,0.028558476881233003,0.001708626821954111,,,0.0022839807517958015,0.0008543134109770555,,0.5581281818815816,0.003138294162772857,0.001708626821954111,0.0028418997140665318,0.03455610572564335,0.17626752214240882,0.0005579189622707301
0.15137038845107748,0.03392844689308878,0.002684985005927889,0.028279517400097636,0.0018829764976637142,,0.0002615245135644048,0.0024234604923634843,0.0005230490271288095,0.0002615245135644048,0.577742520398912,0.0010635330218285795,0.0013424925029639444,0.0024234604923634843,0.034747890368923916,0.16080270590696702,0.0002615245135644048
0.1596171281121417,0.030947067438454566,0.0056837994281330635,0.029308180486784293,0.0018829764976637142,0.0005404839946997698,,0.0029813794546342145,0.0005404839946997698,0.0005404839946997698,0.5318362507845735,0.0051433154334332935,0.0018829764976637142,0.003783387962898389,0.038548713299393265,0.18676337262012693,
0.1717518655415301,0.0327777390334054,0.004602831438733524,0.03439919101750471,0.0016214519840993095,0.0005404839946997698,,0.0024234604923634843,0.0002615245135644048,,0.4845700536997002,0.0024234604923634843,0.0016214519840993095,0.004062347444033754,0.028157472627100912,0.23052514122323733,0.0002615245135644048
0.14540762954180905,0.025071483367040938,0.006398633098542436,0.03894971755352535,0.002127066043657159,0.0005230490271288095,0.0005230490271288095,0.001586582048957389,0.0005230490271288095,,0.5433258944138364,0.0023885905572215635,0.0026675500383569286,0.004533091568449683,0.023467466350512587,0.20198409930957528,0.0005230490271288095
0.10155868610084386,0.02195062417183904,0.004759746146872167,0.029343050421926215,0.004219262152172397,0.0005230490271288095,,0.001586582048957389,,,0.6512134737429389,0.0018481065625217937,0.0023711555896506033,0.005544319687565381,0.025123788269753818,0.1494351070507009,0.0005230490271288095
0.17937094637003975,0.028262082432526675,0.0032603389357695797,0.03640421228816514,0.0046202664063044845,0.0002615245135644048,,0.0013424925029639444,0.0002615245135644048,,0.5046202664063044,0.0019004114652346746,0.0010809679893995397,0.004341306925169119,0.032062905362996025,0.20221075388799778,
0.17271078875793291,0.03256851942255387,0.001429667340818746,0.03921124206708976,0.004323871957598159,,0.00027895948113536507,0.0028767696492084526,0.001150707859683381,,0.5030162493897761,0.0020050212706604364,0.00027895948113536507,0.003452123579050143,0.03344026780110189,0.20297789246112002,0.00027895948113536507
0.14430922658483855,0.02895948113536509,0.0030336843573470955,0.029796359578771185,0.0049515307901527306,,,0.0024757653950763653,0.0002615245135644048,,0.5569426040867564,0.004132087314317595,0.0024757653950763653,0.0024757653950763653,0.03338796289838901,0.18653671804170444,0.0002615245135644048
0.056210335448776065,0.01809749633865681,0.00327777390334054,0.013424925029639444,0.003556733384475905,0.0005404839946997698,,0.0021793709463700395,0.0002615245135644048,,0.784277146244508,0.001917846432805635,0.0021793709463700395,0.001917846432805635,0.02303159216123858,0.08858707022804937,0.0005404839946997698
0.15942534346886114,0.031121417114164166,0.006171978520119952,0.044284817630239205,0.0032080340330566987,,,0.0032080340330566987,0.0008020085082641747,,0.5279831229513914,0.002144501011228119,0.0026675500383569286,0.0016040170165283493,0.026832415091707928,0.18922170304763233,0.0013250575353929842
0.14554710928237674,0.029900969384196945,0.005282795174000977,0.034660715531069114,0.001046098054257619,0.0002615245135644048,,0.004759746146872167,0.0002615245135644048,,0.554449403724109,0.0018481065625217937,0.0023711555896506033,0.004219262152172397,0.02909896087593277,0.1855080549550178,0.0007845735406932143
0.08801171629820768,0.019457423809191715,0.005439709882139619,0.024914568658902295,0.00024408954599344445,,0.00024408954599344445,0.004916660855010809,,,0.6940163191296465,0.002074761140944278,0.002074761140944278,0.0028418997140665318,0.02622219122672432,0.1287746704791129,0.000767138573122254
0.15013250575353929,0.027076504637701376,0.003138294162772857,0.032062905362996025,0.0007845735406932143,,,0.0018306715949508335,0.001046098054257619,,0.5778471302043379,0.0028767696492084526,0.0028767696492084526,0.003138294162772857,0.031539856335867214,0.16512657786456517,0.0005230490271288095
0.16132575493409582,0.02848873701094916,0.0016040170165283493,0.032533649487411956,0.001865541530092754,0.0002615245135644048,,0.001865541530092754,0.0010635330218285795,,0.5341376665039403,0.002144501011228119,0.0013424925029639444,0.0037485180277564683,0.034416625985075666,0.1949403724109073,0.0002615245135644048
0.1682300020921961,0.03342283283353093,0.0024408954599344445,0.036962131250435876,0.0005404839946997698,0.0002615245135644048,,0.0024408954599344445,0.0013424925029639444,,0.5290989608759328,0.0021619359787990794,0.0010809679893995397,0.0013424925029639444,0.033701792314666294,0.18671106771741405,0.0002615245135644048
0.17822023851035637,0.029970709254480785,0.0024060255247925237,0.03023223376804519,0.0005230490271288095,0.0002615245135644048,0.0005230490271288095,0.004812051049585047,0.0013250575353929842,,0.5224213682962551,0.0024060255247925237,0.0005230490271288095,0.0032080340330566987,0.03424227630936606,0.188925308598926,
0.19211590766441175,0.031574726271009136,0.0052479252388590554,0.03867075807238998,0.0013076225678220238,,0.0002615245135644048,0.004463351698165841,0.001046098054257619,,0.4521758839528558,0.0028942046167794127,0.002092196108515238,0.0042018271846014366,0.03314387335239556,0.23054257619080828,0.0002615245135644048
0.15586861008438524,0.01973638329032708,0.007008856963526048,0.030127623962619428,0.002074761140944278,,0.00024408954599344445,0.004672571309017365,0.000767138573122254,,0.5499163121556594,0.001813236627379873,0.0010286630866866587,0.0028418997140665318,0.028052862821675153,0.195079852151475,0.000767138573122254
0.1148092614547737,0.019875863030894763,0.002911639584350373,0.03181881581700258,0.0013250575353929842,0.0002615245135644048,0.0005230490271288095,0.004498221633307762,0.0005230490271288095,,0.6529744054676059,0.001046098054257619,0.0002615245135644048,0.004236697119743357,0.02571657716716647,0.13921821605411813,
0.15538043099239834,0.02915126577864565,0.003731083060185508,0.034224841341795105,0.0002615245135644048,0.0002615245135644048,,0.004271567054885278,0.0008020085082641747,,0.5339110119255178,0.0026675500383569286,0.001865541530092754,0.0026675500383569286,0.031016807308738407,0.19978729339563428,
0.16007043726898668,0.025838621940163193,0.002859334681637492,0.03837436362368366,0.001813236627379873,,0.00024408954599344445,0.0036439082223307063,0.0023362856545086825,,0.5418787921054466,0.001813236627379873,0.0015517121138154683,0.0039054327358951113,0.032638259292837715,0.18252667550038357,0.0005056140595578493
0.16646907036752912,0.03377153218495014,0.0019004114652346746,0.03541041913662041,0.0016214519840993095,0.0002615245135644048,0.0002615245135644048,0.004079782411604714,0.0013599274705349048,,0.5236069460910803,0.0029813794546342145,0.0013599274705349048,0.0032603389357695797,0.03213264523327987,0.19098263477229932,0.0005404839946997698
0.1739486714554711,0.0396296812887928,0.0028418997140665318,0.03164446614129298,0.0014122323732477858,0.00027895948113536507,0.00027895948113536507,0.004550526536020643,0.001987586303089476,,0.5013947974056768,0.0036962131250435873,0.0005579189622707301,0.003120859195201897,0.035916033196178254,0.19818327637910593,0.0005579189622707301
0.17217030476323314,0.026588325545714483,0.005404839946997699,0.03612525280702978,0.0025803752005021273,0.000767138573122254,0.00024408954599344445,0.004637701373875445,0.0017958016598089127,,0.48409930957528413,0.003085989260059976,0.0010286630866866587,0.003085989260059976,0.03174907594671874,0.22639305390891973,0.00024408954599344445
0.14892949299114303,0.02587349187530511,0.005335100076713857,0.04189622707301764,0.0026675500383569286,0.0002615245135644048,,0.004794616082014087,0.0002615245135644048,,0.49295627310133205,0.0026675500383569286,0.0026675500383569286,0.004794616082014087,0.030424018411325755,0.2364704651649348,
0.1115140525838622,0.02308389706395146,0.002092196108515238,0.02807029778924611,0.0015691470813864285,,0.0005230490271288095,0.003661343189901667,0.002353720622079643,,0.6560778296952368,0.0015691470813864285,0.0013076225678220238,0.003661343189901667,0.022037799009693843,0.1419555059627589,0.0005230490271288095
0.16191854383150847,0.029935839319338867,0.0018481065625217937,0.031522421368296256,0.002911639584350373,,0.0002615245135644048,0.0023711555896506033,0.0013250575353929842,,0.5625392286770347,0.001586582048957389,0.0005230490271288095,0.0026501150707859684,0.03073784782760304,0.16960736453030198,0.0002615245135644048
0.16697468442708696,0.026640630448427367,0.001046098054257619,0.032167515168421784,0.003940302671037032,,0.0005230490271288095,0.0028942046167794127,0.0015691470813864285,,0.5358462933258944,0.0028942046167794127,0.0005230490271288095,0.003940302671037032,0.03481763023920775,0.18596136411186276,0.0002615245135644048
0.1734604923634842,0.02793081804867843,0.0018481065625217937,0.0396296812887928,0.003975172606178952,,,0.0026501150707859684,0.0010635330218285795,,0.5231013320315225,0.0026501150707859684,0.0007845735406932143,0.003452123579050143,0.03457354069321431,0.1843573470953344,0.0005230490271288095
0.1487725782830044,0.02744263895669154,0.0013424925029639444,0.03281260896854732,0.0029465095194922937,,0.0002615245135644048,0.0024060255247925237,0.0010635330218285795,,0.554048399469977,0.004027477508891834,0.0005230490271288095,0.004567961503591603,0.037119045958574515,0.18214310621382243,0.0005230490271288095
0.20191435943929145,0.034033056698514544,0.002353720622079643,0.03849640839668038,0.001046098054257619,,,0.003138294162772857,0.0005230490271288095,,0.4456377711137457,0.003922867703466072,0.001046098054257619,0.003138294162772857,0.02958713996791966,0.23463979356998396,0.0005230490271288095
0.17743566496966315,0.029953274286909828,0.003940302671037032,0.039420461677941276,0.0026152451356440476,,0.0002615245135644048,0.00603249877955227,0.0002615245135644048,,0.4824952925587559,0.002092196108515238,0.001046098054257619,0.003678778157472627,0.024443824534486364,0.22527721598437828,0.001046098054257619
0.12202733802915126,0.025263268010321503,0.004829486017156008,0.033318223028105165,0.0013424925029639444,,,0.002684985005927889,0.0008020085082641747,,0.625653811283911,0.0005230490271288095,0.0005230490271288095,0.004567961503591603,0.02632680103215008,0.15187600251063532,0.0002615245135644048
0.17705209568310204,0.028227212497384756,0.006241718390403794,0.03664830183415859,0.0021619359787990794,0.0002615245135644048,0.0002615245135644048,0.0027024199734988494,0.0008020085082641747,,0.4860868958783736,0.0010809679893995397,0.0019004114652346746,0.004881790919868889,0.03338796289838901,0.21750122044772996,0.0008020085082641747
0.1877048608689588,0.035427854104191366,0.006520677871539159,0.038269753818257896,0.003399818676337262,0.00027895948113536507,0.00027895948113536507,0.004533091568449683,0.001691191854383151,,0.47665457842248415,0.0014122323732477858,0.003399818676337262,0.003399818676337262,0.033736662249808216,0.20301276239626195,0.00027895948113536507
0.19584699072459724,0.03169677104400586,0.0070611618662389285,0.04243671106771742,0.001970151335518516,,,0.004236697119743357,0.0014122323732477858,,0.4555757026291931,0.0025455052653602065,0.001970151335518516,0.004794616082014087,0.03338796289838901,0.21650742729618522,0.0005579189622707301
0.1598786526257061,0.023868470604644674,0.006450938001255318,0.03905432735895111,0.0016737568868121905,,0.0005579189622707301,0.003922867703466072,0.0011158379245414603,,0.5640212009205663,0.0025280702977892463,0.0013947974056768254,0.004759746146872167,0.02358951112350931,0.16578910663226165,0.0013947974056768254
0.06381198130971476,0.015517121138154682,0.003940302671037032,0.015813515586861008,0.0025280702977892463,,0.0013947974056768254,0.003940302671037032,0.0008368784434060953,,0.7843817560499338,0.0011158379245414603,,0.003382383708766302,0.014959202175883953,0.08754097217379175,0.0008368784434060953
0.13161657019317943,0.025577097426598788,0.007985215147499825,0.02796568798382035,0.0045156566008787225,0.0002615245135644048,0.0010635330218285795,0.0045156566008787225,0.0010635330218285795,,0.6175116814282725,0.0018481065625217937,0.0013250575353929842,0.003452123579050143,0.020241997349884928,0.1507950345212358,0.0002615245135644048
0.11857521445010112,0.01984099309575284,0.009781016807308739,0.026030406583443754,0.00437617686031104,0.0005056140595578493,,0.003347513773624381,0.0012727526326801032,,0.6614129297719507,0.0020573261733733174,0.0025629402329311666,0.0025629402329311666,0.02421716995606388,0.12295139131041216,0.0005056140595578493
0.14061301345979496,0.024321779761489644,0.007584210893367738,0.025071483367040938,0.00327777390334054,,0.00024408954599344445,0.004550526536020643,0.0010112281191156985,,0.5922135434828092,0.00327777390334054,0.0010112281191156985,0.003783387962898389,0.032167515168421784,0.1606283562312574,0.00024408954599344445
0.15126577864565172,0.02751237882697538,0.006939117093242206,0.02906409094079085,0.0051433154334332935,,0.00024408954599344445,0.004114652346746635,0.0020573261733733174,,0.569426040867564,0.0046202664063044845,0.0010286630866866587,0.0035916033196178253,0.029831229513913104,0.16413278471302042,0.0010286630866866587
0.16477787851314596,0.028401562173094357,0.009205662877467049,0.03300439361182788,0.004846920984726969,,0.00024408954599344445,0.003574168352046865,0.002301415719366762,,0.5297963595787711,0.0028070297789246114,0.0017783666922379525,0.004079782411604714,0.03223725503870563,0.18141083757584212,0.001534277146244508
0.17326870772020364,0.038409233558825584,0.007985215147499825,0.03324848315782133,0.0025629402329311666,,,0.003085989260059976,0.0012727526326801032,,0.5081595648232093,0.00437617686031104,0.0017958016598089127,0.0038531278331822303,0.029395355324639095,0.1900237115558965,0.0025629402329311666
