Adair County,Alfalfa County,Atoka County,Beaver County,Beckham County,Blaine County,Bryan County,Caddo County,Canadian County,Carter County,Cherokee County,Choctaw County,Cimarron County,Cleveland County,Coal County,Comanche County,Cotton County,Craig County,Creek County,Custer County,Delaware County,Dewey County,Ellis County,Garfield County,Garvin County,Grady County,Grant County,Greer County,Harmon County,Harper County,Haskell County,Hughes County,Jackson County,Jefferson County,Johnston County,Kay County,Kingfisher County,Kiowa County,Latimer County,Le Flore County,Lincoln County,Logan County,Love County,Major County,Marshall County,Mayes County,McClain County,McCurtain County,McIntosh County,Murray County,Muskogee County,Noble County,Nowata County,Okfuskee County,Oklahoma County,Okmulgee County,Osage County,Ottawa County,Pawnee County,Payne County,Pittsburg County,Pontotoc County,Pottawatomie County,Pushmataha County,Roger Mills County,Rogers County,Seminole County,Sequoyah County,Stephens County,Texas County,Tillman County,Tulsa County,Wagoner County,Washington County,Washita County,Woods County,Woodward County
,,0.0019057519057519058,,,,0.10781935781935782,0.0006352506352506353,0.003234003234003234,0.09014784014784015,,,,0.02021252021252021,,,0.0006352506352506353,,,0.005197505197505198,,,,,0.009124509124509125,0.0038692538692538694,,,,,,,0.0019057519057519058,,0.024774774774774775,0.0012705012705012705,,,,0.0006352506352506353,0.0006352506352506353,,0.026103026103026103,,0.6409678909678909,,0.0019057519057519058,0.0012705012705012705,0.0006352506352506353,0.007161007161007161,0.0012705012705012705,,,0.0006352506352506353,0.015015015015015015,,,,,,0.0019057519057519058,0.00848925848925849,0.004562254562254562,0.0006352506352506353,,,,0.0006352506352506353,0.0019057519057519058,,,0.012358512358512359,0.0006352506352506353,,,,0.0019057519057519058
,,0.0019635019635019634,,0.0019635019635019634,,0.16724416724416724,,0.002598752598752599,0.15396165396165395,,,,0.009933009933009933,0.003291753291753292,0.0012705012705012705,0.0006352506352506353,,,,,,,,0.005255255255255256,0.0019635019635019634,,,,,,0.0006352506352506353,0.0006352506352506353,0.0006352506352506353,0.04775929775929776,0.0019635019635019634,,,,,0.0006352506352506353,,0.03182028182028182,,0.5092400092400093,,,0.0019635019635019634,,0.005948255948255948,,,,0.0006352506352506353,0.017902517902517904,0.007276507276507277,,,,,0.0006352506352506353,0.011896511896511896,0.0006352506352506353,,,,0.0012705012705012705,0.0006352506352506353,0.002598752598752599,,,0.003927003927003927,,,,,0.0012705012705012705
,,0.0040425040425040425,,0.0020212520212520213,,0.19773619773619774,,0.0013282513282513282,0.2079002079002079,,0.0006352506352506353,,0.022984522984522984,0.0026565026565026563,,,,0.0006352506352506353,,,,,,0.016227766227766227,,,,,,,0.0026565026565026563,0.0013282513282513282,,0.04261954261954262,0.0020212520212520213,,,,,0.0020212520212520213,,0.032455532455532454,,0.37606837606837606,0.0006352506352506353,0.0026565026565026563,0.0013282513282513282,,0.011492261492261492,0.0053707553707553705,,,0.0006352506352506353,0.01824901824901825,0.0006352506352506353,,0.0006352506352506353,,,0.0033495033495033496,0.025698775698775697,0.0020212520212520213,0.0026565026565026563,0.0013282513282513282,,0.0013282513282513282,,0.0033495033495033496,,,0.0006352506352506353,,,,,0.0026565026565026563
,,0.0033495033495033496,,0.0006352506352506353,,0.1586971586971587,,0.006756756756756757,0.1383113883113883,,,,0.029163779163779165,0.0026565026565026563,,,,0.0006352506352506353,0.0033495033495033496,,0.0006352506352506353,,,0.0040425040425040425,0.0026565026565026563,,,,,,0.0020212520212520213,0.0006352506352506353,,0.031185031185031187,0.0026565026565026563,,,,,0.0026565026565026563,0.0006352506352506353,0.0338992838992839,,0.4864864864864865,0.0006352506352506353,0.0053707553707553705,0.0013282513282513282,,0.012185262185262185,0.0040425040425040425,,,0.0006352506352506353,0.016227766227766227,0.0006352506352506353,,,,,0.011492261492261492,0.01692076692076692,0.004735504735504736,0.0026565026565026563,,,0.0006352506352506353,,0.00744975744975745,,,0.0006352506352506353,0.0020212520212520213,,,,0.0013282513282513282
,,0.0006352506352506353,,0.0013282513282513282,,0.11336336336336336,,0.0013282513282513282,0.0857010857010857,,0.0040425040425040425,,0.010106260106260105,0.0026565026565026563,,,,0.0013282513282513282,0.0006352506352506353,,,,,0.007392007392007392,0.0026565026565026563,,,,,,0.0020212520212520213,0.0006352506352506353,,0.01951951951951952,0.0006352506352506353,,,0.0013282513282513282,,,,0.03234003234003234,,0.6614114114114114,0.0020212520212520213,,0.0013282513282513282,,0.004677754677754678,,,,0.0013282513282513282,0.012127512127512128,0.0013282513282513282,,,,,0.0026565026565026563,0.012127512127512128,0.0040425040425040425,,,,,0.0006352506352506353,0.006699006699006699,,,0.0006352506352506353,,,,,0.0013282513282513282
,,0.0020212520212520213,,,,0.15586740586740586,,0.0041002541002541,0.18254793254793256,,0.0020212520212520213,,0.0164010164010164,0.0013282513282513282,,,,0.0013282513282513282,,,,,,0.0082005082005082,0.003407253407253407,,,,,0.0006352506352506353,0.0006352506352506353,,0.0006352506352506353,0.03620928620928621,,,,0.0006352506352506353,0.0006352506352506353,,,0.027315777315777317,,0.47522522522522526,,0.008835758835758836,0.0006352506352506353,,0.006121506121506122,,,,0.0006352506352506353,0.02592977592977593,0.0013282513282513282,,,,,0.0020212520212520213,0.021194271194271194,0.005428505428505428,,,,0.0013282513282513282,0.0006352506352506353,0.006121506121506122,,,,,,,,0.0006352506352506353
,,0.0020212520212520213,,,,0.19144144144144143,,,0.16614691614691615,,,,0.012936012936012936,0.002714252714252714,,,,0.0013282513282513282,,,,,,0.009528759528759529,0.0006352506352506353,,,,,0.0006352506352506353,,,0.0020212520212520213,0.03961653961653962,,,,0.0006352506352506353,0.003407253407253407,,,0.03418803418803419,,0.483887733887734,,0.0075075075075075074,,,0.006121506121506122,,,,0.0006352506352506353,0.009528759528759529,0.0013282513282513282,,,,0.002714252714252714,0.002714252714252714,0.0082005082005082,0.002714252714252714,,,,,0.0006352506352506353,0.006121506121506122,,,,,,,,0.0006352506352506353
,,0.0040425040425040425,,,,0.18965118965118966,,0.0020212520212520213,0.14189189189189189,,0.0013282513282513282,,0.012936012936012936,0.0040425040425040425,0.0040425040425040425,,,0.0006352506352506353,,,,,,0.010914760914760915,0.002714252714252714,,,,,0.0006352506352506353,,,0.0006352506352506353,0.03955878955878956,0.0006352506352506353,,,,0.002714252714252714,,0.0020212520212520213,0.026565026565026566,,0.47626472626472627,,0.0020212520212520213,0.0006352506352506353,,0.010914760914760915,,,,0.0006352506352506353,0.02385077385077385,0.0020212520212520213,,,,0.003407253407253407,0.0020212520212520213,0.012243012243012243,0.006814506814506814,0.0013282513282513282,,,,,0.008835758835758836,,,,,,,,0.0020212520212520213
,,0.003407253407253407,,,,0.17475167475167475,,0.003407253407253407,0.1802956802956803,,,,0.015188265188265188,0.004793254793254793,0.0006352506352506353,,,0.0013282513282513282,,,,,,0.010337260337260337,0.008258258258258258,,,,,0.0006352506352506353,,0.0006352506352506353,,0.04695079695079695,,0.0006352506352506353,,,0.0041002541002541,0.0041002541002541,0.0006352506352506353,0.02413952413952414,,0.4306421806421806,,0.0006352506352506353,,0.0006352506352506353,0.011030261030261031,,,,0.0006352506352506353,0.027604527604527605,0.0013282513282513282,,,,0.0020212520212520213,0.0061792561792561795,0.01796026796026796,0.006872256872256872,,,,,,0.0061792561792561795,,,0.0006352506352506353,,,,,0.003407253407253407
,,0.0020212520212520213,,,,0.15713790713790715,0.0006352506352506353,0.005428505428505428,0.15373065373065373,,,,0.01772926772926773,0.0020212520212520213,0.008835758835758836,,,0.0006352506352506353,,,,,0.002714252714252714,0.027315777315777317,0.0040425040425040425,,,,,,,,,0.04094479094479094,,,,0.0006352506352506353,0.0020212520212520213,0.0020212520212520213,,0.021136521136521137,,0.4914529914529914,,0.0020212520212520213,0.0006352506352506353,,0.003407253407253407,0.0006352506352506353,,,0.0006352506352506353,0.02592977592977593,0.0006352506352506353,,,,,0.0006352506352506353,0.005428505428505428,0.006814506814506814,0.002714252714252714,,,0.0013282513282513282,0.0006352506352506353,0.005428505428505428,,,0.0006352506352506353,,,,,0.0020212520212520213
,,0.0020212520212520213,,,,0.10995610995610995,,,0.12283437283437283,,0.0013282513282513282,,0.013571263571263571,0.002714252714252714,0.004735504735504736,,,,,,,,0.0013282513282513282,0.021021021021021023,0.004735504735504736,,,,,,,,,0.02644952644952645,,,,,,0.0013282513282513282,,0.03257103257103257,,0.6063756063756064,0.0006352506352506353,0.0033495033495033496,,0.0006352506352506353,0.0013282513282513282,,,,0.0006352506352506353,0.01692076692076692,0.0006352506352506353,,,,,,0.009471009471009472,0.005428505428505428,,,,0.0006352506352506353,0.0006352506352506353,0.006063756063756064,0.0006352506352506353,,,,,,,0.0020212520212520213
,,0.004851004851004851,,,,0.13530838530838532,,0.002079002079002079,0.10672210672210672,,,,0.01951951951951952,0.001386001386001386,0.002772002772002772,,,,,,,,0.002079002079002079,0.012531762531762532,0.002772002772002772,,,,,,,,,0.02021252021252021,0.000693000693000693,,,0.002772002772002772,,0.002079002079002079,0.001386001386001386,0.02021252021252021,,0.6168283668283667,0.001386001386001386,0.003465003465003465,0.000693000693000693,,0.004158004158004158,,,,0.001386001386001386,0.009066759066759066,0.000693000693000693,,,,,0.001386001386001386,0.005544005544005544,0.004851004851004851,0.000693000693000693,,0.001386001386001386,0.000693000693000693,0.000693000693000693,0.008316008316008316,0.000693000693000693,,0.000693000693000693,,,,,
,,0.00565950565950566,,,,0.1798914298914299,0.001386001386001386,0.0070455070455070455,0.14801339801339802,,0.000693000693000693,,0.013455763455763456,0.002079002079002079,0.007738507738507739,,,0.000693000693000693,,,,,,0.010568260568260568,0.0035227535227535228,,,,,0.000693000693000693,,,,0.06444906444906445,,,,0.00282975282975283,,,0.000693000693000693,0.040367290367290365,,0.44611919611919615,0.000693000693000693,0.00565950565950566,0.002079002079002079,,0.006352506352506352,,,,0.000693000693000693,0.013455763455763456,0.000693000693000693,,,,,0.002079002079002079,0.01697851697851698,0.002079002079002079,0.000693000693000693,,,,0.000693000693000693,0.00848925848925849,,,0.001386001386001386,,,,,0.002079002079002079
,,0.009586509586509586,,,0.0006352506352506353,0.16360591360591362,,0.0082005082005082,0.12872487872487873,0.0006352506352506353,0.0006352506352506353,,0.01980826980826981,0.003407253407253407,0.002714252714252714,0.0006352506352506353,,,,,,,,0.006814506814506814,0.002714252714252714,,,,,0.0013282513282513282,,,,0.04106029106029106,,,,0.0013282513282513282,0.0006352506352506353,,0.0006352506352506353,0.02598752598752599,,0.5164587664587665,0.0006352506352506353,0.004793254793254793,0.0020212520212520213,0.0006352506352506353,0.008893508893508893,,,,0.0006352506352506353,0.012993762993762994,0.002714252714252714,,,,,0.006121506121506122,0.010914760914760915,0.0006352506352506353,0.0006352506352506353,,,0.0006352506352506353,0.0020212520212520213,0.005428505428505428,,,0.003407253407253407,,,,,0.0013282513282513282
,,0.000693000693000693,,,,0.19663894663894663,,0.004331254331254331,0.1864171864171864,,0.002136752136752137,,0.025583275583275583,0.0028875028875028877,0.0028875028875028877,,,,,,,,0.000693000693000693,0.006525756525756526,0.0014437514437514439,,,,,0.000693000693000693,,,0.0014437514437514439,0.04238854238854239,,,0.000693000693000693,0.0014437514437514439,,,,0.030665280665280667,,0.42631092631092626,0.0014437514437514439,0.0028875028875028877,,0.002136752136752137,0.007276507276507277,0.000693000693000693,,,,0.021194271194271194,0.000693000693000693,,,,,0.0014437514437514439,0.01461076461076461,0.0014437514437514439,,,,,0.0014437514437514439,0.005082005082005082,,,0.0036382536382536385,,,,,0.002136752136752137
,,0.003465003465003465,,,,0.19034419034419034,,0.004158004158004158,0.1573111573111573,,0.000693000693000693,,0.016805266805266804,0.002772002772002772,0.001386001386001386,,,,,,,,0.000693000693000693,0.015419265419265419,0.002772002772002772,,,,,,,,,0.040713790713790714,0.000693000693000693,0.000693000693000693,,0.000693000693000693,,,,0.05336105336105336,,0.4339916839916841,0.000693000693000693,0.001386001386001386,0.005601755601755602,,0.002772002772002772,0.002079002079002079,,,0.000693000693000693,0.02177177177177177,0.002079002079002079,,,,0.002772002772002772,0.003465003465003465,0.009817509817509817,0.001386001386001386,0.003465003465003465,,,,0.000693000693000693,0.009124509124509125,,,0.003465003465003465,,,,,0.002772002772002772
,,0.0020212520212520213,,,,0.2009124509124509,,0.007565257565257565,0.17804342804342804,0.0006352506352506353,0.0006352506352506353,,0.02073227073227073,0.003407253407253407,0.0020212520212520213,,,,,,,,0.0013282513282513282,0.012416262416262416,0.004793254793254793,,,,,,,,0.0006352506352506353,0.043601293601293604,,,,0.0020212520212520213,0.0006352506352506353,,,0.041522291522291525,,0.4157426657426657,,,0.004793254793254793,,0.0061792561792561795,0.0006352506352506353,,,0.0006352506352506353,0.014495264495264495,0.0013282513282513282,,0.0041002541002541,0.0006352506352506353,0.0013282513282513282,0.0013282513282513282,0.005486255486255486,0.0013282513282513282,0.0006352506352506353,,,,0.0013282513282513282,0.008951258951258952,,0.0006352506352506353,0.004793254793254793,,,,,0.002714252714252714
,,0.005024255024255024,,,,0.15471240471240472,,0.004273504273504274,0.17273042273042272,,0.000693000693000693,,0.04030954030954031,0.001386001386001386,0.013629013629013628,,,,0.002136752136752137,,,,,0.017267267267267267,0.006468006468006468,,,,,,,,0.000693000693000693,0.02442827442827443,,,0.001386001386001386,0.004273504273504274,0.00282975282975283,,,0.030896280896280895,,0.39714714714714705,,0.00282975282975283,0.005024255024255024,,0.017267267267267267,,,,0.001386001386001386,0.03886578886578886,0.000693000693000693,,0.00282975282975283,,0.002136752136752137,0.005024255024255024,0.015823515823515825,0.00282975282975283,,,0.00282975282975283,0.000693000693000693,,0.010741510741510741,,,0.010048510048510048,,,,,0.000693000693000693
,,0.0049087549087549085,,,,0.12595287595287596,,0.0035227535227535228,0.10048510048510048,,0.002079002079002079,,0.018364518364518363,0.007738507738507739,,,,,0.001386001386001386,,,,,0.007738507738507739,0.004215754215754216,,,,,,0.002079002079002079,,,0.01980826980826981,,,,0.001386001386001386,0.000693000693000693,0.001386001386001386,0.000693000693000693,0.028297528297528296,,0.5777315777315777,0.000693000693000693,0.004215754215754216,0.00565950565950566,,0.014841764841764842,,,,0.002079002079002079,0.021887271887271888,0.000693000693000693,,,,,0.0049087549087549085,0.007738507738507739,0.007738507738507739,0.002079002079002079,,0.001386001386001386,,0.001386001386001386,0.009875259875259876,,,0.00565950565950566,,,,,0.000693000693000693
,,0.005024255024255024,,,,0.17775467775467776,,0.0035805035805035806,0.1864171864171864,,0.002136752136752137,,0.015823515823515825,0.000693000693000693,0.000693000693000693,0.000693000693000693,,,,,,,,0.012185262185262185,0.005024255024255024,,,,,,,,,0.03667128667128667,,,,0.002136752136752137,0.000693000693000693,,,0.02229152229152229,,0.43237468237468235,0.000693000693000693,0.007161007161007161,0.004273504273504274,0.000693000693000693,0.016516516516516516,,,,0.001386001386001386,0.022984522984522984,0.001386001386001386,,,,,0.0035805035805035806,0.021540771540771542,0.001386001386001386,0.000693000693000693,,0.000693000693000693,,0.001386001386001386,0.007911757911757912,,,0.002136752136752137,0.000693000693000693,,,,0.000693000693000693
,,0.004966504966504966,,,,0.18352968352968352,0.000693000693000693,0.002136752136752137,0.14622314622314622,0.001386001386001386,0.000693000693000693,,0.021483021483021482,0.00282975282975283,0.002136752136752137,,0.000693000693000693,,,,,,,0.015765765765765764,0.004273504273504274,,,,,,0.000693000693000693,,,0.042966042966042964,,0.000693000693000693,,0.001386001386001386,0.0035805035805035806,,,0.030087780087780087,,0.4631554631554632,0.000693000693000693,0.007161007161007161,,,0.0035805035805035806,,,,0.000693000693000693,0.02079002079002079,0.00282975282975283,,,,0.002136752136752137,0.000693000693000693,0.018595518595518595,0.001386001386001386,,,,,0.000693000693000693,0.007854007854007854,,,0.000693000693000693,,,,,0.00282975282975283
,,0.00641025641025641,,,,0.15142065142065142,,0.001386001386001386,0.1421228921228921,,0.001386001386001386,,0.017844767844767843,0.007103257103257103,0.00641025641025641,,0.000693000693000693,,,,,,0.000693000693000693,0.007103257103257103,0.004966504966504966,,,,,,,,0.001386001386001386,0.03927003927003927,0.000693000693000693,,,0.002136752136752137,0.002136752136752137,0.001386001386001386,,0.027835527835527837,,0.49803649803649797,0.000693000693000693,0.00282975282975283,0.001386001386001386,,0.00282975282975283,,,,0.001386001386001386,0.027835527835527837,0.0035227535227535228,,,,0.004273504273504274,0.002136752136752137,0.009990759990759992,0.002136752136752137,0.004273504273504274,,,0.000693000693000693,0.002136752136752137,0.010683760683760684,,,0.001386001386001386,0.000693000693000693,,,,0.000693000693000693
,,0.028008778008778008,0.001386001386001386,,0.001386001386001386,0.19848694848694848,,0.00282975282975283,0.11792561792561793,,0.000693000693000693,,0.020847770847770848,0.001386001386001386,0.007161007161007161,,,,,,0.000693000693000693,0.001386001386001386,,0.010048510048510048,0.010048510048510048,,,,,,,,,0.04313929313929314,,,,0.001386001386001386,0.0035805035805035806,0.001386001386001386,,0.02512127512127512,,0.4436936936936937,0.000693000693000693,0.001386001386001386,0.000693000693000693,,0.007911757911757912,,,,0.000693000693000693,0.030203280203280204,0.002136752136752137,,,,0.001386001386001386,0.002136752136752137,0.013629013629013628,0.002136752136752137,,,,0.000693000693000693,0.001386001386001386,0.011492261492261492,,,0.000693000693000693,,,,,0.002136752136752137
,,0.02823977823977824,0.000693000693000693,,0.000693000693000693,0.2331947331947332,0.001386001386001386,0.004215754215754216,0.1632016632016632,,0.002772002772002772,,0.021194271194271194,0.001386001386001386,0.002079002079002079,,,,,,,0.001386001386001386,,0.012012012012012012,0.0049087549087549085,,,,,,,,,0.04163779163779164,,,,0.002772002772002772,0.0035227535227535228,0.000693000693000693,,0.031762531762531764,,0.3579348579348578,,0.0049087549087549085,0.000693000693000693,,0.005601755601755602,0.002772002772002772,,,0.001386001386001386,0.024024024024024024,0.002772002772002772,,,,0.000693000693000693,0.0035227535227535228,0.01126126126126126,0.004215754215754216,0.000693000693000693,,0.000693000693000693,0.000693000693000693,0.002079002079002079,0.012705012705012704,,,0.002079002079002079,,,,,0.0035227535227535228
,,0.02541002541002541,,,0.000693000693000693,0.17942942942942944,0.000693000693000693,0.0035805035805035806,0.14963039963039962,0.0014437514437514439,0.0014437514437514439,,0.021021021021021023,0.004331254331254331,0.006525756525756526,,,,0.002136752136752137,,,,,0.01593901593901594,0.004331254331254331,,,,,0.0028875028875028877,,,0.0028875028875028877,0.019577269577269577,,,,,0.000693000693000693,0.0028875028875028877,,0.026853776853776854,,0.4069069069069069,0.000693000693000693,0.00796950796950797,0.0028875028875028877,0.0014437514437514439,0.005775005775005775,0.005082005082005082,,,0.002136752136752137,0.04065604065604066,0.002136752136752137,,,,,0.004331254331254331,0.007218757218757219,0.009413259413259413,0.000693000693000693,,0.000693000693000693,0.0035805035805035806,0.0028875028875028877,0.017382767382767384,,,0.0028875028875028877,,0.000693000693000693,,,0.002136752136752137
,,0.00282975282975283,,,0.002136752136752137,0.13346038346038347,,0.004966504966504966,0.08321783321783321,0.001386001386001386,0.001386001386001386,,0.02079002079002079,0.001386001386001386,0.002136752136752137,,,,,,,,,0.012878262878262879,0.00282975282975283,,,,,0.000693000693000693,,,0.001386001386001386,0.01720951720951721,0.000693000693000693,,,0.001386001386001386,0.000693000693000693,0.000693000693000693,,0.022926772926772927,,0.6015246015246015,0.000693000693000693,0.00641025641025641,0.002136752136752137,0.000693000693000693,0.005717255717255718,0.001386001386001386,,,0.000693000693000693,0.02003927003927004,0.002136752136752137,,,,,0.005717255717255718,0.00641025641025641,0.007161007161007161,0.0035805035805035806,,,,0.00282975282975283,0.009990759990759992,,,0.004966504966504966,,,,,0.00282975282975283
,,0.0028875028875028877,,,,0.18381843381843382,0.000693000693000693,0.0028875028875028877,0.15182490182490183,,0.0014437514437514439,,0.0123007623007623,0.0028875028875028877,0.002136752136752137,,0.000693000693000693,,0.002136752136752137,,,,,0.010164010164010164,0.002136752136752137,,,,,,,,,0.05082005082005082,0.000693000693000693,,,0.0014437514437514439,0.000693000693000693,,,0.02974127974127974,,0.44594594594594594,0.000693000693000693,0.000693000693000693,0.0014437514437514439,0.000693000693000693,0.02541002541002541,,,,0.002136752136752137,0.015246015246015246,0.002136752136752137,,,,0.0014437514437514439,0.000693000693000693,0.019577269577269577,0.0028875028875028877,0.002136752136752137,,,0.000693000693000693,0.000693000693000693,0.013802263802263803,,,0.000693000693000693,,,,,0.0035805035805035806
,,0.009644259644259644,,,,0.18924693924693925,,0.003696003696003696,0.15586740586740586,,0.0021945021945021944,,0.015534765534765535,0.002945252945252945,0.002945252945252945,,,,,,,,,0.010337260337260337,0.0014437514437514439,,0.000693000693000693,,,,,,,0.03557403557403557,,,,0.0014437514437514439,0.0014437514437514439,,0.0014437514437514439,0.03413028413028413,,0.466042966042966,0.0014437514437514439,0.000693000693000693,0.000693000693000693,0.000693000693000693,0.00513975513975514,,,,0.0021945021945021944,0.01183876183876184,0.0014437514437514439,,,,,0.0021945021945021944,0.021483021483021482,0.000693000693000693,,,,0.000693000693000693,0.000693000693000693,0.01183876183876184,,,0.0014437514437514439,,,,,0.0021945021945021944
,0.0014437514437514439,0.006699006699006699,,,,0.1686879186879187,0.000693000693000693,0.002945252945252945,0.17313467313467312,,0.0021945021945021944,,0.014148764148764148,0.0021945021945021944,0.005948255948255948,,,,,,,,,0.012647262647262647,0.004446754446754447,,,,,,,,,0.04926079926079926,,,,0.0014437514437514439,0.0014437514437514439,0.000693000693000693,,0.03205128205128205,,0.4504504504504505,0.000693000693000693,0.000693000693000693,0.0014437514437514439,0.000693000693000693,0.008951258951258952,0.0014437514437514439,,,0.0021945021945021944,0.011896511896511896,0.0014437514437514439,,,,,0.009702009702009701,0.017151767151767153,0.000693000693000693,0.000693000693000693,,,0.0014437514437514439,,0.00744975744975745,,,0.0014437514437514439,,,,,0.0014437514437514439
,,0.006641256641256641,,,0.000693000693000693,0.20166320166320167,,0.004389004389004389,0.17873642873642873,,0.0014437514437514439,,0.012531762531762532,0.002945252945252945,0.0036382536382536385,,,,,,,,,0.006641256641256641,0.002945252945252945,,,,,,,,0.0014437514437514439,0.04874104874104874,,0.000693000693000693,,0.002945252945252945,0.000693000693000693,0.000693000693000693,0.000693000693000693,0.036902286902286904,0.000693000693000693,0.40199815199815203,0.000693000693000693,0.0014437514437514439,0.000693000693000693,,0.011030261030261031,,,,0.0014437514437514439,0.03320628320628321,0.004389004389004389,,,,,0.0014437514437514439,0.012531762531762532,0.0021945021945021944,0.0014437514437514439,,,,,0.00589050589050589,,,0.004389004389004389,,,,,0.0014437514437514439
,,0.0014437514437514439,,,0.002136752136752137,0.22863247863247863,,0.004331254331254331,0.21916146916146917,,0.0028875028875028877,,0.02408177408177408,0.0036382536382536385,0.0036382536382536385,0.0014437514437514439,,,,,,,,0.020443520443520442,0.005832755832755832,,,,,,,,,0.035747285747285744,,,,0.0028875028875028877,0.000693000693000693,,0.000693000693000693,0.03355278355278355,,0.2858627858627858,0.000693000693000693,0.009471009471009472,0.0014437514437514439,,0.013109263109263108,,,,0.000693000693000693,0.029914529914529916,0.002136752136752137,0.000693000693000693,,,0.000693000693000693,0.000693000693000693,0.01386001386001386,0.016054516054516056,0.000693000693000693,,,0.0014437514437514439,,0.018942018942018943,,,0.010221760221760221,,,,,0.002136752136752137
,,0.0005775005775005775,,0.0005775005775005775,0.001155001155001155,0.1883229383229383,0.0005775005775005775,0.00231000231000231,0.1524024024024024,,0.0017325017325017325,,0.026045276045276046,,0.006352506352506352,0.0005775005775005775,,,,,,,0.00231000231000231,0.01386001386001386,,,,,,,,,0.0005775005775005775,0.028932778932778933,,0.0005775005775005775,,,0.001155001155001155,0.0028875028875028877,,0.032455532455532454,,0.4365904365904365,,0.0075075075075075074,0.0005775005775005775,0.0005775005775005775,0.00693000693000693,,0.0017325017325017325,,0.0005775005775005775,0.028932778932778933,0.00231000231000231,,,,,0.00231000231000231,0.005197505197505198,0.021425271425271425,,,0.00231000231000231,0.0005775005775005775,,0.0075075075075075074,,,0.010395010395010396,0.0005775005775005775,,0.0005775005775005775,,
,,0.002367752367752368,,,,0.10897435897435898,0.0005775005775005775,0.002367752367752368,0.09522984522984523,,0.002367752367752368,,0.014322014322014322,0.0005775005775005775,0.0005775005775005775,0.0005775005775005775,,,0.001155001155001155,,,,,0.006583506583506584,0.0005775005775005775,,,,,,,,,0.016747516747516747,,,,0.0017902517902517903,0.0005775005775005775,0.0017902517902517903,,0.026334026334026334,,0.6618734118734119,,0.002367752367752368,0.0005775005775005775,,0.010164010164010164,,,,0.0005775005775005775,0.02032802032802033,,,,0.0005775005775005775,,0.001155001155001155,0.0053707553707553705,0.002367752367752368,0.0005775005775005775,,0.001155001155001155,0.001155001155001155,,0.002945252945252945,,,0.004735504735504736,,,0.0005775005775005775,,
,,0.006237006237006237,,,,0.13883113883113885,,0.0016747516747516748,0.1530954030954031,,,,0.011954261954261955,0.0016747516747516748,0.0022522522522522522,,,0.0005197505197505198,,,,,0.0005197505197505198,0.006814506814506814,0.0016747516747516748,,,,,,0.0010972510972510972,0.0016747516747516748,,0.038808038808038806,,0.0005197505197505198,,,0.0005197505197505198,0.0022522522522522522,0.0005197505197505198,0.023966273966273967,,0.5486255486255487,,0.00513975513975514,0.0005197505197505198,0.0005197505197505198,0.009124509124509125,,,,0.0010972510972510972,0.017094017094017096,,,,,,0.003407253407253407,0.013109263109263108,0.0005197505197505198,,,,,,0.003407253407253407,,,0.00282975282975283,,,,,
,,0.006699006699006699,,,0.0012127512127512127,0.15598290598290598,,0.004273504273504274,0.18289443289443288,,0.003003003003003003,,0.015881265881265882,0.004851004851004851,0.0012127512127512127,,,,,,,,0.0005775005775005775,0.006063756063756064,,,,,,,0.0017902517902517903,,,0.03424578424578425,,,,,,0.0017902517902517903,,0.031185031185031187,,0.4937052437052437,,0.004851004851004851,0.0017902517902517903,,0.005486255486255486,,,,0.0005775005775005775,0.014033264033264034,0.0017902517902517903,,,,,0.0017902517902517903,0.00975975975975976,0.006063756063756064,0.0012127512127512127,,,0.0005775005775005775,,0.004273504273504274,,,0.0024255024255024253,,,,,
,,0.0019057519057519058,,,0.0006352506352506353,0.13473088473088474,,0.0019057519057519058,0.08876183876183877,,0.0006352506352506353,,0.008258258258258258,,0.0006352506352506353,,,,,,,,0.0006352506352506353,0.003176253176253176,0.0006352506352506353,,,,,,0.0006352506352506353,,,0.01975051975051975,,,,,,0.0012705012705012705,,0.021656271656271656,,0.6912681912681913,,0.0006352506352506353,,,,,,,,0.005717255717255718,0.0012705012705012705,,,,,0.0012705012705012705,0.006987756987756988,0.002541002541002541,,,,0.0006352506352506353,,0.003176253176253176,,,0.0012705012705012705,,,,,
,,0.005255255255255256,,,,0.17007392007392008,,0.003927003927003927,0.13496188496188496,,0.002598752598752599,,0.016516516516516516,0.0012705012705012705,,,,,,,,,0.0012705012705012705,0.008547008547008548,0.0012705012705012705,,,,,,0.0012705012705012705,0.0006352506352506353,,0.04365904365904366,,,,,,0.0012705012705012705,,0.02182952182952183,,0.5443520443520444,0.0006352506352506353,0.0006352506352506353,0.0006352506352506353,0.0006352506352506353,0.0019635019635019634,,,,,0.01917301917301917,,,,,,0.002598752598752599,0.008547008547008548,0.002598752598752599,,,,,,0.002598752598752599,,,,,0.0012705012705012705,,,
,,0.004215754215754216,,,,0.20356895356895358,,0.00848925848925849,0.22176022176022175,0.0005775005775005775,0.0017902517902517903,,0.030376530376530375,0.0005775005775005775,0.0017902517902517903,,,,,,,,0.0005775005775005775,0.012705012705012704,0.003003003003003003,,,,,,0.0012127512127512127,0.004215754215754216,,0.08021483021483021,0.0036382536382536385,,,,,0.003003003003003003,,0.03216678216678217,,0.3208015708015708,,0.004851004851004851,0.003003003003003003,0.0005775005775005775,0.009066759066759066,,0.0012127512127512127,,,0.02367752367752368,0.0005775005775005775,,,,,0.0024255024255024253,0.01027951027951028,0.004215754215754216,0.0005775005775005775,,,0.0012127512127512127,,0.0024255024255024253,,,0.0012127512127512127,,,,,
,,0.0005775005775005775,,,,0.17960267960267962,,0.00462000462000462,0.1340956340956341,,0.0040425040425040425,,0.016863016863016864,0.0005775005775005775,0.015708015708015707,0.00231000231000231,,0.001155001155001155,,,,,0.0005775005775005775,0.008142758142758142,0.0028875028875028877,,,,,,0.0005775005775005775,0.001155001155001155,0.0005775005775005775,0.02974127974127974,0.0005775005775005775,,,,,0.0028875028875028877,,0.030318780318780318,,0.4782282282282282,,0.00231000231000231,0.001155001155001155,,0.009875259875259876,0.00231000231000231,,,0.0005775005775005775,0.02390852390852391,0.0005775005775005775,,0.0005775005775005775,,,0.009297759297759297,0.00641025641025641,0.005775005775005775,0.0028875028875028877,,,0.0017325017325017325,0.0005775005775005775,0.0040425040425040425,,,0.009297759297759297,,0.003465003465003465,,,
,,0.0010972510972510972,,,,0.10533610533610534,,0.0016747516747516748,0.1036036036036036,,0.00282975282975283,,0.01206976206976207,0.0010972510972510972,0.0010972510972510972,,0.0005197505197505198,,,,,,0.0005197505197505198,0.011492261492261492,0.004562254562254562,,,,,,0.0016747516747516748,,,0.025294525294525295,,,,,0.0010972510972510972,0.0022522522522522522,0.0005197505197505198,0.02125202125202125,,0.6451258951258951,,0.005717255717255718,0.0010972510972510972,0.0010972510972510972,0.008027258027258028,0.0005197505197505198,0.0005197505197505198,,,0.02182952182952183,,,,,,0.005717255717255718,0.006872256872256872,0.0022522522522522522,,,0.0005197505197505198,,,0.0016747516747516748,,,0.0005197505197505198,,0.0005197505197505198,,,
,,0.005197505197505198,,,,0.14333564333564333,,0.003465003465003465,0.16597366597366597,,0.00231000231000231,,0.01969276969276969,0.001155001155001155,0.0005775005775005775,,,,,,,,0.001155001155001155,0.010972510972510972,0.00231000231000231,,,,,,0.0005775005775005775,,0.0005775005775005775,0.050473550473550476,0.0005775005775005775,,,,,0.0017325017325017325,,0.04002079002079002,,0.4920304920304921,,0.00462000462000462,,0.0005775005775005775,0.00924000924000924,,0.0005775005775005775,,,0.013917763917763918,,,,,0.001155001155001155,0.003465003465003465,0.014495264495264495,0.0017325017325017325,0.0005775005775005775,,,0.001155001155001155,0.0005775005775005775,0.001155001155001155,,,0.0040425040425040425,,0.0005775005775005775,,,
,,0.005197505197505198,,,0.0006352506352506353,0.16741741741741742,,0.005197505197505198,0.17134442134442135,0.0006352506352506353,0.0006352506352506353,,0.02032802032802033,0.002598752598752599,0.0012705012705012705,,,,,,,,0.0012705012705012705,0.006525756525756526,0.0012705012705012705,,,,,,0.0006352506352506353,0.0006352506352506353,,0.04267729267729268,,,,,0.0006352506352506353,0.003234003234003234,,0.03609378609378609,,0.4855047355047355,,0.003927003927003927,,0.0006352506352506353,0.003234003234003234,0.0006352506352506353,,,0.0006352506352506353,0.018364518364518363,,,,,0.0006352506352506353,0.0006352506352506353,0.00848925848925849,0.0012705012705012705,,,0.0006352506352506353,,0.0006352506352506353,0.004562254562254562,,,0.0019635019635019634,,,,,
,,0.005255255255255256,,,,0.16493416493416493,,,0.18202818202818202,,,,0.03153153153153153,0.0006352506352506353,0.0006352506352506353,,,0.0006352506352506353,,,,,0.0019635019635019634,0.012474012474012475,0.0006352506352506353,,,,,,0.0006352506352506353,0.003234003234003234,,0.030203280203280204,,,,,0.0006352506352506353,0.003234003234003234,0.0006352506352506353,0.025583275583275583,,0.4586509586509586,,0.004562254562254562,0.0012705012705012705,,0.006525756525756526,,,,,0.03153153153153153,0.0006352506352506353,,,,0.0006352506352506353,0.00589050589050589,0.013744513744513744,0.0012705012705012705,,,0.0006352506352506353,0.0006352506352506353,0.0006352506352506353,0.006525756525756526,,,0.0019635019635019634,,,,,
,,0.0012127512127512127,,,,0.16782166782166782,,0.0012127512127512127,0.15985215985215986,,0.0005775005775005775,,0.02639177639177639,0.0017902517902517903,0.0017902517902517903,,,0.0005775005775005775,0.0005775005775005775,,,,0.0017902517902517903,0.0049087549087549085,0.003060753060753061,,,,,,,0.0017902517902517903,,0.05162855162855163,,,,,,0.0024255024255024253,,0.025814275814275815,,0.47458997458997454,0.0005775005775005775,0.0012127512127512127,0.004273504273504274,,0.0024255024255024253,0.0012127512127512127,,,,0.030087780087780087,0.0012127512127512127,,,,0.003060753060753061,0.006756756756756757,0.00796950796950797,0.003060753060753061,0.0012127512127512127,,,,,0.0036382536382536385,,,0.004273504273504274,0.0012127512127512127,,,,
,,0.018826518826518826,,,,0.20426195426195426,0.0005775005775005775,0.00231000231000231,0.19427119427119427,,0.0017325017325017325,,0.02587202587202587,0.001155001155001155,0.0017325017325017325,,,,,,,0.0005775005775005775,0.0005775005775005775,0.011145761145761145,0.0035227535227535228,,,,,,,0.005255255255255256,0.0035227535227535228,0.03528528528528529,0.0005775005775005775,,,0.0005775005775005775,,0.0028875028875028877,0.0005775005775005775,0.03413028413028413,,0.3491568491568491,,0.0005775005775005775,0.0017325017325017325,0.001155001155001155,0.004677754677754678,0.001155001155001155,,,,0.02587202587202587,,,,,0.00231000231000231,0.00231000231000231,0.013513513513513514,0.009413259413259413,0.004677754677754678,,,0.0005775005775005775,,0.02177177177177177,,,0.011723261723261724,,,,,
,,0.001155001155001155,,0.0005775005775005775,0.0005775005775005775,0.14391314391314391,0.0005775005775005775,0.001155001155001155,0.1681104181104181,,0.001155001155001155,,0.019461769461769463,0.002945252945252945,0.004677754677754678,,,0.001155001155001155,,,,0.0005775005775005775,0.0041002541002541,0.008258258258258258,0.0070455070455070455,,,,,,0.0005775005775005775,0.007623007623007623,,0.027084777084777086,0.0005775005775005775,,,0.0017325017325017325,0.0017325017325017325,0.00231000231000231,0.00231000231000231,0.029452529452529453,,0.4583622083622083,,0.001155001155001155,0.00231000231000231,0.0005775005775005775,0.00589050589050589,0.0035227535227535228,0.0017325017325017325,,0.0005775005775005775,0.02650727650727651,0.0005775005775005775,,,,0.005255255255255256,0.010568260568260568,0.01178101178101178,0.0035227535227535228,0.0017325017325017325,,,0.0005775005775005775,0.0005775005775005775,0.0035227535227535228,,,0.022407022407022407,,,,,
,,0.001848001848001848,,0.003060753060753061,0.0005775005775005775,0.11036036036036036,0.001848001848001848,0.0005775005775005775,0.0906098406098406,,0.001848001848001848,,0.024024024024024024,0.001848001848001848,0.0012127512127512127,,,0.0012127512127512127,,,,,0.0005775005775005775,0.00924000924000924,0.0024255024255024253,,,,,,0.0012127512127512127,,0.0005775005775005775,0.025236775236775238,,,,0.0005775005775005775,0.0012127512127512127,0.001848001848001848,,0.02032802032802033,,0.6315546315546315,,0.0012127512127512127,,0.0005775005775005775,0.011665511665511665,0.003696003696003696,,,,0.012936012936012936,0.0005775005775005775,,,,0.003696003696003696,0.005544005544005544,0.005544005544005544,0.0024255024255024253,0.0005775005775005775,,0.0005775005775005775,,0.0005775005775005775,0.003060753060753061,,,0.013513513513513514,,,,,
,,0.0006352506352506353,,,,0.13253638253638253,,0.005082005082005082,0.14916839916839916,,0.0006352506352506353,,0.02177177177177177,0.0012705012705012705,0.0012705012705012705,,,,,,,,0.0006352506352506353,0.004446754446754447,0.0019057519057519058,,,,,,0.0006352506352506353,,,0.030723030723030724,0.0006352506352506353,,,,0.0019057519057519058,0.0012705012705012705,0.0019057519057519058,0.05503580503580503,,0.5330907830907832,,0.003176253176253176,0.0006352506352506353,0.0012705012705012705,0.0012705012705012705,,,,,0.017902517902517904,,,,,,0.0038115038115038116,0.010857010857010857,0.0019057519057519058,,,0.0006352506352506353,0.0006352506352506353,0.0006352506352506353,0.006352506352506352,,,0.006352506352506352,,,,,
,,0.00565950565950566,,,,0.16493416493416493,,0.0035227535227535228,0.16707091707091706,,0.000693000693000693,,0.026276276276276277,0.000693000693000693,0.000693000693000693,,,0.000693000693000693,,,,,,0.01206976206976207,0.00282975282975283,,,,,,0.000693000693000693,,,0.041233541233541234,,,,,0.002079002079002079,0.002079002079002079,,0.025583275583275583,,0.47528297528297525,,0.004215754215754216,,0.000693000693000693,0.006352506352506352,,,,,0.022002772002772,0.000693000693000693,,,,,0.004215754215754216,0.01206976206976207,0.00924000924000924,,,,0.001386001386001386,0.000693000693000693,0.004966504966504966,,,0.001386001386001386,,,,,
,,0.004331254331254331,,,,0.1421806421806422,,0.0005775005775005775,0.1409101409101409,,0.0005775005775005775,,0.01928851928851929,0.0012127512127512127,,,,,0.001848001848001848,0.0005775005775005775,,,,0.006814506814506814,0.0005775005775005775,,,,,,0.0005775005775005775,,0.0005775005775005775,0.031762531762531764,0.0005775005775005775,0.0005775005775005775,,0.0005775005775005775,,0.001848001848001848,,0.02743127743127743,,0.5628898128898129,0.0005775005775005775,,,0.0005775005775005775,0.003696003696003696,0.0005775005775005775,,,0.0005775005775005775,0.02177177177177177,0.0005775005775005775,,,,,0.001848001848001848,0.01183876183876184,0.004331254331254331,,,,0.0012127512127512127,0.0005775005775005775,0.001848001848001848,,,0.003696003696003696,0.0005775005775005775,,,,
,,0.005313005313005313,,,0.0005775005775005775,0.16106491106491105,,0.0035227535227535228,0.12300762300762301,,0.0005775005775005775,,0.018422268422268424,0.001155001155001155,0.0005775005775005775,,,,0.0017325017325017325,,,,,0.0035227535227535228,0.002945252945252945,,,,,,0.0017325017325017325,,0.0005775005775005775,0.041002541002541006,,,,0.001155001155001155,0.001155001155001155,0.002367752367752368,,0.023735273735273735,,0.5431970431970432,,0.001155001155001155,,0.0005775005775005775,0.00589050589050589,,,,0.0005775005775005775,0.023735273735273735,0.001155001155001155,,,,,0.0017325017325017325,0.012474012474012475,0.0017325017325017325,0.0005775005775005775,,,,,0.004735504735504736,,,0.008316008316008316,,,,,
,,0.004273504273504274,,,,0.17665742665742665,,0.003060753060753061,0.2044929544929545,,0.0049087549087549085,,0.016054516054516056,0.0005775005775005775,0.0005775005775005775,0.0005775005775005775,,,0.005544005544005544,,,,,0.007392007392007392,0.00924000924000924,,,,,,0.0005775005775005775,,,0.0395010395010395,0.0012127512127512127,,,0.001848001848001848,0.003060753060753061,0.003060753060753061,0.0005775005775005775,0.03459228459228459,,0.4004389004389004,0.0005775005775005775,0.003060753060753061,,0.0024255024255024253,0.006121506121506122,,,,,0.022233772233772233,0.0005775005775005775,,,,0.0005775005775005775,0.0049087549087549085,0.011088011088011088,0.02408177408177408,0.0012127512127512127,,,,,0.003696003696003696,,,0.0012127512127512127,,,,,
,,0.0031185031185031187,,,,0.1597944097944098,,0.0037537537537537537,0.11936936936936937,,0.002483252483252483,,0.02021252021252021,0.0005775005775005775,0.01386001386001386,0.0005775005775005775,,,0.0037537537537537537,,,,,0.0082005082005082,0.008835758835758836,,,,,,,,,0.018306768306768306,,,,0.001848001848001848,0.002483252483252483,0.002483252483252483,,0.019577269577269577,,0.5057172557172558,,0.005024255024255024,0.0031185031185031187,0.004389004389004389,0.01131901131901132,,,,,0.04042504042504042,,,,,0.005024255024255024,0.004389004389004389,0.008835758835758836,0.004389004389004389,0.0037537537537537537,,,,0.0005775005775005775,0.002483252483252483,,,0.01131901131901132,,,,,
,,0.0012127512127512127,,,,0.13172788172788172,,0.001848001848001848,0.09112959112959113,,,,0.016227766227766227,,0.0005775005775005775,,,,0.002483252483252483,,,,,0.01183876183876184,0.0031185031185031187,,,,,,,,,0.014957264957264958,,,,,,0.0031185031185031187,,0.019346269346269346,,0.6291291291291291,,0.003696003696003696,0.0005775005775005775,0.0031185031185031187,0.008085008085008085,,,,0.0005775005775005775,0.039327789327789325,,,,,,0.0012127512127512127,0.0031185031185031187,0.0031185031185031187,0.001848001848001848,,,,0.001848001848001848,0.004331254331254331,,,0.0012127512127512127,,,0.0012127512127512127,,
,,0.004793254793254793,,,,0.16372141372141372,,0.002367752367752368,0.1196003696003696,,0.0005775005775005775,,0.021136521136521137,0.001155001155001155,0.0005775005775005775,,,0.001155001155001155,0.002367752367752368,,,,,0.013282513282513283,0.003003003003003003,,,,,,,,,0.039847539847539845,,,,,,0.002367752367752368,,0.02234927234927235,,0.5424462924462925,,0.002367752367752368,0.0005775005775005775,0.001155001155001155,0.012647262647262647,,,,0.0005775005775005775,0.022926772926772927,,,,,,0.001155001155001155,0.007796257796257797,0.001155001155001155,0.0005775005775005775,,,0.001155001155001155,0.0005775005775005775,0.004215754215754216,,,0.0005775005775005775,,,0.0017902517902517903,,
,,0.001155001155001155,,,,0.12832062832062832,,0.00231000231000231,0.08298683298683299,,0.001155001155001155,,0.01645876645876646,0.001155001155001155,0.0005775005775005775,,,,0.0005775005775005775,,,,,0.006468006468006468,0.005255255255255256,,,,,,,,,0.027084777084777086,,0.0005775005775005775,,,,0.001155001155001155,,0.015881265881265882,,0.6615269115269116,,0.00231000231000231,,0.0005775005775005775,0.008778008778008778,,,,0.0005775005775005775,0.012936012936012936,0.0005775005775005775,,,,,0.00231000231000231,0.009413259413259413,0.00231000231000231,0.0005775005775005775,,,,0.001155001155001155,0.0041002541002541,,,0.001155001155001155,,,0.0005775005775005775,,
,,0.004158004158004158,,,,0.17694617694617695,,0.001155001155001155,0.1421228921228921,,,,0.02639177639177639,0.001155001155001155,0.0005775005775005775,,,,,,,,,0.008951258951258952,0.002367752367752368,,,,,,,,,0.032975282975282974,0.0005775005775005775,0.0005775005775005775,,,,0.0035805035805035806,,0.028182028182028182,,0.49745899745899747,0.0005775005775005775,0.0017902517902517903,,0.001155001155001155,0.0053707553707553705,,,,,0.022176022176022176,0.0005775005775005775,,,,0.0005775005775005775,0.002367752367752368,0.020385770385770385,0.007161007161007161,,,,0.0005775005775005775,0.0005775005775005775,0.0053707553707553705,,,0.002367752367752368,,,0.0017902517902517903,,
,,0.004215754215754216,,0.0005775005775005775,,0.16112266112266113,,0.0005775005775005775,0.1398128898128898,,0.004851004851004851,,0.015188265188265188,,0.0012127512127512127,0.0005775005775005775,0.0005775005775005775,,,,,0.0005775005775005775,,0.014553014553014554,0.005428505428505428,,,,,,,,0.0005775005775005775,0.04007854007854008,,,,,,0.0024255024255024253,0.0012127512127512127,0.024312774312774312,,0.5009817509817509,0.0005775005775005775,0.018826518826518826,0.004215754215754216,0.0005775005775005775,0.0036382536382536385,,,,0.0012127512127512127,0.0231000231000231,,,,,,0.0036382536382536385,0.007854007854007854,0.004851004851004851,0.0005775005775005775,,,0.0005775005775005775,0.0024255024255024253,0.0036382536382536385,,,0.0024255024255024253,,,0.0005775005775005775,,0.0024255024255024253
,,0.005082005082005082,,0.0006352506352506353,0.0006352506352506353,0.20865095865095865,,0.002541002541002541,0.19271194271194272,,,,0.024197274197274198,0.002541002541002541,0.0006352506352506353,,,,,,,,,0.02229152229152229,0.004446754446754447,,,,,,,,,0.051686301686301686,0.0006352506352506353,,,,0.0012705012705012705,0.002541002541002541,,0.019115269115269114,,0.3305613305613305,0.0019057519057519058,0.004446754446754447,0.002541002541002541,0.0019057519057519058,0.01206976206976207,0.0012705012705012705,,,0.0012705012705012705,0.0420997920997921,,,,,0.0006352506352506353,0.006987756987756988,0.01206976206976207,0.02229152229152229,,,0.0006352506352506353,0.0019057519057519058,0.0012705012705012705,0.0038115038115038116,,,0.011434511434511435,,,0.0012705012705012705,,
,,0.003176253176253176,,,,0.18208593208593207,,0.0012705012705012705,0.15142065142065142,,0.0012705012705012705,,0.0313005313005313,0.003176253176253176,0.002541002541002541,,,,,,,,,0.05878955878955879,0.007623007623007623,,,,,,,0.0006352506352506353,,0.02743127743127743,,,,0.002541002541002541,0.0019057519057519058,0.002541002541002541,,0.01980826980826981,,0.3794756294756295,,0.009528759528759529,0.0038115038115038116,0.0012705012705012705,0.012127512127512128,,0.0006352506352506353,,0.0006352506352506353,0.04596904596904597,,,,,0.0006352506352506353,0.003176253176253176,0.006352506352506352,0.010857010857010857,,,0.0006352506352506353,0.008258258258258258,0.0006352506352506353,0.004446754446754447,,,0.013398013398013399,,,0.0006352506352506353,,
,,,,,0.001155001155001155,0.13143913143913144,0.0005775005775005775,0.001155001155001155,0.09211134211134211,,0.001155001155001155,,0.014033264033264034,0.001155001155001155,0.001155001155001155,,,0.0005775005775005775,,,,,,0.009933009933009933,0.006987756987756988,0.0005775005775005775,,,,,,,,0.02639177639177639,0.00231000231000231,,,,0.001155001155001155,0.0017325017325017325,,0.0246015246015246,,0.6088588588588588,0.0005775005775005775,0.003465003465003465,0.00641025641025641,0.001155001155001155,0.007623007623007623,0.001155001155001155,,,,0.014668514668514668,,,,,0.0005775005775005775,0.004677754677754678,0.0164010164010164,0.00231000231000231,0.0005775005775005775,,0.0005775005775005775,0.0017325017325017325,,0.003465003465003465,,,0.006987756987756988,0.0005775005775005775,,,,
,,0.0022522522522522522,,,,0.17446292446292447,0.0010972510972510972,0.0010972510972510972,0.14974589974589975,0.003984753984753985,0.0016747516747516748,,0.011434511434511435,0.0005197505197505198,0.0005197505197505198,,,0.0005197505197505198,,,,,,0.00744975744975745,0.003984753984753985,0.0005197505197505198,,,,,,,,0.03898128898128898,0.003407253407253407,,,,,0.0010972510972510972,,0.025236775236775238,,0.5003465003465003,,0.003407253407253407,0.0010972510972510972,0.00282975282975283,0.008027258027258028,,,,0.0010972510972510972,0.02177177177177177,0.0005197505197505198,0.0005197505197505198,,,0.0016747516747516748,0.004562254562254562,0.016632016632016633,0.0005197505197505198,0.0005197505197505198,,,0.0016747516747516748,,0.0022522522522522522,,,0.004562254562254562,,,,,
,,0.008662508662508662,,,,0.1690921690921691,,0.0040425040425040425,0.16562716562716562,,0.0005775005775005775,,0.026622776622776623,0.003465003465003465,,,,0.0017325017325017325,,,,,,0.009817509817509817,0.0028875028875028877,0.0005775005775005775,,,,,,,0.00231000231000231,0.03644028644028644,0.001155001155001155,,,,,0.0005775005775005775,,0.0272002772002772,,0.4640794640794641,,0.0028875028875028877,0.0040425040425040425,0.0005775005775005775,0.00693000693000693,,,,,0.02546777546777547,0.0017325017325017325,,,,,0.0005775005775005775,0.015592515592515593,0.0005775005775005775,,,,0.001155001155001155,,0.010972510972510972,,,0.0040425040425040425,0.0005775005775005775,,,,
,,0.0036382536382536385,,,,0.16014091014091014,,,0.1582929082929083,,0.0005775005775005775,,0.031762531762531764,0.0012127512127512127,0.0005775005775005775,,,0.0005775005775005775,,,,,,0.010337260337260337,0.0017902517902517903,0.0005775005775005775,,,,,0.0005775005775005775,,,0.04521829521829522,0.0012127512127512127,,,,,0.0005775005775005775,0.0005775005775005775,0.02564102564102564,,0.4562832062832063,,0.0036382536382536385,0.0017902517902517903,,0.005486255486255486,0.0017902517902517903,,,,0.026853776853776854,0.0017902517902517903,0.0005775005775005775,,,0.0012127512127512127,,0.037248787248787246,0.004273504273504274,,,,0.0012127512127512127,0.0005775005775005775,0.008547008547008548,,,0.004851004851004851,0.0005775005775005775,,,,
,,0.006294756294756294,,,,0.16418341418341417,,0.0010972510972510972,0.1515939015939016,,0.0022522522522522522,,0.023504273504273504,0.0022522522522522522,0.0022522522522522522,,,0.0005197505197505198,,,,,,0.011434511434511435,0.006294756294756294,0.0005197505197505198,,,,,0.0005197505197505198,,,0.04077154077154077,0.003407253407253407,,,,,,,0.030954030954030955,0.0005197505197505198,0.48007623007623,,0.0010972510972510972,0.00513975513975514,,0.00282975282975283,0.0005197505197505198,0.0016747516747516748,,,0.021194271194271194,0.0005197505197505198,0.0010972510972510972,,,0.0016747516747516748,0.0016747516747516748,0.011434511434511435,,0.003984753984753985,,0.0005197505197505198,0.0005197505197505198,0.0005197505197505198,0.008027258027258028,,,0.008604758604758605,,,,,0.0005197505197505198
,,0.0017325017325017325,,,,0.17867867867867868,,0.002945252945252945,0.186994686994687,0.0005775005775005775,0.004735504735504736,,0.02795102795102795,0.001155001155001155,0.002367752367752368,,0.0005775005775005775,0.001155001155001155,0.002367752367752368,,,,,0.02616077616077616,0.05595980595980596,0.0005775005775005775,,,,,0.0005775005775005775,,0.001155001155001155,0.04285054285054285,0.0035227535227535228,,,,,,,0.02616077616077616,,0.3131785631785632,,0.005948255948255948,0.006525756525756526,,0.014264264264264264,,0.0005775005775005775,0.0005775005775005775,,0.04163779163779164,0.001155001155001155,0.0005775005775005775,,,0.002367752367752368,0.0017325017325017325,0.009528759528759529,0.004158004158004158,0.002945252945252945,,,0.001155001155001155,,0.01126126126126126,,,0.013051513051513051,0.001155001155001155,,,,
,,0.007218757218757219,,,,0.14882189882189883,0.001155001155001155,0.009009009009009009,0.1403903903903904,0.0005775005775005775,,,0.04215754215754216,0.003003003003003003,0.007218757218757219,,0.001155001155001155,0.0017902517902517903,,,,,,0.016863016863016864,0.0518018018018018,0.0005775005775005775,,,,,0.0017902517902517903,,,0.031935781935781934,0.0005775005775005775,,,0.002367752367752368,0.001155001155001155,0.001155001155001155,,0.02229152229152229,,0.38213213213213204,,0.012012012012012012,0.0035805035805035806,,0.007218757218757219,,,,,0.05001155001155001,0.001155001155001155,,,,0.007218757218757219,0.001155001155001155,0.013224763224763224,0.004793254793254793,0.002367752367752368,,0.0005775005775005775,0.0005775005775005775,0.001155001155001155,0.010221760221760221,,,0.009586509586509586,,,,,
,,0.006121506121506122,,,0.0005775005775005775,0.12595287595287596,0.0012127512127512127,0.0049087549087549085,0.11243936243936244,0.0005775005775005775,0.003060753060753061,,0.02702702702702703,0.0017902517902517903,0.004273504273504274,,,0.0012127512127512127,,,,,,0.010395010395010396,0.006121506121506122,,,,,,,,0.0005775005775005775,0.017151767151767153,0.0005775005775005775,,,,0.0012127512127512127,,,0.029452529452529453,,0.553014553014553,,0.013513513513513514,0.0005775005775005775,0.0005775005775005775,0.00796950796950797,,,,0.0005775005775005775,0.028875028875028876,0.004273504273504274,,,,,0.0036382536382536385,0.006121506121506122,0.009817509817509817,0.0024255024255024253,,,0.0012127512127512127,0.0005775005775005775,0.008547008547008548,,,0.0036382536382536385,,,,,
,,0.0036382536382536385,,,,0.152979902979903,,0.0017902517902517903,0.1835874335874336,,0.005486255486255486,,0.016516516516516516,0.0012127512127512127,0.0012127512127512127,,,,,,,,,0.006699006699006699,0.003003003003003003,,,,,,0.0017902517902517903,,,0.04342804342804343,0.0005775005775005775,,,0.0005775005775005775,,0.0005775005775005775,0.0005775005775005775,0.031185031185031187,,0.4709517209517209,,0.003003003003003003,,,0.007334257334257334,0.0005775005775005775,,,0.0005775005775005775,0.022002772002772,0.0012127512127512127,0.0005775005775005775,,,,0.004273504273504274,0.018306768306768306,0.0017902517902517903,,,0.0005775005775005775,0.0012127512127512127,,0.010395010395010396,,,0.0017902517902517903,0.0005775005775005775,,,,
,,0.00513975513975514,,,,0.20766920766920766,,0.0012705012705012705,0.16204666204666204,0.0006352506352506353,0.0012705012705012705,,0.014091014091014091,0.0012705012705012705,,0.0012705012705012705,,,,,,,0.0019057519057519058,0.010914760914760915,0.002541002541002541,,,,,,0.0019057519057519058,,0.0006352506352506353,0.046893046893046894,,,,,,0.0006352506352506353,,0.022464772464772464,,0.432836682836683,,0.003176253176253176,0.003176253176253176,,0.009644259644259644,0.0006352506352506353,,,,0.01796026796026796,0.0006352506352506353,0.0006352506352506353,,,,0.0006352506352506353,0.01027951027951028,0.002541002541002541,0.0019057519057519058,,0.0006352506352506353,0.0006352506352506353,,0.03147378147378147,,,0.0006352506352506353,,,,,
,,0.003407253407253407,,0.0006352506352506353,,0.18953568953568953,,0.0006352506352506353,0.16077616077616078,,,,0.0164010164010164,0.0006352506352506353,0.0006352506352506353,,,,,,,,,0.010221760221760221,0.002714252714252714,,,,,,0.0020212520212520213,,0.0006352506352506353,0.037595287595287595,,,,,,,0.0006352506352506353,0.023215523215523216,,0.48302148302148307,,0.0041002541002541,0.0020212520212520213,0.0006352506352506353,0.009528759528759529,,,,,0.022580272580272582,0.0020212520212520213,0.0006352506352506353,,,,,0.010914760914760915,0.0013282513282513282,,,0.0006352506352506353,0.0013282513282513282,,0.006814506814506814,,,0.002714252714252714,,,,,0.0020212520212520213
,,0.00565950565950566,,0.0012127512127512127,,0.16106491106491105,,0.0037537537537537537,0.17492492492492492,,,,0.01386001386001386,0.002483252483252483,0.0005775005775005775,,,,,,,,,0.010106260106260105,0.004389004389004389,,,,,,0.0012127512127512127,0.0005775005775005775,,0.04227304227304227,,,,,0.0012127512127512127,,,0.023966273966273967,,0.48255948255948244,,0.0031185031185031187,0.002483252483252483,0.0005775005775005775,0.008835758835758836,,,,0.0005775005775005775,0.029683529683529684,,,,,0.0037537537537537537,,0.01131901131901132,,0.0005775005775005775,,0.0005775005775005775,,,0.00693000693000693,,,0.0005775005775005775,,0.0005775005775005775,,,0.0005775005775005775
,,0.003003003003003003,,,,0.1729036729036729,,0.006641256641256641,0.15401940401940403,,0.0012127512127512127,,0.020674520674520674,0.0012127512127512127,0.0017902517902517903,0.0012127512127512127,0.0005775005775005775,,0.0005775005775005775,,0.0012127512127512127,,,0.012127512127512128,0.005428505428505428,,,,,,0.0012127512127512127,,,0.038923538923538926,,,,0.0005775005775005775,,0.0005775005775005775,,0.019461769461769463,,0.45483945483945476,,0.005428505428505428,0.004851004851004851,0.0012127512127512127,0.0036382536382536385,0.0005775005775005775,,,,0.04440979440979441,0.0005775005775005775,,,,0.0036382536382536385,0.0024255024255024253,0.017613767613767612,0.004851004851004851,0.0005775005775005775,,,0.0017902517902517903,,0.006641256641256641,,,0.0024255024255024253,0.0005775005775005775,,,,0.0005775005775005775
,,0.002541002541002541,,0.0006352506352506353,0.0006352506352506353,0.12549087549087548,,0.002541002541002541,0.11515361515361515,,,,0.013571263571263571,,0.0012705012705012705,,,0.0006352506352506353,,,0.0019057519057519058,,,0.007738507738507739,0.0038692538692538694,,,,,,0.0019057519057519058,,,0.027777777777777776,0.0006352506352506353,,,0.0006352506352506353,,,,0.023273273273273273,0.0006352506352506353,0.5847193347193347,,0.002541002541002541,0.0012705012705012705,0.0006352506352506353,0.002541002541002541,0.0006352506352506353,,,,0.042042042042042045,,,,,0.002541002541002541,0.0038692538692538694,0.006468006468006468,0.0012705012705012705,,,,0.0006352506352506353,,0.010337260337260337,,,0.008373758373758373,0.0006352506352506353,,,,0.0006352506352506353
,,0.0005775005775005775,,,,0.0934973434973435,,0.006294756294756294,0.08466158466158466,0.0005775005775005775,0.0031185031185031187,,0.01513051513051513,,0.0012127512127512127,0.0012127512127512127,,0.0012127512127512127,,,0.0012127512127512127,,,0.010106260106260105,0.0012127512127512127,,,,,,0.001848001848001848,,0.0031185031185031187,0.018306768306768306,,,,0.0005775005775005775,0.0031185031185031187,,,0.02587202587202587,,0.6480711480711481,0.0005775005775005775,0.002483252483252483,0.008835758835758836,,0.0082005082005082,,,,,0.027777777777777776,0.0005775005775005775,,,,0.0012127512127512127,0.001848001848001848,0.010106260106260105,0.0005775005775005775,0.0005775005775005775,,,,0.0012127512127512127,0.010106260106260105,,0.0012127512127512127,0.0037537537537537537,,,,,
,,0.0019057519057519058,,,,0.16175791175791177,,0.007796257796257797,0.15852390852390852,0.0012705012705012705,0.0006352506352506353,,0.021425271425271425,0.0006352506352506353,0.002598752598752599,,0.0006352506352506353,,,,,,,0.011030261030261031,0.003234003234003234,,,,,,0.0019057519057519058,0.0006352506352506353,0.0006352506352506353,0.036382536382536385,0.003234003234003234,,,0.0012705012705012705,0.003234003234003234,0.0006352506352506353,0.0006352506352506353,0.02079002079002079,,0.47638022638022637,,0.0045045045045045045,0.013629013629013628,,0.0019057519057519058,0.0006352506352506353,,,,0.03309078309078309,0.0006352506352506353,,,0.0006352506352506353,,0.0012705012705012705,0.005832755832755832,0.003234003234003234,,,,0.0012705012705012705,,0.010395010395010396,,0.0019057519057519058,0.003234003234003234,,0.0006352506352506353,,,
,,0.006468006468006468,,,,0.13426888426888428,,0.002541002541002541,0.14339339339339338,0.0006352506352506353,0.0006352506352506353,,0.021367521367521368,0.0006352506352506353,0.0006352506352506353,0.0006352506352506353,,,,,,,,0.006468006468006468,0.002541002541002541,,,,,,0.0012705012705012705,,0.0006352506352506353,0.0272002772002772,0.009066759066759066,,0.0012705012705012705,0.0012705012705012705,0.0019057519057519058,,,0.018133518133518132,,0.5395010395010396,,0.0019057519057519058,0.014264264264264264,,0.0045045045045045045,0.0012705012705012705,,,,0.031762531762531764,,,,,,0.0012705012705012705,0.006468006468006468,0.0006352506352506353,,,,,,0.0123007623007623,,0.0012705012705012705,0.003234003234003234,,0.0006352506352506353,,,
0.0005775005775005775,,0.003696003696003696,,0.0005775005775005775,,0.1525756525756526,,0.001848001848001848,0.1176946176946177,,,,0.015534765534765535,0.0005775005775005775,0.0012127512127512127,0.0005775005775005775,0.0012127512127512127,,0.0005775005775005775,,,,0.0005775005775005775,0.0061792561792561795,0.002483252483252483,,,,,0.0012127512127512127,0.0012127512127512127,,,0.04042504042504042,0.010568260568260568,,,0.0005775005775005775,0.002483252483252483,,0.002483252483252483,0.015534765534765535,,0.552148302148302,,0.002483252483252483,0.014322014322014322,,0.002483252483252483,0.001848001848001848,,,,0.022407022407022407,,0.0005775005775005775,0.0005775005775005775,,,0.0012127512127512127,0.009933009933009933,0.0012127512127512127,,,,0.0005775005775005775,,0.0061792561792561795,,0.001848001848001848,0.0012127512127512127,,0.0005775005775005775,,,
,,0.001848001848001848,,,,0.12762762762762764,,0.0012127512127512127,0.11896511896511897,,,,0.00796950796950797,0.001848001848001848,0.0012127512127512127,0.0012127512127512127,,,0.0005775005775005775,,,,,0.006756756756756757,0.0012127512127512127,,,,,,0.0012127512127512127,,,0.0338992838992839,,,,0.0005775005775005775,0.0005775005775005775,,0.0005775005775005775,0.01969276969276969,,0.6204666204666205,,0.0012127512127512127,0.007392007392007392,0.0005775005775005775,0.006121506121506122,,,,,0.011665511665511665,0.0005775005775005775,0.0005775005775005775,0.0012127512127512127,,,,0.00796950796950797,0.0005775005775005775,,,0.0012127512127512127,0.0005775005775005775,,0.008604758604758605,,0.001848001848001848,0.001848001848001848,,0.0005775005775005775,,,
,,0.0012705012705012705,,,,0.13363363363363365,,0.0012705012705012705,0.09482559482559483,,0.0006352506352506353,,0.009528759528759529,0.0006352506352506353,0.0006352506352506353,0.0019057519057519058,,0.0012705012705012705,,,,,,0.007623007623007623,0.0006352506352506353,,,,,,0.0012705012705012705,,,0.02668052668052668,0.0006352506352506353,,,0.0012705012705012705,,,0.0006352506352506353,0.02032802032802033,,0.6502079002079002,,0.0019057519057519058,0.006352506352506352,,0.0012705012705012705,0.0006352506352506353,,,,0.010164010164010164,0.0019057519057519058,,0.0006352506352506353,,,0.0019057519057519058,0.007623007623007623,,0.0019057519057519058,,,,,0.006987756987756988,,0.0012705012705012705,0.002541002541002541,,,,,
,,0.0006352506352506353,,,,0.07305382305382305,,0.0013282513282513282,0.07640332640332641,,,,0.008662508662508662,0.0013282513282513282,0.0013282513282513282,0.0026565026565026563,,0.0013282513282513282,0.0006352506352506353,,,,,0.008662508662508662,0.0019635019635019634,,,,,,0.0006352506352506353,,,0.01876876876876877,0.0006352506352506353,,,,,,,0.015419265419265419,,0.7433009933009933,,0.0033495033495033496,0.0026565026565026563,,0.0013282513282513282,0.0006352506352506353,,,,0.013398013398013399,0.0013282513282513282,,,,,0.0006352506352506353,0.005313005313005313,0.0019635019635019634,0.0006352506352506353,,,,,0.008027258027258028,,0.0013282513282513282,0.0026565026565026563,,,,,
0.0006352506352506353,,0.0026565026565026563,,0.0013282513282513282,,0.06941556941556942,,0.0033495033495033496,0.05595980595980596,,0.0006352506352506353,,0.008085008085008085,,0.0020212520212520213,0.0020212520212520213,0.0013282513282513282,,0.0006352506352506353,,,,,0.0053707553707553705,0.0026565026565026563,,,,,,0.0006352506352506353,,,0.015477015477015478,0.0013282513282513282,,,,,0.0013282513282513282,,0.014784014784014783,,0.773042273042273,,0.0013282513282513282,0.0020212520212520213,,0.0033495033495033496,0.0006352506352506353,,,,0.010106260106260105,0.0006352506352506353,0.0006352506352506353,,,0.0013282513282513282,0.0006352506352506353,0.0053707553707553705,0.0006352506352506353,0.0013282513282513282,,,,,0.004677754677754678,,0.0026565026565026563,0.0013282513282513282,,,0.0006352506352506353,,
,,0.003927003927003927,,0.0019635019635019634,,0.12791637791637792,,0.007161007161007161,0.11151536151536151,,0.0019635019635019634,,0.013109263109263108,0.0006352506352506353,0.0006352506352506353,0.0012705012705012705,0.0006352506352506353,,,,,,,0.005197505197505198,0.0019635019635019634,0.0006352506352506353,,,,,0.0006352506352506353,,0.0012705012705012705,0.03407253407253407,0.0012705012705012705,,,,,,,0.018999768999769,,0.6280896280896281,,0.0012705012705012705,,,0.002598752598752599,0.0006352506352506353,,0.0006352506352506353,,0.01178101178101178,0.0006352506352506353,,,,,,0.007854007854007854,0.0012705012705012705,,,,,,0.009182259182259182,,,0.0012705012705012705,,,,,
,,0.0012705012705012705,,0.0019057519057519058,,0.1303996303996304,,0.004562254562254562,0.11931161931161931,,0.0019057519057519058,,0.007796257796257797,0.0006352506352506353,0.015592515592515593,0.002598752598752599,0.0006352506352506353,,0.0006352506352506353,,,,,0.006468006468006468,0.003234003234003234,,,,,,0.0006352506352506353,,,0.02541002541002541,,,,,,0.0012705012705012705,0.0006352506352506353,0.015592515592515593,,0.6161353661353661,,0.003234003234003234,0.0012705012705012705,,0.007161007161007161,0.0012705012705012705,,,,0.010395010395010396,0.0006352506352506353,0.0006352506352506353,,,0.0012705012705012705,,0.007161007161007161,0.0006352506352506353,0.0006352506352506353,,,,0.0006352506352506353,0.005197505197505198,,,0.002598752598752599,0.0006352506352506353,,,,
,,0.0019057519057519058,,,0.0006352506352506353,0.11931161931161931,,0.0019057519057519058,0.11601986601986602,,0.0006352506352506353,,0.009702009702009701,,0.0045045045045045045,0.0019057519057519058,,0.0006352506352506353,0.0006352506352506353,,,,,0.008373758373758373,0.0038692538692538694,,,,,,,0.0006352506352506353,,0.03106953106953107,,,,,,0.0006352506352506353,,0.023966273966273967,,0.6195426195426195,,0.003234003234003234,0.002541002541002541,,0.010337260337260337,0.0006352506352506353,,,,0.013571263571263571,0.0012705012705012705,,,,,,0.006468006468006468,0.0012705012705012705,,,,,,0.007738507738507739,0.0006352506352506353,,0.0038692538692538694,0.0006352506352506353,,,,0.0019057519057519058
,,0.000693000693000693,,,,0.10192885192885193,,0.004966504966504966,0.09055209055209056,,,0.000693000693000693,0.007103257103257103,0.000693000693000693,0.000693000693000693,0.001386001386001386,0.000693000693000693,0.000693000693000693,,,,,,0.007796257796257797,0.0035227535227535228,,,,,,,0.000693000693000693,,0.029914529914529916,,,,,,0.000693000693000693,0.000693000693000693,0.03205128205128205,,0.6628551628551629,,0.001386001386001386,0.000693000693000693,,0.00641025641025641,0.000693000693000693,,,,0.011376761376761376,0.001386001386001386,,0.000693000693000693,,,,0.00565950565950566,0.0035227535227535228,,,,0.001386001386001386,,0.00924000924000924,,,0.008547008547008548,,,,,0.000693000693000693
0.000693000693000693,,0.004273504273504274,,,,0.10545160545160545,,0.00641025641025641,0.09684684684684684,,,,0.007161007161007161,0.002136752136752137,0.000693000693000693,0.002136752136752137,,0.000693000693000693,,,,,,0.009297759297759297,0.00641025641025641,,,,,,,,,0.022233772233772233,,,,,,,,0.022233772233772233,,0.6722106722106722,,0.00282975282975283,0.001386001386001386,,0.00282975282975283,0.000693000693000693,,,,0.007854007854007854,0.000693000693000693,,0.000693000693000693,,0.000693000693000693,0.00282975282975283,0.004273504273504274,0.00282975282975283,0.002136752136752137,,,0.000693000693000693,,0.00641025641025641,,,0.004273504273504274,,,,,
,,0.0006352506352506353,,,,0.0882998382998383,,0.0006352506352506353,0.08414183414183414,,0.0020212520212520213,,0.007565257565257565,,0.0006352506352506353,0.0006352506352506353,,,,,,,,0.0061792561792561795,0.002714252714252714,,,,,0.0006352506352506353,,,,0.023446523446523447,,,,,,,,0.019981519981519983,,0.7264379764379765,,0.003407253407253407,0.0006352506352506353,,0.003407253407253407,0.0006352506352506353,,,,0.007565257565257565,,,,,,0.0006352506352506353,0.006872256872256872,0.0041002541002541,0.0020212520212520213,,,0.0013282513282513282,,0.0041002541002541,,,0.0013282513282513282,,,,,
0.000693000693000693,,0.002772002772002772,,,,0.06104181104181104,,0.000693000693000693,0.052725802725802726,,,,0.006237006237006237,,0.000693000693000693,0.001386001386001386,,,,,,,,0.008316008316008316,0.001386001386001386,,,,,0.000693000693000693,,,,0.016632016632016633,,,,,,,,0.01593901593901594,,0.800993300993301,,0.001386001386001386,,,0.00693000693000693,0.001386001386001386,,,,0.003465003465003465,0.000693000693000693,,,,,0.000693000693000693,0.00693000693000693,,0.001386001386001386,,,,,0.004158004158004158,,,0.002772002772002772,,,,,
,,0.003176253176253176,,,,0.1021021021021021,,0.0019057519057519058,0.08408408408408409,,,,0.005775005775005775,,0.0019057519057519058,0.0006352506352506353,,,0.0006352506352506353,,,,,0.004446754446754447,0.0019057519057519058,,,,,,,,,0.026969276969276968,,,0.0012705012705012705,,,,,0.01668976668976669,,0.7128089628089628,,,,0.0006352506352506353,0.005082005082005082,0.0012705012705012705,,,0.0012705012705012705,0.00641025641025641,0.0012705012705012705,,,,0.0012705012705012705,0.0012705012705012705,0.004446754446754447,0.0012705012705012705,,,,0.0012705012705012705,,0.0070455070455070455,,,0.003176253176253176,,,,,
,,0.0019057519057519058,,,,0.12248787248787249,,0.0006352506352506353,0.10031185031185032,,,,0.0045045045045045045,0.0012705012705012705,0.0012705012705012705,0.0012705012705012705,,,0.0006352506352506353,,,,,0.0038692538692538694,0.0006352506352506353,,,,,,,,,0.03320628320628321,,,,0.0006352506352506353,0.0006352506352506353,,,0.018191268191268192,,0.6788519288519288,,,,0.0006352506352506353,0.0045045045045045045,0.0006352506352506353,,,,0.007161007161007161,0.0006352506352506353,,,,,,0.0038692538692538694,0.0006352506352506353,0.0019057519057519058,,,0.0006352506352506353,,0.007161007161007161,,,0.0019057519057519058,,,,,
,,0.003465003465003465,,,,0.10371910371910371,,0.003465003465003465,0.09852159852159852,0.0005775005775005775,0.0005775005775005775,,0.00693000693000693,0.001155001155001155,0.003465003465003465,0.001155001155001155,0.0005775005775005775,,,,,,,0.00462000462000462,0.001155001155001155,,,,,0.0028875028875028877,,,0.0005775005775005775,0.03765303765303765,0.001155001155001155,,,,,,,0.021425271425271425,,0.6682259182259183,,0.001155001155001155,,0.001155001155001155,0.009817509817509817,,,,,0.008085008085008085,0.0005775005775005775,,,,,0.0017325017325017325,0.00924000924000924,0.0028875028875028877,,,,0.0005775005775005775,,0.003465003465003465,,,,,,,,
,,0.0022522522522522522,,,,0.0954030954030954,,0.008027258027258028,0.072996072996073,,,,0.0016747516747516748,0.0016747516747516748,0.0005197505197505198,0.0010972510972510972,,,,,,,,0.005717255717255718,0.0016747516747516748,,,,,0.0005197505197505198,0.0016747516747516748,,,0.03563178563178563,,,,,,0.0005197505197505198,,0.018942018942018943,,0.7227997227997228,,,,0.0016747516747516748,0.00513975513975514,0.0005197505197505198,,,,0.005717255717255718,,,,,0.0010972510972510972,,0.006294756294756294,0.0022522522522522522,,,,,0.0016747516747516748,0.0022522522522522522,,,0.0022522522522522522,,,,,
,,0.00231000231000231,,,,0.11215061215061214,,0.006352506352506352,0.09303534303534304,,,,0.00462000462000462,0.001155001155001155,,0.0005775005775005775,,0.0005775005775005775,,,,,,0.0040425040425040425,0.001155001155001155,,,,,,0.001155001155001155,,,0.029452529452529453,,,,,,,,0.02367752367752368,,0.6891314391314391,,0.0005775005775005775,0.00231000231000231,,0.001155001155001155,,,,0.0005775005775005775,0.008662508662508662,,,,,,,0.008662508662508662,0.0017325017325017325,,,,0.0005775005775005775,0.001155001155001155,0.00462000462000462,,,0.0005775005775005775,,,,,
,,0.0005775005775005775,,,,0.0775005775005775,,0.007218757218757219,0.04723954723954724,,,,0.005428505428505428,0.0017902517902517903,,0.0005775005775005775,,,,,,,,0.008431508431508432,,,,,,,0.002367752367752368,,,0.026045276045276046,,0.001155001155001155,,,,0.0005775005775005775,,0.024832524832524832,,0.7615500115500116,,0.003003003003003003,0.004215754215754216,0.0005775005775005775,0.004793254793254793,,,,,0.006641256641256641,,,,,0.0005775005775005775,0.0005775005775005775,0.007218757218757219,0.0017902517902517903,,,,,0.001155001155001155,0.003003003003003003,,,0.001155001155001155,,,,,
,,0.0012127512127512127,,,,0.044987294987294986,,0.003696003696003696,0.048105798105798105,0.0005775005775005775,0.0005775005775005775,,0.015419265419265419,0.0005775005775005775,0.0005775005775005775,0.0005775005775005775,,0.0005775005775005775,,,,,,0.006756756756756757,,,,,,,0.0024255024255024253,,,0.029568029568029567,,0.0005775005775005775,,,,,0.0005775005775005775,0.014148764148764148,,0.7899052899052899,,0.0005775005775005775,0.005544005544005544,0.0012127512127512127,0.0049087549087549085,,,,,0.006756756756756757,,,0.0012127512127512127,,,0.0012127512127512127,0.009817509817509817,0.003060753060753061,,,,,0.0005775005775005775,0.003696003696003696,,,0.0005775005775005775,,,,,
,,0.002483252483252483,,,,0.10256410256410256,,0.0075075075075075074,0.08749133749133749,,0.001848001848001848,,0.008142758142758142,0.001848001848001848,,,0.0005775005775005775,,,,,,,0.0037537537537537537,0.0005775005775005775,,,,,,0.0037537537537537537,,,0.019461769461769463,,0.0005775005775005775,,,,0.0005775005775005775,0.0005775005775005775,0.011954261954261955,,0.7115384615384615,,0.002483252483252483,0.0037537537537537537,0.0012127512127512127,0.004389004389004389,,,,,0.006872256872256872,,,,,0.0005775005775005775,0.0012127512127512127,0.009413259413259413,0.0012127512127512127,,,,0.0012127512127512127,,0.001848001848001848,,,0.0005775005775005775,,,,,
,,0.003696003696003696,,,,0.10810810810810811,,0.006121506121506122,0.0882998382998383,,0.004273504273504274,,0.008604758604758605,0.0005775005775005775,0.0005775005775005775,,,0.0005775005775005775,,,,,0.0012127512127512127,0.011088011088011088,0.0012127512127512127,,,,,,0.0024255024255024253,,,0.020963270963270962,0.0005775005775005775,,,,,,,0.016632016632016633,,0.681046431046431,,0.008027258027258028,0.0012127512127512127,0.0005775005775005775,0.006756756756756757,,0.0005775005775005775,,,0.006756756756756757,,,,,0.0005775005775005775,0.0012127512127512127,0.008604758604758605,0.0005775005775005775,,,,0.0005775005775005775,0.0012127512127512127,0.0049087549087549085,,,0.0024255024255024253,,,,,
,,0.0012127512127512127,,,,0.10683760683760683,,0.006063756063756064,0.08437283437283437,,0.0017902517902517903,,0.005428505428505428,0.0012127512127512127,,0.0005775005775005775,,0.0005775005775005775,,,,,,0.007276507276507277,0.0005775005775005775,,,,,,0.0005775005775005775,,,0.03516978516978517,,,,,0.0005775005775005775,,,0.020616770616770617,,0.693982443982444,,0.004215754215754216,0.0005775005775005775,,0.0017902517902517903,,0.0005775005775005775,,,0.004851004851004851,,,,,0.0005775005775005775,0.0024255024255024253,0.00848925848925849,0.0005775005775005775,,,,0.0012127512127512127,0.0012127512127512127,0.004215754215754216,,,0.0012127512127512127,0.0012127512127512127,,,,
,,0.0024255024255024253,,,,0.08980133980133981,,0.004851004851004851,0.07582582582582582,,0.0005775005775005775,,0.005428505428505428,0.0017902517902517903,,,0.0005775005775005775,0.0012127512127512127,,,,,,0.009066759066759066,0.0024255024255024253,,,,,,0.0017902517902517903,,,0.030896280896280895,,,,,0.0005775005775005775,,,0.020616770616770617,,0.7068029568029568,,0.004215754215754216,0.0017902517902517903,0.0005775005775005775,0.0017902517902517903,,,,,0.01334026334026334,,,,,,0.0005775005775005775,0.006063756063756064,0.006063756063756064,,,0.0012127512127512127,0.0012127512127512127,0.0012127512127512127,0.004851004851004851,,,0.0024255024255024253,,,,,
,,0.0012127512127512127,,,,0.11781011781011781,,0.007276507276507277,0.09702009702009702,,0.0005775005775005775,,0.010337260337260337,0.0017902517902517903,,,,0.0012127512127512127,,,,,,0.007276507276507277,0.0012127512127512127,,,,,,0.0024255024255024253,,,0.025583275583275583,,,,,,,,0.01461076461076461,,0.6718641718641719,0.0005775005775005775,0.0005775005775005775,0.0017902517902517903,0.0012127512127512127,0.006063756063756064,,,,,0.006699006699006699,,,,,0.0005775005775005775,0.0005775005775005775,0.007911757911757912,0.003003003003003003,,,0.0005775005775005775,0.0012127512127512127,0.0012127512127512127,0.004215754215754216,,,0.003003003003003003,,0.0005775005775005775,,,
,,0.0005775005775005775,,,,0.07773157773157773,,0.0041002541002541,0.058731808731808735,,,,0.008893508893508893,0.0017325017325017325,0.0017325017325017325,,,,0.001155001155001155,,,,,0.0041002541002541,0.002367752367752368,,,,,,0.002945252945252945,,0.0005775005775005775,0.02252252252252252,,0.0005775005775005775,,,,0.0005775005775005775,,0.008258258258258258,,0.7640332640332641,,0.001155001155001155,,,0.006525756525756526,,,,,0.006525756525756526,,,,,0.001155001155001155,0.0017325017325017325,0.00589050589050589,0.0035227535227535228,0.001155001155001155,,,0.001155001155001155,0.0017325017325017325,0.00589050589050589,,,0.002945252945252945,,,,,
,,0.0005775005775005775,,,,0.050358050358050355,,0.003696003696003696,0.03418803418803419,,,,0.004966504966504966,0.0005775005775005775,0.0012127512127512127,,,,,,,,,0.0061792561792561795,0.002483252483252483,,,,,,0.003060753060753061,,,0.027315777315777317,,,,0.0005775005775005775,,0.0005775005775005775,,0.01617001617001617,,0.8103488103488103,,0.004331254331254331,0.001848001848001848,,0.004966504966504966,,,,,0.004966504966504966,,,,,,0.0061792561792561795,0.00744975744975745,0.001848001848001848,0.0012127512127512127,,,,,0.003696003696003696,,,0.0012127512127512127,,,,,
,,0.0019057519057519058,,,,0.09771309771309772,,0.004446754446754447,0.09707784707784708,,,,0.002541002541002541,0.0006352506352506353,,,,,,,,,,0.005775005775005775,0.0019057519057519058,,,,,,0.0019057519057519058,,,0.03147378147378147,,,,,,,,0.019923769923769923,,0.6995841995841996,,0.0019057519057519058,0.0012705012705012705,,0.00513975513975514,0.0006352506352506353,,,,0.00641025641025641,,,,,0.0012705012705012705,0.0006352506352506353,0.008951258951258952,0.0012705012705012705,0.0006352506352506353,,,0.0012705012705012705,0.0006352506352506353,0.0038115038115038116,,,0.0012705012705012705,,,,,
,,0.002772002772002772,,,,0.11220836220836221,,0.005544005544005544,0.10452760452760453,,,,0.005544005544005544,0.000693000693000693,,,,0.001386001386001386,,,,,,0.00693000693000693,0.002772002772002772,,,,,,0.002772002772002772,,,0.02922152922152922,,,,,,,,0.015996765996765996,,0.6798336798336798,,0.002079002079002079,0.001386001386001386,,0.003465003465003465,0.000693000693000693,,,,0.006237006237006237,0.000693000693000693,,,,,0.000693000693000693,0.006237006237006237,0.001386001386001386,0.000693000693000693,,,0.000693000693000693,0.000693000693000693,0.002772002772002772,,,0.002079002079002079,,,,,
,,0.008431508431508432,,,,0.15194040194040195,,0.0049087549087549085,0.13294063294063294,,0.000693000693000693,,0.009124509124509125,0.002079002079002079,0.001386001386001386,,,,,,,,0.001386001386001386,0.006294756294756294,0.001386001386001386,,,,,,0.003465003465003465,,0.000693000693000693,0.037941787941787944,,,,,,0.001386001386001386,,0.009817509817509817,,0.5997343497343497,,0.002772002772002772,0.000693000693000693,,0.002772002772002772,0.000693000693000693,,,,0.002079002079002079,,,,,,,0.006987756987756988,0.002079002079002079,0.000693000693000693,,,0.001386001386001386,,0.002772002772002772,,,0.002772002772002772,0.000693000693000693,,,,
,,0.007103257103257103,,,,0.13016863016863017,,0.004215754215754216,0.11665511665511666,,,,0.004215754215754216,0.0035227535227535228,0.004215754215754216,0.000693000693000693,,,,,,,0.000693000693000693,0.006352506352506352,0.00282975282975283,,,,,,0.0035227535227535228,,0.000693000693000693,0.04337029337029337,,,,,,0.000693000693000693,,0.020616770616770617,,0.6088588588588588,,0.00282975282975283,0.000693000693000693,,0.006352506352506352,,,,,0.00848925848925849,,,,,0.002079002079002079,0.000693000693000693,0.007796257796257797,0.00565950565950566,0.000693000693000693,,,0.000693000693000693,0.000693000693000693,0.0035227535227535228,,,0.000693000693000693,0.000693000693000693,,,,
,,0.0035227535227535228,,,,0.13305613305613306,,0.006352506352506352,0.12664587664587665,,,,0.0035227535227535228,0.002079002079002079,,0.000693000693000693,,,,,,,,0.009182259182259182,0.0035227535227535228,,,,,,0.00282975282975283,,,0.03465003465003465,,0.000693000693000693,,0.000693000693000693,0.001386001386001386,,,0.021194271194271194,,0.607010857010857,,0.004215754215754216,0.001386001386001386,,0.00565950565950566,,,,,0.009182259182259182,,,,,,0.000693000693000693,0.007738507738507739,0.004215754215754216,0.0035227535227535228,,,0.000693000693000693,,0.00565950565950566,,,,,,,,
,,0.00282975282975283,,,0.000693000693000693,0.11567336567336567,,0.002136752136752137,0.11567336567336567,0.000693000693000693,,,0.00565950565950566,0.002136752136752137,,0.000693000693000693,,,0.002136752136752137,,,,,0.009990759990759992,0.00282975282975283,,,,,,0.001386001386001386,,,0.02927927927927928,,,,,,,0.000693000693000693,0.0164010164010164,0.000693000693000693,0.6478978978978979,0.001386001386001386,0.0035227535227535228,0.002136752136752137,,0.004966504966504966,,,,,0.008547008547008548,,,,,,0.000693000693000693,0.00565950565950566,0.004966504966504966,0.004273504273504274,,,0.000693000693000693,,0.0035227535227535228,,,0.002136752136752137,,,,,
,,0.0035805035805035806,,,,0.07166782166782167,,0.005717255717255718,0.060175560175560174,,0.000693000693000693,,0.00641025641025641,0.002136752136752137,,0.000693000693000693,,,0.002136752136752137,,,,,0.007161007161007161,0.00282975282975283,,,,,,0.002136752136752137,,,0.025063525063525063,,,,,0.000693000693000693,,,0.01645876645876646,,0.7554862554862555,,0.00282975282975283,0.00282975282975283,,0.002136752136752137,,,,,0.005717255717255718,,,,,,0.001386001386001386,0.009990759990759992,0.005717255717255718,0.001386001386001386,,,,,0.004273504273504274,,,0.000693000693000693,,,,,
,,0.0019635019635019634,,,,0.11394086394086395,,0.006525756525756526,0.09817509817509817,,0.0006352506352506353,,0.007854007854007854,0.0012705012705012705,,,,0.0006352506352506353,,0.0006352506352506353,,,,0.00589050589050589,0.002598752598752599,,,,,,0.0012705012705012705,,,0.031416031416031415,,,,,0.0012705012705012705,,0.0006352506352506353,0.01178101178101178,,0.6712289212289212,,0.0012705012705012705,0.003927003927003927,,0.006525756525756526,,,,0.0006352506352506353,0.00848925848925849,0.0012705012705012705,,,,,0.0006352506352506353,0.00848925848925849,0.002598752598752599,,,,0.002598752598752599,,0.004562254562254562,,,0.0012705012705012705,,,,,
,,0.0041002541002541,,,0.0005775005775005775,0.10787710787710787,,0.010048510048510048,0.10845460845460846,,,,0.004735504735504736,0.0005775005775005775,0.0005775005775005775,0.001155001155001155,0.0005775005775005775,0.002945252945252945,,,,,,0.005313005313005313,0.002367752367752368,,,,,0.0005775005775005775,0.002367752367752368,,,0.03257103257103257,,,,0.0005775005775005775,,,0.0005775005775005775,0.014206514206514207,0.0005775005775005775,0.658061908061908,,0.0041002541002541,0.001155001155001155,,0.00589050589050589,,,,,0.012416262416262416,,,,,0.0005775005775005775,0.0017325017325017325,0.007680757680757681,0.001155001155001155,0.0005775005775005775,,,0.0005775005775005775,,0.004735504735504736,,,0.0005775005775005775,,,,,
0.0005775005775005775,,0.00231000231000231,,,0.0005775005775005775,0.10446985446985448,,0.0040425040425040425,0.11030261030261031,,,,0.0040425040425040425,0.0005775005775005775,0.001155001155001155,0.001155001155001155,,0.0017325017325017325,,,,,,0.0028875028875028877,0.0017325017325017325,,,,,0.0005775005775005775,0.0017325017325017325,,0.0005775005775005775,0.04435204435204435,,,,0.0005775005775005775,,,0.0005775005775005775,0.015708015708015707,,0.6649341649341649,,0.00231000231000231,0.0005775005775005775,,0.00231000231000231,,,,,0.011665511665511665,0.0005775005775005775,0.0005775005775005775,,0.0005775005775005775,0.0005775005775005775,0.0005775005775005775,0.007565257565257565,0.00231000231000231,0.0005775005775005775,,,0.0005775005775005775,,0.003465003465003465,,,0.001155001155001155,,,,,
,,0.0005775005775005775,,,,0.14616539616539617,,0.006872256872256872,0.1118041118041118,,0.002483252483252483,,0.003696003696003696,0.0012127512127512127,,,,0.0005775005775005775,0.0005775005775005775,,,,,0.011203511203511204,0.002483252483252483,,,,,0.0005775005775005775,0.002483252483252483,,0.0005775005775005775,0.03557403557403557,0.002483252483252483,,,0.0005775005775005775,,,0.0005775005775005775,0.021194271194271194,,0.5862208362208362,,0.005601755601755602,0.0012127512127512127,,0.004966504966504966,,,,,0.014322014322014322,0.0012127512127512127,,,,,0.00872025872025872,0.00744975744975745,0.00872025872025872,0.0012127512127512127,,,0.0005775005775005775,,0.006872256872256872,,,0.0012127512127512127,,,,,
,,0.0012127512127512127,,,,0.1502079002079002,,0.011954261954261955,0.12687687687687688,,0.002483252483252483,,0.013224763224763224,0.0005775005775005775,0.001848001848001848,,,,,,,,,0.00693000693000693,0.004389004389004389,,,,,,0.002483252483252483,,0.0005775005775005775,0.0328020328020328,0.002483252483252483,,,0.0005775005775005775,,,,0.01386001386001386,,0.575017325017325,,0.00565950565950566,0.0012127512127512127,,0.009413259413259413,0.0005775005775005775,,,,0.01824901824901825,,,,,,0.0005775005775005775,0.004389004389004389,0.002483252483252483,0.0031185031185031187,,,0.0012127512127512127,,0.004389004389004389,,,0.0012127512127512127,,,,,
,,0.009124509124509125,,,,0.13074613074613076,,0.0038692538692538694,0.08367983367983368,,0.003234003234003234,,0.00975975975975976,0.003234003234003234,0.0012705012705012705,,,,,,,,,0.007161007161007161,0.002598752598752599,,,,,,0.003234003234003234,,,0.02546777546777547,,,,0.0012705012705012705,,,,0.01565026565026565,,0.6491106491106491,,0.005832755832755832,0.003234003234003234,0.0006352506352506353,0.005832755832755832,,,,,0.018306768306768306,,,,,,0.0019057519057519058,0.003234003234003234,0.003234003234003234,0.005197505197505198,,0.0006352506352506353,,,0.0012705012705012705,,,0.0012705012705012705,,,,,
,,0.003234003234003234,,,,0.07137907137907137,,0.003927003927003927,0.07663432663432664,,0.0019635019635019634,,0.005197505197505198,0.0012705012705012705,0.0006352506352506353,,0.0006352506352506353,0.0006352506352506353,,,,,,0.007854007854007854,0.002598752598752599,,,,,0.0006352506352506353,0.003234003234003234,,0.0006352506352506353,0.025525525525525526,,,,0.0012705012705012705,0.0006352506352506353,0.0006352506352506353,,0.015708015708015707,,0.7361399861399862,,0.00589050589050589,0.0012705012705012705,0.0006352506352506353,0.00848925848925849,,,,,0.005197505197505198,0.0006352506352506353,,,,,0.0006352506352506353,0.005197505197505198,0.0012705012705012705,0.002598752598752599,,0.0006352506352506353,,,0.003234003234003234,,,0.003927003927003927,,,,,
,,0.0038115038115038116,,,,0.12912912912912913,,0.004446754446754447,0.12144837144837145,,0.0012705012705012705,,0.005775005775005775,0.0006352506352506353,,0.0006352506352506353,,0.0012705012705012705,,,,,,0.007680757680757681,0.002541002541002541,,,,,,0.002541002541002541,0.0012705012705012705,0.0012705012705012705,0.035343035343035345,0.0006352506352506353,,,0.0006352506352506353,,0.0006352506352506353,,0.016054516054516056,,0.618156618156618,,0.00513975513975514,,,0.00513975513975514,,,,,0.016054516054516056,,,,,,0.0006352506352506353,0.00641025641025641,0.003176253176253176,,,0.0006352506352506353,,,0.004446754446754447,,,0.0019057519057519058,,,,0.0006352506352506353,0.0006352506352506353
0.0005775005775005775,,0.003696003696003696,,,,0.1189073689073689,,0.004331254331254331,0.12641487641487642,,0.0012127512127512127,0.0005775005775005775,0.008662508662508662,0.0005775005775005775,0.0005775005775005775,0.0012127512127512127,,,,,,,,0.008085008085008085,0.003696003696003696,,,,,0.0005775005775005775,0.003696003696003696,,,0.034823284823284825,,,,0.0005775005775005775,,0.0005775005775005775,,0.014322014322014322,0.0005775005775005775,0.6189651189651189,,0.0061792561792561795,,,0.003060753060753061,0.0012127512127512127,,,,0.008662508662508662,0.0005775005775005775,,,,0.0005775005775005775,0.003060753060753061,0.011203511203511204,0.003696003696003696,,,0.0005775005775005775,0.001848001848001848,0.0005775005775005775,0.003696003696003696,,,0.001848001848001848,,,,0.0005775005775005775,
,,0.00513975513975514,,0.0006352506352506353,,0.11613536613536614,,0.0070455070455070455,0.13288288288288289,,0.0019057519057519058,,0.008373758373758373,,,,,0.0012705012705012705,,,,,,0.009009009009009009,0.0070455070455070455,,,,,,0.0019057519057519058,,0.0006352506352506353,0.036729036729036726,,,,,,,,0.014148764148764148,0.0006352506352506353,0.6083391083391083,,0.009009009009009009,,,0.011607761607761608,0.0006352506352506353,,,,0.009644259644259644,,,,,0.0006352506352506353,0.0038692538692538694,0.00641025641025641,0.0006352506352506353,0.0006352506352506353,,,,,0.0012705012705012705,0.0006352506352506353,,0.0012705012705012705,,,,0.0012705012705012705,0.0006352506352506353
,0.0006352506352506353,0.0019057519057519058,,,,0.12999537999538,,0.013686763686763687,0.11434511434511435,,0.0038692538692538694,,0.013051513051513051,0.002598752598752599,,,,0.0012705012705012705,,,,,,0.005832755832755832,0.005832755832755832,,,,,0.0006352506352506353,0.0019057519057519058,,,0.04573804573804574,,,,,,0.0006352506352506353,,0.01697851697851698,,0.5852968352968353,,0.006525756525756526,0.0006352506352506353,,0.005832755832755832,0.0006352506352506353,,,,0.01565026565026565,,,,,0.0012705012705012705,0.0012705012705012705,0.011088011088011088,0.0012705012705012705,0.0012705012705012705,,,0.0006352506352506353,,0.004562254562254562,0.0006352506352506353,,0.002598752598752599,,,,0.0006352506352506353,0.0012705012705012705
,,0.010452760452760453,,,,0.1416031416031416,,0.006987756987756988,0.14801339801339802,0.0005775005775005775,0.001155001155001155,,0.010452760452760453,0.001155001155001155,,,,0.001155001155001155,,,,,,0.003465003465003465,0.00641025641025641,,,,,,0.0017325017325017325,,,0.04134904134904135,,,,,,0.001155001155001155,,0.018018018018018018,0.0005775005775005775,0.5466042966042965,,0.00462000462000462,0.005197505197505198,,0.007565257565257565,,,,0.0005775005775005775,0.021540771540771542,0.001155001155001155,,,,0.001155001155001155,0.00231000231000231,0.0040425040425040425,0.0005775005775005775,0.0028875028875028877,,,0.0005775005775005775,,0.00231000231000231,,,0.00462000462000462,,,,,
,,0.005255255255255256,,,,0.11902286902286903,0.0005775005775005775,0.005832755832755832,0.11902286902286903,0.0005775005775005775,0.0017325017325017325,,0.005832755832755832,0.001155001155001155,0.001155001155001155,,,,,,,,,0.003465003465003465,0.005255255255255256,,,,,,0.0028875028875028877,,0.0005775005775005775,0.01697851697851698,,,,,0.001155001155001155,0.0017325017325017325,,0.01697851697851698,,0.636001386001386,,0.0028875028875028877,0.0041002541002541,0.0005775005775005775,0.011723261723261724,0.001155001155001155,,,,0.008778008778008778,,,,,0.001155001155001155,0.001155001155001155,0.008778008778008778,0.0028875028875028877,0.001155001155001155,,0.0005775005775005775,0.0028875028875028877,,0.0041002541002541,,,0.0028875028875028877,,,,,
,,0.005197505197505198,,,,0.0971933471933472,,0.004562254562254562,0.0945945945945946,,0.002598752598752599,,0.012358512358512359,0.0019057519057519058,,,0.0006352506352506353,,,,,,,0.0038692538692538694,0.005197505197505198,,,,,,0.0012705012705012705,,,0.01951951951951952,,,,0.0006352506352506353,,0.0019057519057519058,0.0012705012705012705,0.013686763686763687,,0.677927927927928,,0.0038692538692538694,0.007796257796257797,0.0012705012705012705,0.006468006468006468,,,,,0.012358512358512359,,,,,0.0006352506352506353,,0.00975975975975976,0.0006352506352506353,0.003234003234003234,,,0.0012705012705012705,,0.0019057519057519058,,,0.006468006468006468,,,,,
,,0.00462000462000462,,,,0.1252021252021252,0.0005775005775005775,0.00231000231000231,0.13975513975513976,,0.0005775005775005775,,0.013398013398013399,0.001155001155001155,,0.0005775005775005775,,0.0017325017325017325,,,,,,0.0040425040425040425,0.008142758142758142,,,,,,0.0017325017325017325,,,0.037248787248787246,,,,0.001155001155001155,,0.0005775005775005775,,0.016285516285516284,0.0005775005775005775,0.5852968352968353,,0.006987756987756988,0.005775005775005775,0.001155001155001155,0.005775005775005775,,,,,0.011030261030261031,,,,,0.0028875028875028877,0.0005775005775005775,0.009297759297759297,0.0005775005775005775,0.0017325017325017325,,,0.0017325017325017325,,0.003465003465003465,,,0.0040425040425040425,,,,,
,,0.001155001155001155,,,,0.14102564102564102,0.001155001155001155,0.007680757680757681,0.14339339339339338,,,,0.009471009471009472,0.0005775005775005775,0.0005775005775005775,0.0005775005775005775,,0.001155001155001155,,,,,,0.005313005313005313,0.002945252945252945,,,,,,0.001155001155001155,0.0005775005775005775,,0.04440979440979441,,,,0.0005775005775005775,,,,0.014206514206514207,,0.5715523215523216,,0.007680757680757681,0.0035227535227535228,0.001155001155001155,0.007103257103257103,,,,,0.010048510048510048,,,,,0.0005775005775005775,0.0005775005775005775,0.010048510048510048,,0.002367752367752368,,,,,0.0041002541002541,,,0.005313005313005313,,,,,
,,0.00231000231000231,,,,0.14506814506814505,0.0005775005775005775,0.005832755832755832,0.12035112035112035,0.0005775005775005775,,,0.011145761145761145,0.001155001155001155,,0.0017325017325017325,,,0.0017325017325017325,,,,,0.015246015246015246,0.004677754677754678,,,,,,0.0005775005775005775,,,0.04695079695079695,,,,,,,,0.0164010164010164,,0.5801570801570801,,0.00641025641025641,0.0005775005775005775,0.0005775005775005775,0.0041002541002541,,0.0005775005775005775,,,0.0123007623007623,,,,,0.00231000231000231,0.001155001155001155,0.0082005082005082,0.004677754677754678,,,,0.0028875028875028877,,0.0005775005775005775,,,0.001155001155001155,,,,,
,,0.002772002772002772,,,0.0010972510972510972,0.13184338184338185,0.0005197505197505198,0.005601755601755602,0.17353892353892353,0.0005197505197505198,,,0.01178101178101178,0.002772002772002772,0.002772002772002772,0.0010972510972510972,,,0.0016747516747516748,0.0016747516747516748,0.0005197505197505198,,,0.0033495033495033496,0.008431508431508432,,,,,,0.0016747516747516748,,0.0005197505197505198,0.03436128436128436,,0.0010972510972510972,,0.0005197505197505198,,,0.0005197505197505198,0.018537768537768538,,0.5395587895587896,,0.006756756756756757,0.0022522522522522522,0.0010972510972510972,0.0045045045045045045,0.0005197505197505198,,,,0.01744051744051744,,,,,0.002772002772002772,0.0022522522522522522,0.010683760683760684,0.0022522522522522522,0.0005197505197505198,,,0.0010972510972510972,,0.0010972510972510972,,,,,,,,
,,0.0022522522522522522,,0.0005197505197505198,,0.13992838992838993,0.0022522522522522522,0.00744975744975745,0.1525179025179025,,0.0005197505197505198,,0.016054516054516056,0.0005197505197505198,0.0022522522522522522,0.0010972510972510972,,,0.00282975282975283,0.0022522522522522522,,,,0.01027951027951028,0.0022522522522522522,,0.0010972510972510972,,,,0.0022522522522522522,,0.0005197505197505198,0.03268653268653269,,0.0005197505197505198,,0.0005197505197505198,,0.0010972510972510972,0.0005197505197505198,0.013744513744513744,0.0016747516747516748,0.5272580272580273,,0.006294756294756294,0.0016747516747516748,0.0010972510972510972,0.0016747516747516748,,,,0.0005197505197505198,0.03667128667128667,,,,,0.00282975282975283,0.0022522522522522522,0.01027951027951028,,0.0005197505197505198,,,0.0010972510972510972,,0.00744975744975745,,,0.0022522522522522522,,,0.0005197505197505198,,
,,0.001155001155001155,,,,0.12756987756987756,0.0005775005775005775,0.0035227535227535228,0.13715638715638714,,0.001155001155001155,,0.01668976668976669,0.0035227535227535228,0.002367752367752368,0.004158004158004158,0.0005775005775005775,,,0.0035227535227535228,,,,0.013109263109263108,0.004158004158004158,,,,,,0.002945252945252945,,0.001155001155001155,0.023215523215523216,,0.001155001155001155,,,,0.002367752367752368,,0.017267267267267267,0.0005775005775005775,0.5650265650265651,,0.005313005313005313,0.002367752367752368,0.0005775005775005775,0.007738507738507739,0.0005775005775005775,,,,0.03337953337953338,,,,,0.0005775005775005775,0.001155001155001155,0.005948255948255948,,0.0005775005775005775,,,,,0.005313005313005313,,,0.002945252945252945,,,0.0005775005775005775,,
,,0.0017902517902517903,,,,0.0800993300993301,0.0005775005775005775,0.004793254793254793,0.09153384153384153,,0.0017902517902517903,,0.006583506583506584,0.001155001155001155,0.0005775005775005775,0.0035805035805035806,0.0005775005775005775,0.0005775005775005775,,0.0017902517902517903,,,,0.008431508431508432,0.004215754215754216,,,,,,0.001155001155001155,,,0.019230769230769232,,0.0005775005775005775,,,,0.003003003003003003,,0.010221760221760221,0.001155001155001155,0.691903441903442,,0.004215754215754216,0.0035805035805035806,0.0005775005775005775,0.010221760221760221,,,,0.0005775005775005775,0.02286902286902287,0.0005775005775005775,,,0.001155001155001155,0.0017902517902517903,,0.010221760221760221,0.003003003003003003,,,0.0005775005775005775,0.0035805035805035806,0.001155001155001155,,,,,,,0.0005775005775005775,,
,,0.00462000462000462,,,,0.1681104181104181,0.0005775005775005775,0.0040425040425040425,0.14252714252714252,,0.0005775005775005775,,0.00693000693000693,0.0017325017325017325,0.0040425040425040425,0.0005775005775005775,,,,,,0.0005775005775005775,,0.005775005775005775,0.005775005775005775,,,,,0.0005775005775005775,0.001155001155001155,,0.0017325017325017325,0.036036036036036036,,0.0005775005775005775,,,,,,0.01917301917301917,0.001155001155001155,0.5468352968352969,,0.00693000693000693,0.001155001155001155,0.001155001155001155,0.0040425040425040425,0.0017325017325017325,,,0.0005775005775005775,0.014495264495264495,,,,,0.0005775005775005775,0.0017325017325017325,0.010452760452760453,,0.0005775005775005775,,0.0005775005775005775,,0.0005775005775005775,0.00231000231000231,,,,,,,,
,,0.0017325017325017325,,0.0005775005775005775,,0.13386463386463388,0.001155001155001155,0.00872025872025872,0.14784014784014785,,,,0.009875259875259876,0.0040425040425040425,0.0028875028875028877,0.0005775005775005775,,,,,,,,0.006352506352506352,0.0028875028875028877,,,,,,0.00231000231000231,,,0.04423654423654424,,0.0005775005775005775,0.0005775005775005775,,,,,0.011030261030261031,,0.5796373296373296,,0.00872025872025872,0.0005775005775005775,0.001155001155001155,0.003465003465003465,0.0028875028875028877,,,,0.011030261030261031,,,,,0.001155001155001155,0.001155001155001155,0.005775005775005775,,0.0005775005775005775,,0.0005775005775005775,,,0.0028875028875028877,,,,,,0.0005775005775005775,,0.0005775005775005775
,,0.0022522522522522522,,,,0.1477823977823978,0.0005197505197505198,0.006294756294756294,0.1472048972048972,,0.0005197505197505198,,0.01668976668976669,0.00282975282975283,,0.0010972510972510972,,,,,,,,0.003984753984753985,0.008027258027258028,,,,,,0.0005197505197505198,,0.0005197505197505198,0.03747978747978748,,0.0005197505197505198,0.0005197505197505198,,,,0.0005197505197505198,0.01437976437976438,,0.56006006006006,,0.006294756294756294,0.0005197505197505198,0.0010972510972510972,0.012647262647262647,0.0016747516747516748,,,0.0005197505197505198,0.010914760914760915,,,,,0.0005197505197505198,0.00282975282975283,0.00744975744975745,,,,0.0005197505197505198,,0.0005197505197505198,0.0016747516747516748,,,0.0010972510972510972,,,,,
,,0.001155001155001155,,,,0.1275121275121275,0.0005775005775005775,0.0041002541002541,0.14414414414414414,,,,0.013051513051513051,0.002367752367752368,,0.0005775005775005775,,,,,,,0.0005775005775005775,0.004735504735504736,0.002367752367752368,,,,,,0.0017325017325017325,,,0.04389004389004389,,0.0005775005775005775,0.0005775005775005775,,,0.0005775005775005775,0.0005775005775005775,0.014784014784014783,,0.5873180873180873,,0.004735504735504736,0.0017325017325017325,0.002945252945252945,0.0041002541002541,0.002367752367752368,0.001155001155001155,,0.0005775005775005775,0.008893508893508893,0.001155001155001155,,,0.0005775005775005775,0.002945252945252945,0.00589050589050589,0.00589050589050589,0.0005775005775005775,,,,0.002367752367752368,0.0005775005775005775,0.001155001155001155,,,0.001155001155001155,,,,,
,,0.0016747516747516748,,0.0016747516747516748,0.0005197505197505198,0.14345114345114346,0.0005197505197505198,0.008604758604758605,0.12566412566412566,,,,0.015477015477015478,,,,,,,,,,0.0005197505197505198,0.003407253407253407,0.004562254562254562,,,,,,0.00282975282975283,,0.0005197505197505198,0.04129129129129129,,0.0005197505197505198,0.0005197505197505198,,,0.003407253407253407,0.0005197505197505198,0.024659274659274658,,0.5513398013398014,,0.008604758604758605,0.0022522522522522522,0.0016747516747516748,0.003984753984753985,0.0022522522522522522,,,,0.02408177408177408,0.006872256872256872,,,,0.0010972510972510972,0.0022522522522522522,0.004562254562254562,0.004562254562254562,,,,,0.0005197505197505198,0.0016747516747516748,,,0.003407253407253407,0.0005197505197505198,,,,
,,0.0016747516747516748,,0.0022522522522522522,,0.11174636174636175,0.0010972510972510972,0.009124509124509125,0.14316239316239315,,0.0005197505197505198,,0.0107992607992608,0.0010972510972510972,0.0005197505197505198,,,0.0010972510972510972,0.0016747516747516748,,,,0.0005197505197505198,0.006814506814506814,0.003407253407253407,,,,,,0.003407253407253407,,,0.027893277893277894,,0.0010972510972510972,,,,,0.0005197505197505198,0.014206514206514207,,0.5837375837375838,,0.004562254562254562,0.004562254562254562,0.00282975282975283,0.004562254562254562,0.0010972510972510972,,,0.0005197505197505198,0.02333102333102333,0.0022522522522522522,,,,0.0016747516747516748,0.0022522522522522522,0.003407253407253407,0.0016747516747516748,0.00282975282975283,,0.0005197505197505198,0.003407253407253407,,0.006237006237006237,,,0.007392007392007392,0.0005197505197505198,,,,
,,0.0010972510972510972,,0.0022522522522522522,,0.09886809886809887,0.0010972510972510972,0.0022522522522522522,0.09309309309309309,,,,0.01720951720951721,0.0022522522522522522,0.0016747516747516748,,,0.0010972510972510972,0.00282975282975283,,,,0.0016747516747516748,0.008604758604758605,0.004562254562254562,,,,,,0.0022522522522522522,,,0.02587202587202587,,0.0005197505197505198,,,0.0005197505197505198,0.0016747516747516748,,0.02413952413952414,,0.6404481404481405,,0.005717255717255718,0.00513975513975514,0.0010972510972510972,0.0022522522522522522,0.0022522522522522522,,,0.0005197505197505198,0.020097020097020097,,,,,0.0010972510972510972,,0.004562254562254562,0.004562254562254562,0.0010972510972510972,,0.0005197505197505198,0.0005197505197505198,,0.010337260337260337,,,0.005717255717255718,0.0005197505197505198,,,,
,,0.0041002541002541,,0.0005775005775005775,,0.15315315315315314,0.0005775005775005775,0.0035227535227535228,0.17683067683067683,,0.001155001155001155,,0.020674520674520674,0.0017325017325017325,0.001155001155001155,,,0.0005775005775005775,0.001155001155001155,,,,,0.00589050589050589,0.0017325017325017325,,,,,,0.0017325017325017325,,0.0005775005775005775,0.04134904134904135,,,,,0.0005775005775005775,,0.0005775005775005775,0.024832524832524832,,0.48810348810348814,,0.007680757680757681,0.004677754677754678,0.00231000231000231,0.0070455070455070455,,,,0.0005775005775005775,0.020674520674520674,,,,,0.001155001155001155,0.001155001155001155,0.007680757680757681,0.0017325017325017325,0.0005775005775005775,,,,0.0005775005775005775,0.005313005313005313,,,0.008258258258258258,,,,,
,,0.0035227535227535228,,0.0005775005775005775,,0.15315315315315314,0.0005775005775005775,0.0041002541002541,0.15373065373065373,,0.0005775005775005775,,0.018306768306768306,0.0041002541002541,0.0005775005775005775,,,,,,,,,0.007680757680757681,0.00231000231000231,,,,,,0.0041002541002541,,0.001155001155001155,0.03488103488103488,,,,,0.001155001155001155,0.0005775005775005775,,0.019461769461769463,,0.5325132825132824,,0.0070455070455070455,0.0017325017325017325,0.0017325017325017325,0.007680757680757681,,,,0.0005775005775005775,0.01593901593901594,,,,,0.002945252945252945,0.00231000231000231,0.008258258258258258,0.001155001155001155,,,0.0005775005775005775,0.001155001155001155,0.0005775005775005775,0.002945252945252945,,,0.00231000231000231,,,,,
,,0.006699006699006699,,,,0.1468006468006468,0.0010972510972510972,0.002772002772002772,0.1355971355971356,,,,0.011203511203511204,0.0016747516747516748,,,,,,,,,,0.007796257796257797,0.002772002772002772,,0.0005197505197505198,,,,0.0038692538692538694,0.0005197505197505198,0.0016747516747516748,0.03973203973203973,,,,,,,,0.017902517902517904,,0.5677408177408177,,0.008951258951258952,0.0010972510972510972,0.0010972510972510972,0.0038692538692538694,0.0033495033495033496,,,0.0005197505197505198,0.0123007623007623,0.0010972510972510972,,,,0.0033495033495033496,0.004446754446754447,0.004446754446754447,0.0005197505197505198,0.0005197505197505198,,,,0.0010972510972510972,0.0021945021945021944,,,0.002772002772002772,,,,,
,,0.0061792561792561795,,,,0.15066990066990066,0.0010972510972510972,0.003927003927003927,0.1444906444906445,,0.0022522522522522522,,0.007854007854007854,0.0045045045045045045,0.0005197505197505198,0.0005197505197505198,0.0005197505197505198,,,0.0005197505197505198,,,,0.008431508431508432,0.0022522522522522522,,,,,,0.0022522522522522522,,0.0033495033495033496,0.03441903441903442,0.0022522522522522522,,,,0.0005197505197505198,0.0005197505197505198,0.0010972510972510972,0.01692076692076692,,0.5636983136983137,,0.0061792561792561795,0.0033495033495033496,0.0016747516747516748,0.0033495033495033496,0.0016747516747516748,0.0005197505197505198,,0.0005197505197505198,0.010683760683760684,,,,,0.0016747516747516748,0.0010972510972510972,0.002772002772002772,0.0010972510972510972,0.0005197505197505198,,,,0.0005197505197505198,0.0033495033495033496,,,0.0022522522522522522,,,,,
,,0.005313005313005313,,,0.0005197505197505198,0.14674289674289676,0.0010395010395010396,0.0026565026565026563,0.10885885885885886,0.0026565026565026563,,,0.01437976437976438,0.002079002079002079,0.002079002079002079,0.0005197505197505198,0.0005197505197505198,0.0005197505197505198,,,,,,0.009066759066759066,0.005313005313005313,,,,,,0.0010395010395010396,,,0.05336105336105336,0.0005197505197505198,,,0.0005197505197505198,0.0010395010395010396,0.0005197505197505198,,0.01865326865326865,,0.5643913143913144,,0.005313005313005313,0.0026565026565026563,0.002079002079002079,0.006352506352506352,0.003176253176253176,,,0.0005197505197505198,0.01917301917301917,,,,,0.003176253176253176,0.0015592515592515593,0.004793254793254793,0.0015592515592515593,0.0026565026565026563,,0.0005197505197505198,,0.0005197505197505198,0.002079002079002079,,,0.0010395010395010396,0.0005197505197505198,,,,
,,0.006063756063756064,,,,0.11832986832986833,0.0010972510972510972,0.0005197505197505198,0.09898359898359899,0.006063756063756064,0.0005197505197505198,,0.009933009933009933,0.001617001617001617,0.0005197505197505198,0.001617001617001617,0.0005197505197505198,0.001617001617001617,0.0005197505197505198,,,0.0005197505197505198,,0.0038692538692538694,0.003291753291753292,,,,,,0.003291753291753292,,,0.028701778701778702,0.0005197505197505198,0.0010972510972510972,,,0.0005197505197505198,,0.0010972510972510972,0.015477015477015478,0.0005197505197505198,0.632132132132132,,0.003291753291753292,0.0010972510972510972,0.003291753291753292,0.012705012705012704,0.0005197505197505198,,,,0.017094017094017096,,,,,0.0038692538692538694,0.003291753291753292,0.0038692538692538694,0.001617001617001617,0.0038692538692538694,,,0.0005197505197505198,0.0005197505197505198,0.0021945021945021944,,,0.003291753291753292,,,,,
,,0.007103257103257103,,,,0.09482559482559483,,0.0005197505197505198,0.08108108108108109,0.003234003234003234,0.0010395010395010396,,0.003234003234003234,0.001617001617001617,0.0005197505197505198,0.0005197505197505198,,,,0.0010395010395010396,,0.0005197505197505198,,0.002136752136752137,0.002136752136752137,,0.0005197505197505198,,,,0.003234003234003234,0.0005197505197505198,0.001617001617001617,0.02408177408177408,,0.0005197505197505198,,,0.0005197505197505198,,,0.012589512589512589,,0.7119427119427119,,0.002136752136752137,,0.003234003234003234,0.004331254331254331,0.0005197505197505198,,,0.0010395010395010396,0.007623007623007623,0.001617001617001617,,,,0.006006006006006006,0.001617001617001617,0.006006006006006006,0.0010395010395010396,0.0038115038115038116,,,,0.001617001617001617,0.002714252714252714,,,0.001617001617001617,,,,,
0.0005197505197505198,,0.002772002772002772,,,,0.08038808038808039,,0.0010972510972510972,0.07871332871332871,0.002772002772002772,0.0005197505197505198,,0.010048510048510048,0.0010972510972510972,0.0005197505197505198,0.0005197505197505198,,,,0.0005197505197505198,,,,0.005024255024255024,0.0021945021945021944,,,,,,0.0016747516747516748,,0.0005197505197505198,0.02229152229152229,,,,,,0.0010972510972510972,0.0005197505197505198,0.006121506121506122,,0.7378724878724878,,0.007796257796257797,,0.0005197505197505198,0.008893508893508893,0.0016747516747516748,0.0005197505197505198,,0.0005197505197505198,0.004446754446754447,0.0005197505197505198,,,0.0010972510972510972,0.0033495033495033496,0.0010972510972510972,0.0033495033495033496,0.0016747516747516748,0.0033495033495033496,,,,0.0010972510972510972,0.0021945021945021944,0.0010972510972510972,,,,,,,
,,0.0010972510972510972,,,,0.15303765303765304,,0.0033495033495033496,0.14281589281589283,,0.0005197505197505198,,0.023215523215523216,0.0010972510972510972,0.0005197505197505198,0.0010972510972510972,,0.0005197505197505198,,,,,,0.007334257334257334,0.005082005082005082,,,,,,0.0016747516747516748,0.0005197505197505198,0.00282975282975283,0.039674289674289674,,,,,,,0.0005197505197505198,0.021540771540771542,,0.5306652806652806,,0.010164010164010164,0.0016747516747516748,0.0005197505197505198,0.005082005082005082,0.0016747516747516748,,,0.0005197505197505198,0.012416262416262416,,0.0005197505197505198,,,0.005082005082005082,,0.009586509586509586,0.0022522522522522522,0.0010972510972510972,,,0.0022522522522522522,0.0005197505197505198,0.0022522522522522522,,0.0061792561792561795,,,,,,0.0010972510972510972
,,0.003407253407253407,,,,0.17226842226842226,,0.00513975513975514,0.16314391314391313,,,,0.016574266574266576,0.0016747516747516748,0.0022522522522522522,0.0016747516747516748,,0.0022522522522522522,,,,,,0.005717255717255718,0.0010972510972510972,,,,,,0.0010972510972510972,0.0022522522522522522,0.0005197505197505198,0.03262878262878263,,,,,,0.0005197505197505198,0.0005197505197505198,0.018306768306768306,,0.5036960036960038,,0.00796950796950797,0.0022522522522522522,0.0005197505197505198,0.006814506814506814,0.003407253407253407,,,,0.024024024024024024,,,,,0.0022522522522522522,0.0010972510972510972,0.00796950796950797,0.0010972510972510972,0.0010972510972510972,,,,,0.0010972510972510972,,0.004562254562254562,0.0010972510972510972,,,,,
,,0.00462000462000462,,,,0.14662739662739663,,0.00231000231000231,0.15471240471240472,,0.0005775005775005775,,0.020847770847770848,0.001155001155001155,0.0028875028875028877,0.0017325017325017325,,,0.0005775005775005775,,,,,0.005197505197505198,0.00231000231000231,,,,,,0.001155001155001155,0.003465003465003465,0.0005775005775005775,0.03765303765303765,,,,,0.0005775005775005775,,0.0005775005775005775,0.022002772002772,,0.5228690228690229,,0.0075075075075075074,0.00462000462000462,0.0005775005775005775,0.00462000462000462,0.0017325017325017325,,,,0.012705012705012704,0.0005775005775005775,,,,0.005197505197505198,0.001155001155001155,0.009817509817509817,0.0040425040425040425,0.001155001155001155,,0.001155001155001155,,,0.00231000231000231,,0.00462000462000462,0.005197505197505198,,,,,0.0005775005775005775
,,0.00282975282975283,,,,0.1783899283899284,,0.004562254562254562,0.15604065604065603,,0.0005197505197505198,,0.015996765996765996,0.00282975282975283,0.0010972510972510972,0.0005197505197505198,,0.0010972510972510972,0.0010972510972510972,,,,0.007392007392007392,0.006814506814506814,0.0016747516747516748,,,,,0.0010972510972510972,0.0016747516747516748,,0.0010972510972510972,0.039443289443289446,,,,,,0.0005197505197505198,0.0005197505197505198,0.02512127512127512,,0.46898821898821896,,0.009124509124509125,0.004562254562254562,0.0005197505197505198,0.005717255717255718,0.003984753984753985,,,,0.013109263109263108,0.0010972510972510972,0.0016747516747516748,,,0.0016747516747516748,0.0010972510972510972,0.005717255717255718,0.00513975513975514,0.004562254562254562,,0.0005197505197505198,0.0010972510972510972,,0.004562254562254562,,0.004562254562254562,0.011954261954261955,,,,,
,,0.0028875028875028877,,0.0005775005775005775,,0.1413143913143913,0.0005775005775005775,0.006352506352506352,0.11873411873411874,,0.0005775005775005775,,0.022580272580272582,0.005197505197505198,0.0017325017325017325,0.0028875028875028877,,,0.001155001155001155,,,,0.009817509817509817,0.001155001155001155,0.0005775005775005775,,,,,,0.001155001155001155,0.0005775005775005775,0.0005775005775005775,0.032975282975282974,,,,0.0017325017325017325,0.001155001155001155,0.00231000231000231,0.0005775005775005775,0.01848001848001848,,0.5012127512127512,,0.0028875028875028877,0.003465003465003465,,0.0075075075075075074,0.0040425040425040425,0.0028875028875028877,,,0.045160545160545164,0.0017325017325017325,0.001155001155001155,,,0.0075075075075075074,0.00231000231000231,0.008085008085008085,0.008085008085008085,0.0005775005775005775,,0.001155001155001155,,,0.012127512127512128,,0.00462000462000462,0.009817509817509817,,,,,
,,0.0041002541002541,,0.0005775005775005775,0.0005775005775005775,0.13761838761838763,0.0005775005775005775,0.005313005313005313,0.09563409563409564,0.0005775005775005775,0.001155001155001155,,0.015303765303765303,0.001155001155001155,0.001155001155001155,0.00231000231000231,,,0.0017325017325017325,,,,0.008258258258258258,0.005313005313005313,0.002945252945252945,,,,,,0.004677754677754678,0.0005775005775005775,,0.028932778932778933,0.0005775005775005775,0.0017325017325017325,,,,0.00231000231000231,,0.02182952182952183,0.0005775005775005775,0.5605220605220606,,0.0035227535227535228,0.00231000231000231,,0.019461769461769463,,0.004677754677754678,,,0.02598752598752599,0.00231000231000231,0.001155001155001155,,,0.004677754677754678,0.0041002541002541,0.007623007623007623,0.00231000231000231,0.002945252945252945,,,0.0005775005775005775,,0.009990759990759992,,,0.00231000231000231,,,,,
,,0.004562254562254562,,,,0.19305844305844305,,0.008604758604758605,0.13732963732963732,,0.004562254562254562,,0.016632016632016633,0.0005197505197505198,,,,0.0005197505197505198,0.0010972510972510972,,,,,0.011434511434511435,0.003407253407253407,,,,,,0.0010972510972510972,,,0.04134904134904135,0.0005197505197505198,,,,,0.0005197505197505198,,0.020674520674520674,,0.4800762300762301,,0.006872256872256872,0.0010972510972510972,,0.006872256872256872,,0.0005197505197505198,,,0.022926772926772927,0.003407253407253407,0.0005197505197505198,,,0.003407253407253407,0.0016747516747516748,0.013744513744513744,0.00282975282975283,0.0016747516747516748,,,0.0010972510972510972,,0.004562254562254562,,,0.00282975282975283,,,,,
0.0005775005775005775,,0.00641025641025641,,0.0017325017325017325,,0.16556941556941557,,0.010510510510510511,0.13629013629013628,,0.0028875028875028877,,0.01461076461076461,0.003465003465003465,,,,0.001155001155001155,0.001155001155001155,,,,,0.00641025641025641,0.001155001155001155,,,,,,0.0005775005775005775,,,0.039154539154539154,,,,,,0.0005775005775005775,0.0005775005775005775,0.0215985215985216,,0.5244860244860245,,0.00641025641025641,0.001155001155001155,,0.005255255255255256,,0.0005775005775005775,,,0.01461076461076461,0.0028875028875028877,,,,0.0028875028875028877,0.00231000231000231,0.003465003465003465,0.001155001155001155,,,0.0017325017325017325,,,0.012243012243012243,,,0.005832755832755832,,,,,0.0005775005775005775
,,0.002945252945252945,,0.0005775005775005775,0.0005775005775005775,0.17775467775467776,0.0005775005775005775,0.016516516516516516,0.13167013167013167,,0.00231000231000231,,0.019461769461769463,0.0017325017325017325,,0.0005775005775005775,,0.001155001155001155,0.001155001155001155,,,,,0.01178101178101178,0.007623007623007623,,,,,,0.001155001155001155,,,0.03898128898128898,0.0017325017325017325,,,0.0005775005775005775,,,0.0005775005775005775,0.027142527142527142,,0.47597597597597585,,0.008258258258258258,0.002945252945252945,0.001155001155001155,0.006468006468006468,,0.0005775005775005775,,0.0005775005775005775,0.020616770616770617,0.001155001155001155,,,,0.00231000231000231,0.0005775005775005775,0.007623007623007623,0.001155001155001155,0.001155001155001155,,0.001155001155001155,,0.0017325017325017325,0.001155001155001155,,,0.017094017094017096,0.0005775005775005775,,,0.0005775005775005775,0.0005775005775005775
,,0.006872256872256872,,,0.0005197505197505198,0.18075768075768076,,0.00513975513975514,0.13756063756063755,,0.0010972510972510972,,0.017844767844767843,0.0016747516747516748,,,,0.0016747516747516748,0.0010972510972510972,,,,,0.00513975513975514,0.0022522522522522522,,,0.0005197505197505198,,0.0005197505197505198,0.0016747516747516748,,0.0010972510972510972,0.054631554631554634,0.0010972510972510972,,,,,,0.0010972510972510972,0.022407022407022407,,0.4857934857934858,,0.008027258027258028,0.0010972510972510972,0.0005197505197505198,0.008604758604758605,0.0005197505197505198,0.0005197505197505198,,,0.013224763224763224,0.0005197505197505198,,,,0.0016747516747516748,,0.012647262647262647,,0.0022522522522522522,,0.0005197505197505198,0.0005197505197505198,,0.004562254562254562,,,0.013802263802263803,,,,0.0005197505197505198,
,,0.003407253407253407,0.0005197505197505198,,,0.18716793716793717,,0.0016747516747516748,0.1492838992838993,,0.003984753984753985,,0.015477015477015478,0.0016747516747516748,0.0010972510972510972,,,,,,,,,0.006294756294756294,0.00513975513975514,,,0.0005197505197505198,,,0.0016747516747516748,,0.0016747516747516748,0.03268653268653269,0.0010972510972510972,,,0.0005197505197505198,0.0005197505197505198,0.0010972510972510972,0.0005197505197505198,0.024659274659274658,,0.4778817278817278,,0.006294756294756294,0.0022522522522522522,0.0005197505197505198,0.01027951027951028,0.0016747516747516748,,,,0.017787017787017786,0.0010972510972510972,0.0005197505197505198,,,0.00975975975975976,0.0010972510972510972,0.00744975744975745,0.0022522522522522522,0.00513975513975514,,0.0005197505197505198,,,0.0016747516747516748,,,0.012589512589512589,0.0005197505197505198,,,,
,,0.00282975282975283,,,0.0005197505197505198,0.1575999075999076,,0.0005197505197505198,0.12006237006237007,0.0005197505197505198,0.003407253407253407,,0.014957264957264958,0.0016747516747516748,,,,,,0.0005197505197505198,,,,0.009182259182259182,0.0022522522522522522,,,0.0005197505197505198,,0.00282975282975283,0.0016747516747516748,,0.0016747516747516748,0.02073227073227073,0.003407253407253407,,,,0.0005197505197505198,0.0005197505197505198,0.0005197505197505198,0.02592977592977593,,0.5407715407715408,,0.006872256872256872,0.0022522522522522522,0.0016747516747516748,0.00513975513975514,0.0016747516747516748,,,,0.02592977592977593,0.0005197505197505198,,0.0005197505197505198,0.0005197505197505198,0.011492261492261492,0.0016747516747516748,0.00744975744975745,0.00282975282975283,0.003407253407253407,,,,,0.0016747516747516748,,,0.013224763224763224,,,,,
,,0.008316008316008316,,,0.0005775005775005775,0.11226611226611227,,0.0017325017325017325,0.06416031416031416,0.0005775005775005775,0.0005775005775005775,,0.02252252252252252,0.0017325017325017325,0.0017325017325017325,,0.0005775005775005775,0.0005775005775005775,,,,,,0.007103257103257103,0.0017325017325017325,,,0.0005775005775005775,,0.001155001155001155,0.001155001155001155,,0.0005775005775005775,0.017787017787017786,0.001155001155001155,,,,,,,0.020154770154770154,,0.6523446523446523,,0.007680757680757681,0.002367752367752368,0.001155001155001155,0.006525756525756526,0.001155001155001155,0.0005775005775005775,,,0.025525525525525526,0.0005775005775005775,,0.0005775005775005775,0.001155001155001155,0.009471009471009472,0.001155001155001155,0.002367752367752368,0.004735504735504736,0.0035227535227535228,,,0.0005775005775005775,,0.0017325017325017325,,,0.010048510048510048,,,,,
,,0.00513975513975514,,0.0005197505197505198,,0.1781011781011781,0.0010972510972510972,0.00975975975975976,0.1331138831138831,,0.0005197505197505198,,0.01437976437976438,0.0016747516747516748,0.006294756294756294,,,0.0005197505197505198,,,,,,0.005717255717255718,0.0005197505197505198,,,0.0005197505197505198,,,0.0022522522522522522,,,0.03337953337953338,0.0005197505197505198,,,,,0.0005197505197505198,0.0005197505197505198,0.017844767844767843,,0.5181912681912683,,0.010337260337260337,0.004562254562254562,,0.00513975513975514,0.0016747516747516748,0.0005197505197505198,,,0.018999768999769,0.0005197505197505198,0.0005197505197505198,,,0.0016747516747516748,0.0005197505197505198,0.010337260337260337,0.003407253407253407,0.0016747516747516748,,0.0005197505197505198,0.0016747516747516748,,0.0010972510972510972,,,0.005717255717255718,,,,,
,,0.0028875028875028877,,,0.001155001155001155,0.15788865788865789,0.0005775005775005775,0.015015015015015015,0.16834141834141833,0.0005775005775005775,0.003465003465003465,,0.015592515592515593,0.0005775005775005775,0.0005775005775005775,,,,,,,,,0.005197505197505198,0.0028875028875028877,,,0.0005775005775005775,,,0.0028875028875028877,0.0005775005775005775,,0.050877800877800874,0.001155001155001155,,,,0.0005775005775005775,0.0005775005775005775,0.0017325017325017325,0.024832524832524832,,0.4652344652344653,,0.00462000462000462,0.0028875028875028877,0.00231000231000231,0.005775005775005775,0.003465003465003465,,,,0.024832524832524832,,,,,0.00231000231000231,0.003465003465003465,0.0040425040425040425,0.00231000231000231,,,0.0005775005775005775,0.0005775005775005775,0.0005775005775005775,0.006352506352506352,,,0.012127512127512128,,,,,
,,0.004677754677754678,,,0.0017325017325017325,0.16499191499191498,,0.008142758142758142,0.1403903903903904,0.0005775005775005775,0.003465003465003465,,0.01692076692076692,0.004677754677754678,,0.0005775005775005775,,0.001155001155001155,,,,,0.0005775005775005775,0.007565257565257565,0.001155001155001155,,,,,,0.0017325017325017325,,,0.03684453684453685,,0.0005775005775005775,0.001155001155001155,,,,0.001155001155001155,0.023966273966273967,,0.5116077616077616,,0.005255255255255256,0.0040425040425040425,0.0005775005775005775,0.0017325017325017325,0.0017325017325017325,,,,0.02281127281127281,,,,,,,0.00872025872025872,0.00231000231000231,,,0.0005775005775005775,0.001155001155001155,0.0005775005775005775,0.0040425040425040425,,,0.012243012243012243,,,,0.0005775005775005775,
,,0.004793254793254793,,,0.0005775005775005775,0.18797643797643798,,0.007218757218757219,0.15471240471240472,0.0005775005775005775,0.001155001155001155,,0.015708015708015707,0.003003003003003003,0.0017902517902517903,,,0.002367752367752368,,,,,0.0017902517902517903,0.008431508431508432,0.004215754215754216,,,,,,0.001155001155001155,0.0005775005775005775,,0.041695541695541696,0.0005775005775005775,0.0005775005775005775,0.001155001155001155,,0.0005775005775005775,0.0005775005775005775,0.0005775005775005775,0.030203280203280204,,0.4578424578424578,,0.004793254793254793,0.007218757218757219,0.001155001155001155,0.004793254793254793,0.0005775005775005775,0.0005775005775005775,,,0.019923769923769923,,0.0005775005775005775,,,,0.001155001155001155,0.004215754215754216,0.0017902517902517903,0.0017902517902517903,,0.0005775005775005775,0.001155001155001155,0.0005775005775005775,0.007854007854007854,,,0.011434511434511435,,,,,
,,0.006006006006006006,0.001155001155001155,0.0005775005775005775,0.001155001155001155,0.16822591822591823,,0.0035805035805035806,0.16943866943866945,,0.001155001155001155,,0.016343266343266345,0.004793254793254793,,,0.001155001155001155,,,0.001155001155001155,,,,0.006006006006006006,0.002367752367752368,,0.0005775005775005775,,,,0.002367752367752368,0.001155001155001155,0.0005775005775005775,0.033264033264033266,0.0017902517902517903,,,,0.0005775005775005775,0.0005775005775005775,,0.024774774774774775,,0.4724532224532224,,0.0035805035805035806,0.009066759066759066,0.0017902517902517903,0.004215754215754216,,0.0005775005775005775,,,0.021136521136521137,,0.001155001155001155,,,0.0017902517902517903,0.0035805035805035806,0.013282513282513283,,,,0.0005775005775005775,,0.0005775005775005775,0.006641256641256641,,0.0005775005775005775,0.008431508431508432,,,,,0.0017902517902517903
,,0.005832755832755832,0.001155001155001155,0.0005775005775005775,0.0005775005775005775,0.1472048972048972,,0.00231000231000231,0.11024486024486024,0.001155001155001155,0.0017325017325017325,,0.021656271656271656,0.0028875028875028877,,0.0005775005775005775,,,0.0005775005775005775,0.0028875028875028877,,,,0.008778008778008778,0.0005775005775005775,,0.0005775005775005775,,,,0.0017325017325017325,,0.0005775005775005775,0.036902286902286904,0.0017325017325017325,,0.0017325017325017325,0.0005775005775005775,0.0005775005775005775,,,0.025179025179025177,,0.5347655347655347,,0.0028875028875028877,0.009355509355509356,0.001155001155001155,0.005832755832755832,0.00641025641025641,,,,0.01697851697851698,,0.0017325017325017325,,,0.0041002541002541,0.007623007623007623,0.007623007623007623,0.0028875028875028877,0.001155001155001155,,0.0005775005775005775,0.001155001155001155,,0.0028875028875028877,0.0005775005775005775,,0.011088011088011088,,,,0.0005775005775005775,0.00231000231000231
,,0.002945252945252945,0.0005775005775005775,0.001155001155001155,0.0005775005775005775,0.12214137214137215,0.0005775005775005775,0.008258258258258258,0.09066759066759067,0.002945252945252945,0.001155001155001155,,0.02252252252252252,0.002367752367752368,,,,,0.0005775005775005775,0.001155001155001155,,,,0.007103257103257103,0.001155001155001155,,,,0.0005775005775005775,,0.0017325017325017325,0.001155001155001155,0.001155001155001155,0.02252252252252252,,,0.002367752367752368,0.001155001155001155,0.001155001155001155,,,0.027258027258027256,,0.6103026103026103,,0.0035227535227535228,0.00589050589050589,0.0005775005775005775,0.012416262416262416,0.002945252945252945,0.0005775005775005775,,,0.012993762993762994,0.001155001155001155,0.0017325017325017325,,,0.002367752367752368,0.0005775005775005775,0.008258258258258258,0.002945252945252945,0.0005775005775005775,,,,,0.0017325017325017325,,,0.005313005313005313,,,,,0.001155001155001155
,,0.004273504273504274,,,,0.1638946638946639,,0.008604758604758605,0.16268191268191268,0.001848001848001848,0.0012127512127512127,,0.020385770385770385,0.0012127512127512127,0.003696003696003696,0.0005775005775005775,,0.0005775005775005775,,,,,,0.009875259875259876,0.0024255024255024253,,,,,0.0005775005775005775,0.0005775005775005775,0.0024255024255024253,0.0005775005775005775,0.035227535227535224,,,0.001848001848001848,,0.0005775005775005775,0.0012127512127512127,0.0005775005775005775,0.02286902286902287,,0.48793023793023793,,0.001848001848001848,0.0024255024255024253,0.0012127512127512127,0.0061792561792561795,0.0005775005775005775,0.0005775005775005775,,,0.016054516054516056,0.0024255024255024253,0.0024255024255024253,,0.0005775005775005775,0.004273504273504274,0.0005775005775005775,0.009875259875259876,0.003060753060753061,0.001848001848001848,,,0.0024255024255024253,,0.003060753060753061,,,0.0049087549087549085,,,,,
,,0.0049087549087549085,,0.001848001848001848,,0.17688842688842688,,0.008604758604758605,0.15898590898590897,0.0012127512127512127,,,0.01975051975051975,0.001848001848001848,,,,0.0005775005775005775,0.0005775005775005775,,,,,0.0049087549087549085,0.001848001848001848,,0.0005775005775005775,,,,0.0012127512127512127,0.0024255024255024253,,0.03459228459228459,0.0005775005775005775,,0.0012127512127512127,0.0005775005775005775,,0.0012127512127512127,0.0005775005775005775,0.023504273504273504,,0.4853314853314853,,0.005544005544005544,0.003696003696003696,,0.003060753060753061,0.0012127512127512127,0.0005775005775005775,,,0.017902517902517904,0.0024255024255024253,0.003696003696003696,,,0.0024255024255024253,0.0012127512127512127,0.010510510510510511,0.0005775005775005775,,,,0.0005775005775005775,,0.0024255024255024253,0.0005775005775005775,,0.00924000924000924,,0.0005775005775005775,,,
,,0.008316008316008316,,0.0005775005775005775,,0.18295218295218296,,0.008951258951258952,0.14587664587664587,0.001155001155001155,0.0005775005775005775,,0.02032802032802033,0.002367752367752368,0.0005775005775005775,,,,,,,,0.002367752367752368,0.0053707553707553705,0.0005775005775005775,,,,,0.0005775005775005775,0.001155001155001155,0.0005775005775005775,0.001155001155001155,0.05734580734580735,0.0017902517902517903,,0.0005775005775005775,,0.001155001155001155,,0.001155001155001155,0.026853776853776854,,0.4378031878031877,,0.007161007161007161,0.005948255948255948,,0.005948255948255948,0.002945252945252945,0.0017902517902517903,,,0.020905520905520905,0.0017902517902517903,0.0017902517902517903,,,0.001155001155001155,0.0017902517902517903,0.011954261954261955,0.0017902517902517903,0.002945252945252945,,,0.0017902517902517903,,0.001155001155001155,0.001155001155001155,,0.01668976668976669,,0.0005775005775005775,,,0.0005775005775005775
,,0.006121506121506122,,0.0005775005775005775,,0.17209517209517208,,0.010395010395010396,0.1617001617001617,0.0012127512127512127,,,0.02021252021252021,0.0017902517902517903,,,,0.0005775005775005775,,,0.0005775005775005775,,0.0005775005775005775,0.015303765303765303,,,,,,,0.0012127512127512127,0.0005775005775005775,0.0036382536382536385,0.04406329406329406,0.0017902517902517903,,0.0017902517902517903,,0.0012127512127512127,0.0005775005775005775,,0.029972279972279973,,0.44432894432894443,,0.004851004851004851,0.004273504273504274,0.0005775005775005775,0.006699006699006699,0.0017902517902517903,0.0017902517902517903,,0.0005775005775005775,0.028124278124278125,0.0005775005775005775,0.0005775005775005775,,0.0012127512127512127,,0.0005775005775005775,0.015303765303765303,0.0012127512127512127,0.0017902517902517903,,,0.0012127512127512127,,,,,0.008547008547008548,,,,,
,,0.0031185031185031187,,,,0.18254793254793256,,0.010626010626010625,0.17065142065142064,0.0031185031185031187,0.0005775005775005775,,0.02437052437052437,0.0012127512127512127,0.0005775005775005775,,,0.0005775005775005775,,,,,,0.016227766227766227,,,,,,,0.003696003696003696,,0.0005775005775005775,0.044987294987294986,0.0005775005775005775,,,0.0005775005775005775,0.0012127512127512127,0.0005775005775005775,0.0005775005775005775,0.03372603372603373,,0.4147609147609148,,0.003696003696003696,0.0005775005775005775,0.001848001848001848,0.004966504966504966,0.0005775005775005775,,,,0.026218526218526217,0.0012127512127512127,,,,0.002483252483252483,0.004966504966504966,0.01437976437976438,,0.003696003696003696,,,0.0012127512127512127,,0.0012127512127512127,,0.0012127512127512127,0.016863016863016864,,,,,
,,0.007334257334257334,,,,0.1468006468006468,,0.00975975975975976,0.13392238392238393,0.0012127512127512127,0.0024255024255024253,,0.02691152691152691,0.0005775005775005775,,,,,0.0012127512127512127,,,,,0.009124509124509125,0.003003003003003003,,,,,,0.004273504273504274,,0.0005775005775005775,0.0323977823977824,0.0024255024255024253,,,,0.0005775005775005775,,,0.04521829521829522,,0.49075999075999066,,0.004273504273504274,0.0012127512127512127,0.0012127512127512127,0.007911757911757912,0.0012127512127512127,0.0005775005775005775,,,0.028701778701778702,0.0005775005775005775,,,,0.0036382536382536385,0.0012127512127512127,0.003003003003003003,0.004273504273504274,0.004851004851004851,,,0.003003003003003003,0.0005775005775005775,,,0.0024255024255024253,0.01282051282051282,,,,,
,,0.0036382536382536385,,0.0005775005775005775,,0.08858858858858859,,0.007334257334257334,0.055613305613305616,0.0012127512127512127,0.006699006699006699,,0.026276276276276277,0.0005775005775005775,0.0012127512127512127,0.0012127512127512127,,,0.0005775005775005775,,0.0005775005775005775,,0.0005775005775005775,0.017094017094017096,0.0005775005775005775,,,,,,0.004273504273504274,,0.0012127512127512127,0.023215523215523216,0.0017902517902517903,0.0005775005775005775,,,0.0005775005775005775,,,0.021367521367521368,,0.686070686070686,0.0012127512127512127,0.004851004851004851,0.0012127512127512127,0.0012127512127512127,0.004273504273504274,0.0005775005775005775,,,,0.018942018942018943,,,,,0.0012127512127512127,0.0017902517902517903,0.004273504273504274,0.0017902517902517903,0.0012127512127512127,,,0.003003003003003003,,0.0012127512127512127,,,0.0017902517902517903,,,,,
,,0.003465003465003465,,,0.001155001155001155,0.13438438438438438,0.0005775005775005775,0.006352506352506352,0.15523215523215522,,0.003465003465003465,,0.022002772002772,0.0005775005775005775,0.0005775005775005775,,0.0005775005775005775,0.0005775005775005775,,,,,0.0017325017325017325,0.008662508662508662,0.0005775005775005775,,,,,,0.001155001155001155,,0.0005775005775005775,0.03413028413028413,0.0005775005775005775,0.001155001155001155,,,,,,0.03182028182028182,,0.5270847770847771,,0.0017325017325017325,0.005775005775005775,0.0017325017325017325,0.00462000462000462,,0.0005775005775005775,,,0.027777777777777776,0.003465003465003465,,,,0.0017325017325017325,0.001155001155001155,0.003465003465003465,,0.001155001155001155,,,0.001155001155001155,,0.0028875028875028877,,,0.006352506352506352,,,,,
,,0.0041002541002541,,,0.0017325017325017325,0.16816816816816818,,0.0082005082005082,0.1563871563871564,,0.0017325017325017325,,0.024659274659274658,0.0005775005775005775,0.001155001155001155,,0.0005775005775005775,0.001155001155001155,0.0017325017325017325,,,,0.0017325017325017325,0.0082005082005082,0.0005775005775005775,,,,,,0.001155001155001155,0.001155001155001155,0.0005775005775005775,0.03234003234003234,,0.0005775005775005775,,0.0005775005775005775,,0.0005775005775005775,,0.023504273504273504,,0.47626472626472616,,0.005832755832755832,0.004677754677754678,0.001155001155001155,0.0082005082005082,0.0005775005775005775,,,,0.03234003234003234,0.00231000231000231,,0.0005775005775005775,,0.0005775005775005775,0.0035227535227535228,0.006468006468006468,0.0005775005775005775,,0.001155001155001155,0.0005775005775005775,0.0005775005775005775,,0.005255255255255256,,,0.0070455070455070455,0.0005775005775005775,,0.0005775005775005775,,
,,0.002945252945252945,,,0.001155001155001155,0.16447216447216448,,0.008316008316008316,0.1608916608916609,0.0017325017325017325,0.002367752367752368,,0.013686763686763687,0.0017325017325017325,0.0005775005775005775,,,0.001155001155001155,,,,,0.001155001155001155,0.01131901131901132,0.0017325017325017325,,,,,,0.0017325017325017325,,0.0005775005775005775,0.03332178332178332,0.0005775005775005775,0.0005775005775005775,,0.0005775005775005775,,,,0.02263802263802264,,0.5004620004620004,,0.006525756525756526,0.010106260106260105,0.0005775005775005775,0.006525756525756526,0.0005775005775005775,0.0005775005775005775,,0.0005775005775005775,0.017844767844767843,0.0017325017325017325,0.0005775005775005775,,,,0.002367752367752368,0.006525756525756526,0.001155001155001155,0.0005775005775005775,,0.0005775005775005775,0.0005775005775005775,,0.004158004158004158,,,0.004158004158004158,,,,0.0005775005775005775,
,,0.0035805035805035806,,,0.001155001155001155,0.16487641487641488,,0.009586509586509586,0.15465465465465467,0.003003003003003003,0.004158004158004158,,0.023446523446523447,0.0017902517902517903,0.002367752367752368,0.0005775005775005775,,0.0035805035805035806,,,,,0.001155001155001155,0.013224763224763224,0.0035805035805035806,,,,,,0.0017902517902517903,,,0.039674289674289674,,0.001155001155001155,,0.001155001155001155,,0.0005775005775005775,0.001155001155001155,0.027662277662277662,,0.4708939708939708,,0.0053707553707553705,0.014437514437514438,0.0005775005775005775,0.004793254793254793,,,,0.0005775005775005775,0.018018018018018018,0.001155001155001155,,,,0.0005775005775005775,0.0005775005775005775,0.0107992607992608,,0.0017902517902517903,,,0.0005775005775005775,,0.0035805035805035806,,,0.002367752367752368,,,,,
,,0.0035227535227535228,,,0.0005775005775005775,0.1724994224994225,,0.007103257103257103,0.15523215523215522,,0.008316008316008316,,0.023793023793023792,0.0017325017325017325,0.002367752367752368,,,0.001155001155001155,,,,,0.0005775005775005775,0.013051513051513051,0.002367752367752368,,0.0005775005775005775,,,,0.0017325017325017325,0.0017325017325017325,0.0005775005775005775,0.0338992838992839,,0.001155001155001155,,,,0.001155001155001155,,0.03268653268653269,,0.458015708015708,,0.005948255948255948,0.004735504735504736,0.001155001155001155,0.005313005313005313,0.001155001155001155,0.0005775005775005775,,,0.02315777315777316,0.0017325017325017325,,,0.0005775005775005775,0.001155001155001155,0.0017325017325017325,0.007680757680757681,0.005313005313005313,0.001155001155001155,,0.0017325017325017325,0.001155001155001155,,0.005948255948255948,,,0.005948255948255948,,,,,
,,0.003003003003003003,,,0.001155001155001155,0.15511665511665512,0.0005775005775005775,0.007796257796257797,0.11347886347886348,,0.004215754215754216,,0.02413952413952414,,0.0005775005775005775,,,0.0035805035805035806,,0.0017902517902517903,,,0.001155001155001155,0.016285516285516284,0.004215754215754216,,,,,,0.0035805035805035806,,0.0005775005775005775,0.02229152229152229,0.0005775005775005775,,,0.0005775005775005775,,0.0035805035805035806,,0.028355278355278356,,0.5012127512127511,,0.0035805035805035806,0.007218757218757219,0.001155001155001155,0.01206976206976207,,,,,0.02592977592977593,,,,0.0005775005775005775,0.0005775005775005775,0.003003003003003003,0.01928851928851929,0.012647262647262647,0.001155001155001155,,0.0005775005775005775,0.0005775005775005775,,0.001155001155001155,,0.0005775005775005775,0.01206976206976207,,,,,
,,0.006006006006006006,,,,0.10597135597135597,0.0005775005775005775,0.006583506583506584,0.06802956802956803,,0.004158004158004158,,0.015015015015015015,0.0017902517902517903,,,,0.002367752367752368,,,,,0.001155001155001155,0.007218757218757219,0.002367752367752368,,,,,,0.0005775005775005775,,0.0005775005775005775,0.019230769230769232,,,,0.0017902517902517903,,0.0005775005775005775,,0.027084777084777086,,0.6612381612381613,,0.003003003003003003,0.0035805035805035806,,0.0035805035805035806,,,,,0.024659274659274658,0.002367752367752368,,,,0.0005775005775005775,0.0005775005775005775,0.006006006006006006,0.010221760221760221,0.0005775005775005775,,0.0005775005775005775,,,0.002367752367752368,,,0.009586509586509586,,,,,
,,0.0017902517902517903,,,,0.15072765072765074,0.0005775005775005775,0.004273504273504274,0.1446061446061446,,0.006121506121506122,,0.024486024486024487,0.003060753060753061,,,,0.0024255024255024253,,,,,0.0012127512127512127,0.007334257334257334,,,,,,,0.0005775005775005775,0.0012127512127512127,0.0012127512127512127,0.03857703857703858,,0.0012127512127512127,,0.0012127512127512127,0.0017902517902517903,0.0005775005775005775,,0.026334026334026334,,0.5266227766227767,0.0005775005775005775,0.004273504273504274,0.004851004851004851,0.0005775005775005775,0.006121506121506122,,,,0.0005775005775005775,0.015881265881265882,0.0017902517902517903,,,,0.0005775005775005775,0.0005775005775005775,0.007334257334257334,0.0012127512127512127,0.0005775005775005775,,,0.0005775005775005775,,0.005486255486255486,,,0.003060753060753061,,,,,
,,0.0036382536382536385,0.0012127512127512127,,0.0012127512127512127,0.15973665973665974,0.0005775005775005775,0.009702009702009701,0.1658004158004158,,0.0017902517902517903,,0.013398013398013399,0.0012127512127512127,0.0036382536382536385,,,,,,,,0.0005775005775005775,0.004851004851004851,0.0024255024255024253,,,,,0.0005775005775005775,,,0.0005775005775005775,0.03898128898128898,,0.0005775005775005775,,0.0017902517902517903,0.0005775005775005775,,,0.021945021945021945,,0.49665049665049654,,0.004851004851004851,0.0024255024255024253,0.0005775005775005775,0.006699006699006699,0.0012127512127512127,,,,0.03106953106953107,0.0024255024255024253,,,,0.0012127512127512127,0.0017902517902517903,0.007911757911757912,0.0005775005775005775,0.0005775005775005775,,0.0005775005775005775,0.0005775005775005775,,0.005486255486255486,,,,,,,0.0005775005775005775,
,,0.0038115038115038116,,,,0.19692769692769693,0.0012705012705012705,0.005717255717255718,0.17775467775467776,,,,0.021021021021021023,,0.0019057519057519058,,,,0.0006352506352506353,,,,0.0006352506352506353,0.007623007623007623,0.0019057519057519058,,,,,0.0019057519057519058,,,,0.043947793947793946,0.0006352506352506353,0.0006352506352506353,,0.0019057519057519058,,,,0.02546777546777547,,0.4446176946176946,0.0006352506352506353,0.005082005082005082,0.0019057519057519058,,0.005717255717255718,0.0006352506352506353,,,,0.028644028644028645,0.0006352506352506353,,,,0.0012705012705012705,0.002541002541002541,0.006987756987756988,0.0019057519057519058,,,,0.0006352506352506353,,0.0038115038115038116,,,0.0012705012705012705,,,,,
,,0.003176253176253176,,0.0006352506352506353,,0.177003927003927,,0.002541002541002541,0.15696465696465697,,0.0006352506352506353,,0.008373758373758373,,0.010337260337260337,,,,,,,,0.0006352506352506353,0.00641025641025641,0.0019057519057519058,,,,,0.0012705012705012705,0.0019057519057519058,,0.0006352506352506353,0.03615153615153615,0.0006352506352506353,0.0006352506352506353,0.002541002541002541,0.0006352506352506353,,,0.0019057519057519058,0.019346269346269346,0.0006352506352506353,0.5060060060060061,0.0006352506352506353,0.0006352506352506353,0.0006352506352506353,0.0019057519057519058,0.002541002541002541,0.0012705012705012705,,,,0.010337260337260337,0.0019057519057519058,,,,0.0045045045045045045,0.0006352506352506353,0.010972510972510972,0.007738507738507739,,,,,,0.009009009009009009,,0.003176253176253176,0.003176253176253176,,,,,
,0.0005775005775005775,0.003003003003003003,,,,0.17163317163317163,,0.0005775005775005775,0.13438438438438438,,0.0036382536382536385,,0.004851004851004851,0.0005775005775005775,0.007276507276507277,0.0012127512127512127,0.0017902517902517903,,,,,,0.003003003003003003,0.00975975975975976,0.0036382536382536385,,,,,0.0012127512127512127,0.0012127512127512127,,,0.02442827442827443,0.0017902517902517903,,0.0024255024255024253,,,0.0005775005775005775,0.0012127512127512127,0.026853776853776854,,0.5386925386925386,0.0012127512127512127,0.0012127512127512127,0.0024255024255024253,0.0017902517902517903,0.0036382536382536385,0.0005775005775005775,0.0005775005775005775,,,0.009124509124509125,0.0012127512127512127,,,0.0005775005775005775,0.0036382536382536385,0.0012127512127512127,0.0036382536382536385,0.004273504273504274,0.0017902517902517903,,,,,0.003003003003003003,,0.007276507276507277,0.006699006699006699,0.0012127512127512127,,0.0005775005775005775,,
,0.002367752367752368,0.0035805035805035806,,,,0.13374913374913375,,0.0017902517902517903,0.1023908523908524,,0.007218757218757219,,0.006006006006006006,0.0005775005775005775,0.011434511434511435,0.0005775005775005775,,,0.0005775005775005775,,,,0.003003003003003003,0.002367752367752368,0.002367752367752368,,,,,0.0035805035805035806,0.002367752367752368,,,0.02229152229152229,0.003003003003003003,0.0005775005775005775,0.002367752367752368,0.0005775005775005775,0.0005775005775005775,,,0.02650727650727651,0.0005775005775005775,0.6094363594363594,,0.002367752367752368,0.0035805035805035806,0.001155001155001155,0.004793254793254793,0.001155001155001155,,,,0.011434511434511435,0.0005775005775005775,,,0.0005775005775005775,0.0017902517902517903,0.0005775005775005775,0.004793254793254793,0.0005775005775005775,0.003003003003003003,,,,,0.004793254793254793,,0.004793254793254793,0.0035805035805035806,,,,,0.0005775005775005775
,,0.002367752367752368,,,,0.09557634557634558,,0.002367752367752368,0.07045507045507045,,0.002945252945252945,,0.017325017325017324,0.001155001155001155,0.002367752367752368,,,,0.0005775005775005775,,,,0.004735504735504736,0.001155001155001155,0.002367752367752368,0.0005775005775005775,,,,0.002945252945252945,0.0017902517902517903,,,0.016112266112266113,0.002367752367752368,,,0.0005775005775005775,0.0005775005775005775,0.001155001155001155,0.0005775005775005775,0.01969276969276969,,0.6963501963501963,,0.004158004158004158,0.002367752367752368,0.001155001155001155,0.006525756525756526,0.0005775005775005775,0.001155001155001155,,,0.01668976668976669,,,,0.0005775005775005775,0.002367752367752368,0.001155001155001155,0.004158004158004158,0.002367752367752368,0.001155001155001155,,,,0.0005775005775005775,0.0053707553707553705,,0.002367752367752368,0.0005775005775005775,,,0.0005775005775005775,,
,0.0005775005775005775,0.00589050589050589,,,,0.1696119196119196,,0.006468006468006468,0.15066990066990066,0.0005775005775005775,0.0035227535227535228,,0.016516516516516516,0.0005775005775005775,0.001155001155001155,,0.001155001155001155,,,,,,0.0041002541002541,0.009990759990759992,0.00231000231000231,,,,,0.001155001155001155,0.0005775005775005775,,,0.034823284823284825,,0.0005775005775005775,,0.001155001155001155,,0.0005775005775005775,,0.015361515361515362,,0.49693924693924685,,0.004677754677754678,0.004677754677754678,0.00231000231000231,0.006468006468006468,0.0017325017325017325,,,,0.028355278355278356,,,,0.0005775005775005775,0.004677754677754678,0.0017325017325017325,0.0070455070455070455,0.0017325017325017325,,,,,0.0005775005775005775,0.008835758835758836,,,0.0017325017325017325,,,0.0005775005775005775,,
,0.0005775005775005775,0.004735504735504736,,,,0.17203742203742203,,0.016112266112266113,0.1582929082929083,0.0017902517902517903,0.0035805035805035806,,0.028066528066528068,,0.001155001155001155,,,,0.0017902517902517903,,,,0.004735504735504736,0.002945252945252945,0.004158004158004158,,,,,0.0017902517902517903,0.001155001155001155,0.001155001155001155,,0.04181104181104181,0.0005775005775005775,0.0005775005775005775,,0.0017902517902517903,0.0005775005775005775,0.001155001155001155,,0.017325017325017324,,0.4488911988911989,,0.006525756525756526,0.004735504735504736,0.0005775005775005775,0.004735504735504736,0.001155001155001155,,,,0.042966042966042964,,,,0.0005775005775005775,0.005948255948255948,0.0017902517902517903,0.002945252945252945,0.0005775005775005775,,,,,,0.007738507738507739,,,0.0005775005775005775,,0.0005775005775005775,0.0017902517902517903,,
,0.0005775005775005775,0.010221760221760221,,,,0.19063294063294065,,0.013802263802263803,0.1431046431046431,0.0005775005775005775,0.003003003003003003,,0.02702702702702703,,0.0005775005775005775,,,0.001155001155001155,0.0005775005775005775,,,,0.002367752367752368,0.007161007161007161,0.003003003003003003,,,,,0.0035805035805035806,,0.0005775005775005775,,0.03667128667128667,0.0005775005775005775,0.0005775005775005775,,0.0035805035805035806,,0.0005775005775005775,0.0005775005775005775,0.023446523446523447,,0.41597366597366603,0.001155001155001155,0.008373758373758373,0.004158004158004158,0.001155001155001155,0.0035805035805035806,,,,,0.05948255948255948,,,0.0005775005775005775,0.0005775005775005775,0.0053707553707553705,0.001155001155001155,0.007796257796257797,0.0035805035805035806,,,,0.0005775005775005775,,0.009009009009009009,,,0.002367752367752368,,,0.001155001155001155,,
,0.001155001155001155,0.004735504735504736,,,0.0005775005775005775,0.16562716562716562,,0.0035227535227535228,0.1502079002079002,,0.002367752367752368,0.001155001155001155,0.026103026103026103,0.0005775005775005775,0.001155001155001155,,,0.001155001155001155,0.0017325017325017325,,,,0.0005775005775005775,0.005313005313005313,0.0017325017325017325,,,,,0.0017325017325017325,0.0005775005775005775,0.002367752367752368,,0.03620928620928621,0.001155001155001155,0.0005775005775005775,0.002367752367752368,0.0017325017325017325,,0.0005775005775005775,,0.018942018942018943,,0.4767844767844768,,0.004735504735504736,0.004735504735504736,0.002945252945252945,0.007103257103257103,,,,,0.034996534996534996,,,,,0.0041002541002541,0.002367752367752368,0.008893508893508893,0.0041002541002541,0.0017325017325017325,,,,,0.004735504735504736,,,0.008258258258258258,,,0.0005775005775005775,,
0.0005775005775005775,0.002367752367752368,0.002367752367752368,,,0.0005775005775005775,0.17544467544467546,,0.002367752367752368,0.12531762531762533,0.0005775005775005775,0.0035805035805035806,,0.02027027027027027,,0.011896511896511896,,,0.0005775005775005775,0.002367752367752368,0.0005775005775005775,0.0005775005775005775,,0.0005775005775005775,0.0053707553707553705,0.0017902517902517903,,,,,0.0017902517902517903,,0.002367752367752368,,0.04475629475629476,,0.0005775005775005775,0.002367752367752368,0.0017902517902517903,0.0005775005775005775,0.002367752367752368,0.0005775005775005775,0.026853776853776854,,0.4714137214137213,,0.0053707553707553705,0.002945252945252945,0.002945252945252945,0.007161007161007161,0.0005775005775005775,0.001155001155001155,,,0.031011781011781012,,,,0.0005775005775005775,0.0035805035805035806,0.004735504735504736,0.0035805035805035806,0.007161007161007161,0.002367752367752368,,,0.0005775005775005775,0.0005775005775005775,0.002367752367752368,,,0.008316008316008316,,,0.0005775005775005775,0.0017902517902517903,
0.0005775005775005775,,0.007218757218757219,,,,0.14656964656964658,0.0005775005775005775,0.0035805035805035806,0.1265881265881266,0.002367752367752368,0.0035805035805035806,,0.013282513282513283,,0.01692076692076692,,,0.0017902517902517903,0.0017902517902517903,,,,0.0005775005775005775,0.009066759066759066,0.002367752367752368,,0.001155001155001155,,,0.0017902517902517903,0.0035805035805035806,0.0005775005775005775,0.001155001155001155,0.028413028413028413,,0.0017902517902517903,0.002367752367752368,0.0005775005775005775,0.001155001155001155,,,0.02177177177177177,,0.4718179718179717,,0.007854007854007854,0.004793254793254793,0.0017902517902517903,0.009644259644259644,0.001155001155001155,0.001155001155001155,,,0.03632478632478633,,,,0.001155001155001155,0.0017902517902517903,0.013282513282513283,0.002367752367752368,0.01206976206976207,0.0017902517902517903,,0.001155001155001155,0.002367752367752368,0.0005775005775005775,0.003003003003003003,,0.003003003003003003,0.019346269346269346,,,0.0005775005775005775,0.0017902517902517903,
0.0005775005775005775,,0.004158004158004158,,,,0.10164010164010163,,0.004735504735504736,0.0736890736890737,0.0017325017325017325,0.002367752367752368,,0.021945021945021945,,0.002367752367752368,0.0005775005775005775,,0.002367752367752368,0.001155001155001155,,,,,0.0035227535227535228,0.002945252945252945,,0.008316008316008316,,,0.001155001155001155,0.0005775005775005775,0.0017325017325017325,,0.023735273735273735,0.0005775005775005775,0.0005775005775005775,,,,0.0005775005775005775,,0.017787017787017786,,0.6496881496881497,,0.002945252945252945,0.002945252945252945,,0.008316008316008316,0.0005775005775005775,,,,0.027893277893277894,,,,0.001155001155001155,0.0017325017325017325,0.004158004158004158,0.005313005313005313,0.0035227535227535228,0.0005775005775005775,,,0.0005775005775005775,,0.005313005313005313,,0.0017325017325017325,0.004158004158004158,,,0.0005775005775005775,,
,,0.008316008316008316,,,,0.17122892122892122,,0.004158004158004158,0.1468006468006468,0.001155001155001155,0.001155001155001155,,0.010741510741510741,0.0005775005775005775,0.004158004158004158,,0.0005775005775005775,0.001155001155001155,0.0017902517902517903,,,,,0.0035805035805035806,0.002367752367752368,,0.008316008316008316,,,,0.001155001155001155,0.0005775005775005775,,0.04354354354354354,,,,0.001155001155001155,0.002945252945252945,0.001155001155001155,,0.02743127743127743,,0.4858512358512358,,0.007738507738507739,0.0017902517902517903,,0.007738507738507739,,,,,0.02564102564102564,,,,0.0005775005775005775,0.002367752367752368,0.0005775005775005775,0.012531762531762532,0.0005775005775005775,0.0005775005775005775,,,0.0005775005775005775,,0.006525756525756526,,0.0005775005775005775,,,0.001155001155001155,0.0005775005775005775,,0.0005775005775005775
,,0.005948255948255948,,,,0.15996765996765996,,0.008316008316008316,0.1575999075999076,,,,0.017844767844767843,0.001155001155001155,0.002945252945252945,0.0005775005775005775,,0.005948255948255948,0.0017325017325017325,,,,0.0005775005775005775,0.0017325017325017325,0.0035227535227535228,,0.007680757680757681,,,,0.001155001155001155,0.0035227535227535228,,0.038634788634788635,0.001155001155001155,,,0.001155001155001155,0.004158004158004158,0.0017325017325017325,,0.013629013629013628,,0.5038692538692537,,0.005313005313005313,0.001155001155001155,,0.007103257103257103,0.0005775005775005775,0.0005775005775005775,,,0.014841764841764842,,,,0.001155001155001155,0.0017325017325017325,,0.005948255948255948,0.0005775005775005775,0.002945252945252945,,,0.001155001155001155,,0.006525756525756526,,,0.002945252945252945,,0.001155001155001155,0.0005775005775005775,,0.001155001155001155
0.0005775005775005775,,0.007161007161007161,,,,0.1468006468006468,,0.006525756525756526,0.17723492723492723,,0.002945252945252945,,0.02263802263802264,0.0017902517902517903,0.009528759528759529,0.0005775005775005775,,0.001155001155001155,0.0017902517902517903,,,,,0.004735504735504736,0.0035805035805035806,,0.007738507738507739,,,,0.0005775005775005775,0.002945252945252945,,0.036382536382536385,,0.0005775005775005775,,0.002367752367752368,0.001155001155001155,,,0.01668976668976669,,0.4845807345807345,,0.006525756525756526,0.0017902517902517903,,0.002945252945252945,,,,,0.0148995148995149,,,,,0.0035805035805035806,0.001155001155001155,0.015477015477015478,0.0005775005775005775,0.002367752367752368,,,0.001155001155001155,0.0005775005775005775,0.005948255948255948,,,0.0005775005775005775,,0.0017902517902517903,0.0005775005775005775,,
0.0005775005775005775,,0.004158004158004158,,,,0.15788865788865789,,0.008893508893508893,0.1543081543081543,0.002367752367752368,0.0017325017325017325,,0.021425271425271425,0.002945252945252945,0.0005775005775005775,0.0017325017325017325,,0.004158004158004158,0.002367752367752368,,,,,0.008316008316008316,0.0017325017325017325,,,,,,0.001155001155001155,,0.0017325017325017325,0.03153153153153153,,,,,,0.0005775005775005775,,0.019635019635019634,,0.5058327558327559,0.0005775005775005775,0.004735504735504736,0.004735504735504736,0.0005775005775005775,0.006525756525756526,,,,,0.023215523215523216,,,,,0.001155001155001155,0.0005775005775005775,0.014264264264264264,,,,,,,0.006525756525756526,,0.0005775005775005775,0.0005775005775005775,,0.0017325017325017325,0.0005775005775005775,,
0.0005775005775005775,,0.011896511896511896,,,,0.18664818664818664,,0.010683760683760684,0.15384615384615385,0.005313005313005313,0.0017325017325017325,,0.01848001848001848,0.001155001155001155,0.0005775005775005775,0.001155001155001155,,0.002367752367752368,0.001155001155001155,,,,,0.002945252945252945,0.001155001155001155,,,,,,0.0017325017325017325,,0.001155001155001155,0.03216678216678217,,,,0.0005775005775005775,,,0.0005775005775005775,0.01668976668976669,,0.48250173250173234,0.0005775005775005775,0.001155001155001155,0.008316008316008316,0.0005775005775005775,0.005313005313005313,0.0005775005775005775,0.0005775005775005775,,0.0005775005775005775,0.023215523215523216,0.0005775005775005775,,,0.0005775005775005775,0.0017325017325017325,0.004735504735504736,0.005313005313005313,0.001155001155001155,0.0017325017325017325,,,,,0.004735504735504736,,,0.0017325017325017325,,0.0017325017325017325,,,
0.0005775005775005775,0.0005775005775005775,0.00796950796950797,,,,0.1567914067914068,,0.010452760452760453,0.13577038577038578,0.006121506121506122,0.0012127512127512127,,0.017902517902517904,0.003696003696003696,0.0024255024255024253,0.001848001848001848,,0.003060753060753061,,,,,0.001848001848001848,0.005544005544005544,0.003060753060753061,,,,,,0.0024255024255024253,,,0.024659274659274658,,,,,,,,0.017902517902517904,0.0005775005775005775,0.506063756063756,0.0012127512127512127,0.004273504273504274,0.006121506121506122,0.0005775005775005775,0.011723261723261724,0.0012127512127512127,,,0.0005775005775005775,0.03453453453453453,,,,0.0005775005775005775,0.001848001848001848,0.008604758604758605,0.0024255024255024253,0.0005775005775005775,0.0024255024255024253,,,,0.0024255024255024253,0.0049087549087549085,,,0.004273504273504274,,0.0012127512127512127,,,
0.0012127512127512127,,0.004273504273504274,,0.0012127512127512127,,0.10083160083160084,0.0005775005775005775,0.009817509817509817,0.0805035805035805,0.0017902517902517903,0.005486255486255486,,0.00796950796950797,0.0005775005775005775,0.0024255024255024253,0.0017902517902517903,,0.0012127512127512127,0.0017902517902517903,0.0012127512127512127,,,0.0012127512127512127,0.007334257334257334,0.0024255024255024253,,,,,,0.0012127512127512127,,0.0005775005775005775,0.02333102333102333,,,,0.0012127512127512127,0.0005775005775005775,,0.0005775005775005775,0.012878262878262879,,0.6422961422961423,0.0005775005775005775,0.006121506121506122,0.0024255024255024253,0.0017902517902517903,0.010452760452760453,0.0024255024255024253,,,,0.03563178563178563,,,,0.0005775005775005775,0.0036382536382536385,,0.0017902517902517903,0.008604758604758605,0.0017902517902517903,,,0.0005775005775005775,,0.0049087549087549085,,,,0.0005775005775005775,0.0012127512127512127,0.0005775005775005775,,
,,0.004851004851004851,,0.0005775005775005775,,0.16395241395241394,0.0005775005775005775,0.004215754215754216,0.16943866943866945,0.0017902517902517903,0.0024255024255024253,,0.013975513975513975,0.0017902517902517903,0.0005775005775005775,0.0012127512127512127,,0.0012127512127512127,0.0012127512127512127,,,,0.0005775005775005775,0.0036382536382536385,0.0024255024255024253,,,,,,0.0017902517902517903,,,0.03291753291753292,,,,,,0.004851004851004851,,0.02437052437052437,,0.49070224070224067,,0.006699006699006699,0.0024255024255024253,,0.006699006699006699,0.003003003003003003,,,,0.025583275583275583,,,,0.0005775005775005775,0.003003003003003003,0.003003003003003003,0.007276507276507277,0.0036382536382536385,0.0005775005775005775,,,,,0.005486255486255486,,,0.0005775005775005775,,0.0017902517902517903,0.0005775005775005775,,
,,0.004735504735504736,,,,0.19421344421344422,0.0005775005775005775,0.006468006468006468,0.1569069069069069,0.001155001155001155,0.001155001155001155,,0.017151767151767153,0.0005775005775005775,0.0005775005775005775,0.001155001155001155,,0.001155001155001155,0.001155001155001155,,,,0.0005775005775005775,0.005313005313005313,0.0017325017325017325,,,,,,0.0005775005775005775,,,0.03135828135828136,,,,,,0.0017325017325017325,,0.021887271887271888,0.0005775005775005775,0.4803072303072303,,0.004735504735504736,0.0041002541002541,0.0005775005775005775,0.006468006468006468,,,,,0.028413028413028413,,,,,0.004735504735504736,0.0005775005775005775,0.008258258258258258,0.002367752367752368,0.0005775005775005775,,0.0005775005775005775,,,0.0041002541002541,,,0.0005775005775005775,0.0005775005775005775,0.0017325017325017325,0.0005775005775005775,,
,,0.006468006468006468,,,,0.1558096558096558,0.0005775005775005775,0.006468006468006468,0.1652806652806653,,0.0005775005775005775,,0.0231000231000231,0.001155001155001155,0.0005775005775005775,0.0005775005775005775,0.0005775005775005775,0.0005775005775005775,0.0041002541002541,,,,,0.005313005313005313,0.00589050589050589,,,0.0005775005775005775,,,0.001155001155001155,,0.0005775005775005775,0.0390967890967891,,,,,0.0005775005775005775,,0.0005775005775005775,0.021887271887271888,,0.4805959805959805,,0.0035227535227535228,0.0017325017325017325,0.001155001155001155,0.014206514206514207,0.0005775005775005775,,,,0.02546777546777547,0.0005775005775005775,,,,0.0035227535227535228,,0.010048510048510048,0.002367752367752368,,,,0.001155001155001155,,0.010048510048510048,,,0.002367752367752368,,0.0005775005775005775,0.0005775005775005775,,
,,0.0053707553707553705,,,,0.19692769692769693,,0.009528759528759529,0.1748094248094248,,0.0017902517902517903,,0.01975051975051975,0.002367752367752368,0.002945252945252945,,,0.0005775005775005775,0.004735504735504736,,,,,0.007738507738507739,0.0053707553707553705,,,,,,0.0017902517902517903,,0.0005775005775005775,0.038288288288288286,,,,0.0005775005775005775,0.001155001155001155,,0.0005775005775005775,0.02211827211827212,,0.4374566874566874,,0.004158004158004158,0.0035805035805035806,0.0005775005775005775,0.006583506583506584,0.0005775005775005775,,,,0.021540771540771542,,,,,0.002945252945252945,0.0005775005775005775,0.008951258951258952,0.0005775005775005775,,,,0.0017902517902517903,,0.008951258951258952,,,0.0035805035805035806,0.0005775005775005775,,0.0005775005775005775,,
,,0.006006006006006006,,0.0005775005775005775,,0.2132132132132132,,0.013167013167013167,0.17954492954492954,,0.001155001155001155,,0.025814275814275815,,,,0.0005775005775005775,0.0005775005775005775,0.0053707553707553705,,,,,0.01617001617001617,0.0035805035805035806,,,,,,,,0.0017902517902517903,0.03840378840378841,,,,,0.0017902517902517903,0.0035805035805035806,0.0017902517902517903,0.03840378840378841,0.0005775005775005775,0.3600138600138598,,0.003003003003003003,0.013802263802263803,0.0035805035805035806,0.008373758373758373,0.0005775005775005775,,,,0.025179025179025177,,,,0.0005775005775005775,0.002367752367752368,0.004793254793254793,0.007796257796257797,,,,,0.001155001155001155,,0.0053707553707553705,,,0.009009009009009009,0.0005775005775005775,,0.0005775005775005775,0.0005775005775005775,0.0005775005775005775
,,0.005313005313005313,,0.0005775005775005775,0.0005775005775005775,0.1511896511896512,,0.007680757680757681,0.14882189882189883,,0.001155001155001155,,0.02130977130977131,0.0035227535227535228,,,,0.001155001155001155,0.0017325017325017325,0.0041002541002541,,,,0.008258258258258258,0.001155001155001155,,,,,0.0005775005775005775,0.0005775005775005775,,0.0005775005775005775,0.02252252252252252,,,,,0.006468006468006468,0.0041002541002541,0.0017325017325017325,0.020154770154770154,0.0005775005775005775,0.4841764841764842,,0.004735504735504736,0.016574266574266576,0.004735504735504736,0.014206514206514207,0.001155001155001155,0.001155001155001155,,0.0005775005775005775,0.014206514206514207,0.0005775005775005775,,,0.0005775005775005775,0.002367752367752368,0.004735504735504736,0.007680757680757681,0.0005775005775005775,0.0017325017325017325,,,0.001155001155001155,0.0017325017325017325,0.00589050589050589,,0.001155001155001155,0.012993762993762994,0.001155001155001155,,0.0005775005775005775,0.0005775005775005775,0.001155001155001155
,,0.005255255255255256,,,0.0005775005775005775,0.12445137445137446,,0.004677754677754678,0.08847308847308848,,0.0035227535227535228,,0.010568260568260568,0.0017325017325017325,,,,,0.001155001155001155,0.008258258258258258,,,,0.006468006468006468,0.001155001155001155,,,,,,0.002945252945252945,,,0.015881265881265882,,,,,0.002945252945252945,0.00231000231000231,0.001155001155001155,0.017094017094017096,0.0005775005775005775,0.6186763686763688,,0.00589050589050589,0.012936012936012936,0.0017325017325017325,0.00589050589050589,0.0005775005775005775,0.0005775005775005775,,0.0005775005775005775,0.017671517671517672,,,,0.0005775005775005775,0.0017325017325017325,,0.006468006468006468,0.002945252945252945,0.001155001155001155,,0.001155001155001155,0.0005775005775005775,0.0005775005775005775,0.010568260568260568,,,0.006468006468006468,0.0017325017325017325,,0.0005775005775005775,0.001155001155001155,0.0005775005775005775
,,0.007218757218757219,,0.0005775005775005775,,0.18607068607068608,,0.006006006006006006,0.14616539616539617,,0.003003003003003003,,0.027142527142527142,0.0017902517902517903,0.0005775005775005775,,,,0.001155001155001155,0.004215754215754216,,,,0.006006006006006006,0.004793254793254793,,,,,,0.0017902517902517903,,0.001155001155001155,0.033783783783783786,,,,,,0.0005775005775005775,,0.021714021714021713,,0.47551397551397545,,0.004793254793254793,0.004793254793254793,0.0005775005775005775,0.004215754215754216,0.0005775005775005775,,,,0.027142527142527142,0.001155001155001155,,,0.0005775005775005775,0.003003003003003003,0.004215754215754216,0.004793254793254793,0.0005775005775005775,,,,0.0005775005775005775,0.0005775005775005775,0.006006006006006006,,,0.006006006006006006,,,0.0005775005775005775,0.0005775005775005775,
,,0.0017325017325017325,,0.0005775005775005775,,0.18173943173943174,,0.004158004158004158,0.15673365673365675,,0.0005775005775005775,,0.018422268422268424,0.0035227535227535228,,,,,0.0005775005775005775,0.004735504735504736,,,,0.006525756525756526,0.002945252945252945,,,,,,0.001155001155001155,,0.0005775005775005775,0.03869253869253869,,,,,0.0005775005775005775,,,0.017267267267267267,0.0005775005775005775,0.4861399861399861,,0.002945252945252945,0.0017325017325017325,0.0005775005775005775,0.006525756525756526,0.0005775005775005775,,,0.0005775005775005775,0.02263802263802264,,,,0.0005775005775005775,0.0035227535227535228,,0.011896511896511896,0.001155001155001155,0.0005775005775005775,,,0.0005775005775005775,0.0017325017325017325,0.006525756525756526,,,0.008893508893508893,0.001155001155001155,,0.0005775005775005775,,
,,0.0028875028875028877,,,,0.19253869253869255,0.0005775005775005775,0.005197505197505198,0.15656040656040657,,0.0005775005775005775,,0.02489027489027489,0.0017325017325017325,0.0040425040425040425,0.0005775005775005775,0.0005775005775005775,0.0005775005775005775,0.0005775005775005775,,,,,0.0028875028875028877,0.00462000462000462,,,,,,0.0005775005775005775,0.001155001155001155,0.0005775005775005775,0.048105798105798105,,0.001155001155001155,,,,,,0.021425271425271425,,0.45247170247170243,,0.0040425040425040425,0.0017325017325017325,0.0005775005775005775,0.005197505197505198,0.001155001155001155,,,,0.021425271425271425,0.0017325017325017325,,,0.0005775005775005775,0.003465003465003465,0.001155001155001155,0.008085008085008085,0.00231000231000231,0.001155001155001155,,0.0005775005775005775,0.0005775005775005775,0.0005775005775005775,0.0075075075075075074,,,0.012705012705012704,0.0005775005775005775,,0.0005775005775005775,,
,,0.006756756756756757,,0.0005197505197505198,,0.16914991914991914,0.0005197505197505198,0.0061792561792561795,0.16747516747516747,0.0016747516747516748,,,0.02541002541002541,0.0010972510972510972,0.006756756756756757,0.0005197505197505198,,0.0005197505197505198,0.0005197505197505198,,,0.0005197505197505198,,0.0061792561792561795,0.0033495033495033496,,,,,,0.0010972510972510972,,0.0016747516747516748,0.0328020328020328,,0.0016747516747516748,0.0022522522522522522,0.0010972510972510972,,0.0005197505197505198,,0.02315777315777316,,0.46188496188496186,,0.0045045045045045045,0.0016747516747516748,0.0010972510972510972,0.008431508431508432,0.0010972510972510972,,,0.0005197505197505198,0.02772002772002772,0.0005197505197505198,,,,0.0022522522522522522,0.0010972510972510972,0.005601755601755602,0.0005197505197505198,0.0005197505197505198,,0.0010972510972510972,0.0005197505197505198,0.0010972510972510972,0.01126126126126126,,,0.003927003927003927,,0.0005197505197505198,0.0005197505197505198,0.0010972510972510972,0.0010972510972510972
,,0.005775005775005775,,,0.0005775005775005775,0.1808154308154308,0.0005775005775005775,0.00693000693000693,0.1865904365904366,0.003465003465003465,0.003465003465003465,,0.02772002772002772,,0.02367752367752368,0.0017325017325017325,,,0.001155001155001155,,0.0005775005775005775,0.0005775005775005775,,0.0040425040425040425,0.00231000231000231,,,,,,0.0005775005775005775,,0.001155001155001155,0.042735042735042736,,0.0017325017325017325,0.00231000231000231,,0.001155001155001155,,0.0040425040425040425,0.021945021945021945,,0.3992838992838992,,0.005775005775005775,0.001155001155001155,0.0005775005775005775,0.003465003465003465,0.0005775005775005775,0.0005775005775005775,,,0.026565026565026566,,,,0.0005775005775005775,0.0028875028875028877,0.001155001155001155,0.009817509817509817,0.0040425040425040425,0.001155001155001155,,0.0005775005775005775,0.00231000231000231,0.0005775005775005775,0.00924000924000924,,,0.0028875028875028877,0.0005775005775005775,,0.0005775005775005775,,
,,0.010164010164010164,,,0.002367752367752368,0.16972741972741973,,0.002945252945252945,0.12895587895587896,0.007796257796257797,0.0017902517902517903,,0.01975051975051975,0.001155001155001155,0.0035805035805035806,0.0035805035805035806,,,,0.0017902517902517903,,,,0.0053707553707553705,0.004158004158004158,,,,,,0.0053707553707553705,,0.0005775005775005775,0.018537768537768538,,,,,0.001155001155001155,,,0.021540771540771542,0.0005775005775005775,0.5073342573342574,,0.0035805035805035806,0.001155001155001155,,0.006583506583506584,0.0053707553707553705,0.0005775005775005775,,,0.04134904134904135,,,,0.0005775005775005775,,,0.009586509586509586,,0.001155001155001155,,0.0005775005775005775,0.0005775005775005775,,0.004158004158004158,,,0.005948255948255948,,0.0005775005775005775,,,
,,0.008142758142758142,,0.0005775005775005775,0.0017325017325017325,0.12283437283437283,,0.00872025872025872,0.10412335412335412,0.001155001155001155,0.004677754677754678,,0.025698775698775697,,0.003465003465003465,0.0005775005775005775,,0.0017325017325017325,0.0005775005775005775,,,0.0005775005775005775,,0.003465003465003465,0.00231000231000231,,,,,,0.0005775005775005775,,0.0005775005775005775,0.018711018711018712,,,,,,0.0005775005775005775,,0.022233772233772233,0.0005775005775005775,0.6069531069531069,,0.00231000231000231,0.001155001155001155,,0.009933009933009933,0.003465003465003465,0.0005775005775005775,,,0.02512127512127512,,,,,,0.001155001155001155,0.004677754677754678,0.0017325017325017325,,,,0.0005775005775005775,0.0005775005775005775,0.00231000231000231,,,0.005832755832755832,,,,,
,,0.007680757680757681,,,0.001155001155001155,0.1601986601986602,,0.01126126126126126,0.1916146916146916,,0.0017325017325017325,,0.018364518364518363,0.001155001155001155,0.0005775005775005775,0.0005775005775005775,,0.002367752367752368,0.0005775005775005775,,,,,0.004735504735504736,0.0035227535227535228,,,,,,0.0017325017325017325,,0.0005775005775005775,0.04331254331254331,,,,,,0.001155001155001155,,0.02073227073227073,,0.46090321090321085,,0.0041002541002541,0.0017325017325017325,,0.01126126126126126,,,,,0.027835527835527837,,0.001155001155001155,,,,0.002367752367752368,0.007103257103257103,,0.001155001155001155,,,0.0017325017325017325,,0.0017325017325017325,,,0.00589050589050589,,,,,
,,0.006352506352506352,,,0.0017325017325017325,0.2072072072072072,,0.012705012705012704,0.17711942711942713,,0.0005775005775005775,,0.02079002079002079,0.001155001155001155,0.00231000231000231,,,0.0017325017325017325,,,,,,0.005775005775005775,0.003465003465003465,,,,,,0.0005775005775005775,,0.001155001155001155,0.04163779163779164,0.001155001155001155,,,,,0.0017325017325017325,0.0005775005775005775,0.02546777546777547,,0.4226726726726726,,0.0040425040425040425,0.0040425040425040425,0.0005775005775005775,0.006352506352506352,,,,,0.021945021945021945,0.0005775005775005775,0.001155001155001155,,,0.0017325017325017325,,0.008662508662508662,0.006352506352506352,,,,0.0017325017325017325,,0.0028875028875028877,,,0.0040425040425040425,,,,,
,,0.006872256872256872,,,0.0016747516747516748,0.17215292215292216,,0.009702009702009701,0.1686879186879187,0.0010972510972510972,,,0.01720951720951721,0.0010972510972510972,0.0010972510972510972,,,0.0022522522522522522,,,,,,0.0022522522522522522,0.004562254562254562,,,,,,0.0005197505197505198,0.0022522522522522522,0.0010972510972510972,0.052206052206052206,,,,0.0010972510972510972,,,,0.017787017787017786,,0.4692192192192193,0.0005197505197505198,0.005717255717255718,0.004562254562254562,0.0016747516747516748,0.00282975282975283,0.004562254562254562,,,,0.02408177408177408,0.0010972510972510972,,,,,0.0016747516747516748,0.006294756294756294,0.004562254562254562,,,,0.00282975282975283,,0.0016747516747516748,,0.0005197505197505198,0.004562254562254562,,,,,
,,0.00872025872025872,,,0.00231000231000231,0.15754215754215753,,0.00462000462000462,0.17094017094017094,0.0005775005775005775,0.0005775005775005775,0.001155001155001155,0.015072765072765074,0.0017325017325017325,0.0005775005775005775,,,0.001155001155001155,,,,,,0.0028875028875028877,0.0017325017325017325,,,,,0.0005775005775005775,0.001155001155001155,0.0005775005775005775,0.00231000231000231,0.038923538923538926,0.0005775005775005775,,0.0005775005775005775,,0.001155001155001155,0.0005775005775005775,,0.023215523215523216,,0.4872949872949873,,0.0040425040425040425,0.00231000231000231,0.001155001155001155,0.0040425040425040425,0.005197505197505198,0.0005775005775005775,,,0.02032802032802033,0.0017325017325017325,,,,0.0075075075075075074,,0.0075075075075075074,0.0028875028875028877,0.0017325017325017325,,,0.0028875028875028877,0.0005775005775005775,0.0017325017325017325,0.0017325017325017325,,0.0075075075075075074,,,,,
,,0.007565257565257565,,,0.001155001155001155,0.19825594825594825,,0.0028875028875028877,0.15627165627165626,0.0005775005775005775,0.0005775005775005775,0.001155001155001155,0.01744051744051744,0.0028875028875028877,0.0017325017325017325,0.0005775005775005775,0.0005775005775005775,0.0005775005775005775,,,,,,0.0028875028875028877,0.00231000231000231,,,,,0.001155001155001155,0.0017325017325017325,,0.001155001155001155,0.041406791406791404,,,0.001155001155001155,,,0.0005775005775005775,0.001155001155001155,0.020963270963270962,,0.4566297066297066,,0.005775005775005775,,0.00231000231000231,0.0040425040425040425,,0.0005775005775005775,,,0.025063525063525063,0.0017325017325017325,,,,0.007565257565257565,0.003465003465003465,0.009297759297759297,0.00231000231000231,0.0017325017325017325,,0.0005775005775005775,0.00231000231000231,,0.001155001155001155,,,0.006987756987756988,0.0017325017325017325,,,,
,,0.005255255255255256,,,0.001155001155001155,0.1425848925848926,,0.004677754677754678,0.14316239316239315,0.005832755832755832,,0.001155001155001155,0.014033264033264034,,0.00231000231000231,,,0.001155001155001155,,0.005832755832755832,,,0.0005775005775005775,0.005832755832755832,0.0017325017325017325,,0.0005775005775005775,,,0.001155001155001155,0.001155001155001155,,0.001155001155001155,0.026969276969276968,,,,0.00231000231000231,,0.0005775005775005775,,0.02639177639177639,,0.5314160314160314,,0.0005775005775005775,0.001155001155001155,0.001155001155001155,0.0082005082005082,0.0005775005775005775,0.0005775005775005775,,,0.03343728343728344,0.001155001155001155,,,,0.0123007623007623,0.00231000231000231,0.0017325017325017325,0.001155001155001155,0.001155001155001155,,,0.001155001155001155,0.0005775005775005775,,,,0.00231000231000231,0.0028875028875028877,0.0005775005775005775,,,
0.0017902517902517903,0.0005775005775005775,0.004793254793254793,,,0.0005775005775005775,0.11723261723261723,,0.006583506583506584,0.09678909678909679,,0.0017902517902517903,0.0017902517902517903,0.015592515592515593,0.0005775005775005775,0.001155001155001155,,,,,0.0035805035805035806,,,,0.0035805035805035806,0.002367752367752368,,,,,0.001155001155001155,,,0.0017902517902517903,0.024024024024024024,,0.0005775005775005775,,0.001155001155001155,0.0005775005775005775,0.001155001155001155,,0.024024024024024024,0.0005775005775005775,0.6072996072996073,,0.0035805035805035806,0.001155001155001155,0.004793254793254793,0.004793254793254793,0.004158004158004158,0.0005775005775005775,,0.0005775005775005775,0.027662277662277662,0.0005775005775005775,,,,0.015015015015015015,0.0017902517902517903,0.004158004158004158,0.002367752367752368,0.0005775005775005775,,0.0005775005775005775,0.0017902517902517903,,0.0005775005775005775,0.0005775005775005775,,0.0035805035805035806,,,,,
,0.0005775005775005775,0.0028875028875028877,,,0.001155001155001155,0.18064218064218066,,0.007565257565257565,0.17070917070917072,,,,0.018711018711018712,0.00231000231000231,0.0017325017325017325,0.003465003465003465,,,,,,,0.00231000231000231,0.00872025872025872,0.005255255255255256,,,,,,,,,0.044987294987294986,,,,0.0017325017325017325,,0.0017325017325017325,,0.022753522753522753,,0.45403095403095395,,0.005832755832755832,0.0017325017325017325,0.0005775005775005775,0.011088011088011088,,0.0005775005775005775,,,0.018711018711018712,0.001155001155001155,,,,0.005255255255255256,,0.010510510510510511,0.0017325017325017325,,,,0.00231000231000231,0.001155001155001155,0.001155001155001155,0.0017325017325017325,,0.0040425040425040425,,0.0005775005775005775,,,0.0005775005775005775
,,0.004735504735504736,,0.001155001155001155,0.0017325017325017325,0.17527142527142528,0.0005775005775005775,0.008835758835758836,0.15217140217140218,0.0005775005775005775,,0.0005775005775005775,0.02130977130977131,0.0035227535227535228,0.0017325017325017325,0.0035227535227535228,,,0.0041002541002541,,,,,0.005313005313005313,0.0017325017325017325,,,,,,0.0017325017325017325,,0.0005775005775005775,0.04440979440979441,0.001155001155001155,,,0.0017325017325017325,,,,0.03493878493878494,,0.4579579579579579,,0.0017325017325017325,0.001155001155001155,0.0005775005775005775,0.007103257103257103,0.001155001155001155,,,,0.0272002772002772,0.002367752367752368,,,,0.006468006468006468,0.001155001155001155,0.008835758835758836,0.002945252945252945,,,,0.001155001155001155,,0.0035227535227535228,,,0.0035227535227535228,0.001155001155001155,0.0005775005775005775,,,
,,0.007103257103257103,,,0.0017325017325017325,0.19611919611919612,0.0005775005775005775,0.01126126126126126,0.1569069069069069,0.0005775005775005775,,,0.028528528528528527,0.002367752367752368,,,0.0005775005775005775,,0.001155001155001155,,,,,0.006525756525756526,0.005313005313005313,,,,,,0.001155001155001155,,0.0005775005775005775,0.04279279279279279,0.0017325017325017325,,,0.001155001155001155,,0.0005775005775005775,,0.022580272580272582,,0.43803418803418803,,0.004158004158004158,0.0005775005775005775,0.0005775005775005775,0.012474012474012475,0.0017325017325017325,,,,0.019577269577269577,0.001155001155001155,,,,0.00589050589050589,0.007680757680757681,0.010048510048510048,0.0005775005775005775,,,,0.001155001155001155,,0.0017325017325017325,,,0.005313005313005313,,,,,
,,0.0017325017325017325,,,0.001155001155001155,0.17942942942942944,0.0005775005775005775,0.0035227535227535228,0.14945714945714947,,,,0.023504273504273504,0.001155001155001155,,0.0005775005775005775,,0.0005775005775005775,0.001155001155001155,,,,,0.0035227535227535228,0.0028875028875028877,,,,,,0.0017325017325017325,,,0.03701778701778702,0.0017325017325017325,,,0.001155001155001155,,,0.00231000231000231,0.017613767613767612,0.0005775005775005775,0.4718757218757218,,0.0041002541002541,0.0005775005775005775,0.0005775005775005775,0.009990759990759992,,,,,0.028817278817278816,0.0028875028875028877,,0.005832755832755832,,0.0070455070455070455,0.0005775005775005775,0.011145761145761145,0.010568260568260568,,,,0.0041002541002541,,0.00231000231000231,,,0.007623007623007623,,,,,0.0005775005775005775
,,0.003465003465003465,,,0.001155001155001155,0.17631092631092632,,0.00462000462000462,0.17457842457842457,,0.001155001155001155,,0.016343266343266345,,0.001155001155001155,0.0005775005775005775,,0.0017325017325017325,0.0028875028875028877,,,,,0.003465003465003465,0.00231000231000231,,,,,,0.001155001155001155,0.001155001155001155,,0.05896280896280896,0.001155001155001155,,,0.0005775005775005775,,0.001155001155001155,0.0017325017325017325,0.030318780318780318,,0.41164241164241167,,0.0028875028875028877,0.00231000231000231,0.001155001155001155,0.005832755832755832,0.005255255255255256,,,,0.0215985215985216,0.00231000231000231,,0.003465003465003465,,0.00462000462000462,0.003465003465003465,0.013975513975513975,0.005255255255255256,0.00231000231000231,,,0.006987756987756988,,0.00231000231000231,,,0.017498267498267498,0.0005775005775005775,,,,0.0005775005775005775
,,0.0041002541002541,,,0.0005775005775005775,0.19686994686994688,,0.006468006468006468,0.11908061908061908,0.0005775005775005775,0.005255255255255256,,0.01645876645876646,0.0017325017325017325,,0.0005775005775005775,,0.0017325017325017325,0.0017325017325017325,,,,,0.004677754677754678,0.002945252945252945,,,,,0.001155001155001155,0.001155001155001155,0.0017325017325017325,,0.0364980364980365,0.002945252945252945,,,0.002945252945252945,,,0.0035227535227535228,0.021194271194271194,,0.4574382074382074,,0.0041002541002541,0.0035227535227535228,0.001155001155001155,0.0082005082005082,0.009990759990759992,,,,0.022984522984522984,0.001155001155001155,,,,0.0041002541002541,0.0005775005775005775,0.024717024717024718,,0.00231000231000231,,,0.0005775005775005775,,0.0035227535227535228,,0.0005775005775005775,0.018826518826518826,0.00231000231000231,,,,
,,0.003927003927003927,,0.0005197505197505198,0.0010972510972510972,0.11555786555786556,,0.00565950565950566,0.10649110649110649,,0.00565950565950566,,0.020905520905520905,,0.0005197505197505198,0.0010972510972510972,,0.0010972510972510972,0.0016747516747516748,,,,,0.006756756756756757,0.005082005082005082,,,,,,0.003927003927003927,0.0016747516747516748,0.0010972510972510972,0.026045276045276046,0.0016747516747516748,,,0.0005197505197505198,,0.0005197505197505198,,0.018075768075768075,,0.586971586971587,,0.00282975282975283,0.00282975282975283,,0.007334257334257334,0.00282975282975283,,,,0.028297528297528296,0.0016747516747516748,,,,0.0045045045045045045,0.0033495033495033496,0.01131901131901132,0.0022522522522522522,0.0016747516747516748,,,0.0010972510972510972,0.0005197505197505198,0.0045045045045045045,,,0.00565950565950566,0.0022522522522522522,0.0005197505197505198,,,
,,0.00462000462000462,,,0.001155001155001155,0.17134442134442135,,0.013398013398013399,0.17365442365442366,,0.001155001155001155,,0.023273273273273273,,0.001155001155001155,,,0.0005775005775005775,0.00231000231000231,,,,,0.006987756987756988,0.00641025641025641,,,,,,0.0005775005775005775,,,0.056537306537306535,0.001155001155001155,0.0005775005775005775,,0.0005775005775005775,,0.0005775005775005775,,0.02211827211827212,,0.4439246939246939,0.0005775005775005775,0.00641025641025641,,,0.007565257565257565,,,,,0.018018018018018018,0.0005775005775005775,,0.0005775005775005775,,0.005775005775005775,0.001155001155001155,0.012185262185262185,0.0017325017325017325,,,,0.001155001155001155,,0.0040425040425040425,,,0.007565257565257565,0.0005775005775005775,,,,
,,0.003465003465003465,,,0.001155001155001155,0.16874566874566874,,0.010395010395010396,0.16297066297066298,,0.003465003465003465,,0.035343035343035345,0.0017325017325017325,0.0017325017325017325,,,0.001155001155001155,0.001155001155001155,,,,,0.00693000693000693,0.0028875028875028877,,,,,,0.0005775005775005775,,0.0005775005775005775,0.0457957957957958,0.001155001155001155,0.001155001155001155,,0.0005775005775005775,,,,0.026622776622776623,0.001155001155001155,0.4442711942711942,,0.0028875028875028877,,,0.005775005775005775,,,,,0.029568029568029567,0.001155001155001155,,,,0.005197505197505198,,0.01796026796026796,0.003465003465003465,0.001155001155001155,,0.0005775005775005775,0.003465003465003465,,0.00231000231000231,,,0.0028875028875028877,,0.0005775005775005775,,,
,,0.007565257565257565,,,0.001155001155001155,0.16920766920766922,,0.011088011088011088,0.16221991221991222,,0.0017325017325017325,,0.029163779163779165,0.001155001155001155,0.0005775005775005775,,,0.0017325017325017325,0.0017325017325017325,,,0.0005775005775005775,,0.0040425040425040425,0.005197505197505198,,,,,,0.00231000231000231,,,0.048394548394548396,0.0017325017325017325,0.0005775005775005775,,0.0017325017325017325,,,0.0005775005775005775,0.02564102564102564,,0.4212866712866712,,0.005832755832755832,0.001155001155001155,,0.013975513975513975,0.0005775005775005775,,,,0.03851928851928852,0.0005775005775005775,0.0005775005775005775,,,0.009297759297759297,0.0017325017325017325,0.009297759297759297,0.00462000462000462,0.001155001155001155,,0.0005775005775005775,0.003465003465003465,,0.005197505197505198,,,0.003465003465003465,,,,,0.0005775005775005775
,,0.004562254562254562,,,0.0010972510972510972,0.1656849156849157,,0.010337260337260337,0.152979902979903,,0.0016747516747516748,,0.015477015477015478,0.0010972510972510972,,,,0.0010972510972510972,0.0005197505197505198,,,,0.0016747516747516748,0.008604758604758605,0.006294756294756294,,,,,,0.0022522522522522522,,0.025294525294525295,0.03216678216678217,0.0010972510972510972,,,0.0010972510972510972,,,,0.034476784476784476,,0.4444444444444444,,0.005717255717255718,0.0016747516747516748,,0.008027258027258028,,0.0005197505197505198,,,0.034476784476784476,,,,,0.004562254562254562,0.0005197505197505198,0.013224763224763224,,0.0016747516747516748,,,0.0016747516747516748,,0.011492261492261492,,,0.003984753984753985,,,,0.0005197505197505198,
,,0.005775005775005775,,,0.001155001155001155,0.18872718872718872,,0.007565257565257565,0.1455878955878956,0.00231000231000231,0.001155001155001155,,0.01917301917301917,,,,,0.0017325017325017325,0.00231000231000231,,,,0.0040425040425040425,0.011030261030261031,0.0028875028875028877,,,,,0.0005775005775005775,0.0017325017325017325,,0.001155001155001155,0.040194040194040194,0.0017325017325017325,,,0.0005775005775005775,0.0005775005775005775,0.0005775005775005775,0.0005775005775005775,0.025583275583275583,0.0005775005775005775,0.4217486717486717,,0.0028875028875028877,0.00462000462000462,,0.005197505197505198,0.001155001155001155,0.0005775005775005775,,,0.03667128667128667,,,0.0005775005775005775,,0.014553014553014554,0.0017325017325017325,0.02211827211827212,,0.003465003465003465,,,0.001155001155001155,,0.005775005775005775,,,0.007565257565257565,,0.0005775005775005775,,,0.00231000231000231
,,0.0053707553707553705,,,0.0017902517902517903,0.14125664125664125,,0.0035805035805035806,0.14425964425964427,0.002367752367752368,0.002367752367752368,,0.017325017325017324,,0.002367752367752368,,,0.0005775005775005775,0.002367752367752368,,0.001155001155001155,,0.001155001155001155,0.007161007161007161,0.002367752367752368,,,,,,0.0017902517902517903,,0.001155001155001155,0.029914529914529916,0.0005775005775005775,,,0.0005775005775005775,,0.001155001155001155,0.002367752367752368,0.017325017325017324,,0.5131670131670132,,0.004158004158004158,0.002945252945252945,,0.01131901131901132,,0.0005775005775005775,,,0.031127281127281126,,,0.0005775005775005775,,0.012531762531762532,0.0005775005775005775,0.010164010164010164,0.004158004158004158,0.002367752367752368,,,0.0005775005775005775,,0.004735504735504736,,,0.007738507738507739,,,,,0.002945252945252945
,,0.004793254793254793,,,0.0017902517902517903,0.11012936012936013,0.001155001155001155,0.012705012705012704,0.0852968352968353,0.004215754215754216,0.004793254793254793,,0.01513051513051513,0.001155001155001155,0.004215754215754216,,,,0.0017902517902517903,,,,,0.004793254793254793,0.004793254793254793,,,,,0.002367752367752368,0.003003003003003003,,0.002367752367752368,0.016343266343266345,0.001155001155001155,,,0.0005775005775005775,,,,0.017498267498267498,0.0005775005775005775,0.6277431277431278,,0.005428505428505428,0.001155001155001155,,0.008431508431508432,,0.0005775005775005775,,,0.018133518133518132,,,,,0.009644259644259644,0.0005775005775005775,0.009644259644259644,0.003003003003003003,0.0017902517902517903,,,,,0.006006006006006006,,,0.007218757218757219,,,,,
,,0.007796257796257797,,,0.001155001155001155,0.15153615153615155,,0.0107992607992608,0.15332640332640332,,,,0.02281127281127281,0.001155001155001155,0.001155001155001155,,,,0.001155001155001155,,,,0.0005775005775005775,0.004158004158004158,0.004793254793254793,,,,,0.002367752367752368,0.0017902517902517903,,0.0017902517902517903,0.03788403788403789,0.0017902517902517903,,,0.0005775005775005775,0.001155001155001155,0.001155001155001155,0.001155001155001155,0.023446523446523447,0.0005775005775005775,0.4928967428967429,,0.006006006006006006,,,0.006006006006006006,,0.0005775005775005775,,,0.028817278817278816,,,,0.001155001155001155,0.004158004158004158,0.0005775005775005775,0.010221760221760221,0.004793254793254793,0.001155001155001155,,,0.0035805035805035806,,0.0035805035805035806,,,0.002367752367752368,,,,,
,,0.0053707553707553705,,,0.0017902517902517903,0.14264264264264265,,0.008951258951258952,0.15222915222915223,,,,0.023966273966273967,0.0005775005775005775,0.0005775005775005775,,,,0.001155001155001155,,,,0.0005775005775005775,0.008951258951258952,0.0053707553707553705,,,,,,0.0005775005775005775,,,0.0425040425040425,0.002367752367752368,0.0005775005775005775,,0.0005775005775005775,,,0.0017902517902517903,0.021540771540771542,,0.4655809655809655,,0.006583506583506584,,,0.02512127512127512,,0.0005775005775005775,,,0.036555786555786556,,0.002945252945252945,,0.001155001155001155,0.006583506583506584,0.004158004158004158,0.01437976437976438,0.007161007161007161,,,,0.0035805035805035806,,0.001155001155001155,,,0.002367752367752368,,,,,
,,0.004793254793254793,,,0.001155001155001155,0.12884037884037883,0.0005775005775005775,0.01206976206976207,0.1421228921228921,,0.0005775005775005775,,0.025352275352275352,,0.001155001155001155,,,,0.002367752367752368,,,,,0.007218757218757219,0.004793254793254793,,,,,,,,0.0017902517902517903,0.05197505197505198,0.001155001155001155,,0.0005775005775005775,0.001155001155001155,,0.0005775005775005775,0.0005775005775005775,0.025352275352275352,,0.4955532455532454,,0.003003003003003003,,,0.007854007854007854,,0.0005775005775005775,,,0.029625779625779627,0.0005775005775005775,0.0035805035805035806,,,0.008431508431508432,0.0017902517902517903,0.019923769923769923,0.006006006006006006,0.002367752367752368,,,0.0005775005775005775,,0.003003003003003003,,,0.002367752367752368,,,0.0005775005775005775,,
,,0.0035805035805035806,,,0.001155001155001155,0.17556017556017556,0.0005775005775005775,0.007796257796257797,0.13813813813813813,0.001155001155001155,0.001155001155001155,,0.02107877107877108,,0.003003003003003003,,0.0005775005775005775,,0.001155001155001155,0.001155001155001155,,,0.0005775005775005775,0.004793254793254793,0.006583506583506584,,,,,,0.001155001155001155,,,0.06092631092631093,0.001155001155001155,,,0.001155001155001155,,,0.0005775005775005775,0.028355278355278356,,0.451085701085701,0.0005775005775005775,0.006583506583506584,0.001155001155001155,,0.006583506583506584,,0.0005775005775005775,,,0.028932778932778933,0.0005775005775005775,0.002367752367752368,,,0.004793254793254793,0.0005775005775005775,0.021714021714021713,0.006006006006006006,,,0.0005775005775005775,0.0005775005775005775,0.0005775005775005775,0.0017902517902517903,,,0.003003003003003003,,,,,0.0005775005775005775
,,0.008547008547008548,,,0.0017902517902517903,0.176022176022176,0.0005775005775005775,0.007911757911757912,0.15644490644490644,0.0005775005775005775,0.0036382536382536385,,0.021367521367521368,0.003003003003003003,0.0012127512127512127,,,,0.0005775005775005775,,,,0.0017902517902517903,0.013398013398013399,0.007911757911757912,,,,,,0.0017902517902517903,,0.0005775005775005775,0.04643104643104643,0.0012127512127512127,,0.0005775005775005775,0.0005775005775005775,,0.0005775005775005775,,0.03667128667128667,,0.41268191268191257,,0.006063756063756064,,0.0005775005775005775,0.015881265881265882,,0.0005775005775005775,,,0.03418803418803419,0.0005775005775005775,0.0036382536382536385,,,0.004851004851004851,0.0024255024255024253,0.006063756063756064,0.0036382536382536385,0.0036382536382536385,,0.0005775005775005775,0.0012127512127512127,0.0005775005775005775,0.003003003003003003,,0.0005775005775005775,0.005486255486255486,,,,,0.0005775005775005775
,,0.001848001848001848,,,0.001848001848001848,0.16984291984291985,,0.004966504966504966,0.14235389235389234,0.0005775005775005775,0.0005775005775005775,,0.019981519981519983,0.0031185031185031187,,0.0005775005775005775,,,,,0.0005775005775005775,,,0.00872025872025872,0.0031185031185031187,,,,,,0.0005775005775005775,,,0.039327789327789325,0.002483252483252483,,,,0.0005775005775005775,,,0.03493878493878494,,0.4727419727419727,,0.001848001848001848,0.0005775005775005775,0.0012127512127512127,0.00872025872025872,0.0031185031185031187,0.0005775005775005775,,,0.02743127743127743,,0.0012127512127512127,0.006814506814506814,,0.004966504966504966,0.001848001848001848,0.015592515592515593,0.0012127512127512127,0.004331254331254331,,,0.0005775005775005775,,0.002483252483252483,,,0.00872025872025872,,,,,
,,0.006352506352506352,,,0.003176253176253176,0.12554862554862556,,0.005717255717255718,0.08344883344883344,0.0006352506352506353,0.0019057519057519058,,0.028008778008778008,0.0006352506352506353,0.0012705012705012705,0.0019057519057519058,0.002541002541002541,,0.0006352506352506353,,,,,0.010164010164010164,0.0012705012705012705,,,,,,,0.0019057519057519058,,0.037595287595287595,0.0012705012705012705,,0.003176253176253176,0.0006352506352506353,,0.0006352506352506353,,0.01975051975051975,,0.5696465696465697,,0.005082005082005082,,0.0006352506352506353,0.011434511434511435,,0.0006352506352506353,,,0.024832524832524832,0.0006352506352506353,,0.0038115038115038116,,0.006352506352506352,0.0038115038115038116,0.008258258258258258,0.008893508893508893,0.002541002541002541,,,0.0019057519057519058,,0.002541002541002541,,,0.008893508893508893,0.0019057519057519058,,,,
,,0.003984753984753985,,,0.0016747516747516748,0.14645414645414645,0.0005197505197505198,0.008604758604758605,0.15453915453915454,0.0005197505197505198,0.0005197505197505198,,0.025352275352275352,,0.0005197505197505198,0.0005197505197505198,0.0005197505197505198,,0.0010972510972510972,,,,,0.006294756294756294,0.00282975282975283,,,,,,0.0010972510972510972,,0.0010972510972510972,0.05301455301455302,0.0010972510972510972,,0.0010972510972510972,0.0010972510972510972,,0.0005197505197505198,0.0005197505197505198,0.015534765534765535,0.0016747516747516748,0.5048510048510049,,0.005717255717255718,,,0.0016747516747516748,,0.0005197505197505198,,,0.027084777084777086,0.0016747516747516748,,,,0.005717255717255718,,0.014957264957264958,0.0005197505197505198,,,0.0005197505197505198,0.0005197505197505198,,0.0016747516747516748,,0.0016747516747516748,0.0016747516747516748,0.0005197505197505198,,,,
,,0.00282975282975283,,,,0.1521136521136521,,0.006294756294756294,0.1066066066066066,0.0005197505197505198,0.0016747516747516748,,0.01206976206976207,0.0005197505197505198,0.0005197505197505198,0.0005197505197505198,,0.0005197505197505198,,,,,0.0010972510972510972,0.00513975513975514,0.003407253407253407,,,,,,0.0010972510972510972,,,0.0328020328020328,0.0005197505197505198,,,0.0005197505197505198,0.0010972510972510972,0.0005197505197505198,0.0005197505197505198,0.02073227073227073,,0.594998844998845,,0.003984753984753985,0.0005197505197505198,0.0005197505197505198,0.004562254562254562,0.0022522522522522522,0.0005197505197505198,,,0.018999768999769,,,,,0.0022522522522522522,,0.010337260337260337,,,,0.0005197505197505198,0.0005197505197505198,,0.0022522522522522522,,0.0022522522522522522,0.00282975282975283,0.0005197505197505198,,,0.0005197505197505198,
,,0.00641025641025641,,,,0.16083391083391083,,0.011030261030261031,0.14916839916839916,,0.0017325017325017325,,0.02385077385077385,,0.001155001155001155,,,0.0005775005775005775,,,,,0.0017325017325017325,0.010452760452760453,0.00462000462000462,,,,,,,,,0.04077154077154077,,0.0005775005775005775,,,,0.0005775005775005775,0.0005775005775005775,0.023273273273273273,0.0005775005775005775,0.4935319935319935,,0.0028875028875028877,,,0.00641025641025641,0.001155001155001155,0.0005775005775005775,,,0.029106029106029108,,,,,0.001155001155001155,0.00231000231000231,0.010452760452760453,0.0005775005775005775,,,0.0005775005775005775,,,0.008142758142758142,,0.001155001155001155,0.003465003465003465,0.0005775005775005775,,,,
,,0.0028875028875028877,,,,0.17977592977592977,0.0017325017325017325,0.005197505197505198,0.15708015708015707,,0.0028875028875028877,,0.013917763917763918,0.0005775005775005775,,,,0.0005775005775005775,0.001155001155001155,,,,0.001155001155001155,0.00693000693000693,0.005197505197505198,,,,,,0.0005775005775005775,,0.0017325017325017325,0.05468930468930469,0.0005775005775005775,,,,,0.001155001155001155,0.0017325017325017325,0.021483021483021482,,0.4712404712404712,,0.001155001155001155,0.001155001155001155,,0.005775005775005775,0.0005775005775005775,0.0005775005775005775,,0.001155001155001155,0.023215523215523216,0.0005775005775005775,,,,0.00231000231000231,,0.014495264495264495,0.00231000231000231,,,0.0005775005775005775,0.0005775005775005775,,0.005197505197505198,,,0.0075075075075075074,0.0005775005775005775,,,,
0.0005775005775005775,,0.014553014553014554,,,,0.2010857010857011,,0.005197505197505198,0.1812774312774313,0.0040425040425040425,0.01744051744051744,,0.006987756987756988,0.0005775005775005775,,0.00231000231000231,,0.0005775005775005775,,,,,,0.005775005775005775,0.00231000231000231,,,,,,0.00231000231000231,,0.0028875028875028877,0.04544929544929545,,,,,0.0005775005775005775,0.001155001155001155,,0.025063525063525063,0.0005775005775005775,0.34667359667359665,,0.00462000462000462,0.0559020559020559,0.001155001155001155,0.007565257565257565,0.0005775005775005775,,,,0.019230769230769232,,,0.0005775005775005775,,0.00641025641025641,0.0028875028875028877,0.011030261030261031,0.001155001155001155,0.00231000231000231,,,0.0005775005775005775,,0.00641025641025641,,,0.012185262185262185,,,,,
0.0005775005775005775,,0.01848001848001848,,0.00231000231000231,0.001155001155001155,0.16493416493416493,,0.003465003465003465,0.113998613998614,0.01155001155001155,0.0040425040425040425,,0.02021252021252021,0.0028875028875028877,,0.001155001155001155,,0.0005775005775005775,0.001155001155001155,,,,,0.0075075075075075074,0.00462000462000462,,,,,,0.0028875028875028877,0.001155001155001155,0.0005775005775005775,0.028932778932778933,,,,0.0005775005775005775,,0.001155001155001155,,0.02489027489027489,,0.49630399630399613,,0.0028875028875028877,0.003465003465003465,0.005197505197505198,0.00231000231000231,0.005197505197505198,,,,0.02079002079002079,,,,,0.010395010395010396,0.00462000462000462,0.0028875028875028877,0.0028875028875028877,0.0028875028875028877,,,,0.0017325017325017325,0.0017325017325017325,,0.001155001155001155,0.015592515592515593,0.0005775005775005775,,0.0005775005775005775,,
0.0005775005775005775,,0.0005775005775005775,,0.0035227535227535228,0.0005775005775005775,0.1180988680988681,,0.004735504735504736,0.08905058905058905,0.008893508893508893,0.0041002541002541,,0.01183876183876184,0.002367752367752368,0.00589050589050589,,,0.001155001155001155,0.002367752367752368,,,,,0.004735504735504736,0.004735504735504736,,,,,,0.0035227535227535228,0.0005775005775005775,,0.027893277893277894,,,,,0.001155001155001155,0.0005775005775005775,,0.017787017787017786,,0.5880688380688381,,0.0035227535227535228,0.0017325017325017325,0.0017325017325017325,0.00589050589050589,0.0005775005775005775,,,,0.03320628320628321,0.002945252945252945,,,,0.005313005313005313,0.006525756525756526,0.0041002541002541,0.0035227535227535228,0.0041002541002541,,,0.0005775005775005775,0.001155001155001155,0.0041002541002541,,0.001155001155001155,0.012416262416262416,0.001155001155001155,,0.001155001155001155,0.0005775005775005775,0.0017325017325017325
0.0005775005775005775,,0.004677754677754678,,0.001155001155001155,0.0005775005775005775,0.12133287133287134,,0.0070455070455070455,0.08483483483483484,0.0017325017325017325,0.0017325017325017325,,0.007623007623007623,0.00231000231000231,0.002945252945252945,0.0041002541002541,,0.001155001155001155,0.0005775005775005775,,,,,0.005255255255255256,0.0041002541002541,,,,,,0.002945252945252945,,0.001155001155001155,0.02234927234927235,,,,,,,,0.017036267036267035,,0.625028875028875,,0.00231000231000231,0.002945252945252945,0.001155001155001155,0.002945252945252945,0.001155001155001155,,,,0.020616770616770617,0.0082005082005082,,0.0005775005775005775,,0.0017325017325017325,0.002945252945252945,0.009990759990759992,0.00589050589050589,0.0005775005775005775,,,0.0005775005775005775,0.0005775005775005775,0.002945252945252945,,,0.010568260568260568,0.0005775005775005775,,0.0005775005775005775,0.001155001155001155,0.0017325017325017325
,,0.0045045045045045045,0.0005197505197505198,,,0.1627974127974128,,0.005024255024255024,0.16672441672441674,,0.0016747516747516748,,0.014033264033264034,,0.0005197505197505198,0.0016747516747516748,,0.0010972510972510972,,,,,0.0005197505197505198,0.007276507276507277,0.002772002772002772,,,,,,0.003927003927003927,,0.0005197505197505198,0.04054054054054054,,,,,,,0.0005197505197505198,0.02027027027027027,0.0005197505197505198,0.48781473781473783,,0.0010972510972510972,0.0010972510972510972,,0.006756756756756757,0.0005197505197505198,,,,0.024197274197274198,0.0010972510972510972,,,,0.0016747516747516748,0.0010972510972510972,0.02027027027027027,0.002772002772002772,0.0016747516747516748,,,0.002772002772002772,,0.005601755601755602,,,0.005601755601755602,,,,,0.0005197505197505198
,,0.0033495033495033496,,0.0005197505197505198,,0.15407715407715408,,0.0045045045045045045,0.14166089166089166,,0.0033495033495033496,,0.015188265188265188,,0.002772002772002772,0.0010972510972510972,,0.0016747516747516748,,,,,,0.003927003927003927,0.003927003927003927,,,,,,0.0016747516747516748,0.0022522522522522522,0.0005197505197505198,0.04233079233079233,,,,,,0.0016747516747516748,0.0005197505197505198,0.01917301917301917,,0.5393855393855395,,0.0022522522522522522,0.0022522522522522522,,0.005024255024255024,0.0005197505197505198,,,0.0005197505197505198,0.018018018018018018,,0.0005197505197505198,,0.0005197505197505198,0.0005197505197505198,0.0016747516747516748,0.010683760683760684,0.0033495033495033496,,,,0.0010972510972510972,,0.0022522522522522522,,0.0010972510972510972,0.005601755601755602,,,,,0.0005197505197505198
,,0.0021945021945021944,,,,0.15892815892815892,,0.005024255024255024,0.12647262647262647,0.0010972510972510972,0.002772002772002772,,0.008951258951258952,,0.0033495033495033496,0.0010972510972510972,0.0005197505197505198,0.0005197505197505198,,,,,,0.002772002772002772,0.004446754446754447,,,,,,0.0010972510972510972,,,0.043601293601293604,,,,,,0.0005197505197505198,0.0005197505197505198,0.014495264495264495,,0.5279510279510279,,0.0033495033495033496,0.0033495033495033496,0.0005197505197505198,0.0038692538692538694,0.0038692538692538694,,,0.0005197505197505198,0.027373527373527374,0.0033495033495033496,,,,0.0016747516747516748,0.0010972510972510972,0.03580503580503581,0.0033495033495033496,,,,,,0.0016747516747516748,,,0.0038692538692538694,,,,,
,,0.003407253407253407,0.0005197505197505198,0.0005197505197505198,,0.18855393855393857,0.0005197505197505198,0.00513975513975514,0.13767613767613768,0.0005197505197505198,0.003407253407253407,,0.012531762531762532,,0.0010972510972510972,0.0016747516747516748,,0.0005197505197505198,,,,,,0.003984753984753985,0.00282975282975283,,,,,,0.0010972510972510972,,,0.034823284823284825,,,,0.0005197505197505198,,,,0.05595980595980596,,0.4555902055902056,0.0022522522522522522,0.0005197505197505198,0.004562254562254562,0.0016747516747516748,0.006814506814506814,0.006237006237006237,,,,0.031416031416031415,0.0005197505197505198,,,,0.003984753984753985,0.0022522522522522522,0.013686763686763687,0.003407253407253407,,,,0.0005197505197505198,0.0005197505197505198,0.003407253407253407,,0.0010972510972510972,0.006237006237006237,,,,,
,,0.0028875028875028877,,,,0.17914067914067913,,0.0028875028875028877,0.12098637098637098,0.0005775005775005775,0.0028875028875028877,,0.030203280203280204,0.005197505197505198,0.003465003465003465,0.0017325017325017325,0.0005775005775005775,0.0005775005775005775,,,,,,0.00231000231000231,0.00872025872025872,,,,,,0.0028875028875028877,,0.001155001155001155,0.027315777315777317,,,,,,,,0.027893277893277894,0.0005775005775005775,0.47597597597597596,,0.00231000231000231,0.010452760452760453,0.0028875028875028877,0.010452760452760453,0.0017325017325017325,,,,0.03719103719103719,0.0017325017325017325,,,,0.0040425040425040425,0.001155001155001155,0.0075075075075075074,0.00231000231000231,,,0.0017325017325017325,0.0005775005775005775,0.0005775005775005775,0.005197505197505198,,0.0017325017325017325,0.00872025872025872,0.0017325017325017325,,,,
,,0.004793254793254793,,0.0005775005775005775,,0.12121737121737122,,0.002367752367752368,0.08177408177408177,,0.005428505428505428,,0.02177177177177177,0.001155001155001155,0.0005775005775005775,0.0017902517902517903,0.0005775005775005775,0.001155001155001155,,0.0005775005775005775,,,,0.006006006006006006,0.004793254793254793,,,,,,0.004215754215754216,,0.0005775005775005775,0.022984522984522984,,,,0.0035805035805035806,0.0005775005775005775,,,0.016343266343266345,,0.6116886116886118,,,0.006006006006006006,0.0005775005775005775,0.01206976206976207,0.0017902517902517903,,,,0.02847077847077847,0.0005775005775005775,,,,0.005428505428505428,0.0017902517902517903,0.006006006006006006,0.003003003003003003,0.0035805035805035806,,0.0035805035805035806,,0.0005775005775005775,0.004215754215754216,,0.0017902517902517903,0.005428505428505428,0.0005775005775005775,,,,
,,0.005948255948255948,,,,0.19727419727419726,,0.002945252945252945,0.15361515361515363,,0.002945252945252945,,0.011954261954261955,0.002367752367752368,0.002367752367752368,0.002367752367752368,,0.0005775005775005775,0.0005775005775005775,,,,0.0017902517902517903,0.013744513744513744,0.006525756525756526,,,,,,0.002945252945252945,,0.0017902517902517903,0.04781704781704782,,,,,,0.0017902517902517903,,0.019115269115269114,,0.4417879417879418,,0.004735504735504736,0.0035805035805035806,0.001155001155001155,0.0053707553707553705,0.004158004158004158,,,,0.017902517902517904,,,,,0.002367752367752368,0.002945252945252945,0.015534765534765535,0.0005775005775005775,0.0017902517902517903,,,0.001155001155001155,,0.014322014322014322,,,0.004158004158004158,,,,,
,,0.008142758142758142,,0.0012127512127512127,,0.16753291753291752,,0.001848001848001848,0.1731924231924232,,0.004389004389004389,,0.01824901824901825,0.0005775005775005775,0.004389004389004389,0.001848001848001848,,0.0005775005775005775,0.0005775005775005775,,0.0005775005775005775,,0.005024255024255024,0.00565950565950566,0.008778008778008778,,,,,,0.0012127512127512127,,0.0012127512127512127,0.0446985446985447,,,0.0005775005775005775,,0.002483252483252483,0.0012127512127512127,,0.035227535227535224,,0.4287941787941787,,0.0037537537537537537,0.001848001848001848,,0.013224763224763224,0.0012127512127512127,,,0.001848001848001848,0.03903903903903904,,,,,0.0012127512127512127,0.0012127512127512127,0.0075075075075075074,,,,,0.0012127512127512127,0.0005775005775005775,0.00565950565950566,,,0.0031185031185031187,0.0005775005775005775,,,,
,,0.007796257796257797,,0.0005775005775005775,,0.1841071841071841,,0.004793254793254793,0.13553938553938555,0.0005775005775005775,0.0035805035805035806,,0.014957264957264958,0.0005775005775005775,0.002945252945252945,0.0017902517902517903,0.0005775005775005775,0.0005775005775005775,,,0.001155001155001155,,,0.0035805035805035806,0.002945252945252945,,0.0005775005775005775,,,,0.0005775005775005775,,0.0035805035805035806,0.044987294987294986,,,0.001155001155001155,0.0005775005775005775,0.001155001155001155,,,0.020963270963270962,,0.4785747285747285,,0.002367752367752368,,0.0005775005775005775,0.007796257796257797,0.002367752367752368,,,,0.025179025179025177,0.001155001155001155,,,,0.0005775005775005775,,0.020385770385770385,0.004158004158004158,0.0017902517902517903,,0.0005775005775005775,0.001155001155001155,,0.008951258951258952,,,0.002945252945252945,0.0017902517902517903,,,,
,,0.004735504735504736,,,0.001155001155001155,0.18185493185493184,,0.0035227535227535228,0.1431046431046431,,0.0017325017325017325,,0.022060522060522062,,,0.0017325017325017325,,,,,,,,0.013109263109263108,0.002945252945252945,,,,,,0.0005775005775005775,,,0.041695541695541696,,,,,,,,0.02564102564102564,,0.49572649572649574,,0.002367752367752368,0.002367752367752368,,0.0035227535227535228,0.001155001155001155,,0.0005775005775005775,,0.020847770847770848,0.0005775005775005775,,,,0.001155001155001155,0.002945252945252945,0.010683760683760684,0.002367752367752368,,,,,,0.007738507738507739,,,0.0035227535227535228,0.0005775005775005775,,,,
,,0.0017902517902517903,,,,0.20045045045045046,,0.004215754215754216,0.1811041811041811,,0.002367752367752368,,0.017556017556017555,0.0005775005775005775,,0.001155001155001155,,0.0005775005775005775,0.003003003003003003,,,0.0005775005775005775,,0.01027951027951028,0.006006006006006006,,,,,,,0.0005775005775005775,0.002367752367752368,0.046026796026796025,,0.001155001155001155,,,,,0.0005775005775005775,0.03026103026103026,,0.4063871563871564,,0.003003003003003003,0.002367752367752368,0.001155001155001155,0.013282513282513283,0.004793254793254793,,0.0005775005775005775,,0.029625779625779627,,,,,0.001155001155001155,0.002367752367752368,0.009066759066759066,0.001155001155001155,0.005428505428505428,,,,,0.006641256641256641,,,0.002367752367752368,,,,,
,,0.003060753060753061,,,,0.1764841764841765,,0.0024255024255024253,0.11498036498036499,0.00796950796950797,0.0024255024255024253,,0.031935781935781934,0.0005775005775005775,,,,0.0005775005775005775,0.003060753060753061,,,,,0.00796950796950797,0.006756756756756757,,0.0012127512127512127,,,,,0.0005775005775005775,0.0012127512127512127,0.027662277662277662,,,,0.0012127512127512127,,0.0005775005775005775,,0.021483021483021482,0.0005775005775005775,0.4794409794409794,,0.011030261030261031,0.004273504273504274,0.0049087549087549085,0.010452760452760453,0.003060753060753061,,,,0.03869253869253869,,,,,0.0012127512127512127,0.007334257334257334,0.004273504273504274,,0.005486255486255486,,,,,0.012878262878262879,,,0.0036382536382536385,,,0.0005775005775005775,,
,,0.002483252483252483,,,,0.11382536382536383,,0.001848001848001848,0.08004158004158005,0.002483252483252483,0.002483252483252483,,0.019346269346269346,0.0005775005775005775,0.0037537537537537537,,0.0012127512127512127,0.0005775005775005775,,,,,,0.005601755601755602,0.0031185031185031187,,0.002483252483252483,,,,,0.0012127512127512127,0.0005775005775005775,0.023735273735273735,0.0005775005775005775,,,0.0012127512127512127,0.0005775005775005775,0.0012127512127512127,,0.015015015015015015,,0.6245091245091244,,0.004966504966504966,0.001848001848001848,0.002483252483252483,0.004966504966504966,0.0031185031185031187,,,,0.03003003003003003,0.002483252483252483,,0.0037537537537537537,,0.0012127512127512127,0.008085008085008085,0.006237006237006237,0.0037537537537537537,0.004331254331254331,,,,,0.01183876183876184,,0.0005775005775005775,0.001848001848001848,,,,,
,,0.0019057519057519058,,,,0.17457842457842457,,0.003234003234003234,0.14656964656964658,,0.002598752598752599,,0.016285516285516284,,0.0006352506352506353,,,,0.0006352506352506353,,,,0.0012705012705012705,0.005197505197505198,0.0038692538692538694,,,,,,,,0.0006352506352506353,0.06514206514206514,,,0.0006352506352506353,0.002598752598752599,0.0006352506352506353,0.0006352506352506353,,0.02211827211827212,,0.48209748209748204,,,0.005197505197505198,,0.0038692538692538694,0.0012705012705012705,,,,0.02927927927927928,0.0012705012705012705,,,,0.0006352506352506353,0.0006352506352506353,0.00975975975975976,0.008431508431508432,0.0006352506352506353,,,0.0006352506352506353,,0.005197505197505198,,,0.0019057519057519058,,,,,
,,0.003060753060753061,,0.0005775005775005775,,0.14154539154539156,,0.003060753060753061,0.14524139524139523,,0.0024255024255024253,,0.019115269115269114,0.0012127512127512127,0.001848001848001848,0.0012127512127512127,,0.0005775005775005775,0.0005775005775005775,0.001848001848001848,,,0.0005775005775005775,0.00924000924000924,0.0049087549087549085,,,,,,,,0.0012127512127512127,0.06179256179256179,,,,,,,,0.023446523446523447,,0.5109147609147608,,0.0024255024255024253,0.0012127512127512127,0.0005775005775005775,0.005544005544005544,0.0012127512127512127,0.0005775005775005775,,,0.03147378147378147,,,,,0.0005775005775005775,,0.005544005544005544,0.004273504273504274,0.0012127512127512127,,0.0012127512127512127,0.0024255024255024253,,0.0049087549087549085,,,0.001848001848001848,,0.0005775005775005775,,,
,,0.004158004158004158,,,,0.16574266574266575,,0.002945252945252945,0.14015939015939016,,0.004158004158004158,,0.019577269577269577,0.0017325017325017325,0.005313005313005313,0.0035227535227535228,,,,,,,,0.009471009471009472,0.004735504735504736,,,,,,,,0.0005775005775005775,0.046893046893046894,,,0.0005775005775005775,,,,0.0005775005775005775,0.02252252252252252,,0.4933587433587433,,0.002367752367752368,0.0017325017325017325,,0.002945252945252945,,,,,0.02494802494802495,,,0.0005775005775005775,,0.002367752367752368,,0.014841764841764842,0.006525756525756526,0.0017325017325017325,,0.0005775005775005775,0.001155001155001155,,0.010048510048510048,,,0.004158004158004158,,,,,
,,0.0017902517902517903,,,,0.17215292215292216,,0.002945252945252945,0.17873642873642873,,0.002367752367752368,,0.024486024486024487,0.0005775005775005775,0.0017902517902517903,0.0017902517902517903,,,,,,,,0.013744513744513744,0.007161007161007161,,,,,,,,,0.04539154539154539,,,,0.0005775005775005775,,,,0.019115269115269114,,0.44819819819819817,,0.001155001155001155,0.0035805035805035806,,0.025063525063525063,,,,,0.01969276969276969,0.0005775005775005775,,,,0.0017902517902517903,0.001155001155001155,0.014322014322014322,0.0017902517902517903,,,,0.0005775005775005775,0.0005775005775005775,0.004735504735504736,,,0.004158004158004158,,,,,
,,0.006006006006006006,0.001155001155001155,,,0.18676368676368676,,0.0017902517902517903,0.1916146916146916,0.003003003003003003,0.002367752367752368,,0.016227766227766227,0.001155001155001155,0.002367752367752368,0.002367752367752368,,,,,0.001155001155001155,,,0.014437514437514438,0.0035805035805035806,,,,,,,,0.0005775005775005775,0.047586047586047585,0.0005775005775005775,,0.0005775005775005775,,0.0005775005775005775,0.0005775005775005775,,0.024659274659274658,,0.41787941787941785,,0.002367752367752368,0.0017902517902517903,0.0005775005775005775,0.0107992607992608,0.003003003003003003,,,,0.02408177408177408,0.0005775005775005775,0.0005775005775005775,,,0.004215754215754216,0.001155001155001155,0.010221760221760221,0.001155001155001155,0.002367752367752368,,,,,0.004793254793254793,,,0.002367752367752368,0.0005775005775005775,,,,0.002367752367752368
,,0.0049087549087549085,0.0012127512127512127,,,0.16216216216216217,,0.004331254331254331,0.13802263802263803,0.0024255024255024253,0.0061792561792561795,,0.04827904827904828,0.0012127512127512127,,0.0024255024255024253,0.0005775005775005775,,,,,,0.0005775005775005775,0.011088011088011088,0.004331254331254331,,,,,,0.0005775005775005775,,,0.03465003465003465,0.0012127512127512127,,,,0.0012127512127512127,,,0.022233772233772233,,0.43462693462693447,,0.0061792561792561795,0.003696003696003696,0.0005775005775005775,0.010510510510510511,0.0024255024255024253,,,,0.05751905751905752,0.0012127512127512127,,,,0.014206514206514207,0.0005775005775005775,0.004331254331254331,0.0005775005775005775,0.004331254331254331,,,,,0.004331254331254331,0.0005775005775005775,0.0005775005775005775,0.005544005544005544,,,,,0.0005775005775005775
,,0.006641256641256641,0.0012127512127512127,,,0.11417186417186417,,0.007276507276507277,0.08136983136983136,0.0005775005775005775,0.004215754215754216,,0.02489027489027489,0.0017902517902517903,,0.0024255024255024253,,,,,,,,0.003003003003003003,0.005428505428505428,,,0.0005775005775005775,,,0.0012127512127512127,,0.0012127512127512127,0.02489027489027489,0.0005775005775005775,,,,0.0012127512127512127,,,0.014553014553014554,,0.617001617001617,,0.005428505428505428,0.0017902517902517903,,0.013917763917763918,,,,0.0005775005775005775,0.024255024255024255,0.0024255024255024253,0.0005775005775005775,,,0.0024255024255024253,0.003003003003003003,0.01027951027951028,0.0017902517902517903,0.0005775005775005775,,0.0005775005775005775,0.0036382536382536385,,0.009066759066759066,,,0.004215754215754216,,,,,0.0012127512127512127
,,0.005428505428505428,,,,0.1760799260799261,,0.007854007854007854,0.12445137445137446,0.0005775005775005775,0.003003003003003003,,0.014553014553014554,0.0017902517902517903,0.006063756063756064,0.0024255024255024253,,,0.0005775005775005775,,,,,0.004851004851004851,0.006063756063756064,,,,,,0.0005775005775005775,,0.0012127512127512127,0.03701778701778702,0.0005775005775005775,,,,,0.0005775005775005775,0.0005775005775005775,0.02367752367752368,,0.5186532686532686,,0.004215754215754216,0.0012127512127512127,0.0005775005775005775,0.01027951027951028,,,,,0.01697851697851698,0.0024255024255024253,,,,0.0012127512127512127,0.0012127512127512127,0.01027951027951028,0.0012127512127512127,,,0.0005775005775005775,0.0005775005775005775,,0.004215754215754216,,,0.006641256641256641,0.0017902517902517903,,,,
,,0.003696003696003696,,0.0005775005775005775,,0.1571956571956572,,0.0061792561792561795,0.16897666897666896,0.001848001848001848,0.005544005544005544,,0.014206514206514207,0.0012127512127512127,0.001848001848001848,0.003696003696003696,,,,,,,,0.011723261723261724,0.004331254331254331,,,,,,0.0012127512127512127,,0.0005775005775005775,0.04885654885654886,,,,0.0005775005775005775,,0.0005775005775005775,,0.023504273504273504,,0.45934395934395933,,0.005544005544005544,0.0024255024255024253,0.0012127512127512127,0.00924000924000924,0.0005775005775005775,,,0.0012127512127512127,0.0272002772002772,0.0012127512127512127,,,,0.001848001848001848,0.001848001848001848,0.013571263571263571,0.003696003696003696,0.0012127512127512127,,,0.0012127512127512127,,0.009875259875259876,,,0.0012127512127512127,0.0012127512127512127,,,,
,,0.0049087549087549085,,,,0.19236544236544237,,0.0024255024255024253,0.16268191268191268,,0.001848001848001848,,0.014841764841764842,0.0024255024255024253,0.001848001848001848,0.003696003696003696,,,,,,,,0.010510510510510511,0.003060753060753061,,,,,,0.0012127512127512127,,0.0012127512127512127,0.04700854700854701,,,,0.0005775005775005775,0.0005775005775005775,,,0.021021021021021023,,0.4353776853776854,0.0012127512127512127,0.005544005544005544,0.001848001848001848,0.0012127512127512127,0.008604758604758605,,,,,0.024717024717024718,0.001848001848001848,,,,0.001848001848001848,0.0012127512127512127,0.012936012936012936,0.008027258027258028,0.004273504273504274,,,0.0012127512127512127,,0.003696003696003696,,,0.012358512358512359,0.001848001848001848,,,,
,,0.009990759990759992,,,,0.1904019404019404,,0.002483252483252483,0.18791868791868793,0.0005775005775005775,0.0031185031185031187,,0.00872025872025872,0.0012127512127512127,0.002483252483252483,0.0012127512127512127,,0.0005775005775005775,,,,,,0.00872025872025872,0.004966504966504966,,,,,,0.0012127512127512127,,0.0005775005775005775,0.044294294294294295,,,,0.0005775005775005775,0.0005775005775005775,0.001848001848001848,,0.03054978054978055,,0.38906213906213905,,0.008085008085008085,0.0005775005775005775,,0.029337029337029336,,,,,0.018711018711018712,0.0012127512127512127,,,,0.0012127512127512127,0.001848001848001848,0.00872025872025872,0.00872025872025872,0.001848001848001848,,,0.002483252483252483,,0.00872025872025872,,,0.016227766227766227,0.0012127512127512127,,,,
,,0.004273504273504274,,,,0.20172095172095172,,0.006121506121506122,0.21777546777546777,0.0012127512127512127,0.0024255024255024253,,0.010452760452760453,,0.0005775005775005775,0.0012127512127512127,,0.0005775005775005775,,,,,,0.007392007392007392,0.003060753060753061,,,,,,0.0012127512127512127,,0.001848001848001848,0.039443289443289446,0.0024255024255024253,0.0005775005775005775,,0.0005775005775005775,0.0024255024255024253,0.0012127512127512127,0.0012127512127512127,0.031416031416031415,,0.3521598521598521,,0.005544005544005544,0.0024255024255024253,0.0005775005775005775,0.02772002772002772,0.006756756756756757,,,,0.01969276969276969,0.0012127512127512127,,,,0.0005775005775005775,0.001848001848001848,0.003060753060753061,0.011088011088011088,0.005544005544005544,,,0.001848001848001848,0.0005775005775005775,0.00796950796950797,,0.0005775005775005775,0.011088011088011088,0.0005775005775005775,,,,
,,0.004215754215754216,,0.0024255024255024253,,0.17301917301917302,,0.004851004851004851,0.14316239316239315,0.0012127512127512127,0.005428505428505428,,0.017036267036267035,,0.0024255024255024253,0.0017902517902517903,,0.0005775005775005775,0.0012127512127512127,,,,,0.009124509124509125,0.007276507276507277,,,,,0.0005775005775005775,0.0017902517902517903,,0.0036382536382536385,0.033495033495033494,,0.0005775005775005775,,0.0017902517902517903,0.004851004851004851,0.0012127512127512127,0.0005775005775005775,0.02494802494802495,,0.45951720951720954,,0.0036382536382536385,0.0012127512127512127,0.0005775005775005775,0.010914760914760915,0.003003003003003003,,,0.0005775005775005775,0.02494802494802495,0.0024255024255024253,0.0005775005775005775,,,0.0005775005775005775,0.005428505428505428,0.007276507276507277,0.006699006699006699,0.003003003003003003,,,0.0012127512127512127,,0.004215754215754216,,,0.0164010164010164,0.0005775005775005775,,,,
,,0.004851004851004851,,0.0012127512127512127,,0.13305613305613306,0.0005775005775005775,0.0024255024255024253,0.08789558789558789,0.0005775005775005775,0.0024255024255024253,,0.01645876645876646,,0.003003003003003003,0.0005775005775005775,,0.0017902517902517903,0.0036382536382536385,,,,,0.007911757911757912,0.0036382536382536385,,,,,0.0005775005775005775,0.0012127512127512127,,0.0012127512127512127,0.018306768306768306,0.0005775005775005775,,,0.0017902517902517903,0.0024255024255024253,,,0.015246015246015246,0.0005775005775005775,0.6328251328251329,,0.0017902517902517903,0.0024255024255024253,0.0012127512127512127,0.004215754215754216,0.0036382536382536385,,,,0.014033264033264034,0.0024255024255024253,0.0005775005775005775,,,,0.0024255024255024253,0.0012127512127512127,0.005486255486255486,0.0024255024255024253,,,0.0012127512127512127,,0.0036382536382536385,,,0.006699006699006699,0.0017902517902517903,,,,
0.0005775005775005775,,0.004793254793254793,,,,0.17862092862092863,,0.007161007161007161,0.14264264264264265,,0.002367752367752368,,0.017382767382767384,0.001155001155001155,,0.001155001155001155,,0.0017902517902517903,,0.0005775005775005775,,,0.0005775005775005775,0.007161007161007161,0.0053707553707553705,,,,,,0.001155001155001155,,0.001155001155001155,0.03592053592053592,,,,0.001155001155001155,,,,0.02333102333102333,,0.5005197505197505,,0.0017902517902517903,0.002945252945252945,0.001155001155001155,0.007738507738507739,,,,,0.025756525756525758,,0.0005775005775005775,,,0.0005775005775005775,0.0005775005775005775,0.010741510741510741,0.002945252945252945,0.0017902517902517903,,,0.001155001155001155,,0.0035805035805035806,,,0.002945252945252945,0.0005775005775005775,0.0005775005775005775,,,
0.0005775005775005775,,0.005313005313005313,,,,0.1664934164934165,,0.004735504735504736,0.16828366828366828,,0.002945252945252945,,0.018942018942018943,0.0005775005775005775,0.0017325017325017325,0.0005775005775005775,,0.001155001155001155,,0.0005775005775005775,,,,0.007103257103257103,0.0035227535227535228,,,,,,0.0017325017325017325,0.0005775005775005775,0.001155001155001155,0.03257103257103257,,,0.0005775005775005775,0.001155001155001155,0.0005775005775005775,,0.0005775005775005775,0.02367752367752368,,0.4983829983829984,0.0005775005775005775,0.0017325017325017325,0.0005775005775005775,0.002367752367752368,0.00589050589050589,,,,,0.020097020097020097,,,,,0.0005775005775005775,0.001155001155001155,0.012416262416262416,0.0017325017325017325,0.0005775005775005775,,,0.0017325017325017325,0.0005775005775005775,0.004735504735504736,,,0.0017325017325017325,,,,,
,,0.006006006006006006,,,,0.14241164241164242,,0.004158004158004158,0.16285516285516285,,0.007796257796257797,,0.009009009009009009,0.002367752367752368,0.0005775005775005775,0.0005775005775005775,,0.0017902517902517903,,,,,,0.006006006006006006,0.002367752367752368,,,,,,0.001155001155001155,0.0005775005775005775,,0.03782628782628782,,,0.001155001155001155,0.001155001155001155,,0.001155001155001155,0.0005775005775005775,0.020385770385770385,,0.5214252714252715,0.0005775005775005775,0.002367752367752368,0.006006006006006006,0.002367752367752368,0.007161007161007161,0.0005775005775005775,,,,0.01617001617001617,,,,,0.001155001155001155,0.002367752367752368,0.013802263802263803,0.003003003003003003,0.001155001155001155,,,0.0017902517902517903,0.0005775005775005775,0.003003003003003003,,,0.006583506583506584,,,,,
,,0.002367752367752368,,,,0.19525294525294526,,0.004158004158004158,0.19288519288519287,,0.004735504735504736,,0.010741510741510741,,,,,0.0005775005775005775,,,,,,0.007161007161007161,0.004158004158004158,,,,,,0.0017902517902517903,,,0.040713790713790714,0.0005775005775005775,,,0.001155001155001155,,,0.002367752367752368,0.02691152691152691,,0.41920766920766916,,0.002945252945252945,0.0035805035805035806,0.0005775005775005775,0.006583506583506584,,,,,0.028124278124278125,0.001155001155001155,0.0005775005775005775,,0.0005775005775005775,0.008373758373758373,,0.010164010164010164,0.002367752367752368,0.001155001155001155,,,0.001155001155001155,,0.010164010164010164,,,0.007738507738507739,,,,,
,,0.004677754677754678,,,,0.1987179487179487,0.001155001155001155,0.005313005313005313,0.20045045045045046,,0.002945252945252945,,0.01593901593901594,0.001155001155001155,0.002945252945252945,0.0005775005775005775,,0.0005775005775005775,,,0.0005775005775005775,,,0.008258258258258258,0.004677754677754678,,,,,,0.0005775005775005775,,,0.0313005313005313,,,,,,,0.00231000231000231,0.026565026565026566,,0.40136290136290154,,0.00231000231000231,0.0041002541002541,0.0041002541002541,0.00589050589050589,,0.0005775005775005775,,,0.024197274197274198,0.0017325017325017325,,,,0.006468006468006468,0.00231000231000231,0.012993762993762994,0.0070455070455070455,0.0005775005775005775,,,0.0017325017325017325,,0.008258258258258258,,,0.006468006468006468,0.001155001155001155,,,,
,,0.002367752367752368,,,,0.15315315315315314,0.0017902517902517903,0.006006006006006006,0.1392931392931393,,0.002367752367752368,,0.025179025179025177,0.0017902517902517903,,0.0017902517902517903,,0.0005775005775005775,0.001155001155001155,,,,,0.0053707553707553705,0.001155001155001155,,,,,,0.001155001155001155,,0.013167013167013167,0.025179025179025177,,,,,,0.001155001155001155,0.0017902517902517903,0.025814275814275815,,0.5043312543312544,,0.003003003003003003,0.003003003003003003,0.002367752367752368,0.012012012012012012,,,,,0.028182028182028182,0.001155001155001155,,,,0.004158004158004158,,0.0053707553707553705,0.002367752367752368,0.001155001155001155,,,0.002367752367752368,,0.004158004158004158,,0.0005775005775005775,0.013167013167013167,0.002367752367752368,,,,
,,0.004158004158004158,,,,0.14824439824439825,0.001155001155001155,0.004793254793254793,0.08460383460383461,,0.004158004158004158,,0.012589512589512589,0.0005775005775005775,,0.0005775005775005775,,0.0005775005775005775,,0.0005775005775005775,0.0005775005775005775,,,0.007796257796257797,0.004158004158004158,,,,,,0.0005775005775005775,,0.0005775005775005775,0.020385770385770385,0.001155001155001155,,,0.001155001155001155,0.0017902517902517903,0.0005775005775005775,,0.020963270963270962,,0.6168283668283667,,0.002367752367752368,0.0017902517902517903,0.0017902517902517903,0.004158004158004158,,,,,0.018595518595518595,0.004158004158004158,,,,0.004793254793254793,0.0005775005775005775,0.007161007161007161,0.0017902517902517903,,,,0.002367752367752368,,0.0053707553707553705,,,0.0053707553707553705,0.001155001155001155,,,,
,,0.007911757911757912,,,,0.18335643335643337,,0.0036382536382536385,0.1517094017094017,,0.003003003003003003,,0.013975513975513975,0.0024255024255024253,0.0005775005775005775,,,0.0005775005775005775,,,,,,0.00848925848925849,0.0017902517902517903,,,,,,,,0.0012127512127512127,0.028586278586278588,,,,,,,,0.015823515823515825,,0.5188265188265189,,0.005428505428505428,0.0036382536382536385,0.0005775005775005775,0.0036382536382536385,,,,,0.02437052437052437,0.003003003003003003,,,,0.0005775005775005775,0.0005775005775005775,0.007911757911757912,0.003003003003003003,,,,0.0012127512127512127,,0.003003003003003003,,,,0.0005775005775005775,,0.0005775005775005775,,
,,0.0017902517902517903,,,,0.19744744744744744,,0.004793254793254793,0.1714021714021714,,0.004793254793254793,,0.014495264495264495,0.0017902517902517903,0.0017902517902517903,0.001155001155001155,,0.001155001155001155,0.0005775005775005775,0.001155001155001155,,,,0.003003003003003003,0.002367752367752368,,,,,,,,0.0017902517902517903,0.027835527835527837,,,,0.001155001155001155,,0.0005775005775005775,,0.026622776622776623,,0.45310695310695315,,0.006006006006006006,0.004215754215754216,0.002367752367752368,0.007218757218757219,0.0005775005775005775,,,,0.019346269346269346,,,,,0.002367752367752368,0.003003003003003003,0.022407022407022407,0.006006006006006006,,,,0.001155001155001155,0.0005775005775005775,0.0035805035805035806,,,0.002367752367752368,,,,,
,,0.013455763455763456,,,0.0005775005775005775,0.18895818895818897,0.0017902517902517903,0.004851004851004851,0.16637791637791638,0.0024255024255024253,0.011607761607761608,,0.010395010395010396,0.003003003003003003,0.0024255024255024253,0.0005775005775005775,,,0.0017902517902517903,,,,,0.0036382536382536385,0.0024255024255024253,,,,,,0.0012127512127512127,,0.0012127512127512127,0.04158004158004158,,,,0.0005775005775005775,0.0005775005775005775,,,0.018306768306768306,,0.4286209286209286,,0.004851004851004851,0.007334257334257334,0.0005775005775005775,0.006063756063756064,0.0017902517902517903,,,0.0005775005775005775,0.02385077385077385,0.0005775005775005775,,,,0.003003003003003003,,0.018942018942018943,0.006063756063756064,0.0017902517902517903,,0.0005775005775005775,0.0024255024255024253,,0.0036382536382536385,,,0.010972510972510972,,0.0005775005775005775,,,
,,0.006063756063756064,,0.0005775005775005775,0.0012127512127512127,0.14951489951489952,,0.0017902517902517903,0.16297066297066298,0.007276507276507277,0.004851004851004851,,0.02130977130977131,0.003003003003003003,,,,0.0005775005775005775,0.0017902517902517903,,,,,0.01645876645876646,0.01461076461076461,,,,,,,,0.0024255024255024253,0.04452529452529452,0.0005775005775005775,,,0.0012127512127512127,,,,0.02437052437052437,0.0005775005775005775,0.387040887040887,,0.004851004851004851,0.007276507276507277,0.0005775005775005775,0.08668283668283669,0.0012127512127512127,,,,0.015823515823515825,,,,,0.0036382536382536385,0.0012127512127512127,0.012185262185262185,0.0017902517902517903,0.0005775005775005775,,0.0017902517902517903,0.0012127512127512127,,0.004851004851004851,,0.0017902517902517903,0.0005775005775005775,,,0.0012127512127512127,,
,,0.0017902517902517903,,,0.0005775005775005775,0.23486948486948486,,0.004273504273504274,0.142007392007392,,0.008604758604758605,,0.022695772695772696,0.0017902517902517903,0.0024255024255024253,,,0.0012127512127512127,0.0005775005775005775,,0.0017902517902517903,,,0.008604758604758605,0.0012127512127512127,,,,,,,,0.0024255024255024253,0.04544929544929545,,,,,,0.0012127512127512127,,0.028875028875028876,,0.41071841071841075,,0.007334257334257334,0.009817509817509817,,0.006121506121506122,0.003060753060753061,,,,0.021483021483021482,,,,,0.005486255486255486,0.003060753060753061,0.009182259182259182,0.0024255024255024253,0.0024255024255024253,,,0.0012127512127512127,0.0024255024255024253,0.003060753060753061,,0.0017902517902517903,,,,,,
,,0.0012127512127512127,,,,0.167013167013167,,0.004331254331254331,0.11446061446061447,,0.01183876183876184,,0.021887271887271888,0.001848001848001848,0.0005775005775005775,0.0005775005775005775,,0.0012127512127512127,0.0005775005775005775,,0.0012127512127512127,,,0.006872256872256872,0.0012127512127512127,,,,,,,,0.001848001848001848,0.03003003003003003,,0.0005775005775005775,,0.0012127512127512127,0.002483252483252483,0.001848001848001848,,0.023735273735273735,,0.5061792561792562,,0.0037537537537537537,0.010626010626010625,,0.010626010626010625,,,,,0.03436128436128436,,,,,0.0075075075075075074,0.004331254331254331,0.006872256872256872,0.001848001848001848,0.001848001848001848,,,0.0012127512127512127,0.002483252483252483,0.0012127512127512127,,0.0012127512127512127,0.009355509355509356,,,,,
,,0.0061792561792561795,,,,0.11532686532686533,,0.0024255024255024253,0.08125433125433125,,0.008662508662508662,,0.027258027258027256,0.0005775005775005775,,0.0005775005775005775,,0.0012127512127512127,0.0024255024255024253,0.0005775005775005775,0.0012127512127512127,,0.0005775005775005775,0.0049087549087549085,0.004331254331254331,,,,,,,,0.0012127512127512127,0.01917301917301917,,0.0005775005775005775,,0.0012127512127512127,0.001848001848001848,0.0012127512127512127,,0.027893277893277894,,0.6073573573573574,,0.006814506814506814,0.009297759297759297,0.0024255024255024253,0.005544005544005544,,,,0.0005775005775005775,0.021656271656271656,,,,,0.001848001848001848,0.003696003696003696,0.006814506814506814,0.0049087549087549085,0.0012127512127512127,,,0.0005775005775005775,0.001848001848001848,0.0012127512127512127,,,0.01178101178101178,0.0005775005775005775,,,,0.0012127512127512127
,,0.0036382536382536385,,,,0.20172095172095172,,0.004215754215754216,0.14275814275814275,,0.0024255024255024253,,0.019404019404019403,0.0024255024255024253,,,,0.0005775005775005775,0.0012127512127512127,,,,,0.005428505428505428,0.003003003003003003,,,,,,0.0017902517902517903,0.0024255024255024253,0.0012127512127512127,0.03644028644028644,,,,0.0005775005775005775,,,,0.015765765765765764,,0.5036960036960036,,0.004215754215754216,0.0017902517902517903,0.0005775005775005775,0.0036382536382536385,0.0005775005775005775,,,,0.015765765765765764,,,,,0.0024255024255024253,0.0005775005775005775,0.007276507276507277,0.004851004851004851,0.0005775005775005775,,,0.003003003003003003,,0.0017902517902517903,,,0.004215754215754216,,,,,
,,0.006063756063756064,,,,0.16914991914991914,,0.0017902517902517903,0.15453915453915454,,0.003003003003003003,,0.01155001155001155,0.0024255024255024253,0.007276507276507277,,,,0.0005775005775005775,0.0005775005775005775,,,0.0017902517902517903,0.010337260337260337,0.0012127512127512127,,,,,,,0.0017902517902517903,0.0012127512127512127,0.026738276738276737,0.0012127512127512127,,,0.0005775005775005775,,0.0012127512127512127,,0.017036267036267035,,0.47020097020097007,,0.00848925848925849,0.0012127512127512127,0.0005775005775005775,0.00848925848925849,,,,,0.024312774312774312,,,,0.0012127512127512127,0.0005775005775005775,0.0017902517902517903,0.01334026334026334,0.007854007854007854,0.0024255024255024253,,,0.021887271887271888,,0.009124509124509125,,0.0012127512127512127,0.004851004851004851,0.0017902517902517903,0.0005775005775005775,,,
,,0.004215754215754216,,,,0.16984291984291985,,0.003003003003003003,0.14991914991914992,,0.0017902517902517903,,0.01692076692076692,0.001155001155001155,0.0035805035805035806,0.0005775005775005775,,,0.0005775005775005775,,,,,0.009066759066759066,0.006006006006006006,,,,,,0.001155001155001155,0.001155001155001155,,0.03441903441903442,0.0005775005775005775,,,,,,,0.02234927234927235,,0.4993069993069993,0.0005775005775005775,0.004215754215754216,0.004215754215754216,,0.010857010857010857,0.0005775005775005775,,,0.0005775005775005775,0.019923769923769923,0.0005775005775005775,,,,0.002367752367752368,0.0005775005775005775,0.010857010857010857,0.008431508431508432,0.0005775005775005775,,,0.001155001155001155,,0.004793254793254793,,,0.002367752367752368,0.001155001155001155,0.0005775005775005775,,,
,,0.00848925848925849,,0.0005775005775005775,,0.1882074382074382,,0.0005775005775005775,0.1342111342111342,0.0005775005775005775,0.0024255024255024253,,0.01513051513051513,0.0012127512127512127,,,0.0005775005775005775,,0.0017902517902517903,0.0024255024255024253,0.0005775005775005775,,,0.004851004851004851,0.007276507276507277,,,,,,,,0.0017902517902517903,0.04007854007854008,,,,0.0005775005775005775,0.0005775005775005775,,0.0005775005775005775,0.028528528528528527,,0.4792099792099791,,0.0036382536382536385,0.004215754215754216,,0.006641256641256641,0.0005775005775005775,,,,0.02489027489027489,0.0017902517902517903,,,,0.0017902517902517903,0.0005775005775005775,0.019404019404019403,0.005428505428505428,,,,0.0017902517902517903,,0.003003003003003003,,,0.004215754215754216,0.0017902517902517903,,,,
,,0.008431508431508432,,0.001155001155001155,,0.16164241164241164,0.0005775005775005775,0.004215754215754216,0.17192192192192193,,0.006583506583506584,,0.01386001386001386,0.002367752367752368,,,,,0.003003003003003003,0.001155001155001155,0.0005775005775005775,,,0.005428505428505428,0.0017902517902517903,,,,,,,0.0005775005775005775,0.001155001155001155,0.03493878493878494,,,,0.0017902517902517903,0.005428505428505428,,0.001155001155001155,0.02229152229152229,,0.487063987063987,,0.001155001155001155,0.012012012012012012,,0.004215754215754216,0.0005775005775005775,0.0005775005775005775,,,0.015072765072765074,0.0017902517902517903,,,,0.0005775005775005775,0.002367752367752368,0.008431508431508432,0.004793254793254793,0.0017902517902517903,,,0.0005775005775005775,,0.0035805035805035806,,,0.004215754215754216,0.001155001155001155,,,,
,,0.004273504273504274,,,,0.14807114807114807,0.0005775005775005775,0.005486255486255486,0.129013629013629,0.0036382536382536385,0.009182259182259182,,0.030087780087780087,0.0017902517902517903,0.0012127512127512127,,0.0005775005775005775,,0.003060753060753061,0.0017902517902517903,0.0005775005775005775,,0.0005775005775005775,0.003060753060753061,0.0024255024255024253,,,,,,0.0005775005775005775,,0.010395010395010396,0.031935781935781934,0.0024255024255024253,,,0.0024255024255024253,0.0049087549087549085,0.0017902517902517903,0.0017902517902517903,0.01593901593901594,,0.5042735042735043,,0.0049087549087549085,0.010395010395010396,,0.009182259182259182,,,,,0.017787017787017786,0.0005775005775005775,,,,0.004273504273504274,0.0017902517902517903,0.011030261030261031,0.0012127512127512127,0.0036382536382536385,,,0.0017902517902517903,,0.005486255486255486,,,0.004273504273504274,0.0017902517902517903,,,,
,,0.0024255024255024253,,,,0.09638484638484639,,0.005486255486255486,0.08541233541233541,0.0012127512127512127,0.009124509124509125,,0.02130977130977131,0.0005775005775005775,,0.0005775005775005775,,0.0005775005775005775,0.009124509124509125,,0.0005775005775005775,,,0.0036382536382536385,0.004851004851004851,,,,,,0.0005775005775005775,,0.0024255024255024253,0.01645876645876646,0.0017902517902517903,,,0.003003003003003003,0.0017902517902517903,0.0005775005775005775,0.0024255024255024253,0.021945021945021945,,0.651998151998152,,0.006699006699006699,0.007911757911757912,,0.0017902517902517903,,,,,0.015246015246015246,0.0005775005775005775,0.0005775005775005775,,,0.0005775005775005775,0.0036382536382536385,0.006699006699006699,0.0024255024255024253,0.0017902517902517903,,,0.0017902517902517903,,0.0036382536382536385,,,0.0017902517902517903,0.0005775005775005775,,,,
,,0.007796257796257797,,,,0.12485562485562486,,0.004215754215754216,0.12427812427812428,,0.0017902517902517903,,0.012647262647262647,0.0017902517902517903,,,,,0.004215754215754216,0.0005775005775005775,,,0.001155001155001155,0.004215754215754216,0.0005775005775005775,,,,,,0.001155001155001155,,0.001155001155001155,0.04822129822129822,,,,,0.0005775005775005775,,,0.01565026565026565,,0.591995841995842,,0.0035805035805035806,0.001155001155001155,,0.003003003003003003,0.0005775005775005775,,,0.0005775005775005775,0.012647262647262647,0.001155001155001155,0.0005775005775005775,,,0.002367752367752368,0.0005775005775005775,0.012012012012012012,0.003003003003003003,0.001155001155001155,,,0.0005775005775005775,,0.004215754215754216,,,0.0035805035805035806,0.0005775005775005775,0.0017902517902517903,,,
,,0.010221760221760221,,,,0.13992838992838993,,0.001155001155001155,0.12006237006237007,,0.002367752367752368,,0.008431508431508432,0.001155001155001155,,0.0005775005775005775,,,0.0005775005775005775,,,,0.0005775005775005775,0.0035805035805035806,0.002367752367752368,,,,,,0.0005775005775005775,,0.0005775005775005775,0.044005544005544,,,,0.0005775005775005775,0.0005775005775005775,,,0.016285516285516284,,0.5949410949410949,,0.0035805035805035806,0.002367752367752368,,0.0035805035805035806,0.0005775005775005775,,,,0.008431508431508432,0.0017902517902517903,,,,0.0005775005775005775,0.0005775005775005775,0.018075768075768075,0.003003003003003003,0.0005775005775005775,,,0.0005775005775005775,,0.004793254793254793,,,0.0017902517902517903,0.001155001155001155,,,,
,,0.006699006699006699,,,,0.1468006468006468,,0.0005775005775005775,0.13097713097713098,0.0005775005775005775,0.004851004851004851,,0.010337260337260337,0.0005775005775005775,0.0005775005775005775,0.0005775005775005775,,,0.0005775005775005775,0.0005775005775005775,,,,0.004215754215754216,0.0017902517902517903,,,,,,0.0012127512127512127,,0.0005775005775005775,0.03834603834603834,,,,,,,,0.01824901824901825,,0.59020559020559,,0.0024255024255024253,0.0005775005775005775,,0.0024255024255024253,,,,0.0005775005775005775,0.00848925848925849,0.0036382536382536385,,,,0.0005775005775005775,0.0005775005775005775,0.010337260337260337,0.0036382536382536385,,,0.0012127512127512127,0.0012127512127512127,,0.0005775005775005775,,,0.004215754215754216,0.0012127512127512127,,,,
,,0.006006006006006006,,0.0005775005775005775,,0.15725340725340725,,0.0035805035805035806,0.13617463617463618,,0.002367752367752368,,0.0107992607992608,0.003003003003003003,0.001155001155001155,0.0005775005775005775,,0.001155001155001155,0.002367752367752368,0.0005775005775005775,0.0005775005775005775,,,0.0107992607992608,0.003003003003003003,,,,,,0.0005775005775005775,,0.0005775005775005775,0.039154539154539154,,,,,0.0005775005775005775,0.001155001155001155,,0.02286902286902287,,0.523966273966274,,0.003003003003003003,,0.001155001155001155,0.0053707553707553705,0.001155001155001155,,,0.0005775005775005775,0.024659274659274658,0.001155001155001155,,,0.0005775005775005775,0.002367752367752368,0.003003003003003003,0.011434511434511435,0.004793254793254793,,,,0.001155001155001155,,0.004215754215754216,,,0.0053707553707553705,0.001155001155001155,,,,
,,0.010337260337260337,,0.0005775005775005775,0.0005775005775005775,0.18445368445368446,0.0005775005775005775,0.005486255486255486,0.14414414414414414,,0.004851004851004851,,0.014033264033264034,0.003003003003003003,0.0024255024255024253,,,0.0005775005775005775,0.0017902517902517903,,0.0005775005775005775,,,0.007276507276507277,0.0036382536382536385,,0.0005775005775005775,,,,0.0012127512127512127,,0.0024255024255024253,0.040887040887040885,,,,,,0.0017902517902517903,,0.02073227073227073,,0.4447331947331947,0.0012127512127512127,0.0024255024255024253,0.0017902517902517903,0.0005775005775005775,0.006063756063756064,,,,0.0005775005775005775,0.02564102564102564,0.0012127512127512127,,,,0.003003003003003003,0.0017902517902517903,0.014033264033264034,0.009124509124509125,0.0017902517902517903,,,0.003003003003003003,,0.006063756063756064,,0.0036382536382536385,0.021367521367521368,,,,,
,,0.008142758142758142,,,,0.16764841764841765,,0.008778008778008778,0.12098637098637098,0.0005775005775005775,0.005024255024255024,,0.01824901824901825,0.0005775005775005775,0.008778008778008778,0.0005775005775005775,,0.0005775005775005775,0.004389004389004389,,0.0005775005775005775,,,0.01131901131901132,0.006294756294756294,,0.0005775005775005775,,,,0.002483252483252483,,0.0012127512127512127,0.02263802263802264,0.0005775005775005775,0.0005775005775005775,,,0.001848001848001848,0.0012127512127512127,,0.025179025179025177,,0.4791522291522292,0.001848001848001848,0.005024255024255024,0.0031185031185031187,,0.012589512589512589,0.0005775005775005775,,,0.0005775005775005775,0.029625779625779627,,0.0012127512127512127,,0.0005775005775005775,0.0037537537537537537,0.0031185031185031187,0.008778008778008778,0.001848001848001848,,,0.0005775005775005775,0.0012127512127512127,,0.0075075075075075074,,0.004389004389004389,0.015708015708015707,,,,,
,,0.00565950565950566,,,,0.10695310695310695,,0.0031185031185031187,0.09303534303534304,0.0005775005775005775,0.002483252483252483,,0.020847770847770848,0.0005775005775005775,0.005024255024255024,0.0005775005775005775,0.0005775005775005775,0.0005775005775005775,0.001848001848001848,,0.0005775005775005775,,,0.00565950565950566,0.007565257565257565,,,0.0005775005775005775,,,,0.0005775005775005775,0.0005775005775005775,0.02021252021252021,,0.0005775005775005775,,,0.0012127512127512127,,0.0012127512127512127,0.017671517671517672,0.0005775005775005775,0.630977130977131,,0.005024255024255024,0.0012127512127512127,,0.006294756294756294,0.0012127512127512127,,,0.0005775005775005775,0.0272002772002772,0.001848001848001848,,,,0.0012127512127512127,0.0031185031185031187,0.0082005082005082,,0.0005775005775005775,,,0.0012127512127512127,0.0005775005775005775,0.006294756294756294,,,0.005024255024255024,0.0005775005775005775,,,,
,,0.007911757911757912,,,,0.15933240933240933,0.0005775005775005775,0.003003003003003003,0.16112266112266113,0.0005775005775005775,,,0.01951951951951952,0.0012127512127512127,0.003003003003003003,0.0005775005775005775,,0.0012127512127512127,,,,,,0.004215754215754216,0.007911757911757912,,,,,,,,0.0012127512127512127,0.03234003234003234,,0.0005775005775005775,,,0.0005775005775005775,,0.0036382536382536385,0.020097020097020097,,0.5090090090090091,,0.0017902517902517903,0.0012127512127512127,,0.004851004851004851,0.0005775005775005775,,,0.0012127512127512127,0.020097020097020097,0.0017902517902517903,,,,0.0024255024255024253,0.003003003003003003,0.00848925848925849,0.0024255024255024253,0.0017902517902517903,,,0.0024255024255024253,,0.005486255486255486,,,0.004215754215754216,0.0005775005775005775,,,,
,,0.004273504273504274,,,,0.16233541233541235,0.0005775005775005775,0.0024255024255024253,0.14264264264264265,0.0005775005775005775,0.0005775005775005775,,0.017787017787017786,0.0036382536382536385,0.0036382536382536385,0.0005775005775005775,,,0.0012127512127512127,,,,,0.007334257334257334,0.00796950796950797,,,,,0.0005775005775005775,,,0.0012127512127512127,0.04302379302379302,,,,,,0.0005775005775005775,,0.019635019635019634,,0.5171517671517671,,0.0017902517902517903,0.0005775005775005775,0.0012127512127512127,0.006121506121506122,,,,,0.028875028875028876,0.0005775005775005775,,,,,,0.009182259182259182,0.0024255024255024253,0.0005775005775005775,,,0.0012127512127512127,,0.005486255486255486,,,0.0036382536382536385,0.0005775005775005775,,,,
,,0.007218757218757219,,0.0005775005775005775,,0.15228690228690228,0.001155001155001155,0.011434511434511435,0.16135366135366136,,0.002367752367752368,,0.02598752598752599,0.001155001155001155,0.002367752367752368,,0.0005775005775005775,0.0005775005775005775,,,,,,0.005428505428505428,0.0035805035805035806,,,,,,0.001155001155001155,,0.0005775005775005775,0.03927003927003927,,,,,,0.0005775005775005775,0.002367752367752368,0.018711018711018712,,0.48198198198198194,,0.003003003003003003,0.0017902517902517903,0.0005775005775005775,0.008431508431508432,,,,0.0005775005775005775,0.03563178563178563,0.0005775005775005775,0.0005775005775005775,,,0.0005775005775005775,0.0035805035805035806,0.009066759066759066,0.006641256641256641,,,,0.001155001155001155,0.0005775005775005775,0.002367752367752368,,,0.0035805035805035806,0.0005775005775005775,,,,
,,0.010164010164010164,,,,0.1729036729036729,,0.008085008085008085,0.23533148533148532,,0.0020212520212520213,,0.009471009471009472,0.0020212520212520213,0.0020212520212520213,0.0006352506352506353,,,,0.0006352506352506353,,,,0.008085008085008085,0.0040425040425040425,,,,,,,,0.0006352506352506353,0.05082005082005082,,,,0.0013282513282513282,0.0013282513282513282,,0.0006352506352506353,0.02304227304227304,,0.40349965349965355,,0.006063756063756064,0.0020212520212520213,,0.0033495033495033496,0.0013282513282513282,,,,0.02304227304227304,0.0013282513282513282,,,,,0.0020212520212520213,0.0107992607992608,,0.0026565026565026563,,,0.0013282513282513282,0.0006352506352506353,0.0006352506352506353,,,0.008085008085008085,,,,,
,,0.0040425040425040425,,,,0.2234927234927235,,0.006063756063756064,0.1694964194964195,,0.0013282513282513282,,0.029683529683529684,0.0033495033495033496,0.0033495033495033496,,,,,,,,,0.011434511434511435,0.004677754677754678,,,,,,,,0.0013282513282513282,0.05266805266805267,,,,0.0020212520212520213,0.0026565026565026563,,,0.027662277662277662,,0.37612612612612606,,0.006063756063756064,0.0006352506352506353,,0.006699006699006699,,,,,0.02361977361977362,0.0006352506352506353,,,,0.0033495033495033496,0.0040425040425040425,0.012127512127512128,0.0040425040425040425,0.004677754677754678,,,0.0013282513282513282,0.0006352506352506353,0.0013282513282513282,,,0.0107992607992608,,,,,0.0006352506352506353
,,0.004677754677754678,,0.0006352506352506353,,0.1384846384846385,0.0006352506352506353,0.008085008085008085,0.13172788172788172,0.006063756063756064,0.0006352506352506353,,0.02702702702702703,0.009413259413259413,0.0020212520212520213,,,0.0013282513282513282,,,,,,0.008778008778008778,0.0040425040425040425,,,,,,,,0.0026565026565026563,0.02564102564102564,0.0006352506352506353,0.0013282513282513282,,0.0013282513282513282,0.0026565026565026563,0.0013282513282513282,0.0013282513282513282,0.03713328713328713,,0.4807692307692307,,0.010106260106260105,0.0013282513282513282,0.0020212520212520213,0.004677754677754678,,,,0.0006352506352506353,0.02702702702702703,0.0026565026565026563,0.0013282513282513282,,,0.006063756063756064,0.0020212520212520213,0.008778008778008778,0.007392007392007392,0.0033495033495033496,,,0.0033495033495033496,0.0013282513282513282,,,,0.017556017556017555,,,,,0.0020212520212520213
,,0.012012012012012012,,,,0.10550935550935552,,0.006641256641256641,0.08616308616308617,,,,0.02003927003927004,0.0019635019635019634,0.005313005313005313,,,,,,0.0006352506352506353,,,0.006641256641256641,0.003984753984753985,,,,,,,0.0006352506352506353,0.0006352506352506353,0.013975513975513975,0.0006352506352506353,0.0006352506352506353,,0.00462000462000462,0.0026565026565026563,,,0.02003927003927004,,0.6347886347886347,,0.00796950796950797,0.0013282513282513282,,0.007334257334257334,,0.0013282513282513282,,,0.02003927003927004,0.0006352506352506353,,,,0.0019635019635019634,0.0013282513282513282,0.01131901131901132,0.005313005313005313,0.003984753984753985,,,0.0013282513282513282,0.0013282513282513282,,,,0.006006006006006006,0.0006352506352506353,,,,0.0006352506352506353
,,0.00565950565950566,,,,0.17573342573342574,,0.0070455070455070455,0.18566643566643568,,0.002079002079002079,,0.017671517671517672,0.001386001386001386,0.00282975282975283,,,,,,,,,0.004215754215754216,0.0070455070455070455,,,,,,,0.00282975282975283,,0.04106029106029106,,,,0.001386001386001386,,,,0.021945021945021945,,0.4712404712404712,,0.004215754215754216,0.00848925848925849,,0.007796257796257797,,,,0.000693000693000693,0.009182259182259182,0.00282975282975283,,,,,,0.012012012012012012,0.000693000693000693,0.001386001386001386,,,,,,,,0.004215754215754216,,,,0.000693000693000693,
,,0.006063756063756064,,,,0.17082467082467082,,0.007392007392007392,0.17284592284592284,,0.0013282513282513282,,0.013455763455763456,,0.0040425040425040425,,,,,,,,,0.010106260106260105,0.004677754677754678,,,,,,,0.0020212520212520213,,0.04117579117579118,,,,,0.0006352506352506353,,,0.022926772926772927,,0.4786324786324787,,0.0033495033495033496,,,0.008778008778008778,,0.0006352506352506353,,,0.02564102564102564,0.0013282513282513282,,,,0.0006352506352506353,,0.014148764148764148,0.0013282513282513282,,,,,,0.0033495033495033496,,,0.0033495033495033496,0.0013282513282513282,,,,
,,0.004389004389004389,,,,0.17452067452067452,,0.0037537537537537537,0.15101640101640101,,0.002483252483252483,,0.011376761376761376,,0.0037537537537537537,,,,,,,,,0.006294756294756294,0.0012127512127512127,,,,,,,0.0031185031185031187,0.0005775005775005775,0.04186879186879187,0.0012127512127512127,,,,0.0005775005775005775,,0.0012127512127512127,0.018364518364518363,,0.5147840147840148,,0.0031185031185031187,0.0012127512127512127,,0.007565257565257565,0.0012127512127512127,0.0005775005775005775,,,0.014553014553014554,0.0005775005775005775,0.0005775005775005775,,,0.002483252483252483,0.0012127512127512127,0.014553014553014554,0.005024255024255024,,,,,,0.0005775005775005775,,,0.005024255024255024,0.0012127512127512127,,,,
,,0.0005775005775005775,,,,0.17706167706167705,0.0005775005775005775,0.004966504966504966,0.15523215523215522,,,,0.015534765534765535,0.003060753060753061,0.0012127512127512127,0.0005775005775005775,0.0005775005775005775,,,,,,,0.004331254331254331,0.001848001848001848,,,,,,0.0005775005775005775,0.0005775005775005775,0.0005775005775005775,0.05110880110880111,0.0012127512127512127,,,,0.0005775005775005775,,0.0012127512127512127,0.02177177177177177,,0.5036960036960036,,0.002483252483252483,0.003696003696003696,,0.00744975744975745,0.0005775005775005775,0.0012127512127512127,,0.0005775005775005775,0.013051513051513051,,,,,0.003696003696003696,0.0005775005775005775,0.01183876183876184,0.0012127512127512127,,,,,,0.0012127512127512127,,,0.004966504966504966,0.0005775005775005775,,,,
,,0.0012127512127512127,,,,0.19427119427119427,,0.008662508662508662,0.18185493185493184,,0.0024255024255024253,,0.01178101178101178,,0.0024255024255024253,0.0005775005775005775,0.0005775005775005775,0.0005775005775005775,,,,,,0.0049087549087549085,0.0049087549087549085,,,,,,,0.0005775005775005775,0.0012127512127512127,0.04342804342804343,,0.003060753060753061,,,,,,0.033495033495033494,,0.4275236775236775,,0.001848001848001848,0.0012127512127512127,,0.006814506814506814,0.001848001848001848,0.0005775005775005775,,,0.028528528528528527,0.003060753060753061,,,0.0005775005775005775,0.005544005544005544,0.001848001848001848,0.015477015477015478,0.003060753060753061,,,,,,0.0005775005775005775,,,0.004331254331254331,0.0012127512127512127,,,,
,,0.004446754446754447,,,,0.13473088473088474,0.0006352506352506353,0.008893508893508893,0.1417186417186417,0.0019057519057519058,0.0038115038115038116,,0.01593901593901594,,0.0012705012705012705,,,0.0012705012705012705,0.003176253176253176,,,,0.0012705012705012705,0.01593901593901594,0.002541002541002541,,,,,,,,0.0006352506352506353,0.028701778701778702,0.0006352506352506353,,,,,,0.0006352506352506353,0.020385770385770385,0.0006352506352506353,0.5363825363825363,,0.002541002541002541,0.002541002541002541,,0.007623007623007623,,0.0006352506352506353,,,0.028701778701778702,,,0.0006352506352506353,,0.007623007623007623,0.0038115038115038116,0.010164010164010164,0.0012705012705012705,,,,0.0019057519057519058,,0.0006352506352506353,,,0.004446754446754447,0.0019057519057519058,,,,
,,0.0019635019635019634,,,,0.10233310233310233,,0.00462000462000462,0.08910833910833911,0.0012705012705012705,0.002598752598752599,,0.01386001386001386,0.0006352506352506353,0.003291753291753292,,0.0006352506352506353,,0.0012705012705012705,,,,,0.0019635019635019634,0.002598752598752599,,,,,,,,,0.01645876645876646,,,,,0.0006352506352506353,,0.0006352506352506353,0.017787017787017786,,0.6925386925386925,,0.0012705012705012705,0.0019635019635019634,,0.0019635019635019634,,0.0006352506352506353,,,0.020443520443520442,0.0012705012705012705,,,,0.0012705012705012705,0.0006352506352506353,0.00589050589050589,0.003291753291753292,,,,0.0006352506352506353,,,,0.0006352506352506353,0.00462000462000462,0.0012705012705012705,,,,
,,0.004793254793254793,,,,0.16285516285516285,,0.002714252714252714,0.15326865326865327,,0.002714252714252714,,0.017844767844767843,0.005486255486255486,0.0041002541002541,,,,0.002714252714252714,,,,,0.0061792561792561795,0.003407253407253407,,,,,,0.0020212520212520213,,,0.037768537768537766,,,,,0.0006352506352506353,0.0006352506352506353,0.0006352506352506353,0.030203280203280204,,0.506006006006006,,0.002714252714252714,,,0.008893508893508893,,,,,0.019230769230769232,0.0013282513282513282,,,,,,0.015072765072765074,0.0041002541002541,0.0013282513282513282,,,,,0.0006352506352506353,,,0.002714252714252714,,,,,
,,0.0020212520212520213,,0.0013282513282513282,,0.17532917532917533,,0.006063756063756064,0.17873642873642873,,0.0006352506352506353,,0.0148995148995149,0.0013282513282513282,0.0020212520212520213,,,,0.0006352506352506353,,,,,0.006756756756756757,0.0020212520212520213,,,,,,,,0.0013282513282513282,0.035343035343035345,,,,0.0006352506352506353,0.0006352506352506353,0.0006352506352506353,0.0013282513282513282,0.021714021714021713,,0.4941094941094941,,0.0006352506352506353,0.0006352506352506353,0.0006352506352506353,0.006063756063756064,,0.0006352506352506353,,,0.01969276969276969,0.0013282513282513282,,,,0.0006352506352506353,0.0020212520212520213,0.008835758835758836,0.0040425040425040425,,,,0.0006352506352506353,0.0020212520212520213,0.0006352506352506353,,,0.0040425040425040425,,,,,
,,0.002598752598752599,,,,0.16071841071841073,,0.007796257796257797,0.16135366135366136,,,,0.014264264264264264,0.0012705012705012705,0.0012705012705012705,,,0.0006352506352506353,0.0019057519057519058,,,,,0.007103257103257103,0.0019057519057519058,,,,,,,,0.0006352506352506353,0.039674289674289674,,,,0.0006352506352506353,0.0006352506352506353,0.0006352506352506353,0.0006352506352506353,0.021425271425271425,,0.5341880341880342,,0.0012705012705012705,,,0.0045045045045045045,,0.0006352506352506353,,,0.012993762993762994,0.002598752598752599,,,,0.0006352506352506353,,0.008431508431508432,0.006468006468006468,0.0012705012705012705,,,,,,,,0.0019057519057519058,,,,,
,,0.002541002541002541,,0.0006352506352506353,,0.18503118503118504,,0.002541002541002541,0.1652806652806653,,0.0006352506352506353,,0.014033264033264034,,0.0006352506352506353,0.0006352506352506353,,,0.0006352506352506353,,0.0006352506352506353,0.0012705012705012705,,0.007623007623007623,0.006987756987756988,,0.0006352506352506353,,,,0.0006352506352506353,0.0006352506352506353,0.0006352506352506353,0.0420997920997921,,,,0.0006352506352506353,,0.0019057519057519058,0.0006352506352506353,0.026796026796026797,,0.49052899052899057,,0.0019057519057519058,0.002541002541002541,,0.002541002541002541,,0.0006352506352506353,,,0.008893508893508893,0.0006352506352506353,,,,0.0006352506352506353,0.002541002541002541,0.007623007623007623,0.004446754446754447,0.0006352506352506353,,0.0006352506352506353,,0.0012705012705012705,0.006352506352506352,,,0.004446754446754447,,,,,
,,0.002598752598752599,0.0006352506352506353,0.0006352506352506353,,0.17151767151767153,0.0006352506352506353,0.011665511665511665,0.1604874104874105,,0.0006352506352506353,,0.021425271425271425,0.0019057519057519058,,0.0012705012705012705,,,0.0006352506352506353,,0.0006352506352506353,0.0012705012705012705,,0.005832755832755832,0.008431508431508432,,,,,,0.0006352506352506353,,0.0006352506352506353,0.04285054285054285,,,,,0.0006352506352506353,0.0006352506352506353,0.0006352506352506353,0.031185031185031187,,0.473030723030723,,0.005197505197505198,,,0.008431508431508432,0.0006352506352506353,0.0006352506352506353,,,0.016863016863016864,0.0019057519057519058,,,,0.0012705012705012705,,0.011030261030261031,0.0045045045045045045,0.0006352506352506353,,,0.002598752598752599,,,,,0.005832755832755832,,,,,
,,0.002541002541002541,0.0019057519057519058,0.0006352506352506353,,0.14293139293139293,,0.008316008316008316,0.15003465003465002,,0.009009009009009009,,0.03026103026103026,0.0038115038115038116,,0.0006352506352506353,,,0.0012705012705012705,,0.0006352506352506353,0.0012705012705012705,,0.007680757680757681,0.0070455070455070455,,,,,,0.0019057519057519058,,0.0006352506352506353,0.036036036036036036,0.0012705012705012705,,0.0006352506352506353,,0.002541002541002541,0.0012705012705012705,0.003176253176253176,0.025063525063525063,,0.4993069993069994,,0.0012705012705012705,0.0012705012705012705,,0.0038115038115038116,,0.0006352506352506353,,,0.021887271887271888,0.0006352506352506353,,,,0.0006352506352506353,0.0019057519057519058,0.007680757680757681,0.008316008316008316,0.0012705012705012705,,,0.0019057519057519058,0.0006352506352506353,0.0012705012705012705,,,0.0070455070455070455,,,,,
,,0.0038692538692538694,0.0006352506352506353,,,0.07426657426657426,,0.011030261030261031,0.11203511203511203,,0.0019057519057519058,,0.01692076692076692,0.0019057519057519058,0.0006352506352506353,0.0006352506352506353,,0.0006352506352506353,0.0012705012705012705,,0.0006352506352506353,0.0012705012705012705,,0.005197505197505198,0.003234003234003234,,,,,,0.0019057519057519058,,0.0012705012705012705,0.028008778008778008,,,,,0.0012705012705012705,0.0019057519057519058,,0.012993762993762994,,0.647897897897898,,0.002598752598752599,0.0012705012705012705,,0.0045045045045045045,,,,0.0006352506352506353,0.023446523446523447,0.0006352506352506353,,0.0012705012705012705,,0.0012705012705012705,0.002598752598752599,0.014957264957264958,0.005832755832755832,0.0012705012705012705,,,0.0019057519057519058,,0.002598752598752599,,,0.003234003234003234,0.0006352506352506353,,,,
,,0.00589050589050589,,,,0.18907368907368907,0.0006352506352506353,0.00848925848925849,0.15823515823515824,,0.0019635019635019634,,0.014437514437514438,0.003234003234003234,0.0012705012705012705,0.0012705012705012705,,,0.0012705012705012705,,0.0006352506352506353,0.0006352506352506353,,0.003234003234003234,0.006525756525756526,,,,,,0.0006352506352506353,,0.0019635019635019634,0.03413028413028413,,,0.0006352506352506353,0.0006352506352506353,0.0006352506352506353,0.0012705012705012705,,0.0164010164010164,,0.4647724647724648,,0.003234003234003234,0.0006352506352506353,0.0019635019635019634,0.007218757218757219,0.005197505197505198,0.0006352506352506353,,0.0006352506352506353,0.02229152229152229,0.0012705012705012705,,0.0012705012705012705,,,0.0012705012705012705,0.02229152229152229,0.005197505197505198,0.0006352506352506353,0.0006352506352506353,,0.0006352506352506353,0.0006352506352506353,0.0019635019635019634,,0.002598752598752599,0.0012705012705012705,,,0.0006352506352506353,,
,,0.002714252714252714,,,,0.170997920997921,0.0006352506352506353,0.014206514206514207,0.16695541695541696,,0.0020212520212520213,,0.00744975744975745,0.0013282513282513282,0.0006352506352506353,0.0006352506352506353,,,0.0006352506352506353,,0.0006352506352506353,,,0.00744975744975745,0.0033495033495033496,,,,,,0.0006352506352506353,,0.0006352506352506353,0.030492030492030493,,,,0.0020212520212520213,0.0013282513282513282,0.0013282513282513282,,0.02234927234927235,,0.5048510048510049,,0.0020212520212520213,0.0013282513282513282,,0.006756756756756757,,,,,0.018306768306768306,0.0013282513282513282,,,,,0.0020212520212520213,0.012878262878262879,0.006063756063756064,0.0013282513282513282,,,,,0.0040425040425040425,,,,,,0.0006352506352506353,,
,,0.007334257334257334,,,,0.1334026334026334,,0.013975513975513975,0.16071841071841073,,0.003291753291753292,,0.015996765996765996,0.0019635019635019634,0.0019635019635019634,0.0019635019635019634,,,,,0.0006352506352506353,,,0.006641256641256641,0.005313005313005313,,,,,,0.0026565026565026563,,0.0006352506352506353,0.035343035343035345,,,,0.0019635019635019634,0.0019635019635019634,0.0013282513282513282,0.0006352506352506353,0.020674520674520674,,0.51998151998152,,0.00462000462000462,0.0006352506352506353,,0.00462000462000462,0.0013282513282513282,0.0006352506352506353,,,0.012647262647262647,0.0006352506352506353,,,,0.0013282513282513282,,0.015996765996765996,0.010626010626010625,0.0006352506352506353,,0.0006352506352506353,0.0013282513282513282,,0.0013282513282513282,,,0.00462000462000462,,,,,
,,0.004562254562254562,,,,0.06785631785631786,,0.009124509124509125,0.04700854700854701,,0.005832755832755832,,0.020847770847770848,0.0038692538692538694,0.002598752598752599,0.003234003234003234,,,,,,,,0.004562254562254562,0.005832755832755832,,,,,,0.002598752598752599,,0.0019057519057519058,0.028701778701778702,,,,0.0006352506352506353,,0.0019057519057519058,0.0006352506352506353,0.027373527373527374,,0.7149457149457149,,0.003234003234003234,,,0.002598752598752599,0.0012705012705012705,,,,0.005832755832755832,0.0012705012705012705,,,,0.0012705012705012705,0.004562254562254562,0.009124509124509125,0.007161007161007161,0.0006352506352506353,,,0.0006352506352506353,,0.005197505197505198,,,0.0019057519057519058,0.0006352506352506353,,,,0.0006352506352506353
,,0.005775005775005775,,,,0.13715638715638714,0.0006352506352506353,0.00641025641025641,0.1396973896973897,0.002541002541002541,0.002541002541002541,,0.025063525063525063,0.0006352506352506353,0.00641025641025641,0.003176253176253176,,,0.0012705012705012705,,,,,0.009009009009009009,0.002541002541002541,,,,,,0.0006352506352506353,,0.0006352506352506353,0.03153153153153153,,,,,0.0006352506352506353,0.0012705012705012705,,0.023793023793023792,,0.5352275352275353,,0.0038115038115038116,0.0045045045045045045,,0.002541002541002541,0.0006352506352506353,,,,0.015419265419265419,0.0012705012705012705,,,,0.0045045045045045045,0.0006352506352506353,0.00641025641025641,0.008316008316008316,0.003176253176253176,,0.0006352506352506353,,,0.0045045045045045045,,,0.00641025641025641,0.0006352506352506353,,,,
,,0.003234003234003234,,,,0.1313236313236313,0.0006352506352506353,0.004562254562254562,0.11168861168861169,0.0019057519057519058,0.002598752598752599,,0.024774774774774775,,0.00975975975975976,,,,0.0012705012705012705,,,,,0.00848925848925849,0.004562254562254562,,,,,,,,0.003234003234003234,0.023504273504273504,,,0.002598752598752599,,0.0012705012705012705,0.0019057519057519058,,0.020905520905520905,,0.5886463386463386,,0.004562254562254562,0.004562254562254562,,0.003234003234003234,,,,0.0006352506352506353,0.013686763686763687,0.0012705012705012705,0.0006352506352506353,,,0.0012705012705012705,0.0006352506352506353,0.007796257796257797,0.005832755832755832,0.002598752598752599,,,0.0006352506352506353,,0.0019057519057519058,0.0006352506352506353,,0.003234003234003234,,,,,
,,0.002483252483252483,,0.0005775005775005775,,0.07022407022407022,,0.001848001848001848,0.10036960036960037,0.002483252483252483,0.0012127512127512127,,0.01565026565026565,0.0012127512127512127,0.0031185031185031187,0.0012127512127512127,,,0.001848001848001848,,,,,0.006872256872256872,0.004389004389004389,,,,,,,,0.0012127512127512127,0.02130977130977131,,,0.0012127512127512127,,0.0005775005775005775,0.0012127512127512127,,0.013167013167013167,,0.7068029568029568,,0.006872256872256872,0.0005775005775005775,,0.002483252483252483,,,,0.0012127512127512127,0.01126126126126126,0.0005775005775005775,,,,,0.0031185031185031187,0.005601755601755602,0.0031185031185031187,0.002483252483252483,,,,,,,,0.0031185031185031187,,,0.0005775005775005775,,
,,0.002483252483252483,,0.0005775005775005775,,0.14062139062139062,0.0005775005775005775,0.008085008085008085,0.14997689997689997,0.002483252483252483,0.0005775005775005775,,0.0148995148995149,0.002483252483252483,0.001848001848001848,,,,0.0012127512127512127,,,0.0005775005775005775,,0.003696003696003696,0.004966504966504966,,,,,,0.0005775005775005775,0.001848001848001848,,0.04417879417879418,,,,,0.0005775005775005775,0.0012127512127512127,,0.018018018018018018,,0.5379995379995379,,0.005544005544005544,0.0005775005775005775,,0.004331254331254331,0.0005775005775005775,,,,0.015534765534765535,0.001848001848001848,,,,0.0005775005775005775,0.002483252483252483,0.015534765534765535,0.008662508662508662,,,,0.0005775005775005775,,0.0012127512127512127,,,0.001848001848001848,,,0.0012127512127512127,,
,,0.0082005082005082,,,,0.16614691614691615,,0.004389004389004389,0.16424116424116425,0.0031185031185031187,0.002483252483252483,,0.015188265188265188,,0.0012127512127512127,0.0005775005775005775,,,,,0.0005775005775005775,0.0005775005775005775,,0.0037537537537537537,0.001848001848001848,,,,,,,0.001848001848001848,0.0005775005775005775,0.04435204435204435,,,,0.0005775005775005775,,0.001848001848001848,,0.018364518364518363,,0.4815199815199813,,0.005024255024255024,0.001848001848001848,,0.00565950565950566,,,,,0.022176022176022176,0.001848001848001848,,,,0.0005775005775005775,0.0031185031185031187,0.0082005082005082,0.004389004389004389,0.018999768999769,,,,,0.0037537537537537537,,,0.001848001848001848,,,0.0005775005775005775,0.0005775005775005775,
,,0.0037537537537537537,,,,0.15113190113190114,,0.00565950565950566,0.1581196581196581,0.001848001848001848,,,0.0164010164010164,0.001848001848001848,0.001848001848001848,0.001848001848001848,,,,,0.0005775005775005775,0.0005775005775005775,,0.004389004389004389,0.0031185031185031187,,,,,,,0.0012127512127512127,,0.041695541695541696,,,,0.0005775005775005775,,0.0012127512127512127,,0.017671517671517672,,0.5445830445830446,,0.0031185031185031187,,,0.001848001848001848,,,,0.0005775005775005775,0.012647262647262647,0.002483252483252483,,,,0.0005775005775005775,0.0037537537537537537,0.006294756294756294,0.007565257565257565,,,,,,0.0012127512127512127,,,0.001848001848001848,,,,,
,,0.005717255717255718,,,,0.1987179487179487,,0.004446754446754447,0.16551166551166552,,0.0012705012705012705,,0.012762762762762763,,0.0006352506352506353,,0.0006352506352506353,,,,,,,0.005717255717255718,0.0006352506352506353,,,,,,,0.0012705012705012705,,0.0492030492030492,,,,0.0019057519057519058,0.0012705012705012705,0.003176253176253176,,0.02489027489027489,,0.464945714945715,,0.005082005082005082,0.0012705012705012705,,0.003176253176253176,,,,,0.020443520443520442,,0.0006352506352506353,,,0.0038115038115038116,0.0006352506352506353,0.008258258258258258,0.0006352506352506353,0.0019057519057519058,,,0.0012705012705012705,,0.0012705012705012705,,,0.003176253176253176,,,,,0.005717255717255718
,,0.004966504966504966,,,,0.1849156849156849,0.0005775005775005775,0.006237006237006237,0.1755024255024255,,0.0005775005775005775,,0.02003927003927004,0.0005775005775005775,0.0005775005775005775,,,,,,,,,0.008142758142758142,0.006237006237006237,,,,,,,0.001848001848001848,0.002483252483252483,0.0651998151998152,,,,0.0005775005775005775,0.001848001848001848,0.002483252483252483,,0.025698775698775697,,0.4275236775236775,,0.005601755601755602,0.001848001848001848,0.002483252483252483,0.004331254331254331,0.0012127512127512127,,,,0.02003927003927004,0.0037537537537537537,,,,0.001848001848001848,0.0005775005775005775,0.013744513744513744,,0.0012127512127512127,,,0.0005775005775005775,,0.0005775005775005775,,,0.0012127512127512127,,,,,0.004966504966504966
,,0.0031185031185031187,,0.0005775005775005775,,0.12554862554862556,,0.007565257565257565,0.13444213444213443,,0.0012127512127512127,,0.03488103488103488,0.001848001848001848,,,,0.0005775005775005775,,,,,,0.010741510741510741,0.012647262647262647,,,0.0005775005775005775,,,0.0005775005775005775,0.0005775005775005775,,0.03424578424578425,,,,,,0.0005775005775005775,0.00565950565950566,0.023446523446523447,,0.5422730422730422,,0.008835758835758836,,0.0031185031185031187,0.007565257565257565,,,,,0.02027027027027027,,0.0005775005775005775,,0.0005775005775005775,0.001848001848001848,0.002483252483252483,0.00693000693000693,0.0005775005775005775,0.0005775005775005775,,,,,0.0012127512127512127,,,0.0037537537537537537,,0.0005775005775005775,,,
,,0.0019057519057519058,,,,0.117001617001617,0.0012705012705012705,0.0019057519057519058,0.08581658581658581,,0.002541002541002541,,0.0215985215985216,0.0019057519057519058,,,,0.0006352506352506353,,,,,,0.010164010164010164,0.009528759528759529,,,,,,0.0006352506352506353,0.0012705012705012705,,0.0215985215985216,,,,,0.0019057519057519058,,,0.017787017787017786,0.0006352506352506353,0.6618734118734119,,0.0019057519057519058,,0.0019057519057519058,0.0012705012705012705,,,,,0.0215985215985216,,,,,0.002541002541002541,0.002541002541002541,0.0019057519057519058,,0.0012705012705012705,,0.0006352506352506353,0.0006352506352506353,,,,,0.003176253176253176,,,,,0.0006352506352506353
,,0.005832755832755832,,,,0.16683991683991684,0.003234003234003234,0.0012705012705012705,0.16297066297066298,,0.002541002541002541,,0.0148995148995149,0.0019057519057519058,,,,,,,,,,0.007103257103257103,0.0019057519057519058,,,,,0.0019057519057519058,,0.0019057519057519058,0.0019057519057519058,0.06294756294756294,,,,,,0.0012705012705012705,0.0006352506352506353,0.03955878955878956,,0.473030723030723,,0.0006352506352506353,0.0006352506352506353,0.0006352506352506353,0.007738507738507739,0.0006352506352506353,,,,0.016227766227766227,0.0012705012705012705,,,,0.002541002541002541,0.0019057519057519058,0.006468006468006468,,0.0006352506352506353,,,0.0006352506352506353,,0.003234003234003234,,,0.00513975513975514,,,,,
,,0.007623007623007623,,,,0.1764841764841765,,0.0012705012705012705,0.19178794178794178,,0.0006352506352506353,,0.013975513975513975,,,,,0.0006352506352506353,,,,,,0.008893508893508893,0.002541002541002541,,,,,,,0.002541002541002541,,0.04648879648879649,,,,,,0.0012705012705012705,,0.024832524832524832,,0.45934395934395933,,0.0038115038115038116,,0.0006352506352506353,0.007623007623007623,0.0006352506352506353,,0.0006352506352506353,,0.02546777546777547,,,,,0.009528759528759529,0.0006352506352506353,0.003176253176253176,,0.002541002541002541,,0.0006352506352506353,0.0006352506352506353,0.0006352506352506353,0.0006352506352506353,,,0.003176253176253176,,0.0012705012705012705,,,
,,0.001848001848001848,,0.0012127512127512127,,0.16493416493416493,,,0.1416031416031416,,0.001848001848001848,,0.01131901131901132,0.001848001848001848,,,,0.0005775005775005775,,0.0005775005775005775,,,,0.0075075075075075074,0.006872256872256872,,,,,,,0.0005775005775005775,0.0005775005775005775,0.03898128898128898,,,,,,0.0012127512127512127,,0.03147378147378147,,0.5328597828597829,,0.0012127512127512127,,0.0005775005775005775,0.005024255024255024,0.0005775005775005775,,0.0005775005775005775,,0.015072765072765074,0.001848001848001848,,,,0.002483252483252483,0.002483252483252483,0.009413259413259413,0.0037537537537537537,0.0012127512127512127,,,0.0012127512127512127,,0.0012127512127512127,,,0.005024255024255024,,0.002483252483252483,,,
,,0.0019635019635019634,,0.0006352506352506353,,0.20882420882420882,,0.0006352506352506353,0.1718064218064218,,0.0019635019635019634,,0.01183876183876184,0.0012705012705012705,0.0006352506352506353,,,0.0006352506352506353,,,,,,0.006583506583506584,0.007218757218757219,,,,,,,0.0006352506352506353,,0.04954954954954955,,,,,,0.0006352506352506353,,0.04030954030954031,,0.41857241857241856,,0.002598752598752599,0.0006352506352506353,0.0006352506352506353,0.003927003927003927,,,,,0.03366828366828367,,,,,0.00462000462000462,0.0019635019635019634,0.009875259875259876,0.003291753291753292,0.0006352506352506353,,0.0006352506352506353,0.0012705012705012705,,0.00462000462000462,,,0.007911757911757912,,,,,
,,0.0024255024255024253,,,,0.18197043197043197,,0.0012127512127512127,0.18012243012243012,,0.0012127512127512127,,0.013571263571263571,0.0012127512127512127,,,,,0.0012127512127512127,,,,,0.003696003696003696,0.003060753060753061,,,,,,,0.0005775005775005775,0.0005775005775005775,0.04949179949179949,,,,,,0.0005775005775005775,0.0005775005775005775,0.0272002772002772,,0.46119196119196115,,0.003696003696003696,0.003060753060753061,0.0005775005775005775,0.004331254331254331,,,,,0.017325017325017324,0.0005775005775005775,0.0005775005775005775,,,0.0024255024255024253,0.003060753060753061,0.015419265419265419,0.004331254331254331,,,0.0012127512127512127,0.0024255024255024253,,0.0061792561792561795,,,0.004331254331254331,0.0005775005775005775,,,,
,,0.003696003696003696,,,,0.14466389466389468,,0.004331254331254331,0.1409101409101409,,0.0005775005775005775,,0.013686763686763687,0.002483252483252483,,,,,,,,,,0.003696003696003696,0.014322014322014322,,,,,,,0.0012127512127512127,0.0012127512127512127,0.031127281127281126,0.0012127512127512127,,,,,0.0012127512127512127,,0.01865326865326865,,0.5146107646107646,,0.004331254331254331,0.004966504966504966,,0.015534765534765535,,,,,0.02616077616077616,0.0005775005775005775,,,,0.0005775005775005775,0.004331254331254331,0.008085008085008085,0.031127281127281126,0.0005775005775005775,,,0.0005775005775005775,,0.002483252483252483,,,0.003060753060753061,,,,,
,,0.001848001848001848,,,,0.09343959343959345,,0.001848001848001848,0.07022407022407022,,0.0005775005775005775,,0.013167013167013167,0.0012127512127512127,,,,0.002483252483252483,,,,,,0.001848001848001848,0.001848001848001848,,,,,,,0.0012127512127512127,0.0005775005775005775,0.025698775698775697,,,,,,0.0005775005775005775,,0.013802263802263803,,0.7286902286902286,,0.0031185031185031187,0.004389004389004389,,0.002483252483252483,0.0005775005775005775,,,,0.009355509355509356,0.0012127512127512127,0.0005775005775005775,,,,0.0012127512127512127,0.008778008778008778,0.0012127512127512127,,,0.0005775005775005775,,,0.001848001848001848,,,0.005601755601755602,,,,,
,,0.0049087549087549085,,,,0.1569069069069069,,0.006814506814506814,0.18295218295218296,,0.001848001848001848,,0.015477015477015478,0.0024255024255024253,0.0005775005775005775,,,0.0005775005775005775,,,,,,0.003060753060753061,0.003696003696003696,,,,,,,0.0012127512127512127,0.0005775005775005775,0.039674289674289674,,0.0005775005775005775,,,,,,0.02413952413952414,,0.49122199122199117,,0.001848001848001848,0.0012127512127512127,0.0005775005775005775,0.017325017325017324,,0.0005775005775005775,,0.0012127512127512127,0.01980826980826981,,,,,,,0.009875259875259876,0.0012127512127512127,0.0005775005775005775,,0.0012127512127512127,0.0005775005775005775,,0.003060753060753061,,,0.003696003696003696,0.0005775005775005775,,,,
,,0.0031185031185031187,,,0.0005775005775005775,0.15367290367290368,,0.001848001848001848,0.16747516747516747,,0.0031185031185031187,,0.016285516285516284,0.0005775005775005775,0.0012127512127512127,,0.0005775005775005775,,,,,,,0.005601755601755602,0.008142758142758142,,,,,,,0.0012127512127512127,0.001848001848001848,0.04198429198429198,,,,,,0.0005775005775005775,,0.035747285747285744,,0.5113190113190114,,0.001848001848001848,0.001848001848001848,0.0005775005775005775,0.004966504966504966,,0.0005775005775005775,,,0.01876876876876877,0.0005775005775005775,,,,0.0005775005775005775,0.0005775005775005775,0.004966504966504966,0.0012127512127512127,0.0012127512127512127,,0.0005775005775005775,0.0005775005775005775,,0.0037537537537537537,,,0.002483252483252483,,,,,
,,0.004389004389004389,,,,0.15632940632940634,,0.0031185031185031187,0.1581774081774082,,0.001848001848001848,,0.010626010626010625,0.0005775005775005775,0.001848001848001848,0.0005775005775005775,,,,,,,,0.0075075075075075074,0.0012127512127512127,,,,,,,0.0005775005775005775,0.0012127512127512127,0.04267729267729268,,,,,,,,0.030723030723030724,,0.5307230307230306,,0.002483252483252483,0.0005775005775005775,0.001848001848001848,0.004389004389004389,0.0005775005775005775,,,,0.02130977130977131,0.0005775005775005775,,,,0.0005775005775005775,0.002483252483252483,0.004389004389004389,0.002483252483252483,0.0005775005775005775,,,,,0.0031185031185031187,,,0.002483252483252483,,,,,
,,0.0038115038115038116,,0.0006352506352506353,,0.2039154539154539,,0.003176253176253176,0.19051744051744052,,0.0019057519057519058,,0.017787017787017786,,0.002541002541002541,0.0006352506352506353,,,,,,0.0006352506352506353,,0.003176253176253176,0.0012705012705012705,,,,,,,0.0019057519057519058,,0.049665049665049664,,,,0.0006352506352506353,0.0012705012705012705,,,0.027373527373527374,,0.43254793254793256,,,,0.0012705012705012705,0.006352506352506352,0.0012705012705012705,,,,0.022926772926772927,,,,0.0006352506352506353,0.0006352506352506353,0.0019057519057519058,0.01206976206976207,0.005717255717255718,0.0006352506352506353,,,0.0006352506352506353,,0.0012705012705012705,,,0.0006352506352506353,,,,,0.0006352506352506353
,,0.0031185031185031187,,,,0.17971817971817972,,0.002483252483252483,0.19623469623469622,,0.002483252483252483,,0.013917763917763918,0.0005775005775005775,0.0037537537537537537,0.0005775005775005775,,,0.0012127512127512127,,,0.0005775005775005775,,0.004389004389004389,0.004389004389004389,,,,,,,0.0012127512127512127,0.0005775005775005775,0.04885654885654886,,,,0.001848001848001848,0.002483252483252483,,,0.02598752598752599,,0.44733194733194737,,0.0005775005775005775,0.0012127512127512127,0.0012127512127512127,0.0082005082005082,,,,,0.023446523446523447,0.0005775005775005775,,,,0.0005775005775005775,0.007565257565257565,0.0037537537537537537,0.0037537537537537537,0.001848001848001848,,0.0012127512127512127,0.0005775005775005775,,,,,0.0037537537537537537,,,,,
,,0.0031185031185031187,,,,0.14535689535689536,,0.0012127512127512127,0.17382767382767383,,0.0037537537537537537,,0.015765765765765764,0.0012127512127512127,0.0005775005775005775,0.002483252483252483,,0.0005775005775005775,0.004389004389004389,,,,,0.007565257565257565,0.021483021483021482,,,,,,,0.001848001848001848,0.0005775005775005775,0.027142527142527142,,,,0.0012127512127512127,0.0012127512127512127,0.002483252483252483,,0.02333102333102333,,0.4855624855624856,,0.0082005082005082,0.002483252483252483,,0.010741510741510741,0.00693000693000693,,,,0.025236775236775238,0.0005775005775005775,,,,0.0005775005775005775,0.002483252483252483,0.009471009471009472,0.0031185031185031187,0.001848001848001848,,0.0012127512127512127,,,0.0012127512127512127,,,0.0012127512127512127,,,,,
,,0.003176253176253176,,,,0.10008085008085008,,0.0006352506352506353,0.13455763455763456,,0.002541002541002541,,0.011434511434511435,,0.0012705012705012705,,,,0.0012705012705012705,,,,,0.005082005082005082,0.006987756987756988,,,,0.0006352506352506353,,,0.0006352506352506353,,0.02546777546777547,,,,,0.0019057519057519058,0.0012705012705012705,,0.021021021021021023,,0.6299376299376299,,0.0012705012705012705,0.007623007623007623,,0.011434511434511435,0.0006352506352506353,,,,0.01334026334026334,0.002541002541002541,,,0.0006352506352506353,0.0012705012705012705,0.0038115038115038116,0.0038115038115038116,0.0038115038115038116,,,,,0.0006352506352506353,,,,0.0012705012705012705,,,,,
,,0.004446754446754447,,,,0.15898590898590897,0.0006352506352506353,0.005082005082005082,0.17752367752367754,,0.002541002541002541,,0.0107992607992608,0.0012705012705012705,0.0012705012705012705,0.0006352506352506353,,,,,,,0.0019057519057519058,0.008258258258258258,0.006352506352506352,,,,,,,0.0006352506352506353,,0.045333795333795335,,,,,0.0006352506352506353,0.003176253176253176,,0.021021021021021023,,0.4845807345807346,,0.0038115038115038116,0.004446754446754447,0.0012705012705012705,0.005717255717255718,,,,,0.03187803187803188,,,,0.0012705012705012705,0.0012705012705012705,0.0006352506352506353,0.008893508893508893,0.002541002541002541,0.0012705012705012705,,0.0006352506352506353,,,,,,0.0006352506352506353,,,,0.0006352506352506353,
,,0.0038692538692538694,,,,0.1664934164934165,0.0006352506352506353,0.003234003234003234,0.20605220605220606,,0.0012705012705012705,,0.019404019404019403,0.0006352506352506353,0.0012705012705012705,,,,,,,,,0.009066759066759066,0.007738507738507739,,,,,,,0.0012705012705012705,,0.03493878493878494,0.0006352506352506353,,,,,0.002541002541002541,,0.030434280434280436,,0.4202471702471703,,0.0045045045045045045,0.0045045045045045045,0.0012705012705012705,0.009702009702009701,0.007103257103257103,,,,0.044005544005544,0.0012705012705012705,,,0.0012705012705012705,,0.002541002541002541,0.005775005775005775,0.0038692538692538694,0.0012705012705012705,,,0.0006352506352506353,,0.0019057519057519058,,,,,,,0.0006352506352506353,
,,0.0012705012705012705,,,,0.15274890274890274,0.0012705012705012705,0.003927003927003927,0.17186417186417186,,0.0019635019635019634,,0.021021021021021023,0.0006352506352506353,0.0006352506352506353,,,,,,,,,0.005255255255255256,0.007218757218757219,,,,,,,,,0.04082929082929083,,,,,,0.002598752598752599,,0.021714021714021713,,0.4866597366597367,0.0012705012705012705,0.003927003927003927,0.005255255255255256,0.0019635019635019634,0.005255255255255256,0.0019635019635019634,,,,0.015765765765765764,0.0012705012705012705,0.0006352506352506353,0.003927003927003927,0.0012705012705012705,,0.0019635019635019634,0.012474012474012475,0.011145761145761145,0.003291753291753292,,,0.0006352506352506353,0.0012705012705012705,0.0012705012705012705,,,0.0006352506352506353,0.003927003927003927,,0.0006352506352506353,0.0006352506352506353,
,,0.0012705012705012705,,0.0012705012705012705,,0.15176715176715178,,0.005948255948255948,0.13917763917763917,,0.00462000462000462,,0.01917301917301917,0.0019635019635019634,0.0006352506352506353,0.0012705012705012705,,,0.0012705012705012705,,,,,0.007911757911757912,0.009933009933009933,,,,,,,,,0.04700854700854701,,0.0006352506352506353,,,,0.0012705012705012705,0.0006352506352506353,0.020501270501270503,,0.5075075075075075,0.0006352506352506353,0.002598752598752599,0.0006352506352506353,0.0012705012705012705,0.007276507276507277,,,,,0.017844767844767843,,0.0012705012705012705,0.00924000924000924,,,0.0019635019635019634,0.008604758604758605,0.007276507276507277,0.003927003927003927,,,0.0006352506352506353,,0.003927003927003927,,0.0006352506352506353,0.005255255255255256,0.002598752598752599,,0.0006352506352506353,,
,,0.0012705012705012705,,0.0012705012705012705,,0.07051282051282051,,0.005255255255255256,0.048798798798798795,,0.0012705012705012705,,0.013802263802263803,0.0012705012705012705,0.0012705012705012705,0.0006352506352506353,,,,,,,,0.006583506583506584,0.009182259182259182,,,,,,0.003927003927003927,0.002598752598752599,,0.02304227304227304,,0.0006352506352506353,,,,0.0019635019635019634,0.0006352506352506353,0.028355278355278356,,0.7226842226842227,0.0019635019635019634,0.003291753291753292,,,0.00589050589050589,,,,,0.020443520443520442,,0.0006352506352506353,0.002598752598752599,,,,0.008547008547008548,0.003291753291753292,0.0006352506352506353,,,0.0006352506352506353,,0.0012705012705012705,,0.0006352506352506353,0.0006352506352506353,0.003927003927003927,,0.0006352506352506353,,
,,0.0019057519057519058,,0.0012705012705012705,0.0006352506352506353,0.1288981288981289,,0.005082005082005082,0.14547239547239546,,0.003176253176253176,,0.014668514668514668,0.0012705012705012705,0.0006352506352506353,,,0.0012705012705012705,,,,,,0.014033264033264034,0.0038115038115038116,,,,,,0.003176253176253176,0.005082005082005082,0.0006352506352506353,0.03187803187803188,,0.0006352506352506353,,,,0.0019057519057519058,0.0006352506352506353,0.024197274197274198,,0.5429082929082929,,0.0012705012705012705,0.0006352506352506353,,0.007623007623007623,0.004446754446754447,,,,0.026796026796026797,,0.0006352506352506353,0.0012705012705012705,,,0.0038115038115038116,0.008893508893508893,0.004446754446754447,0.0012705012705012705,,,0.0006352506352506353,0.002541002541002541,0.0019057519057519058,,,,,,0.0006352506352506353,,
,,0.004389004389004389,,0.002483252483252483,0.0005775005775005775,0.08754908754908755,,0.0037537537537537537,0.09898359898359899,,0.0012127512127512127,,0.012012012012012012,0.0012127512127512127,,,,,0.002483252483252483,,,,,0.00693000693000693,0.002483252483252483,,0.0012127512127512127,0.0005775005775005775,,,0.0037537537537537537,0.004389004389004389,,0.032975282975282974,,0.0005775005775005775,0.0012127512127512127,,,0.0012127512127512127,,0.014553014553014554,,0.6548279048279049,0.0005775005775005775,0.0031185031185031187,0.0012127512127512127,0.001848001848001848,0.004389004389004389,0.0012127512127512127,,,,0.018364518364518363,0.0031185031185031187,0.0012127512127512127,0.001848001848001848,,,0.001848001848001848,0.012647262647262647,0.0037537537537537537,0.0012127512127512127,,,,,0.002483252483252483,,,0.0012127512127512127,,,0.0005775005775005775,,
,,0.005024255024255024,,0.0012127512127512127,0.0005775005775005775,0.14166089166089166,0.0005775005775005775,0.002483252483252483,0.15684915684915685,,0.0012127512127512127,,0.014495264495264495,0.0031185031185031187,,0.0012127512127512127,,,,,,,,0.00693000693000693,0.007565257565257565,,,,,,0.0012127512127512127,0.0005775005775005775,,0.04677754677754678,,,,,,0.0005775005775005775,,0.017036267036267035,,0.5365557865557866,,0.0037537537537537537,0.0005775005775005775,0.0012127512127512127,0.006294756294756294,,,,,0.018306768306768306,0.0037537537537537537,,,,,0.0031185031185031187,0.00693000693000693,0.004389004389004389,0.0005775005775005775,,,0.0012127512127512127,0.0005775005775005775,0.002483252483252483,,,0.0005775005775005775,,,,0.0005775005775005775,
,,0.001848001848001848,,,,0.14587664587664587,,0.001848001848001848,0.15274890274890274,,0.0012127512127512127,,0.01617001617001617,0.0005775005775005775,0.002483252483252483,0.0005775005775005775,,,,,,,,0.004966504966504966,0.0012127512127512127,,0.0012127512127512127,,0.0005775005775005775,,0.0012127512127512127,0.002483252483252483,0.0005775005775005775,0.04302379302379302,,,,,0.001848001848001848,0.0005775005775005775,,0.021194271194271194,,0.5415222915222915,,0.003060753060753061,,0.001848001848001848,0.009297759297759297,0.0012127512127512127,,,,0.016805266805266804,0.004966504966504966,,,,0.001848001848001848,0.001848001848001848,0.0061792561792561795,0.001848001848001848,,,0.0005775005775005775,0.0012127512127512127,,0.002483252483252483,,,0.002483252483252483,,,,0.0005775005775005775,
,,0.0005775005775005775,,,0.0005775005775005775,0.1344998844998845,0.0005775005775005775,0.003060753060753061,0.13634788634788636,,0.002483252483252483,,0.016805266805266804,,,,,,,,,,,0.00744975744975745,0.002483252483252483,,,,,,,0.0005775005775005775,,0.04042504042504042,,,,,0.0005775005775005775,0.0005775005775005775,0.001848001848001848,0.020501270501270503,0.0005775005775005775,0.5714368214368214,,0.0005775005775005775,,0.0012127512127512127,0.0061792561792561795,,,0.0005775005775005775,,0.01865326865326865,0.0012127512127512127,,,,0.0012127512127512127,0.002483252483252483,0.011203511203511204,0.008662508662508662,,,,,0.0005775005775005775,0.0005775005775005775,,,0.003696003696003696,0.0012127512127512127,,,0.0005775005775005775,
,,0.0012127512127512127,,,,0.14795564795564795,,0.002483252483252483,0.14859089859089858,,0.001848001848001848,,0.02691152691152691,,,,,,,,0.0005775005775005775,,,0.004966504966504966,0.001848001848001848,,,,,,0.0005775005775005775,0.0012127512127512127,0.0012127512127512127,0.03823053823053823,,,,,0.0005775005775005775,0.001848001848001848,,0.025698775698775697,,0.5497805497805499,0.0005775005775005775,0.0012127512127512127,0.0005775005775005775,0.001848001848001848,0.0031185031185031187,0.001848001848001848,,,,0.016285516285516284,,,,,0.0005775005775005775,0.001848001848001848,0.0037537537537537537,0.0012127512127512127,0.0005775005775005775,,,0.004331254331254331,0.0005775005775005775,,,,0.004331254331254331,0.0005775005775005775,,,,0.0012127512127512127
