Adair County,Alfalfa County,Atoka County,Beaver County,Beckham County,Blaine County,Bryan County,Caddo County,Canadian County,Carter County,Cherokee County,Choctaw County,Cimarron County,Cleveland County,Coal County,Comanche County,Cotton County,Craig County,Creek County,Custer County,Delaware County,Dewey County,Ellis County,Garfield County,Garvin County,Grady County,Grant County,Greer County,Harmon County,Harper County,Haskell County,Hughes County,Jackson County,Jefferson County,Johnston County,Kay County,Kingfisher County,Kiowa County,Latimer County,Le Flore County,Lincoln County,Logan County,Love County,Major County,Marshall County,Mayes County,McClain County,McCurtain County,McIntosh County,Murray County,Muskogee County,Noble County,Nowata County,Okfuskee County,Oklahoma County,Okmulgee County,Osage County,Ottawa County,Pawnee County,Payne County,Pittsburg County,Pontotoc County,Pottawatomie County,Pushmataha County,Roger Mills County,Rogers County,Seminole County,Sequoyah County,Stephens County,Texas County,Tillman County,Tulsa County,Wagoner County,Washington County,Washita County,Woods County,Woodward County
0.0004520250723240116,,0.003314850530376085,,,,0.010908871745419478,0.0023505303760848603,,,0.0004520250723240116,0.018985053037608488,,0.00901036644165863,,,,,,,,,,,0.0018985053037608487,0.0028326904532304724,,,,,,0.0009341851494696239,,,0.0018985053037608487,,,,,0.005695515911282546,,,,,0.0009341851494696239,,0.0014163452266152362,0.8892538572806171,,0.0014163452266152362,0.0014163452266152362,,,0.0014163452266152362,0.00901036644165863,,0.0009341851494696239,,,,0.005695515911282546,0.0018985053037608487,0.0004520250723240116,0.020401398264223724,,0.0004520250723240116,0.0009341851494696239,0.0004520250723240116,,,,0.004249035679845709,,0.0009341851494696239,,,
0.00048216007714561236,,0.0009643201542912247,,,,0.013138862102217937,,,,0.00048216007714561236,0.032606075216972036,,0.008739151398264224,,0.00048216007714561236,,,0.00048216007714561236,,,,,,,,,,,,0.0009643201542912247,0.0019286403085824494,,0.00048216007714561236,,,,,0.0019286403085824494,0.006328351012536162,,,0.00048216007714561236,,,,0.00048216007714561236,0.8737041947926711,0.00048216007714561236,,0.004851735776277724,,,0.0014464802314368371,0.007774831243972999,0.00048216007714561236,0.0009643201542912247,,,0.00048216007714561236,0.004851735776277724,0.00048216007714561236,0.0009643201542912247,0.022390308582449375,,0.00048216007714561236,,0.0009643201542912247,,,,0.009221311475409836,,0.00048216007714561236,,,
0.00048216007714561236,,0.0029532304725168757,,,0.00048216007714561236,0.008859691417550627,,0.0009643201542912247,,,0.042851976856316296,,0.0059064609450337514,,0.0009643201542912247,,,,,,,,,,,,,,,,,,,,,,,,0.005394165863066538,,0.00048216007714561236,0.00048216007714561236,,,,0.00048216007714561236,0.8629459980713596,0.00048216007714561236,,0.00195877531340405,,,,0.005394165863066538,0.00195877531340405,0.00195877531340405,,,0.0024409353905496625,0.0039175506268081,0.0024409353905496625,0.005394165863066538,0.02413813886210222,,0.0009643201542912247,,0.00195877531340405,,,,0.012295081967213115,,0.00048216007714561236,,,0.0009643201542912247
,,0.0015067502410800386,,,,0.0075337512054001925,,0.006027000964320154,0.00048216007714561236,0.00048216007714561236,0.023625843780135006,,0.005002410800385728,,0.002501205400192864,,,,,,,,,,,,,,,0.00048216007714561236,,0.0009944551591128256,,0.005002410800385728,,,,0.0009944551591128256,0.008528206364513019,,,0.00048216007714561236,0.00048216007714561236,,,0.0009944551591128256,0.8763259402121504,,0.0015067502410800386,0.0015067502410800386,,,0.00048216007714561236,0.011059546769527483,0.0009944551591128256,0.001988910318225651,,,0.004520250723240115,0.005002410800385728,0.0009944551591128256,0.0034956605593056897,0.016061957569913212,,0.0009944551591128256,0.00048216007714561236,0.001988910318225651,0.0009944551591128256,,,0.0034956605593056897,0.00048216007714561236,0.002501205400192864,,,
,,0.0025313404050144647,,,,0.004580520732883318,,,0.0009944551591128256,,0.02850771456123433,,0.004580520732883318,,0.002019045323047252,,,0.00048216007714561236,0.00048216007714561236,,,,,0.00048216007714561236,0.00048216007714561236,,,,,0.00048216007714561236,,0.0015067502410800386,,,,,,0.0009944551591128256,0.006599566055930569,,,0.00048216007714561236,,0.0009944551591128256,,0.0009944551591128256,0.8931412729026037,,,0.0025313404050144647,,,,0.01015549662487946,,0.0015067502410800386,,,0.00048216007714561236,0.004580520732883318,0.0015067502410800386,0.003043635486981678,0.01524831243972999,,,,0.00048216007714561236,0.00048216007714561236,,,0.008648746383799422,,0.0009944551591128256,,,
,,0.0015368852459016393,,,,0.006207810993249759,,,,,0.037819431051108965,,0.005695515911282546,,0.005153085824493732,,0.0005122950819672131,,,,,,,,,,,,,0.0005122950819672131,,,,,,,,0.0010245901639344263,0.004128495660559305,,,,0.0005122950819672131,,0.0015368852459016393,0.0005122950819672131,0.8801229508196722,0.0005122950819672131,,0.0025614754098360654,,,,0.009824011571841852,0.0010245901639344263,0.0010245901639344263,,,0.0010245901639344263,0.005695515911282546,0.0010245901639344263,0.0010245901639344263,0.01449493731918997,,0.0005122950819672131,0.0005122950819672131,0.0005122950819672131,0.0010245901639344263,,,0.012927917068466731,0.0005122950819672131,,,,0.0005122950819672131
,,0.0009944551591128256,,,,0.008136451301832208,,,0.00048216007714561236,,0.03926591128254581,,0.006117405978784957,0.0009944551591128256,0.004068225650916104,,,0.00048216007714561236,0.00048216007714561236,,,,,0.00048216007714561236,,,,,,,,,,,,0.00048216007714561236,,0.0025313404050144647,0.009161041465766635,,,,,,0.0009944551591128256,0.00048216007714561236,0.8573107521697203,,,0.0015067502410800386,,,,0.010697926711668275,0.0015067502410800386,0.00048216007714561236,,,0.00048216007714561236,0.008136451301832208,0.0015067502410800386,0.0009944551591128256,0.02193828351012536,,,0.00048216007714561236,0.0025313404050144647,0.0009944551591128256,0.00048216007714561236,,0.015308582449373193,0.00048216007714561236,,,,
,,0.003586065573770492,,0.0005122950819672131,,0.007684426229508197,,,0.0005122950819672131,,0.03546890067502411,,0.007172131147540984,0.0005122950819672131,0.004098360655737705,,,0.0005122950819672131,,,,,,0.0005122950819672131,0.0005122950819672131,,,,,,,,0.0010245901639344263,0.0025614754098360654,,,,0.0020491803278688526,0.010788331726133076,,,,,,,0.0005122950819672131,0.8624337029893925,,,0.0005122950819672131,,,,0.008739151398264224,0.0025614754098360654,0.0005122950819672131,,,0.006147540983606557,0.003586065573770492,0.0015368852459016393,0.0015368852459016393,0.017990597878495662,,0.0010245901639344263,0.0005122950819672131,0.0005122950819672131,0.0005122950819672131,,,0.013349807135969142,0.0005122950819672131,,,,
,,0.007051591128254581,,,,0.011119816779170684,,,0.00048216007714561236,,0.030315814850530375,,0.003013500482160077,0.0015067502410800386,0.0045503857280617165,,,0.0009944551591128256,,,,,,,,,,,,0.00048216007714561236,0.002019045323047252,,,,,,,0.003013500482160077,0.006569431051108968,,,,,,,,0.8163874156219866,,,0.00048216007714561236,,,,0.017689247830279652,0.010095226615236258,0.00048216007714561236,,0.00048216007714561236,0.006569431051108968,0.007051591128254581,0.006057135969141755,0.002501205400192864,0.0429725168756027,,0.00048216007714561236,,0.0009944551591128256,0.00048216007714561236,,,0.016152362584378015,,,,,
,,0.014736017357762777,,,,0.008829556412729027,,,0.0009643201542912247,0.006388621022179364,0.039326181292189004,,0.016694792671166827,,0.0009643201542912247,,,0.0014464802314368371,,,,,,0.0009643201542912247,,,,,,0.0009643201542912247,0.0039175506268081,,,,,,,0.0024409353905496625,0.009341851494696239,0.00048216007714561236,,,,0.00048216007714561236,,,0.781099324975892,0.00048216007714561236,,0.0014464802314368371,,0.00048216007714561236,0.00048216007714561236,0.01916586306653809,0.010818466730954678,0.00048216007714561236,,,0.007352941176470588,0.013771697203471553,0.008829556412729027,0.0039175506268081,0.03049662487945998,,0.0009643201542912247,0.0014464802314368371,,,,,0.010818466730954678,,,,,
,,0.012837512054001929,,,,0.004429845708775314,,0.00048216007714561236,0.00048216007714561236,0.00195877531340405,0.027181774349083896,,0.020250723240115717,0.0009643201542912247,0.00048216007714561236,,,0.00048216007714561236,,,,,,,,,,,,0.0009643201542912247,0.003947685631629701,,,0.0029532304725168757,,,,,0.005424300867888139,,0.00048216007714561236,,,0.00048216007714561236,0.00048216007714561236,,0.7799240597878496,0.0009643201542912247,,,,0.00048216007714561236,0.00195877531340405,0.04351494696239151,0.005424300867888139,0.0009643201542912247,,,0.0059064609450337514,0.02076301832208293,0.006900916104146577,0.00741321118611379,0.019286403085824494,,0.00048216007714561236,0.0029532304725168757,,,,,0.01829194792671167,0.00048216007714561236,,,,
,,0.0015368852459016393,,,,0.006720106075216972,,,0.0005122950819672131,0.0020491803278688526,0.024861378977820637,,0.008287126325940213,,0.0005122950819672131,0.0005122950819672131,,,,,,,,,,,,,,,,,,0.0005122950819672131,,,,0.0010245901639344263,0.006207810993249759,,,,,,0.0005122950819672131,,0.8863307618129219,0.0010245901639344263,,0.0020491803278688526,,,,0.013470347155255545,0.0025614754098360654,0.0010245901639344263,,,0.005153085824493732,0.004640790742526519,0.0025614754098360654,0.0005122950819672131,0.012415621986499517,,,,0.0005122950819672131,,,,0.013982642237222759,0.0005122950819672131,,,,
,,0.00156702025072324,,,,0.01054725168756027,,,0.002109450337512054,0.0026217454194792673,0.029050144648023142,,0.006840646094503375,,0.0026217454194792673,,,,,,,,,0.001054725168756027,,,,,,,,,,0.0005122950819672131,,,,0.002109450337512054,0.00898023143683703,,,,,0.0005122950819672131,,,0.8608365477338477,,,0.001054725168756027,,,,0.010034956605593058,0.002109450337512054,0.001054725168756027,,,0.009492526518804244,0.0057859209257473485,0.0057859209257473485,0.001054725168756027,0.02694069431051109,,0.0005122950819672131,,0.0005122950819672131,0.0005122950819672131,,,0.0057859209257473485,,,,,
,,0.008859691417550627,,,,0.011993731918997106,,0.0005122950819672131,,0.0005122950819672131,0.03709619093539055,,0.007292671166827387,0.0005122950819672131,0.00156702025072324,,,0.0005122950819672131,,,,,0.0005122950819672131,,,,,,,,,,,0.0005122950819672131,,,,0.0047010607521697206,0.013048457087753134,,,,,0.0005122950819672131,,,0.8289537126325941,,,0.0010245901639344263,,,0.0010245901639344263,0.017749517839922853,0.0036463355834136933,0.0020793153326904533,,0.0005122950819672131,0.006780376084860174,0.0078351012536162,0.0036463355834136933,0.00156702025072324,0.02612704918032787,,0.0010245901639344263,,0.0010245901639344263,,,,0.008347396335583413,0.0005122950819672131,,,,
,,0.001054725168756027,,,,0.004851735776277724,,0.0021395853423336548,,0.0005122950819672131,0.0351976856316297,,0.014615477338476374,0.0005122950819672131,0.001054725168756027,,,,,0.001054725168756027,,,,,,,,,,,0.0005122950819672131,,,,,,,0.004851735776277724,0.008106316297010608,,0.001054725168756027,,,0.001597155255544841,,,0.8235294117647058,0.001054725168756027,,0.001054725168756027,,,,0.019497348119575698,0.0026820154291224687,0.001597155255544841,0.0032244455159112827,,0.00973360655737705,0.011360896817743492,0.0037668756027000963,0.006479026036644166,0.016242767598842817,,0.001054725168756027,0.001597155255544841,0.0021395853423336548,,,,0.017870057859209258,,,,,
,,0.0015368852459016393,,,,0.009281581485053038,,0.0005122950819672131,0.0010245901639344263,0.0010245901639344263,0.03616200578592092,,0.011360896817743492,,0.0005122950819672131,,,0.0005122950819672131,,,,,,0.0010245901639344263,,,,,,0.0005122950819672131,0.0005122950819672131,,,,,,,0.005153085824493732,0.006689971070395371,,0.0025614754098360654,,,0.0010245901639344263,0.0005122950819672131,0.0005122950819672131,0.8396215043394407,0.0005122950819672131,,0.0005122950819672131,,,,0.012385486981677917,0.0036162005785920926,0.0015368852459016393,0.0005122950819672131,,0.006177675988428158,0.007232401157184185,0.005665380906460945,,0.018593297974927675,,0.0010245901639344263,,0.0010245901639344263,,,0.0005122950819672131,0.020130183220829316,0.0005122950819672131,,,,
,,0.0005122950819672131,0.0005122950819672131,0.0010245901639344263,,0.011391031822565092,,,0.0020491803278688526,0.0020491803278688526,0.0586427193828351,,0.012958052073288331,,0.0015368852459016393,,,,,,,,,,,,,,,,,,,0.0005122950819672131,,,,0.004128495660559305,0.004670925747348119,0.0005122950819672131,0.006207810993249759,,,0.0031039054966248794,,0.0005122950819672131,0.7928519768563163,0.0005122950819672131,,0.0010245901639344263,,,,0.019708293153326905,0.0031039054966248794,0.0005122950819672131,,,0.006207810993249759,0.012958052073288331,0.004128495660559305,0.0031039054966248794,0.020732883317261332,,0.0020491803278688526,,0.0010245901639344263,,,,0.016061957569913212,,0.005695515911282546,,,
,,0.006840646094503375,,0.0005122950819672131,,0.012656702025072323,,0.001054725168756027,0.006840646094503375,0.00156702025072324,0.06225891996142719,,0.01054725168756027,,0.0026217454194792673,,,,,,,,,,0.0005122950819672131,,,,,0.001054725168756027,,,,,,,,0.00156702025072324,0.0195274831243973,0.001054725168756027,0.00156702025072324,,,0.008437801350048216,,0.0026217454194792673,0.7275494214079075,0.001054725168756027,0.002109450337512054,0.003676470588235294,,,,0.014766152362584379,0.0026217454194792673,0.003164175506268081,,0.0005122950819672131,0.010004821600771456,0.014223722275795565,0.0026217454194792673,0.004218900675024108,0.016875602700096432,,0.003164175506268081,,0.0005122950819672131,,,,0.04854749276759884,0.0005122950819672131,0.0026217454194792673,,,
,,0.004188765670202507,,0.0020793153326904533,,0.0052434908389585345,,0.0005122950819672131,0.0005122950819672131,0.0026217454194792673,0.0194672131147541,,0.009462391513982642,,0.0005122950819672131,,,,,,,,,0.0005122950819672131,0.0005122950819672131,,,,,,0.0005122950819672131,,,,0.0010245901639344263,,,0.0005122950819672131,0.0057859209257473485,0.0005122950819672131,,,,0.0026217454194792673,,0.0010245901639344263,0.8626446480231437,0.0005122950819672131,0.008407666345226616,0.0010245901639344263,,,0.0005122950819672131,0.012084136933461909,0.003676470588235294,0.00313404050144648,,,0.006840646094503375,0.004731195756991321,0.00313404050144648,0.0010245901639344263,0.014736017357762777,,0.0005122950819672131,0.0005122950819672131,0.0005122950819672131,,,,0.015790742526518804,0.0005122950819672131,0.0020793153326904533,,,
,,0.0053640308582449375,,0.001054725168756027,,0.0059064609450337514,,,0.006418756027000964,0.0021395853423336548,0.02308341369334619,,0.0053640308582449375,0.0005122950819672131,0.001054725168756027,,,0.0005122950819672131,,0.0005122950819672131,,,,,,,,,,,,,,,0.001597155255544841,,,0.0042791706846673095,0.00858847637415622,0.0005122950819672131,0.0005122950819672131,0.0005122950819672131,,0.0042791706846673095,,,0.8501988910318226,0.0005122950819672131,0.009643201542912247,0.001597155255544841,,,,0.011270491803278689,0.001597155255544841,0.0042791706846673095,,,0.006961186113789778,0.0048216007714561235,0.001054725168756027,0.0037367405978784955,0.01877410800385728,,0.0021395853423336548,,,,,,0.010185631629701061,0.0005122950819672131,0.0005122950819672131,,,
,,0.011029411764705883,,,,0.010486981677917069,,,0.00156702025072324,0.0005122950819672131,0.02151639344262295,,0.007865236258437802,,0.0010245901639344263,,,0.0005122950819672131,,,,,,0.0010245901639344263,,,,,,,,,,,0.0010245901639344263,,,0.004188765670202507,0.008919961427193828,0.0005122950819672131,,,,0.0005122950819672131,,0.0005122950819672131,0.8669840887174542,,,0.0020793153326904533,,,,0.007352941176470588,0.0026217454194792673,0.0010245901639344263,,,0.005755785920925747,0.008377531340405014,0.0020793153326904533,0.0005122950819672131,0.022058823529411766,,,,,,,,0.009432256509161041,,0.0005122950819672131,,,
,,0.0005122950819672131,,,,0.008799421407907425,,,,0.0010245901639344263,0.028537849566055932,,0.006720106075216972,,0.0010245901639344263,,,0.0005122950819672131,,,,,,0.0020491803278688526,,,,,,,,,,,0.0015368852459016393,,,0.0015368852459016393,0.005695515911282546,0.0005122950819672131,,,,,,0.0005122950819672131,0.8835884763741562,,,0.0005122950819672131,,,,0.012958052073288331,0.0010245901639344263,0.0010245901639344263,,0.0005122950819672131,0.006720106075216972,0.0025916104146576665,0.0010245901639344263,0.0010245901639344263,0.020732883317261332,,,,,,,,0.008799421407907425,,,,0.0005122950819672131,
,,,,0.0015067502410800386,,0.010667791706846673,,0.0009944551591128256,,0.00048216007714561236,0.03004459980713597,,0.008136451301832208,0.0009944551591128256,0.0015067502410800386,,,0.00048216007714561236,,,,,,0.0009944551591128256,,,,,,0.0015067502410800386,,,,,0.0009944551591128256,,,0.004068225650916104,0.009673336547733847,0.00048216007714561236,0.0009944551591128256,,,,,0.00048216007714561236,0.8319973481195757,0.00048216007714561236,,0.007624156219864995,,,0.00048216007714561236,0.019346673095467695,0.0025313404050144647,0.0015067502410800386,,,0.009161041465766635,0.007111861137897782,0.004068225650916104,0.004068225650916104,0.022902603664416585,,0.003555930568948891,0.00048216007714561236,,,,,0.010667791706846673,,,,,
,,0.003706605593056895,,0.001054725168756027,,0.02067261330761813,,0.002651880424300868,0.001054725168756027,0.001054725168756027,0.03763862102217937,,0.006870781099324976,,0.00156702025072324,,,0.0005122950819672131,,,,,,,,,,,,0.0005122950819672131,,,,0.0005122950819672131,0.004218900675024108,,,0.006870781099324976,0.006870781099324976,,0.0005122950819672131,0.001054725168756027,0.0005122950819672131,0.0005122950819672131,,0.0005122950819672131,0.7840525554484089,,,0.012174541947926712,,,,0.023324493731918996,0.002109450337512054,0.002651880424300868,,,0.006870781099324976,0.011662246865959498,0.005303760848601736,0.004761330761812922,0.02651880424300868,,0.005816055930568949,,0.001054725168756027,,,,0.014314127290260367,,,,,0.0005122950819672131
,,0.008829556412729027,,0.0010848601735776277,,0.03209378013500482,,0.002199855351976856,,0.0005424300867888139,0.04095347155255545,,0.014374397299903568,,0.007172131147540984,,,,,,,,,,,,,,,,,,,0.0005424300867888139,0.0016574252651880424,,,,0.009944551591128255,,0.0005424300867888139,0.0016574252651880424,,,,0.0005424300867888139,0.7529532304725168,0.0005424300867888139,0.0016574252651880424,0.012716972034715526,,0.0010848601735776277,0.0016574252651880424,0.018261812921890067,0.004399710703953712,0.0005424300867888139,,,0.009944551591128255,0.012174541947926712,0.003314850530376085,0.002199855351976856,0.020461668273866924,,0.003857280617164899,,0.002199855351976856,,,,0.029893924783027964,,,,,
,,0.001597155255544841,,0.001054725168756027,,0.008558341369334619,,0.0005122950819672131,,0.0005122950819672131,0.027844744455159113,,0.01015549662487946,,0.001597155255544841,,,0.0005122950819672131,,,,,,,0.0005122950819672131,,,,,0.0005122950819672131,,,,0.001597155255544841,0.003194310511089682,,,0.001597155255544841,0.012295081967213115,0.0005122950819672131,,0.0005122950819672131,,0.0005122950819672131,,,0.8655376084860174,,,0.0021395853423336548,,,,0.009613066538090647,0.003194310511089682,0.001597155255544841,,,0.008558341369334619,0.005333895853423336,0.0021395853423336548,0.001597155255544841,0.013379942140790742,,0.0005122950819672131,,0.003194310511089682,,,,0.009100771456123433,,,0.0005122950819672131,,
,,0.0010848601735776277,,,,0.007594021215043395,0.0005424300867888139,,0.0021697203471552555,0.0027121504339440695,0.036885245901639344,,0.006509161041465767,,0.0016272902603664417,,,,,,,,,,,,,,,0.0010848601735776277,,,,0.0005424300867888139,0.0010848601735776277,,,0.0021697203471552555,0.007051591128254581,,,,,,,0.0005424300867888139,0.8502892960462873,,,0.0010848601735776277,,,,0.014103182256509162,0.0032545805207328834,0.0016272902603664417,,,0.008136451301832208,0.004881870781099325,0.0027121504339440695,0.005966730954676953,0.026036644165863067,,0.0010848601735776277,0.0010848601735776277,0.0005424300867888139,,,,0.007594021215043395,,,,,
,,0.0021697203471552555,,0.0005424300867888139,,0.01253616200578592,,0.0010848601735776277,0.0010848601735776277,0.0010848601735776277,0.041465766634522665,,0.005454435872709739,,0.0021697203471552555,,,,,,,,,,,,,,,,,,0.0010848601735776277,,0.0021697203471552555,,,0.0016272902603664417,0.008166586306653808,,,,,,,,0.8643623432979749,,,0.0027121504339440695,,,,0.005996865959498553,0.0016272902603664417,0.0010848601735776277,,,0.008709016393442622,0.004912005785920926,0.0021697203471552555,0.0037970106075216974,0.017990597878495662,,,,0.0005424300867888139,,,,0.004912005785920926,0.0005424300867888139,,,,
,,0.0011149951783992285,,0.0005424300867888139,,0.009552796528447444,,0.002229990356798457,0.0011149951783992285,0.0005424300867888139,0.03037608486017358,,0.002229990356798457,0.0005424300867888139,0.0011149951783992285,,0.0005424300867888139,0.0005424300867888139,,,,,,,,,,,,,,,,,0.002229990356798457,,,0.005605110896817743,0.00898023143683703,0.0005424300867888139,,,,0.0011149951783992285,,,0.8636692381870781,,,0.0011149951783992285,,,,0.00898023143683703,0.0016875602700096432,0.0005424300867888139,,,0.006177675988428158,0.0016875602700096432,0.006177675988428158,0.0033751205400192863,0.028688524590163935,,,,,,,,0.00898023143683703,,,,,
,,0.0011451301832208294,,,,0.013168997107039537,,0.002862825458052073,0.004580520732883318,0.002862825458052073,0.04071239151398264,,0.007443346190935391,0.0005725650916104147,0.0040079556412729025,,,,,,,,,,,,,,,,,,,,0.001717695274831244,,,0.005153085824493732,0.016634522661523626,0.0011451301832208294,,,,0.0005725650916104147,,,0.8349807135969142,,,0.0005725650916104147,,,,0.00973360655737705,0.001717695274831244,0.001717695274831244,,,0.008015911282545805,0.0011451301832208294,0.003435390549662488,0.004580520732883318,0.021215043394406944,,0.0005725650916104147,,,,,,0.00973360655737705,,,,,
,,0.0005424300867888139,,,,0.019858968177434908,0.0005424300867888139,0.003857280617164899,0.0010848601735776277,0.0005424300867888139,0.04583534233365477,,0.009914416586306653,0.0005424300867888139,0.0010848601735776277,,,,,,,,,0.0005424300867888139,0.0010848601735776277,,,,,,,,,,0.00274228543876567,,,0.00274228543876567,0.012686837029893925,0.0016272902603664417,,,,,,0.0005424300867888139,0.7973119575699132,,,0.0005424300867888139,,,,0.019316538090646096,0.0005424300867888139,0.003284715525554484,,,0.009371986499517839,0.003284715525554484,0.004399710703953712,0.012144406943105111,0.023746383799421407,,0.0005424300867888139,0.0016272902603664417,0.0016272902603664417,0.0010848601735776277,0.0005424300867888139,,0.012686837029893925,0.0010848601735776277,,,,0.0010848601735776277
,,0.0156400675024108,,,,0.016935872709739633,0.0004218900675024108,0.0025916104146576665,0.0008437801350048216,,0.08564368370298939,,0.006931051108968177,0.0012958052073288333,,,,0.0038874156219864996,0.0008437801350048216,,,,,,0.0021697203471552555,,,,,0.0004218900675024108,,,,,0.004339440694310511,,,0.004761330761812922,0.0156400675024108,,0.0012958052073288333,,,0.0004218900675024108,0.0004218900675024108,0.001717695274831244,0.7179363548698168,0.0004218900675024108,,0.0012958052073288333,,0.0008437801350048216,0.0004218900675024108,0.018261812921890067,0.004339440694310511,0.0004218900675024108,,,0.009130906460945033,0.009974686595949855,0.019979508196721313,0.01130062680810029,0.025192864030858245,,,0.0004218900675024108,0.0008437801350048216,0.0004218900675024108,,,0.010848601735776278,0.0004218900675024108,,,,0.0012958052073288333
,,0.0004218900675024108,,,,0.003977820636451302,,0.001325940212150434,0.004429845708775314,0.0004218900675024108,0.02657907425265188,,0.0075337512054001925,,,,,0.004429845708775314,0.0008739151398264224,0.001325940212150434,,,,,0.001325940212150434,,,,,,,,,,0.0017478302796528448,,,0.001325940212150434,0.007081726133076181,,,,0.0004218900675024108,0.0004218900675024108,0.0004218900675024108,0.0008739151398264224,0.8533027965284474,0.0008739151398264224,,0.002651880424300868,,,,0.014163452266152362,0.003977820636451302,,,,0.014163452266152362,0.006177675988428158,0.005755785920925747,0.007955641272902604,0.015489392478302796,,,0.0008739151398264224,0.0008739151398264224,0.0004218900675024108,,,0.007955641272902604,0.0004218900675024108,,,,
,,0.0021395853423336548,,,,0.006840646094503375,,0.0004218900675024108,0.0029833654773384764,0.0008437801350048216,0.03465525554484089,,0.0072625361620057855,,,,,,,,,,,0.0004218900675024108,0.0004218900675024108,,,,,,,,,0.0008437801350048216,0.0008437801350048216,,,0.0042791706846673095,0.00898023143683703,,,,,0.0004218900675024108,,0.0004218900675024108,0.8709920443587271,0.0008437801350048216,0.0004218900675024108,,,,,0.011541706846673095,0.0004218900675024108,,,,0.005544840887174542,0.0021395853423336548,0.003405255544840887,0.0021395853423336548,0.019256268081002892,,,,0.0016875602700096432,0.0004218900675024108,,,0.008558341369334619,0.0008437801350048216,,,,
,,0.0009040501446480232,,,,0.015941417550626807,,0.0004520250723240116,0.003164175506268081,0.0004520250723240116,0.03146094503375121,,0.009100771456123433,0.0022601253616200577,0.0004520250723240116,,,,,,,,,0.0009040501446480232,0.0004520250723240116,,,,,0.0009040501446480232,,,,0.0009040501446480232,0.0013560752169720347,,,0.0059064609450337514,0.015037367405978785,,,,,0.0004520250723240116,,0.0004520250723240116,0.84299662487946,0.0004520250723240116,0.0036463355834136933,0.0004520250723240116,,,,0.01093900675024108,0.0018081002892960463,,,,0.006358486017357763,0.0013560752169720347,0.005454435872709739,0.0045503857280617165,0.022812198649951786,,,,0.0013560752169720347,0.0009040501446480232,,,0.0059064609450337514,,0.0004520250723240116,,,
,,0.0009341851494696239,,,,0.010004821600771456,,0.0014163452266152362,0.003314850530376085,0.0018985053037608487,0.04007955641272903,,0.0052434908389585345,,,,0.0004520250723240116,,,,,,,,0.0004520250723240116,,,,,,0.0004520250723240116,,,,0.0018985053037608487,,,0.0018985053037608487,0.005725650916104146,,,,,0.0004520250723240116,,,0.8720166345226615,0.0004520250723240116,,,,,0.0004520250723240116,0.009522661523625844,0.002380665380906461,,,,0.00858847637415622,0.003314850530376085,0.002380665380906461,0.002862825458052073,0.020521938283510125,,,0.0004520250723240116,,0.0009341851494696239,,,0.0018985053037608487,,,,,
,,0.012837512054001929,,0.0004520250723240116,,0.0156702025072324,,0.003314850530376085,0.0018985053037608487,0.0004520250723240116,0.0351675506268081,,0.00662970106075217,,,,,,,,,,,0.0004520250723240116,0.0004520250723240116,,,,,,,,,,0.0014163452266152362,,,0.0042791706846673095,0.013771697203471553,,,,,0.0004520250723240116,,0.0004520250723240116,0.8321781581485053,0.0009341851494696239,,0.0004520250723240116,,,0.0004520250723240116,0.010456846673095467,0.0014163452266152362,,,,0.006177675988428158,0.007594021215043395,0.0028326904532304724,0.005695515911282546,0.029472034715525553,,0.0009341851494696239,0.0004520250723240116,,0.0004520250723240116,,,0.0023505303760848603,,0.0004520250723240116,,,
,,0.014555207328833173,,0.0004520250723240116,,0.017749517839922853,0.0004520250723240116,,0.0013560752169720347,,0.05237463837994214,,0.010456846673095467,0.0009040501446480232,0.0013560752169720347,,,,0.0004520250723240116,,,,,,0.0018081002892960463,,,,,0.0004520250723240116,,,,,0.0009040501446480232,,,0.004098360655737705,0.017297492767598843,,,,,0.0004520250723240116,,0.0013560752169720347,0.7807377049180328,0.0004520250723240116,,0.0013560752169720347,,,,0.015489392478302796,,,,,0.006358486017357763,0.010004821600771456,0.0018081002892960463,0.003164175506268081,0.031882835101253615,,,0.0004520250723240116,0.0004520250723240116,0.0004520250723240116,,,0.01865356798457088,0.0013560752169720347,,0.0009040501446480232,,
,,0.010034956605593058,,0.0008437801350048216,,0.02139585342333655,0.0021697203471552555,0.003043635486981678,0.0004218900675024108,,0.02663934426229508,,0.010034956605593058,0.0004218900675024108,0.001717695274831244,,,,,0.0004218900675024108,,,0.0008437801350048216,,0.001717695274831244,,,,,0.0012958052073288333,,,,,0.0008437801350048216,0.0004218900675024108,,0.004339440694310511,0.013078592092574734,,,0.0004218900675024108,,0.001717695274831244,,0.0004218900675024108,0.8032184185149469,0.0008437801350048216,,0.0004218900675024108,,,,0.01527844744455159,0.0034655255544840885,,,,0.005665380906460945,0.008709016393442622,,0.005213355834136933,0.027513259402121504,,0.0008437801350048216,,0.009161041465766635,,,,0.016152362584378015,0.0008437801350048216,0.0004218900675024108,,,
0.0004218900675024108,,0.002109450337512054,,,,0.00979387656702025,,0.0016875602700096432,0.0016875602700096432,0.0004218900675024108,0.022179363548698167,,0.007654291224686596,,,,,,,,,,,,0.0008437801350048216,,,,,0.0004218900675024108,,,,,0.0008437801350048216,,,0.0016875602700096432,0.0050928158148505305,,,0.0008437801350048216,,0.0008437801350048216,0.0004218900675024108,0.0004218900675024108,0.8851554966248795,0.0008437801350048216,,0.0008437801350048216,,,0.0004218900675024108,0.009371986499517839,0.0004218900675024108,,,,0.006810511089681774,0.006388621022179364,0.0012656702025072323,0.0029833654773384764,0.019617888138862102,,0.0004218900675024108,,,,,,0.007232401157184185,0.0008437801350048216,,,,
,,0.0008437801350048216,,,0.0004218900675024108,0.011149951783992286,,0.0004218900675024108,,0.001717695274831244,0.03266634522661523,,0.010306171648987464,,0.0004218900675024108,,0.0004218900675024108,,,,,,,,0.0004218900675024108,,,,,0.0012656702025072323,,,,,0.001717695274831244,,,0.0025614754098360654,0.0047010607521697206,,,,,,,0.0004218900675024108,0.8679484088717454,,,0.001717695274831244,,,,0.011149951783992286,0.0008437801350048216,0.0004218900675024108,,,0.007714561234329798,0.005574975891996143,0.0047010607521697206,0.003857280617164899,0.018472757955641274,,0.0004218900675024108,0.0008437801350048216,0.0004218900675024108,,,,0.006448891031822565,,,,,
,,0.0038874156219864996,,,,0.011210221793635487,,0.00048216007714561236,0.0014464802314368371,0.0014464802314368371,0.035649710703953716,,0.008769286403085825,0.00048216007714561236,0.0009643201542912247,,,,,,,,,,0.00048216007714561236,,,,,0.0014464802314368371,,,,0.00048216007714561236,0.0019286403085824494,,,0.0053640308582449375,0.010728061716489875,,,,,,,,0.8523987463837994,0.0019286403085824494,,,,,,0.008769286403085825,0.0014464802314368371,0.00048216007714561236,,,0.0078049662487945995,0.0024409353905496625,0.0038874156219864996,0.00584619093539055,0.023927193828351012,,,0.00048216007714561236,,0.0009643201542912247,,,0.004369575699132112,,0.00048216007714561236,,,
,,0.007051591128254581,,,,0.010848601735776278,,0.003284715525554484,0.005183220829315333,0.0018683702989392478,0.035860655737704916,,0.00895009643201543,,,,,,,,,,,0.0004520250723240116,,,,,,,0.0004520250723240116,,,,0.0018683702989392478,,,0.004218900675024108,0.007051591128254581,,0.0009341851494696239,,,0.0004520250723240116,,0.0009341851494696239,0.8193105110896818,0.0004520250723240116,,0.0037668756027000963,,,,0.021215043394406944,0.0028025554484088716,0.0004520250723240116,,,0.0056352459016393444,0.008467936354869816,0.0056352459016393444,0.013199132111861137,0.015097637415621987,,0.0009341851494696239,0.0028025554484088716,0.0037668756027000963,,,,0.006117405978784957,,,,0.0009341851494696239,
,,0.0009341851494696239,,,,0.008467936354869816,,0.0004520250723240116,,0.0009341851494696239,0.03444431051108968,,0.008467936354869816,0.0009341851494696239,,,,,,,,,,,,,,,,,,,,,0.0018683702989392478,0.0009341851494696239,,0.003284715525554484,0.013199132111861137,0.0004520250723240116,,,,0.0004520250723240116,,,0.7791706846673095,0.0004520250723240116,,0.0013862102217936355,,,0.0004520250723240116,0.04764344262295082,0.0037668756027000963,0.0009341851494696239,,,0.0056352459016393444,0.01603182256509161,0.0047010607521697206,0.03489633558341369,0.019346673095467695,,0.0013862102217936355,0.0023505303760848603,,,,,0.006117405978784957,0.0004520250723240116,0.0004520250723240116,,,
,,0.0022601253616200577,,,,0.010456846673095467,0.0004520250723240116,0.0022601253616200577,0.0009040501446480232,0.0022601253616200577,0.053700578592092575,,0.008648746383799422,,0.0022601253616200577,,,,0.0018081002892960463,,,,,,,,,,,,,,,0.0009040501446480232,0.0009040501446480232,0.0009040501446480232,,0.0059064609450337514,0.015007232401157184,,,,,,0.0004520250723240116,0.0009040501446480232,0.7808883799421408,0.0009040501446480232,0.0004520250723240116,,,,0.0004520250723240116,0.025946239151398265,0.0004520250723240116,0.0013560752169720347,,,0.0059064609450337514,0.008166586306653808,0.0022601253616200577,0.02184787849566056,0.026850289296046288,,,0.0009040501446480232,0.0022601253616200577,,0.0009040501446480232,,0.009100771456123433,0.0009040501446480232,,,,0.0004520250723240116
,,0.0013560752169720347,,,,0.008709016393442622,0.0004520250723240116,0.0004520250723240116,0.0009040501446480232,0.005032545805207329,0.02886933461909354,,0.009613066538090647,0.0009040501446480232,0.0004520250723240116,,,0.0004520250723240116,0.0009040501446480232,,,0.0009040501446480232,,,,,,,,,,,,0.0009040501446480232,,0.0009040501446480232,,0.00548457087753134,0.012837512054001929,,0.0004520250723240116,,,0.0009040501446480232,,0.0009040501446480232,0.8188584860173578,0.0013560752169720347,0.0004520250723240116,,,,,0.020160318225650915,0.003194310511089682,0.0009040501446480232,,,0.005936595949855352,0.009613066538090647,0.005032545805207329,0.010065091610414658,0.020612343297974928,,,,0.00274228543876567,,0.0013560752169720347,,0.017418032786885244,,,0.0009040501446480232,,
,,0.001838235294117647,,,,0.009221311475409836,,0.0004520250723240116,0.002290260366441659,0.0009040501446480232,0.02263138862102218,,0.011541706846673095,,0.001838235294117647,,0.0004520250723240116,0.0004520250723240116,0.0009040501446480232,,,,,,0.0004520250723240116,,,,,,,,,0.0004520250723240116,,,,0.002290260366441659,0.014314127290260367,0.0004520250723240116,,0.0013862102217936355,,0.0004520250723240116,,0.0009040501446480232,0.852579556412729,0.0009040501446480232,,0.0013862102217936355,,,0.0009040501446480232,0.021697203471552556,0.001838235294117647,,,,0.006448891031822565,0.005062680810028929,0.005062680810028929,0.0078351012536162,0.011089681774349084,,,,0.002772420443587271,,0.0009040501446480232,,0.0078351012536162,,,,0.0004520250723240116,
0.0004520250723240116,,0.0004520250723240116,,,,0.009100771456123433,,0.0004520250723240116,0.0009341851494696239,0.0018985053037608487,0.03308823529411765,,0.01054725168756027,,0.0014163452266152362,,0.0009341851494696239,0.0004520250723240116,0.0014163452266152362,0.0004520250723240116,,,,,0.0004520250723240116,,,,,,,,,,,,,0.0009341851494696239,0.011029411764705883,,,0.0009341851494696239,,,,,0.8317261330761813,0.0014163452266152362,0.0009341851494696239,0.0004520250723240116,,,,0.02974324975891996,0.002380665380906461,,,,0.009582931533269045,0.011511571841851495,0.003827145612343298,0.011029411764705883,0.018231677917068468,,,,0.0004520250723240116,,0.0009341851494696239,,0.0018985053037608487,,,,0.0009341851494696239,
,,0.003947685631629701,,,,0.01133076181292189,,,0.0009643201542912247,0.00048216007714561236,0.029110414657666346,,0.014796287367405979,0.00048216007714561236,,,,,,,,,,,0.0009643201542912247,,,,,,,,,,,,,0.003947685631629701,0.006388621022179364,,,,,,,0.00048216007714561236,0.8675566538090647,0.00048216007714561236,,0.0009643201542912247,,,,0.006900916104146577,0.004429845708775314,,,,0.006900916104146577,0.004429845708775314,0.003435390549662488,0.0029532304725168757,0.023173818707810993,,0.00048216007714561236,0.00048216007714561236,,,,0.00048216007714561236,0.004429845708775314,,,,,
,,0.002772420443587271,,0.0004520250723240116,,0.016242767598842817,,0.0009040501446480232,0.002772420443587271,0.0004520250723240116,0.030677434908389586,,0.013922372227579556,0.0004520250723240116,,,,,,,,,,0.0004520250723240116,0.0009040501446480232,,,,,,,,,,,,,0.001838235294117647,0.006027000964320154,,,,,0.0013862102217936355,,,0.8563162970106075,0.001838235294117647,,0.002772420443587271,,,,0.009281581485053038,0.0023203953712632596,,,,0.007895371263259402,0.006027000964320154,0.004640790742526519,0.0013862102217936355,0.019497348119575698,,0.0004520250723240116,,0.001838235294117647,,,,0.006479026036644166,,,,,
,,0.004038090646094504,,,,0.019406943105110895,,,0.0008739151398264224,0.0004218900675024108,0.037005785920925745,,0.015790742526518804,,,,,0.0004218900675024108,,0.0008739151398264224,,,,,,,,,,,0.001325940212150434,,,,,,,0.004490115718418515,0.008106316297010608,,,0.005394165863066538,,0.0004218900675024108,0.0004218900675024108,,0.7982762777242045,0.001325940212150434,,,,,,0.008106316297010608,0.004942140790742526,0.0004218900675024108,,,0.007202266152362584,0.01443466730954677,0.008558341369334619,0.00313404050144648,0.02302314368370299,,,,,,,,0.03158148505303761,,,,,
,,0.005695515911282546,,,,0.011421166827386692,,0.0014163452266152362,0.0014163452266152362,0.0009341851494696239,0.04140549662487946,,0.01331967213114754,,,,,,,,,,,0.008076181292189007,,,,0.0004520250723240116,,,,,,,,,,0.002380665380906461,0.01331967213114754,0.0009341851494696239,,,,0.0004520250723240116,,0.0018985053037608487,0.799903567984571,0.0014163452266152362,,,,,0.0004520250723240116,0.01521817743490839,0.002380665380906461,,,,0.0042791706846673095,0.011421166827386692,0.010456846673095467,0.00665983606557377,0.025222999035679847,,0.0014163452266152362,0.0018985053037608487,0.00904050144648023,,,,0.00665983606557377,,0.0004520250723240116,,,
0.0018985053037608487,,0.012385486981677917,,,,0.020491803278688523,,0.00904050144648023,0.0009341851494696239,,0.03287729026036644,,0.010486981677917069,0.0014163452266152362,0.0037970106075216974,,,,,,,,,0.013349807135969142,,,,,,,,,,0.0004520250723240116,,,,0.0009341851494696239,0.008076181292189007,0.0009341851494696239,,0.0014163452266152362,,0.0014163452266152362,,0.0004520250723240116,0.7931533269045323,,0.0004520250723240116,0.0009341851494696239,0.0004520250723240116,,,0.01714681774349084,,0.0009341851494696239,,,0.003314850530376085,0.006177675988428158,0.009522661523625844,0.00665983606557377,0.02190814850530376,,0.0009341851494696239,0.0004520250723240116,,,,,0.01714681774349084,,0.0004520250723240116,,,
,,0.0032545805207328834,,,,0.009371986499517839,,,,0.0004520250723240116,0.02624758919961427,,0.00702145612343298,,0.0013862102217936355,,,,,,,,,0.0004520250723240116,,,,,,,,,,,,,,0.0018683702989392478,0.00702145612343298,0.0004520250723240116,,0.0013862102217936355,,0.0004520250723240116,0.0004520250723240116,0.0004520250723240116,0.8845226615236259,0.0004520250723240116,0.0009341851494696239,0.0009341851494696239,,,0.0018683702989392478,0.005153085824493732,0.004218900675024108,0.0013862102217936355,,,0.005605110896817743,0.006087270973963356,0.0009341851494696239,0.004218900675024108,0.013590887174541948,,0.0009341851494696239,,0.0009341851494696239,,,,0.00702145612343298,,0.0009341851494696239,,,
,,0.001325940212150434,,,,0.008467936354869816,,,0.0008739151398264224,0.001325940212150434,0.024560028929604627,,0.00623794599807136,0.0004218900675024108,0.0031039054966248794,,0.0004218900675024108,0.0004218900675024108,,,0.0004218900675024108,,,0.002229990356798457,,,,,,,,,,,,,,0.0017779652844744456,0.007594021215043395,,,,,0.0004218900675024108,,,0.8834679363548699,,0.0004218900675024108,0.0004218900675024108,,,0.002229990356798457,0.009371986499517839,0.002651880424300868,0.0004218900675024108,,,0.006689971070395371,0.006689971070395371,0.0004218900675024108,0.004459980713596914,0.01832208293153327,,,0.0004218900675024108,0.0004218900675024108,,,,0.002651880424300868,,0.001325940212150434,,,
,,0.0008739151398264224,,,,0.02157666345226615,,,0.0008739151398264224,0.0008739151398264224,0.02425867888138862,,0.007172131147540984,0.0004218900675024108,,,,,,,,,,0.0004218900675024108,,,,,,,,,,,0.0004218900675024108,,,0.002229990356798457,0.007624156219864995,0.0004218900675024108,,,,0.0004218900675024108,,,0.8805448408871746,0.0004218900675024108,,,,,,0.01482642237222758,0.0017779652844744456,0.0008739151398264224,,0.0004218900675024108,0.003586065573770492,0.0026820154291224687,,0.003586065573770492,0.016604387656702024,,0.0004218900675024108,0.0004218900675024108,0.0008739151398264224,,,,0.004490115718418515,,0.0008739151398264224,,,
,,0.003977820636451302,,0.0004218900675024108,,0.011481436837029894,,0.0004218900675024108,0.002199855351976856,0.0008739151398264224,0.03314850530376085,,0.00662970106075217,,,,,,,0.0004218900675024108,,,,,,,,,,,,,,0.0004218900675024108,0.0004218900675024108,,,0.0030737704918032786,0.007503616200578592,,,,,0.0008739151398264224,,,0.8650554484088717,,,,,,,0.014585342333654773,0.0017478302796528448,,,,0.00662970106075217,0.004399710703953712,0.0004218900675024108,0.003977820636451302,0.022088958534233365,,,,0.001325940212150434,,,,0.005725650916104146,0.0004218900675024108,0.0017478302796528448,,,
,,0.00274228543876567,,,,0.022420443587270973,,,0.0013560752169720347,0.0004520250723240116,0.033389585342333654,,0.005032545805207329,0.003194310511089682,0.0004520250723240116,,,,,0.0004520250723240116,,,,0.0013560752169720347,,,,,,,,,,,,,,0.008678881388621022,0.011873191899710703,,,,,0.0004520250723240116,,0.0004520250723240116,0.7695877531340405,,,,,,0.0004520250723240116,0.01645371263259402,0.018743972999035678,,,,0.007774831243972999,0.017839922854387655,0.016935872709739633,0.019226133076181293,0.026066779170684666,,,,0.009613066538090647,,,,0.00274228543876567,,0.0022601253616200577,,,
,,0.004670925747348119,,,,0.01591128254580521,,0.0028025554484088716,0.0028025554484088716,0.0013862102217936355,0.04215887174541948,,0.008889826422372227,0.0018683702989392478,0.0009341851494696239,,,,,0.0004520250723240116,,,0.0004520250723240116,0.0013862102217936355,,,,,,,0.0009341851494696239,0.0004520250723240116,,0.0004520250723240116,0.0009341851494696239,,,0.0037367405978784955,0.006087270973963356,0.0013862102217936355,,0.0004520250723240116,,0.0013862102217936355,,,0.7357160077145612,0.0004520250723240116,,0.0004520250723240116,,,0.0004520250723240116,0.03278688524590164,0.020130183220829316,,,0.0004520250723240116,0.013590887174541948,0.009371986499517839,0.00702145612343298,0.04312319189971071,0.02389705882352941,,,0.0004520250723240116,0.0032545805207328834,0.0009341851494696239,,,0.006539296046287367,0.0004520250723240116,0.0013862102217936355,,,
,,0.004881870781099325,,,,0.024499758919961426,,0.004881870781099325,0.0014464802314368371,0.0009643201542912247,0.044629942140790746,,0.012747107039537126,,0.0024409353905496625,,,,,0.0014464802314368371,,,0.0014464802314368371,0.00048216007714561236,0.0009643201542912247,,,,,,,,0.00048216007714561236,0.0009643201542912247,,,,0.002923095467695275,0.01322926711668274,0.0014464802314368371,0.00048216007714561236,,,0.0009643201542912247,0.00048216007714561236,,0.7317683220829316,,,,0.00048216007714561236,,,0.03284715525554484,0.008799421407907425,,0.00048216007714561236,,0.020100048216007714,0.014193587270973963,0.01518804243008679,0.023535438765670203,0.0156702025072324,,,0.00048216007714561236,0.0024409353905496625,0.00048216007714561236,,,0.00979387656702025,0.0009643201542912247,0.0009643201542912247,,,
,,0.002501205400192864,,,,0.007503616200578592,,0.0020793153326904533,0.0012355351976856316,0.0012355351976856316,0.025916104146576663,,0.00584619093539055,0.002501205400192864,0.0020793153326904533,,0.00039175506268081,,,0.00039175506268081,,,0.0008136451301832209,0.0012355351976856316,,,,,,,,,,,0.00039175506268081,,,0.0033449855351976856,0.0037367405978784955,0.0016574252651880424,,,,0.00039175506268081,,0.0008136451301832209,0.8596612825458052,0.00039175506268081,,,,,0.00039175506268081,0.01796046287367406,0.0016574252651880424,,0.00039175506268081,,0.006689971070395371,0.00626808100289296,0.0008136451301832209,0.006689971070395371,0.019648023143683704,,,0.0020793153326904533,0.0008136451301832209,0.00039175506268081,,,0.0116923818707811,0.00039175506268081,,,,
,,0.0012355351976856316,,,,0.010788331726133076,,0.00039175506268081,0.00039175506268081,0.0012355351976856316,0.042731436837029894,,0.0045503857280617165,,,,,,,,,,,0.00039175506268081,,,,,,0.00039175506268081,,,0.00039175506268081,,0.00039175506268081,,,0.0049722757955641276,0.005394165863066538,0.00039175506268081,,,,0.00039175506268081,0.00039175506268081,,0.8701783992285439,,,0.00039175506268081,,,,0.009522661523625844,0.0020491803278688526,,,,0.00039175506268081,0.0028929604628736743,0.0012355351976856316,0.0028929604628736743,0.01991923818707811,,0.003314850530376085,,0.0028929604628736743,0.0012355351976856316,,,0.007865236258437802,0.00039175506268081,0.00039175506268081,,,
,,0.00039175506268081,,,,0.006539296046287367,,,0.00039175506268081,,0.04954194792671167,,0.009402121504339441,,0.00039175506268081,,,,,,,,,0.0008136451301832209,0.00039175506268081,,,,,,,,,,0.00039175506268081,,,0.0012054001928640309,0.007352941176470588,0.00039175506268081,,,,,,,0.8660800385728061,,,0.00039175506268081,,,0.00039175506268081,0.01636330761812922,0.0016272902603664417,,,,,0.003676470588235294,0.0008136451301832209,0.006117405978784957,0.015549662487945998,,0.00039175506268081,0.00039175506268081,0.005303760848601736,0.0008136451301832209,,,0.0016272902603664417,0.0032545805207328834,,,,
,,0.003435390549662488,,,,0.003857280617164899,,,0.0012656702025072323,,0.0352278206364513,,0.009432256509161041,,0.0004218900675024108,,,0.0004218900675024108,,,,,,0.0008437801350048216,,,,,,,,,,,0.0008437801350048216,,,0.003857280617164899,0.003857280617164899,,,,,0.0004218900675024108,,0.0004218900675024108,0.8697565091610415,0.0004218900675024108,,0.0047010607521697206,,,0.0008437801350048216,0.01331967213114754,0.0047010607521697206,,,,0.0008437801350048216,0.0047010607521697206,0.005153085824493732,0.0029833654773384764,0.011601976856316297,,0.0004218900675024108,0.0004218900675024108,0.0012656702025072323,0.0012656702025072323,,,0.0025614754098360654,0.010728061716489875,,,,
,0.0004218900675024108,0.006840646094503375,,,,0.015820877531340406,,0.0008437801350048216,0.0004218900675024108,,0.07268563162970106,,0.020100048216007714,0.0025614754098360654,,,,0.0004218900675024108,,0.0004218900675024108,,,,0.0004218900675024108,,,,,,,,,,,0.0008437801350048216,,,0.0025614754098360654,0.003405255544840887,0.0004218900675024108,,,,0.0008437801350048216,,0.014103182256509162,0.7753435390549663,0.006840646094503375,,0.0004218900675024108,,,,0.01838235294117647,0.0029833654773384764,,,,0.0029833654773384764,0.011119816779170684,0.010667791706846673,0.0029833654773384764,0.015368852459016393,,0.0004218900675024108,,0.0012656702025072323,0.0008437801350048216,,,0.005544840887174542,0.0016875602700096432,,,,
,,0.0012958052073288333,,,,0.010366441658630666,,0.0004218900675024108,,0.0025916104146576665,0.04490115718418515,,0.013379942140790742,,0.001717695274831244,,,0.0004218900675024108,,0.0004218900675024108,,,,,0.0008437801350048216,,,,,,0.0004218900675024108,,,0.0004218900675024108,,,,0.001717695274831244,0.011662246865959498,0.0008437801350048216,,,,,,0.0025916104146576665,0.7938464320154291,0.0012958052073288333,,0.0008437801350048216,,,0.0004218900675024108,0.04490115718418515,0.001717695274831244,,0.0004218900675024108,,0.006027000964320154,0.011662246865959498,0.003435390549662488,0.011662246865959498,0.014675747348119576,,0.0004218900675024108,0.0008437801350048216,0.0012958052073288333,0.0012958052073288333,,,0.009492526518804244,0.001717695274831244,,,,
,,0.003013500482160077,,,,0.0038874156219864996,,,0.0021697203471552555,0.00822685631629701,0.07072685631629701,,0.022119093539054967,0.0004218900675024108,0.004761330761812922,,0.0004218900675024108,,,0.0008437801350048216,,,,0.001717695274831244,0.005183220829315333,,,,,,,,,0.0008437801350048216,,,,0.001717695274831244,0.0116923818707811,0.0004218900675024108,,,,0.0004218900675024108,0.0004218900675024108,0.006931051108968177,0.7731135486981678,0.0012958052073288333,0.0004218900675024108,0.0012958052073288333,,,0.0025916104146576665,0.02082328833172613,0.003013500482160077,,0.0004218900675024108,,0.004761330761812922,0.010396576663452266,0.0025916104146576665,0.0056352459016393444,0.006931051108968177,,0.0004218900675024108,0.0008437801350048216,0.0012958052073288333,0.001717695274831244,,,0.016483847637415623,,,,,
,,0.003555930568948891,,,,0.003555930568948891,,,0.0004218900675024108,0.0017779652844744456,0.023686113789778206,,0.008046046287367405,0.0008739151398264224,0.0026820154291224687,,,,,,,,,0.002229990356798457,0.004912005785920926,,,,,,,,,0.0004218900675024108,,,,0.0017779652844744456,0.007141996142719383,,,,,0.0004218900675024108,,0.0017779652844744456,0.8765971552555448,0.001325940212150434,0.0026820154291224687,0.0004218900675024108,,,0.0017779652844744456,0.013410077145612343,0.0017779652844744456,,0.0004218900675024108,,0.004912005785920926,0.00623794599807136,0.0004218900675024108,0.0040079556412729025,0.006689971070395371,,0.0008739151398264224,0.0004218900675024108,0.0026820154291224687,,,,0.012054001928640309,,,,,
,,0.0021697203471552555,,,,0.010456846673095467,,0.0004218900675024108,0.004791465766634522,0.0004218900675024108,0.03357039537126326,,0.004791465766634522,,,,,,,,,,,0.0004218900675024108,0.0008437801350048216,,,,,0.0004218900675024108,,,,,,,,0.0039175506268081,0.008709016393442622,,,,,0.003043635486981678,,0.0021697203471552555,0.8712933944069431,,,0.001717695274831244,,,,0.00825699132111861,0.0025916104146576665,,,,,0.0034655255544840885,0.0004218900675024108,0.001717695274831244,0.016122227579556413,,0.0004218900675024108,,0.0004218900675024108,,,,0.017418032786885244,,,,,
,,0.0019286403085824494,,,,0.007714561234329798,,,0.0014464802314368371,,0.03953712632594021,,0.0028929604628736743,0.00048216007714561236,0.00048216007714561236,,,,,,,,,0.00048216007714561236,,,,,,0.00048216007714561236,,,0.00048216007714561236,,0.0019286403085824494,,,0.003857280617164899,0.009643201542912247,,,,,,,,0.8582449373191899,,0.003857280617164899,0.00048216007714561236,,,0.00048216007714561236,0.017839922854387655,0.0009643201542912247,,,,,0.0028929604628736743,0.0009643201542912247,0.0009643201542912247,0.018804243008678882,,,0.00048216007714561236,0.0019286403085824494,0.0033751205400192863,,,0.017357762777242044,,,,,
,,0.0014766152362584379,,,,0.017719382835101254,,0.0014766152362584379,,,0.03941658630665381,,0.003435390549662488,0.00048216007714561236,,,,,,,,,,0.0014766152362584379,,,,,,0.00048216007714561236,0.00048216007714561236,,,,0.0009643201542912247,,,0.004912005785920926,0.007383076181292189,,,,,,,0.0014766152362584379,0.8391092092574735,0.00048216007714561236,,,,,0.00048216007714561236,0.023143683702989394,0.00048216007714561236,,,,0.0039175506268081,0.009854146576663452,0.008377531340405014,0.00195877531340405,0.012807377049180328,,0.00048216007714561236,,0.0009643201542912247,,,,0.016755062680810028,,,,,
,,0.001838235294117647,,0.0004520250723240116,,0.009191176470588236,,0.0004520250723240116,,,0.03170202507232401,,0.00274228543876567,0.0004520250723240116,,,,,,0.0004520250723240116,,,,0.00274228543876567,,,,,,,,,,,,,,0.005966730954676953,0.009643201542912247,,0.0004520250723240116,,,,,0.0004520250723240116,0.8417008196721312,0.0009040501446480232,,0.0004520250723240116,,,0.0004520250723240116,0.027091369334619093,0.001838235294117647,0.0004520250723240116,0.0004520250723240116,,0.00274228543876567,0.010095226615236258,0.004128495660559305,0.005032545805207329,0.02022058823529412,,0.001838235294117647,0.002290260366441659,0.0004520250723240116,,,,0.011029411764705883,0.0004520250723240116,0.001838235294117647,,,
,,0.002229990356798457,,,,0.007624156219864995,,0.0004218900675024108,0.00313404050144648,0.0008739151398264224,0.055689488910318226,,0.00313404050144648,0.0004218900675024108,0.002229990356798457,,,,0.0017779652844744456,0.0004218900675024108,,,,0.0017779652844744456,0.001325940212150434,0.0004218900675024108,,,,,0.0017779652844744456,,,,0.0008739151398264224,,,0.0017779652844744456,0.011210221793635487,,0.0026820154291224687,,,,,0.0017779652844744456,0.7998734329797492,0.0008739151398264224,,0.002229990356798457,0.0004218900675024108,,0.0004218900675024108,0.028748794599807136,0.004942140790742526,0.0017779652844744456,,0.0004218900675024108,,0.011210221793635487,0.0017779652844744456,0.004038090646094504,0.022450578592092575,,0.002229990356798457,0.0004218900675024108,0.0017779652844744456,,,,0.013470347155255545,,0.001325940212150434,,,
,,,,,,0.005755785920925747,,0.0014163452266152362,0.0004520250723240116,0.002380665380906461,0.034112825458052075,,0.005273625843780135,,0.0014163452266152362,,,,0.0014163452266152362,0.0014163452266152362,,,,0.0014163452266152362,0.0009341851494696239,0.0004520250723240116,,,,,0.0018985053037608487,,,,0.0009341851494696239,,,,0.012958052073288331,,0.0018985053037608487,,,0.0004520250723240116,0.0004520250723240116,0.0009341851494696239,0.8410981195756991,0.0014163452266152362,,0.0009341851494696239,,,,0.037970106075216975,0.004309305689488911,,,,,0.005755785920925747,0.0033449855351976856,0.005273625843780135,0.010095226615236258,,0.0009341851494696239,0.0014163452266152362,0.0009341851494696239,,,,0.009613066538090647,,0.0009341851494696239,,,
,,0.0014163452266152362,,0.0004520250723240116,,0.0042791706846673095,,0.0004520250723240116,0.0009341851494696239,0.0014163452266152362,0.03185270009643201,,0.005213355834136933,,0.0023505303760848603,,,0.0014163452266152362,0.0014163452266152362,0.0009341851494696239,,,0.0004520250723240116,0.0014163452266152362,0.0014163452266152362,,0.0009341851494696239,,,,0.0009341851494696239,,,,,,,0.0004520250723240116,0.009492526518804244,,0.0042791706846673095,,,0.0009341851494696239,,0.0014163452266152362,0.8650253134040502,0.0023505303760848603,0.0004520250723240116,0.0028326904532304724,,,0.0009341851494696239,0.019497348119575698,0.0009341851494696239,,,,0.0004520250723240116,0.0037970106075216974,0.0014163452266152362,0.0037970106075216974,0.00901036644165863,,,0.0014163452266152362,0.0014163452266152362,,,,0.010456846673095467,0.0004520250723240116,0.0018985053037608487,,,
,,,,0.00048216007714561236,,0.002471070395371263,,0.00048216007714561236,0.002471070395371263,0.0014766152362584379,0.034233365477338476,,0.00048216007714561236,,0.00195877531340405,,,0.00195877531340405,0.00048216007714561236,,,,0.00048216007714561236,0.0029532304725168757,0.00195877531340405,,0.00048216007714561236,,,,,0.0009643201542912247,0.00048216007714561236,,0.00048216007714561236,,,0.0034655255544840885,0.007443346190935391,,,,,0.00048216007714561236,,,0.87349324975892,0.0014766152362584379,,0.00048216007714561236,0.00048216007714561236,,,0.014374397299903568,0.0009643201542912247,,,,0.0014766152362584379,0.004459980713596914,0.0009643201542912247,0.00195877531340405,0.013892237222757956,,,0.00048216007714561236,0.00195877531340405,,,,0.016875602700096432,0.0009643201542912247,,,,
,,0.0009944551591128256,,,,0.006569431051108968,,,0.0035257955641272904,,0.03091851494696239,,0.002019045323047252,,0.002019045323047252,,,0.0015067502410800386,,,,,,0.0025313404050144647,0.0035257955641272904,,0.00048216007714561236,,,,,,0.00048216007714561236,,0.0009944551591128256,0.0009944551591128256,,0.00048216007714561236,0.011149951783992286,,0.00048216007714561236,,,,,,0.8823529411764706,,,,0.00048216007714561236,,,0.011149951783992286,0.0009944551591128256,0.0009944551591128256,,,0.0015067502410800386,0.004038090646094504,0.00048216007714561236,0.0009944551591128256,0.008106316297010608,,,0.00048216007714561236,0.0025313404050144647,,,,0.01368129218900675,,0.0035257955641272904,,,
,,0.0014464802314368371,0.00048216007714561236,0.00048216007714561236,,0.002923095467695275,,,,0.00048216007714561236,0.03637295081967213,,0.0024409353905496625,0.0009643201542912247,0.002923095467695275,,,,,0.0009643201542912247,,,,0.00195877531340405,0.0024409353905496625,,,,,,,0.00048216007714561236,,,,0.00048216007714561236,,0.003435390549662488,0.010788331726133076,,,,,0.00048216007714561236,0.00048216007714561236,0.0014464802314368371,0.8771998553519769,,,0.00195877531340405,,,,0.009824011571841852,0.0009643201542912247,0.0009643201542912247,0.00048216007714561236,,0.00048216007714561236,0.0014464802314368371,0.0014464802314368371,0.0024409353905496625,0.01325940212150434,,0.0009643201542912247,0.00048216007714561236,0.0014464802314368371,,,,0.010788331726133076,0.0014464802314368371,0.002923095467695275,,,
0.0004520250723240116,,0.0009341851494696239,,0.0004520250723240116,,0.007081726133076181,,0.0004520250723240116,0.0009341851494696239,,0.02507232401157184,,0.0018683702989392478,,0.003284715525554484,,,,,,,,,0.0014163452266152362,0.0009341851494696239,,,,,0.0004520250723240116,,,,,,0.0009341851494696239,,0.0004520250723240116,0.006599566055930569,,,,,0.0009341851494696239,,0.0009341851494696239,0.9001024590163934,0.0004520250723240116,,,,,,0.012295081967213115,0.0014163452266152362,,,,,0.0037668756027000963,0.005665380906460945,0.0009341851494696239,0.012747107039537126,,,,0.0014163452266152362,,,,0.006147540983606557,,0.0018683702989392478,,,
0.00048216007714561236,,,,,,0.006328351012536162,,0.00048216007714561236,0.00048216007714561236,,0.025855834136933462,,0.003405255544840887,,0.0014464802314368371,,,,,,,,,0.0024108003857280617,,,,,,0.00048216007714561236,,0.0009643201542912247,0.00048216007714561236,,,0.00048216007714561236,0.0009643201542912247,0.0009643201542912247,0.008287126325940213,0.00048216007714561236,,,,0.00048216007714561236,,0.0009643201542912247,0.9017900192864031,0.0019286403085824494,,,,,0.00048216007714561236,0.012174541947926712,0.00048216007714561236,,0.00048216007714561236,,0.0009643201542912247,0.003405255544840887,0.0024108003857280617,0.003405255544840887,0.0078049662487945995,,,0.00048216007714561236,,0.0014464802314368371,,,0.006328351012536162,,0.0009643201542912247,,,
0.0005122950819672131,,0.0010245901639344263,,,,0.00665983606557377,,,0.0005122950819672131,,0.02974324975891996,,0.003586065573770492,,0.0025614754098360654,,,,,,,,0.0005122950819672131,0.0015368852459016393,,,,,,,,,,0.0005122950819672131,,0.0005122950819672131,,0.0005122950819672131,0.004610655737704918,0.0010245901639344263,,,,0.0010245901639344263,,0.0005122950819672131,0.9108305207328833,0.0015368852459016393,,,,,0.0015368852459016393,0.007684426229508197,0.0020491803278688526,,,,,0.0056352459016393444,0.0020491803278688526,0.0010245901639344263,0.004098360655737705,,,,0.0010245901639344263,,,,0.00665983606557377,,0.0005122950819672131,,,
0.0005122950819672131,,0.0015368852459016393,,0.0015368852459016393,,0.007774831243972999,,,0.0015368852459016393,,0.021305448408871747,,0.0020793153326904533,,0.0005122950819672131,,,,,,,,,0.0020793153326904533,,,,,,,,,,0.0015368852459016393,,0.0005122950819672131,,,0.0036162005785920926,0.0020793153326904533,,,,0.0010245901639344263,,0.0005122950819672131,0.9260486981677917,0.0025916104146576665,0.0010245901639344263,0.0005122950819672131,,,0.0005122950819672131,0.0036162005785920926,0.0005122950819672131,,,,0.0015368852459016393,0.0036162005785920926,0.0005122950819672131,0.0010245901639344263,0.005695515911282546,,,,0.0010245901639344263,,,,0.0036162005785920926,,,,,
,,0.0014766152362584379,,0.00048216007714561236,,0.0034956605593056897,,,0.00048216007714561236,,0.03299783027965284,,0.001988910318225651,0.0009944551591128256,0.00048216007714561236,,,,0.00048216007714561236,,,,0.0014766152362584379,0.0014766152362584379,,,,,,,,,,,0.0009944551591128256,0.00048216007714561236,,0.002501205400192864,0.006479026036644166,0.0009944551591128256,,,,,,0.00048216007714561236,0.9059185149469624,0.0009944551591128256,0.00048216007714561236,,0.00048216007714561236,,,0.005996865959498553,0.00048216007714561236,,,,0.0029833654773384764,0.00548457087753134,0.0014766152362584379,,0.010486981677917069,,0.00048216007714561236,,0.00048216007714561236,,,,0.006479026036644166,,,,,
,,0.00048216007714561236,,,,0.0050928158148505305,,0.00048216007714561236,0.0009944551591128256,,0.024017598842815815,,0.004068225650916104,,0.0009944551591128256,,,,,,,,0.0009944551591128256,0.002019045323047252,,,,,,,0.00048216007714561236,,,,0.0009944551591128256,0.00048216007714561236,,0.00048216007714561236,0.007654291224686596,0.0009944551591128256,0.00048216007714561236,,,,,0.0015067502410800386,0.9082389103182257,0.0015067502410800386,0.0009944551591128256,0.00048216007714561236,,,,0.012777242044358728,0.00048216007714561236,,0.00048216007714561236,,0.003043635486981678,0.0050928158148505305,0.002019045323047252,,0.007141996142719383,,0.0009944551591128256,0.00048216007714561236,0.0015067502410800386,,,,0.0025313404050144647,,,,,
,,,,0.00048216007714561236,,0.008377531340405014,,,,,0.025192864030858245,,0.0029532304725168757,0.00048216007714561236,0.003435390549662488,,,,,,,,0.00048216007714561236,0.0014766152362584379,,,,,,0.00048216007714561236,,,,,,,,0.00195877531340405,0.0059064609450337514,0.0009643201542912247,,,,0.00048216007714561236,,0.00048216007714561236,0.9144165863066538,0.00048216007714561236,0.00048216007714561236,,,,0.00048216007714561236,0.011360896817743492,0.00048216007714561236,,,,0.0009643201542912247,0.003947685631629701,0.0009643201542912247,,0.008377531340405014,,0.00048216007714561236,0.0009643201542912247,0.0014766152362584379,0.00048216007714561236,,,0.0014766152362584379,,,,,
,,0.0005122950819672131,,,,0.005816055930568949,,,,,0.02380665380906461,,0.005273625843780135,,0.001054725168756027,,,0.0005122950819672131,0.0005122950819672131,,,,,0.0026217454194792673,0.0005122950819672131,,,,,,0.0005122950819672131,,,,,,,0.001054725168756027,0.006870781099324976,0.0005122950819672131,,,,,,0.0005122950819672131,0.9109510607521697,,0.0005122950819672131,0.0005122950819672131,,,,0.008467936354869816,0.001054725168756027,,,,0.001054725168756027,0.006328351012536162,0.00156702025072324,0.002109450337512054,0.012686837029893925,,0.001054725168756027,0.0005122950819672131,0.0005122950819672131,0.0005122950819672131,,,0.00156702025072324,0.0005122950819672131,,,,
,,0.001054725168756027,,,,0.0026820154291224687,,,0.001597155255544841,,0.029230954676952747,,0.001597155255544841,,,,,,0.001597155255544841,,,,,0.001597155255544841,,,,,,,,,,0.0005122950819672131,0.0005122950819672131,,,0.001054725168756027,0.006479026036644166,,,,,,,0.0005122950819672131,0.9149891513982642,,,,,,,0.005936595949855352,0.0021395853423336548,,,,,0.004851735776277724,0.001597155255544841,,0.015700337512054,,0.0005122950819672131,0.0005122950819672131,0.001597155255544841,0.0005122950819672131,,,0.0032244455159112827,,,,,
,,0.00156702025072324,,0.0010245901639344263,,0.0047010607521697206,,0.0005122950819672131,0.0020793153326904533,0.00313404050144648,0.025614754098360656,,0.0020793153326904533,,0.0005122950819672131,,,,0.0010245901639344263,,,,0.0005122950819672131,0.00156702025072324,,,,,,,,,,,0.0005122950819672131,,,0.0020793153326904533,0.004158630665380907,,,,,0.0005122950819672131,,0.0005122950819672131,0.9192683220829315,,0.0005122950819672131,,,,,0.004158630665380907,,,,,,0.0036463355834136933,0.0020793153326904533,0.00156702025072324,0.009402121504339441,,0.0005122950819672131,,0.0036463355834136933,0.0005122950819672131,,,0.0025916104146576665,,,,,
,,0.00156702025072324,,,,0.0005122950819672131,,,0.00156702025072324,0.003676470588235294,0.023143683702989394,,0.003676470588235294,,0.0010245901639344263,,,,0.0010245901639344263,,,,,0.00156702025072324,,,,,,,,,,,,,,0.00156702025072324,0.006840646094503375,,,,,0.0005122950819672131,,0.0005122950819672131,0.9277061234329798,,,,,,,0.004731195756991321,,,,,,0.0020793153326904533,0.0010245901639344263,0.0005122950819672131,0.011571841851494697,,0.0005122950819672131,0.0005122950819672131,0.0026217454194792673,0.0005122950819672131,,,0.0010245901639344263,,,,,
,,0.002923095467695275,,0.00048216007714561236,,0.00048216007714561236,,,0.00048216007714561236,,0.024560028929604627,,0.0014464802314368371,,0.0009643201542912247,,,,,,,,,0.0009643201542912247,,,,,,,,,,,,,,,0.004399710703953712,0.00048216007714561236,,,,0.0014464802314368371,,0.0009643201542912247,0.9266513982642237,,,0.0009643201542912247,,,0.00048216007714561236,0.003435390549662488,0.00195877531340405,,,,0.00195877531340405,0.004399710703953712,0.00195877531340405,,0.014253857280617165,,0.0009643201542912247,,0.0014464802314368371,0.00048216007714561236,,,0.0009643201542912247,0.00048216007714561236,,,,
,,0.0009944551591128256,,,,0.006599566055930569,,,0.0015067502410800386,,0.019798698167791708,,0.002019045323047252,,0.0009944551591128256,,,,,,,,,0.00048216007714561236,,,,,,,,,,,,,,0.0025313404050144647,0.006599566055930569,0.00048216007714561236,,,,0.0009944551591128256,,0.0015067502410800386,0.9323469141755063,0.00048216007714561236,,,,,,0.0045503857280617165,0.00048216007714561236,,,,0.00048216007714561236,0.0009944551591128256,0.002019045323047252,,0.010637656702025072,,,0.00048216007714561236,0.0015067502410800386,,,,0.0015067502410800386,,,,,
,,0.0021697203471552555,,,,0.0030737704918032786,,,0.0004218900675024108,,0.026790019286403087,,0.0026217454194792673,,0.0008739151398264224,,,,0.0017478302796528448,,,,,0.0008739151398264224,,,,,,0.0004218900675024108,,,,,,,,0.0021697203471552555,0.0008739151398264224,0.0004218900675024108,,,,0.0008739151398264224,,,0.9177615718418515,0.0012958052073288333,0.0004218900675024108,0.0012958052073288333,,,,0.007895371263259402,0.0012958052073288333,,,,,0.0026217454194792673,,0.0026217454194792673,0.019316538090646096,,,0.0004218900675024108,,,,,0.0012958052073288333,0.0004218900675024108,,,,
,,0.0008739151398264224,,0.0008739151398264224,,0.0026217454194792673,,,,,0.033871745419479266,,0.0030737704918032786,,0.0008739151398264224,,,0.0004218900675024108,0.0008739151398264224,,,,0.0004218900675024108,,,,,,,,0.0004218900675024108,,,,,,,0.0017478302796528448,0.003947685631629701,0.0004218900675024108,,,,,0.0004218900675024108,,0.9171287367405979,,,0.0012958052073288333,,,,0.006147540983606557,0.0012958052073288333,,,,,0.0017478302796528448,0.0004218900675024108,0.004399710703953712,0.01407304725168756,,,0.0004218900675024108,,,,,0.002199855351976856,,,,,
,,0.0017478302796528448,,,,0.005695515911282546,0.0004218900675024108,,,,0.02501205400192864,,0.0017478302796528448,0.0004218900675024108,0.0008739151398264224,,,,0.0004218900675024108,,,,0.0004218900675024108,,,,,,,,,,,0.0008739151398264224,,,,0.0004218900675024108,0.0026217454194792673,0.0008739151398264224,,,,,,,0.9273746383799422,0.0004218900675024108,,0.0048216007714561235,,,,0.003947685631629701,,,,,,0.0017478302796528448,0.0004218900675024108,,0.012264946962391514,,,0.0008739151398264224,0.0008739151398264224,,,,0.005695515911282546,,,,,
,,0.0004218900675024108,,,,0.004038090646094504,,0.0004218900675024108,,,0.025162729026036643,,0.0017779652844744456,,,,,,,,,,,0.0004218900675024108,,,,,,,,,,,,,,,0.005394165863066538,,,,,,,0.0004218900675024108,0.9454556412729026,0.0004218900675024108,,,,,,0.004490115718418515,,,,,,0.0008739151398264224,,,0.00626808100289296,,,0.0008739151398264224,0.0004218900675024108,,,,0.00313404050144648,,,,,
,,0.0009040501446480232,,,,0.005454435872709739,,,,,0.023686113789778206,,0.0022601253616200577,,0.0004520250723240116,,,,,,,,,0.0004520250723240116,,,,,,,,,,,,,,,0.0036463355834136933,,,,,,,,0.943617405978785,0.0009040501446480232,0.0009040501446480232,,,,0.0004520250723240116,0.0036463355834136933,,,,,,0.0009040501446480232,,0.0004520250723240116,0.007292671166827387,0.0009040501446480232,,0.0004520250723240116,0.0004520250723240116,,,,0.003164175506268081,,,,,
,,0.002380665380906461,,,,0.003827145612343298,,,,,0.028326904532304725,,0.002862825458052073,0.0004520250723240116,0.0004520250723240116,,0.0004520250723240116,,,,,0.0004520250723240116,,,,,,,,0.0009341851494696239,,,,,,,,0.0014163452266152362,0.006720106075216972,,,,,,,,0.931231918997107,0.0009341851494696239,,,,,,0.0004520250723240116,,,,,,0.0014163452266152362,0.0009341851494696239,0.0009341851494696239,0.014886692381870782,0.0009341851494696239,,,,,,,,,,,,
,,0.0013862102217936355,,,,0.005122950819672131,,,,,0.028959739633558343,,0.0009341851494696239,,0.0004520250723240116,,,,,,,,0.0004520250723240116,,,,,,,0.0004520250723240116,,,,,,,,0.0013862102217936355,0.0028025554484088716,,,,,,0.0004520250723240116,,0.9324674541947927,0.0004520250723240116,,0.0013862102217936355,,,,0.0032545805207328834,,,,,,0.0013862102217936355,0.0009341851494696239,0.0023203953712632596,0.014946962391513982,,,,,,,,0.0004520250723240116,,,,,
,,0.0014766152362584379,,,,0.0039175506268081,,,,,0.02811595949855352,,0.00048216007714561236,,0.00048216007714561236,,,,,,,,0.00195877531340405,,,,,,,0.0009643201542912247,,,,,0.00048216007714561236,,,,0.004912005785920926,,,,,,,,0.9317140790742526,0.00048216007714561236,0.0009643201542912247,0.0014766152362584379,,,,0.0029532304725168757,0.0009643201542912247,,,,,0.0009643201542912247,0.0024409353905496625,0.0009643201542912247,0.01133076181292189,,,,,,,,0.0029532304725168757,,,,,
,,0.0009341851494696239,,,,0.0037970106075216974,,,,,0.03230472516875603,,0.0009341851494696239,,0.0004520250723240116,,,,,0.0004520250723240116,,,0.0009341851494696239,,,,,,,0.0009341851494696239,0.0004520250723240116,,,,,,,0.0009341851494696239,0.004731195756991321,,,,,0.0004520250723240116,,,0.9252651880424301,0.0004520250723240116,0.0009341851494696239,0.0014163452266152362,,,,0.003314850530376085,0.0014163452266152362,,,,,0.0018985053037608487,,0.0023505303760848603,0.010908871745419478,,,,,,,,0.004731195756991321,,,,,
,,0.0009341851494696239,,,,0.004731195756991321,,,,0.0009341851494696239,0.03836186113789778,,0.0037668756027000963,,,,,,,0.0009341851494696239,,,,,,,,,,0.0009341851494696239,,,,,0.0004520250723240116,,,0.0018683702989392478,0.009462391513982642,,,,,,,,0.9089320154291225,0.0009341851494696239,0.0009341851494696239,0.0004520250723240116,,,,0.0018683702989392478,0.0009341851494696239,,,,0.0009341851494696239,0.0023505303760848603,,0.0009341851494696239,0.014193587270973963,,,,,,,,0.0028326904532304724,0.0014163452266152362,0.0004520250723240116,,,0.0004520250723240116
,,0.0013560752169720347,,,,0.007292671166827387,,,,0.0018081002892960463,0.029230954676952747,,0.0018081002892960463,,0.0004520250723240116,,,,,,,,,,,,,,,0.0004520250723240116,,,,,,,,0.0018081002892960463,0.004098360655737705,,,,,,,,0.9170684667309547,0.004098360655737705,,,,,,0.0036463355834136933,0.0013560752169720347,,,,,,,0.0009040501446480232,0.014615477338476374,,0.0004520250723240116,0.0004520250723240116,,,0.0004520250723240116,,0.006840646094503375,0.0013560752169720347,,,,0.0004520250723240116
,,0.0009040501446480232,,,,0.0022601253616200577,,,,0.0009040501446480232,0.023625843780135006,,0.0022601253616200577,,,,,,,,,,0.0004520250723240116,,,,,,,0.0004520250723240116,,,,,,,,,0.0059064609450337514,,0.0004520250723240116,,,0.0004520250723240116,,,0.9396998553519769,0.0013560752169720347,,0.0009040501446480232,,,,0.003164175506268081,0.0009040501446480232,,,,,0.0009040501446480232,0.0004520250723240116,,0.0072625361620057855,,,0.0004520250723240116,,,,,0.003164175506268081,0.0027121504339440695,0.0009040501446480232,,,0.0004520250723240116
,,0.0009643201542912247,,,,0.0048216007714561235,,,,0.0009643201542912247,0.032334860173577624,,0.0019286403085824494,,0.00048216007714561236,,,,0.00048216007714561236,,,,,,,,,,,,,,,,0.00048216007714561236,,,,0.0024108003857280617,0.00048216007714561236,,0.00048216007714561236,,0.00048216007714561236,,,0.923306412729026,0.00048216007714561236,,0.0014464802314368371,,,,0.0014464802314368371,0.0014464802314368371,,,,0.00048216007714561236,0.0014464802314368371,0.00048216007714561236,0.00048216007714561236,0.013018322082931534,,0.0014464802314368371,0.0009643201542912247,,,,,0.00626808100289296,,0.0009643201542912247,,,
,,0.0020491803278688526,,,,0.003586065573770492,,,,,0.024077868852459015,,0.0020491803278688526,,,,,,0.0005122950819672131,0.0005122950819672131,,,,,0.0005122950819672131,,,,,,0.0010245901639344263,,,,,,,0.0010245901639344263,0.003586065573770492,0.0005122950819672131,,0.0005122950819672131,,,,,0.9390368852459017,0.0005122950819672131,,0.0015368852459016393,,,,0.0025614754098360654,0.0005122950819672131,,,,0.0005122950819672131,0.0010245901639344263,0.0015368852459016393,0.0020491803278688526,0.007684426229508197,,0.0010245901639344263,0.0005122950819672131,,,0.0005122950819672131,,0.0010245901639344263,,,,,
,,0.002109450337512054,,,,0.0026217454194792673,,,,,0.036433220829315334,,0.003164175506268081,,0.001054725168756027,,,,0.001054725168756027,0.0005122950819672131,,,0.0005122950819672131,,,,,,,,0.0005122950819672131,,,,,,,0.00156702025072324,0.0057859209257473485,0.0005122950819672131,,,,,,,0.9147179363548699,0.0005122950819672131,0.001054725168756027,0.001054725168756027,,,,0.004218900675024108,0.0005122950819672131,,,,0.0005122950819672131,0.001054725168756027,0.0005122950819672131,0.006840646094503375,0.00898023143683703,,0.001054725168756027,0.0005122950819672131,0.0005122950819672131,,,,0.002109450337512054,,,,,
,,0.00313404050144648,,,,0.004188765670202507,,,,,0.04056171648987464,,0.0052434908389585345,0.0010245901639344263,0.0052434908389585345,,,0.0005122950819672131,,,,,0.0005122950819672131,0.0005122950819672131,,,,,,,0.0005122950819672131,,,,,,,0.0010245901639344263,0.004731195756991321,0.0005122950819672131,,,,,,,0.9014283992285439,0.0005122950819672131,,0.0005122950819672131,,,,0.0010245901639344263,0.003676470588235294,,,,0.0010245901639344263,0.00156702025072324,0.0020793153326904533,0.0026217454194792673,0.012626567020250723,,0.00156702025072324,0.0005122950819672131,,,,,0.0026217454194792673,0.0005122950819672131,,,,
,,0.0015067502410800386,,,,0.006057135969141755,,,0.002019045323047252,,0.030285679845708777,,0.004520250723240115,,0.002501205400192864,,,,,,,,0.00048216007714561236,0.00048216007714561236,0.00048216007714561236,,,,,,0.0009944551591128256,,,,,,,0.0015067502410800386,0.005032545805207329,0.00048216007714561236,,,,0.0015067502410800386,,0.00048216007714561236,0.9115537608486017,0.0015067502410800386,,,,,0.00048216007714561236,0.00048216007714561236,0.00048216007714561236,,,,,0.0009944551591128256,0.0009944551591128256,0.004038090646094504,0.014615477338476374,,0.00048216007714561236,0.0015067502410800386,,,,,0.004038090646094504,0.00048216007714561236,,,,
,,0.00048216007714561236,,,,0.004068225650916104,,,,0.0009944551591128256,0.03173216007714561,,0.0025313404050144647,,0.0015067502410800386,,,,,,,,,,0.0009944551591128256,,0.00048216007714561236,,,,,0.0015067502410800386,,0.00048216007714561236,,,,0.0015067502410800386,0.003555930568948891,,,,,,,,0.9126386210221794,0.0009944551591128256,0.0015067502410800386,,,,0.002019045323047252,0.003555930568948891,0.00048216007714561236,,,,0.00048216007714561236,,0.002019045323047252,0.004068225650916104,0.019437078109932497,,0.00048216007714561236,0.00048216007714561236,,,,,0.0009944551591128256,0.0009944551591128256,,,,
,,0.002501205400192864,,,,0.005544840887174542,,,0.00048216007714561236,0.0009944551591128256,0.030737704918032786,,0.006027000964320154,,0.00048216007714561236,,,,0.00048216007714561236,,,,,0.00048216007714561236,0.00048216007714561236,,,,,,,,,,,,,0.0009944551591128256,0.005544840887174542,0.00048216007714561236,,,,,,,0.9106798457087752,0.0009944551591128256,,,,,,0.004520250723240115,0.0009944551591128256,,,,0.003013500482160077,0.003013500482160077,0.001988910318225651,0.003013500482160077,0.011571841851494697,,0.00048216007714561236,0.00048216007714561236,,,,,0.0040079556412729025,,,,,
,,0.001988910318225651,,,,0.002471070395371263,,,0.0009944551591128256,,0.036794840887174544,,0.004459980713596914,0.00048216007714561236,,,,,0.0009944551591128256,,,,0.0009944551591128256,0.00048216007714561236,0.00048216007714561236,,,,,,0.00048216007714561236,,,,0.00048216007714561236,,,0.0009944551591128256,0.0034655255544840885,,,0.00048216007714561236,,,,0.00048216007714561236,0.9107702507232401,0.0009944551591128256,,0.00048216007714561236,,,0.00048216007714561236,0.002471070395371263,0.001988910318225651,,,,,0.0014766152362584379,0.0014766152362584379,0.002471070395371263,0.015398987463837993,,0.0009944551591128256,0.0009944551591128256,,,,,0.0034655255544840885,,,,,
,,0.0014464802314368371,,,,0.0028929604628736743,,,0.00048216007714561236,,0.03670443587270974,,0.0024108003857280617,,0.00048216007714561236,,,0.00048216007714561236,0.0009643201542912247,0.0009643201542912247,,,0.0009643201542912247,,,,,,,,0.0014464802314368371,,,,,,,0.0014464802314368371,0.0033751205400192863,,,,,,,,0.9179423818707811,0.0009643201542912247,,0.0024108003857280617,0.00048216007714561236,0.00048216007714561236,,0.0009643201542912247,0.0009643201542912247,,,,,0.00048216007714561236,0.00048216007714561236,0.0019286403085824494,0.013530617164898746,,0.00048216007714561236,0.0009643201542912247,0.00048216007714561236,,,,0.0028929604628736743,0.00048216007714561236,,,,
0.0004218900675024108,,0.0004218900675024108,,,,0.0048216007714561235,,,,,0.02850771456123433,,0.0012958052073288333,0.0004218900675024108,0.0008739151398264224,,,,0.0008739151398264224,0.0008739151398264224,,,,,,,,,,,0.0004218900675024108,,,,,,,0.0008739151398264224,0.003947685631629701,0.0012958052073288333,,0.0004218900675024108,,,,0.0004218900675024108,0.9253857280617165,0.0008739151398264224,,0.0012958052073288333,0.0004218900675024108,0.0004218900675024108,,0.0004218900675024108,0.0017478302796528448,,,,0.0021697203471552555,0.0021697203471552555,0.0008739151398264224,0.0021697203471552555,0.012264946962391514,,0.0004218900675024108,0.0004218900675024108,,,,,0.0026217454194792673,0.0004218900675024108,,,,
0.0004520250723240116,,0.0004520250723240116,,,,0.00623794599807136,,,,0.0004520250723240116,0.028296769527483126,,0.0009341851494696239,,0.0009341851494696239,,,,0.0004520250723240116,,,,0.0004520250723240116,,0.0004520250723240116,,,,,,,0.0004520250723240116,,0.0004520250723240116,,,,0.0009341851494696239,0.0009341851494696239,0.0004520250723240116,,0.0014163452266152362,,,,0.0009341851494696239,0.9220106075216972,0.0004520250723240116,,0.0004520250723240116,,0.0004520250723240116,,0.0004520250723240116,0.002380665380906461,,,,,0.0018985053037608487,0.002862825458052073,0.0033449855351976856,0.01726735776277724,,,0.0004520250723240116,,,,,0.002380665380906461,0.0004520250723240116,0.0004520250723240116,,,
0.0009341851494696239,,0.0014163452266152362,,,,0.006599566055930569,,,,,0.04013982642237223,,0.0009341851494696239,,0.0004520250723240116,,,,0.0018683702989392478,,,,0.0004520250723240116,0.0004520250723240116,,,,,,0.0009341851494696239,0.0009341851494696239,0.0004520250723240116,,0.0004520250723240116,,,,0.0004520250723240116,0.0037668756027000963,,0.0004520250723240116,,,0.0009341851494696239,,,0.9049541947926711,0.0014163452266152362,,0.0014163452266152362,,,,0.0009341851494696239,0.0018683702989392478,,,,,0.0009341851494696239,0.0004520250723240116,0.0028326904532304724,0.017930327868852458,,,0.0009341851494696239,,,,,0.0037668756027000963,,0.0009341851494696239,,,
0.00048216007714561236,,0.00048216007714561236,,,,0.0029532304725168757,,,,,0.04595588235294118,,0.00048216007714561236,,0.00048216007714561236,,,,0.0009643201542912247,,,,0.0014766152362584379,0.00048216007714561236,,,,,,0.00195877531340405,0.0009643201542912247,0.0014766152362584379,,0.0009643201542912247,,,,0.00048216007714561236,0.006418756027000964,0.0009643201542912247,0.0009643201542912247,,,0.00048216007714561236,,,0.9011270491803278,0.0009643201542912247,,0.0009643201542912247,0.00048216007714561236,,,0.005424300867888139,0.0009643201542912247,,,,,0.00048216007714561236,0.0009643201542912247,0.002471070395371263,0.014314127290260367,,,,0.0009643201542912247,,,,0.00048216007714561236,,,,,0.00195877531340405
0.0009944551591128256,,0.00048216007714561236,,,,0.005002410800385728,,0.00048216007714561236,,,0.034594985535197686,,0.0009944551591128256,,0.00048216007714561236,,,,0.001988910318225651,,,,0.00048216007714561236,0.002501205400192864,,,,,,0.0014766152362584379,0.00048216007714561236,0.0009944551591128256,,,,0.00048216007714561236,,0.0014766152362584379,0.006509161041465767,0.0009944551591128256,,,,,,,0.921648987463838,0.0014766152362584379,,,,,0.00048216007714561236,0.001988910318225651,,,,,0.0009944551591128256,0.0009944551591128256,0.00048216007714561236,0.002501205400192864,0.008528206364513019,,,,,,,,0.00048216007714561236,,,,,
0.00048216007714561236,,,,,,0.0014766152362584379,,,,,0.04001928640308582,,0.002471070395371263,,0.0009643201542912247,,,,0.00048216007714561236,,,,,0.00048216007714561236,0.00048216007714561236,,,,,0.0014766152362584379,0.0009643201542912247,0.0009643201542912247,,,,,0.00048216007714561236,0.0009643201542912247,0.006418756027000964,0.0014766152362584379,,0.00048216007714561236,,,,,0.9084197203471552,0.00048216007714561236,0.00048216007714561236,0.00195877531340405,,,,0.004429845708775314,,,,,0.0014766152362584379,0.0014766152362584379,,0.0009643201542912247,0.017297492767598843,,,,0.00195877531340405,,,,0.0009643201542912247,,,,,
,,,,,,0.0032545805207328834,,,,0.0004520250723240116,0.03486620057859209,,0.0013862102217936355,,0.0013862102217936355,,,,,,,,,,,,,,,,0.0009040501446480232,0.0009040501446480232,,,,,,0.0004520250723240116,0.005574975891996143,0.0004520250723240116,,,,,,0.0004520250723240116,0.9239995178399228,0.0009040501446480232,,0.0023203953712632596,,,,0.0013862102217936355,0.0004520250723240116,,,,,0.0013862102217936355,0.0013862102217936355,0.0004520250723240116,0.013018322082931534,,,0.0004520250723240116,0.0009040501446480232,,,,0.0032545805207328834,,,,,
,,,,,,0.004942140790742526,,,,,0.038090646094503376,,0.0014766152362584379,0.00048216007714561236,0.0009643201542912247,,,,0.00048216007714561236,0.0009643201542912247,,,,,,,,,,,0.0014766152362584379,,,,,,,0.0014766152362584379,0.006900916104146577,0.00048216007714561236,,,,,,,0.9122770009643202,,,0.003435390549662488,,,,0.0029532304725168757,,,,,0.0009643201542912247,0.00195877531340405,0.00048216007714561236,0.00195877531340405,0.015338717454194793,,,0.0009643201542912247,0.0009643201542912247,,,,0.0009643201542912247,,,,,
,,0.0005122950819672131,,,,0.00626808100289296,,,,,0.031430810028929605,,0.0010245901639344263,0.0005122950819672131,0.0010245901639344263,,0.0005122950819672131,,,0.0010245901639344263,,,,,,,,,,,0.0005122950819672131,,,,,,,0.00156702025072324,0.0078351012536162,0.0005122950819672131,,,,,,,0.8966067984570878,,,0.00313404050144648,,,0.0005122950819672131,0.011511571841851495,0.0005122950819672131,,,,,0.0036463355834136933,0.0010245901639344263,0.0036463355834136933,0.021998553519768562,,0.00156702025072324,0.0010245901639344263,0.0005122950819672131,,,,0.00156702025072324,,,,,
,,0.0009341851494696239,,0.0004520250723240116,,0.010276036644165864,,0.0004520250723240116,0.0018683702989392478,,0.03182256509161042,,0.0037367405978784955,0.0004520250723240116,,,,,,,,,,,,,,,,,0.0009341851494696239,,,,0.0004520250723240116,,,0.0009341851494696239,0.006539296046287367,0.0018683702989392478,,,,,0.0004520250723240116,0.0004520250723240116,0.8935631629701061,,,,,,,0.004188765670202507,0.0013862102217936355,0.0004520250723240116,,,,0.004670925747348119,,0.004670925747348119,0.018261812921890067,,0.0023203953712632596,,0.0018683702989392478,,,,0.004670925747348119,0.0013862102217936355,,0.0009341851494696239,,
,,0.0014163452266152362,,,,0.005755785920925747,,0.0014163452266152362,0.0009341851494696239,,0.035619575699132114,,0.0018985053037608487,0.0004520250723240116,,,,,0.0004520250723240116,0.0009341851494696239,,,,0.0004520250723240116,0.0004520250723240116,,,,,,,,,,,,,0.002380665380906461,0.005755785920925747,0.0009341851494696239,0.0009341851494696239,,,,,,0.8896154773384763,0.0004520250723240116,0.0009341851494696239,,0.0004520250723240116,,0.0004520250723240116,0.011541706846673095,0.0018985053037608487,,0.0004520250723240116,0.0004520250723240116,0.0009341851494696239,0.004309305689488911,0.0004520250723240116,0.006720106075216972,0.01443466730954677,,0.002380665380906461,,,,,,0.003827145612343298,,,0.0004520250723240116,,0.0004520250723240116
,,0.00048216007714561236,,,,0.009643201542912247,,0.00048216007714561236,0.0015067502410800386,,0.02082328833172613,,0.00048216007714561236,0.0009944551591128256,0.00048216007714561236,,,,,,,,,0.00048216007714561236,,,,,,,,,,,0.00048216007714561236,,,0.0025313404050144647,0.01015549662487946,0.0015067502410800386,0.0009944551591128256,0.00048216007714561236,,0.00048216007714561236,,,0.9208654773384763,0.0009944551591128256,0.00048216007714561236,0.0009944551591128256,,,0.00048216007714561236,0.004038090646094504,0.00048216007714561236,,,,0.0009944551591128256,0.0009944551591128256,0.0015067502410800386,0.003043635486981678,0.01015549662487946,,,,0.0009944551591128256,,,,0.0009944551591128256,,,0.00048216007714561236,,0.00048216007714561236
,,0.0018081002892960463,,,,0.00822685631629701,,,,0.0004520250723240116,0.033841610414657664,,0.007292671166827387,0.00274228543876567,0.0009040501446480232,,,,,0.0004520250723240116,,,,,,,,,,,,,,,0.00274228543876567,,,0.0013560752169720347,0.004098360655737705,0.0018081002892960463,,0.0004520250723240116,,0.0009040501446480232,,,0.8942261330761813,,,0.0013560752169720347,,0.0004520250723240116,0.0018081002892960463,0.0045503857280617165,0.0013560752169720347,,,,0.0009040501446480232,0.00274228543876567,0.0036463355834136933,0.0018081002892960463,0.015067502410800385,,,0.0004520250723240116,0.0013560752169720347,,,,0.003194310511089682,,,,,
,,0.0013862102217936355,,,,0.009311716489874639,,,0.0013862102217936355,,0.027513259402121504,,0.0009040501446480232,,0.0013862102217936355,,,,,,,,,,,,,,,,,,,,,,,0.0023203953712632596,0.004188765670202507,0.0013862102217936355,,0.0004520250723240116,,0.0004520250723240116,,,0.9294539537126326,,,0.0013862102217936355,,,,0.002772420443587271,0.0004520250723240116,,,,0.0009040501446480232,0.0013862102217936355,0.0009040501446480232,0.0009040501446480232,0.007925506268081002,,,,0.0009040501446480232,,,,0.0023203953712632596,,,,,
,,,,,,0.008528206364513019,,,0.0004520250723240116,0.0009341851494696239,0.03082810993249759,,0.003314850530376085,0.0004520250723240116,0.0004520250723240116,,,,,,,,,,,,,,,,,,,,,,,0.0014163452266152362,0.004249035679845709,0.0018683702989392478,,0.0004520250723240116,,,0.0004520250723240116,0.0004520250723240116,0.9136029411764706,,,0.0028326904532304724,,,,0.0028326904532304724,0.0009341851494696239,,,,0.0037668756027000963,0.0037668756027000963,0.0014163452266152362,0.0004520250723240116,0.011360896817743492,,,,,,,,0.004249035679845709,0.0009341851494696239,,,,
,,0.0004520250723240116,,,,0.011481436837029894,,,0.0004520250723240116,,0.03682497589199614,,0.003194310511089682,,0.0004520250723240116,,,0.001838235294117647,0.0013560752169720347,,,,,,,,,,,,,,,,,,,0.0009040501446480232,0.005966730954676953,0.0013560752169720347,,,,,,0.0004520250723240116,0.8941357280617165,,,0.0004520250723240116,,,0.0009040501446480232,0.0078049662487945995,0.00274228543876567,,0.0013560752169720347,,0.00274228543876567,0.00274228543876567,0.0009040501446480232,0.0013560752169720347,0.011481436837029894,,0.0009040501446480232,0.0004520250723240116,0.0004520250723240116,0.0009040501446480232,,,0.003194310511089682,0.001838235294117647,0.0009040501446480232,,,
,,0.0032244455159112827,,,,0.012927917068466731,,,0.0004520250723240116,,0.04571480231436837,,0.0078351012536162,0.0009040501446480232,0.001838235294117647,,,,0.0013560752169720347,,,,0.0009040501446480232,,0.0004520250723240116,,,,,,0.0004520250723240116,,,,,,,0.0013560752169720347,0.0055147058823529415,0.0013560752169720347,0.0004520250723240116,0.0004520250723240116,,0.0004520250723240116,,,0.865115718418515,,,,,,0.001838235294117647,0.011541706846673095,0.0078351012536162,,0.0004520250723240116,,0.0004520250723240116,0.004610655737704918,0.00274228543876567,0.001838235294117647,0.012927917068466731,,0.0009040501446480232,0.0004520250723240116,,,,,0.0013560752169720347,0.001838235294117647,0.0004520250723240116,,,
,,0.0009643201542912247,,,,0.006780376084860174,,0.00048216007714561236,0.0033751205400192863,0.00048216007714561236,0.04261089681774349,,0.00822685631629701,,0.0009643201542912247,,,,0.0009643201542912247,0.00048216007714561236,,,0.0024108003857280617,0.0014464802314368371,,,,,,0.0014464802314368371,,,,,0.0009643201542912247,,,0.0057859209257473485,0.008709016393442622,0.0009643201542912247,0.00048216007714561236,0.00048216007714561236,,0.0019286403085824494,,,0.8631569431051109,,0.0019286403085824494,0.00048216007714561236,,,0.0019286403085824494,0.01404291224686596,0.0009643201542912247,0.0009643201542912247,0.00048216007714561236,0.00048216007714561236,,0.0019286403085824494,0.00048216007714561236,0.0028929604628736743,0.013078592092574734,,,0.00048216007714561236,,0.0009643201542912247,,,0.0033751205400192863,0.0024108003857280617,,,,
,,0.0024108003857280617,,,,0.006298216007714561,,0.00048216007714561236,0.0009643201542912247,,0.034926470588235295,,0.010185631629701061,0.0014464802314368371,,,,,,0.00048216007714561236,,,0.0009643201542912247,,,,,,,,,,,,0.0009643201542912247,0.00048216007714561236,,0.004339440694310511,0.003857280617164899,0.0009643201542912247,,0.00048216007714561236,,,,,0.8944672131147541,,,0.0019286403085824494,,,0.0019286403085824494,0.005816055930568949,0.0019286403085824494,0.00048216007714561236,0.00048216007714561236,0.00048216007714561236,0.00048216007714561236,0.0019286403085824494,,0.0024108003857280617,0.009221311475409836,,,0.00048216007714561236,,0.0014464802314368371,,,0.006780376084860174,0.00048216007714561236,,,,
,,0.0004520250723240116,,,,0.007503616200578592,,,0.0018683702989392478,,0.03613187078109933,,0.006087270973963356,0.0004520250723240116,,,,,,,,,,0.0004520250723240116,,,0.0009341851494696239,,,0.0004520250723240116,,,,,0.0013862102217936355,0.0004520250723240116,,0.003284715525554484,0.005605110896817743,0.0018683702989392478,0.0004520250723240116,,,0.0004520250723240116,,0.0004520250723240116,0.8808160559305689,,0.0004520250723240116,0.0013862102217936355,,,0.0009341851494696239,0.012204676952748312,0.0018683702989392478,0.0004520250723240116,0.0004520250723240116,0.0004520250723240116,0.0023203953712632596,0.004670925747348119,0.0028025554484088716,,0.011240356798457089,,,0.0004520250723240116,,,,,0.010306171648987464,0.0004520250723240116,0.0004520250723240116,,,
,,,,,,0.004520250723240115,,,0.0004520250723240116,,0.027151639344262294,,0.0027121504339440695,,,,,,,,,,,,,,0.0009040501446480232,,,,0.0004520250723240116,,,,0.0013560752169720347,0.0004520250723240116,,0.0013560752169720347,0.00587632594021215,0.0009040501446480232,,,,0.0004520250723240116,,,0.9136330761812922,,,0.0049722757955641276,,,,0.006328351012536162,,0.0004520250723240116,,0.0004520250723240116,0.004520250723240115,0.0018081002892960463,0.0022601253616200577,0.0036162005785920926,0.007684426229508197,,,,0.0004520250723240116,,,,0.005424300867888139,0.0004520250723240116,0.0013560752169720347,,,
,,0.0013862102217936355,,,,0.00741321118611379,,,0.0009040501446480232,,0.03613187078109933,,0.004610655737704918,0.0004520250723240116,0.0004520250723240116,,,,,,,,,,,,0.0009040501446480232,,,,0.0009040501446480232,,,,0.001838235294117647,0.0009040501446480232,,0.0013862102217936355,0.005996865959498553,0.0013862102217936355,,,,,0.0004520250723240116,0.0004520250723240116,0.9020913693346191,0.0004520250723240116,,0.001838235294117647,,,,0.0013862102217936355,,,,0.0004520250723240116,0.0032244455159112827,0.005544840887174542,0.002772420443587271,0.003706605593056895,0.008799421407907425,,,,0.0013862102217936355,,,,0.002772420443587271,,,,,
,,0.002290260366441659,,,,0.00973360655737705,,0.002290260366441659,0.0004520250723240116,,0.03941658630665381,,0.002290260366441659,0.0004520250723240116,0.0009040501446480232,,0.0004520250723240116,,,0.0009040501446480232,,,,0.0004520250723240116,,,0.0004520250723240116,,,,0.0004520250723240116,,,,0.0009040501446480232,0.0013862102217936355,,0.0009040501446480232,0.008347396335583413,0.002290260366441659,,,,,,,0.8836186113789778,0.0004520250723240116,,0.001838235294117647,,,0.0004520250723240116,0.008347396335583413,0.0004520250723240116,,,0.0004520250723240116,0.002290260366441659,0.006479026036644166,0.002290260366441659,0.002772420443587271,0.008347396335583413,,,,0.0004520250723240116,,,,0.006931051108968177,,0.0004520250723240116,,,
,,0.0008739151398264224,,,,0.008347396335583413,,0.0012958052073288333,,,0.03432377049180328,,0.0012958052073288333,0.0004218900675024108,,,0.0004218900675024108,,,0.0026217454194792673,,,0.0004218900675024108,0.0008739151398264224,,,,,,,,,,,0.0026217454194792673,0.0008739151398264224,,,0.00702145612343298,0.0012958052073288333,0.0004218900675024108,0.0004218900675024108,,,0.0008739151398264224,0.0004218900675024108,0.8992586788813886,0.0004218900675024108,,0.0012958052073288333,,,,0.005273625843780135,0.0004218900675024108,,0.0004218900675024108,0.0008739151398264224,0.004399710703953712,0.0048216007714561235,0.0017478302796528448,0.0012958052073288333,0.007473481195756991,,0.0012958052073288333,,0.0008739151398264224,,,,0.005273625843780135,,,,,
0.0004218900675024108,,0.0012958052073288333,,,,0.005273625843780135,,0.0004218900675024108,,0.003947685631629701,0.0273324493731919,,0.0030737704918032786,,,,,0.0004218900675024108,,0.0004218900675024108,,,,,,,,,,,,,,,,0.0008739151398264224,,0.0004218900675024108,0.006147540983606557,0.0012958052073288333,,0.0004218900675024108,,0.0008739151398264224,0.0012958052073288333,0.0008739151398264224,0.9127591610414658,,,,,,0.0004218900675024108,0.007051591128254581,,0.0004218900675024108,,0.002199855351976856,0.0026217454194792673,0.0012958052073288333,0.0012958052073288333,0.0030737704918032786,0.007473481195756991,,0.0008739151398264224,,0.0004218900675024108,,,,0.005273625843780135,,,,,
0.0004218900675024108,,0.0004218900675024108,,,,0.007081726133076181,,,,,0.024349083895853423,,0.002651880424300868,0.0004218900675024108,0.001325940212150434,,,,,0.001325940212150434,,,,,,,,,,,,,,0.0004218900675024108,0.0004218900675024108,,,0.0004218900675024108,0.00662970106075217,0.001325940212150434,,0.0004218900675024108,,0.001325940212150434,0.0008739151398264224,,0.9162246865959498,,,0.0004218900675024108,,,0.0004218900675024108,0.0035257955641272904,0.001325940212150434,0.0004218900675024108,,0.001325940212150434,0.005303760848601736,0.002199855351976856,0.002199855351976856,0.005755785920925747,0.006177675988428158,,,0.0008739151398264224,,,,,0.003977820636451302,,,,,
0.0004520250723240116,,0.002290260366441659,,,,0.008799421407907425,,0.0004520250723240116,0.0009040501446480232,,0.044961427193828354,,0.001838235294117647,0.0009040501446480232,0.0004520250723240116,,,,,0.0004520250723240116,,,,0.0004520250723240116,0.0004520250723240116,,,,,,,,,,0.002772420443587271,,,0.0004520250723240116,0.010637656702025072,0.0004520250723240116,,,,,,,0.8812379459980714,0.0009040501446480232,,0.0004520250723240116,,,0.0004520250723240116,0.00741321118611379,0.002290260366441659,,0.0009040501446480232,0.0004520250723240116,0.0050928158148505305,0.003706605593056895,0.002772420443587271,0.002772420443587271,0.011119816779170684,,,,,,,,0.003706605593056895,,,,,
0.0004520250723240116,,0.002290260366441659,,,,0.005996865959498553,,,,,0.029170684667309547,,0.0004520250723240116,0.0009040501446480232,0.0009040501446480232,,,,,0.0004520250723240116,,,,,0.0004520250723240116,,,,,,,0.0004520250723240116,,0.0004520250723240116,0.001838235294117647,,,0.0013862102217936355,0.003676470588235294,0.0004520250723240116,,,,,0.0004520250723240116,,0.9087210703953712,0.001838235294117647,0.0004520250723240116,0.0004520250723240116,,,,0.010185631629701061,0.0004520250723240116,,0.0009040501446480232,0.0004520250723240116,0.0013862102217936355,0.003676470588235294,0.002290260366441659,0.002772420443587271,0.011089681774349084,,,,,,,,0.005544840887174542,,,,,
0.0004218900675024108,,0.0008739151398264224,,0.0008739151398264224,,0.009371986499517839,,,0.0004218900675024108,0.0004218900675024108,0.03664416586306654,0.0004218900675024108,0.004912005785920926,0.001325940212150434,0.0004218900675024108,,,,,0.0008739151398264224,,,,,0.0004218900675024108,,,,,,,0.0008739151398264224,,0.0004218900675024108,0.002229990356798457,,,0.001325940212150434,0.006689971070395371,0.0008739151398264224,,,,,0.002229990356798457,,0.8723481195756991,0.0017779652844744456,0.0004218900675024108,0.001325940212150434,,,0.0004218900675024108,0.01250602700096432,0.0040079556412729025,,0.0004218900675024108,0.0004218900675024108,0.001325940212150434,0.007594021215043395,0.0026820154291224687,0.0017779652844744456,0.01250602700096432,,,0.0008739151398264224,,,0.0004218900675024108,,0.006689971070395371,,,,,0.0004218900675024108
0.0004218900675024108,,0.0012656702025072323,,0.0008437801350048216,,0.008136451301832208,,0.0008437801350048216,0.0004218900675024108,0.0012656702025072323,0.02965284474445516,,0.003857280617164899,0.0004218900675024108,,,,,,,,,,,0.0004218900675024108,,,,,0.0004218900675024108,,,,0.0004218900675024108,0.0008437801350048216,,,0.0012656702025072323,0.003857280617164899,0.0004218900675024108,0.0004218900675024108,,,,,0.0004218900675024108,0.8964259884281581,0.0021395853423336548,,0.0008437801350048216,,,0.0004218900675024108,0.006870781099324976,0.0012656702025072323,,0.0008437801350048216,0.0004218900675024108,0.009432256509161041,0.001717695274831244,0.003857280617164899,0.0029833654773384764,0.011601976856316297,,,0.0008437801350048216,,,0.0004218900675024108,,0.003857280617164899,,,,,0.0004218900675024108
0.00039175506268081,,0.002019045323047252,,0.00039175506268081,,0.010095226615236258,,0.00078351012536162,0.00039175506268081,0.004429845708775314,0.032696480231436835,,0.004038090646094504,0.002019045323047252,0.0024108003857280617,,0.00039175506268081,0.00039175506268081,,,,,,0.00039175506268081,0.00078351012536162,,,,,0.00039175506268081,,,,,0.0028025554484088716,,,0.0024108003857280617,0.008859691417550627,0.00078351012536162,0.00039175506268081,0.00039175506268081,,0.002019045323047252,0.00039175506268081,0.00078351012536162,0.8600229026036644,0.0012054001928640309,0.00039175506268081,0.0024108003857280617,,,0.001597155255544841,0.01331967213114754,,,0.002019045323047252,0.00039175506268081,0.001597155255544841,0.0032244455159112827,0.0056352459016393444,0.0036162005785920926,0.014525072324011571,,0.00039175506268081,0.002019045323047252,0.00078351012536162,0.00078351012536162,,,0.004429845708775314,0.00039175506268081,,,,0.00039175506268081
0.00039175506268081,,0.0016272902603664417,,,,0.004881870781099325,,0.0032545805207328834,0.0024409353905496625,0.002019045323047252,0.0350771456123433,,0.012626567020250723,0.00039175506268081,0.0016272902603664417,,,0.0008136451301832209,,0.0024409353905496625,,,,,,,,,,,,,,,0.002019045323047252,,,0.0024409353905496625,0.008136451301832208,0.00039175506268081,0.00039175506268081,0.00039175506268081,,0.0024409353905496625,,0.0024409353905496625,0.851976856316297,0.0024409353905496625,,0.0028326904532304724,0.00039175506268081,,0.0012054001928640309,0.024469623915139828,0.00039175506268081,0.0012054001928640309,0.00039175506268081,0.00039175506268081,0.0024409353905496625,0.0028326904532304724,0.00039175506268081,0.004068225650916104,0.010607521697203472,,0.0008136451301832209,0.0016272902603664417,,0.0008136451301832209,,,0.004068225650916104,0.00039175506268081,,,,
0.00039175506268081,,0.0016574252651880424,,0.0008136451301832209,,0.007865236258437802,,0.0016574252651880424,0.002471070395371263,0.00039175506268081,0.016574252651880426,,0.011180086788813886,0.0008136451301832209,0.0012355351976856316,,,,,0.008709016393442622,,,,,0.00039175506268081,,,,,0.00039175506268081,,,0.00039175506268081,,0.0008136451301832209,,,0.0020491803278688526,0.003314850530376085,0.0016574252651880424,,0.0008136451301832209,,0.0012355351976856316,,0.0008136451301832209,0.8773203953712633,0.0028929604628736743,,0.0008136451301832209,,,,0.02654893924783028,0.0008136451301832209,0.00039175506268081,0.0016574252651880424,,0.003314850530376085,0.003314850530376085,0.0016574252651880424,0.0028929604628736743,0.0049722757955641276,,0.00039175506268081,0.00039175506268081,0.0016574252651880424,0.00039175506268081,,,0.0045503857280617165,,,,,0.00039175506268081
0.00039175506268081,,0.00039175506268081,,,,0.006147540983606557,,0.006147540983606557,0.0012054001928640309,0.0008136451301832209,0.011511571841851495,,0.004520250723240115,0.00039175506268081,,,,,,0.016875602700096432,,,,,,,,,,0.00039175506268081,,,,,0.0008136451301832209,,,0.0020491803278688526,0.005755785920925747,0.0016272902603664417,,0.0008136451301832209,,0.0008136451301832209,0.0016272902603664417,0.0020491803278688526,0.8930810028929604,0.0020491803278688526,,0.0020491803278688526,,,0.0008136451301832209,0.013982642237222759,,,0.0016272902603664417,,0.0016272902603664417,0.004520250723240115,0.0016272902603664417,0.0016272902603664417,0.004912005785920926,,0.00039175506268081,0.00039175506268081,0.0008136451301832209,0.0008136451301832209,,,0.004520250723240115,0.0008136451301832209,,,,
0.0004218900675024108,,0.0012958052073288333,,,,0.006900916104146577,,,0.0004218900675024108,0.0021395853423336548,0.028959739633558343,,0.007774831243972999,0.001717695274831244,0.0008437801350048216,,0.0004218900675024108,,,0.018141272902603665,,,,,,,,,,,,,,,0.001717695274831244,,,0.0021395853423336548,0.008648746383799422,0.001717695274831244,,0.0004218900675024108,,,0.0008437801350048216,,0.8646335583413693,0.0004218900675024108,,0.003435390549662488,,,,0.011662246865959498,,0.0008437801350048216,0.001717695274831244,0.0004218900675024108,,0.0038874156219864996,0.001717695274831244,0.0038874156219864996,0.009492526518804244,,,0.0008437801350048216,0.0004218900675024108,0.0004218900675024108,,,0.009944551591128255,0.001717695274831244,,,,
0.0004218900675024108,,0.0008739151398264224,,,,0.011963596914175506,,0.001325940212150434,,,0.02706123432979749,,0.0031039054966248794,0.0008739151398264224,,,,,0.0004218900675024108,0.0004218900675024108,,,,,,,,,,,0.0004218900675024108,0.0004218900675024108,,,0.001325940212150434,,0.0008739151398264224,0.002199855351976856,0.0075337512054001925,0.0008739151398264224,,0.0004218900675024108,,,,,0.8939549180327869,,0.0004218900675024108,0.004429845708775314,,,,0.008859691417550627,,0.0004218900675024108,0.001325940212150434,,,0.002651880424300868,,0.0017478302796528448,0.011963596914175506,,,0.001325940212150434,0.003977820636451302,0.0008739151398264224,,,0.006207810993249759,0.0008739151398264224,,0.0004218900675024108,,
0.0004218900675024108,,0.0008739151398264224,,,,0.0116923818707811,,,0.0004218900675024108,0.0004218900675024108,0.03778929604628737,,0.0008739151398264224,0.001325940212150434,0.0004218900675024108,,,,,0.001325940212150434,,,,,,,,,,,,,,0.0004218900675024108,0.002229990356798457,,,0.002229990356798457,0.004942140790742526,0.0008739151398264224,,0.0004218900675024108,,0.0008739151398264224,,,0.8833473963355835,,0.0008739151398264224,0.005394165863066538,,,0.001325940212150434,0.007624156219864995,0.0008739151398264224,0.001325940212150434,0.0004218900675024108,,0.0004218900675024108,0.004038090646094504,0.0004218900675024108,0.0017779652844744456,0.012144406943105111,,0.0004218900675024108,0.0008739151398264224,0.001325940212150434,0.0008739151398264224,,,0.008076181292189007,0.0008739151398264224,,,,
0.0004218900675024108,,0.001325940212150434,,0.0004218900675024108,,0.007985776277724205,,0.0004218900675024108,0.002199855351976856,0.0008739151398264224,0.03555930568948891,0.0004218900675024108,0.002651880424300868,,0.0008739151398264224,,,,0.0008739151398264224,0.0004218900675024108,,,,,0.0008739151398264224,,,,,,0.0008739151398264224,0.0004218900675024108,,,0.0017779652844744456,,,0.001325940212150434,0.010667791706846673,,,0.0004218900675024108,,0.0008739151398264224,0.0004218900675024108,,0.8671950337512054,,0.0004218900675024108,0.003555930568948891,,,0.0017779652844744456,0.008889826422372227,0.0004218900675024108,0.001325940212150434,0.0008739151398264224,0.0004218900675024108,0.003555930568948891,0.007111861137897782,0.0008739151398264224,0.0017779652844744456,0.017779652844744455,,0.0004218900675024108,,0.0017779652844744456,,0.0004218900675024108,,0.007111861137897782,,0.001325940212150434,0.0004218900675024108,,0.0004218900675024108
0.0004520250723240116,,,,,,0.008618611378977821,,0.0013560752169720347,0.0013560752169720347,0.0013560752169720347,0.051259643201542915,0.0004520250723240116,0.008618611378977821,,0.0004520250723240116,,,,0.0022601253616200577,0.0004520250723240116,,,0.0004520250723240116,,,,,,,,0.0004520250723240116,0.0018081002892960463,,,0.0009040501446480232,,,0.0013560752169720347,0.008166586306653808,,0.0004520250723240116,,,0.0018081002892960463,,,0.850018081002893,0.0004520250723240116,0.0004520250723240116,0.0027121504339440695,,,0.0018081002892960463,0.01404291224686596,0.0027121504339440695,0.0004520250723240116,0.0004520250723240116,0.0009040501446480232,0.0004520250723240116,0.006328351012536162,,0.0018081002892960463,0.012686837029893925,,,0.0004520250723240116,0.0004520250723240116,,,,0.009522661523625844,0.0004520250723240116,0.0018081002892960463,,,
0.0004520250723240116,,0.004520250723240115,,,,0.006780376084860174,,0.0013560752169720347,0.0013560752169720347,0.0009040501446480232,0.026307859209257472,,0.009974686595949855,0.0018081002892960463,,,,,0.0004520250723240116,,,,0.0004520250723240116,,,,,,,,0.0004520250723240116,,,0.0009040501446480232,0.0018081002892960463,,,0.0004520250723240116,0.008618611378977821,,,0.0004520250723240116,,0.0004520250723240116,,,0.8758739151398265,0.0022601253616200577,,0.003164175506268081,,,,0.012686837029893925,0.0018081002892960463,0.0004520250723240116,0.0009040501446480232,0.0004520250723240116,0.004520250723240115,0.007714561234329798,0.0009040501446480232,0.0018081002892960463,0.0117827868852459,,,0.0004520250723240116,,,,,0.007714561234329798,,,,,
0.0004520250723240116,,0.0049722757955641276,,,0.0004520250723240116,0.010426711668273867,,,,0.0013560752169720347,0.03360053037608486,,0.0009040501446480232,0.0013560752169720347,,,,,0.0004520250723240116,,,,,,,,,,,0.0013560752169720347,0.0009040501446480232,,,,0.0027121504339440695,,,0.0004520250723240116,0.0036162005785920926,,,,,,,,0.8812379459980714,0.0009040501446480232,0.0004520250723240116,0.004068225650916104,,,,0.009070636451301833,0.0009040501446480232,0.0004520250723240116,0.0009040501446480232,,0.008166586306653808,0.006358486017357763,0.0004520250723240116,0.0018081002892960463,0.015429122468659595,,,0.0004520250723240116,,,,,0.005424300867888139,0.0004520250723240116,,,,0.0004520250723240116
0.0004520250723240116,,0.005062680810028929,,,,0.009673336547733847,,,0.0013560752169720347,,0.027663934426229508,,0.0013560752169720347,0.0004520250723240116,,,,,0.0004520250723240116,,,,,,,,,,,,,,,,0.001838235294117647,,,0.001838235294117647,0.004610655737704918,,,,,0.0009040501446480232,0.0004520250723240116,,0.8813584860173578,0.0013560752169720347,0.0004520250723240116,0.004610655737704918,,,0.0009040501446480232,0.011511571841851495,,0.0004520250723240116,0.0004520250723240116,,0.011511571841851495,0.006448891031822565,,0.002290260366441659,0.014736017357762777,,,,,,,,0.006900916104146577,,,,,0.0009040501446480232
0.0004520250723240116,,0.00274228543876567,,,,0.005002410800385728,,,0.0009040501446480232,,0.03197324011571842,,0.0018081002892960463,0.0004520250723240116,,,,,0.0004520250723240116,,,,,,0.0004520250723240116,,,,,,,,,0.0004520250723240116,0.0009040501446480232,,0.0009040501446480232,0.004098360655737705,0.0045503857280617165,,,,,,0.0018081002892960463,,0.8819913211186113,,0.0009040501446480232,0.005002410800385728,,,0.0004520250723240116,0.011421166827386692,0.0004520250723240116,,0.0013560752169720347,,0.003194310511089682,0.004098360655737705,0.0022601253616200577,0.0018081002892960463,0.01871383799421408,,,0.0009040501446480232,,,,,0.010486981677917069,,,,,
0.0009341851494696239,,0.0018683702989392478,,,,0.006087270973963356,,0.0004520250723240116,,,0.03194310511089682,,0.0013862102217936355,0.0009341851494696239,0.0013862102217936355,0.0009341851494696239,,0.0018683702989392478,0.0004520250723240116,,,,,,0.0004520250723240116,,,,,,0.0004520250723240116,,,,0.0013862102217936355,,,0.0028025554484088716,0.004218900675024108,,,0.0009341851494696239,,,0.0023203953712632596,0.0009341851494696239,0.859601012536162,0.0004520250723240116,0.0009341851494696239,0.006087270973963356,,,0.0013862102217936355,0.00702145612343298,0.0018683702989392478,0.0013862102217936355,0.0004520250723240116,,0.007503616200578592,0.008437801350048216,0.0023203953712632596,0.0009341851494696239,0.020190453230472517,,,,,,0.0004520250723240116,,0.016905737704918034,0.0013862102217936355,0.0009341851494696239,,,
0.0004520250723240116,,0.0028025554484088716,,,,0.008859691417550627,0.0004520250723240116,0.0004520250723240116,0.0009341851494696239,,0.04767357762777242,,0.0028025554484088716,,0.0013862102217936355,,0.0004520250723240116,,0.0004520250723240116,,,,,,0.0013862102217936355,,,,,,0.0004520250723240116,,,,0.0018683702989392478,,,0.0004520250723240116,0.008407666345226616,,0.0009341851494696239,0.0013862102217936355,,,0.0013862102217936355,0.0004520250723240116,0.8461909353905497,0.0004520250723240116,0.0023203953712632596,0.004670925747348119,,,0.0013862102217936355,0.005605110896817743,,0.0032545805207328834,0.0004520250723240116,0.0004520250723240116,0.006057135969141755,0.0037367405978784955,0.0018683702989392478,,0.018683702989392478,,0.0004520250723240116,,0.0009341851494696239,,0.0013862102217936355,,0.015881147540983607,0.0013862102217936355,0.0009341851494696239,,,0.0004520250723240116
0.0004520250723240116,,0.0036463355834136933,,,,0.01322926711668274,,0.0004520250723240116,0.0009040501446480232,,0.04059185149469624,,0.005002410800385728,,0.003164175506268081,,0.0004520250723240116,,0.0004520250723240116,,,,,,0.0004520250723240116,,,,,0.0027121504339440695,0.0004520250723240116,0.0009040501446480232,,,0.0013560752169720347,,,0.0027121504339440695,0.01093900675024108,0.0004520250723240116,,0.0004520250723240116,,0.0009040501446480232,0.0022601253616200577,0.0004520250723240116,0.8284414175506267,0.0004520250723240116,0.0009040501446480232,0.0013560752169720347,0.0018081002892960463,,0.0009040501446480232,0.020069913211186115,0.0013560752169720347,0.0013560752169720347,0.0018081002892960463,,0.008648746383799422,0.005002410800385728,0.0009040501446480232,0.0009040501446480232,0.015489392478302796,,,0.0009040501446480232,0.0004520250723240116,,0.0004520250723240116,,0.014133317261330762,0.0022601253616200577,,,,
0.0004520250723240116,,0.0032244455159112827,,,,0.005966730954676953,,0.001838235294117647,,,0.029472034715525553,,0.0055147058823529415,0.0013560752169720347,0.00274228543876567,,0.0004520250723240116,,0.0004520250723240116,,,,,,,,,,,0.0032244455159112827,0.0004520250723240116,0.00274228543876567,,,0.0009040501446480232,,,0.0004520250723240116,0.008739151398264224,0.0013560752169720347,,,,0.0009040501446480232,0.002290260366441659,,0.8640609932497589,,0.001838235294117647,0.0032244455159112827,,,0.0032244455159112827,0.008739151398264224,0.001838235294117647,0.0013560752169720347,0.0009040501446480232,,0.009673336547733847,0.001838235294117647,0.0013560752169720347,0.001838235294117647,0.006900916104146577,,0.0009040501446480232,0.0004520250723240116,,,0.0004520250723240116,,0.016122227579556413,0.001838235294117647,0.0009040501446480232,,,
0.0009040501446480232,,0.0018081002892960463,,,,0.010004821600771456,,0.0027121504339440695,0.0009040501446480232,,0.029562439729990356,,0.007714561234329798,,0.005002410800385728,,,0.0004520250723240116,,,,,,,0.0004520250723240116,,,,,0.0018081002892960463,0.0004520250723240116,,,0.0013560752169720347,0.0013560752169720347,,,0.0027121504339440695,0.0059064609450337514,0.0004520250723240116,,,,,0.0013560752169720347,,0.8578833172613307,,0.0009040501446480232,0.0027121504339440695,,,0.004068225650916104,0.010908871745419478,0.0004520250723240116,0.0004520250723240116,,,0.0045503857280617165,0.007714561234329798,0.0027121504339440695,0.0018081002892960463,0.015459257473481196,,0.0004520250723240116,0.0004520250723240116,0.0004520250723240116,,0.0004520250723240116,,0.013651157184185149,,,,,
0.0004218900675024108,,0.002229990356798457,,,,0.008076181292189007,,0.00313404050144648,,,0.03778929604628737,,0.004038090646094504,0.0008739151398264224,0.0026820154291224687,,,,,,,,0.0008739151398264224,,,,,,,,0.0004218900675024108,,,0.0008739151398264224,0.0017779652844744456,,,0.004942140790742526,0.004038090646094504,0.0004218900675024108,,,,,0.0008739151398264224,,0.8629158630665381,0.0004218900675024108,,0.00313404050144648,,,0.0008739151398264224,0.01753857280617165,0.0026820154291224687,,,,0.007172131147540984,0.003586065573770492,0.002229990356798457,0.004490115718418515,0.012144406943105111,,,,0.0004218900675024108,,0.0004218900675024108,,0.007172131147540984,,0.001325940212150434,,,
0.0004520250723240116,,0.0009040501446480232,,,,0.009130906460945033,,0.0018081002892960463,0.0018081002892960463,,0.030647299903567984,,0.007322806171648988,,0.0013560752169720347,,,,0.0004520250723240116,0.0004520250723240116,,,0.0004520250723240116,,,,,,,,,,,0.0004520250723240116,,,,0.0018081002892960463,0.004098360655737705,0.0004520250723240116,,,,0.0004520250723240116,,,0.8713536644165863,,,0.0036463355834136933,,,0.0022601253616200577,0.01829194792671167,0.0018081002892960463,,,,0.00548457087753134,0.006840646094503375,0.0013560752169720347,0.00548457087753134,0.012807377049180328,,0.0009040501446480232,0.0004520250723240116,,,0.0004520250723240116,,0.0045503857280617165,0.0004520250723240116,0.0018081002892960463,,,
0.0009040501446480232,,0.0004520250723240116,,,,0.012566297010607522,,0.0004520250723240116,0.003706605593056895,,0.037246865959498554,,0.004188765670202507,0.0004520250723240116,0.0004520250723240116,,,,,0.0009040501446480232,0.0004520250723240116,,0.0004520250723240116,,,,,,,,,,,,0.0004520250723240116,,,0.0023203953712632596,0.006509161041465767,0.0004520250723240116,0.0009040501446480232,,,0.0004520250723240116,,,0.860806412729026,0.0004520250723240116,,0.004640790742526519,0.0004520250723240116,,0.0013862102217936355,0.02000964320154291,0.0004520250723240116,,,,0.006961186113789778,0.005574975891996143,0.002772420443587271,0.004188765670202507,0.007443346190935391,,0.001838235294117647,,0.0009040501446480232,,0.0004520250723240116,,0.006509161041465767,0.0013862102217936355,0.0004520250723240116,,,
0.0013862102217936355,,0.004158630665380907,,,,0.01250602700096432,,,0.003676470588235294,,0.03194310511089682,,0.006931051108968177,0.0004520250723240116,0.0013862102217936355,,,,0.0004520250723240116,,,,,,0.0009040501446480232,,,,,,0.0004520250723240116,,,,,,,0.0013862102217936355,0.010637656702025072,0.0013862102217936355,,,,0.0004520250723240116,,0.0004520250723240116,0.8600229026036644,,,0.001838235294117647,0.0004520250723240116,,0.0013862102217936355,0.02269165863066538,,,,,0.005996865959498553,0.0050928158148505305,0.0004520250723240116,0.0013862102217936355,0.009703471552555448,,0.0032244455159112827,0.0009040501446480232,,0.0004520250723240116,0.0004520250723240116,,0.005996865959498553,,0.0013862102217936355,,,
0.0004218900675024108,,0.001325940212150434,,,,0.008919961427193828,,0.0004218900675024108,0.004459980713596914,0.004459980713596914,0.038783751205400195,,0.0040079556412729025,,0.0017779652844744456,,,0.001325940212150434,0.0004218900675024108,0.0008739151398264224,,,,,0.002229990356798457,,,,,,0.0004218900675024108,,0.0004218900675024108,,,,,0.0004218900675024108,0.00623794599807136,0.0040079556412729025,,,,0.001325940212150434,,0.002229990356798457,0.860354387656702,0.0017779652844744456,,,,,0.0004218900675024108,0.01916586306653809,0.001325940212150434,,,,0.008015911282545805,0.004459980713596914,,0.0017779652844744456,0.0057859209257473485,,0.0017779652844744456,,,0.0008739151398264224,,,0.008919961427193828,0.0004218900675024108,0.0004218900675024108,,,
0.0004520250723240116,,0.0013560752169720347,,,,0.0022601253616200577,,0.0009040501446480232,0.0013560752169720347,,0.02465043394406943,,0.0036463355834136933,,0.0009040501446480232,0.0004520250723240116,,,0.0004520250723240116,,,0.0004520250723240116,,,0.0018081002892960463,,,,,,0.0009040501446480232,0.0004520250723240116,,,,,,0.0009040501446480232,0.0045503857280617165,0.004098360655737705,0.0004520250723240116,0.0004520250723240116,,0.0004520250723240116,,0.0004520250723240116,0.8871745419479267,0.0013560752169720347,,0.0009040501446480232,,,0.0009040501446480232,0.01642357762777242,0.004098360655737705,0.0013560752169720347,,,0.0036463355834136933,0.01093900675024108,0.0013560752169720347,0.0027121504339440695,0.007292671166827387,,0.0004520250723240116,0.0009040501446480232,0.0009040501446480232,0.0018081002892960463,,,0.0045503857280617165,,0.0013560752169720347,,,0.0004520250723240116
0.00048216007714561236,,0.0009643201542912247,,,,0.0028929604628736743,,,0.0024108003857280617,,0.029411764705882353,,0.003857280617164899,0.00048216007714561236,0.0014464802314368371,,,,0.00048216007714561236,0.00048216007714561236,,,,,0.0009643201542912247,,,,,0.0009643201542912247,0.00048216007714561236,,,0.0009643201542912247,,,,0.00048216007714561236,0.00626808100289296,0.00048216007714561236,,,,,,0.0009643201542912247,0.8924783027965284,,,0.0019286403085824494,,,0.0009643201542912247,0.010125361620057859,0.0019286403085824494,0.0009643201542912247,,0.00048216007714561236,0.004339440694310511,0.004339440694310511,0.0009643201542912247,,0.013982642237222759,,0.00048216007714561236,0.00048216007714561236,0.0019286403085824494,,,,0.010125361620057859,,,,,
0.00048216007714561236,,0.00048216007714561236,,,,0.006840646094503375,,,0.0009643201542912247,,0.03275675024108004,,0.006358486017357763,0.0009643201542912247,0.0009643201542912247,,,,0.00048216007714561236,,,,,,0.0009643201542912247,,,,,,,,,,0.0019286403085824494,,,0.0009643201542912247,0.006840646094503375,,,,,,0.0014464802314368371,,0.8951904532304725,,,0.0019286403085824494,0.00048216007714561236,,,0.011240356798457089,0.002923095467695275,0.00048216007714561236,,,0.004399710703953712,0.003405255544840887,0.0009643201542912247,0.0014464802314368371,0.010758196721311475,,0.0009643201542912247,,0.0019286403085824494,,,,0.0014464802314368371,,,,,
0.0004520250723240116,,0.0018683702989392478,,,,0.0056352459016393444,,0.0004520250723240116,0.0009341851494696239,0.0004520250723240116,0.04523264223722276,,0.007051591128254581,0.0004520250723240116,0.0013862102217936355,,0.0018683702989392478,,0.0004520250723240116,0.0004520250723240116,,,,0.0004520250723240116,,,,,,,0.0004520250723240116,,,0.0004520250723240116,,,,0.0023505303760848603,0.005183220829315333,,,,,0.0004520250723240116,0.0018683702989392478,,0.8662909836065573,,0.0004520250723240116,0.0023505303760848603,,,,0.006569431051108968,0.0013862102217936355,0.0004520250723240116,0.0004520250723240116,,0.003284715525554484,0.004218900675024108,0.0018683702989392478,0.0009341851494696239,0.020250723240115717,,0.0004520250723240116,0.0009341851494696239,0.0004520250723240116,,,,0.010818466730954678,0.0009341851494696239,,,,
0.0004520250723240116,,0.0028326904532304724,,,,0.009522661523625844,,,0.0014163452266152362,0.0004520250723240116,0.04616682738669238,,0.006177675988428158,0.0004520250723240116,0.0004520250723240116,,0.0004520250723240116,,0.0004520250723240116,0.0004520250723240116,,,,,,,,,,,0.0009341851494696239,,,,,,,0.0028326904532304724,0.005695515911282546,,,,,,0.0014163452266152362,,0.8605050626808101,,,0.002380665380906461,,,,0.01521817743490839,0.0004520250723240116,0.0004520250723240116,,,0.0014163452266152362,0.004761330761812922,0.0028326904532304724,0.002380665380906461,0.017116682738669238,,0.002380665380906461,0.0009341851494696239,0.0014163452266152362,,,,0.007594021215043395,,,,,
0.00048216007714561236,,0.0014464802314368371,,,,0.018111137897782063,,,0.003405255544840887,,0.03869334619093539,,0.0053640308582449375,,0.0014464802314368371,0.00048216007714561236,0.00048216007714561236,0.00048216007714561236,0.00048216007714561236,,,,,,0.00048216007714561236,,,,,,0.00195877531340405,,,,,,,0.00195877531340405,0.0024409353905496625,,,,,,0.0024409353905496625,,0.8568285920925748,,0.00048216007714561236,0.0014464802314368371,,,,0.0117526518804243,0.00195877531340405,0.00048216007714561236,,,0.0009643201542912247,0.006358486017357763,0.002923095467695275,0.0014464802314368371,0.016152362584378015,,0.002923095467695275,,0.0014464802314368371,0.00048216007714561236,,,0.013711427193828351,0.00048216007714561236,,,,
0.0004520250723240116,,0.0032545805207328834,,,,0.004640790742526519,,0.0004520250723240116,0.0013862102217936355,,0.030225409836065573,,0.003706605593056895,0.0013862102217936355,0.0032545805207328834,0.0004520250723240116,,0.0009040501446480232,0.0009040501446480232,,,,,,0.0013862102217936355,,,,,0.0009040501446480232,0.001838235294117647,,,,,,,0.0009040501446480232,0.009281581485053038,,,,,0.0004520250723240116,,,0.873041224686596,0.0004520250723240116,,,,,0.0004520250723240116,0.019979508196721313,0.0009040501446480232,0.001838235294117647,,,,0.0032545805207328834,0.003706605593056895,0.0013862102217936355,0.00976374156219865,,0.0009040501446480232,0.0004520250723240116,0.0009040501446480232,0.0023203953712632596,,,0.013018322082931534,0.0013862102217936355,0.0004520250723240116,,,
0.0004520250723240116,,0.0032545805207328834,,,,0.0023203953712632596,,0.0013862102217936355,0.0018683702989392478,,0.017297492767598843,,0.0018683702989392478,0.0004520250723240116,0.0009341851494696239,,,,0.0004520250723240116,,,,,,0.0004520250723240116,,,,,,0.0009341851494696239,,,,,,,0.0013862102217936355,0.005605110896817743,0.0009341851494696239,0.0037367405978784955,,,,,,0.9174903567984571,,,,,,,0.01404291224686596,,0.0004520250723240116,,,0.0004520250723240116,0.0018683702989392478,0.0018683702989392478,0.0018683702989392478,0.005122950819672131,,0.0004520250723240116,0.0009341851494696239,0.0004520250723240116,0.0018683702989392478,,,0.00702145612343298,0.0009341851494696239,0.0013862102217936355,,,0.0004520250723240116
0.0013560752169720347,,0.0018081002892960463,,,,0.007232401157184185,,,0.0013560752169720347,,0.03800024108003857,,0.0036162005785920926,0.0009040501446480232,0.003164175506268081,,,,,,,,,0.0009040501446480232,,,,,,0.0013560752169720347,0.0018081002892960463,,,0.0004520250723240116,,,,0.0004520250723240116,0.003164175506268081,0.0009040501446480232,,,,,,,0.8783751205400193,,0.0013560752169720347,0.0009040501446480232,,,,0.014012777242044359,,0.0009040501446480232,,,0.0022601253616200577,0.00587632594021215,0.0013560752169720347,0.0018081002892960463,0.015820877531340406,,,,,,,,0.00858847637415622,0.0009040501446480232,0.0013560752169720347,,,
0.0009040501446480232,,0.0009040501446480232,,,,0.012234811957569914,,,0.0022601253616200577,,0.029924059787849566,,0.0049722757955641276,,,,,,,0.0009040501446480232,,,,,,,,,,,,,,,,,,0.0027121504339440695,0.00858847637415622,0.0004520250723240116,,,,0.0004520250723240116,,,0.8836487463837994,0.0004520250723240116,,0.0022601253616200577,,,,0.018111137897782063,,0.0004520250723240116,,,0.0036162005785920926,0.005424300867888139,,,0.0117827868852459,,0.0009040501446480232,,,,,,0.00858847637415622,0.0004520250723240116,,,,
0.0009040501446480232,,0.0013862102217936355,,,,0.016212632594021215,,0.0004520250723240116,0.001838235294117647,,0.031039054966248796,,0.004158630665380907,,,,,,,,,,,,,,,,,,,,,0.0004520250723240116,,,,0.003706605593056895,0.00973360655737705,0.0004520250723240116,,,,0.0013862102217936355,,,0.8798216007714561,,,0.0013862102217936355,,,0.0009040501446480232,0.01759884281581485,,0.0004520250723240116,,,0.002290260366441659,0.0050928158148505305,0.0009040501446480232,0.001838235294117647,0.011571841851494697,,,0.0004520250723240116,,,,,0.004610655737704918,0.0004520250723240116,,,,0.0009040501446480232
0.0009040501446480232,,0.003194310511089682,,,,0.013711427193828351,,,0.0009040501446480232,,0.02697082931533269,,0.0036463355834136933,0.0004520250723240116,0.0009040501446480232,,,0.0004520250723240116,,,,,,0.0004520250723240116,,,,,,,0.0022601253616200577,,,,,,,0.0022601253616200577,0.005002410800385728,0.0004520250723240116,,,,,,,0.8772902603664416,0.0004520250723240116,0.0009040501446480232,0.00274228543876567,,,0.0004520250723240116,0.02193828351012536,0.0013560752169720347,0.0004520250723240116,,,0.00822685631629701,0.004098360655737705,0.0004520250723240116,0.0018081002892960463,0.009130906460945033,,,,0.0004520250723240116,,,,0.008678881388621022,,,,,
,,0.0004218900675024108,,,,0.008558341369334619,,0.001325940212150434,0.0026820154291224687,0.001325940212150434,0.0392056412729026,,0.003586065573770492,,,,,,,,,,0.0004218900675024108,0.001325940212150434,,,,,,,0.0004218900675024108,,,,,,,0.0008739151398264224,0.013952507232401157,0.0004218900675024108,,,,0.0004218900675024108,,,0.8460402603664416,0.0008739151398264224,0.0008739151398264224,0.0017779652844744456,,,0.001325940212150434,0.016212632594021215,0.0004218900675024108,,,,0.00901036644165863,0.00901036644165863,0.0008739151398264224,0.001325940212150434,0.016212632594021215,,0.0008739151398264224,,0.004490115718418515,0.0004218900675024108,,,0.015308582449373193,,,,,
0.0004520250723240116,,0.004610655737704918,,,,0.010185631629701061,0.0009040501446480232,0.002290260366441659,0.0013862102217936355,,0.028296769527483126,,0.003706605593056895,0.0004520250723240116,,,0.0009040501446480232,0.0004520250723240116,,0.0009040501446480232,,,0.003706605593056895,0.001838235294117647,,,,,,,0.0009040501446480232,,0.0004520250723240116,0.0004520250723240116,0.0013862102217936355,,,0.002290260366441659,0.002290260366441659,0.001838235294117647,,,,,0.0009040501446480232,,0.8545081967213115,0.0009040501446480232,,0.002772420443587271,,,0.0009040501446480232,0.019015188042430086,0.0013862102217936355,0.0004520250723240116,,0.0004520250723240116,0.002290260366441659,0.008347396335583413,0.002772420443587271,0.002290260366441659,0.009251446480231436,,0.0009040501446480232,,0.0013862102217936355,0.002290260366441659,,,0.0194672131147541,,,,,
,,0.004249035679845709,,,,0.012325216972034715,,0.0009341851494696239,0.0028326904532304724,,0.02654893924783028,,0.0037668756027000963,,,,0.0009341851494696239,,,0.0009341851494696239,,,0.0004520250723240116,0.0009341851494696239,,,,,,,0.0004520250723240116,,,,,,,0.0009341851494696239,0.003314850530376085,0.0004520250723240116,,,,,0.0018683702989392478,,0.8866622468659595,0.0014163452266152362,0.0009341851494696239,0.0018683702989392478,,,0.0004520250723240116,0.01802073288331726,0.0014163452266152362,,,,0.0023505303760848603,0.003314850530376085,0.0004520250723240116,0.0009341851494696239,0.009944551591128255,,0.0009341851494696239,0.0004520250723240116,0.0028326904532304724,0.0009341851494696239,,,0.006147540983606557,,,,,
0.0004520250723240116,,0.005755785920925747,,,,0.010095226615236258,,0.0014163452266152362,0.0009341851494696239,,0.03227459016393443,,0.005755785920925747,0.0018985053037608487,,,,,,,,,,0.0009341851494696239,,,,,,0.0033449855351976856,0.0004520250723240116,,,,,,,0.002380665380906461,0.005273625843780135,0.0009341851494696239,,,,,,,0.8653266634522662,0.0004520250723240116,,0.0004520250723240116,,,0.0004520250723240116,0.015398987463837993,0.00623794599807136,,,,0.003827145612343298,0.00623794599807136,0.0004520250723240116,0.0004520250723240116,0.014916827386692382,,0.0009341851494696239,,0.0014163452266152362,,,,0.011541706846673095,,,,,
,,0.0009341851494696239,,,,0.008889826422372227,,0.0004520250723240116,0.0013862102217936355,,0.036101735776277726,,0.0018683702989392478,0.0009341851494696239,,,,,,,,,,,,,,,,0.0009341851494696239,0.0004520250723240116,,,0.0004520250723240116,,,,0.0018683702989392478,0.005153085824493732,,,0.0004520250723240116,,,,,0.8859088717454194,0.0004520250723240116,,0.0009341851494696239,0.0004520250723240116,,0.0004520250723240116,0.015007232401157184,0.0004520250723240116,,,,0.0037367405978784955,0.005605110896817743,0.0009341851494696239,0.0018683702989392478,0.009371986499517839,,0.0004520250723240116,,0.0013862102217936355,,,,0.013108727097396336,,,,,
,,0.0018985053037608487,,,,0.014344262295081968,,0.0004520250723240116,0.0014163452266152362,,0.034926470588235295,,0.002862825458052073,,,,,,0.0014163452266152362,,,,,0.0009341851494696239,0.0004520250723240116,,,,,0.0004520250723240116,,,,0.0009341851494696239,,,,0.002862825458052073,0.006207810993249759,0.0004520250723240116,,,,,,0.0009341851494696239,0.8622528929604629,,,0.0009341851494696239,,,,0.013862102217936354,0.0018985053037608487,0.0004520250723240116,,,0.0052434908389585345,0.011481436837029894,0.0004520250723240116,0.006207810993249759,0.014344262295081968,,0.0004520250723240116,0.0009341851494696239,0.002380665380906461,0.0004520250723240116,,,0.007654291224686596,,0.0004520250723240116,,,
,,0.0009643201542912247,,,,0.009251446480231436,,,0.0014464802314368371,,0.039024831243973,,0.0038874156219864996,0.0019286403085824494,,,,,,0.00048216007714561236,,,,0.00048216007714561236,0.0009643201542912247,,,,,0.00048216007714561236,0.00048216007714561236,,,,,,,0.00048216007714561236,0.003405255544840887,,0.00048216007714561236,,,,,0.0009643201542912247,0.8598722275795564,0.00048216007714561236,,0.00048216007714561236,,,0.00048216007714561236,0.02389705882352941,0.0024108003857280617,0.00048216007714561236,,0.0009643201542912247,0.011210221793635487,0.004851735776277724,0.00048216007714561236,0.004851735776277724,0.011210221793635487,,0.00048216007714561236,,0.004369575699132112,0.0009643201542912247,,,0.006328351012536162,0.0009643201542912247,0.00048216007714561236,,,
,,0.002290260366441659,,,,0.0055147058823529415,,,0.003676470588235294,,0.034564850530376084,,0.004128495660559305,,,,,,,0.0004520250723240116,,,,0.001838235294117647,0.0009040501446480232,,,,,0.0009040501446480232,,,,,0.0004520250723240116,,,,0.00274228543876567,0.002290260366441659,,,,0.00274228543876567,0.0004520250723240116,0.0009040501446480232,0.8851856316297011,0.0013560752169720347,0.0004520250723240116,0.0009040501446480232,,,,0.009221311475409836,0.0013560752169720347,0.001838235294117647,,0.0009040501446480232,0.0013560752169720347,0.004610655737704918,,0.005062680810028929,0.010125361620057859,,,,0.002290260366441659,0.00274228543876567,,,0.008287126325940213,0.0004520250723240116,,,,
,,0.0013862102217936355,,,,0.004218900675024108,,,0.0037367405978784955,,0.03332931533269045,,0.0028025554484088716,,0.0004520250723240116,,0.0009341851494696239,,,0.0013862102217936355,,,,0.0004520250723240116,0.003284715525554484,,,,,,,0.0018683702989392478,0.0004520250723240116,,,,0.0004520250723240116,0.0009341851494696239,0.015489392478302796,0.0023203953712632596,,,,0.0013862102217936355,0.0004520250723240116,0.0009341851494696239,0.883076181292189,0.005153085824493732,,0.0018683702989392478,,,,0.006087270973963356,,0.0018683702989392478,,0.0009341851494696239,0.0028025554484088716,0.0028025554484088716,0.0009341851494696239,0.0018683702989392478,0.00702145612343298,,,,0.003284715525554484,0.0018683702989392478,,,0.0023203953712632596,0.0004520250723240116,,,,0.0013862102217936355
,,0.003164175506268081,,,,0.003164175506268081,,0.0009040501446480232,0.0013560752169720347,,0.026307859209257472,,0.006328351012536162,,0.0018081002892960463,,0.0009040501446480232,,,,,,,0.0022601253616200577,0.0022601253616200577,,,,,0.0004520250723240116,,0.0009040501446480232,,,,,,0.0013560752169720347,0.008136451301832208,0.0013560752169720347,,,,0.0013560752169720347,0.0018081002892960463,0.0009040501446480232,0.8936837029893925,0.003164175506268081,0.0004520250723240116,0.0009040501446480232,,,,0.007684426229508197,,0.0004520250723240116,,0.0004520250723240116,0.0022601253616200577,0.0018081002892960463,0.0009040501446480232,0.003164175506268081,0.006780376084860174,,,0.0004520250723240116,0.003164175506268081,0.0013560752169720347,,,0.007684426229508197,0.0004520250723240116,,,,0.0004520250723240116
,,0.0009040501446480232,,,,0.005032545805207329,,,0.0009040501446480232,,0.04125482160077146,,0.01051711668273867,0.0009040501446480232,,,,,,,,,,0.0004520250723240116,,,,,,,0.0004520250723240116,,,0.0004520250723240116,,,,,0.009613066538090647,,,,,0.0004520250723240116,,0.0004520250723240116,0.8665019286403086,0.0018081002892960463,,0.0018081002892960463,,,0.0009040501446480232,0.00822685631629701,0.0018081002892960463,,,,0.005936595949855352,0.005032545805207329,0.002290260366441659,0.005032545805207329,0.012355351976856317,,,0.0004520250723240116,0.00274228543876567,0.0004520250723240116,,,0.012807377049180328,0.0004520250723240116,,,,
0.0004520250723240116,,0.0009040501446480232,,,,0.011632111861137898,,,0.0032545805207328834,,0.02980351976856316,,0.0050928158148505305,0.001838235294117647,,,0.0004520250723240116,,,,,,,,,,,,,,,,,0.0009040501446480232,,,,0.0013862102217936355,0.002772420443587271,0.0009040501446480232,,,,,,0.0009040501446480232,0.8831364513018322,0.0009040501446480232,,0.0009040501446480232,,,0.0009040501446480232,0.010697926711668275,,0.0004520250723240116,,,0.005574975891996143,0.0032545805207328834,0.001838235294117647,0.004640790742526519,0.013500482160077145,,0.0004520250723240116,,0.0023203953712632596,,,,0.010215766634522661,0.0009040501446480232,,,,
0.0009040501446480232,,0.0009040501446480232,0.0004520250723240116,,,0.010607521697203472,,,0.0009040501446480232,,0.0351072806171649,,0.007383076181292189,,0.0004520250723240116,0.0004520250723240116,0.0004520250723240116,,0.0013560752169720347,0.001838235294117647,,,,,,,,,,,0.0004520250723240116,,0.0004520250723240116,0.0004520250723240116,,,,0.003676470588235294,0.004610655737704918,,,,,,,0.0013560752169720347,0.8827446962391514,0.0009040501446480232,,0.0013560752169720347,,0.0004520250723240116,,0.0078351012536162,0.0013560752169720347,0.0004520250723240116,,,0.005062680810028929,0.00274228543876567,0.0009040501446480232,0.0032244455159112827,0.011993731918997106,,0.0009040501446480232,,0.0009040501446480232,,,,0.006448891031822565,0.0004520250723240116,,0.0004520250723240116,,
,,0.002290260366441659,0.0004520250723240116,,,0.012023866923818708,,,0.002290260366441659,0.0013862102217936355,0.02452989392478303,,0.0032244455159112827,,,,0.0013862102217936355,,,0.0009040501446480232,,,,0.0004520250723240116,,,,,,,0.0004520250723240116,,,0.0009040501446480232,,,,0.0013862102217936355,0.008317261330761813,,0.0004520250723240116,,,0.0004520250723240116,0.0009040501446480232,0.0004520250723240116,0.8912729026036644,0.0009040501446480232,,0.0009040501446480232,0.0004520250723240116,0.0004520250723240116,,0.007383076181292189,0.0013862102217936355,0.0013862102217936355,0.0004520250723240116,,0.003676470588235294,0.002290260366441659,0.002290260366441659,0.0032244455159112827,0.01250602700096432,,0.0009040501446480232,,0.001838235294117647,,0.0009040501446480232,,0.004158630665380907,0.0004520250723240116,0.0004520250723240116,0.0004520250723240116,,
,0.0004520250723240116,0.0032244455159112827,,0.0004520250723240116,,0.021184908389585342,,0.0004520250723240116,0.00274228543876567,0.00274228543876567,0.045172372227579555,0.0004520250723240116,0.005966730954676953,0.0004520250723240116,0.0009040501446480232,,,,0.0004520250723240116,0.0004520250723240116,,,,0.002290260366441659,,,,,,,,,,0.0013560752169720347,,,,0.0009040501446480232,0.0078351012536162,,0.0004520250723240116,,,0.0004520250723240116,,0.0004520250723240116,0.8312741080038573,0.0009040501446480232,,0.001838235294117647,0.0004520250723240116,,0.0004520250723240116,0.01796046287367406,0.00274228543876567,0.0009040501446480232,,,0.007352941176470588,0.004610655737704918,0.004610655737704918,0.004610655737704918,0.01521817743490839,,,0.0004520250723240116,0.002290260366441659,0.0009040501446480232,0.0004520250723240116,,0.0032244455159112827,0.0004520250723240116,,0.0004520250723240116,,
,0.0009341851494696239,0.006991321118611379,,0.0013862102217936355,,0.0037367405978784955,,0.0013862102217936355,0.0013862102217936355,0.0018683702989392478,0.035047010607521696,,0.0028025554484088716,,0.0028025554484088716,,,,0.0004520250723240116,0.0004520250723240116,,,0.0023203953712632596,0.0009341851494696239,,0.0004520250723240116,,,,,,,,0.0004520250723240116,,,,0.0018683702989392478,0.012144406943105111,,0.0009341851494696239,,,,,0.0004520250723240116,0.8581846673095468,0.0004520250723240116,,0.0009341851494696239,,,0.0009341851494696239,0.017297492767598843,0.0028025554484088716,0.0004520250723240116,,,0.005605110896817743,0.0028025554484088716,0.006539296046287367,0.005605110896817743,0.010276036644165864,,,,0.0028025554484088716,0.0009341851494696239,0.0004520250723240116,,0.004670925747348119,,,0.0004520250723240116,,
,0.0004520250723240116,0.004098360655737705,,0.0013560752169720347,0.0004520250723240116,0.006840646094503375,0.0004520250723240116,0.003194310511089682,0.0018081002892960463,0.0004520250723240116,0.019648023143683704,,0.00274228543876567,0.0004520250723240116,0.00274228543876567,,,0.0009040501446480232,0.0004520250723240116,0.0004520250723240116,,,,0.0013560752169720347,,,,,,0.0013560752169720347,,,,0.0004520250723240116,,,,0.00274228543876567,0.008678881388621022,,0.0018081002892960463,,,,,0.0009040501446480232,0.8869033269045323,0.0004520250723240116,,,,,0.0009040501446480232,0.015097637415621987,,,,,0.0036463355834136933,0.00274228543876567,0.00274228543876567,0.00274228543876567,0.012325216972034715,,0.0013560752169720347,,0.0013560752169720347,0.0004520250723240116,,,0.005032545805207329,,,0.0004520250723240116,,
,,0.0017779652844744456,,0.0004218900675024108,,0.010366441658630666,0.0004218900675024108,0.0004218900675024108,0.0004218900675024108,,0.03471552555448409,,0.004490115718418515,0.0004218900675024108,,,,0.0004218900675024108,,,,,,0.0004218900675024108,,,,,,,,,,0.0008739151398264224,,,,0.0017779652844744456,0.00313404050144648,,0.0008739151398264224,,,,,0.0008739151398264224,0.8784052555448408,0.0004218900675024108,,,,,0.0008739151398264224,0.014886692381870782,0.0017779652844744456,0.0004218900675024108,,,0.004038090646094504,0.007202266152362584,,0.005394165863066538,0.012626567020250723,,0.0017779652844744456,,0.002229990356798457,,,,0.008106316297010608,,,,,
,,0.0009040501446480232,,,,0.011029411764705883,0.0009040501446480232,0.0004520250723240116,0.002290260366441659,0.0004520250723240116,0.04514223722275795,,0.004128495660559305,0.0004520250723240116,0.0009040501446480232,,,,,0.0004520250723240116,,,,,,,,,,,,,,0.0004520250723240116,0.0009040501446480232,,,0.001838235294117647,0.008287126325940213,,0.0004520250723240116,,,,,0.0004520250723240116,0.8750904050144648,0.0004520250723240116,,,,,0.0004520250723240116,0.013801832208293154,0.0013560752169720347,0.0009040501446480232,,,0.0009040501446480232,0.005966730954676953,0.0004520250723240116,0.00274228543876567,0.011963596914175506,,,,0.001838235294117647,0.0004520250723240116,,,0.004128495660559305,,,,,
,,0.003676470588235294,,,,0.012958052073288331,,0.0013862102217936355,0.0009040501446480232,0.0009040501446480232,0.04583534233365477,,0.004610655737704918,,,,,,,0.0004520250723240116,,,,0.0004520250723240116,,,,,,,,,,0.0004520250723240116,0.0004520250723240116,,,0.003676470588235294,0.005544840887174542,0.0013862102217936355,0.0004520250723240116,,,0.0004520250723240116,,0.0013862102217936355,0.8638199132111861,0.0009040501446480232,,,,,,0.01527844744455159,0.0004520250723240116,0.0009040501446480232,,,0.002772420443587271,0.004610655737704918,0.0009040501446480232,0.004158630665380907,0.015730472516875604,,0.0004520250723240116,,0.0009040501446480232,0.0009040501446480232,,,0.002772420443587271,,0.0004520250723240116,,,
0.0004520250723240116,,0.005996865959498553,,,0.0004520250723240116,0.011993731918997106,0.0004520250723240116,,,,0.034594985535197686,,0.006448891031822565,,,,,0.0009040501446480232,,0.0004520250723240116,,,,0.0004520250723240116,,0.0004520250723240116,,,,,,,,,,,,0.001838235294117647,0.0055147058823529415,0.0004520250723240116,0.0004520250723240116,,,,,0.0004520250723240116,0.8708112343297975,0.0009040501446480232,0.0004520250723240116,0.0004520250723240116,,,,0.01521817743490839,0.0013560752169720347,0.0013560752169720347,,,0.0032244455159112827,0.0013560752169720347,0.0013560752169720347,0.005062680810028929,0.01244575699132112,,0.0009040501446480232,,0.00274228543876567,0.004128495660559305,,,0.004610655737704918,0.0009040501446480232,0.0013560752169720347,,,
,,0.0055147058823529415,,,,0.006418756027000964,0.0004520250723240116,0.0009040501446480232,0.0009040501446480232,,0.04466007714561234,,0.008739151398264224,0.0004520250723240116,0.0009040501446480232,,,0.0004520250723240116,0.0009040501446480232,0.0004520250723240116,,,,,0.0013560752169720347,0.0004520250723240116,,,,,0.0004520250723240116,,,,,,,0.0004520250723240116,0.009191176470588236,0.0013560752169720347,0.0004520250723240116,,,0.001838235294117647,,0.0013560752169720347,0.8463416104146576,0.0009040501446480232,,0.0004520250723240116,,,0.00274228543876567,0.0156400675024108,0.002290260366441659,0.0009040501446480232,0.0009040501446480232,,0.003194310511089682,0.004128495660559305,0.0013560752169720347,0.005062680810028929,0.012867647058823529,,0.0009040501446480232,,0.0013560752169720347,0.00274228543876567,,,0.009191176470588236,0.0004520250723240116,0.0009040501446480232,,,
,,0.003314850530376085,,,,0.0014163452266152362,0.0009341851494696239,0.005725650916104146,0.0018985053037608487,0.0014163452266152362,0.03149108003857281,,0.004761330761812922,,0.002380665380906461,,,0.0009341851494696239,0.0018985053037608487,0.0009341851494696239,,,,,0.0014163452266152362,,,,,0.0004520250723240116,,,,0.0004520250723240116,,,,0.0004520250723240116,0.007624156219864995,0.0004520250723240116,0.0009341851494696239,,,0.0004520250723240116,0.0004520250723240116,0.0014163452266152362,0.8494756509161041,0.0009341851494696239,,0.0009341851494696239,,,0.002862825458052073,0.029562439729990356,0.0004520250723240116,0.0009341851494696239,0.0014163452266152362,,0.004761330761812922,0.0018985053037608487,0.0009341851494696239,0.004761330761812922,0.011903326904532305,,0.0014163452266152362,0.0004520250723240116,0.0014163452266152362,0.0037970106075216974,,,0.00904050144648023,0.0004520250723240116,0.0009341851494696239,0.0004520250723240116,,
,,0.0014163452266152362,,,,0.0033449855351976856,,0.0009341851494696239,0.0014163452266152362,,0.03221432015429122,,0.007684426229508197,,0.003827145612343298,,,0.0004520250723240116,0.0004520250723240116,0.0009341851494696239,,,,0.0004520250723240116,,,,,,,,,,,,,,,0.00623794599807136,,0.0009341851494696239,,,0.0004520250723240116,0.0004520250723240116,0.0004520250723240116,0.8612283027965284,0.0009341851494696239,,0.0018985053037608487,,,0.003827145612343298,0.018261812921890067,0.002862825458052073,0.0009341851494696239,,,0.007202266152362584,0.00623794599807136,,0.005273625843780135,0.01443466730954677,,0.003827145612343298,,0.002380665380906461,0.002862825458052073,,,0.003827145612343298,0.0009341851494696239,0.0014163452266152362,,,
0.0004520250723240116,,0.0014163452266152362,,,,0.014736017357762777,0.0009341851494696239,0.0004520250723240116,0.0004520250723240116,0.0004520250723240116,0.03664416586306654,,0.009974686595949855,0.0009341851494696239,,,,0.0009341851494696239,,0.0009341851494696239,,,,,,,,,0.0004520250723240116,,0.0009341851494696239,,,,,,,0.0004520250723240116,0.004731195756991321,,0.0009341851494696239,,0.0004520250723240116,,,0.0018985053037608487,0.8683100289296046,0.0004520250723240116,0.0009341851494696239,,,,0.0023505303760848603,0.01093900675024108,0.003314850530376085,0.0004520250723240116,,,0.0018985053037608487,0.007111861137897782,,0.004731195756991321,0.013801832208293154,,,0.0014163452266152362,0.0009341851494696239,0.0028326904532304724,0.0004520250723240116,,0.0018985053037608487,,,,,
0.0009341851494696239,,0.0014163452266152362,,,,0.011812921890067503,0.0004520250723240116,0.0004520250723240116,0.0004520250723240116,0.0004520250723240116,0.030737704918032786,,0.007563886210221794,,0.0009341851494696239,,,,0.0004520250723240116,0.0004520250723240116,,,,,,,,,,,,,,0.0004520250723240116,0.0009341851494696239,,,0.0028326904532304724,0.008015911282545805,0.0004520250723240116,0.0009341851494696239,,,,,0.0004520250723240116,0.8794599807135969,,0.0004520250723240116,0.0009341851494696239,0.0004520250723240116,,0.0004520250723240116,0.014193587270973963,0.0004520250723240116,0.0009341851494696239,,,0.0028326904532304724,0.006599566055930569,0.0023505303760848603,0.003284715525554484,0.011812921890067503,,0.0004520250723240116,,0.0009341851494696239,0.0014163452266152362,,,0.0023505303760848603,0.0004520250723240116,,,,
,,0.0009040501446480232,,,,0.01407304725168756,0.0009040501446480232,,0.0013560752169720347,,0.03998915139826422,,0.009974686595949855,0.0009040501446480232,,,,0.0004520250723240116,,0.0004520250723240116,,,,0.0004520250723240116,0.0004520250723240116,,,,,,0.0004520250723240116,,,,0.0004520250723240116,,,0.0013560752169720347,0.010426711668273867,0.0018081002892960463,0.0009040501446480232,,,0.0004520250723240116,,0.0004520250723240116,0.8575518322082931,,,,0.0009040501446480232,,,0.018171407907425264,0.0004520250723240116,0.0004520250723240116,,0.0004520250723240116,0.003164175506268081,0.008166586306653808,0.0018081002892960463,0.004520250723240115,0.012264946962391514,,0.0009040501446480232,0.0009040501446480232,0.0013560752169720347,0.0004520250723240116,,,0.0022601253616200577,,,,,
,,0.002229990356798457,,,,0.010306171648987464,,0.0008739151398264224,,,0.03766875602700096,,0.008498071359691418,,0.0008739151398264224,,,0.0004218900675024108,,0.0017779652844744456,,,,0.0004218900675024108,0.0004218900675024108,,,,,0.0008739151398264224,,,,,0.0004218900675024108,,,0.0053640308582449375,0.011210221793635487,0.0004218900675024108,0.0004218900675024108,,,,,0.0008739151398264224,0.8553519768563163,0.0004218900675024108,0.0004218900675024108,0.0004218900675024108,,,0.001325940212150434,0.017930327868852458,0.0004218900675024108,0.0004218900675024108,,,0.0053640308582449375,0.005816055930568949,0.0053640308582449375,0.003586065573770492,0.012988187078109932,,0.001325940212150434,0.0008739151398264224,0.0008739151398264224,0.001325940212150434,,,0.0026820154291224687,,,,,
,,0.0013862102217936355,,,,0.014374397299903568,0.0004520250723240116,,0.001838235294117647,0.0004520250723240116,0.042731436837029894,,0.007895371263259402,,0.002772420443587271,,,,,0.0009040501446480232,,,,0.0004520250723240116,,,,,,,,,,,0.0004520250723240116,,,0.0032244455159112827,0.011149951783992286,0.0013862102217936355,0.0013862102217936355,,,,,0.0004520250723240116,0.848963355834137,,0.0004520250723240116,0.0004520250723240116,0.0004520250723240116,,,0.010215766634522661,0.0013862102217936355,,,,0.010215766634522661,0.006961186113789778,0.001838235294117647,0.004640790742526519,0.013922372227579556,,,0.0009040501446480232,0.0009040501446480232,0.001838235294117647,,,0.004640790742526519,,,,,0.0009040501446480232
,,0.002290260366441659,,,0.0004520250723240116,0.008287126325940213,,0.0009040501446480232,0.005062680810028929,0.0013560752169720347,0.03685511089681774,,0.008287126325940213,,,,,0.0013560752169720347,0.0004520250723240116,0.0004520250723240116,,,0.0009040501446480232,0.0032244455159112827,,,,,,,,,0.0004520250723240116,,0.0004520250723240116,,,0.0004520250723240116,0.006448891031822565,0.0013560752169720347,0.0009040501446480232,,,,,0.0009040501446480232,0.8461306653809064,,0.0013560752169720347,0.0013560752169720347,0.0004520250723240116,0.0009040501446480232,,0.01841248794599807,0.001838235294117647,0.0009040501446480232,,,0.009673336547733847,0.008287126325940213,0.0004520250723240116,0.007352941176470588,0.01289778206364513,,,,0.00274228543876567,0.001838235294117647,,,0.002290260366441659,,0.0013560752169720347,,,0.0009040501446480232
,,0.0022601253616200577,,,,0.005002410800385728,0.0009040501446480232,0.0018081002892960463,0.0027121504339440695,0.0004520250723240116,0.025946239151398265,,0.008166586306653808,,0.0009040501446480232,,,,,0.0004520250723240116,,,,0.0004520250723240116,,,,,,,0.0004520250723240116,,,0.0009040501446480232,0.0004520250723240116,,,0.0004520250723240116,0.012264946962391514,,0.0004520250723240116,,,0.0004520250723240116,,0.0004520250723240116,0.8851253616200578,,0.0004520250723240116,,,,,0.015459257473481196,0.0018081002892960463,,,,0.0036162005785920926,0.006358486017357763,,0.0036162005785920926,0.014103182256509162,,,,,0.0013560752169720347,,,0.0013560752169720347,,0.0009040501446480232,,,0.0009040501446480232
,,0.0017779652844744456,,,,0.00584619093539055,,0.0017779652844744456,,0.003586065573770492,0.04104387656702025,,0.006298216007714561,0.0008739151398264224,,,,0.0004218900675024108,,0.0004218900675024108,,,,,0.0008739151398264224,,,,,,,,,0.0004218900675024108,0.0004218900675024108,,,0.002229990356798457,0.006298216007714561,,0.0004218900675024108,,,0.0004218900675024108,,0.0004218900675024108,0.8830159112825458,0.0008739151398264224,0.0004218900675024108,0.0004218900675024108,,,,0.008558341369334619,0.0004218900675024108,,,,0.00584619093539055,0.003586065573770492,0.0008739151398264224,0.00584619093539055,0.010366441658630666,,,0.0004218900675024108,0.001325940212150434,0.0004218900675024108,,,0.004038090646094504,,,,,
,,0.0021395853423336548,,,,0.010366441658630666,,0.0008437801350048216,,0.003435390549662488,0.03242526518804243,,0.006900916104146577,0.0004218900675024108,,,,0.0004218900675024108,,0.0008437801350048216,,,,0.0008437801350048216,0.0004218900675024108,,,,,,0.0004218900675024108,,,,0.0004218900675024108,,,0.0012958052073288333,0.008648746383799422,0.0012958052073288333,0.0004218900675024108,,,0.0004218900675024108,,0.0012958052073288333,0.8758437801350049,0.0004218900675024108,,0.0008437801350048216,,,0.0004218900675024108,0.011240356798457089,0.0004218900675024108,,,,0.007774831243972999,0.005183220829315333,0.0004218900675024108,0.007774831243972999,0.009492526518804244,,0.0004218900675024108,0.0004218900675024108,0.0008437801350048216,,,,0.005183220829315333,,,,,
,,0.0016875602700096432,,,,0.010607521697203472,,0.0025313404050144647,,0.0012656702025072323,0.02844744455159113,,0.008046046287367405,,,,,,0.0004218900675024108,0.0004218900675024108,,,,0.0008437801350048216,0.0004218900675024108,,,,,0.0004218900675024108,,,,,,0.0004218900675024108,,0.0025313404050144647,0.008498071359691418,0.0004218900675024108,0.0004218900675024108,,,,,0.0004218900675024108,0.8795503857280618,0.0008437801350048216,,,,,,0.013168997107039537,,,,,0.0055147058823529415,0.005936595949855352,0.0050928158148505305,0.004249035679845709,0.00976374156219865,,0.0004218900675024108,0.0004218900675024108,0.0012656702025072323,,,,0.0055147058823529415,,0.0004218900675024108,,,
,,0.002109450337512054,,,,0.011903326904532305,,0.002109450337512054,0.0004218900675024108,0.0012656702025072323,0.03570998071359691,,0.009341851494696239,0.0004218900675024108,,,,0.0008437801350048216,0.0008437801350048216,0.0012656702025072323,,,0.0004218900675024108,0.0004218900675024108,0.0004218900675024108,,,,,,,,,,,,,0.0033751205400192863,0.006780376084860174,0.0004218900675024108,,,,,,0.0008437801350048216,0.8621022179363549,0.0016875602700096432,,0.0008437801350048216,0.0008437801350048216,,,0.014012777242044359,,,,,0.0050928158148505305,0.007202266152362584,0.0004218900675024108,0.0050928158148505305,0.011903326904532305,,,0.0004218900675024108,0.002109450337512054,,,,0.008076181292189007,0.0008437801350048216,0.0004218900675024108,,,
,,0.003043635486981678,,0.0008437801350048216,,0.0117827868852459,,0.001717695274831244,0.0004218900675024108,0.006539296046287367,0.03754821600771456,,0.013952507232401157,,,,,0.001717695274831244,,0.0004218900675024108,,,0.0004218900675024108,,0.0004218900675024108,,,,,,0.0004218900675024108,,,,,0.0008437801350048216,,0.0021697203471552555,0.008709016393442622,,0.0008437801350048216,0.0004218900675024108,,,0.0004218900675024108,0.0012958052073288333,0.826844262295082,0.0025916104146576665,,0.0012958052073288333,,,0.0004218900675024108,0.021817743490838957,0.0012958052073288333,,,,0.005213355834136933,0.010908871745419478,0.0039175506268081,0.0034655255544840885,0.013952507232401157,,,0.001717695274831244,0.0025916104146576665,,,,0.008709016393442622,0.0012958052073288333,,,,
0.0004218900675024108,,0.004791465766634522,,,,0.00741321118611379,,0.001717695274831244,0.001717695274831244,0.003043635486981678,0.039717936354869816,,0.006539296046287367,0.0012958052073288333,,,,0.0004218900675024108,,0.004339440694310511,,,0.0021697203471552555,,,,,,,0.001717695274831244,,,,,,0.0004218900675024108,,0.0008437801350048216,0.009161041465766635,,,0.0004218900675024108,,,0.0004218900675024108,,0.843448649951784,0.0008437801350048216,0.0004218900675024108,,0.0004218900675024108,,0.001717695274831244,0.017448167791706846,0.0012958052073288333,0.0008437801350048216,,,0.00741321118611379,0.006087270973963356,0.0034655255544840885,0.006961186113789778,0.014404532304725168,,,0.0012958052073288333,0.0021697203471552555,,,,0.004339440694310511,0.0008437801350048216,,,,
,,0.002923095467695275,,,,0.010004821600771456,,0.0008136451301832209,0.0020793153326904533,0.0016574252651880424,0.025494214079074252,,0.009613066538090647,0.0012355351976856316,,,,0.00039175506268081,,0.00039175506268081,,,0.00039175506268081,,,,,,,0.002501205400192864,,,,0.0008136451301832209,,,,0.00039175506268081,0.008769286403085825,0.00039175506268081,,0.00039175506268081,,,0.00039175506268081,,0.8722577145612344,,,0.0016574252651880424,,,0.0012355351976856316,0.019226133076181293,0.0037367405978784955,,,0.00039175506268081,0.003314850530376085,0.007925506268081002,0.0020793153326904533,0.003314850530376085,0.010426711668273867,,0.0008136451301832209,0.00039175506268081,0.002923095467695275,,,,0.0016574252651880424,,,,,
,,0.003405255544840887,,,,0.010276036644165864,,0.0012656702025072323,0.0004218900675024108,,0.0351072806171649,,0.0072625361620057855,0.0004218900675024108,0.0008437801350048216,,,0.0008437801350048216,0.0004218900675024108,0.0004218900675024108,,,,,0.0004218900675024108,,,,,,0.0008437801350048216,,,0.0004218900675024108,,,,0.0016875602700096432,0.009854146576663452,0.0008437801350048216,0.0004218900675024108,0.0004218900675024108,,,0.0012656702025072323,,0.8675867888138862,,0.0004218900675024108,0.0004218900675024108,,,0.0004218900675024108,0.01368129218900675,,,,,0.0016875602700096432,0.006840646094503375,0.0004218900675024108,0.003405255544840887,0.01883437801350048,,0.0004218900675024108,,0.0008437801350048216,,,,0.008136451301832208,,,,,
,,0.001717695274831244,,,0.0008437801350048216,0.009914416586306653,,0.0008437801350048216,0.0008437801350048216,,0.03845226615236259,,0.005605110896817743,,0.0025916104146576665,,,0.0004218900675024108,,,,,0.0004218900675024108,0.0008437801350048216,0.0004218900675024108,,,,0.0004218900675024108,,0.0004218900675024108,,,0.0004218900675024108,0.0004218900675024108,,,0.0012958052073288333,0.006027000964320154,0.0004218900675024108,,,,,0.0004218900675024108,0.0012958052073288333,0.8703290742526519,0.0004218900675024108,0.0012958052073288333,0.0021395853423336548,,,0.0004218900675024108,0.009070636451301833,,,,,0.006479026036644166,0.006900916104146577,0.0025916104146576665,0.0012958052073288333,0.01597155255544841,,,,0.001717695274831244,,,,0.005605110896817743,0.0008437801350048216,,,,0.0008437801350048216
,,0.0012355351976856316,,,0.00039175506268081,0.009613066538090647,,0.0012355351976856316,0.0012355351976856316,0.0012355351976856316,0.03595106075216972,,0.00584619093539055,,0.004158630665380907,,,0.00039175506268081,,0.0008136451301832209,,,,0.00039175506268081,0.0008136451301832209,,,,,,,,,0.00039175506268081,,0.00039175506268081,,0.0020793153326904533,0.004158630665380907,0.00039175506268081,0.00039175506268081,,,,,0.0008136451301832209,0.8823529411764706,0.00039175506268081,,0.0012355351976856316,,,,0.007081726133076181,0.0008136451301832209,,,,0.004580520732883318,0.010034956605593058,0.004158630665380907,0.0020793153326904533,0.0116923818707811,,,0.00039175506268081,0.0008136451301832209,0.00039175506268081,,,0.0016574252651880424,0.00039175506268081,,,,
,,0.00039175506268081,,,,0.009221311475409836,,0.0020793153326904533,,,0.038542671166827386,,0.006689971070395371,,0.002501205400192864,,,0.00039175506268081,0.00039175506268081,0.00039175506268081,,,,0.00039175506268081,0.00039175506268081,,,,,0.0008136451301832209,,,,0.00039175506268081,,,,0.002501205400192864,0.005424300867888139,,0.00039175506268081,,,,,,0.8816297010607521,0.0008136451301832209,,0.0012355351976856316,,,0.00039175506268081,0.00626808100289296,0.0012355351976856316,,,,0.0037668756027000963,0.00584619093539055,0.00039175506268081,0.002923095467695275,0.015489392478302796,,0.0008136451301832209,,0.0012355351976856316,,,,0.005424300867888139,0.0008136451301832209,,0.0008136451301832209,,
,,0.0016574252651880424,,,,0.013711427193828351,0.00039175506268081,0.002471070395371263,0.0012355351976856316,,0.04327386692381871,,0.004158630665380907,,0.0016574252651880424,,,0.00039175506268081,0.002471070395371263,0.00039175506268081,,,,,,,,,,,0.00039175506268081,,0.0008136451301832209,0.0008136451301832209,,0.00039175506268081,,0.0020793153326904533,0.007051591128254581,0.00039175506268081,0.0008136451301832209,0.00039175506268081,,,,0.00039175506268081,0.8504098360655737,0.0016574252651880424,,0.00039175506268081,,,,0.009552796528447444,0.00039175506268081,,,,0.010396576663452266,0.0045503857280617165,,0.002471070395371263,0.015368852459016393,,0.00039175506268081,0.0012355351976856316,0.0020793153326904533,0.00039175506268081,,,0.014555207328833173,0.0008136451301832209,,,,
0.0004218900675024108,,0.0021697203471552555,,,,0.014344262295081968,0.0012958052073288333,0.0034655255544840885,0.0012958052073288333,0.0008437801350048216,0.032606075216972036,,0.00825699132111861,0.0008437801350048216,0.0012958052073288333,0.0004218900675024108,,0.0004218900675024108,0.003043635486981678,0.001717695274831244,,,0.0004218900675024108,,,,,,,0.0004218900675024108,,,,,,0.0008437801350048216,,0.003043635486981678,0.014766152362584379,,0.0004218900675024108,0.0004218900675024108,,,,,0.8312741080038573,0.003043635486981678,0.0012958052073288333,,0.0008437801350048216,,0.0004218900675024108,0.013470347155255545,0.001717695274831244,,,,0.007383076181292189,0.005213355834136933,0.0012958052073288333,0.006087270973963356,0.01651398264223722,,0.0012958052073288333,,0.0021697203471552555,0.0021697203471552555,,,0.012596432015429123,0.0004218900675024108,,,,
,,0.0004218900675024108,,,,0.016152362584378015,,0.001325940212150434,0.0026820154291224687,,0.02645853423336548,,0.007624156219864995,0.0004218900675024108,0.0008739151398264224,,,,,0.0008739151398264224,,,,0.0004218900675024108,,,,,,0.0004218900675024108,,,,,,0.0008739151398264224,,0.001325940212150434,0.011210221793635487,0.0008739151398264224,0.0004218900675024108,0.0004218900675024108,,,,0.0004218900675024108,0.8799120057859209,0.0004218900675024108,0.0004218900675024108,0.0004218900675024108,,,,0.012988187078109932,0.0017779652844744456,,,,0.00313404050144648,0.00313404050144648,0.0026820154291224687,0.002229990356798457,0.006720106075216972,,0.0008739151398264224,0.0008739151398264224,0.0017779652844744456,0.001325940212150434,,,0.008076181292189007,,,,,
0.00039175506268081,,0.0008136451301832209,,,,0.014283992285438765,,0.0008136451301832209,0.00039175506268081,0.0008136451301832209,0.04246022179363549,,0.005454435872709739,,0.00039175506268081,,0.00039175506268081,,,0.00039175506268081,,,,0.002501205400192864,0.00039175506268081,,,,,0.0012355351976856316,,,,,,,,0.0037668756027000963,0.006720106075216972,0.00039175506268081,0.00039175506268081,0.0008136451301832209,,0.0008136451301832209,,0.0008136451301832209,0.859450337512054,,,,,,0.00039175506268081,0.01808100289296046,0.00039175506268081,0.00039175506268081,,,0.004610655737704918,0.002923095467695275,0.002501205400192864,0.0020793153326904533,0.017659112825458054,,0.00039175506268081,,0.0008136451301832209,,,,0.00587632594021215,,,,,
,,0.002019045323047252,,,,0.020793153326904533,,,0.0008136451301832209,0.006509161041465767,0.03182256509161042,,0.004881870781099325,,0.0012054001928640309,,0.00039175506268081,,,0.00039175506268081,,,0.00039175506268081,0.0008136451301832209,0.00039175506268081,,,,,,0.0036463355834136933,,,,,,,0.0024409353905496625,0.0036463355834136933,0.002019045323047252,,0.00039175506268081,,0.0012054001928640309,,0.00039175506268081,0.8462210703953712,,,0.00039175506268081,,,0.00039175506268081,0.0195877531340405,,0.00039175506268081,,,0.007744696239151398,0.006931051108968177,0.0032545805207328834,0.0036463355834136933,0.01672492767598843,,0.002019045323047252,0.00039175506268081,0.0008136451301832209,,,,0.007322806171648988,,,,,
,,0.0012355351976856316,,,,0.01591128254580521,,,0.0008136451301832209,0.009221311475409836,0.04441899710703954,,0.004610655737704918,0.00039175506268081,0.0008136451301832209,,,,,,,,,0.00039175506268081,,,,,,,,,,,,,,0.002501205400192864,0.009221311475409836,0.0016574252651880424,,0.00039175506268081,,0.00039175506268081,0.0008136451301832209,0.00039175506268081,0.8475470106075217,,,0.0008136451301832209,,,,0.012144406943105111,0.00039175506268081,0.00039175506268081,,,0.008377531340405014,0.00626808100289296,0.002501205400192864,0.0012355351976856316,0.016755062680810028,,0.0012355351976856316,0.00039175506268081,0.002923095467695275,,,,0.004610655737704918,0.0012355351976856316,,,,
,,0.0016574252651880424,,,,0.03251567020250723,,0.00039175506268081,0.0008136451301832209,0.004158630665380907,0.04918032786885246,,0.005394165863066538,,0.004580520732883318,0.00039175506268081,,,,0.00039175506268081,,,,0.0012355351976856316,0.00039175506268081,,,,,0.00039175506268081,,,,,,0.00039175506268081,,0.0016574252651880424,0.007895371263259402,0.0012355351976856316,,0.00039175506268081,,,,0.00039175506268081,0.8267237222757956,0.0016574252651880424,,0.0016574252651880424,,,0.00039175506268081,0.021667068466730954,0.00039175506268081,,,,0.005002410800385728,0.00665983606557377,0.0028929604628736743,0.0020793153326904533,0.014163452266152362,,0.00039175506268081,,0.0012355351976856316,,,,0.0012355351976856316,,0.00039175506268081,,,
,,0.0024409353905496625,,,,0.027965284474445518,0.0008136451301832209,,0.0016272902603664417,0.005333895853423336,0.039928881388621024,,0.006569431051108968,0.0012054001928640309,0.005755785920925747,0.00039175506268081,,0.00039175506268081,,0.00039175506268081,,,,0.0012054001928640309,,,,,,0.00039175506268081,,,,,,,,0.0020491803278688526,0.009854146576663452,0.0008136451301832209,,0.0008136451301832209,,,,0.0008136451301832209,0.8174421407907425,0.00039175506268081,0.00039175506268081,0.0016272902603664417,,,0.00039175506268081,0.033751205400192864,,0.0012054001928640309,0.00039175506268081,,0.010276036644165864,0.005333895853423336,0.0016272902603664417,0.0024409353905496625,0.012325216972034715,,,,0.0020491803278688526,,,,0.00039175506268081,0.0008136451301832209,0.00039175506268081,,,
,,0.0004218900675024108,,,,0.032003375120540016,0.0008437801350048216,,0.002109450337512054,0.0029833654773384764,0.04140549662487946,,0.008528206364513019,,0.002109450337512054,0.0004218900675024108,,,,0.0004218900675024108,,,,0.002109450337512054,,,,,,,,,,,0.0004218900675024108,0.0004218900675024108,,0.007684426229508197,0.010245901639344262,0.0008437801350048216,,0.0008437801350048216,,0.0008437801350048216,,0.0012656702025072323,0.803519768563163,0.0004218900675024108,,0.0008437801350048216,,,0.0004218900675024108,0.03628254580520733,,,,,0.00979387656702025,0.005544840887174542,0.0025614754098360654,0.0025614754098360654,0.008106316297010608,,0.0012656702025072323,0.002109450337512054,0.0016875602700096432,,,,0.008528206364513019,0.0004218900675024108,,,,
,,0.0008136451301832209,,,,0.014886692381870782,,0.00039175506268081,0.0012355351976856316,0.003706605593056895,0.0272721793635487,,0.007443346190935391,,0.0016272902603664417,,,,,,,,,0.0020491803278688526,,,,,,0.00039175506268081,,,,,,0.00039175506268081,,0.0008136451301832209,0.0078351012536162,0.0008136451301832209,0.00039175506268081,0.00039175506268081,,0.00039175506268081,,0.0016272902603664417,0.867827868852459,0.0008136451301832209,,0.00039175506268081,,,0.0012355351976856316,0.022721793635486983,0.00039175506268081,,,0.00039175506268081,0.011963596914175506,0.003284715525554484,0.00039175506268081,0.0008136451301832209,0.010728061716489875,,,,0.0008136451301832209,0.00039175506268081,,,0.0053640308582449375,,,,,
0.0008136451301832209,,0.0049722757955641276,,,,0.017870057859209258,,0.0008136451301832209,0.00039175506268081,0.004128495660559305,0.029080279652844744,,0.007895371263259402,,0.003314850530376085,,,,,,,,,0.0008136451301832209,,,,,,,0.00039175506268081,,,,,,,0.0008136451301832209,0.005394165863066538,0.0008136451301832209,,0.0008136451301832209,,,0.00039175506268081,0.00039175506268081,0.8517659112825458,0.0008136451301832209,,0.00039175506268081,,,0.0020491803278688526,0.021184908389585342,0.00039175506268081,,,,0.01328953712632594,0.0028929604628736743,0.0016574252651880424,0.002471070395371263,0.015368852459016393,,0.00039175506268081,0.00039175506268081,0.0028929604628736743,,,,0.0045503857280617165,0.00039175506268081,,,,
,,0.0012054001928640309,,0.0008136451301832209,,0.018111137897782063,,0.00039175506268081,0.00039175506268081,0.0020491803278688526,0.02386692381870781,,0.006569431051108968,0.00039175506268081,0.0016272902603664417,,,,0.0008136451301832209,,,,,0.0008136451301832209,0.00039175506268081,,,,,,,,,,,,,0.003284715525554484,0.006991321118611379,0.0008136451301832209,,0.0008136451301832209,,,,0.00039175506268081,0.8667128736740598,0.00039175506268081,,,,,,0.018502892960462872,0.00039175506268081,,,,0.009462391513982642,0.008618611378977821,0.0016272902603664417,0.0024409353905496625,0.0156400675024108,,0.00039175506268081,0.0012054001928640309,0.0024409353905496625,,,,0.0020491803278688526,0.00039175506268081,,,,
,,,,,,0.02000964320154291,,0.0004218900675024108,0.0008437801350048216,0.0038874156219864996,0.032606075216972036,,0.006087270973963356,0.0004218900675024108,0.003043635486981678,0.0004218900675024108,,,,,,,0.0004218900675024108,0.0008437801350048216,,,,,,0.0008437801350048216,0.0012958052073288333,,,,,0.0008437801350048216,,0.0008437801350048216,0.014344262295081968,0.0012958052073288333,,0.0012958052073288333,,0.0004218900675024108,,0.0004218900675024108,0.8551711668273867,,,0.0008437801350048216,,,0.0004218900675024108,0.01651398264223722,,,0.0004218900675024108,,0.009552796528447444,0.00825699132111861,0.0012958052073288333,0.0004218900675024108,0.01130062680810029,,0.0004218900675024108,,0.001717695274831244,,,,0.003043635486981678,,,,,
0.0004218900675024108,,0.0016875602700096432,,,,0.028477579556412728,,0.0012656702025072323,0.0008437801350048216,0.004249035679845709,0.03146094503375121,,0.0029532304725168757,0.0004218900675024108,0.002109450337512054,,,,0.0004218900675024108,,,,,0.0008437801350048216,,,,,,0.0004218900675024108,,,,0.0025313404050144647,,0.0008437801350048216,,0.0029532304725168757,0.014012777242044359,0.0012656702025072323,,0.0004218900675024108,,,,,0.8234390067502411,0.0012656702025072323,,0.0004218900675024108,,,,0.030617164898746385,0.0012656702025072323,0.0008437801350048216,,,0.010607521697203472,0.008076181292189007,0.0016875602700096432,0.0025313404050144647,0.014012777242044359,,,,0.0025313404050144647,,,,0.004670925747348119,,0.0004218900675024108,,,
,,,,,,0.018985053037608488,0.0004218900675024108,0.0012958052073288333,0.0008437801350048216,0.00819672131147541,0.04101374156219865,,0.004309305689488911,,0.0012958052073288333,,,,0.0021395853423336548,,,,,0.0008437801350048216,0.0004218900675024108,,,,,0.0021395853423336548,0.0008437801350048216,,,0.0025916104146576665,,,,0.0038874156219864996,0.013801832208293154,0.0008437801350048216,0.0008437801350048216,0.0021395853423336548,,,,0.0004218900675024108,0.8086427193828352,0.0012958052073288333,,0.001717695274831244,,,0.0012958052073288333,0.02157666345226615,0.0021395853423336548,,,0.0004218900675024108,0.012084136933461909,0.00819672131147541,0.005183220829315333,0.001717695274831244,0.012958052073288331,,0.001717695274831244,,0.003013500482160077,0.0004218900675024108,,,0.008618611378977821,0.0004218900675024108,0.0012958052073288333,,,
,,0.003194310511089682,,,0.0004520250723240116,0.016061957569913212,,0.0013560752169720347,0.0004520250723240116,0.002290260366441659,0.03628254580520733,,0.0018081002892960463,,0.0013560752169720347,,0.0004520250723240116,0.0009040501446480232,0.0009040501446480232,0.0004520250723240116,,,,0.002290260366441659,,,,,,0.00274228543876567,0.0013560752169720347,,,0.0036463355834136933,,,,0.002290260366441659,0.0078049662487945995,,0.0004520250723240116,0.0004520250723240116,,0.0004520250723240116,,,0.8493852459016393,0.002290260366441659,0.0004520250723240116,0.0009040501446480232,,,0.0009040501446480232,0.009643201542912247,0.0013560752169720347,,0.0004520250723240116,,0.01054725168756027,0.0018081002892960463,0.005032545805207329,0.0018081002892960463,0.009643201542912247,,0.004128495660559305,,0.0013560752169720347,0.0004520250723240116,0.002290260366441659,,0.009643201542912247,0.0004520250723240116,,,,
,,0.001838235294117647,,,,0.014344262295081968,,0.0009040501446480232,0.0004520250723240116,0.003676470588235294,0.020371263259402122,,0.004158630665380907,,0.0009040501446480232,,,0.002290260366441659,,0.0004520250723240116,,,,0.0009040501446480232,,,,,,0.002290260366441659,0.0004520250723240116,,,0.0009040501446480232,,,,0.0013862102217936355,0.009703471552555448,0.0004520250723240116,,0.0004520250723240116,,0.0004520250723240116,,,0.8657786885245902,0.0013862102217936355,0.0004520250723240116,0.0009040501446480232,,,0.0009040501446480232,0.009251446480231436,0.0004520250723240116,,,,0.013410077145612343,0.007383076181292189,0.005544840887174542,0.0032244455159112827,0.011571841851494697,,0.002290260366441659,0.0004520250723240116,0.002772420443587271,,,,0.007383076181292189,0.0004520250723240116,,,,
,,0.002380665380906461,,,,0.022510848601735776,,0.0004520250723240116,0.0009341851494696239,0.005725650916104146,0.036885245901639344,,0.006689971070395371,,0.0004520250723240116,,,,,,,,,0.0009341851494696239,,,,,,0.0004520250723240116,0.0004520250723240116,,,,,,,0.006207810993249759,0.009552796528447444,0.0014163452266152362,,0.0004520250723240116,,0.0004520250723240116,0.0009341851494696239,,0.8314549180327868,,,0.0004520250723240116,,,,0.015790742526518804,0.0014163452266152362,,,,0.013892237222757956,0.009552796528447444,0.002862825458052073,0.003827145612343298,0.011481436837029894,,,0.0004520250723240116,0.0014163452266152362,,,,0.01051711668273867,,,,,
,,,,,,0.02386692381870781,,0.0009643201542912247,,0.0038874156219864996,0.037005785920925745,,0.0028929604628736743,,,,,,,,,,,0.0009643201542912247,,,,,,,,,,,0.00048216007714561236,,,0.0028929604628736743,0.010697926711668275,0.00048216007714561236,,0.00048216007714561236,,,,,0.8531521215043394,0.0038874156219864996,,,,,,0.015097637415621987,,,,,0.010697926711668275,0.006810511089681774,0.0038874156219864996,0.0019286403085824494,0.014103182256509162,,,,0.0009643201542912247,,,,0.004851735776277724,,,,,
,,,0.0004520250723240116,,,0.02226976856316297,,,0.0009040501446480232,0.005544840887174542,0.029230954676952747,,0.005544840887174542,,0.0004520250723240116,,,,,,,,,0.0009040501446480232,,,,,,,,,,,,,,0.004158630665380907,0.006479026036644166,0.0009040501446480232,,,,0.0004520250723240116,,0.0004520250723240116,0.8639103182256509,0.0009040501446480232,,,,,,0.015308582449373193,,,,,0.010667791706846673,0.006961186113789778,0.0032244455159112827,0.0050928158148505305,0.012054001928640309,,,,0.0009040501446480232,,,,0.002772420443587271,,,,,0.0004520250723240116
0.0009040501446480232,,,,,,0.02657907425265188,,0.0004520250723240116,,0.005122950819672131,0.03778929604628737,,0.0032545805207328834,,0.0004520250723240116,,,,,,,,,0.0004520250723240116,,,,,,,0.0013862102217936355,,,,,,,0.001838235294117647,0.007443346190935391,0.0009040501446480232,,,,,,,0.8361861137897781,0.0009040501446480232,,0.0032545805207328834,,,0.0009040501446480232,0.025192864030858245,,,,,0.011180086788813886,0.006057135969141755,0.0023203953712632596,0.003706605593056895,0.014916827386692382,,0.0009040501446480232,0.0004520250723240116,0.0032545805207328834,,,,0.004188765670202507,,,,,
,,0.006689971070395371,,,,0.036885245901639344,,0.0004520250723240116,0.009100771456123433,0.0033449855351976856,0.041676711668273865,,0.0052434908389585345,0.0004520250723240116,,,,,,,,,0.0004520250723240116,0.0018985053037608487,,,,,,0.0014163452266152362,,,,,,,,0.0052434908389585345,0.01051711668273867,,0.0004520250723240116,0.0004520250723240116,,0.0004520250723240116,,0.0004520250723240116,0.7620540019286404,0.0004520250723240116,,0.0009341851494696239,0.0009341851494696239,,0.0004520250723240116,0.018683702989392478,0.0014163452266152362,0.0018985053037608487,,0.0004520250723240116,0.013410077145612343,0.04550385728061716,0.0014163452266152362,0.002862825458052073,0.011481436837029894,,0.0004520250723240116,0.0009341851494696239,0.002380665380906461,,,,0.009100771456123433,,,,,
,,0.00976374156219865,,,,0.016604387656702024,,0.002923095467695275,0.009281581485053038,0.003405255544840887,0.0390549662487946,,0.006328351012536162,0.0009643201542912247,0.0024409353905496625,,,,,0.00048216007714561236,,,0.004369575699132112,0.003405255544840887,0.00048216007714561236,,,,,0.00048216007714561236,,,,,0.00048216007714561236,,,0.0014464802314368371,0.02000964320154291,,0.00048216007714561236,0.0014464802314368371,,0.00048216007714561236,,,0.7908932015429122,0.0019286403085824494,0.00048216007714561236,,,,0.0014464802314368371,0.021004098360655737,0.00048216007714561236,0.0009643201542912247,,,0.010245901639344262,0.008287126325940213,0.0014464802314368371,0.0019286403085824494,0.01756870781099325,,0.0009643201542912247,0.00048216007714561236,,0.0014464802314368371,,,0.012686837029893925,0.003405255544840887,,,,
,,0.002862825458052073,,,,0.012958052073288331,,0.002380665380906461,0.0014163452266152362,0.002380665380906461,0.025464079074252653,,0.007684426229508197,0.0009341851494696239,,,,0.0009341851494696239,,0.0004520250723240116,,,0.0004520250723240116,0.0018985053037608487,,,,,,,0.0004520250723240116,,,,,,,0.0018985053037608487,0.008648746383799422,0.0018985053037608487,0.0004520250723240116,0.0009341851494696239,,,,,0.8561053519768563,0.0014163452266152362,0.0014163452266152362,0.0004520250723240116,,,0.0004520250723240116,0.02064247830279653,0.0004520250723240116,0.0014163452266152362,,,0.013440212150433945,0.005755785920925747,0.0014163452266152362,0.003827145612343298,0.01054725168756027,,0.0018985053037608487,,0.0009341851494696239,0.0004520250723240116,,,0.005273625843780135,,,,,
,,0.0012958052073288333,,,,0.01651398264223722,,0.0012958052073288333,,0.003043635486981678,0.035649710703953716,,0.005213355834136933,,0.0021697203471552555,,,0.0012958052073288333,,,,,,0.0008437801350048216,,,,,,,0.0008437801350048216,,,,,,,0.003043635486981678,0.006931051108968177,0.0004218900675024108,0.0004218900675024108,0.0004218900675024108,,0.0004218900675024108,0.0004218900675024108,,0.8551410318225651,0.0004218900675024108,,0.0021697203471552555,,,,0.018261812921890067,0.001717695274831244,,,,0.009974686595949855,0.0034655255544840885,0.0021697203471552555,0.0034655255544840885,0.017387897782063646,,0.0004218900675024108,0.0008437801350048216,0.0012958052073288333,,,,0.0025916104146576665,0.0004218900675024108,,,,
,,0.0008739151398264224,,,,0.011391031822565092,,0.0008739151398264224,,0.0039175506268081,0.029773384763741563,,0.0052434908389585345,0.0004218900675024108,0.0008739151398264224,,,,,,,,,0.0004218900675024108,,,,,,,0.0012958052073288333,,,0.0004218900675024108,0.0004218900675024108,0.0004218900675024108,,0.004369575699132112,0.0034956605593056897,0.0008739151398264224,,0.0004218900675024108,,0.0008739151398264224,,0.0004218900675024108,0.8816598360655737,,,0.0012958052073288333,,,,0.01838235294117647,,,,,0.004369575699132112,0.003043635486981678,0.0017478302796528448,0.0008739151398264224,0.016634522661523626,,,0.0004218900675024108,0.0008739151398264224,,,0.0004218900675024108,0.003043635486981678,0.0004218900675024108,,,,
,,0.0026820154291224687,,,,0.016664657666345225,,0.001325940212150434,,0.004490115718418515,0.03242526518804243,,0.00584619093539055,,0.004038090646094504,,,,,,,,,0.001325940212150434,0.0004218900675024108,,,,,,0.0004218900675024108,,0.0004218900675024108,0.0004218900675024108,,,,0.0026820154291224687,0.006298216007714561,0.0004218900675024108,,0.0004218900675024108,,0.0004218900675024108,,0.0004218900675024108,0.8737041947926711,,0.0004218900675024108,0.0008739151398264224,,,,0.009884281581485053,0.0017779652844744456,0.0004218900675024108,,,0.00313404050144648,0.0017779652844744456,0.0026820154291224687,0.001325940212150434,0.015308582449373193,,0.001325940212150434,,0.0004218900675024108,,,0.0017779652844744456,0.003586065573770492,0.0004218900675024108,,,,
,,0.0017478302796528448,,,,0.015489392478302796,,0.001325940212150434,,0.003977820636451302,0.03721673095467695,,0.0030737704918032786,0.002199855351976856,0.0008739151398264224,,,,,,,,,0.0008739151398264224,0.0004218900675024108,,,,,,0.002651880424300868,,,0.0004218900675024108,,,,0.0030737704918032786,0.011963596914175506,0.0004218900675024108,0.0004218900675024108,0.0008739151398264224,,,,0.0004218900675024108,0.8689127290260367,,,0.0004218900675024108,,0.0004218900675024108,,0.015489392478302796,0.0008739151398264224,,,,0.0030737704918032786,0.0017478302796528448,0.0030737704918032786,0.002651880424300868,0.01328953712632594,,,0.0004218900675024108,0.0004218900675024108,,,0.001325940212150434,0.0004218900675024108,,,,,
,,0.004459980713596914,,,,0.013379942140790742,,0.001325940212150434,0.001325940212150434,0.007563886210221794,0.04324373191899711,,0.004881870781099325,,0.002651880424300868,,,,,,,,,0.0004218900675024108,0.0004218900675024108,,,,,0.0004218900675024108,0.0008739151398264224,,,0.0004218900675024108,,,,0.003555930568948891,0.013801832208293154,,,0.0008739151398264224,,0.0004218900675024108,0.0004218900675024108,,0.8336246383799422,0.002229990356798457,,0.004459980713596914,,,,0.01247589199614272,0.0008739151398264224,,,,0.004459980713596914,0.006689971070395371,0.0017779652844744456,0.0008739151398264224,0.018261812921890067,,,,0.008919961427193828,,,0.002229990356798457,0.002651880424300868,,,,,
,,0.0004218900675024108,,,,0.013862102217936354,,0.0017779652844744456,0.001325940212150434,0.007141996142719383,0.040290501446480234,,0.0053640308582449375,,0.003555930568948891,,,,0.0004218900675024108,,,,,0.0008739151398264224,,,,,,0.0017779652844744456,0.0004218900675024108,,,,,,,0.00313404050144648,0.01253616200578592,0.0004218900675024108,,0.0004218900675024108,,0.0004218900675024108,,,0.8450458052073289,0.0004218900675024108,,0.002229990356798457,,,0.00313404050144648,0.019256268081002892,,,,,0.0053640308582449375,0.008498071359691418,0.002229990356798457,0.0008739151398264224,0.009402121504339441,,,,0.0026820154291224687,,,0.0008739151398264224,0.005816055930568949,,,,,
,,0.0013862102217936355,,0.0009040501446480232,,0.011149951783992286,,0.0009040501446480232,0.0013862102217936355,0.004188765670202507,0.02371624879459981,,0.004640790742526519,0.0004520250723240116,0.0032545805207328834,,,,0.0004520250723240116,,,,,,,,,,,0.0013862102217936355,,,0.0004520250723240116,,,,,0.0032545805207328834,0.006027000964320154,0.0004520250723240116,,0.0004520250723240116,,0.0004520250723240116,,,0.9035679845708775,0.0004520250723240116,,0.0013862102217936355,,,0.0004520250723240116,0.007443346190935391,,,,,0.002772420443587271,0.004188765670202507,0.0023203953712632596,0.0009040501446480232,0.007443346190935391,,,,0.001838235294117647,,,,0.0023203953712632596,,,,,
,,0.0013862102217936355,,,,0.010215766634522661,,0.0004520250723240116,,0.002772420443587271,0.02371624879459981,,0.0023203953712632596,0.0009040501446480232,0.001838235294117647,,,,,0.0013862102217936355,,,,0.0004520250723240116,,,,,,0.0013862102217936355,,,,,,,,0.0013862102217936355,0.0032545805207328834,0.0004520250723240116,,0.0004520250723240116,,,0.001838235294117647,,0.9111318707810994,0.0009040501446480232,,0.001838235294117647,,,,0.006509161041465767,,0.0004520250723240116,,0.0009040501446480232,0.002772420443587271,0.003706605593056895,0.001838235294117647,0.0009040501446480232,0.008347396335583413,,,,0.0013862102217936355,,,,0.0050928158148505305,,,,,
,,0.0004218900675024108,,,,0.014404532304725168,,0.0008739151398264224,,0.002229990356798457,0.03197324011571842,,0.004942140790742526,0.0008739151398264224,0.0026820154291224687,,0.0004218900675024108,,,,,,0.0017779652844744456,0.0004218900675024108,0.0004218900675024108,,,,,0.0004218900675024108,0.0004218900675024108,,,0.0004218900675024108,0.0004218900675024108,,,0.002229990356798457,0.007202266152362584,0.0004218900675024108,,0.0008739151398264224,,,,0.0004218900675024108,0.8885004821600772,0.0004218900675024108,,0.0008739151398264224,,,,0.006750241080038573,0.0004218900675024108,,,,0.00313404050144648,0.002229990356798457,0.003586065573770492,,0.013048457087753134,,,,,,,,0.006750241080038573,,,,,
,,0.001717695274831244,,,0.0008437801350048216,0.013500482160077145,,,0.0004218900675024108,0.0039175506268081,0.03308823529411765,,0.007383076181292189,0.0004218900675024108,0.0021697203471552555,0.0004218900675024108,0.0004218900675024108,,,,,,0.0025916104146576665,0.0004218900675024108,,,,,,,0.0008437801350048216,,,0.0008437801350048216,,,,0.0034655255544840885,0.004791465766634522,0.0004218900675024108,0.0004218900675024108,0.0004218900675024108,,,,0.0008437801350048216,0.8803037608486017,0.0004218900675024108,0.0004218900675024108,0.0004218900675024108,,,,0.009130906460945033,,,,,0.001717695274831244,0.0034655255544840885,0.001717695274831244,0.0004218900675024108,0.0117526518804243,,,0.0012958052073288333,0.0004218900675024108,,,,0.009130906460945033,,,,,
,,0.001717695274831244,,,,0.02971311475409836,,0.0004218900675024108,0.0004218900675024108,0.0021395853423336548,0.03360053037608486,,0.0025614754098360654,,0.001717695274831244,,,,,,,,,0.0004218900675024108,0.0004218900675024108,,,,,,0.0012656702025072323,,,0.0004218900675024108,,,,0.003435390549662488,0.007322806171648988,,,0.0012656702025072323,,,,0.0004218900675024108,0.8655376084860174,0.0008437801350048216,,0.0021395853423336548,,,,0.011632111861137898,,0.0004218900675024108,,,0.0025614754098360654,0.005153085824493732,0.0012656702025072323,0.0012656702025072323,0.017237222757955643,,,0.0004218900675024108,0.0008437801350048216,0.0004218900675024108,,,0.0025614754098360654,0.0004218900675024108,,,,
,,0.0025614754098360654,,,,0.03444431051108968,0.0004218900675024108,0.0008437801350048216,0.0021395853423336548,0.003013500482160077,0.04348481195756991,,0.0042791706846673095,0.0012656702025072323,0.001717695274831244,,,,,,,,0.0008437801350048216,0.0004218900675024108,0.0004218900675024108,,,,,,,,,0.0004218900675024108,0.0008437801350048216,,,0.004731195756991321,0.01720708775313404,,,0.0004218900675024108,,0.0008437801350048216,,0.0012656702025072323,0.832961668273867,0.001717695274831244,,0.0025614754098360654,,,0.0004218900675024108,0.003857280617164899,0.0004218900675024108,0.0004218900675024108,,,0.0021395853423336548,0.006027000964320154,0.001717695274831244,0.0008437801350048216,0.018924783027965283,,,0.0012656702025072323,0.001717695274831244,0.0004218900675024108,,,0.0025614754098360654,,0.0004218900675024108,,,
,,0.0008739151398264224,,0.0008739151398264224,,0.022872468659594986,,0.003586065573770492,0.001325940212150434,0.00313404050144648,0.02781460945033751,,0.003586065573770492,0.001325940212150434,0.0017779652844744456,,,0.0026820154291224687,,,,,0.0026820154291224687,0.0008739151398264224,0.0004218900675024108,,,,,,,,,,0.0008739151398264224,,,0.0017779652844744456,0.007172131147540984,,,0.001325940212150434,,0.0004218900675024108,,0.0004218900675024108,0.8543575216972035,0.001325940212150434,0.0004218900675024108,0.0008739151398264224,,,0.0004218900675024108,0.008528206364513019,0.002229990356798457,0.0008739151398264224,,,0.001325940212150434,0.011662246865959498,,0.0004218900675024108,0.01838235294117647,,0.0017779652844744456,,0.001325940212150434,0.0004218900675024108,,,0.008528206364513019,0.0004218900675024108,0.0008739151398264224,,,
,,0.0018081002892960463,,,,0.010426711668273867,,0.0009040501446480232,0.0009040501446480232,0.0036162005785920926,0.024047733847637417,,0.0036162005785920926,0.0004520250723240116,0.0018081002892960463,,,0.0009040501446480232,0.0004520250723240116,,,,0.0013560752169720347,0.0009040501446480232,,,,,,,0.0004520250723240116,,,,0.0009040501446480232,0.0004520250723240116,,0.004068225650916104,0.008618611378977821,,,0.0004520250723240116,,,,0.0009040501446480232,0.883980231436837,0.0009040501446480232,0.0004520250723240116,0.0009040501446480232,,,,0.013621022179363548,0.0013560752169720347,0.0004520250723240116,,,0.0009040501446480232,0.006358486017357763,0.0018081002892960463,0.0018081002892960463,0.008166586306653808,,0.0004520250723240116,,0.0009040501446480232,0.0004520250723240116,,,0.009070636451301833,0.0009040501446480232,0.0004520250723240116,,,
,,0.0027121504339440695,,,,0.015941417550626807,,0.0004520250723240116,0.0013560752169720347,0.0022601253616200577,0.030948649951783994,,0.0036162005785920926,0.0018081002892960463,0.004098360655737705,,,0.0004520250723240116,,,,,,0.0004520250723240116,0.0004520250723240116,,,,,,0.0013560752169720347,,,0.0009040501446480232,,,,0.0072625361620057855,0.0059064609450337514,,,0.0009040501446480232,,0.0018081002892960463,0.0009040501446480232,0.0009040501446480232,0.8723782545805208,,,0.0004520250723240116,,,,0.012747107039537126,,,,0.0004520250723240116,0.0013560752169720347,0.0036162005785920926,0.0013560752169720347,0.003164175506268081,0.011360896817743492,,,,0.0013560752169720347,0.0004520250723240116,,,0.0059064609450337514,0.0009040501446480232,,,,
,,,,,,0.0156702025072324,,0.0009341851494696239,0.0004520250723240116,0.0023505303760848603,0.030406219864995178,,0.0028326904532304724,0.0009341851494696239,0.009974686595949855,,,,,0.0004520250723240116,,,0.0009341851494696239,0.0009341851494696239,0.0004520250723240116,,,,,,0.0018985053037608487,,,0.004249035679845709,0.0004520250723240116,0.0004520250723240116,,0.0028326904532304724,0.012355351976856317,0.0009341851494696239,,0.0014163452266152362,,0.0004520250723240116,,0.0004520250723240116,0.8561053519768562,0.0009341851494696239,0.0009341851494696239,,,,0.0004520250723240116,0.005695515911282546,0.0004520250723240116,,,,0.0037970106075216974,0.003314850530376085,0.003314850530376085,0.005213355834136933,0.017086547733847636,,,,,0.0004520250723240116,,,0.009492526518804244,0.0009341851494696239,,,,
,,0.0004520250723240116,,,,0.020461668273866924,0.0004520250723240116,,0.0004520250723240116,0.004158630665380907,0.030677434908389586,,0.002772420443587271,0.0004520250723240116,0.004640790742526519,,,,,,,,0.0004520250723240116,0.0004520250723240116,,,,,,,0.0004520250723240116,,,0.0004520250723240116,,0.0004520250723240116,,0.002772420443587271,0.004640790742526519,,,0.0004520250723240116,,,,0.0004520250723240116,0.8749397299903569,0.0009040501446480232,,,,,0.0013862102217936355,0.0050928158148505305,0.0009040501446480232,,,,0.004158630665380907,0.004158630665380907,0.0004520250723240116,0.007443346190935391,0.013018322082931534,,,0.0009040501446480232,0.0004520250723240116,0.0009040501446480232,,,0.008347396335583413,0.0013862102217936355,0.0004520250723240116,,,
,,0.0009040501446480232,,,,0.017086547733847636,,0.0004520250723240116,0.0004520250723240116,0.002290260366441659,0.03281702025072324,,0.007383076181292189,0.0009040501446480232,,,,0.002290260366441659,,,,0.0004520250723240116,,0.001838235294117647,,,,,,,0.0009040501446480232,,,0.0004520250723240116,,,,0.004610655737704918,0.009221311475409836,,,0.0009040501446480232,,,,0.0009040501446480232,0.860354387656702,0.0004520250723240116,,0.0013862102217936355,,,,0.005062680810028929,0.0013862102217936355,,,0.0004520250723240116,0.002772420443587271,0.0032244455159112827,0.001838235294117647,0.001838235294117647,0.024017598842815815,,,0.0013862102217936355,0.001838235294117647,0.0009040501446480232,,,0.008317261330761813,0.0009040501446480232,,,,
,,0.0004520250723240116,,,,0.02413813886210222,,0.0004520250723240116,0.0004520250723240116,0.005544840887174542,0.043635486981677914,,0.004158630665380907,,0.001838235294117647,0.0004520250723240116,,,,,,,0.0004520250723240116,0.0013862102217936355,0.0004520250723240116,,,,,0.0004520250723240116,0.001838235294117647,,,0.0009040501446480232,,,,0.0032244455159112827,0.007865236258437802,,,0.0004520250723240116,,,0.0004520250723240116,0.0009040501446480232,0.8319672131147542,0.0004520250723240116,0.0009040501446480232,0.0023203953712632596,,,,0.01253616200578592,,,,0.0009040501446480232,0.001838235294117647,0.005544840887174542,0.0023203953712632596,0.0023203953712632596,0.02507232401157184,,,0.0004520250723240116,0.002772420443587271,0.004158630665380907,,,0.006479026036644166,0.0004520250723240116,,,,
,,0.0009040501446480232,,,,0.020521938283510125,,0.0009040501446480232,0.0018081002892960463,0.003164175506268081,0.04059185149469624,,0.0022601253616200577,0.0004520250723240116,0.0009040501446480232,,,,,,,,0.0027121504339440695,0.0009040501446480232,0.0004520250723240116,,0.0004520250723240116,,,0.0004520250723240116,0.0004520250723240116,,,,0.0004520250723240116,,0.0004520250723240116,0.0027121504339440695,0.007744696239151398,0.0004520250723240116,,0.0009040501446480232,,0.0009040501446480232,,0.0004520250723240116,0.8384763741562199,,0.0004520250723240116,0.0009040501446480232,,,0.0009040501446480232,0.018231677917068468,0.0004520250723240116,0.0022601253616200577,,0.0004520250723240116,0.0045503857280617165,0.0036463355834136933,0.0004520250723240116,0.0022601253616200577,0.016875602700096432,,0.0004520250723240116,0.0004520250723240116,0.0022601253616200577,0.005002410800385728,0.0009040501446480232,,0.008648746383799422,0.0013560752169720347,,,,
,,0.0014464802314368371,,0.0009643201542912247,,0.009191176470588236,,0.0014464802314368371,0.0024108003857280617,0.0033751205400192863,0.027573529411764705,0.0009643201542912247,0.005303760848601736,,0.00048216007714561236,,,,,,,,0.00048216007714561236,0.0033751205400192863,,,,,,0.0019286403085824494,0.00048216007714561236,,,0.00048216007714561236,,,,0.0014464802314368371,0.005303760848601736,,,0.0009643201542912247,,0.0014464802314368371,,0.0009643201542912247,0.8613488428158149,,,0.00048216007714561236,,,,0.015489392478302796,0.01015549662487946,,,,0.0028929604628736743,0.007744696239151398,0.0033751205400192863,0.004339440694310511,0.009673336547733847,,0.00048216007714561236,0.0009643201542912247,0.0024108003857280617,0.0028929604628736743,0.0014464802314368371,,0.0048216007714561235,0.0014464802314368371,,,,
,,0.00195877531340405,,0.00048216007714561236,,0.012325216972034715,,0.0009643201542912247,0.0024409353905496625,0.0014766152362584379,0.031099324975891997,,0.005424300867888139,,0.0009643201542912247,,,,,,,,,0.0009643201542912247,0.00048216007714561236,,,,,0.0009643201542912247,0.00048216007714561236,,,0.00048216007714561236,0.00048216007714561236,,,0.0029532304725168757,0.011843056894889103,,,0.0009643201542912247,,,,,0.8606858727097396,,,,,,,0.013831967213114754,0.0029532304725168757,0.0009643201542912247,,,0.0029532304725168757,0.006900916104146577,0.0014766152362584379,0.003435390549662488,0.011360896817743492,,0.00048216007714561236,,0.004912005785920926,,,,0.012325216972034715,0.0009643201542912247,,,,
,,0.004731195756991321,0.0004520250723240116,,,0.01331967213114754,,0.0004520250723240116,0.005213355834136933,0.0028326904532304724,0.03043635486981678,,0.0042791706846673095,0.0014163452266152362,0.0037970106075216974,,,,,,,,0.0004520250723240116,0.0009341851494696239,,,,,,,0.0004520250723240116,,,0.0004520250723240116,,,,0.003314850530376085,0.00665983606557377,,,0.0009341851494696239,,,,,0.880665380906461,,,,,,0.0009341851494696239,0.00665983606557377,0.0009341851494696239,0.0004520250723240116,,,0.0018985053037608487,0.004731195756991321,0.0009341851494696239,0.004731195756991321,0.009974686595949855,,0.0004520250723240116,0.0004520250723240116,0.0009341851494696239,,,,0.004731195756991321,0.0009341851494696239,,,,0.0004520250723240116
,,0.002290260366441659,,,,0.019316538090646096,,0.0004520250723240116,0.002290260366441659,0.003194310511089682,0.03082810993249759,,0.004128495660559305,0.0009040501446480232,0.003194310511089682,,,,,,,,0.003676470588235294,0.0009040501446480232,0.0004520250723240116,,,,,,0.0013560752169720347,,,0.0004520250723240116,,,,0.0013560752169720347,0.004580520732883318,0.0004520250723240116,,0.0004520250723240116,,,,0.0004520250723240116,0.8821118611378977,,,,,,,0.006900916104146577,0.0009040501446480232,,,,0.0013560752169720347,0.005966730954676953,0.0004520250723240116,0.004128495660559305,0.01518804243008679,,0.0004520250723240116,,,0.0009040501446480232,,,0.0009040501446480232,,,,,
0.0004520250723240116,,0.0004520250723240116,,,,0.013982642237222759,,0.0009040501446480232,0.0013862102217936355,0.002772420443587271,0.039175506268081,,0.003706605593056895,0.0013862102217936355,0.002772420443587271,,,0.0004520250723240116,0.0004520250723240116,,,,0.0009040501446480232,,0.0004520250723240116,,,,,0.0004520250723240116,0.002772420443587271,,,0.0004520250723240116,0.0009040501446480232,,,0.003706605593056895,0.007925506268081002,,,0.0009040501446480232,,0.0009040501446480232,,0.0004520250723240116,0.8494455159112826,,,0.0004520250723240116,,,,0.011662246865959498,0.0013862102217936355,,,,0.0013862102217936355,0.008859691417550627,0.0013862102217936355,0.0023203953712632596,0.02425867888138862,,0.0004520250723240116,0.0004520250723240116,0.0004520250723240116,,,,0.009311716489874639,0.0004520250723240116,,,,
0.01916586306653809,,0.006539296046287367,,,,0.012144406943105111,,0.0009341851494696239,0.0032545805207328834,,0.04815573770491803,,0.0028025554484088716,,0.0023203953712632596,,,0.0004520250723240116,0.0004520250723240116,,,0.0004520250723240116,,,0.0013862102217936355,,,,,,0.0013862102217936355,,,0.0004520250723240116,0.0018683702989392478,,,0.0023203953712632596,0.014946962391513982,,,0.0004520250723240116,,0.0009341851494696239,,,0.806382594021215,0.0013862102217936355,,0.0013862102217936355,,,,0.007925506268081002,0.0018683702989392478,0.0004520250723240116,,,0.0023203953712632596,0.007925506268081002,0.005122950819672131,0.0032545805207328834,0.017297492767598843,,0.0013862102217936355,,0.013078592092574734,,,,0.006539296046287367,,0.0023203953712632596,,,0.0009341851494696239
0.0004520250723240116,,,,0.0004520250723240116,,0.010366441658630666,0.0004520250723240116,0.0009341851494696239,,0.009884281581485053,0.02968297974927676,,0.0037668756027000963,0.0004520250723240116,0.0028025554484088716,,,0.0004520250723240116,0.0004520250723240116,,,,,0.0004520250723240116,0.0018683702989392478,,,,,0.0009341851494696239,,,,,0.0004520250723240116,,,0.0018683702989392478,0.015067502410800385,,,0.0004520250723240116,,0.0009341851494696239,,0.0004520250723240116,0.8365477338476374,0.0018683702989392478,,0.005183220829315333,0.0004520250723240116,,,0.01790019286403086,0.0009341851494696239,0.0004520250723240116,,,0.0009341851494696239,0.0056352459016393444,0.007985776277724205,0.004218900675024108,0.01130062680810029,,0.0004520250723240116,,0.009884281581485053,,,,0.0117526518804243,0.0009341851494696239,0.0009341851494696239,,,
0.0004520250723240116,,0.0013862102217936355,,0.0004520250723240116,,0.007985776277724205,,0.0004520250723240116,,0.0013862102217936355,0.019256268081002892,,0.0028025554484088716,,0.0037367405978784955,,,,0.0009341851494696239,0.0004520250723240116,,,,,0.0018683702989392478,,,,,,,,,,0.0004520250723240116,,,0.0013862102217936355,0.009854146576663452,,,0.0004520250723240116,,,,0.0013862102217936355,0.8980834136933462,0.0023203953712632596,0.0004520250723240116,,,,0.0004520250723240116,0.009371986499517839,0.0018683702989392478,0.0009341851494696239,,,0.0013862102217936355,0.007503616200578592,0.003284715525554484,0.0009341851494696239,0.012656702025072323,,,,0.0009341851494696239,,,,0.0037367405978784955,0.0004520250723240116,0.0009341851494696239,,,
,,0.006931051108968177,0.0004520250723240116,,,0.011571841851494697,,,0.0009040501446480232,0.002290260366441659,0.03191297010607522,,0.0032244455159112827,,0.004158630665380907,,,0.0004520250723240116,0.0004520250723240116,,0.0004520250723240116,,,,0.0004520250723240116,,,,,,0.0004520250723240116,,,0.0004520250723240116,,,,0.001838235294117647,0.013862102217936354,,,0.0004520250723240116,,,,,0.8842213114754098,,,0.0004520250723240116,,,,0.012023866923818708,0.001838235294117647,0.0004520250723240116,,,0.0009040501446480232,0.003676470588235294,0.0009040501446480232,0.0004520250723240116,0.012023866923818708,,0.0004520250723240116,,,,0.0004520250723240116,,0.001838235294117647,,,,,
0.0028025554484088716,,0.0009341851494696239,,,,0.015097637415621987,,0.0009341851494696239,0.0009341851494696239,0.0018683702989392478,0.03254580520732883,,0.005183220829315333,0.0009341851494696239,0.003284715525554484,,,,,,,,,,,,,,,0.0004520250723240116,,,,0.0004520250723240116,0.0004520250723240116,,,0.0028025554484088716,0.01651398264223722,0.0009341851494696239,,0.0004520250723240116,,,,0.0004520250723240116,0.8570094021215043,,,0.0009341851494696239,0.0004520250723240116,,0.0004520250723240116,0.015097637415621987,0.0013862102217936355,0.0004520250723240116,,,0.0009341851494696239,0.00895009643201543,0.0018683702989392478,,0.01130062680810029,,,,0.0018683702989392478,,,,0.012264946962391514,,,,,
,,0.0023505303760848603,,,,0.014585342333654773,,0.0009341851494696239,0.0018683702989392478,0.0028025554484088716,0.0390549662487946,,0.004218900675024108,0.0013862102217936355,0.0018683702989392478,,0.0004520250723240116,,,,,,,,,,,,,,,,,0.0009341851494696239,,,,0.0023505303760848603,0.007051591128254581,,,0.0004520250723240116,,,,0.0009341851494696239,0.8483305207328833,,,0.0009341851494696239,,,,0.0117526518804243,0.0028025554484088716,0.0004520250723240116,,,0.0018683702989392478,0.008467936354869816,0.0018683702989392478,0.0013862102217936355,0.011270491803278689,,0.0009341851494696239,,,,,,0.02775433944069431,0.0009341851494696239,,,,
,,0.003405255544840887,,,0.00048216007714561236,0.022993008678881387,,0.00048216007714561236,0.0024409353905496625,0.002923095467695275,0.03721673095467695,,0.0024409353905496625,0.00048216007714561236,0.0024409353905496625,,,0.002923095467695275,0.00048216007714561236,,,,,0.00048216007714561236,,,,,,0.0009643201542912247,,,,0.0009643201542912247,,,,0.00587632594021215,0.012234811957569914,,,0.00048216007714561236,,,0.00048216007714561236,0.00048216007714561236,0.806382594021215,,,,0.00048216007714561236,,,0.027422854387656702,0.006358486017357763,0.00048216007714561236,,,0.003405255544840887,0.00979387656702025,0.0014464802314368371,0.0039175506268081,0.0156702025072324,,0.00048216007714561236,,0.0009643201542912247,,,,0.022510848601735776,,,,,
,,0.004218900675024108,,,,0.017327627772420445,,,0.0018683702989392478,,0.040772661523625846,,0.007503616200578592,0.0004520250723240116,0.0013862102217936355,,0.0004520250723240116,0.0004520250723240116,0.0028025554484088716,,,,,0.0004520250723240116,,,,,,,,,,0.0004520250723240116,0.0004520250723240116,,,0.02624758919961427,0.010306171648987464,0.0004520250723240116,,0.0009341851494696239,,0.0004520250723240116,,,0.7809787849566057,0.0023203953712632596,0.0004520250723240116,0.0013862102217936355,,,,0.0117225168756027,0.005605110896817743,0.0013862102217936355,,,0.0023203953712632596,0.03046648987463838,0.0018683702989392478,0.007503616200578592,0.01639344262295082,,,,,,,,0.020160318225650915,0.0004520250723240116,,,,
,,0.015700337512054,,,,0.009884281581485053,,,0.003586065573770492,,0.03278688524590164,,0.010758196721311475,0.0008739151398264224,0.0008739151398264224,,,0.0004218900675024108,0.001325940212150434,,,,0.0008739151398264224,,0.0004218900675024108,,,,,,0.0004218900675024108,,0.0004218900675024108,,,,,0.0017779652844744456,0.00898023143683703,0.0004218900675024108,0.0008739151398264224,0.0008739151398264224,,0.0004218900675024108,0.0004218900675024108,0.0004218900675024108,0.8277181774349084,0.002229990356798457,0.0008739151398264224,0.00313404050144648,,,,0.008076181292189007,0.0017779652844744456,,,0.0004218900675024108,0.0053640308582449375,0.010306171648987464,0.001325940212150434,0.002229990356798457,0.013018322082931534,,,,,,,,0.030978784956605592,,,,,
,,0.0009040501446480232,,,,0.0022601253616200577,,,0.0018081002892960463,,0.017357762777242044,,0.006388621022179364,0.0004520250723240116,0.0004520250723240116,,,0.0013560752169720347,0.0009040501446480232,,,,,,,,,,,0.0004520250723240116,,,,,,,,0.0013560752169720347,0.005002410800385728,0.0009040501446480232,,0.0009040501446480232,,0.0004520250723240116,,0.0004520250723240116,0.8960643683702989,0.0004520250723240116,,0.0004520250723240116,,,,0.007774831243972999,0.003194310511089682,0.0018081002892960463,,,,0.010034956605593058,0.0009040501446480232,0.0013560752169720347,0.013711427193828351,,0.0004520250723240116,,0.0004520250723240116,,,,0.02103423336547734,0.0009040501446480232,,,,
,,0.0050928158148505305,,,,0.0032244455159112827,,,0.0004520250723240116,,0.03658389585342334,,0.006479026036644166,0.001838235294117647,0.0004520250723240116,,,0.001838235294117647,,,,,,0.0004520250723240116,,,,,,0.001838235294117647,,,,,0.0004520250723240116,,,0.0013862102217936355,0.004610655737704918,,,0.0009040501446480232,,,,,0.8845829315332691,0.0004520250723240116,0.0004520250723240116,0.0004520250723240116,0.0004520250723240116,,0.0004520250723240116,0.009703471552555448,0.0004520250723240116,,,,0.0013862102217936355,0.007383076181292189,0.004610655737704918,0.003676470588235294,0.01250602700096432,,,,0.0009040501446480232,,,,0.006931051108968177,,,,,
,,0.0032244455159112827,,,,0.021667068466730954,,0.0013560752169720347,0.0013560752169720347,,0.03733727097396335,,0.006448891031822565,0.0004520250723240116,0.0004520250723240116,,,0.0009040501446480232,,,,,,0.0004520250723240116,,,,,,,0.0004520250723240116,,,0.0004520250723240116,0.0004520250723240116,,,0.002290260366441659,0.008739151398264224,0.0004520250723240116,,0.0009040501446480232,,,,0.0004520250723240116,0.866170443587271,,0.0004520250723240116,0.0004520250723240116,,,0.0004520250723240116,0.009673336547733847,0.0009040501446480232,,,,0.0004520250723240116,0.0055147058823529415,0.0032244455159112827,0.004610655737704918,0.01521817743490839,,,0.0004520250723240116,0.002290260366441659,,,,0.002290260366441659,,,,,
,,0.0004520250723240116,,,,0.006780376084860174,,0.004068225650916104,0.0013560752169720347,0.0004520250723240116,0.03763862102217937,,0.004068225650916104,0.0009040501446480232,0.0022601253616200577,,,0.0009040501446480232,0.0004520250723240116,,,,,0.0004520250723240116,,,,,,,,,,0.0004520250723240116,,0.0009040501446480232,,0.003164175506268081,0.008136451301832208,,0.0004520250723240116,,,0.0004520250723240116,,0.0009040501446480232,0.8745781099324976,0.0004520250723240116,,,,,,0.013138862102217937,0.0013560752169720347,,0.0004520250723240116,,,0.008136451301832208,0.0036162005785920926,0.0018081002892960463,0.012686837029893925,,0.0004520250723240116,,,,,,0.008618611378977821,,,0.0004520250723240116,,
,,0.005695515911282546,,,,0.014012777242044359,,0.0004218900675024108,0.0008739151398264224,0.0004218900675024108,0.037698891031822564,,0.0034956605593056897,,0.0008739151398264224,,0.0004218900675024108,0.0012958052073288333,,,,,,,,,,,,,0.0004218900675024108,,,0.0004218900675024108,,,,0.0026217454194792673,0.013138862102217937,,,,,,,,0.8621926229508197,,,,,,0.0004218900675024108,0.008317261330761813,0.0012958052073288333,,,,0.0034956605593056897,0.008317261330761813,0.0012958052073288333,0.0052434908389585345,0.017086547733847636,,0.0008739151398264224,,,,,,0.009643201542912247,,,,,
,,0.0008437801350048216,,,,0.009884281581485053,0.0004218900675024108,0.0004218900675024108,,0.0008437801350048216,0.03830159112825458,,0.0029833654773384764,0.0004218900675024108,0.0008437801350048216,,,0.0008437801350048216,,,,,,0.0012656702025072323,0.0004218900675024108,,,,,,,,,0.0004218900675024108,,,,0.001717695274831244,0.01289778206364513,,0.0008437801350048216,,,0.0004218900675024108,0.0008437801350048216,0.0008437801350048216,0.8528206364513018,0.0008437801350048216,,0.0021395853423336548,,,0.001717695274831244,0.011601976856316297,0.0004218900675024108,,,0.0004218900675024108,0.0029833654773384764,0.004731195756991321,0.0025614754098360654,0.003435390549662488,0.01331967213114754,,0.0008437801350048216,,0.01678519768563163,,,,0.009884281581485053,,,,,
0.0004218900675024108,,0.0017478302796528448,,,,0.01325940212150434,,0.002199855351976856,,,0.03980834136933462,,0.004399710703953712,0.002199855351976856,0.0008739151398264224,,,0.002199855351976856,0.0004218900675024108,,,,,0.001325940212150434,0.0004218900675024108,,,,,,,,,,,,,0.005303760848601736,0.010607521697203472,0.001325940212150434,0.001325940212150434,,,,0.0017478302796528448,0.0008739151398264224,0.846462150433944,0.001325940212150434,,0.002199855351976856,,,0.004399710703953712,0.007503616200578592,0.003977820636451302,0.001325940212150434,,0.0004218900675024108,0.002199855351976856,0.007503616200578592,0.002199855351976856,0.0030737704918032786,0.015459257473481196,,0.001325940212150434,,,,,,0.009281581485053038,,,0.0008739151398264224,,
,,0.0004520250723240116,,,,0.0036463355834136933,,,,,0.02844744455159113,,0.003194310511089682,0.0004520250723240116,0.0004520250723240116,,,,,0.0004520250723240116,,,,0.0004520250723240116,,,,,,,,,,,,,,0.0009040501446480232,0.010065091610414658,,0.0004520250723240116,,,,0.0004520250723240116,,0.9167671166827387,0.0009040501446480232,,0.0013560752169720347,,,,0.00548457087753134,0.0004520250723240116,,,,0.0004520250723240116,0.003194310511089682,0.0004520250723240116,0.0018081002892960463,0.012385486981677917,,0.0004520250723240116,,0.002290260366441659,,,,0.004580520732883318,,,,,
,,0.0022601253616200577,,,,0.0036463355834136933,,0.0009040501446480232,0.0004520250723240116,0.0004520250723240116,0.04616682738669238,,0.00548457087753134,,0.0009040501446480232,,,0.0009040501446480232,,0.0004520250723240116,,,,,,,,,,,,,,0.0004520250723240116,,,,0.0009040501446480232,0.005002410800385728,,,,,,,,0.8923878977820636,0.00274228543876567,,0.0004520250723240116,,,,0.005002410800385728,0.0004520250723240116,0.0004520250723240116,,,0.0009040501446480232,0.00274228543876567,0.0009040501446480232,0.0022601253616200577,0.018261812921890067,,,,,,,,0.004098360655737705,0.0013560752169720347,,,,
,,0.0004218900675024108,,,,0.00895009643201543,,,0.00313404050144648,,0.035860655737704916,,0.00313404050144648,0.0004218900675024108,0.001325940212150434,,0.0004218900675024108,0.0017779652844744456,,0.0004218900675024108,,,,0.0008739151398264224,0.0004218900675024108,,,,,0.0004218900675024108,,,,0.0004218900675024108,,,,0.001325940212150434,0.007172131147540984,0.0004218900675024108,0.0004218900675024108,,,,,,0.8885607521697203,0.001325940212150434,,0.0008739151398264224,,,,0.009854146576663452,0.0004218900675024108,0.0004218900675024108,,,0.0026820154291224687,0.0040079556412729025,0.0017779652844744456,0.0004218900675024108,0.013892237222757956,,,,0.0004218900675024108,,,,0.005816055930568949,0.0008739151398264224,0.0008739151398264224,,,0.0004218900675024108
,,0.007714561234329798,,0.0004520250723240116,,0.0036162005785920926,,0.0022601253616200577,,,0.046347637415621985,,0.004068225650916104,0.0009040501446480232,0.0009040501446480232,,0.0004520250723240116,0.0013560752169720347,,0.0004520250723240116,,,,0.0004520250723240116,0.0036162005785920926,,,,,,0.0009040501446480232,,,0.0004520250723240116,,,,0.006810511089681774,0.0072625361620057855,0.0004520250723240116,0.0004520250723240116,,,,,,0.8543876567020251,0.0004520250723240116,,0.0004520250723240116,,,,0.009522661523625844,0.0013560752169720347,0.0004520250723240116,,,0.0022601253616200577,0.008166586306653808,0.0036162005785920926,0.003164175506268081,0.01636330761812922,,0.0018081002892960463,0.0004520250723240116,,,,,0.0072625361620057855,0.0004520250723240116,,,,0.0009040501446480232
0.0004218900675024108,,0.002199855351976856,,0.0017478302796528448,,0.0035257955641272904,,0.0008739151398264224,0.0004218900675024108,,0.050204918032786885,,0.0035257955641272904,0.0004218900675024108,0.0031039054966248794,,,0.0008739151398264224,,0.0004218900675024108,,,,0.0008739151398264224,0.005303760848601736,,,,,,0.0004218900675024108,,,0.0008739151398264224,,,0.001325940212150434,0.0017478302796528448,0.013771697203471553,0.0004218900675024108,,,,0.0004218900675024108,,,0.8100590646094503,0.0004218900675024108,0.0008739151398264224,,,,,0.031099324975891997,0.0008739151398264224,0.0008739151398264224,,,0.0004218900675024108,0.00665983606557377,0.002199855351976856,0.007081726133076181,0.033751205400192864,,0.002651880424300868,0.0008739151398264224,,0.0004218900675024108,,,0.00665983606557377,,0.0017478302796528448,,,0.0004218900675024108
0.0004218900675024108,,0.001325940212150434,,0.00313404050144648,,0.006298216007714561,,,0.0008739151398264224,,0.04652844744455159,,0.00584619093539055,0.0017779652844744456,0.003586065573770492,,,0.0017779652844744456,,0.0004218900675024108,,,,0.0008739151398264224,0.0004218900675024108,,,,,,,,,0.0008739151398264224,,,,0.00313404050144648,0.00901036644165863,0.0004218900675024108,,,,0.0004218900675024108,0.0004218900675024108,,0.8175626808100289,0.001325940212150434,0.0004218900675024108,0.0004218900675024108,,,0.0004218900675024108,0.04336427193828351,0.0008739151398264224,0.0008739151398264224,,0.0008739151398264224,,0.007202266152362584,0.001325940212150434,0.00313404050144648,0.023927193828351012,,0.001325940212150434,,,0.0008739151398264224,,,0.006750241080038573,0.0008739151398264224,0.0008739151398264224,,,
0.0004520250723240116,,0.0013560752169720347,,0.0009040501446480232,,0.00274228543876567,,0.003194310511089682,,,0.04782425265188042,,0.006900916104146577,0.001838235294117647,0.005966730954676953,,,0.0009040501446480232,,,,,,0.001838235294117647,,,,,,,,,,0.0004520250723240116,,,,0.003194310511089682,0.011933461909353906,0.001838235294117647,0.0009040501446480232,0.0004520250723240116,,0.0004520250723240116,,0.0013560752169720347,0.8159956605593057,0.001838235294117647,,0.0009040501446480232,,,0.0004520250723240116,0.026669479267116682,,0.0013560752169720347,,,0.00274228543876567,0.003676470588235294,0.0055147058823529415,0.006418756027000964,0.027121504339440695,,0.00274228543876567,,,0.0013560752169720347,,,0.003676470588235294,0.0004520250723240116,0.004580520732883318,,,
0.0004520250723240116,,0.00274228543876567,,0.0009040501446480232,,0.006900916104146577,0.0004520250723240116,0.0004520250723240116,0.0009040501446480232,,0.022119093539054967,,0.005996865959498553,0.0004520250723240116,0.004128495660559305,,,0.0004520250723240116,,,,,,0.001838235294117647,,,,,,0.0004520250723240116,,,,,,,,0.005062680810028929,0.007352941176470588,0.0004520250723240116,,0.0004520250723240116,,,,,0.8786162005785921,0.0009040501446480232,,,,0.0004520250723240116,0.0004520250723240116,0.02260125361620058,0.0013560752169720347,0.0009040501446480232,,,,0.008287126325940213,0.0032244455159112827,0.002290260366441659,0.01521817743490839,,,,,,,,0.004128495660559305,,,,,
,,0.0013862102217936355,,,,0.004670925747348119,,,,,0.033781340405014466,,0.004218900675024108,,0.0004520250723240116,,,0.0004520250723240116,,,,,,,,,,,,,,,,0.0004520250723240116,0.0013862102217936355,,,0.0004520250723240116,0.010306171648987464,,,,,,,,0.8877772420443587,,,0.0004520250723240116,,,0.0009341851494696239,0.009824011571841852,0.0032545805207328834,0.0018683702989392478,,,,0.005605110896817743,0.0018683702989392478,0.0032545805207328834,0.01407304725168756,,0.0009341851494696239,0.0004520250723240116,0.0013862102217936355,,,,0.009371986499517839,,0.0013862102217936355,,,
,,0.002290260366441659,,,0.0009040501446480232,0.006027000964320154,,,0.0004520250723240116,0.001838235294117647,0.03616200578592092,,0.0013862102217936355,0.0009040501446480232,0.0009040501446480232,,,0.0013862102217936355,,,,,,,,,0.0004520250723240116,,,,,,,0.0004520250723240116,,,,0.003706605593056895,0.006931051108968177,0.0009040501446480232,,,,0.0004520250723240116,,0.0004520250723240116,0.8914838476374156,0.0009040501446480232,,,,,,0.008347396335583413,0.001838235294117647,0.0004520250723240116,,,,0.002290260366441659,0.004610655737704918,0.002772420443587271,0.00973360655737705,,0.0004520250723240116,,0.002290260366441659,,,,0.007865236258437802,0.0004520250723240116,0.0009040501446480232,,,
,,0.0009040501446480232,,,,0.0045503857280617165,0.0004520250723240116,,,0.0004520250723240116,0.028236499517839922,,0.004098360655737705,,0.0004520250723240116,,0.0004520250723240116,0.0009040501446480232,,0.0004520250723240116,,,,,,,0.0013560752169720347,,,,,,,0.0004520250723240116,,,0.0004520250723240116,0.0018081002892960463,0.008648746383799422,0.0009040501446480232,,,,0.0004520250723240116,,,0.8923276277724205,0.0009040501446480232,,0.003164175506268081,0.0004520250723240116,,0.0013560752169720347,0.009552796528447444,0.0013560752169720347,,,,0.003164175506268081,0.003164175506268081,0.0022601253616200577,0.0045503857280617165,0.01639344262295082,,,0.0004520250723240116,0.0009040501446480232,,,,0.0036162005785920926,,,,,0.0013560752169720347
,,0.003164175506268081,,,,0.006780376084860174,,,,,0.04351494696239151,,0.004520250723240115,,0.0013560752169720347,,,0.0013560752169720347,,0.0009040501446480232,,,,0.0004520250723240116,,,,,,,,,,0.0013560752169720347,,,,0.0009040501446480232,0.006328351012536162,,,,,,,,0.8759643201542913,,0.0004520250723240116,0.0004520250723240116,0.0004520250723240116,,,0.0117827868852459,0.0009040501446480232,,,,0.0049722757955641276,0.005424300867888139,0.0027121504339440695,0.00587632594021215,0.01404291224686596,,0.0009040501446480232,0.0004520250723240116,0.0013560752169720347,0.0004520250723240116,,,0.003164175506268081,,,,,
,,0.0009040501446480232,,,,0.00548457087753134,0.0004520250723240116,,0.0004520250723240116,,0.048216007714561235,,0.006418756027000964,0.0004520250723240116,,,,0.0018081002892960463,,0.0009040501446480232,,,,0.0004520250723240116,,,,,,0.0004520250723240116,,,,0.0009040501446480232,,,,0.004128495660559305,0.004128495660559305,0.0004520250723240116,,,,,0.0009040501446480232,,0.8451663452266153,0.00274228543876567,,0.014675747348119576,0.0013560752169720347,,0.0004520250723240116,0.005966730954676953,0.003194310511089682,,,,0.0004520250723240116,0.014223722275795565,0.002290260366441659,0.0013560752169720347,0.016966007714561235,,0.0004520250723240116,0.0009040501446480232,,0.0009040501446480232,,,0.009643201542912247,0.00274228543876567,,,,
,,0.0013862102217936355,,,,0.007955641272902604,,0.0004520250723240116,0.005122950819672131,0.0013862102217936355,0.03839199614271938,,0.008407666345226616,0.0004520250723240116,,,,0.0013862102217936355,,0.0013862102217936355,,,,0.0004520250723240116,,,,,,,,,0.0028025554484088716,,,,,0.0018683702989392478,0.020130183220829316,,,,,0.0009341851494696239,0.0018683702989392478,,0.8510426711668274,0.0023203953712632596,,0.0009341851494696239,0.0009341851494696239,,0.0023203953712632596,0.010758196721311475,0.0018683702989392478,,,,0.0004520250723240116,0.005122950819672131,0.004670925747348119,0.0028025554484088716,0.010276036644165864,,,0.0013862102217936355,0.0018683702989392478,0.0009341851494696239,,,0.00702145612343298,0.0004520250723240116,0.0004520250723240116,,,
,,0.0013862102217936355,,0.0004520250723240116,,0.001838235294117647,,,0.0023203953712632596,,0.026609209257473482,,0.003706605593056895,0.0004520250723240116,,,,,,0.0004520250723240116,,,,,,,,,,,,,,,0.0004520250723240116,,,0.0023203953712632596,0.010245901639344262,0.0013862102217936355,,,,,0.0009040501446480232,,0.8922673577627772,0.0023203953712632596,,0.0009040501446480232,0.0013862102217936355,,0.003706605593056895,0.007925506268081002,0.0023203953712632596,0.0023203953712632596,0.0004520250723240116,,0.001838235294117647,0.007925506268081002,0.0013862102217936355,0.004640790742526519,0.013048457087753134,,,0.0004520250723240116,0.0004520250723240116,,,,0.002772420443587271,0.0009040501446480232,0.0004520250723240116,,,
,,0.0013560752169720347,,,,0.007774831243972999,,,0.0022601253616200577,,0.023324493731918996,,0.005032545805207329,0.0004520250723240116,,,,0.0009040501446480232,,0.0004520250723240116,,,,0.0004520250723240116,,,,,,,,,,0.0004520250723240116,,,,0.0013560752169720347,0.010065091610414658,0.0013560752169720347,,,,,,,0.9147480713596914,0.0004520250723240116,,,,,0.0004520250723240116,0.004098360655737705,,0.0018081002892960463,,,0.00274228543876567,0.0018081002892960463,0.00274228543876567,0.0013560752169720347,0.006840646094503375,,,0.0013560752169720347,0.0009040501446480232,0.0009040501446480232,,,0.004098360655737705,0.0004520250723240116,,,,
,,0.0036162005785920926,,,,0.018141272902603665,,0.0004520250723240116,0.0009040501446480232,,0.03037608486017358,,0.0022601253616200577,,,,,0.0013560752169720347,0.0009040501446480232,,,,,0.0004520250723240116,,,,,,,,,,0.0009040501446480232,0.0004520250723240116,,,0.0027121504339440695,0.0027121504339440695,0.0013560752169720347,,,,0.0004520250723240116,0.0004520250723240116,,0.8962753134040502,,,,,0.0004520250723240116,,0.009974686595949855,0.0004520250723240116,0.0013560752169720347,,,0.003164175506268081,0.0013560752169720347,0.0022601253616200577,0.0009040501446480232,0.010878736740597878,,0.0004520250723240116,,0.0004520250723240116,,,,0.004068225650916104,0.0004520250723240116,,,,
,,0.0004520250723240116,,,,0.008618611378977821,0.0004520250723240116,0.0009040501446480232,0.0009040501446480232,,0.024499758919961426,,0.0018081002892960463,0.0004520250723240116,0.0004520250723240116,,,0.0013560752169720347,,,,,,0.0009040501446480232,0.0004520250723240116,,,,,,,,,0.0013560752169720347,,,0.0004520250723240116,0.0018081002892960463,0.0036162005785920926,0.0013560752169720347,,0.0004520250723240116,,,0.0004520250723240116,,0.905797974927676,,,,,,0.0009040501446480232,0.010878736740597878,0.0004520250723240116,0.0013560752169720347,,0.0004520250723240116,0.0013560752169720347,0.004068225650916104,0.006780376084860174,0.0009040501446480232,0.012234811957569914,,0.0004520250723240116,,0.0018081002892960463,,,,0.0013560752169720347,0.0004520250723240116,,,,
,,0.001325940212150434,,,,0.006207810993249759,0.0004218900675024108,0.0004218900675024108,0.0004218900675024108,,0.02971311475409836,,0.0017478302796528448,0.0004218900675024108,0.0008739151398264224,,,0.0004218900675024108,,,,,,0.0004218900675024108,0.0004218900675024108,,,,,0.0004218900675024108,0.0004218900675024108,,,0.0004218900675024108,,,,0.002651880424300868,0.008407666345226616,0.001325940212150434,0.0008739151398264224,,,,,0.0004218900675024108,0.8931412729026037,0.0004218900675024108,,,,,0.0004218900675024108,0.014193587270973963,0.0008739151398264224,,,,0.0031039054966248794,0.004429845708775314,0.002651880424300868,0.0031039054966248794,0.011963596914175506,,0.001325940212150434,,0.0017478302796528448,,,,0.004429845708775314,0.0004218900675024108,,,,
,,0.0004520250723240116,,,,0.008347396335583413,0.0004520250723240116,0.0009040501446480232,0.0004520250723240116,,0.03815091610414657,,0.001838235294117647,,,,,0.0013862102217936355,,,,,,,0.0009040501446480232,,,,,0.0009040501446480232,,,,0.0004520250723240116,,,,0.003706605593056895,0.008829556412729027,0.0004520250723240116,0.0013862102217936355,,,,,,0.8715043394406943,0.0013862102217936355,,,,,,0.013018322082931534,0.0004520250723240116,,,,0.004158630665380907,0.007443346190935391,0.0023203953712632596,0.0032545805207328834,0.016272902603664416,,0.0009040501446480232,0.0004520250723240116,0.0023203953712632596,,,,0.007895371263259402,,,,,
,,0.0009341851494696239,,,,0.011903326904532305,,0.0004520250723240116,0.002380665380906461,0.0009341851494696239,0.05144045323047252,,0.005695515911282546,0.0004520250723240116,,,,0.0014163452266152362,,,,,,0.0018985053037608487,0.0004520250723240116,,,,,,,,0.0004520250723240116,,,,,0.003314850530376085,0.012837512054001929,,0.003314850530376085,0.0004520250723240116,,0.0009341851494696239,,0.0004520250723240116,0.8333835583413693,0.002380665380906461,,0.005213355834136933,,,0.0004520250723240116,0.008076181292189007,,0.0004520250723240116,,,0.01093900675024108,0.005213355834136933,,0.0004520250723240116,0.015700337512054,,0.0004520250723240116,,0.003314850530376085,,,,0.013801832208293154,0.0004520250723240116,,,,
,,0.002290260366441659,,,,0.004580520732883318,0.0009040501446480232,0.001838235294117647,0.0013560752169720347,,0.02624758919961427,,0.006448891031822565,0.0009040501446480232,,,,0.001838235294117647,,,,,,0.0004520250723240116,0.0004520250723240116,,,,,,,,,,,,,0.0004520250723240116,0.007352941176470588,0.0004520250723240116,0.002290260366441659,,,0.0004520250723240116,,,0.9021516393442623,0.0004520250723240116,,0.0004520250723240116,,,,0.008287126325940213,,,,,0.003676470588235294,0.0032244455159112827,0.0009040501446480232,0.001838235294117647,0.011511571841851495,,,,0.001838235294117647,,,,0.006900916104146577,0.0004520250723240116,,,,
,,0.0009040501446480232,,,,0.006780376084860174,,0.003164175506268081,0.0004520250723240116,,0.028537849566055932,,0.00587632594021215,,,,,,,,,,,0.0013560752169720347,0.0004520250723240116,,,,,0.0009040501446480232,,,,,,,,0.003164175506268081,0.007684426229508197,0.0004520250723240116,,,,0.0004520250723240116,,,0.9013681292189006,0.0004520250723240116,0.0004520250723240116,0.0027121504339440695,,,,0.008136451301832208,0.0004520250723240116,,,,0.0009040501446480232,0.005424300867888139,,0.0009040501446480232,0.010878736740597878,,0.0004520250723240116,,0.0004520250723240116,,,,0.006780376084860174,0.0004520250723240116,,,,
,,0.0004520250723240116,,,,0.005122950819672131,0.0004520250723240116,0.001838235294117647,,0.0004520250723240116,0.036794840887174544,,0.003706605593056895,,,,0.0009040501446480232,,,0.0004520250723240116,,,,0.002772420443587271,0.0004520250723240116,,,,,0.0013862102217936355,0.0013862102217936355,,,,,,,0.001838235294117647,0.009311716489874639,0.0009040501446480232,,,,,0.0004520250723240116,,0.8937439729990357,,,,,,,0.014886692381870782,0.0004520250723240116,,,,0.001838235294117647,0.002772420443587271,,0.0023203953712632596,0.010697926711668275,,0.0009040501446480232,,0.0004520250723240116,,,,0.0032545805207328834,,,,,
,,0.0013560752169720347,,,,0.008136451301832208,,0.0018081002892960463,,0.0004520250723240116,0.027121504339440695,,0.004068225650916104,,,,,0.0009040501446480232,,,,,0.0009040501446480232,0.003164175506268081,,,,,,0.0022601253616200577,0.0004520250723240116,,,,,,,0.0036162005785920926,0.009492526518804244,0.0009040501446480232,,,,,,,0.8585161523625844,,,,,,0.0004520250723240116,0.03390188042430087,0.005424300867888139,,,,,0.006780376084860174,0.004068225650916104,0.005424300867888139,0.016272902603664416,,0.0004520250723240116,0.0004520250723240116,0.0013560752169720347,,,,0.0022601253616200577,,,,,
,,0.0009643201542912247,,,,0.008377531340405014,,0.0024409353905496625,,0.00048216007714561236,0.039476856316297014,,0.005424300867888139,,,,0.00048216007714561236,0.0009643201542912247,,,,,,0.0024409353905496625,,,,,,0.00048216007714561236,0.0014766152362584379,,,,,,0.00048216007714561236,0.003435390549662488,0.007383076181292189,0.00048216007714561236,,,,0.0009643201542912247,,,0.8607461427193828,0.00048216007714561236,,0.00195877531340405,,,,0.01726735776277724,0.004912005785920926,,,,0.004429845708775314,0.006388621022179364,0.0009643201542912247,0.0029532304725168757,0.019226133076181293,,0.00048216007714561236,,0.00048216007714561236,,,,0.003947685631629701,,,,,
,,0.0024409353905496625,,,,0.0039175506268081,,0.0024409353905496625,,0.00195877531340405,0.03486620057859209,,0.005394165863066538,0.0009643201542912247,,,0.00048216007714561236,0.00048216007714561236,,,,,,0.00048216007714561236,,,,,,,0.0009643201542912247,,,,,,,0.002923095467695275,0.0117827868852459,0.00048216007714561236,0.00048216007714561236,,,,0.00048216007714561236,,0.8407063645130184,,,,,,0.00195877531340405,0.019617888138862102,0.006358486017357763,,,,0.002923095467695275,0.0117827868852459,0.00048216007714561236,0.005394165863066538,0.029441899710703955,,,,,,,,0.010788331726133076,,,,,
,,0.0004520250723240116,,0.0004520250723240116,,0.007202266152362584,,0.002862825458052073,,0.004791465766634522,0.034203230472516874,,0.010095226615236258,0.0033449855351976856,,,,0.0009341851494696239,,,,0.0004520250723240116,,0.005755785920925747,0.01636330761812922,,,,,0.0004520250723240116,0.0004520250723240116,,,,,,,0.0018985053037608487,0.017809787849566057,0.009613066538090647,0.0004520250723240116,,,,0.0004520250723240116,0.0009341851494696239,0.8128616200578592,0.0009341851494696239,,,,,0.0014163452266152362,0.015398987463837993,,,,,0.0018985053037608487,0.008648746383799422,0.004791465766634522,,0.01877410800385728,,,0.0033449855351976856,,,,,0.01250602700096432,0.0004520250723240116,,,,
,,0.0004520250723240116,,,,0.0018985053037608487,,0.0004520250723240116,,0.0009341851494696239,0.0194672131147541,,0.005213355834136933,0.0018985053037608487,,,,,,,,0.0004520250723240116,,0.0009341851494696239,0.0014163452266152362,,,,,,0.0004520250723240116,0.0004520250723240116,,,,,,0.0023505303760848603,0.01756870781099325,,,,,,0.0004520250723240116,,0.8902784474445515,0.0004520250723240116,,,,,0.0014163452266152362,0.014223722275795565,0.0014163452266152362,,,,,0.003314850530376085,0.0004520250723240116,0.004249035679845709,0.016604387656702024,,0.0004520250723240116,0.004249035679845709,0.0004520250723240116,,,,0.007594021215043395,,,,,0.0004520250723240116
,,0.002109450337512054,,,,0.007383076181292189,,0.0005122950819672131,,0.001054725168756027,0.033751205400192864,,0.004731195756991321,,0.0005122950819672131,,0.0005122950819672131,0.0005122950819672131,,,,0.0005122950819672131,,0.00156702025072324,,,,,,0.0005122950819672131,0.0005122950819672131,0.002109450337512054,,,,,,0.0026217454194792673,0.0057859209257473485,,0.00156702025072324,,,0.001054725168756027,0.0005122950819672131,,0.8700277242044359,0.001054725168756027,,,,,,0.013711427193828351,0.0026217454194792673,0.002109450337512054,,,0.0005122950819672131,0.011601976856316297,0.002109450337512054,0.002109450337512054,0.017387897782063646,,,0.002109450337512054,0.0005122950819672131,,,,0.004731195756991321,0.0005122950819672131,,,,0.001054725168756027
,,0.002501205400192864,,,,0.005002410800385728,,0.00048216007714561236,,0.0040079556412729025,0.03266634522661523,,0.008528206364513019,0.0015067502410800386,,,,0.00048216007714561236,,,,,,0.0015067502410800386,,,,,,0.0009944551591128256,0.0015067502410800386,0.0015067502410800386,,,,,,0.005002410800385728,0.00904050144648023,0.00048216007714561236,0.00048216007714561236,,,,,,0.8727097396335584,,0.00048216007714561236,0.0009944551591128256,,,,0.006509161041465767,0.0009944551591128256,0.0009944551591128256,,,,0.00904050144648023,0.0034956605593056897,0.002501205400192864,0.019075458052073287,,,0.0009944551591128256,0.0015067502410800386,,,,0.004520250723240115,0.00048216007714561236,,,,
,,0.0013862102217936355,,,,0.006117405978784957,,,,,0.03203351012536162,,0.003284715525554484,0.0009341851494696239,,,,,,,,,,0.0009341851494696239,,,,,,,,0.0009341851494696239,,,0.0004520250723240116,,,,0.005183220829315333,0.0013862102217936355,,,,,,,0.9126687560270009,,0.0004520250723240116,0.0004520250723240116,,,,0.005183220829315333,0.0013862102217936355,0.0009341851494696239,,,,0.0047010607521697206,0.0013862102217936355,0.005183220829315333,0.0117526518804243,,,,0.0004520250723240116,,,,0.0023505303760848603,0.0004520250723240116,,,,
,,0.0004520250723240116,,,,0.009974686595949855,,,,,0.04523264223722276,,0.0018985053037608487,0.0004520250723240116,0.0009341851494696239,,,,,,,,,0.0018985053037608487,,,,,,,,0.0018985053037608487,,,0.0004520250723240116,,,0.002380665380906461,0.00665983606557377,0.0009341851494696239,,0.0004520250723240116,,,,,0.8665621986499518,,,,,,0.0004520250723240116,0.013801832208293154,0.0004520250723240116,0.0004520250723240116,,,,0.0037970106075216974,0.002380665380906461,0.002380665380906461,0.02618731918997107,,0.0004520250723240116,,0.0018985053037608487,,,,0.005695515911282546,0.0009341851494696239,0.0009341851494696239,,,
,,0.004188765670202507,,,,0.011210221793635487,,,0.0018683702989392478,0.0009341851494696239,0.04023023143683703,,0.01681533269045323,0.0018683702989392478,0.0009341851494696239,,,,,0.0004520250723240116,,,,0.0013862102217936355,0.0004520250723240116,,,,,,,0.0013862102217936355,,,,,,0.0004520250723240116,0.01681533269045323,0.0009341851494696239,0.0009341851494696239,,,0.0009341851494696239,,,0.8352820636451301,0.0009341851494696239,,0.0018683702989392478,,0.0004520250723240116,,0.01916586306653809,,0.0004520250723240116,,,0.0004520250723240116,0.006539296046287367,0.0032545805207328834,0.0023203953712632596,0.01681533269045323,,,0.0004520250723240116,0.0032545805207328834,0.0013862102217936355,,,0.0032545805207328834,0.0013862102217936355,0.0009341851494696239,,,
,,0.018502892960462872,,,,0.010908871745419478,,,0.0028326904532304724,0.0018985053037608487,0.028025554484088718,,0.048909112825458054,0.0023505303760848603,0.0004520250723240116,,,,,,,,,,0.0014163452266152362,,,,,0.003314850530376085,0.0009341851494696239,,,,,,,0.0028326904532304724,0.01518804243008679,0.0014163452266152362,0.0009341851494696239,,,,,0.0009341851494696239,0.7644346673095468,0.0009341851494696239,,0.0014163452266152362,,0.0004520250723240116,,0.03275675024108004,0.0009341851494696239,0.0004520250723240116,,,0.0014163452266152362,0.006147540983606557,0.005213355834136933,0.008528206364513019,0.018502892960462872,,0.0023505303760848603,0.0018985053037608487,0.0023505303760848603,0.0018985053037608487,,,0.004249035679845709,0.0014163452266152362,0.0037970106075216974,,,
,,0.00195877531340405,0.0009643201542912247,,,0.004399710703953712,,,0.00195877531340405,0.0009643201542912247,0.024047733847637417,,0.010306171648987464,0.0009643201542912247,0.00048216007714561236,0.00048216007714561236,,0.00048216007714561236,,,,,,,0.00048216007714561236,,,,,0.00048216007714561236,,,,,,,,0.0014464802314368371,0.008317261330761813,0.0009643201542912247,0.0014464802314368371,,,,,,0.8674361137897781,0.00048216007714561236,0.0009643201542912247,0.00048216007714561236,,,,0.02501205400192864,0.00195877531340405,0.00048216007714561236,,,,0.008829556412729027,0.00195877531340405,0.004399710703953712,0.013741562198649951,,0.004399710703953712,0.0014464802314368371,0.0014464802314368371,0.0014464802314368371,,,0.004881870781099325,,0.00048216007714561236,,,
,,0.001988910318225651,,,,0.008558341369334619,,,0.0009944551591128256,0.001988910318225651,0.03531822565091611,,0.007051591128254581,,,,,0.0009944551591128256,,,,,,0.0009944551591128256,0.00048216007714561236,,,,,,,,,,0.00048216007714561236,,,0.0015067502410800386,0.012084136933461909,0.00048216007714561236,,,,0.00048216007714561236,,0.00048216007714561236,0.8556834619093538,,,,,,0.00048216007714561236,0.014103182256509162,0.002501205400192864,,,,0.002501205400192864,0.01057738669238187,0.00048216007714561236,0.005032545805207329,0.023203953712632595,,,0.0015067502410800386,0.003013500482160077,0.00048216007714561236,,,0.006539296046287367,,,,,
,,0.00048216007714561236,,,,0.006931051108968177,,,0.00048216007714561236,0.0014766152362584379,0.02781460945033751,,0.005454435872709739,,,,0.00048216007714561236,0.0009643201542912247,,,,,0.00048216007714561236,0.0014766152362584379,,,,,,,,,,,,,,0.0034655255544840885,0.0029532304725168757,0.00048216007714561236,,,,0.00048216007714561236,0.00048216007714561236,,0.8817502410800385,0.00048216007714561236,,,,,0.00048216007714561236,0.007443346190935391,0.0014766152362584379,,,0.00048216007714561236,0.0029532304725168757,0.011903326904532305,0.0014766152362584379,0.0009643201542912247,0.02383678881388621,,,0.0009643201542912247,0.0014766152362584379,,,,0.009914416586306653,0.00048216007714561236,,,,
,,0.0018985053037608487,,,,0.004791465766634522,0.0009341851494696239,,0.0009341851494696239,0.002862825458052073,0.02495178399228544,,0.007654291224686596,,0.0004520250723240116,,,0.0004520250723240116,0.0004520250723240116,,,,0.0004520250723240116,0.0018985053037608487,,,,,,0.0004520250723240116,,,,,,,,0.0009341851494696239,0.0033449855351976856,0.0009341851494696239,,,,0.0009341851494696239,,0.0009341851494696239,0.8999216489874639,,,0.0004520250723240116,,,0.0009341851494696239,0.006720106075216972,0.0018985053037608487,0.0004520250723240116,,,,0.004309305689488911,0.0009341851494696239,0.0004520250723240116,0.014374397299903568,,,0.0009341851494696239,0.0018985053037608487,,,,0.01054725168756027,0.0004520250723240116,,,,0.0004520250723240116
,,0.0014464802314368371,,,0.00048216007714561236,0.00822685631629701,0.00048216007714561236,0.0009643201542912247,0.00048216007714561236,0.00048216007714561236,0.045081967213114756,,0.0072625361620057855,,0.00048216007714561236,,,,0.0009643201542912247,,,,0.0033751205400192863,0.0019286403085824494,,,,,,,,,,0.00048216007714561236,,,,0.0033751205400192863,0.0028929604628736743,0.00048216007714561236,,,0.00048216007714561236,0.00048216007714561236,,,0.8654773384763742,,0.0009643201542912247,0.0014464802314368371,,0.00048216007714561236,0.00048216007714561236,0.009191176470588236,0.0014464802314368371,0.00048216007714561236,,,0.0019286403085824494,0.0024108003857280617,0.00048216007714561236,0.0009643201542912247,0.022299903567984572,,,0.0028929604628736743,0.0033751205400192863,,,,0.005333895853423336,,0.00048216007714561236,,,
,0.0009341851494696239,0.0014163452266152362,,,,0.007141996142719383,0.0004520250723240116,,0.0014163452266152362,,0.041556171648987464,,0.010034956605593058,0.0009341851494696239,0.002862825458052073,,,0.016242767598842817,,,,,0.0037970106075216974,0.002380665380906461,,,,,,0.0009341851494696239,,,,0.0009341851494696239,,,,0.0004520250723240116,0.012415621986499517,0.0004520250723240116,,0.0004520250723240116,,,,,0.810842574734812,0.0004520250723240116,,,0.0004520250723240116,,0.005725650916104146,0.005725650916104146,0.007624156219864995,0.002862825458052073,,,0.002862825458052073,0.01672492767598843,0.0018985053037608487,0.0014163452266152362,0.027242044358727097,,0.0009341851494696239,,0.0004520250723240116,,,0.0004520250723240116,0.008106316297010608,,,,0.0014163452266152362,
0.00048216007714561236,0.0009643201542912247,,,,,0.006298216007714561,0.0009643201542912247,,0.0024108003857280617,,0.04568466730954677,,0.012626567020250723,0.0009643201542912247,0.0024108003857280617,,,0.00048216007714561236,,,,,0.0038874156219864996,,,,,,,,,,,,,,,0.0009643201542912247,0.013108727097396336,,,,,0.00048216007714561236,,,0.8263018322082931,0.0024108003857280617,,,0.00048216007714561236,,0.00048216007714561236,0.012626567020250723,0.0014464802314368371,0.0014464802314368371,,0.0009643201542912247,0.0019286403085824494,0.005333895853423336,0.004851735776277724,0.0009643201542912247,0.01747830279652845,,0.0038874156219864996,,0.0014464802314368371,,,0.00048216007714561236,0.022842333654773384,0.0009643201542912247,0.0009643201542912247,,0.0009643201542912247,
0.0004520250723240116,,0.002380665380906461,,,,0.002862825458052073,0.0009341851494696239,0.0014163452266152362,0.0014163452266152362,,0.027422854387656702,,0.012988187078109932,0.0004520250723240116,0.0004520250723240116,,,0.0014163452266152362,,,,,,,,,,,,,,,,,0.0004520250723240116,,,0.0014163452266152362,0.00623794599807136,0.0004520250723240116,,,,0.0009341851494696239,,0.0014163452266152362,0.8747287849566057,0.0014163452266152362,,,,,0.0004520250723240116,0.005273625843780135,0.0009341851494696239,0.0014163452266152362,,,0.002380665380906461,0.008166586306653808,0.0018985053037608487,0.0014163452266152362,0.021636933461909355,,0.0018985053037608487,0.0004520250723240116,0.0014163452266152362,,,0.0004520250723240116,0.01250602700096432,0.0004520250723240116,,,,
0.00048216007714561236,,0.0009643201542912247,,,,0.008769286403085825,0.00048216007714561236,,0.0014464802314368371,0.00048216007714561236,0.03221432015429122,,0.006328351012536162,0.00048216007714561236,,,,0.00048216007714561236,,0.0009643201542912247,,,0.004881870781099325,0.0014464802314368371,0.00048216007714561236,,,,,,,0.00048216007714561236,,,,,,0.002923095467695275,0.007322806171648988,0.0019286403085824494,,,,,,,0.8841007714561234,0.00048216007714561236,,,,,0.00048216007714561236,0.010245901639344262,0.0014464802314368371,0.0009643201542912247,,,0.00048216007714561236,0.004881870781099325,,,0.013168997107039537,,,0.00048216007714561236,0.002923095467695275,,,0.00048216007714561236,0.00584619093539055,0.0009643201542912247,,,,0.00048216007714561236
0.00048216007714561236,,0.00048216007714561236,,,,0.006388621022179364,0.0009643201542912247,,0.0014766152362584379,0.00048216007714561236,0.03206364513018322,,0.009854146576663452,0.00048216007714561236,,,0.00048216007714561236,,,0.00048216007714561236,,,0.003435390549662488,,0.00048216007714561236,,,,,,,,0.00048216007714561236,,,,,0.00195877531340405,0.003435390549662488,0.00048216007714561236,,,,,0.00048216007714561236,0.00048216007714561236,0.8839500964320154,,,0.0014766152362584379,,,0.0014766152362584379,0.006900916104146577,0.00195877531340405,,,,0.00048216007714561236,0.008859691417550627,,0.0029532304725168757,0.016755062680810028,,,,0.0029532304725168757,,,,0.006388621022179364,0.0009643201542912247,,,,
0.00048216007714561236,,0.0009944551591128256,,,,0.003977820636451302,0.00048216007714561236,0.0009944551591128256,,0.00048216007714561236,0.01991923818707811,,0.009944551591128255,0.0014766152362584379,,,0.00048216007714561236,,,0.0009944551591128256,,,0.0029833654773384764,0.00048216007714561236,,,,,,0.0014766152362584379,,,,,,,,0.0009944551591128256,0.007955641272902604,0.00048216007714561236,,,,,,,0.908208775313404,0.0014766152362584379,,0.001988910318225651,,,0.0009944551591128256,0.003977820636451302,0.00048216007714561236,,,,,0.0034655255544840885,0.00048216007714561236,0.0034655255544840885,0.01244575699132112,,,,0.004459980713596914,,,,0.0034655255544840885,0.00048216007714561236,,,,
0.0004520250723240116,,0.0004520250723240116,,,0.0004520250723240116,0.0037970106075216974,0.0004520250723240116,0.0004520250723240116,,0.0004520250723240116,0.03435390549662488,,0.00858847637415622,0.0004520250723240116,,,,0.0014163452266152362,,0.0004520250723240116,,,,0.0004520250723240116,0.0004520250723240116,,,,,0.0014163452266152362,,,,0.0004520250723240116,,,,0.003314850530376085,0.006177675988428158,0.0004520250723240116,0.0004520250723240116,,,0.0014163452266152362,,,0.8894648023143684,0.002380665380906461,,0.002862825458052073,,,0.0004520250723240116,0.0042791706846673095,0.0004520250723240116,,,,,0.0042791706846673095,0.0004520250723240116,0.0018985053037608487,0.017659112825458054,,0.0018985053037608487,,0.003314850530376085,,,,0.0037970106075216974,0.0004520250723240116,,,,
0.0004520250723240116,,0.0004520250723240116,,,,0.004791465766634522,0.0004520250723240116,0.0004520250723240116,0.0004520250723240116,,0.0470106075216972,,0.008136451301832208,0.0004520250723240116,0.0004520250723240116,,,0.0004520250723240116,,0.0004520250723240116,,,0.0033449855351976856,0.0009341851494696239,0.0009341851494696239,,,,,0.0009341851494696239,,,,0.0009341851494696239,,,,0.0033449855351976856,0.01054725168756027,0.0009341851494696239,0.0004520250723240116,0.0004520250723240116,,0.0009341851494696239,,,0.8539054966248795,0.004309305689488911,,,,,0.0004520250723240116,0.011511571841851495,0.0004520250723240116,,,,,0.004309305689488911,0.0018985053037608487,0.004791465766634522,0.01678519768563163,,0.0009341851494696239,,0.0009341851494696239,,,,0.011029411764705883,0.0009341851494696239,,,,
0.00048216007714561236,,0.0009643201542912247,,,,0.008739151398264224,0.00048216007714561236,,0.0009643201542912247,,0.03206364513018322,,0.009221311475409836,0.0009643201542912247,0.00048216007714561236,0.00048216007714561236,,,,,,,0.0038874156219864996,0.00048216007714561236,0.00048216007714561236,,,,,,,,,,,,,0.00048216007714561236,0.011662246865959498,0.00048216007714561236,,0.00048216007714561236,,0.0024108003857280617,,,0.8913331726133076,0.0038874156219864996,,0.0038874156219864996,,,,0.00048216007714561236,,,,,,0.0019286403085824494,0.00048216007714561236,0.0028929604628736743,0.013108727097396336,,0.0014464802314368371,,0.00048216007714561236,,,,0.004369575699132112,0.00048216007714561236,,,,
0.0004520250723240116,,0.0023203953712632596,,,,0.005122950819672131,0.0004520250723240116,0.0004520250723240116,0.0013862102217936355,0.0009040501446480232,0.023294358727097397,,0.00976374156219865,0.0009040501446480232,0.0004520250723240116,,,,,,,,,0.0004520250723240116,,,,,,0.0004520250723240116,,,,,,,,0.0009040501446480232,0.011180086788813886,0.0009040501446480232,,,,0.0013862102217936355,,0.0004520250723240116,0.9072745901639344,0.001838235294117647,0.0004520250723240116,0.0023203953712632596,,,,0.0004520250723240116,0.0023203953712632596,,,0.0004520250723240116,,0.004188765670202507,0.0004520250723240116,0.0009040501446480232,0.010697926711668275,,0.0004520250723240116,0.0004520250723240116,0.0023203953712632596,,,,0.004188765670202507,,,,,
,,0.0014163452266152362,,,,0.00901036644165863,0.0004520250723240116,,0.0018985053037608487,,0.03372107039537126,,0.0037970106075216974,0.0004520250723240116,0.0009341851494696239,,,,,,,,0.004249035679845709,0.0023505303760848603,0.0004520250723240116,,,,,0.0014163452266152362,,,,,,,,0.0014163452266152362,0.0028326904532304724,0.0018985053037608487,,,,,,0.0009341851494696239,0.8840706364513018,0.0004520250723240116,0.0018985053037608487,0.0004520250723240116,,,0.0004520250723240116,0.004731195756991321,0.0009341851494696239,,,,0.0004520250723240116,0.009974686595949855,0.0004520250723240116,0.0037970106075216974,0.014705882352941176,,0.0004520250723240116,,0.0023505303760848603,,,,0.007594021215043395,,,,,
,,0.0014163452266152362,,,,0.0028326904532304724,0.0009341851494696239,0.0004520250723240116,0.0018683702989392478,,0.036885245901639344,,0.004249035679845709,,,,,,,,,,0.0004520250723240116,0.0014163452266152362,,,,,,0.0023505303760848603,,,,,,,,0.0023505303760848603,0.0037668756027000963,0.0014163452266152362,,,,,,,0.8906400675024109,0.0009341851494696239,0.0018683702989392478,0.0009341851494696239,0.0004520250723240116,,,0.007081726133076181,0.0018683702989392478,,,0.0004520250723240116,0.0004520250723240116,0.004249035679845709,,0.004249035679845709,0.01796046287367406,,,0.0009341851494696239,0.0004520250723240116,,,,0.007081726133076181,,,,,
,,0.0018683702989392478,,0.0009341851494696239,,0.009371986499517839,0.0009341851494696239,0.0009341851494696239,0.0023203953712632596,,0.024409353905496624,,0.008889826422372227,,0.0004520250723240116,,,,,,,,0.003284715525554484,0.0013862102217936355,,,,,,,0.0009341851494696239,,,,,,,0.0004520250723240116,0.0013862102217936355,0.0013862102217936355,0.0004520250723240116,,,,,,0.9045925747348119,,0.0009341851494696239,,0.0004520250723240116,,,0.0028025554484088716,0.004218900675024108,,,0.0004520250723240116,,0.003284715525554484,0.0009341851494696239,0.0018683702989392478,0.013138862102217937,,,0.0009341851494696239,0.0009341851494696239,,,,0.005605110896817743,0.0004520250723240116,,,,
,,0.002290260366441659,,,,0.008769286403085825,0.0009040501446480232,,0.001838235294117647,0.0004520250723240116,0.03694551591128255,,0.004610655737704918,,0.0013560752169720347,,,,,,,,0.005062680810028929,0.0013560752169720347,,,,,,,,,,,,,,0.0032244455159112827,0.0032244455159112827,0.0009040501446480232,,,,0.0009040501446480232,,,0.865115718418515,,0.0004520250723240116,0.0009040501446480232,,,0.0004520250723240116,0.01015549662487946,0.00274228543876567,,,,0.001838235294117647,0.0055147058823529415,,,0.017990597878495662,,0.0013560752169720347,0.00274228543876567,0.001838235294117647,,,,0.016604387656702024,0.0004520250723240116,,,,
,,0.006298216007714561,,0.0017779652844744456,,0.008528206364513019,0.0004218900675024108,,0.0017779652844744456,0.0004218900675024108,0.029230954676952747,,0.006298216007714561,0.005394165863066538,0.005394165863066538,0.0004218900675024108,0.0008739151398264224,,,,,,0.004490115718418515,0.0008739151398264224,0.0004218900675024108,,,,,0.0004218900675024108,,,,0.001325940212150434,,,0.0004218900675024108,0.001325940212150434,0.0116923818707811,0.0008739151398264224,,,,0.0017779652844744456,,0.0017779652844744456,0.852278206364513,0.0008739151398264224,,0.001325940212150434,,,0.0004218900675024108,0.010336306653809064,0.0017779652844744456,,,,0.004490115718418515,0.0017779652844744456,0.0004218900675024108,0.001325940212150434,0.01753857280617165,,0.002229990356798457,0.0004218900675024108,0.0017779652844744456,,,,0.009884281581485053,,0.0008739151398264224,,,
,,0.0004520250723240116,,0.0009040501446480232,,0.006388621022179364,0.0004520250723240116,0.0004520250723240116,0.0018081002892960463,0.0004520250723240116,0.02377651880424301,,0.007774831243972999,,0.00548457087753134,0.0004520250723240116,,0.0004520250723240116,,,,,0.00548457087753134,0.0004520250723240116,0.00274228543876567,,,,,,,,,0.0004520250723240116,,,,0.0004520250723240116,0.009130906460945033,0.0004520250723240116,,,,0.0004520250723240116,,0.0013560752169720347,0.8960643683702989,0.0009040501446480232,,0.003194310511089682,,,,0.006840646094503375,0.0018081002892960463,,,,,0.004098360655737705,0.0009040501446480232,0.0013560752169720347,0.007292671166827387,,0.0009040501446480232,0.0004520250723240116,0.0018081002892960463,,,,0.0045503857280617165,,,,,
,,0.0013862102217936355,,,,0.003284715525554484,0.0004520250723240116,,0.0013862102217936355,,0.027784474445515912,,0.0037668756027000963,,0.0056352459016393444,,,0.0009341851494696239,,,,,0.0009341851494696239,0.0004520250723240116,0.0013862102217936355,,,,,,,,,0.0004520250723240116,,,,0.0009341851494696239,0.00895009643201543,0.0009341851494696239,0.0004520250723240116,,,0.0013862102217936355,0.0004520250723240116,0.0004520250723240116,0.9024529893924783,,,0.0018683702989392478,,,0.0004520250723240116,0.0037668756027000963,0.0037668756027000963,,,,,0.004218900675024108,0.0004520250723240116,0.0023505303760848603,0.012716972034715526,,0.0004520250723240116,0.0004520250723240116,0.0009341851494696239,,,,0.0047010607521697206,,,,,
,,0.003676470588235294,,,,0.005544840887174542,0.0004520250723240116,,0.0013862102217936355,,0.029562439729990356,,0.004158630665380907,0.001838235294117647,0.003676470588235294,,,,,,,,,0.0013862102217936355,,,,,,,0.0004520250723240116,,,0.0004520250723240116,,,,0.002290260366441659,0.004610655737704918,0.0009040501446480232,,,,0.001838235294117647,,0.0004520250723240116,0.8865718418514947,,,0.002772420443587271,,,0.0004520250723240116,0.008769286403085825,0.002772420443587271,,,,,0.0078351012536162,,,0.016634522661523626,,0.0009040501446480232,0.0013862102217936355,0.002772420443587271,,,,0.006448891031822565,,,,,
,,0.0009040501446480232,,,,0.011391031822565092,0.0009040501446480232,,0.0004520250723240116,,0.04104387656702025,,0.0036463355834136933,,0.0018081002892960463,,,,,,,,0.0009040501446480232,0.0013560752169720347,0.0013560752169720347,,,,,0.0004520250723240116,0.0004520250723240116,,,,,,,0.003164175506268081,0.017327627772420445,0.0013560752169720347,,,,0.003164175506268081,,,0.8621022179363549,0.0004520250723240116,,,,,0.0004520250723240116,0.005002410800385728,0.0027121504339440695,,,,,0.007744696239151398,0.0004520250723240116,0.0027121504339440695,0.02371624879459981,,0.0004520250723240116,0.0009040501446480232,0.0004520250723240116,,,,0.003164175506268081,,,,,
,,0.002290260366441659,,,,0.01057738669238187,0.0004520250723240116,0.0004520250723240116,0.0009040501446480232,,0.03408269045323047,,0.003676470588235294,,0.0004520250723240116,,,0.0004520250723240116,,,,,,0.0009040501446480232,0.0004520250723240116,,,,,0.0009040501446480232,0.0004520250723240116,,,,0.0004520250723240116,,,0.00274228543876567,0.002290260366441659,0.0004520250723240116,0.0004520250723240116,,,,,,0.8957630183220829,,,0.00274228543876567,,,,0.006448891031822565,0.0013560752169720347,,,,,0.002290260366441659,0.0004520250723240116,0.001838235294117647,0.014736017357762777,,,0.002290260366441659,0.0004520250723240116,,,,0.008739151398264224,0.0004520250723240116,,,,
,,0.003435390549662488,,,,0.009371986499517839,0.0009643201542912247,,,,0.035016875602700094,,0.004429845708775314,,,,,0.00048216007714561236,,,,,,0.0014766152362584379,,,,,,0.0014766152362584379,0.0009643201542912247,,,,,,,0.004429845708775314,0.0029532304725168757,0.00048216007714561236,,,,0.0009643201542912247,,,0.887837512054002,0.0014766152362584379,,0.0014766152362584379,,,,0.00195877531340405,0.0024409353905496625,,,,,0.004912005785920926,0.0014766152362584379,0.0009643201542912247,0.016755062680810028,,0.0009643201542912247,0.00048216007714561236,0.0009643201542912247,,,,0.011843056894889103,,,,,
,,0.0032545805207328834,,,,0.01591128254580521,0.0009341851494696239,,0.0004520250723240116,0.0004520250723240116,0.03372107039537126,,0.0037367405978784955,0.005605110896817743,0.0009341851494696239,,,0.0004520250723240116,,,,,,0.0013862102217936355,,,,,,0.0023203953712632596,0.0009341851494696239,0.0009341851494696239,,0.0009341851494696239,,,,0.0028025554484088716,0.010306171648987464,0.0009341851494696239,,,,0.0004520250723240116,0.0004520250723240116,0.0004520250723240116,0.8411282545805208,,0.0009341851494696239,0.0028025554484088716,,,0.0004520250723240116,0.007955641272902604,0.0013862102217936355,,,,0.0037367405978784955,0.009824011571841852,0.0023203953712632596,0.0037367405978784955,0.021546528447444552,,0.0004520250723240116,0.0018683702989392478,0.0009341851494696239,,,,0.013108727097396336,,0.0004520250723240116,,,
,,0.0013560752169720347,,,,0.013711427193828351,0.0009040501446480232,0.0009040501446480232,,0.0018081002892960463,0.032485535197685635,,0.01051711668273867,,0.0009040501446480232,0.0004520250723240116,0.0004520250723240116,,,,,,,0.0004520250723240116,,,,,,0.0013560752169720347,0.0009040501446480232,0.004098360655737705,,0.00274228543876567,,,,0.003194310511089682,0.014645612343297976,0.0004520250723240116,,,,0.0004520250723240116,0.0009040501446480232,0.0004520250723240116,0.8438705400192864,,0.0004520250723240116,0.0004520250723240116,,,0.0004520250723240116,0.005936595949855352,0.0013560752169720347,0.0009040501446480232,,,,0.00274228543876567,0.0022601253616200577,0.004098360655737705,0.02148625843780135,,0.0004520250723240116,0.0004520250723240116,0.0004520250723240116,,0.0004520250723240116,,0.020130183220829316,0.0009040501446480232,,,,
,,,,,,0.006087270973963356,0.0004520250723240116,,0.0013862102217936355,,0.012686837029893925,,0.0117526518804243,,0.0009341851494696239,,,,,,,,,,,,,,,0.0013862102217936355,0.0004520250723240116,0.0009341851494696239,,0.0004520250723240116,,,,0.0009341851494696239,0.006087270973963356,0.0004520250723240116,,,,0.0004520250723240116,,0.0004520250723240116,0.9119455159112826,,,0.0004520250723240116,,,0.0009341851494696239,0.007051591128254581,0.0023505303760848603,0.0004520250723240116,,,,0.006569431051108968,,0.0009341851494696239,0.013168997107039537,,,,0.0013862102217936355,,,,0.009402121504339441,0.0004520250723240116,,,,
,,0.0004520250723240116,,,,0.013560752169720348,0.0004520250723240116,,0.0018683702989392478,,0.029472034715525553,,0.006057135969141755,,0.0009341851494696239,,,0.0004520250723240116,,,,,,0.0013862102217936355,,,,,,,0.0009341851494696239,,,0.0004520250723240116,,,,0.0009341851494696239,0.005122950819672131,,,,,0.0004520250723240116,,0.0009341851494696239,0.876356075216972,,,0.0004520250723240116,,,0.0004520250723240116,0.008889826422372227,0.0032545805207328834,0.0004520250723240116,,,0.0004520250723240116,0.005605110896817743,0.0023203953712632596,0.0028025554484088716,0.02431894889103182,,,,0.0032545805207328834,,,,0.006539296046287367,,0.0013862102217936355,,,
,,0.001838235294117647,,,,0.007865236258437802,,,,0.0009040501446480232,0.03944672131147541,,0.0023203953712632596,,0.0009040501446480232,,,,,,,,,0.001838235294117647,0.0004520250723240116,,,,,,0.0009040501446480232,,,0.0004520250723240116,,,,0.0009040501446480232,0.009281581485053038,,,,,0.0004520250723240116,0.0004520250723240116,,0.8889525072324012,,,0.0009040501446480232,,,,0.00741321118611379,0.004158630665380907,0.0004520250723240116,,,,0.0023203953712632596,0.0023203953712632596,0.005544840887174542,0.013922372227579556,,,0.0004520250723240116,0.0004520250723240116,,,,0.003706605593056895,,0.0013862102217936355,,,
,,0.0018683702989392478,,,,0.00898023143683703,0.0004520250723240116,,0.004731195756991321,,0.03170202507232401,,0.003284715525554484,0.0009341851494696239,0.0018683702989392478,,,,,,,,,0.0014163452266152362,,,,,,,0.0009341851494696239,,0.0004520250723240116,0.0004520250723240116,,,,0.0014163452266152362,0.004731195756991321,,,,,0.0004520250723240116,,,0.8878073770491803,0.0009341851494696239,,0.0018683702989392478,,,,0.010878736740597878,0.0028326904532304724,0.0004520250723240116,,,,0.004249035679845709,0.0004520250723240116,0.005183220829315333,0.013711427193828351,,,0.0004520250723240116,0.0009341851494696239,,,,0.004249035679845709,0.0004520250723240116,0.0018683702989392478,,,
,,0.0009040501446480232,,,,0.011571841851494697,0.0009040501446480232,,0.0009040501446480232,,0.04035077145612343,,0.004610655737704918,,0.001838235294117647,,,,,,,,,0.002290260366441659,,,,,,,0.0004520250723240116,,,0.0009040501446480232,,,,0.011119816779170684,0.007865236258437802,,,,,0.0009040501446480232,0.0004520250723240116,,0.8608365477338477,0.0013862102217936355,0.0004520250723240116,0.0013862102217936355,,,0.0004520250723240116,0.008799421407907425,0.005544840887174542,0.0004520250723240116,,,,0.002772420443587271,,0.004158630665380907,0.015308582449373193,,0.0004520250723240116,0.0004520250723240116,0.002290260366441659,,,,0.008347396335583413,,0.001838235294117647,,,
,,0.0018683702989392478,,0.0028025554484088716,,0.009854146576663452,0.0023203953712632596,,,,0.04083293153326904,,0.00702145612343298,,0.0018683702989392478,,,0.0004520250723240116,,,,,,0.0009341851494696239,,,,,,,0.0013862102217936355,,,,,,,0.0023203953712632596,0.015941417550626807,0.0004520250723240116,0.0004520250723240116,,,0.0004520250723240116,0.0004520250723240116,,0.849264705882353,0.0009341851494696239,0.0009341851494696239,0.0009341851494696239,0.0004520250723240116,,0.0018683702989392478,0.010788331726133076,0.0018683702989392478,0.0004520250723240116,,,0.0009341851494696239,0.006569431051108968,0.0004520250723240116,0.003284715525554484,0.01877410800385728,,0.0009341851494696239,0.0009341851494696239,0.0004520250723240116,,,,0.010306171648987464,,0.0004520250723240116,,,
,,0.0023203953712632596,,0.0023203953712632596,,0.010697926711668275,,0.001838235294117647,0.001838235294117647,,0.03580038572806172,,0.008347396335583413,,0.0013862102217936355,,,0.0004520250723240116,,,,,,0.0013862102217936355,0.0013862102217936355,,,,,,0.0004520250723240116,,,0.0004520250723240116,,,,0.0023203953712632596,0.013470347155255545,,,0.0004520250723240116,,,0.0004520250723240116,0.0013862102217936355,0.8562258919961427,0.0004520250723240116,0.0009040501446480232,,,,0.0004520250723240116,0.015338717454194793,0.0013862102217936355,0.0004520250723240116,,,,0.003706605593056895,0.0023203953712632596,0.003706605593056895,0.014404532304725168,,,0.0009040501446480232,0.001838235294117647,0.0004520250723240116,,,0.010697926711668275,,,,,
,,0.0018985053037608487,,0.0004520250723240116,,0.011933461909353906,,0.002380665380906461,,,0.02817622950819672,,0.006689971070395371,,0.0009341851494696239,,,,,,,,,0.0014163452266152362,0.0037970106075216974,,,,,,,,,0.0014163452266152362,0.0004520250723240116,,,0.0042791706846673095,0.011933461909353906,,,,,0.0004520250723240116,,0.002862825458052073,0.8647239633558341,,0.0009341851494696239,0.0014163452266152362,,,,0.007141996142719383,0.0014163452266152362,,,,0.0018985053037608487,0.002862825458052073,0.006689971070395371,0.006689971070395371,0.013831967213114754,,,0.002380665380906461,0.0004520250723240116,,,,0.010486981677917069,,,,,
,,0.0009341851494696239,,,,0.005755785920925747,,,0.0009341851494696239,,0.036463355834136936,,0.005273625843780135,,0.002380665380906461,,,,,,,,0.0004520250723240116,0.0004520250723240116,,,,,,,,,,0.0004520250723240116,,,,0.0009341851494696239,0.005273625843780135,,,,,,0.0004520250723240116,,0.9020310993249758,,,0.0004520250723240116,,,,0.004791465766634522,0.0009341851494696239,,,,,0.0033449855351976856,,0.0033449855351976856,0.015820877531340406,,,0.0004520250723240116,,,0.0004520250723240116,,0.008618611378977821,,,,,
,,0.00048216007714561236,,,,0.007322806171648988,,,,,0.033299180327868855,,0.004399710703953712,,0.003405255544840887,,,0.00048216007714561236,,,,,0.00048216007714561236,,,,,,,,0.00048216007714561236,,,0.00048216007714561236,,,,0.0024409353905496625,0.00587632594021215,,,,,0.0009643201542912247,0.002923095467695275,0.0009643201542912247,0.8798216007714561,0.0009643201542912247,,0.003405255544840887,0.00048216007714561236,,,0.003405255544840887,0.0014464802314368371,,0.0009643201542912247,,,0.010758196721311475,0.0039175506268081,0.00195877531340405,0.0156702025072324,,,0.00048216007714561236,0.00048216007714561236,,0.00048216007714561236,,0.0117526518804243,,,,,
,,0.0024108003857280617,,,,0.012626567020250723,,0.00048216007714561236,,0.00048216007714561236,0.04080279652844745,,0.006298216007714561,,0.0033751205400192863,,0.00048216007714561236,0.00048216007714561236,0.0009643201542912247,,,,,,,,,,,,0.00048216007714561236,,,0.00048216007714561236,,,,0.0009643201542912247,0.008739151398264224,0.0009643201542912247,,,,,0.0009643201542912247,0.0009643201542912247,0.8671648987463838,0.0019286403085824494,,,0.00048216007714561236,,0.0009643201542912247,0.012626567020250723,0.0009643201542912247,,0.00048216007714561236,0.00048216007714561236,0.0014464802314368371,0.006298216007714561,,0.0019286403085824494,0.013108727097396336,,0.00048216007714561236,,0.0019286403085824494,0.00048216007714561236,,,0.0072625361620057855,,,,,
,,0.0009643201542912247,,,,0.0033751205400192863,,,,0.00048216007714561236,0.03393201542912247,,0.006298216007714561,,0.0014464802314368371,0.00048216007714561236,,,,,,,,0.00048216007714561236,,,,,,0.00048216007714561236,0.00048216007714561236,,,0.0019286403085824494,,,,0.0014464802314368371,0.004339440694310511,0.0014464802314368371,,,,0.0009643201542912247,0.0009643201542912247,0.0009643201542912247,0.9018201542912246,0.0014464802314368371,,,,,0.0014464802314368371,0.0028929604628736743,0.0028929604628736743,,,0.00048216007714561236,0.0019286403085824494,0.003857280617164899,,,0.013078592092574734,,0.00048216007714561236,,0.0024108003857280617,,,,0.006780376084860174,,,,,
,,0.0014464802314368371,,,,0.0028929604628736743,,,,0.0009643201542912247,0.02624758919961427,,0.005333895853423336,0.00048216007714561236,0.0009643201542912247,,,0.00048216007714561236,0.00048216007714561236,,,,,0.00048216007714561236,,,,,,0.00048216007714561236,0.00048216007714561236,,,0.0014464802314368371,,,,0.0024108003857280617,0.005333895853423336,0.0019286403085824494,,0.00048216007714561236,,,0.0014464802314368371,0.0009643201542912247,0.9152603664416586,0.0009643201542912247,,,0.00048216007714561236,,0.0014464802314368371,0.0038874156219864996,0.00048216007714561236,,,0.00048216007714561236,0.00048216007714561236,0.0033751205400192863,0.00048216007714561236,0.0024108003857280617,0.008739151398264224,,0.0009643201542912247,0.0009643201542912247,0.0014464802314368371,,,,0.0033751205400192863,,,,,
0.0004520250723240116,,0.0018683702989392478,,,,0.006599566055930569,,0.0004520250723240116,,,0.026006509161041465,,0.007563886210221794,0.0004520250723240116,0.004731195756991321,,,0.0014163452266152362,,0.0037668756027000963,,,0.0014163452266152362,0.0009341851494696239,,,,,,0.0014163452266152362,0.003284715525554484,,,0.0004520250723240116,,,,0.0004520250723240116,0.009462391513982642,0.0018683702989392478,,0.0004520250723240116,,,0.0009341851494696239,0.0014163452266152362,0.8685511089681774,0.0014163452266152362,,0.0009341851494696239,0.0004520250723240116,,0.0004520250723240116,0.01133076181292189,0.0028326904532304724,,,0.0004520250723240116,,0.004249035679845709,,0.0018683702989392478,0.01322926711668274,,0.0004520250723240116,,0.0018683702989392478,0.0004520250723240116,,,0.016061957569913212,,,,,
0.0004520250723240116,0.0009341851494696239,0.0004520250723240116,,,,0.009974686595949855,,,,,0.028477579556412728,,0.009974686595949855,,0.0018985053037608487,,,0.0014163452266152362,,,,,0.0004520250723240116,0.0009341851494696239,,,,,,0.0009341851494696239,,,,0.0004520250723240116,,,,0.0004520250723240116,0.007594021215043395,0.0018985053037608487,,0.0014163452266152362,,,,0.0009341851494696239,0.8826542912246866,0.0023505303760848603,,0.0009341851494696239,0.0004520250723240116,,,0.003314850530376085,0.0009341851494696239,,,0.0004520250723240116,,0.007594021215043395,0.0004520250723240116,0.0018985053037608487,0.01328953712632594,,0.0009341851494696239,,0.0014163452266152362,0.0004520250723240116,0.0009341851494696239,,0.01328953712632594,,,,,
0.0004520250723240116,0.0009040501446480232,0.001838235294117647,,,,0.014736017357762777,,,0.00274228543876567,,0.035499035679845706,,0.009673336547733847,0.0004520250723240116,0.003676470588235294,,,0.0009040501446480232,,,,,,,0.0009040501446480232,,,,,0.0013560752169720347,0.0004520250723240116,,,0.0009040501446480232,,,,0.0013560752169720347,0.0055147058823529415,,,0.0009040501446480232,,0.0004520250723240116,0.0004520250723240116,0.0004520250723240116,0.8837692864030858,,,0.0009040501446480232,,,,0.0055147058823529415,,,,,,0.001838235294117647,0.001838235294117647,0.002290260366441659,0.014736017357762777,,,,0.00274228543876567,,0.0004520250723240116,,0.002290260366441659,,,,,
0.0004520250723240116,,0.0004520250723240116,,,,0.010125361620057859,,,,,0.03363066538090646,,0.006448891031822565,,0.003676470588235294,0.0004520250723240116,,0.0004520250723240116,,,,,,,0.0013560752169720347,,,,,0.0004520250723240116,0.0004520250723240116,,,0.0004520250723240116,0.0004520250723240116,,,0.00274228543876567,0.005062680810028929,,,,,,,,0.8929303278688525,,,0.0009040501446480232,,,0.0004520250723240116,0.006448891031822565,0.001838235294117647,,,,,0.005966730954676953,0.0004520250723240116,0.0004520250723240116,0.013349807135969142,,,,0.0009040501446480232,,,,0.009191176470588236,0.0004520250723240116,,,,
0.0004520250723240116,,0.0013560752169720347,,0.0004520250723240116,,0.007383076181292189,,,,,0.03784956605593057,,0.005062680810028929,,0.005996865959498553,,,0.0004520250723240116,,,,,,0.0004520250723240116,0.0013560752169720347,,,,,,0.0004520250723240116,,,0.0009040501446480232,0.0009040501446480232,,,0.0004520250723240116,0.005062680810028929,0.0004520250723240116,,,,,,,0.9038994696239151,,,0.0009040501446480232,,,,0.0032244455159112827,0.0009040501446480232,0.0004520250723240116,,,,0.003676470588235294,0.0009040501446480232,0.0004520250723240116,0.009673336547733847,,,0.0009040501446480232,0.0004520250723240116,,,,0.0055147058823529415,,,,,
0.0004520250723240116,,0.0022601253616200577,,,,0.00858847637415622,,,0.0013560752169720347,,0.032154050144648026,,0.0049722757955641276,,0.0022601253616200577,,,0.0018081002892960463,,,,,,0.0009040501446480232,0.0022601253616200577,,,,,,0.0013560752169720347,,,0.0009040501446480232,0.0004520250723240116,,,0.0018081002892960463,0.005424300867888139,,,,,,,0.0009040501446480232,0.8986861137897783,0.0009040501446480232,0.0009040501446480232,0.0027121504339440695,,,,0.0027121504339440695,0.0009040501446480232,0.0009040501446480232,,,,0.008136451301832208,,0.0013560752169720347,0.009492526518804244,,0.0004520250723240116,0.0009040501446480232,0.0004520250723240116,,,,0.0036162005785920926,,,,,
