Adair County,Alfalfa County,Atoka County,Beaver County,Beckham County,Blaine County,Bryan County,Caddo County,Canadian County,Carter County,Cherokee County,Choctaw County,Cimarron County,Cleveland County,Coal County,Comanche County,Cotton County,Craig County,Creek County,Custer County,Delaware County,Dewey County,Ellis County,Garfield County,Garvin County,Grady County,Grant County,Greer County,Harmon County,Harper County,Haskell County,Hughes County,Jackson County,Jefferson County,Johnston County,Kay County,Kingfisher County,Kiowa County,Latimer County,Le Flore County,Lincoln County,Logan County,Love County,Major County,Marshall County,Mayes County,McClain County,McCurtain County,McIntosh County,Murray County,Muskogee County,Noble County,Nowata County,Okfuskee County,Oklahoma County,Okmulgee County,Osage County,Ottawa County,Pawnee County,Payne County,Pittsburg County,Pontotoc County,Pottawatomie County,Pushmataha County,Roger Mills County,Rogers County,Seminole County,Sequoyah County,Stephens County,Texas County,Tillman County,Tulsa County,Wagoner County,Washington County,Washita County,Woods County,Woodward County
0.000945829750644884,,,,0.004041272570937231,0.000945829750644884,,0.0019776440240756666,0.0030094582975064487,,,,,0.009200343938091144,,,,,0.0030094582975064487,0.0019776440240756666,,0.005073086844368014,,0.03473774720550301,,0.0019776440240756666,,,0.0,,,,,,,0.09613069647463457,,,0.0030094582975064487,,0.0019776440240756666,0.01840068787618229,,0.0019776440240756666,,,,0.000945829750644884,,,0.000945829750644884,0.35838349097162503,,,0.051074806534823734,0.000945829750644884,0.014273430782459157,0.0019776440240756666,0.01633705932932072,0.3119518486672399,0.000945829750644884,,0.0019776440240756666,,,0.004041272570937231,,,,,,0.024505588993981083,0.000945829750644884,0.010146173688736028,,0.007136715391229578,0.005073086844368014
0.0010318142734307824,,0.0010318142734307824,,0.0030954428202923474,,,,0.0030954428202923474,,,,,0.02098022355975924,,,,,,0.00412725709372313,,0.002063628546861565,,0.059845227858985384,0.002063628546861565,,0.0030954428202923474,,0.0,,,,,,,0.08082545141874463,0.0010318142734307824,,0.0030954428202923474,,0.0062768701633705935,0.040928632846087706,0.0010318142734307824,0.002063628546861565,,0.002063628546861565,,0.002063628546861565,0.0010318142734307824,,,0.15348237317282887,,,0.08185726569217541,,0.0030954428202923474,,0.027257093723129837,0.4715391229578676,0.00524505588993981,,0.002063628546861565,,,,,,,,,0.013585554600171969,,,,,0.0010318142734307824
,,0.0010318142734307824,,0.003181427343078246,,,0.0010318142734307824,0.006362854686156492,,,,,0.019088564058469475,,0.008426483233018056,,,0.003181427343078246,0.004213241616509028,,0.0010318142734307824,,0.06595012897678418,0.0010318142734307824,0.0010318142734307824,0.0010318142734307824,,0.0,,,,,,,0.10954428202923473,0.002063628546861565,,0.003181427343078246,,0.006362854686156492,0.029750644883920895,,,,,0.0010318142734307824,0.0010318142734307824,0.0010318142734307824,0.002063628546861565,,0.06079105760963022,,,0.07764402407566638,0.002063628546861565,0.009544282029234737,,0.02545141874462597,0.5265692175408426,0.003181427343078246,0.0010318142734307824,0.0010318142734307824,,,0.0010318142734307824,,,0.0010318142734307824,0.002063628546861565,,0.01590713671539123,,,,,
,,,,0.0030954428202923474,,,,0.005159071367153913,0.0010318142734307824,,,,0.013585554600171969,,0.016680997420464316,,,0.002063628546861565,0.0010318142734307824,,0.0010318142734307824,,0.039724849527085125,,0.002063628546861565,0.0030954428202923474,,0.0,,,,,,,0.12123817712811694,0.007308684436801376,,0.0030954428202923474,,0.006190885640584695,0.019862424763542563,0.0010318142734307824,0.0010318142734307824,,0.0010318142734307824,0.0030954428202923474,0.0010318142734307824,0.0010318142734307824,0.0010318142734307824,0.0010318142734307824,0.031900257953568434,0.006190885640584695,,0.15159071367153912,0.00412725709372313,0.010404127257093724,,0.030266552020636286,0.4349957007738607,0.007308684436801376,0.0010318142734307824,,0.0010318142734307824,,0.005159071367153913,,,,,0.0010318142734307824,0.04075666380051591,0.0030954428202923474,0.005159071367153913,,0.00937231298366294,
,,,,0.002063628546861565,,0.0010318142734307824,,0.006362854686156492,0.0010318142734307824,,,,0.00524505588993981,,0.007394668959587274,0.0010318142734307824,,0.0010318142734307824,0.0010318142734307824,,0.0010318142734307824,,0.033963886500429925,,0.003181427343078246,0.002063628546861565,,0.0,,,0.002063628546861565,,,,0.10421324161650902,0.004213241616509028,,0.004213241616509028,,0.00524505588993981,0.02760103181427343,,0.003181427343078246,,,0.0010318142734307824,,,0.0010318142734307824,,0.2470335339638865,,,0.07764402407566638,0.006362854686156492,,,0.021238177128116938,0.3829750644883921,0.004213241616509028,,0.002063628546861565,,,0.006362854686156492,,,,,,0.02760103181427343,,0.00524505588993981,,,
,,,,0.002063628546861565,0.0010318142734307824,,,,,,,,0.01049011177987962,,,,0.0010318142734307824,0.002063628546861565,0.002063628546861565,0.0010318142734307824,,,0.04634565778159931,,0.0030954428202923474,,,0.0,,,,,,,0.1001719690455718,,,,,0.00524505588993981,0.01470335339638865,,0.0010318142734307824,,,,,,,,0.28374892519346506,0.002063628546861565,,0.05588993981083405,,0.0062768701633705935,,0.022098022355975924,0.41341358555460017,,,,,,0.0030954428202923474,,,,,,0.01470335339638865,0.002063628546861565,0.002063628546861565,,,0.004213241616509028
,0.0021496130696474634,,,0.003181427343078246,,0.0021496130696474634,,0.004299226139294927,,,,,0.009630266552020636,,0.0021496130696474634,,,0.0021496130696474634,0.005331040412725709,,,,0.046173688736027514,,0.0010318142734307824,0.0021496130696474634,,0.0,,0.0010318142734307824,,,,,0.09570077386070508,0.0021496130696474634,,,,0.005331040412725709,0.026827171109200344,,0.0021496130696474634,,,,,,,0.0010318142734307824,0.2845227858985382,0.0021496130696474634,,0.05374032674118659,,0.003181427343078246,,0.028976784178847807,0.4054170249355116,,,,,,,,,,,,0.005331040412725709,0.0010318142734307824,0.0010318142734307824,,,
,0.0010318142734307824,,0.0010318142734307824,0.0010318142734307824,,0.002063628546861565,,0.0030954428202923474,,,,,0.00825451418744626,,0.002063628546861565,,,0.0030954428202923474,0.00412725709372313,,,,0.04230438521066208,,,0.0010318142734307824,,0.0,,,,,,,0.09183147033533964,,,,,0.005159071367153913,0.022699914015477215,0.0010318142734307824,0.002063628546861565,,,,,,,,0.2134135855546,0.0010318142734307824,,0.059845227858985384,,0.006190885640584695,,0.026827171109200344,0.46672398968185724,,,0.0010318142734307824,,,,,,,,,0.025795356835769563,0.0010318142734307824,0.0030954428202923474,,0.002063628546861565,0.0010318142734307824
,,,,,0.002063628546861565,0.002063628546861565,,0.00825451418744626,,,,,0.0176268271711092,,0.0010318142734307824,,,0.002063628546861565,0.005159071367153913,,,,0.09148753224419605,,0.00412725709372313,0.002063628546861565,,0.0,,,,,,,0.08108340498710233,,,,,0.0030954428202923474,0.028030954428202925,,0.002063628546861565,,,0.0010318142734307824,,,,,0.2163370593293208,,,0.054084264832330184,,0.009286328460877041,,0.024935511607910577,0.4233877901977644,,,0.002063628546861565,,,0.002063628546861565,,,,0.0010318142734307824,,0.01349957007738607,0.0010318142734307824,,,0.0010318142734307824,
,,,,0.0010318142734307824,0.002063628546861565,0.0010318142734307824,,0.008512467755803955,0.0010318142734307824,,,,0.011693895098882202,,,0.0010318142734307824,,0.003181427343078246,0.005331040412725709,,0.0010318142734307824,,0.10369733447979364,,0.003181427343078246,0.004213241616509028,,0.0,,0.0010318142734307824,,,,,0.1176268271711092,0.0010318142734307824,,,0.0010318142734307824,0.005331040412725709,0.03422184006878762,,0.002063628546861565,0.0010318142734307824,,0.0010318142734307824,,,,0.002063628546861565,0.04737747205503007,,,0.094067067927773,,0.003181427343078246,0.002063628546861565,0.020292347377472056,0.4994840928632846,,,0.003181427343078246,,,,,,0.0010318142734307824,0.003181427343078246,,0.007480653482373173,0.0010318142734307824,0.002063628546861565,,0.0010318142734307824,0.0010318142734307824
,,,,0.0010318142734307824,0.0021496130696474634,0.0010318142734307824,,0.0043852106620808256,,,,,0.005503009458297506,,,,,,0.0010318142734307824,,,,0.12321582115219261,,0.0032674118658641443,0.006534823731728289,,0.0,,,,,,,0.07592433361994841,,,,,0.012037833190025795,0.027515047291487533,,,0.0021496130696474634,,0.0010318142734307824,,,,,0.34608770421324164,,,0.06603611349957007,,0.0021496130696474634,0.0010318142734307824,0.01865864144453998,0.2751504729148753,,,0.0021496130696474634,,,,,,,,,0.014273430782459157,,0.0043852106620808256,,0.0032674118658641443,
,,,,0.0010318142734307824,,0.003181427343078246,,0.0021496130696474634,,,,,0.017196904557179708,,,,,0.0010318142734307824,0.0021496130696474634,,,,0.03766122098022356,0.0010318142734307824,0.0021496130696474634,0.005331040412725709,,0.0,,,,,,,0.08503869303525366,0.0010318142734307824,,,,0.003181427343078246,0.03009458297506449,0.0010318142734307824,,0.003181427343078246,,,,,,,0.30000000000000004,0.010748065348237317,,0.052708512467755805,,0.005331040412725709,,0.012897678417884782,0.4048151332760103,,,0.0010318142734307824,,,0.003181427343078246,,,,,,0.006448839208942391,,0.003181427343078246,0.0010318142734307824,0.0021496130696474634,
,,0.0010318142734307824,,,,0.005503009458297506,,,,,,,0.009888220120378332,,,,,0.0010318142734307824,0.0032674118658641443,0.0010318142734307824,,,0.06938950988822012,0.0021496130696474634,0.005503009458297506,0.0010318142734307824,,0.0,,,,,,,0.13215821152192606,0.0032674118658641443,,0.0010318142734307824,,0.006534823731728289,0.020894239036973346,0.0010318142734307824,,,0.0021496130696474634,,,,,0.0010318142734307824,0.1607910576096303,0.0010318142734307824,,0.06938950988822012,,0.006534823731728289,,0.020894239036973346,0.45064488392089425,,,0.0010318142734307824,,,0.0010318142734307824,,,,,,0.012037833190025795,,0.0021496130696474634,,0.0032674118658641443,0.0032674118658641443
,0.0010318142734307824,,,,,,,0.006534823731728289,,,,,0.013155631986242476,,,,,0.0032674118658641443,0.0043852106620808256,,,,0.04282029234737747,0.0032674118658641443,0.005417024935511608,,,0.0,,,0.0010318142734307824,,,,0.11324161650902838,0.0021496130696474634,,,,0.010920034393809114,0.01865864144453998,,0.0010318142734307824,,,0.0032674118658641443,,0.0010318142734307824,0.0010318142734307824,,0.21289767841788476,,,0.070335339638865,,0.0032674118658641443,,0.028546861564918313,0.43645743766122097,0.0032674118658641443,,,,,0.0021496130696474634,,,,,,0.006534823731728289,,0.0010318142734307824,,0.0032674118658641443,
,0.003181427343078246,,,,,0.0010318142734307824,,0.006448839208942391,0.0010318142734307824,,,,0.008598452278589854,,,,,0.0010318142734307824,0.005331040412725709,,,,0.05176268271711092,0.0021496130696474634,0.003181427343078246,0.0021496130696474634,,0.0,,,,,,,0.12622527944969905,0.003181427343078246,,,,0.0021496130696474634,0.01934651762682717,0.0010318142734307824,,,,,,0.0010318142734307824,,,0.15829750644883922,,,0.06904557179707653,,0.008598452278589854,,0.02476354256233878,0.4595872742906277,,,,,,,,,0.0010318142734307824,,,0.03344797936371453,,,,0.005331040412725709,0.0010318142734307824
,0.002063628546861565,,,,,0.0010318142734307824,,0.0030954428202923474,0.0010318142734307824,,,,0.00412725709372313,,0.0010318142734307824,,0.0010318142734307824,,0.0030954428202923474,,,,0.04299226139294927,,0.002063628546861565,,,0.0,,,,,,,0.09965606190885641,0.00412725709372313,,,0.0030954428202923474,0.00412725709372313,0.02828890799656062,0.0010318142734307824,,,0.0010318142734307824,0.0010318142734307824,,0.0010318142734307824,,,0.19518486672398971,,,0.06921754084264832,,0.012553740326741187,,0.04926913155631986,0.4312123817712812,,,0.0030954428202923474,,,0.0010318142734307824,0.0010318142734307824,,0.0010318142734307824,,,0.02828890799656062,,,,0.0030954428202923474,
,0.0010318142734307824,,,,,0.0021496130696474634,,0.005331040412725709,,0.004299226139294927,,,0.011779879621668099,,,,0.0021496130696474634,0.0021496130696474634,0.005331040412725709,,,,0.05924333619948409,,0.007480653482373173,0.0021496130696474634,,0.0,,,,,,0.0010318142734307824,0.13688736027515047,0.004299226139294927,,0.0021496130696474634,0.004299226139294927,0.003181427343078246,0.01934651762682717,,,,,0.0021496130696474634,,0.0021496130696474634,0.0010318142734307824,,0.08374892519346522,,,0.08400687876182288,,0.003181427343078246,,0.021496130696474634,0.4817712811693895,0.0010318142734307824,,0.0021496130696474634,,,,,,,,,0.03877901977644024,0.0010318142734307824,,,0.003181427343078246,
,,,,,,0.0009794319294809011,,0.0019588638589618022,,0.0068560235063663075,,,0.03525954946131244,,,,,0.0009794319294809011,0.009794319294809012,,,,0.08528591878249077,0.0009794319294809011,0.004897159647404506,0.0019588638589618022,,0.0,,0.0009794319294809011,,,,0.0009794319294809011,0.12160024109093649,0.004897159647404506,,,,0.0039177277179236044,0.034280117531831536,,,,,,,0.0019588638589618022,0.002938295788442703,0.0019588638589618022,0.0,0.0019588638589618022,,0.1372711519626309,0.0019588638589618022,0.023506366307541625,,0.022526934378060724,0.4344910721012582,0.002938295788442703,0.0019588638589618022,0.004897159647404506,,,0.0019588638589618022,0.0009794319294809011,,,,,0.03819784524975514,,,,0.0039177277179236044,0.0009794319294809011
,,,,,,0.0010318142734307824,,,,0.005503009458297506,,,0.013327601031814273,,,0.0010318142734307824,,0.0032674118658641443,0.0043852106620808256,,,,0.04557179707652623,,0.006620808254514187,0.0043852106620808256,,0.0,,0.0010318142734307824,,,,,0.10223559759243336,0.0010318142734307824,,,,0.005503009458297506,0.026655202063628546,,,,,,,0.0021496130696474634,0.011092003439380911,0.0010318142734307824,0.14006878761822883,,,0.12562338779019777,0.0021496130696474634,0.0010318142734307824,,0.01883061049011178,0.43800515907136717,0.0032674118658641443,,0.0032674118658641443,,,0.0021496130696474634,,,,,,0.022184006878761823,0.0021496130696474634,,,0.0032674118658641443,0.0021496130696474634
,,,,,,0.001117798796216681,,0.006706792777300086,0.001117798796216681,,,,0.007910576096302666,,,,,0.002235597592433362,0.004471195184866724,,,,0.04178847807394669,,,0.001117798796216681,,0.0,,,,,,,0.1402407566638005,0.003353396388650043,,,,0.003353396388650043,0.025967325881341357,,,0.001117798796216681,,,,,0.003353396388650043,,0.20902837489251924,0.001117798796216681,,0.08701633705932932,0.001117798796216681,0.004471195184866724,,0.031642304385210665,0.39810834049871024,0.001117798796216681,,,,,,,,0.001117798796216681,,,0.018056749785038694,,0.001117798796216681,,0.002235597592433362,
,,,,0.001117798796216681,,,,0.004471195184866724,0.001117798796216681,,,,0.01006018916595013,,,,0.001117798796216681,0.003353396388650043,0.004471195184866724,,,,0.0469475494411006,,0.001117798796216681,0.002235597592433362,,0.0,,,0.001117798796216681,,,,0.16113499570077386,0.004471195184866724,,,,0.002235597592433362,0.02012037833190026,,,0.003353396388650043,,,,,,,0.12717110920034402,0.001117798796216681,,0.06603611349957007,0.003353396388650043,0.004471195184866724,,0.016766981943250214,0.49028374892519344,,,,,,0.003353396388650043,0.001117798796216681,,,,,0.008942390369733448,,0.005588993981083405,,0.002235597592433362,0.001117798796216681
,,0.0010318142734307824,,,,,,0.011006018916595013,0.0010318142734307824,0.0010318142734307824,,,0.005503009458297506,,,,0.0010318142734307824,0.0021496130696474634,0.006534823731728289,,,,0.057265692175408424,,,0.0021496130696474634,,0.0,,,,,,,0.1343938091143594,0.005503009458297506,,,,0.0021496130696474634,0.01865864144453998,,0.0021496130696474634,0.0010318142734307824,0.0010318142734307824,,,,,,0.17601031814273427,,,0.0528804815133276,0.0010318142734307824,0.0032674118658641443,,0.028632846087704212,0.4572656921754084,,,,,0.0010318142734307824,0.0010318142734307824,,,,,,0.01650902837489252,,0.0010318142734307824,,0.0043852106620808256,0.0032674118658641443
,,,,,,0.0010318142734307824,,0.008598452278589854,,,,,0.005331040412725709,,,0.0010318142734307824,,0.0010318142734307824,0.004299226139294927,,,,0.07308684436801376,,0.0010318142734307824,,,0.0,,,,,,,0.1,0.020378331900257955,,,,0.003181427343078246,0.033276010318142736,,,0.0010318142734307824,,,,,,,0.14694754944110067,,,0.054772141014617366,0.0010318142734307824,0.0010318142734307824,,0.026827171109200344,0.47962166809974205,,,0.0010318142734307824,,,0.0021496130696474634,,,,,,0.025795356835769563,,0.0021496130696474634,,0.003181427343078246,0.0021496130696474634
,0.0009799918334013884,,,0.0009799918334013884,,,,0.006206614944875459,0.0009799918334013884,,,,0.0083299305839118,,0.002041649652919559,,,0.002041649652919559,0.00726827276439363,,,0.002041649652919559,0.06696610861576154,0.002041649652919559,0.002041649652919559,,,0.0,,,,,,,0.1255206206614945,0.029236423029808084,,,,0.005226623111474071,0.04597795018374847,,0.0009799918334013884,0.002041649652919559,,,0.0009799918334013884,,0.002041649652919559,,0.0,,,0.08999591670069416,0.0009799918334013884,0.012494895875867702,0.0009799918334013884,0.030298080849326257,0.46149448754593714,0.0041649652919559,,0.0041649652919559,,,,,,,,,0.03870967741935484,,,,0.03968966925275623,0.0031033074724377296
,0.0009615384615384616,,,,0.0009615384615384616,,0.0009615384615384616,0.0028846153846153848,0.006804733727810651,,,,0.010724852071005916,,0.0019230769230769232,0.0009615384615384616,,0.006804733727810651,0.004881656804733727,,,0.0009615384615384616,0.04896449704142012,,0.0028846153846153848,0.0028846153846153848,,0.0,,,,0.0009615384615384616,,,0.1076923076923077,0.023446745562130177,,,0.0009615384615384616,0.009763313609467455,0.036242603550295856,,0.0009615384615384616,0.0019230769230769232,,,,,,,-2.220446049250313e-16,,0.0009615384615384616,0.08032544378698225,0.0009615384615384616,0.01952662721893491,,0.022485207100591716,0.456508875739645,0.006804733727810651,,0.006804733727810651,,,0.0009615384615384616,,,,,,0.06752958579881657,0.0009615384615384616,0.0009615384615384616,0.0009615384615384616,0.05680473372781065,0.0019230769230769232
,0.0010318142734307824,,,,,,0.0021496130696474634,0.0032674118658641443,0.0032674118658641443,,,,0.014359415305245055,,,,,0.0021496130696474634,0.007738607050730868,,,0.0010318142734307824,0.04307824591573517,0.0021496130696474634,0.0021496130696474634,,,0.0,,,,,,,0.1061049011177988,,,,,0.0043852106620808256,0.024247635425623387,0.0032674118658641443,0.0010318142734307824,,,,,,,,0.204213241616509,0.005503009458297506,,0.09613069647463457,0.0010318142734307824,0.006620808254514187,,0.02536543422184007,0.39028374892519346,0.005503009458297506,,0.0032674118658641443,,,0.0010318142734307824,,,,,,0.03198624247635426,,,,0.0043852106620808256,0.0032674118658641443
,,0.001117798796216681,,,,,,0.005588993981083405,,,,,0.010146173688736028,,,,,0.003353396388650043,0.003353396388650043,,,0.001117798796216681,0.06775580395528805,,0.004471195184866724,,,0.0,,,,,,,0.14230438521066208,,,,,0.009028374892519347,0.028202923473774722,,,,0.001117798796216681,,,,,,0.08675838349097154,0.001117798796216681,,0.07454858125537403,,0.002235597592433362,,0.024849527085124678,0.48349097162510746,0.005588993981083405,,,,,,0.002235597592433362,,,,,0.0293207222699914,,0.002235597592433362,,0.003353396388650043,0.006706792777300086
,0.002235597592433362,,,,,,,0.005588993981083405,,,,,0.008942390369733448,,0.001117798796216681,,,,0.003353396388650043,,,,0.054084264832330184,,0.002235597592433362,,,0.0,,,,,,,0.16809974204643163,0.003353396388650043,0.001117798796216681,0.002235597592433362,,0.003353396388650043,0.043938091143594156,,,,,,,,,,0.19509888220120397,,0.001117798796216681,0.03155631986242476,,0.003353396388650043,,0.030438521066208084,0.411865864144454,,,0.001117798796216681,,,,,,,,0.003353396388650043,0.016852966466036113,,,,0.004471195184866724,0.001117798796216681
,,,,,,,,0.003353396388650043,0.002235597592433362,,,,0.009114359415305246,,,,,,0.004557179707652623,,,,0.04677558039552881,0.001117798796216681,0.003353396388650043,0.002235597592433362,,0.0,,,,,,,0.11066208082545143,,,,,0.004557179707652623,0.01711092003439381,0.002235597592433362,0.002235597592433362,,,0.001117798796216681,,,,,0.18796216680997413,,,0.05821152192605331,,0.009114359415305246,,0.026225279449699053,0.47712811693895096,,,0.003353396388650043,,,,,,0.001117798796216681,,,0.02166809974204643,,,,0.004557179707652623,
,,,,,,,,0.011521926053310405,0.002235597592433362,,,,0.006878761822871883,,0.001117798796216681,,0.0034393809114359416,0.001117798796216681,0.005760963026655202,,,,0.05769561478933792,0.001117798796216681,0.005760963026655202,,,0.0,,,,,,,0.16741186586414444,0.001117798796216681,,,,0.0034393809114359416,0.046173688736027514,0.001117798796216681,0.001117798796216681,,,0.002235597592433362,,,,0.0034393809114359416,0.13035253654342216,,,0.051934651762682714,,0.009200343938091144,0.001117798796216681,0.017282889079965606,0.4306964746345658,,,0.0034393809114359416,,,,,0.001117798796216681,0.002235597592433362,,,0.02768701633705933,,,,0.002235597592433362,
,,,,,,,,0.002190580503833516,0.001095290251916758,,,,0.0032858707557502738,,,,0.009857612267250822,,0.002190580503833516,,,,0.13766955935630634,,0.001095290251916758,0.002190580503833516,,0.0,,,,,,,0.12671665683713876,0.001095290251916758,,,,0.0032858707557502738,0.028646052742438286,,0.002190580503833516,,0.004381161007667032,,,,,,1.1102230246251565e-16,,,0.0693402982559609,,0.007667031763417305,0.001095290251916758,0.0308366332462718,0.5233802342236077,0.001095290251916758,,0.001095290251916758,,,,,,0.001095290251916758,,,0.03302721375010532,,,,0.002190580503833516,0.0032858707557502738
0.0016337059329320721,,,0.0024935511607910577,0.0007738607050730869,,,,0.005932932072226999,0.0007738607050730869,0.0007738607050730869,,,0.019690455717970765,,0.0016337059329320721,,0.0067927773000859846,0.0067927773000859846,0.0016337059329320721,0.0024935511607910577,,,0.08503869303525366,0.0007738607050730869,0.0024935511607910577,0.0007738607050730869,,0.0,,,,,,,0.1399828030954428,0.0024935511607910577,,,,0.003353396388650043,0.03172828890799656,0.0007738607050730869,0.0007738607050730869,,0.0016337059329320721,,,0.0024935511607910577,0.0007738607050730869,0.004213241616509028,0.024419604471195067,0.0016337059329320721,,0.1520206362854686,,0.008512467755803955,0.0016337059329320721,0.027429062768701634,0.3943250214961307,,,0.013671539122957868,,,0.004213241616509028,,,0.0007738607050730869,,,0.030868443680137574,0.005073086844368014,0.003353396388650043,,,0.003353396388650043
,,,0.0017196904557179708,,,,0.0008598452278589854,0.0043852106620808256,0.0008598452278589854,0.0008598452278589854,,,0.007910576096302666,,0.0017196904557179708,,0.0035253654342218403,0.0025795356835769563,0.0017196904557179708,,,,0.0414445399828031,0.0017196904557179708,0.0017196904557179708,0.0017196904557179708,,0.0,,,,,,,0.08564058469475494,,,,,0.0035253654342218403,0.028202923473774722,0.0025795356835769563,0.0017196904557179708,,0.0017196904557179708,,,0.0017196904557179708,0.0017196904557179708,0.0025795356835769563,0.28091143594153045,0.0035253654342218403,,0.05468615649183147,,0.006104901117798796,0.0008598452278589854,0.03172828890799656,0.38142734307824594,,,0.0017196904557179708,,,0.0070507308684436805,,,0.0008598452278589854,,,0.016766981943250214,0.00524505588993981,0.00524505588993981,,,0.0017196904557179708
,0.0008598452278589854,,,,,,,0.0017196904557179708,,,,,0.004299226139294927,,,,0.0008598452278589854,,0.005159071367153913,,,,0.05760963026655202,,0.0017196904557179708,0.0034393809114359416,,0.0,,,0.0008598452278589854,,,,0.1239036973344798,0.0008598452278589854,,,,0.0034393809114359416,0.018916595012897677,,0.0008598452278589854,,0.0008598452278589854,,,0.0034393809114359416,,0.005159071367153913,0.24118658641444546,,,0.04815133276010318,,0.0017196904557179708,,0.04815133276010318,0.39673258813413587,0.0008598452278589854,,0.0034393809114359416,,,0.0034393809114359416,,0.0008598452278589854,0.0017196904557179708,,,0.01633705932932072,0.0025795356835769563,,,0.0008598452278589854,
,0.006362854686156492,,,0.0008598452278589854,,,0.0008598452278589854,0.002751504729148753,0.0008598452278589854,,,,0.005503009458297506,,,,,,0.0036113499570077385,,,,0.04772141014617369,,0.004557179707652623,,,0.0,,,,,,,0.1350816852966466,0.0008598452278589854,,,,0.0036113499570077385,0.015563198624247635,,0.0008598452278589854,,,,,,,,0.23190025795356828,0.0008598452278589854,,0.04772141014617369,,0.009114359415305246,,0.0294067067927773,0.4080825451418745,,,0.005503009458297506,,,,,,0.0018056749785038692,,,0.02476354256233878,0.0018056749785038692,0.009114359415305246,,,0.0008598452278589854
,,,,,0.000945829750644884,,,0.0019776440240756666,0.0029234737747205505,,,,0.004901117798796217,,,,,,0.003955288048151333,,,,0.021840068787618228,,0.0029234737747205505,,,0.0,,,,,,,0.07558039552880481,,,,,0.003955288048151333,0.008942390369733448,,0.000945829750644884,,,,,,,,0.5760103181427343,0.0019776440240756666,,0.01883061049011178,,0.004901117798796217,,0.011865864144453998,0.2298366294067068,,,0.000945829750644884,,,0.0019776440240756666,,,,,,0.020894239036973346,0.000945829750644884,0.0019776440240756666,,,0.000945829750644884
,,,,,0.000945829750644884,,,0.000945829750644884,0.000945829750644884,,,,0.005073086844368014,,,,,0.000945829750644884,0.006104901117798796,,,,0.055030094582975066,,0.005073086844368014,,,0.0,,,,,,,0.16113499570077386,0.005073086844368014,,,,0.0030094582975064487,0.01934651762682717,,0.000945829750644884,,0.000945829750644884,0.000945829750644884,,,,,0.16517626827171106,,,0.044797936371453136,,0.005073086844368014,0.000945829750644884,0.024419604471195185,0.4272570937231298,0.000945829750644884,,0.0030094582975064487,,,0.0019776440240756666,,,0.0019776440240756666,0.0030094582975064487,,0.05098882201203783,,,,0.000945829750644884,0.0030094582975064487
0.002650025645409472,,,,,,0.0008548469823901521,0.010771071978115917,0.002650025645409472,0.0017951786630193195,,,,0.01162591896050607,,0.003590357326038639,,,0.0008548469823901521,0.008975893315096599,0.0017951786630193195,,,0.06932809027184134,0.0017951786630193195,0.002650025645409472,0.003590357326038639,,0.0,,,,,,,0.1251495982219183,0.04231492562831253,,,,0.003590357326038639,0.020687296973841682,,0.0008548469823901521,,,0.0008548469823901521,,,0.0008548469823901521,0.00624038297144811,1.1102230246251565e-16,,,0.09001538724568302,,0.0044452043084287915,,0.03325354761497692,0.49692255086339543,0.0008548469823901521,,0.002650025645409472,,,0.007180714652077278,0.0008548469823901521,,0.0008548469823901521,0.0008548469823901521,,0.035989057958625406,0.0008548469823901521,,,0.0017951786630193195,
0.0016492125010307578,,,,,,,,0.0016492125010307578,,0.0016492125010307578,,,0.014513070009070669,,0.010225117506390699,,,0.0033808856271130535,0.0033808856271130535,0.0033808856271130535,,,0.040158324400098956,0.0008246062505153789,0.0033808856271130535,0.0016492125010307578,,0.0,,,,,,,0.10348808443968005,0.0025562793765976748,,,,0.0008246062505153789,0.033314092520821306,,,,0.0008246062505153789,0.0008246062505153789,,0.0025562793765976748,,0.0051125587531953495,0.0,,,0.16854951760534345,,0.014513070009070669,0.0025562793765976748,0.01880102251175064,0.5177702646986064,0.0033808856271130535,,0.0016492125010307578,,,0.006844231879277645,,0.0008246062505153789,0.0008246062505153789,,,0.025645254391028285,,0.0016492125010307578,,,0.0016492125010307578
0.0025795356835769563,,,,,,,,0.00524505588993981,0.0008598452278589854,0.0008598452278589854,,,0.014961306964746346,,,,,0.0008598452278589854,0.00524505588993981,0.0008598452278589854,,,0.0352536543422184,,0.0025795356835769563,0.0008598452278589854,,0.0,,,,,,,0.08460877042132416,0.0008598452278589854,,,,0.006104901117798796,0.029922613929492692,,0.0017196904557179708,,,,,0.0008598452278589854,,0.0070507308684436805,0.2443680137575237,,,0.09079965606190886,0.0008598452278589854,0.01057609630266552,,0.020206362854686157,0.40490111779879623,0.0025795356835769563,,0.0017196904557179708,0.0008598452278589854,,0.00524505588993981,,0.0008598452278589854,0.0008598452278589854,,,0.008770421324161651,0.0043852106620808256,,,,0.0017196904557179708
0.0017196904557179708,,,,,0.0008598452278589854,,,0.010404127257093724,,0.0008598452278589854,,,0.006104901117798796,,,,,,0.004299226139294927,,0.0008598452278589854,,0.04453998280309544,0.0008598452278589854,0.0025795356835769563,,,0.0,,,,,,,0.10825451418744626,0.005159071367153913,,,0.0008598452278589854,0.004299226139294927,0.026139294926913154,0.0008598452278589854,0.0017196904557179708,,,0.0017196904557179708,,,,,0.23319002579535675,0.0008598452278589854,,0.055030094582975066,,0.006104901117798796,,0.02527944969905417,0.4140154772141015,,,0.006104901117798796,0.0008598452278589854,,0.0008598452278589854,,0.0008598452278589854,0.0008598452278589854,,,0.02527944969905417,0.005159071367153913,0.0017196904557179708,,,0.0017196904557179708
,0.004041272570937231,,,0.000945829750644884,0.000945829750644884,0.000945829750644884,,0.0019776440240756666,0.0019776440240756666,,,,0.006104901117798796,,0.000945829750644884,,,0.0019776440240756666,0.004041272570937231,,,,0.049441100601891656,0.0019776440240756666,0.007136715391229578,0.000945829750644884,,0.0,,,,,,,0.13198624247635427,0.004041272570937231,,,0.000945829750644884,0.0030094582975064487,0.014359415305245055,0.0019776440240756666,0.0030094582975064487,,,0.000945829750644884,0.0019776440240756666,,0.000945829750644884,0.000945829750644884,0.20378331900257962,0.000945829750644884,,0.04634565778159931,,0.007136715391229578,,0.02777300085984523,0.42089423903697337,,,0.0030094582975064487,,,0.000945829750644884,,0.0030094582975064487,0.0019776440240756666,,0.000945829750644884,0.022613929492691316,0.0030094582975064487,0.007136715391229578,,0.0019776440240756666,0.000945829750644884
,,0.000945829750644884,,,0.000945829750644884,,0.000945829750644884,0.000945829750644884,,,,,0.004987102321582115,,,,,,0.0070507308684436805,,,,0.05442820292347377,0.0019776440240756666,,0.000945829750644884,0.000945829750644884,0.0,,0.000945829750644884,0.000945829750644884,,,0.000945829750644884,0.10696474634565778,0.0019776440240756666,,,,0.0070507308684436805,0.01711092003439381,0.000945829750644884,0.000945829750644884,,,0.000945829750644884,0.0019776440240756666,,,,0.23241616509028395,,,0.06354256233877902,,0.01006018916595013,,0.028202923473774722,0.43000859845227857,,,0.0030094582975064487,,,,,0.000945829750644884,0.0019776440240756666,,,0.011092003439380911,0.0019776440240756666,,,0.000945829750644884,0.000945829750644884
,,,,,0.0018056749785038692,,0.0008598452278589854,0.0008598452278589854,0.005588993981083405,,,,0.006448839208942391,,,0.0008598452278589854,,0.0018056749785038692,0.006448839208942391,0.0018056749785038692,,,0.0530524505588994,0.0008598452278589854,0.002751504729148753,0.0008598452278589854,,0.0,,,,,,,0.0997420464316423,0.002751504729148753,,,,0.003697334479793637,0.021410146173688735,0.0018056749785038692,0.002751504729148753,,,,,0.0018056749785038692,,0.0018056749785038692,0.23645743766122118,0.0008598452278589854,,0.05588993981083405,,0.0008598452278589854,,0.026053310404127256,0.4306104901117799,,,0.0008598452278589854,,,0.0008598452278589854,,,0.0008598452278589854,,,0.020464316423043853,0.002751504729148753,,,,0.003697334479793637
,0.0008598452278589854,,,,0.0008598452278589854,,,0.0008598452278589854,0.0036113499570077385,,,,0.004557179707652623,,,,,0.004557179707652623,0.004557179707652623,0.0036113499570077385,0.0036113499570077385,,0.06586414445399828,0.0008598452278589854,0.0008598452278589854,,,0.0,,,,,,,0.11805674978503869,0.01006018916595013,,,0.0018056749785038692,0.0018056749785038692,0.05855546001719691,0.0008598452278589854,0.006362854686156492,,,,,0.0036113499570077385,,0.0036113499570077385,0.06732588134135853,,,0.09888220120378331,,0.004557179707652623,,0.046689595872742906,0.43946689595872745,,,0.007308684436801376,,,0.0036113499570077385,0.0008598452278589854,0.0008598452278589854,0.0008598452278589854,,,0.025623387790197766,0.004557179707652623,,,,
,0.0007915776141850709,,,0.0007915776141850709,0.0016623129897886488,,,0.005145254492202961,,0.002533048365392227,,,0.01543576347660888,,0.0007915776141850709,,,0.0007915776141850709,,0.002533048365392227,0.0016623129897886488,,0.07567481991609278,0.0007915776141850709,0.0007915776141850709,0.0034037837409958047,,0.0,,,,,,,0.1083669753819362,0.011161244360009499,,,,0.0007915776141850709,0.02580543022243331,,0.0007915776141850709,,,,,0.0034037837409958047,0.0007915776141850709,0.006807567481991609,1.1102230246251565e-16,,,0.14367133697459036,,0.010290508984405922,,0.022322488720018997,0.4879284413836777,,0.0016623129897886488,0.004274519116599383,,,0.0016623129897886488,,,0.0007915776141850709,,,0.05161086044486662,0.004274519116599383,,,,0.0007915776141850709
,,,,,,0.004643164230438521,,0.007480653482373173,0.0008598452278589854,0.0018056749785038692,,,0.00937231298366294,,0.003697334479793637,0.0008598452278589854,,0.0008598452278589854,0.003697334479793637,,,,0.03757523645743766,0.0008598452278589854,0.002751504729148753,,,0.0,,,,,,,0.08280309544282029,,,0.0008598452278589854,,0.006534823731728289,0.027257093723129837,,0.0008598452278589854,,,,,0.004643164230438521,,0.005588993981083405,0.18134135855546007,,,0.08555460017196904,,0.006534823731728289,0.0018056749785038692,0.029148753224419604,0.43190025795356835,,,0.010318142734307825,,,0.004643164230438521,,,,,0.0008598452278589854,0.03662940670679278,0.004643164230438521,,,0.0008598452278589854,0.002751504729148753
,,,,0.0019776440240756666,,0.0030094582975064487,,0.0019776440240756666,0.0019776440240756666,,,,0.006964746345657782,,0.0019776440240756666,,,0.000945829750644884,0.0060189165950128975,,,,0.050128976784178846,0.000945829750644884,0.0030094582975064487,,,0.0,,,,,,,0.12037833190025796,0.0030094582975064487,,,,0.000945829750644884,0.025021496130696475,,0.000945829750644884,,0.0019776440240756666,,,0.000945829750644884,,,0.19243336199484107,,,0.08220120378331901,,0.004987102321582115,0.0060189165950128975,0.022012037833190026,0.420378331900258,,,0.0060189165950128975,,,,,,0.000945829750644884,,0.0019776440240756666,0.019002579535683576,0.0060189165950128975,0.000945829750644884,,0.000945829750644884,0.003955288048151333
,,,,,,,,0.0021496130696474634,,,0.0010318142734307824,,0.008598452278589854,,,0.0010318142734307824,0.0010318142734307824,0.0010318142734307824,0.005331040412725709,0.0010318142734307824,,,0.057351676698194326,,0.003181427343078246,0.0021496130696474634,,0.0,,,,,,,0.11685296646603612,0.0010318142734307824,,,,0.0021496130696474634,0.020550300945829752,,0.0021496130696474634,,,,,,,0.008598452278589854,0.1870163370593293,,0.0010318142734307824,0.07575236457437662,,0.0010318142734307824,0.0010318142734307824,0.025967325881341357,0.44385210662080826,,,0.007566638005159072,,,,,,0.0021496130696474634,0.0010318142734307824,,0.012983662940670678,0.004299226139294927,,,,0.0010318142734307824
,,,,,,,,0.006878761822871883,0.001891659501289768,,,,0.005846947549441101,,0.000945829750644884,,,,0.000945829750644884,,,,0.049183147033533964,,0.000945829750644884,0.000945829750644884,,0.0,,,,,,,0.0826311263972485,0.001891659501289768,,,,0.001891659501289768,0.02063628546861565,,0.003869303525365434,,,,,,,0.000945829750644884,0.23439380911435947,,,0.06981943250214961,,0.000945829750644884,0.000945829750644884,0.02063628546861565,0.46646603611349957,,,0.0029234737747205505,,,,,,0.000945829750644884,,,0.0177128116938951,0.001891659501289768,,,0.000945829750644884,0.0029234737747205505
,,0.0008598452278589854,,0.0018056749785038692,,,,0.003697334479793637,,,,,0.007480653482373173,,,,0.010232158211521927,0.0018056749785038692,0.004643164230438521,0.0008598452278589854,,,0.04772141014617369,,,0.0008598452278589854,,0.0,,,,,,,0.10481513327601032,0.0008598452278589854,,,,0.005588993981083405,0.029922613929492692,,0.003697334479793637,,0.0008598452278589854,0.0008598452278589854,,0.0008598452278589854,0.0008598452278589854,,0.2132416165090284,,,0.0589853826311264,,0.003697334479793637,,0.032760103181427344,0.4336199484092863,,,0.005588993981083405,,,0.0008598452278589854,,,0.0008598452278589854,,,0.01590713671539123,0.0008598452278589854,0.002751504729148753,0.0008598452278589854,0.0008598452278589854,0.0008598452278589854
,,,,,0.000945829750644884,0.000945829750644884,,0.002837489251934652,,,,,0.015563198624247635,,,,0.01943250214961307,0.001891659501289768,0.005760963026655202,0.002837489251934652,0.000945829750644884,,0.05932932072226999,,,0.000945829750644884,,0.0,,0.003869303525365434,,,,,0.11874462596732588,0.0067927773000859846,,,,0.002837489251934652,0.029148753224419604,,0.002837489251934652,,,0.000945829750644884,0.001891659501289768,,,,0.012467755803955427,,,0.10318142734307825,0.002837489251934652,0.0067927773000859846,0.001891659501289768,0.03697334479793637,0.4916595012897678,0.000945829750644884,0.004815133276010318,0.023301805674978505,,,0.000945829750644884,,,0.001891659501289768,,,0.024333619948409286,0.001891659501289768,0.002837489251934652,,0.001891659501289768,0.002837489251934652
,0.0016981860285604014,,,,0.0016981860285604014,,0.0008490930142802007,0.004322655345426476,,0.005171748359706677,,,0.01991509069857198,0.0008490930142802007,0.0016981860285604014,,0.021613276727132383,0.0016981860285604014,0.005171748359706677,0.002547279042840602,0.0008490930142802007,0.003396372057120803,0.042454650714010035,0.0008490930142802007,0.0008490930142802007,0.002547279042840602,,0.0,,0.002547279042840602,,,,,0.08668467773060594,0.0016981860285604014,,0.004322655345426476,0.002547279042840602,0.006020841373986878,0.03898108838286376,,0.0016981860285604014,,0.0008490930142802007,0.004322655345426476,0.0008490930142802007,0.0008490930142802007,0.003396372057120803,0.0016981860285604014,2.220446049250313e-16,,,0.14650714010034735,,0.006020841373986878,0.0008490930142802007,0.02771130837514473,0.46561173292165187,0.005171748359706677,0.003396372057120803,0.01906599768429178,,,0.0016981860285604014,,0.0008490930142802007,0.0008490930142802007,,,0.040756464685449634,,0.006020841373986878,,,0.0008490930142802007
,,,,,0.000945829750644884,,,0.004729148753224419,,0.000945829750644884,,,0.01049011177987962,,,,0.000945829750644884,0.000945829750644884,0.004729148753224419,0.001891659501289768,,,0.0411865864144454,,,0.002837489251934652,,0.0,,0.001891659501289768,,,,,0.07472055030094583,0.001891659501289768,,,,0.003783319002579536,0.02871883061049011,0.000945829750644884,0.001891659501289768,,0.002837489251934652,0.001891659501289768,0.000945829750644884,,,0.001891659501289768,0.2622527944969907,,0.000945829750644884,0.09097162510748065,0.000945829750644884,0.013413585554600172,,0.016251074806534822,0.3728288907996561,0.000945829750644884,0.000945829750644884,0.005674978503869304,,,0.004729148753224419,,,,,,0.023903697334479793,0.005674978503869304,0.005674978503869304,,0.000945829750644884,0.002837489251934652
,0.0018056749785038692,,,,,,,,,,,,0.00825451418744626,,,,,0.002751504729148753,0.004557179707652623,0.0008598452278589854,,,0.04866723989681857,,0.0018056749785038692,0.002751504729148753,,0.0,0.0008598452278589854,,,,,,0.09819432502149614,0.002751504729148753,,,,0.002751504729148753,0.02012037833190026,,0.002751504729148753,,,0.0018056749785038692,,,,0.002751504729148753,0.29484092863284606,0.0008598452278589854,,0.04772141014617369,,0.004557179707652623,,0.022871883061049012,0.39114359415305244,,0.005503009458297506,0.0008598452278589854,,,,,,0.0018056749785038692,,,0.02012037833190026,0.0018056749785038692,0.0008598452278589854,,0.002751504729148753,0.0008598452278589854
,0.0008598452278589854,,0.0008598452278589854,,,,,0.0008598452278589854,0.0036113499570077385,0.0026655202063628545,,,0.0036113499570077385,,0.0018056749785038692,,,0.0026655202063628545,0.0036113499570077385,,,,0.028976784178847807,0.0018056749785038692,0.0036113499570077385,0.0026655202063628545,,0.0,,,,,,0.0008598452278589854,0.07704213241616509,0.0008598452278589854,,,,0.0018056749785038692,0.018142734307824593,0.0026655202063628545,0.0018056749785038692,,,0.0018056749785038692,,,0.0008598452278589854,,0.4459157351676697,0.0008598452278589854,,0.04075666380051591,,0.004471195184866724,0.0008598452278589854,0.013585554600171969,0.3057609630266552,,,0.0018056749785038692,,,,,,,0.0036113499570077385,,0.012639724849527086,0.0018056749785038692,0.0018056749785038692,,0.0018056749785038692,0.0008598452278589854
,0.0008598452278589854,,,,,,,0.005417024935511608,0.0018056749785038692,,,,0.01006018916595013,,0.0008598452278589854,,,0.0026655202063628545,0.004557179707652623,,,0.0008598452278589854,0.05030094582975064,0.0018056749785038692,0.0008598452278589854,0.0018056749785038692,,0.0,0.0008598452278589854,,,,,,0.10163370593293207,0.0008598452278589854,,,,0.0036113499570077385,0.023731728288907995,,0.0018056749785038692,,,0.0018056749785038692,0.0026655202063628545,,,0.0008598452278589854,0.16104901117798787,,,0.07592433361994841,0.0008598452278589854,0.006362854686156492,0.0008598452278589854,0.03198624247635426,0.4514187446259673,,,0.004557179707652623,,,,,,0.0018056749785038692,0.0018056749785038692,,0.03654342218400688,0.0026655202063628545,,,0.0008598452278589854,0.0036113499570077385
,,0.0008598452278589854,,,,0.0008598452278589854,0.0018056749785038692,0.004643164230438521,0.002751504729148753,0.0018056749785038692,,,0.003697334479793637,,,,,0.0008598452278589854,0.003697334479793637,,,,0.07325881341358556,,,0.0008598452278589854,,0.0,0.0008598452278589854,,,,,0.0008598452278589854,0.11650902837489252,0.0008598452278589854,,0.0008598452278589854,0.0008598452278589854,0.054514187446259674,0.02063628546861565,,0.002751504729148753,,0.0008598452278589854,0.0008598452278589854,,,0.0008598452278589854,,0.12141014617368884,,,0.07145313843508168,0.0008598452278589854,0.005588993981083405,,0.016852966466036113,0.4390369733447979,0.0008598452278589854,,0.005588993981083405,,,0.0008598452278589854,0.002751504729148753,,,,,0.03190025795356836,0.003697334479793637,,,,0.002751504729148753
,,,,,,,,0.00837633684840326,0.0024680278214045323,0.0008226759404681774,,,0.03283224889686635,,,,,0.0008226759404681774,0.003365492483733453,,,,0.10530252037992671,0.0016453518809363549,0.0008226759404681774,0.0008226759404681774,,0.0,,,0.0016453518809363549,,,,0.10275970383666143,0.0024680278214045323,,0.0024680278214045323,,0.019370278961932542,0.0277466158103358,,0.00418816842420163,,,0.0008226759404681774,,0.0024680278214045323,0.0008226759404681774,0.005010844364669808,1.1102230246251565e-16,,0.003365492483733453,0.12467279934185925,0.0016453518809363549,0.006730984967466906,,0.04210605040759854,0.45247176725749755,,,0.00418816842420163,,,,,,0.0008226759404681774,,0.0008226759404681774,0.03365492483733453,0.0024680278214045323,,,,
,,,,,,0.002435704563364138,,0.013038183250949208,0.003223726627981947,0.006519091625474604,,,0.04892900637581488,,,,,0.005659431191346085,,0.0015760441292356187,,,0.0619671896267641,0.0007880220646178094,,,,0.0,,,0.0007880220646178094,,,,0.11583924349881797,0.0007880220646178094,,0.0007880220646178094,,0.026076366501898415,0.027724049000644745,,0.0015760441292356187,,,0.0007880220646178094,,0.005659431191346085,,0.003223726627981947,0.0,0.0015760441292356187,0.009742818253456551,0.18274948062182106,0.0007880220646178094,0.006519091625474604,0.0015760441292356187,0.039974210186976146,0.3654989612436421,,,0.008095135754710223,,,0.004871409126728276,0.0007880220646178094,,0.0007880220646178094,,0.0007880220646178094,0.040762232251593956,,0.002435704563364138,,0.005659431191346085,
,,,,,,0.0017196904557179708,0.0008598452278589854,0.015133276010318143,0.005331040412725709,,,,0.0026655202063628545,,0.0017196904557179708,,,0.0035253654342218403,0.0008598452278589854,0.0008598452278589854,,0.0017196904557179708,0.0472055030094583,,0.006190885640584695,0.0008598452278589854,,0.0,,,0.0017196904557179708,,,,0.09269131556319862,,,,,0.005331040412725709,0.03473774720550301,0.0017196904557179708,0.0008598452278589854,,0.0008598452278589854,0.0008598452278589854,,0.0017196904557179708,,0.0026655202063628545,0.23809114359415295,0.0017196904557179708,,0.08736027515047291,,0.0035253654342218403,,0.032072226999140155,0.36285468615649186,,,0.0026655202063628545,,,0.0008598452278589854,,,0.0008598452278589854,,,0.030266552020636286,,0.0017196904557179708,,0.005331040412725709,0.0008598452278589854
,,,,,,0.0008598452278589854,,0.0017196904557179708,,,0.0008598452278589854,,,,,,,0.0017196904557179708,0.0008598452278589854,,,0.0008598452278589854,0.06345657781599312,0.0008598452278589854,,0.0017196904557179708,,0.0,,,0.0008598452278589854,,,0.0008598452278589854,0.11977644024075666,0.0043852106620808256,,,,0.0017196904557179708,0.025021496130696475,0.0017196904557179708,0.0017196904557179708,0.0008598452278589854,0.0026655202063628545,,0.0017196904557179708,,0.0017196904557179708,,0.19062768701633703,0.0008598452278589854,,0.06612209802235598,,0.007136715391229578,,0.025021496130696475,0.43989681857265694,0.0008598452278589854,0.0043852106620808256,,,,0.0017196904557179708,0.0017196904557179708,,0.0008598452278589854,,,0.019604471195184867,0.0008598452278589854,,,0.0017196904557179708,0.0026655202063628545
,0.0008598452278589854,,,,,,,0.004471195184866724,,,0.0018056749785038692,,0.0026655202063628545,,,,,0.0036113499570077385,0.004471195184866724,,,,0.0586414445399828,0.0008598452278589854,0.0018056749785038692,0.0008598452278589854,,0.0,,,0.0008598452278589854,,,0.0008598452278589854,0.1282029234737747,0.0026655202063628545,,,,0.0026655202063628545,0.02527944969905417,,0.0008598452278589854,,,,0.0008598452278589854,,0.0018056749785038692,,0.21994840928632853,0.0026655202063628545,,0.06586414445399828,,0.008082545141874462,,0.03336199484092863,0.38564058469475493,,0.004471195184866724,0.0026655202063628545,,0.0008598452278589854,,,,,,,0.026139294926913154,0.0008598452278589854,0.0008598452278589854,,0.0026655202063628545,0.0018056749785038692
,0.0008598452278589854,,,0.002751504729148753,,,,0.005588993981083405,,,,,0.005588993981083405,,,,,0.002751504729148753,0.0008598452278589854,,,,0.07781599312123817,,,0.0008598452278589854,,0.0,,,0.0008598452278589854,,,0.0008598452278589854,0.09002579535683577,,,,,,0.021582115219260532,,0.0018056749785038692,,,0.0008598452278589854,0.0008598452278589854,,,,0.1976784178847808,0.0008598452278589854,,0.09750644883920895,0.0018056749785038692,0.002751504729148753,,0.02244196044711952,0.428804815133276,,0.0018056749785038692,0.004643164230438521,,,0.0008598452278589854,,,,,,0.021582115219260532,0.0008598452278589854,0.0008598452278589854,,0.002751504729148753,0.0008598452278589854
,,,,0.0026655202063628545,,,,0.005417024935511608,,,,,0.004557179707652623,,,,,0.0018056749785038692,0.0008598452278589854,,,,0.09871023215821152,,,0.0008598452278589854,,0.0,,,0.0008598452278589854,,,,0.1480653482373173,0.005417024935511608,,,,0.0026655202063628545,0.027343078245915736,,,,,0.0008598452278589854,0.0008598452278589854,,,0.0018056749785038692,0.09372312983662945,,,0.11513327601031814,0.0008598452278589854,0.004557179707652623,,0.023731728288907995,0.4222699914015477,,0.0036113499570077385,0.006362854686156492,,,0.0026655202063628545,,0.0008598452278589854,,0.0008598452278589854,,0.01822871883061049,0.0026655202063628545,,,0.0008598452278589854,0.0008598452278589854
,,,0.0016419077404222048,,,0.0016419077404222048,,0.005003909304143862,,,0.0007818608287724785,,0.005003909304143862,,,,0.0007818608287724785,0.0032838154808444097,0.002501954652071931,,,,0.08952306489444879,0.0007818608287724785,0.0007818608287724785,0.0007818608287724785,,0.0,,,0.0007818608287724785,,,,0.12056293979671619,0.004143862392494136,,0.0016419077404222048,,0.0016419077404222048,0.0343236903831118,0.0007818608287724785,,,,0.0016419077404222048,0.0016419077404222048,,,0.0032838154808444097,1.1102230246251565e-16,,,0.17834245504300233,0.0016419077404222048,0.005785770132916341,0.0007818608287724785,0.031743549648162624,0.4496481626270524,0.002501954652071931,,0.009147771696637998,,,0.006645817044566067,,,,,,0.024237685691946835,,0.0007818608287724785,,0.004143862392494136,0.0016419077404222048
,,,0.0008061915511125443,0.0008061915511125443,,,,0.010077394388906804,,,0.0008061915511125443,,0.01346339890357949,,,,0.0016123831022250886,0.004998387616897775,0.00838439213157046,0.0008061915511125443,,,0.07175104804901644,,0.01346339890357949,0.0008061915511125443,,0.0,,,0.0008061915511125443,,,,0.09198645598194131,0.0008061915511125443,,,,0.0024991938084488875,0.030393421476942923,,,,0.00419219606578523,0.007578200580457917,0.0016123831022250886,,,0.0016123831022250886,0.0,,,0.17897452434698485,0.0024991938084488875,0.012657207352466946,0.0008061915511125443,0.025314414704933893,0.45598194130925507,0.0024991938084488875,,0.00838439213157046,,,0.00838439213157046,,,,,,0.029506610770719123,0.0016123831022250886,,,0.003305385359561432,0.0008061915511125443
,,,,0.0018056749785038692,,,,0.019174548581255373,,,,,0.014617368873602751,,,,,0.0036113499570077385,,,,,0.08048151332760103,0.0018056749785038692,0.015477214101461736,0.0026655202063628545,,0.0,,0.0008598452278589854,0.0008598452278589854,,,,0.11521926053310404,0.0036113499570077385,,0.0018056749785038692,,0.0008598452278589854,0.019174548581255373,,0.0018056749785038692,,,0.009114359415305246,0.0008598452278589854,,,0.0018056749785038692,0.1496990541702492,,,0.09054170249355116,0.005417024935511608,0.007308684436801376,,0.02098022355975924,0.391487532244196,0.0036113499570077385,,0.006362854686156492,,,0.006362854686156492,,,,,,0.01642304385210662,0.0018056749785038692,0.0008598452278589854,,0.0008598452278589854,0.0026655202063628545
,,0.0008598452278589854,,0.0018056749785038692,,,,0.007394668959587274,0.002751504729148753,,,,0.008340498710232158,,,,,0.003697334479793637,0.0018056749785038692,,,,0.06723989681857266,0.0008598452278589854,,0.002751504729148753,,0.0,,,0.0008598452278589854,,,,0.09337919174548581,0.002751504729148753,,,,0.0008598452278589854,0.03361994840928633,0.0018056749785038692,0.0018056749785038692,0.010232158211521927,,,,,,,0.1570937231298366,,,0.07377472055030095,0.0008598452278589854,0.005588993981083405,,0.040154772141014615,0.4585554600171969,,,0.005588993981083405,,,0.0018056749785038692,,,,,,0.007394668959587274,,0.0008598452278589854,,0.0018056749785038692,0.003697334479793637
,,0.000945829750644884,,,,,0.0019776440240756666,0.0030094582975064487,,,,,0.0060189165950128975,,,,,0.0060189165950128975,,,,,0.05210662080825451,,0.004987102321582115,,,0.0,,,0.000945829750644884,,,,0.1233877901977644,0.006964746345657782,,,,,0.02708512467755804,,0.000945829750644884,,0.0019776440240756666,,,,,,0.12777300085984522,,,0.10429922613929493,0.0030094582975064487,0.0030094582975064487,,0.03009458297506449,0.469475494411006,,0.0030094582975064487,0.00997420464316423,,,,,,,,,0.012983662940670678,,,,,
,,,,,,,0.0009824791223186507,0.005158015392172917,,,,,0.006140494514491567,,,0.0009824791223186507,,0.006140494514491567,0.0009824791223186507,,,,0.07974455542819715,,,0.0009824791223186507,,0.0,,,0.005158015392172917,,,,0.14819060094972983,,,,,0.003029310627149173,0.018585230063861143,,0.003029310627149173,,,0.0009824791223186507,,,,,0.0,,,0.12534796135582119,0.0009824791223186507,0.005158015392172917,,0.02480759783854593,0.5254625839200917,,0.0020468315048305223,0.0072048468970034385,,,,,,,,,0.0258719502210578,,,,0.003029310627149173,
0.001891659501289768,,,,0.0029234737747205505,0.000945829750644884,,,0.001891659501289768,,0.000945829750644884,,,0.009802235597592433,,,,,0.0029234737747205505,0.000945829750644884,,,,0.09742046431642304,,0.000945829750644884,0.000945829750644884,,0.0,,,0.006878761822871883,,,0.000945829750644884,0.10232158211521926,0.001891659501289768,,,,,0.0294926913155632,,0.0029234737747205505,,0.001891659501289768,0.0029234737747205505,,,,,0.11539122957867576,,,0.1239896818572657,0.000945829750644884,,,0.024591573516766982,0.43895098882201206,,0.000945829750644884,0.004901117798796217,,,0.000945829750644884,,,,0.0029234737747205505,,0.010748065348237317,,,,0.0029234737747205505,0.001891659501289768
0.0008598452278589854,0.0008598452278589854,,,0.0008598452278589854,,,0.0008598452278589854,0.007394668959587274,0.0008598452278589854,0.0008598452278589854,,0.0008598452278589854,0.006448839208942391,,0.002751504729148753,,0.002751504729148753,0.002751504729148753,,0.007394668959587274,,,0.08340498710232158,0.002751504729148753,0.0008598452278589854,0.0008598452278589854,,0.0,,,0.0018056749785038692,,,0.0008598452278589854,0.11487532244196044,0.002751504729148753,,0.011092003439380911,,0.0008598452278589854,0.02777300085984523,,0.002751504729148753,,0.0008598452278589854,0.002751504729148753,,,,0.0008598452278589854,0.007394668959587292,,,0.15657781599312123,,0.006448839208942391,0.0008598452278589854,0.02777300085984523,0.465262252794497,0.007394668959587274,0.0018056749785038692,0.003697334479793637,,,0.004557179707652623,,0.0008598452278589854,,0.002751504729148753,,0.015735167669819434,0.0018056749785038692,0.003697334479793637,,,0.002751504729148753
,,,,0.0019776440240756666,0.0019776440240756666,,,0.007136715391229578,0.0019776440240756666,0.000945829750644884,,0.000945829750644884,0.006104901117798796,,0.0019776440240756666,,0.000945829750644884,0.0019776440240756666,,0.014273430782459157,,,0.029664660361134996,,,,,0.0,,,0.005073086844368014,,,0.000945829750644884,0.10429922613929493,0.0030094582975064487,,0.007136715391229578,0.0030094582975064487,0.000945829750644884,0.029664660361134996,,,,0.000945829750644884,0.0030094582975064487,,,0.0019776440240756666,0.004041272570937231,0.10567497850386953,,,0.19535683576956148,,0.012209802235597592,0.0019776440240756666,0.03267411865864144,0.36113499570077384,0.01633705932932072,,0.0019776440240756666,,,0.000945829750644884,,,0.000945829750644884,,,0.028632846087704212,,,,,0.00816852966466036
,,,,0.001891659501289768,0.002837489251934652,,,0.002837489251934652,0.000945829750644884,,,,0.003783319002579536,,0.001891659501289768,,0.003783319002579536,0.002837489251934652,,0.002837489251934652,,,0.029750644883920895,,0.000945829750644884,,,0.0,,,0.002837489251934652,,,0.000945829750644884,0.07773000859845228,0.001891659501289768,,0.000945829750644884,0.002837489251934652,0.003783319002579536,0.01822871883061049,,0.000945829750644884,,0.002837489251934652,,,0.000945829750644884,,0.000945829750644884,0.39131556319862437,,0.000945829750644884,0.0998280309544282,,0.01049011177987962,0.000945829750644884,0.02398968185726569,0.28134135855546,0.000945829750644884,,0.003783319002579536,,,,,,,,,0.01049011177987962,,0.000945829750644884,,,0.005760963026655202
,0.000945829750644884,,,0.000945829750644884,0.005932932072226999,,,0.0029234737747205505,0.003955288048151333,,,,0.008942390369733448,,,,0.0019776440240756666,0.0029234737747205505,,,,,0.02777300085984523,,,0.0019776440240756666,,0.0,,,0.0019776440240756666,,,0.0019776440240756666,0.12226999140154772,0.0019776440240756666,,0.000945829750644884,0.0019776440240756666,0.003955288048151333,0.016852966466036113,,,,,,,,0.0029234737747205505,0.000945829750644884,0.29939810834049874,0.000945829750644884,0.000945829750644884,0.08443680137575237,,0.006878761822871883,0.0029234737747205505,0.024849527085124678,0.3319862424763543,0.003955288048151333,,,,,0.0029234737747205505,0.0019776440240756666,,,0.000945829750644884,,0.017884780739466897,0.000945829750644884,,,0.000945829750644884,0.003955288048151333
,,,,0.000945829750644884,0.0029234737747205505,,,,,,,,0.001891659501289768,,,,,0.001891659501289768,0.000945829750644884,,0.000945829750644884,,0.03224419604471195,0.000945829750644884,0.000945829750644884,,,0.0,,,0.003869303525365434,,,0.000945829750644884,0.10085984522785899,0.000945829750644884,,0.000945829750644884,0.000945829750644884,0.0029234737747205505,0.016595012897678417,,0.000945829750644884,,0.000945829750644884,,,,0.000945829750644884,0.001891659501289768,0.35012897678417887,0.000945829750644884,0.000945829750644884,0.06560619088564058,,0.008770421324161651,,0.024419604471195185,0.339810834049871,0.000945829750644884,,0.003869303525365434,,,0.004815133276010318,,,,0.001891659501289768,,0.013671539122957868,,,,0.000945829750644884,0.0067927773000859846
,,0.000945829750644884,,0.000945829750644884,,,,,,,,,0.002837489251934652,,,,,0.003869303525365434,0.001891659501289768,0.001891659501289768,,,0.05838349097162511,,,0.000945829750644884,,0.0,,,0.001891659501289768,,,,0.09733447979363714,0.001891659501289768,,0.000945829750644884,,0.002837489251934652,0.015563198624247635,,0.001891659501289768,,,,,0.004815133276010318,,0.007738607050730868,0.3957867583834911,0.000945829750644884,,0.05055889939810834,,0.0067927773000859846,0.000945829750644884,0.028202923473774722,0.2871883061049011,0.000945829750644884,,0.001891659501289768,,,0.001891659501289768,,,,,,0.008684436801375752,0.003869303525365434,,,0.002837489251934652,0.002837489251934652
,0.000945829750644884,,,,0.000945829750644884,0.000945829750644884,,0.001891659501289768,,,,,0.0029234737747205505,,,,,0.004901117798796217,0.001891659501289768,0.000945829750644884,,,0.05520206362854686,0.000945829750644884,,0.000945829750644884,,0.0,,,0.001891659501289768,,,,0.08675838349097162,0.003869303525365434,,,,0.000945829750644884,0.012811693895098883,,0.000945829750644884,,0.000945829750644884,,,0.004901117798796217,,0.007824591573516768,0.38030954428202934,0.001891659501289768,,0.0532244196044712,,0.007824591573516768,0.001891659501289768,0.024591573516766982,0.30765262252794495,0.000945829750644884,0.0029234737747205505,0.005846947549441101,,,,0.000945829750644884,,,,,0.013757523645743766,0.000945829750644884,0.0029234737747205505,,,0.000945829750644884
,,,,0.000945829750644884,0.000945829750644884,,,0.0030094582975064487,0.000945829750644884,,,,0.0030094582975064487,,,,,0.000945829750644884,,,,,0.043164230438521065,,,0.0019776440240756666,,0.0,,,0.0030094582975064487,,,,0.0883061049011178,,,,,0.0019776440240756666,0.01599312123817713,,,,,,,0.0030094582975064487,,0.0060189165950128975,0.46466036113499587,0.0019776440240756666,,0.05520206362854686,,0.0019776440240756666,,0.014015477214101462,0.26809974204643167,0.000945829750644884,,0.0030094582975064487,,,,,0.0019776440240756666,,,,0.012037833190025795,,0.000945829750644884,,0.000945829750644884,0.000945829750644884
,,,,0.000945829750644884,,,,0.0029234737747205505,0.001891659501289768,,,,0.001891659501289768,,0.000945829750644884,,,0.001891659501289768,,,,,0.03310404127257094,0.000945829750644884,0.000945829750644884,0.001891659501289768,,0.0,,,0.001891659501289768,,,0.000945829750644884,0.07119518486672399,0.0029234737747205505,,,,0.004815133276010318,0.009716251074806535,0.0029234737747205505,0.000945829750644884,,,0.000945829750644884,,0.003869303525365434,,0.008770421324161651,0.5729148753224419,0.000945829750644884,,0.02527944969905417,,0.003869303525365434,,0.018486672398968184,0.20094582975064487,0.0029234737747205505,,0.001891659501289768,,,0.001891659501289768,,,,,,0.010662080825451418,,,,0.000945829750644884,0.0029234737747205505
,,,,0.000945829750644884,,,,0.000945829750644884,,,,0.000945829750644884,0.0030094582975064487,,,,,0.000945829750644884,,,,0.000945829750644884,0.023559759243336198,,,0.0030094582975064487,,0.0,0.000945829750644884,,0.0019776440240756666,,,,0.0768701633705933,0.000945829750644884,,0.0030094582975064487,,0.004041272570937231,0.013327601031814273,,0.000945829750644884,,,,,0.004041272570937231,,0.005073086844368014,0.5475494411006019,0.000945829750644884,,0.03585554600171969,,0.007136715391229578,,0.026655202063628546,0.2172828890799656,0.0019776440240756666,,,,,,,0.000945829750644884,,,,0.010232158211521927,0.000945829750644884,,,0.000945829750644884,0.004041272570937231
,0.002837489251934652,,,0.002837489251934652,,,,,0.000945829750644884,,,,0.001891659501289768,,,,0.001891659501289768,0.000945829750644884,0.001891659501289768,,,0.000945829750644884,0.04651762682717111,,,0.000945829750644884,,0.0,0.000945829750644884,,0.002837489251934652,,,,0.09595872742906277,0.001891659501289768,0.000945829750644884,,,0.000945829750644884,0.008684436801375752,,0.000945829750644884,,,,,0.000945829750644884,,0.003869303525365434,0.47274290627687043,0.000945829750644884,,0.03774720550300946,0.000945829750644884,0.003869303525365434,0.004815133276010318,0.023215821152192607,0.2646603611349957,,,,,,,,,,,,0.003869303525365434,0.000945829750644884,,0.000945829750644884,0.002837489251934652,0.002837489251934652
,,,,0.000945829750644884,,,,0.0029234737747205505,0.000945829750644884,,,,0.004901117798796217,,,,,0.000945829750644884,,,,,0.03731728288907996,,,0.001891659501289768,,0.0,,,0.001891659501289768,,,,0.07575236457437662,0.004901117798796217,,,,0.005846947549441101,0.01470335339638865,,0.000945829750644884,,,,,,,0.007824591573516768,0.49828030954428204,0.000945829750644884,0.000945829750644884,0.03834909716251075,,0.001891659501289768,0.000945829750644884,0.015735167669819434,0.2528804815133276,,,0.006878761822871883,,,,,,,,,0.01470335339638865,,0.001891659501289768,,0.001891659501289768,0.0029234737747205505
,0.000945829750644884,0.000945829750644884,,0.002837489251934652,0.000945829750644884,,,0.001891659501289768,,,,,0.002837489251934652,,0.001891659501289768,,,0.004729148753224419,,,0.000945829750644884,,0.036199484092863284,0.000945829750644884,,0.001891659501289768,,0.0,,,0.001891659501289768,,,,0.09260533104041273,0.002837489251934652,,,,0.001891659501289768,0.02003439380911436,,,,,0.000945829750644884,,0.003783319002579536,,0.003783319002579536,0.40404127257093725,0.000945829750644884,,0.05055889939810834,,0.004729148753224419,0.000945829750644884,0.021926053310404127,0.31023215821152195,,,0.005674978503869304,,,0.000945829750644884,0.000945829750644884,,,,,0.009544282029234737,0.000945829750644884,,,0.001891659501289768,0.001891659501289768
,0.0030094582975064487,,,0.000945829750644884,0.000945829750644884,,,,,,,,0.000945829750644884,,,,0.000945829750644884,0.0019776440240756666,,,,,0.05743766122098022,0.0019776440240756666,,0.0019776440240756666,,0.0,,,0.0019776440240756666,,,,0.08512467755803955,,,,,0.0019776440240756666,0.01633705932932072,0.000945829750644884,0.000945829750644884,,0.0019776440240756666,0.0019776440240756666,,,,0.005073086844368014,0.4706792777300086,0.0019776440240756666,0.000945829750644884,0.024591573516766982,,0.004041272570937231,0.000945829750644884,0.032760103181427344,0.25546001719690453,,0.0019776440240756666,0.005073086844368014,,0.0019776440240756666,0.000945829750644884,,,,,,0.0030094582975064487,,0.0030094582975064487,,0.006104901117798796,
,0.0010318142734307824,,,0.0010318142734307824,,,0.0030954428202923474,0.0010318142734307824,,,,,0.0030954428202923474,,,,,0.0010318142734307824,,,0.0010318142734307824,,0.042046431642304385,,,0.0010318142734307824,,0.0,,,0.002063628546861565,,,,0.0883920894239037,,,,,0.00412725709372313,0.017884780739466897,,0.0010318142734307824,,,,,0.0030954428202923474,,0.0062768701633705935,0.45580395528804796,0.002063628546861565,0.0010318142734307824,0.035769561478933794,,0.009458297506448839,,0.016766981943250214,0.2894239036973345,,,0.0030954428202923474,,0.0010318142734307824,0.0010318142734307824,,,,,,0.0030954428202923474,,0.002063628546861565,,,0.002063628546861565
,,,,0.0010318142734307824,,0.0010318142734307824,0.005159071367153913,0.00412725709372313,,0.002063628546861565,,,0.002063628546861565,,,,,0.00412725709372313,,,0.0010318142734307824,,0.025967325881341357,,,0.002063628546861565,,0.0,,,0.0010318142734307824,,,,0.07583834909716251,0.005159071367153913,,,,0.011349957007738607,0.028030954428202925,,,0.0010318142734307824,,,,0.006190885640584695,,0.002063628546861565,0.45726569217540836,0.002063628546861565,0.0010318142734307824,0.03422184006878762,,0.0030954428202923474,,0.02072226999140155,0.2877901977644024,,0.0010318142734307824,0.0030954428202923474,,0.0030954428202923474,,,,,,,0.005159071367153913,0.002063628546861565,,,,
,0.0029234737747205505,,,0.000945829750644884,0.000945829750644884,,0.006878761822871883,0.003869303525365434,0.000945829750644884,,,,,,,,,,,,,,0.023559759243336198,,0.000945829750644884,0.005846947549441101,,0.0,0.000945829750644884,,0.000945829750644884,,,,0.06586414445399828,0.0029234737747205505,,,,0.000945829750644884,0.015735167669819434,,,,,,,0.000945829750644884,,0.003869303525365434,0.6134995700773861,0.000945829750644884,0.000945829750644884,0.027515047291487533,,0.0029234737747205505,,0.02063628546861565,0.18598452278589853,,,0.001891659501289768,,0.001891659501289768,0.000945829750644884,,,,,,0.001891659501289768,,,0.000945829750644884,0.000945829750644884,
,0.0008598452278589854,,,0.0018056749785038692,,,,0.003697334479793637,0.0008598452278589854,,,,,,0.002751504729148753,,,0.0008598452278589854,0.0018056749785038692,,,,0.03705932932072227,,,0.004557179707652623,,0.0,0.0008598452278589854,,0.0008598452278589854,,,0.0008598452278589854,0.08159931212381771,0.0008598452278589854,,,,0.002751504729148753,0.014789337919174549,,0.0008598452278589854,,0.0018056749785038692,,,0.002751504729148753,0.0018056749785038692,0.004557179707652623,0.5684436801375753,0.0008598452278589854,0.0008598452278589854,0.03061049011177988,,0.0018056749785038692,,0.016680997420464316,0.19759243336199483,,0.0008598452278589854,0.0018056749785038692,,,0.0008598452278589854,,,,,,0.002751504729148753,,,0.002751504729148753,0.0018056749785038692,0.003697334479793637
,0.000945829750644884,,,0.000945829750644884,0.001891659501289768,,,,0.000945829750644884,,,,0.000945829750644884,,,,,0.001891659501289768,,,,,0.040928632846087706,0.001891659501289768,,0.0029234737747205505,,0.0,,,0.000945829750644884,,,0.001891659501289768,0.07128116938950989,0.000945829750644884,,,,0.001891659501289768,0.023387790197764404,,0.000945829750644884,,,,0.000945829750644884,0.004815133276010318,0.001891659501289768,0.004815133276010318,0.5053310404127258,0.000945829750644884,0.000945829750644884,0.027257093723129837,,0.003869303525365434,,0.02536543422184007,0.24505588993981084,,0.000945829750644884,0.0029234737747205505,,,0.000945829750644884,,,,,,0.013585554600171969,,,0.000945829750644884,,0.004815133276010318
,,,,0.0008598452278589854,0.0017196904557179708,,,,0.0017196904557179708,0.0017196904557179708,,,0.0008598452278589854,,,,,0.0017196904557179708,,,,,0.0472055030094583,,0.0035253654342218403,0.0035253654342218403,,0.0,,,,,,,0.08280309544282029,0.0017196904557179708,,,,,0.01865864144453998,,0.0008598452278589854,,0.0017196904557179708,,0.0008598452278589854,0.0026655202063628545,,0.0026655202063628545,0.5040412725709372,0.0008598452278589854,0.0008598452278589854,0.026655202063628546,,0.00885640584694755,,0.019518486672398968,0.2467755803955288,,0.0008598452278589854,0.00885640584694755,,,0.0008598452278589854,0.0008598452278589854,,,,,0.006190885640584695,,,,,
,0.0017196904557179708,,,,0.0008598452278589854,,,0.0008598452278589854,0.0035253654342218403,0.0026655202063628545,,,,,0.0008598452278589854,,0.0017196904557179708,0.0008598452278589854,,,,,0.05331040412725709,,,0.0008598452278589854,,0.0,,,,,,,0.07996560619088564,0.0035253654342218403,,,,0.0026655202063628545,0.015047291487532245,,0.0008598452278589854,0.0008598452278589854,0.0026655202063628545,,,0.006190885640584695,,0.0026655202063628545,0.4960447119518486,0.0008598452278589854,,0.022184006878761823,,0.0043852106620808256,0.0008598452278589854,0.022184006878761823,0.25425623387790197,0.0008598452278589854,,0.0017196904557179708,,,0.0008598452278589854,,,0.0017196904557179708,,,0.007996560619088565,,,,0.0035253654342218403,0.0008598452278589854
,0.0017196904557179708,,,,0.0017196904557179708,,,,0.0035253654342218403,0.0008598452278589854,,,0.0008598452278589854,,0.006190885640584695,,,,,0.0008598452278589854,,,0.04333619948409286,,,0.0008598452278589854,,0.0,,,,,,,0.07429062768701633,0.0008598452278589854,,,,0.006190885640584695,0.01238177128116939,,,0.0008598452278589854,0.0008598452278589854,0.0008598452278589854,0.0008598452278589854,0.0025795356835769563,0.0008598452278589854,0.00524505588993981,0.4682717110920035,0.0017196904557179708,,0.02828890799656062,0.0008598452278589854,0.0025795356835769563,,0.021238177128116938,0.2867583834909716,0.0035253654342218403,,0.0017196904557179708,,,0.0035253654342218403,,,0.0008598452278589854,,,0.008770421324161651,,0.00524505588993981,,0.0008598452278589854,
,0.002751504729148753,,,,0.0008598452278589854,,,0.0018056749785038692,0.0018056749785038692,0.002751504729148753,,,0.004557179707652623,,,,0.0008598452278589854,,,,,0.0008598452278589854,0.03061049011177988,,,0.0008598452278589854,,0.0,,,,,,,0.0649183147033534,,,,,0.005503009458297506,0.023129836629406708,0.0008598452278589854,,0.0008598452278589854,0.0008598452278589854,,,,,0.003697334479793637,0.5079965606190886,0.002751504729148753,,0.02871883061049011,0.0008598452278589854,0.0018056749785038692,,0.012983662940670678,0.26990541702493553,0.003697334479793637,,,,,0.0018056749785038692,,,0.0008598452278589854,,,0.014789337919174549,0.0008598452278589854,,,0.0008598452278589854,0.004557179707652623
,,,,,0.000945829750644884,,,,0.000945829750644884,0.000945829750644884,,,0.004815133276010318,,,,,,,,,,0.03078245915735168,,,0.001891659501289768,,0.0,,,,,,,0.06259673258813414,0.000945829750644884,,,,,0.012467755803955288,,,,,,,0.000945829750644884,,0.002837489251934652,0.6276010318142734,0.001891659501289768,,0.017282889079965606,0.000945829750644884,0.005760963026655202,,0.014445399828030954,0.19853826311263972,0.005760963026655202,,,,,0.004815133276010318,,,,,,0.000945829750644884,,0.000945829750644884,,,0.000945829750644884
,0.002751504729148753,,,,,,,,0.0018056749785038692,0.002751504729148753,,,0.0018056749785038692,,0.003697334479793637,0.0008598452278589854,,,,,,0.0008598452278589854,0.05064488392089424,0.0018056749785038692,,0.0018056749785038692,,0.0,,,,,,,0.07876182287188306,0.0008598452278589854,,,,,0.013069647463456577,,,,0.002751504729148753,,,0.0018056749785038692,,0.007480653482373173,0.5333619948409286,,,0.028116938950988823,0.0008598452278589854,0.004643164230438521,,0.032760103181427344,0.22235597592433362,0.0018056749785038692,,,,,,,,,,,0.0008598452278589854,,,,0.0008598452278589854,0.0008598452278589854
,0.002837489251934652,,,,,0.002837489251934652,0.000945829750644884,0.002837489251934652,,0.002837489251934652,,,0.000945829750644884,,0.001891659501289768,0.000945829750644884,,0.000945829750644884,,0.003783319002579536,,0.000945829750644884,0.05417024935511608,0.000945829750644884,0.000945829750644884,0.001891659501289768,,0.0,,,,0.000945829750644884,,,0.06938950988822012,0.000945829750644884,,,,0.001891659501289768,0.028460877042132415,,,,0.000945829750644884,0.000945829750644884,,,,0.004729148753224419,0.45279449699054186,,,0.03895098882201204,,0.003783319002579536,0.000945829750644884,0.025623387790197766,0.27858985382631124,0.001891659501289768,,0.000945829750644884,,,0.000945829750644884,,,,,,0.006620808254514187,,,0.000945829750644884,,
,0.003697334479793637,,,,0.0008598452278589854,,0.0008598452278589854,,0.0008598452278589854,0.0018056749785038692,,,,,,,0.0008598452278589854,0.0018056749785038692,,,,,0.0410146173688736,0.0018056749785038692,,,,0.0,,,,0.0008598452278589854,,,0.0643164230438521,,,,0.0018056749785038692,0.0018056749785038692,0.016766981943250214,,0.0018056749785038692,,,,,0.003697334479793637,,0.004643164230438521,0.497506448839209,,,0.028890799656061908,,0.002751504729148753,0.0018056749785038692,0.024247635425623387,0.27334479793637145,,,0.0018056749785038692,,,,,,,,,0.013929492691315564,,,0.006448839208942391,,
0.0008598452278589854,0.004643164230438521,,,0.0008598452278589854,0.0008598452278589854,0.0008598452278589854,0.0018056749785038692,0.0008598452278589854,0.0008598452278589854,0.0018056749785038692,0.0008598452278589854,,,,0.0018056749785038692,0.0008598452278589854,,0.0008598452278589854,0.0018056749785038692,0.002751504729148753,,,0.05657781599312124,0.0008598452278589854,0.0008598452278589854,0.0018056749785038692,,0.0,,,,,,0.0008598452278589854,0.07265692175408427,,,,0.0018056749785038692,0.0008598452278589854,0.02166809974204643,,,,,0.0008598452278589854,,0.0008598452278589854,,0.004643164230438521,0.4632846087704212,0.0008598452278589854,,0.03301805674978504,,0.004643164230438521,0.0008598452278589854,0.029234737747205503,0.25666380051590715,,,0.002751504729148753,,,0.005588993981083405,,,0.0018056749785038692,,,0.006534823731728289,0.0008598452278589854,0.0018056749785038692,0.0018056749785038692,0.0008598452278589854,0.002751504729148753
,0.007566638005159072,,,,0.000945829750644884,0.000945829750644884,0.000945829750644884,0.004729148753224419,,0.001891659501289768,0.000945829750644884,,0.001891659501289768,,,,0.000945829750644884,0.004729148753224419,,0.002837489251934652,,,0.05064488392089424,,0.000945829750644884,0.002837489251934652,,0.0,,,,,,,0.09836629406706793,0.001891659501289768,,,,0.000945829750644884,0.018142734307824593,,,,,,,0.007566638005159072,0.000945829750644884,0.006620808254514187,0.31676698194325026,0.002837489251934652,,0.04582975064488392,0.002837489251934652,0.002837489251934652,,0.03241616509028375,0.3526225279449699,0.000945829750644884,,0.002837489251934652,,,0.008598452278589854,0.000945829750644884,,0.000945829750644884,,,0.005674978503869304,,0.001891659501289768,0.000945829750644884,0.001891659501289768,0.001891659501289768
,0.002751504729148753,,,,0.0008598452278589854,0.0008598452278589854,,,,0.0008598452278589854,0.0008598452278589854,,0.003697334479793637,,0.0008598452278589854,,,,,0.002751504729148753,,,0.031642304385210665,,,0.006448839208942391,,0.0,,0.0008598452278589854,,,,0.0008598452278589854,0.06603611349957007,0.002751504729148753,,,,0.003697334479793637,0.029750644883920895,,,,,0.0008598452278589854,,0.004643164230438521,0.0008598452278589854,0.004643164230438521,0.4688736027515047,0.003697334479793637,,0.021410146173688735,0.004643164230438521,0.012983662940670678,,0.029750644883920895,0.26259673258813415,,,0.004643164230438521,,,0.008340498710232158,,,0.0008598452278589854,,,0.012037833190025795,,,,0.0008598452278589854,0.002751504729148753
,,,,,0.0008598452278589854,0.0008598452278589854,,,,0.0008598452278589854,0.0008598452278589854,,,,,,,0.0008598452278589854,,0.002751504729148753,,,0.024247635425623387,,,0.002751504729148753,,0.0,,,,,,,0.041100601891659504,,,,,0.0008598452278589854,0.015821152192605333,,0.0018056749785038692,,,,,0.004643164230438521,,0.002751504729148753,0.7044711951848668,0.002751504729148753,,0.008340498710232158,0.002751504729148753,0.002751504729148753,,0.01117798796216681,0.1466895958727429,,,0.0018056749785038692,,,0.006534823731728289,0.0008598452278589854,,0.0008598452278589854,,,0.007394668959587274,0.0008598452278589854,0.0008598452278589854,,,0.0008598452278589854
,0.004643164230438521,,,,0.0018056749785038692,,,0.002751504729148753,0.0018056749785038692,0.0008598452278589854,,,0.0008598452278589854,,0.0008598452278589854,,0.0008598452278589854,,,,,,0.04600171969045572,,0.0008598452278589854,,,0.0,,,,,,,0.0647463456577816,,,,,0.0008598452278589854,0.013069647463456577,,,,,,,0.0018056749785038692,,0.016852966466036113,0.5472055030094582,,,0.016852966466036113,0.0008598452278589854,0.002751504729148753,,0.017798796216680998,0.23852106620808255,,,,,,0.0018056749785038692,,,0.0008598452278589854,,,0.00937231298366294,,0.0008598452278589854,0.0008598452278589854,0.0018056749785038692,0.0018056749785038692
,0.002063628546861565,0.0010318142734307824,,0.0010318142734307824,,,,0.002063628546861565,0.0010318142734307824,0.0030954428202923474,,,0.0010318142734307824,,0.0010318142734307824,,,,,0.0010318142734307824,,,0.057351676698194326,,,0.0010318142734307824,,0.0,,,,,,,0.05838349097162511,0.002063628546861565,,,,0.0010318142734307824,0.010404127257093724,,,,,0.002063628546861565,,0.002063628546861565,,0.0030954428202923474,0.4822012037833191,,0.0010318142734307824,0.03748925193465176,,,0.002063628546861565,0.014531384350816853,0.27962166809974204,,,0.00412725709372313,,,0.00412725709372313,,,0.0010318142734307824,,,0.016680997420464316,,,0.0010318142734307824,0.0010318142734307824,0.00412725709372313
,,,,,,0.0010318142734307824,,0.0021496130696474634,,0.0010318142734307824,,,,,0.0010318142734307824,,,0.0010318142734307824,,0.0021496130696474634,0.0010318142734307824,,0.06560619088564058,,0.0010318142734307824,0.0021496130696474634,,0.0,,,,,,,0.10395528804815134,0.004299226139294927,,,,0.004299226139294927,0.021840068787618228,,0.0032674118658641443,,,0.004299226139294927,,0.0021496130696474634,,0.008684436801375752,0.3031814273430782,,,0.0294926913155632,0.0021496130696474634,0.0021496130696474634,0.0010318142734307824,0.019690455717970765,0.3874462596732588,,,0.0021496130696474634,,,0.0010318142734307824,,,,,,0.018572656921754083,0.0010318142734307824,,,0.0010318142734307824,
,0.003181427343078246,,,,,,,0.002063628546861565,,0.0010318142734307824,,,,,,0.0010318142734307824,,,,,,,0.055460017196904556,0.0010318142734307824,0.0010318142734307824,,,0.0,,,,,,,0.09492691315563198,0.0010318142734307824,,,,0.003181427343078246,0.01599312123817713,,,,,,,0.004213241616509028,,0.007394668959587274,0.3701633705932932,0.0010318142734307824,,0.036285468615649186,,0.0010318142734307824,,0.03198624247635426,0.3404127257093723,,,0.0010318142734307824,,,,,,,,,0.010662080825451418,0.0010318142734307824,0.004213241616509028,,0.0010318142734307824,0.009544282029234737
,0.002063628546861565,,,0.004213241616509028,,0.002063628546861565,,0.007308684436801376,,0.002063628546861565,,,0.0030954428202923474,,,,,0.002063628546861565,,,,,0.06534823731728288,0.0030954428202923474,0.0010318142734307824,0.002063628546861565,,0.0,,,,,,,0.0885640584694755,0.0030954428202923474,,0.0010318142734307824,,0.002063628546861565,0.018916595012897677,,,,,,0.0010318142734307824,0.002063628546861565,0.002063628546861565,0.011521926053310405,0.3275150472914874,0.0010318142734307824,,0.04952708512467756,,0.0062768701633705935,,0.023129836629406708,0.3427343078245916,,,0.004213241616509028,,,0.002063628546861565,,,0.0010318142734307824,,,0.011521926053310405,0.0030954428202923474,0.0010318142734307824,,0.002063628546861565,
,0.0010318142734307824,,,0.002063628546861565,,,0.002063628546861565,0.002063628546861565,0.002063628546861565,0.002063628546861565,,,0.002063628546861565,,0.0010318142734307824,,,,,,,,0.03817712811693895,0.002063628546861565,,0.002063628546861565,,0.0,0.0010318142734307824,,,,,,0.10730868443680137,0.004213241616509028,,,0.0010318142734307824,0.004213241616509028,0.02760103181427343,,0.002063628546861565,,,0.006362854686156492,0.002063628546861565,,,0.003181427343078246,0.34892519346517625,0.004213241616509028,,0.06689595872742907,,0.006362854686156492,,0.03181427343078246,0.30386930352536545,,,,,,0.002063628546861565,,,0.0010318142734307824,0.0010318142734307824,,0.01057609630266552,0.003181427343078246,,,0.003181427343078246,0.0010318142734307824
,,,,,,0.0010318142734307824,,0.0030954428202923474,,0.0030954428202923474,,,0.002063628546861565,,,,,0.0010318142734307824,,,,,0.02527944969905417,0.002063628546861565,,0.00524505588993981,,0.0,,,,,,,0.06646603611349958,0.0010318142734307824,,,,0.00524505588993981,0.02527944969905417,,,,,,,,0.0010318142734307824,0.004213241616509028,0.5142734307824591,0.0062768701633705935,,0.023215821152192607,0.0010318142734307824,0.01049011177987962,,0.023215821152192607,0.23963886500429923,0.002063628546861565,,0.0010318142734307824,,,,,0.002063628546861565,0.004213241616509028,,,0.02106620808254514,0.0010318142734307824,,,0.004213241616509028,
0.000945829750644884,0.006620808254514187,,,,0.000945829750644884,,0.000945829750644884,0.001891659501289768,0.000945829750644884,0.000945829750644884,,,0.000945829750644884,,,,,,,0.000945829750644884,,,0.06913155631986242,0.001891659501289768,,0.002837489251934652,,0.0,,,,,,,0.07764402407566638,0.000945829750644884,,,,0.000945829750644884,0.010404127257093724,,,,,,,0.000945829750644884,0.000945829750644884,0.002837489251934652,0.42141014617368877,,,0.02648323301805675,0.000945829750644884,0.004729148753224419,,0.02175408426483233,0.32682717110920034,,,,,,0.000945829750644884,,,0.002837489251934652,,,0.009458297506448839,,,,0.000945829750644884,
0.0008598452278589854,0.0026655202063628545,,,,0.0008598452278589854,,0.0008598452278589854,0.004471195184866724,0.0017196904557179708,0.0017196904557179708,,,0.005331040412725709,,,0.0008598452278589854,,0.0035253654342218403,,0.0008598452278589854,,,0.049613069647463454,0.0017196904557179708,,0.0026655202063628545,,0.0,,,,,,,0.07128116938950989,0.004471195184866724,,,,,0.016165090283748924,,,,0.0026655202063628545,,,0.0017196904557179708,,0.0017196904557179708,0.40154772141014616,,,0.02880481513327601,,0.0017196904557179708,,0.0351676698194325,0.34015477214101464,,,0.0017196904557179708,,,0.0017196904557179708,,,0.0008598452278589854,,,0.011693895098882202,,,,0.0008598452278589854,
,0.0035253654342218403,,,,,,0.0008598452278589854,0.0008598452278589854,0.0017196904557179708,0.0008598452278589854,,,0.0035253654342218403,,0.0008598452278589854,0.0008598452278589854,,0.0026655202063628545,,,,,0.03920894239036973,0.0008598452278589854,,0.0026655202063628545,,0.0,,0.0026655202063628545,,,,,0.07308684436801376,0.0008598452278589854,,,,0.0008598452278589854,0.009802235597592433,,,,,,,0.0017196904557179708,,0.006190885640584695,0.5311263972484954,,,0.03473774720550301,,0.0017196904557179708,0.0017196904557179708,0.01693895098882201,0.2344797936371453,,,0.0026655202063628545,0.0008598452278589854,,0.006190885640584695,,,,,,0.013327601031814273,,0.0008598452278589854,,,0.0017196904557179708
,0.004643164230438521,,,,,0.0008598452278589854,,0.0018056749785038692,0.0018056749785038692,0.005503009458297506,,,0.002751504729148753,,,,,0.0018056749785038692,,,,,0.06405846947549441,0.002751504729148753,,0.002751504729148753,,0.0,,,,,,,0.10954428202923473,0.004643164230438521,,,,0.0018056749785038692,0.020378331900257955,,,,,0.0008598452278589854,,0.003697334479793637,0.0008598452278589854,0.004643164230438521,0.32347377472055017,0.0008598452278589854,,0.03061049011177988,,0.006448839208942391,0.0018056749785038692,0.03336199484092863,0.34445399828030954,,,0.005503009458297506,,,,,,0.003697334479793637,,,0.011092003439380911,0.0008598452278589854,0.0018056749785038692,,0.0008598452278589854,
0.000945829750644884,0.004729148753224419,,,,0.000945829750644884,0.003783319002579536,0.000945829750644884,0.003783319002579536,0.000945829750644884,0.002837489251934652,,,0.002837489251934652,,0.000945829750644884,,,0.004729148753224419,,,,,0.06818572656921754,0.002837489251934652,,,,0.0,,,,,,,0.12123817712811694,0.001891659501289768,,,,0.001891659501289768,0.014187446259673258,,0.000945829750644884,,,,0.004729148753224419,0.004729148753224419,0.001891659501289768,0.007566638005159072,0.2632846087704216,0.000945829750644884,,0.050128976784178846,0.001891659501289768,0.007566638005159072,0.001891659501289768,0.028374892519346516,0.3647463456577816,,,0.002837489251934652,,,0.000945829750644884,,0.001891659501289768,0.001891659501289768,,0.000945829750644884,0.008512467755803955,,0.004729148753224419,,0.000945829750644884,0.000945829750644884
,0.0029234737747205505,,,,,0.000945829750644884,,0.0019776440240756666,0.000945829750644884,0.003955288048151333,,,0.000945829750644884,,,,0.000945829750644884,0.0029234737747205505,0.000945829750644884,,,,0.05064488392089424,0.000945829750644884,,0.000945829750644884,,0.0,,,,,,,0.09527085124677558,0.0029234737747205505,,0.0019776440240756666,,0.0019776440240756666,0.025795356835769563,,0.000945829750644884,,0.000945829750644884,,0.0029234737747205505,0.007910576096302666,0.000945829750644884,0.005932932072226999,0.2504729148753225,0.004901117798796217,,0.05752364574376612,,0.011865864144453998,,0.04170249355116079,0.375408426483233,,0.0019776440240756666,0.0019776440240756666,0.0019776440240756666,,0.003955288048151333,,,0.000945829750644884,,,0.02871883061049011,,,,,0.0019776440240756666
,0.0029234737747205505,,,,0.000945829750644884,,0.000945829750644884,0.0019776440240756666,,0.0029234737747205505,,,0.0019776440240756666,,,,,0.000945829750644884,,0.0019776440240756666,0.000945829750644884,,0.03766122098022356,0.0019776440240756666,,0.000945829750644884,,0.0,,,,,,,0.07429062768701633,0.004901117798796217,,,,0.0029234737747205505,0.016766981943250214,,0.0029234737747205505,,,0.000945829750644884,,0.0029234737747205505,,0.005932932072226999,0.4711092003439381,0.0029234737747205505,0.000945829750644884,0.03662940670679278,,0.010834049871023215,,0.03267411865864144,0.25468615649183146,0.000945829750644884,,0.000945829750644884,,,0.000945829750644884,,0.000945829750644884,0.000945829750644884,,,0.012811693895098883,0.0019776440240756666,,,,0.0029234737747205505
,0.000945829750644884,,,,,,,0.000945829750644884,0.000945829750644884,0.001891659501289768,,,0.001891659501289768,,,,,,,,0.000945829750644884,,0.06861564918314704,0.000945829750644884,0.000945829750644884,0.000945829750644884,,0.0,,,,,,,0.07532244196044711,0.000945829750644884,,,,0.001891659501289768,0.01711092003439381,,0.000945829750644884,,,,0.001891659501289768,0.006620808254514187,,0.008512467755803955,0.38168529664660356,0.001891659501289768,,0.021926053310404127,0.003783319002579536,0.004729148753224419,,0.022871883061049012,0.3300085984522786,0.000945829750644884,,0.000945829750644884,,,,,0.000945829750644884,0.003783319002579536,,,0.026655202063628546,0.001891659501289768,0.003783319002579536,,0.001891659501289768,
,0.000945829750644884,,,,,,,0.008512467755803955,0.000945829750644884,0.000945829750644884,,,0.000945829750644884,,,,,,,,0.000945829750644884,,0.0588993981083405,,0.001891659501289768,0.003783319002579536,,0.0,,,,0.000945829750644884,,,0.07790197764402408,,,,,0.003783319002579536,0.017970765262252796,,,,,,,0.000945829750644884,0.000945829750644884,0.007566638005159072,0.43989681857265694,0.001891659501289768,,0.03895098882201204,,0.004729148753224419,,0.027515047291487533,0.28116938950988823,,,0.002837489251934652,,,,,,0.000945829750644884,,,0.013241616509028374,,,,0.000945829750644884,
,0.000945829750644884,,,,,,,0.0029234737747205505,0.000945829750644884,0.003955288048151333,,,0.0019776440240756666,,,,0.000945829750644884,0.000945829750644884,0.0019776440240756666,,0.000945829750644884,,0.07257093723129837,,0.0019776440240756666,0.000945829750644884,,0.0,,,,,,,0.08744625967325881,0.000945829750644884,,,,,0.020808254514187448,,,,0.000945829750644884,,0.000945829750644884,,0.000945829750644884,0.008942390369733448,0.28950988822012036,0.000945829750644884,,0.039724849527085125,0.0019776440240756666,0.011865864144453998,0.0019776440240756666,0.02777300085984523,0.35193465176268274,0.0019776440240756666,,0.0029234737747205505,,,0.0029234737747205505,0.011865864144453998,0.0019776440240756666,0.003955288048151333,,,0.025795356835769563,0.0019776440240756666,0.0019776440240756666,,0.006878761822871883,
,0.0019776440240756666,,,,0.000945829750644884,,,0.004041272570937231,0.004041272570937231,0.000945829750644884,,,0.0060189165950128975,,,,,0.000945829750644884,0.0030094582975064487,,0.000945829750644884,,0.06801375752364575,,0.000945829750644884,0.000945829750644884,,0.0,,,,,,,0.14015477214101463,0.005073086844368014,,,,,0.020292347377472056,,,,,,,0.0030094582975064487,0.000945829750644884,0.008082545141874462,0.2539982803095443,0.000945829750644884,0.000945829750644884,0.049699054170249356,0.000945829750644884,0.009114359415305246,,0.03757523645743766,0.3402407566638005,,,0.0030094582975064487,,,,0.011092003439380911,,0.0060189165950128975,,,0.008082545141874462,0.0019776440240756666,0.000945829750644884,,0.005073086844368014,
,0.000945829750644884,,,,0.000945829750644884,,0.001891659501289768,0.006706792777300086,0.002837489251934652,,,,0.002837489251934652,,,,,0.003783319002579536,0.000945829750644884,0.000945829750644884,,,0.04445399828030954,0.003783319002579536,,0.004815133276010318,,0.0,,,,,,,0.11891659501289768,0.001891659501289768,,,0.001891659501289768,0.001891659501289768,0.017368873602751505,,0.000945829750644884,,0.000945829750644884,,0.000945829750644884,0.000945829750644884,0.001891659501289768,0.000945829750644884,0.23181427343078242,0.000945829750644884,0.000945829750644884,0.06276870163370593,0.001891659501289768,0.003783319002579536,,0.029922613929492692,0.42055030094582974,,,0.003783319002579536,,,,0.006706792777300086,,0.002837489251934652,,,0.008684436801375752,,,,0.001891659501289768,
,0.0060189165950128975,,,,,,0.003955288048151333,0.003955288048151333,0.0060189165950128975,,,,0.009028374892519347,,0.003955288048151333,,0.0019776440240756666,0.0060189165950128975,,0.000945829750644884,,,0.04213241616509028,0.0019776440240756666,0.0030094582975064487,0.0030094582975064487,,0.0,,,,,,,0.1354256233877902,0.0019776440240756666,,,0.0030094582975064487,0.000945829750644884,0.025021496130696475,,0.000945829750644884,,0.0060189165950128975,,,,0.003955288048151333,0.000945829750644884,0.1333619948409287,0.003955288048151333,,0.11031814273430783,,0.012037833190025795,0.000945829750644884,0.053138435081685295,0.3772141014617369,,,0.006964746345657782,,,0.004987102321582115,0.009028374892519347,0.000945829750644884,0.000945829750644884,,,0.012983662940670678,,0.0019776440240756666,,,0.000945829750644884
,0.00412725709372313,,,,0.00412725709372313,,0.002063628546861565,0.0030954428202923474,0.00412725709372313,0.002063628546861565,,,0.005159071367153913,,0.0030954428202923474,,,0.00825451418744626,,0.0010318142734307824,,,0.024935511607910577,0.006190885640584695,0.002063628546861565,0.0010318142734307824,,0.0,,,,,,,0.10386930352536543,0.0030954428202923474,,,0.002063628546861565,0.0010318142734307824,0.02175408426483233,0.0010318142734307824,0.0010318142734307824,,0.00412725709372313,,,,0.00412725709372313,,0.40343938091143594,0.00412725709372313,,0.06852966466036113,,0.007222699914015477,0.002063628546861565,0.029062768701633705,0.24316423043852106,,,0.00412725709372313,,,0.0010318142734307824,0.009286328460877041,0.002063628546861565,0.00412725709372313,,,0.007222699914015477,,,,,0.0010318142734307824
,0.003869303525365434,,,,,,0.000945829750644884,0.0029234737747205505,0.0029234737747205505,,,,0.001891659501289768,,,,,0.000945829750644884,,,,,0.04866723989681857,0.001891659501289768,0.000945829750644884,0.0029234737747205505,,0.0,,,,,,,0.09939810834049871,,,,0.0029234737747205505,,0.017540842648323302,0.000945829750644884,,0.000945829750644884,0.0029234737747205505,,,0.000945829750644884,0.001891659501289768,0.0029234737747205505,0.31883061049011185,0.001891659501289768,,0.07403267411865865,,0.004815133276010318,,0.023387790197764404,0.3527085124677558,,0.000945829750644884,0.004815133276010318,,,,0.0067927773000859846,,0.001891659501289768,,,0.004815133276010318,,0.000945829750644884,0.001891659501289768,0.0029234737747205505,0.000945829750644884
,0.001891659501289768,,,,0.000945829750644884,,0.001891659501289768,0.0067927773000859846,0.001891659501289768,,,,0.008770421324161651,,,,,0.001891659501289768,,,0.000945829750644884,,0.0645743766122098,,0.001891659501289768,0.003869303525365434,,0.0,,,,,,,0.09105760963026656,0.000945829750644884,,,,0.0029234737747205505,0.027343078245915736,0.000945829750644884,0.001891659501289768,,0.003869303525365434,,,0.0029234737747205505,0.000945829750644884,0.000945829750644884,0.31599312123817713,0.000945829750644884,,0.059673258813413586,,0.000945829750644884,,0.02639724849527085,0.33783319002579537,,,0.007824591573516768,,,0.001891659501289768,0.009716251074806535,,,,,0.0067927773000859846,0.000945829750644884,,,,0.001891659501289768
,0.000945829750644884,,,,,,,0.004729148753224419,0.003783319002579536,,,,0.000945829750644884,,,,0.000945829750644884,0.000945829750644884,,,,,0.05356835769561479,,0.000945829750644884,0.000945829750644884,,0.0,,,,,,,0.12046431642304385,0.002837489251934652,,,,0.001891659501289768,0.01238177128116939,0.000945829750644884,,,0.004729148753224419,0.001891659501289768,,0.000945829750644884,0.001891659501289768,0.000945829750644884,0.271969045571797,0.000945829750644884,,0.05253654342218401,0.000945829750644884,0.001891659501289768,,0.028632846087704212,0.394067067927773,,,0.005674978503869304,,,,0.009544282029234737,,,,,0.013327601031814273,0.001891659501289768,,,0.000945829750644884,0.000945829750644884
,0.0008598452278589854,,,,,,,0.005503009458297506,0.0036113499570077385,,,,0.005503009458297506,,,,,,0.0008598452278589854,0.0018056749785038692,,0.0008598452278589854,0.05348237317282889,0.002751504729148753,,0.0008598452278589854,,0.0,,,,,,,0.1116079105760963,,,,,0.0018056749785038692,0.012897678417884782,0.0008598452278589854,,,0.0036113499570077385,,,,0.0018056749785038692,0.0018056749785038692,0.308512467755804,0.0008598452278589854,,0.04978503869303525,0.0008598452278589854,0.0018056749785038692,,0.0349957007738607,0.3570077386070507,,0.0036113499570077385,0.0036113499570077385,,,,0.010146173688736028,0.0008598452278589854,,,,0.011951848667239896,,0.002751504729148753,,0.002751504729148753,
,0.004815133276010318,,,,,,,0.0029234737747205505,0.001891659501289768,0.000945829750644884,,,0.012639724849527086,,,,,0.001891659501289768,0.001891659501289768,0.003869303525365434,,,0.04582975064488392,0.001891659501289768,0.001891659501289768,0.000945829750644884,,0.0,,,,0.000945829750644884,,,0.11994840928632847,0.0029234737747205505,,,0.0029234737747205505,0.000945829750644884,0.020464316423043853,0.000945829750644884,0.000945829750644884,,0.004815133276010318,,,,0.000945829750644884,0.001891659501289768,0.09234737747205513,0.001891659501289768,,0.07893379191745485,0.000945829750644884,0.015563198624247635,,0.048753224419604474,0.4769561478933792,,,0.001891659501289768,,,0.000945829750644884,0.012639724849527086,,0.000945829750644884,,,0.024333619948409286,,0.001891659501289768,,0.001891659501289768,0.000945829750644884
0.001891659501289768,0.0029234737747205505,,,,,,,0.009802235597592433,0.001891659501289768,0.000945829750644884,,,0.013671539122957868,,0.000945829750644884,,,0.001891659501289768,,0.0067927773000859846,,,0.0529664660361135,0.004901117798796217,0.001891659501289768,0.001891659501289768,,0.0,,,,0.003869303525365434,,,0.13147033533963887,0.0029234737747205505,,,0.004901117798796217,0.001891659501289768,0.03430782459157352,,,,0.0029234737747205505,0.000945829750644884,,,,0.000945829750644884,0.05262252794497002,0.003869303525365434,,0.08925193465176268,0.000945829750644884,0.011693895098882202,,0.048065348237317285,0.4650902837489252,,,0.000945829750644884,,,0.0029234737747205505,0.01470335339638865,0.000945829750644884,0.001891659501289768,,,0.012725709372312984,0.000945829750644884,0.000945829750644884,,0.004901117798796217,0.000945829750644884
,0.0029234737747205505,0.000945829750644884,,,,,,0.013929492691315564,0.0019776440240756666,0.000945829750644884,,,0.01590713671539123,,,,0.000945829750644884,,,0.0029234737747205505,,,0.03877901977644024,0.0029234737747205505,0.0019776440240756666,0.007910576096302666,,0.0,,,,0.000945829750644884,,,0.0885640584694755,0.007910576096302666,,,0.0029234737747205505,,0.017884780739466897,,0.000945829750644884,,0.0019776440240756666,,0.0019776440240756666,,0.0019776440240756666,,0.3276870163370592,0.0029234737747205505,,0.03774720550300946,,0.009888220120378332,,0.03774720550300946,0.32244196044711954,,,0.009888220120378332,,,0.000945829750644884,0.007910576096302666,0.000945829750644884,0.0019776440240756666,,,0.013929492691315564,0.003955288048151333,0.0029234737747205505,,0.000945829750644884,0.000945829750644884
,0.0008598452278589854,,,,,,,0.007480653482373173,0.002751504729148753,0.0008598452278589854,,,0.0008598452278589854,,,,,0.0008598452278589854,,0.002751504729148753,,,0.03662940670679278,0.002751504729148753,0.0008598452278589854,,,0.0,,,,,,,0.06766981943250215,0.002751504729148753,,,,0.0018056749785038692,0.019690455717970765,0.0008598452278589854,0.0008598452278589854,,0.002751504729148753,,0.0018056749785038692,0.0008598452278589854,0.002751504729148753,,0.35709372312983656,0.0008598452278589854,,0.0705073086844368,0.0008598452278589854,0.004643164230438521,,0.02631126397248495,0.34402407566638005,,,0.005588993981083405,,,0.004643164230438521,0.010318142734307825,,,,,0.013155631986242476,0.0008598452278589854,,,0.0018056749785038692,0.0008598452278589854
0.000945829750644884,,,,,,,,0.003783319002579536,0.001891659501289768,,,,0.002837489251934652,,,,,,,0.002837489251934652,,,0.049699054170249356,0.003783319002579536,0.003783319002579536,,,0.0,,,,,,,0.08985382631126397,0.001891659501289768,,,0.001891659501289768,0.000945829750644884,0.013327601031814273,,,,0.000945829750644884,,0.003783319002579536,,0.001891659501289768,0.002837489251934652,0.3455717970765263,0.000945829750644884,,0.043938091143594156,,0.000945829750644884,0.000945829750644884,0.019088564058469475,0.3768701633705933,,,0.008598452278589854,,,,0.005674978503869304,,0.001891659501289768,,,0.00765262252794497,,0.000945829750644884,,,
0.0008598452278589854,,,,0.002751504729148753,,,,0.0036113499570077385,0.0018056749785038692,,,,0.0008598452278589854,,,,,,,0.0036113499570077385,,,0.049613069647463454,0.0018056749785038692,0.0008598452278589854,,0.0018056749785038692,0.0,,,0.0008598452278589854,0.002751504729148753,,,0.0817712811693895,0.002751504729148753,,,0.0008598452278589854,0.0018056749785038692,0.012811693895098883,0.002751504729148753,0.0008598452278589854,,0.0008598452278589854,,0.0008598452278589854,,0.0008598452278589854,0.0008598452278589854,0.41616509028374904,0.0008598452278589854,,0.06061908856405847,0.0008598452278589854,0.005503009458297506,0.0018056749785038692,0.023817712811693894,0.2867583834909716,,,0.004557179707652623,,,0.0008598452278589854,0.009114359415305246,0.0018056749785038692,0.0018056749785038692,,,0.005503009458297506,0.0008598452278589854,,,0.0008598452278589854,
,0.003783319002579536,,0.000945829750644884,,0.001891659501289768,,,0.001891659501289768,0.000945829750644884,0.000945829750644884,,,0.001891659501289768,,,,,0.002837489251934652,,0.000945829750644884,,,0.06827171109200345,0.001891659501289768,,0.003783319002579536,,0.0,,,,,,0.001891659501289768,0.07876182287188306,0.002837489251934652,,,,0.001891659501289768,0.019862424763542563,,0.000945829750644884,,0.001891659501289768,,0.000945829750644884,0.003783319002579536,0.000945829750644884,0.000945829750644884,0.24883920894239053,0.001891659501289768,,0.08632846087704213,0.001891659501289768,0.012295786758383491,,0.035081685296646604,0.3748925193465176,,,0.007566638005159072,,,0.000945829750644884,0.006620808254514187,,0.000945829750644884,,,0.012295786758383491,0.001891659501289768,0.000945829750644884,,0.002837489251934652,
,0.0008598452278589854,0.0018056749785038692,,,,0.0018056749785038692,,0.005588993981083405,0.0018056749785038692,0.0008598452278589854,,,0.005588993981083405,,0.0008598452278589854,,,0.0008598452278589854,,0.005588993981083405,,,0.07403267411865865,0.003697334479793637,0.0018056749785038692,0.003697334479793637,,0.0,,0.0008598452278589854,,,,0.0018056749785038692,0.08529664660361135,0.0008598452278589854,,,,0.008426483233018056,0.016852966466036113,,0.0008598452278589854,,0.0008598452278589854,0.0008598452278589854,0.002751504729148753,0.004643164230438521,0.002751504729148753,0.0018056749785038692,0.2101461736887359,0.0018056749785038692,,0.0468615649183147,0.002751504729148753,0.014961306964746346,0.0018056749785038692,0.028116938950988823,0.4077386070507309,,,0.00937231298366294,,,0.00937231298366294,0.005588993981083405,0.0008598452278589854,0.0008598452278589854,,,0.017798796216680998,,0.0018056749785038692,,0.0008598452278589854,0.0018056749785038692
,0.001891659501289768,,,,,,,0.014359415305245055,0.005674978503869304,0.006620808254514187,,,0.00765262252794497,,,,,0.004729148753224419,,0.006620808254514187,,,0.054514187446259674,0.01049011177987962,0.002837489251934652,0.003783319002579536,,0.0,,0.000945829750644884,,,,0.002837489251934652,0.06792777300085985,0.004729148753224419,,0.006620808254514187,0.005674978503869304,0.005674978503869304,0.025795356835769563,,0.000945829750644884,,0.003783319002579536,,0.002837489251934652,0.004729148753224419,0.001891659501289768,0.004729148753224419,0.08168529664660373,,,0.1464316423043852,0.005674978503869304,0.011435941530524506,,0.047807394668959585,0.4011177987962167,,0.002837489251934652,0.01530524505588994,,,0.005674978503869304,0.006620808254514187,,0.001891659501289768,,,0.009544282029234737,0.004729148753224419,0.000945829750644884,,,
,0.0008598452278589854,,,,,0.0008598452278589854,,0.012209802235597592,,0.002751504729148753,,0.0008598452278589854,0.011263972484952709,,,,,0.007480653482373173,,0.006534823731728289,,,0.05442820292347377,0.002751504729148753,0.0018056749785038692,0.003697334479793637,,0.0,,,0.0008598452278589854,,,0.0018056749785038692,0.07042132416165091,0.0008598452278589854,,,,0.002751504729148753,0.027171109200343938,,,,0.004643164230438521,0.0018056749785038692,0.002751504729148753,0.0018056749785038692,0.0018056749785038692,0.0018056749785038692,0.23955288048151335,,0.0008598452278589854,0.10988822012037833,0.0018056749785038692,0.013069647463456577,0.0008598452278589854,0.03473774720550301,0.32493551160791057,,0.003697334479793637,0.007480653482373173,,,0.002751504729148753,0.010318142734307825,,0.0018056749785038692,,,0.022527944969905418,,0.0008598452278589854,,0.0008598452278589854,
,,0.000945829750644884,,,,,,0.001891659501289768,,,,,,,0.000945829750644884,0.000945829750644884,,0.002837489251934652,,,,,0.06878761822871883,0.000945829750644884,,,,0.0,,,0.000945829750644884,,,,0.09269131556319862,,,,0.001891659501289768,0.002837489251934652,0.02476354256233878,,0.000945829750644884,,0.000945829750644884,,0.003783319002579536,,,0.000945829750644884,0.23920894239036972,,0.001891659501289768,0.0410146173688736,0.002837489251934652,0.002837489251934652,0.004729148753224419,0.03147033533963887,0.4233018056749785,,,0.005674978503869304,,,,0.006620808254514187,,0.000945829750644884,,,0.029578675838349097,,,,0.002837489251934652,
,0.000945829750644884,0.000945829750644884,,,,0.001891659501289768,,0.001891659501289768,,,0.000945829750644884,,0.009630266552020636,,,,,,,,,,0.04333619948409286,0.000945829750644884,0.002837489251934652,0.001891659501289768,,0.0,,,,,,,0.08469475494411006,,,,0.000945829750644884,0.000945829750644884,0.017282889079965606,,0.001891659501289768,,0.003783319002579536,,0.001891659501289768,,0.000945829750644884,,0.24488392089423916,0.000945829750644884,0.000945829750644884,0.0885640584694755,0.003783319002579536,0.006706792777300086,,0.03748925193465176,0.40257953568357696,,,0.011521926053310405,,,,0.000945829750644884,,0.000945829750644884,,,0.020206362854686157,,0.001891659501289768,,0.000945829750644884,
,0.0008598452278589854,,,,,,,0.0018056749785038692,,,,0.0018056749785038692,0.002751504729148753,,,,,0.0018056749785038692,,0.0018056749785038692,,,0.052020636285468616,0.0018056749785038692,0.0008598452278589854,0.0008598452278589854,,0.0,,,0.0008598452278589854,,,,0.11719690455717971,0.002751504729148753,,,,0.004643164230438521,0.03155631986242476,,0.003697334479793637,,0.002751504729148753,,0.0008598452278589854,,0.0008598452278589854,0.002751504729148753,0.20008598452278592,0.002751504729148753,0.0008598452278589854,0.06784178847807394,0.006448839208942391,0.008340498710232158,,0.040928632846087706,0.4102321582115219,,0.0008598452278589854,0.009286328460877041,,,0.0008598452278589854,0.0008598452278589854,0.0008598452278589854,0.0018056749785038692,,,0.010232158211521927,0.0008598452278589854,0.0008598452278589854,,0.0008598452278589854,0.0008598452278589854
,0.0043852106620808256,,,,0.0008598452278589854,,,0.0017196904557179708,0.0008598452278589854,,,0.0008598452278589854,0.00524505588993981,,0.0017196904557179708,,,0.0008598452278589854,,0.0043852106620808256,0.0008598452278589854,,0.06414445399828031,,0.0017196904557179708,0.0008598452278589854,,0.0,,,,,,0.0008598452278589854,0.10730868443680137,0.0025795356835769563,,,0.0008598452278589854,0.0025795356835769563,0.017540842648323302,,0.0017196904557179708,,0.0008598452278589854,0.0043852106620808256,,0.0025795356835769563,,0.0017196904557179708,0.24832330180567508,0.0025795356835769563,,0.06680997420464316,0.0025795356835769563,0.0043852106620808256,,0.04221840068787618,0.35975924333619946,0.0025795356835769563,,0.006104901117798796,,,0.0043852106620808256,,,0.0017196904557179708,,,0.021926053310404127,,0.0025795356835769563,,0.0017196904557179708,0.0008598452278589854
,0.0034393809114359416,,,,0.0025795356835769563,,0.0008598452278589854,0.005159071367153913,,0.0034393809114359416,0.0008598452278589854,0.0008598452278589854,0.0025795356835769563,,0.007738607050730868,,0.0008598452278589854,0.004299226139294927,0.0008598452278589854,0.009458297506448839,0.0025795356835769563,,0.050816852966466035,0.0017196904557179708,,0.0017196904557179708,,0.0,,,,,,0.0008598452278589854,0.12141014617368874,0.0034393809114359416,,,,0.0008598452278589854,0.015477214101461736,0.0008598452278589854,0.0017196904557179708,,0.004299226139294927,,0.0017196904557179708,0.0025795356835769563,0.0008598452278589854,0.0025795356835769563,0.15030094582975062,0.0025795356835769563,0.0008598452278589854,0.06801375752364575,0.0008598452278589854,0.01117798796216681,,0.03611349957007739,0.422871883061049,,0.0008598452278589854,0.0060189165950128975,,,0.010318142734307825,,,0.0025795356835769563,0.0008598452278589854,,0.024935511607910577,0.0025795356835769563,,,0.0025795356835769563,
,0.0036113499570077385,,,0.002751504729148753,0.007308684436801376,0.0008598452278589854,,0.009200343938091144,0.0008598452278589854,0.006448839208942391,0.002751504729148753,,0.01840068787618229,0.0008598452278589854,0.005503009458297506,,,0.00825451418744626,0.0036113499570077385,0.011006018916595013,,,0.051590713671539126,0.0036113499570077385,0.005503009458297506,0.0018056749785038692,,0.0,,,,,,,0.09767841788478074,0.006448839208942391,,0.002751504729148753,,0.0018056749785038692,0.03774720550300946,,,,0.0008598452278589854,,,0.002751504729148753,,0.0008598452278589854,0.12510748065348232,0.002751504729148753,,0.07738607050730868,0.009200343938091144,0.01470335339638865,,0.0414445399828031,0.37790197764402406,,,0.017454858125537404,0.0008598452278589854,,0.004557179707652623,0.0008598452278589854,,0.004557179707652623,,,0.023903697334479793,0.0008598452278589854,0.002751504729148753,,0.0008598452278589854,
,0.0026655202063628545,,,0.004471195184866724,0.009028374892519347,0.0008598452278589854,0.0008598452278589854,0.0026655202063628545,0.0008598452278589854,0.00997420464316423,0.0008598452278589854,0.0008598452278589854,0.02631126397248495,,0.0018056749785038692,,,0.007222699914015477,0.0026655202063628545,0.008082545141874462,0.0026655202063628545,,0.02175408426483233,0.0062768701633705935,0.0026655202063628545,0.004471195184866724,,0.0,,,,,,,0.07343078245915735,0.0036113499570077385,,0.0036113499570077385,,0.0026655202063628545,0.028116938950988823,,0.0026655202063628545,0.0026655202063628545,0.005417024935511608,,0.0008598452278589854,0.004471195184866724,0.0026655202063628545,,0.24617368873602752,0.0026655202063628545,,0.059845227858985384,0.008082545141874462,0.00997420464316423,0.0008598452278589854,0.02631126397248495,0.35107480653482376,,,0.013585554600171969,,,0.012639724849527086,,,0.0008598452278589854,,,0.019002579535683576,,0.0008598452278589854,,0.0008598452278589854,
,0.0035253654342218403,,,,0.0017196904557179708,0.0017196904557179708,,0.0035253654342218403,,0.0017196904557179708,0.0008598452278589854,0.0008598452278589854,0.01590713671539123,,,,,0.007910576096302666,0.00524505588993981,0.0025795356835769563,0.0043852106620808256,,0.021238177128116938,0.0008598452278589854,,0.0043852106620808256,,0.0,,,,,,,0.10292347377472055,0.0017196904557179708,,0.0017196904557179708,0.0008598452278589854,0.0025795356835769563,0.016852966466036113,0.0008598452278589854,0.0017196904557179708,,0.0008598452278589854,0.0008598452278589854,0.0008598452278589854,0.0035253654342218403,,0.0025795356835769563,0.3885640584694755,0.0025795356835769563,,0.03456577815993121,0.00524505588993981,0.00885640584694755,0.0008598452278589854,0.022184006878761823,0.2760103181427343,,,0.015047291487532245,0.0008598452278589854,,0.0070507308684436805,,,0.0017196904557179708,,,0.020378331900257955,,0.0008598452278589854,,0.0008598452278589854,
0.0008598452278589854,0.002751504729148753,,,,,,,0.004643164230438521,0.0008598452278589854,,,,0.004643164230438521,,0.0018056749785038692,,,0.006534823731728289,,,0.0008598452278589854,,0.049613069647463454,0.0018056749785038692,0.0018056749785038692,0.0008598452278589854,,0.0,,,,,,,0.10498710232158212,0.003697334479793637,,,0.0018056749785038692,0.0008598452278589854,0.017798796216680998,,0.0008598452278589854,,0.003697334479793637,,0.003697334479793637,,,,0.24359415305245047,0.003697334479793637,,0.08435081685296647,0.0008598452278589854,0.00937231298366294,0.0018056749785038692,0.03654342218400688,0.3759243336199484,0.0008598452278589854,0.002751504729148753,0.010232158211521927,,,0.0008598452278589854,,,0.0008598452278589854,,,0.01117798796216681,0.0008598452278589854,0.0018056749785038692,,,
0.0018056749785038692,0.0008598452278589854,0.0018056749785038692,,,,,0.0008598452278589854,0.007308684436801376,,0.0008598452278589854,,,0.0036113499570077385,,,,,0.004557179707652623,0.0008598452278589854,0.0008598452278589854,0.0008598452278589854,,0.06001719690455718,0.004557179707652623,,0.0018056749785038692,,0.0,,,,,,,0.1181427343078246,0.0018056749785038692,,0.0008598452278589854,0.005503009458297506,,0.02304385210662081,,0.0008598452278589854,,0.0036113499570077385,0.0018056749785038692,0.004557179707652623,,0.0018056749785038692,0.0008598452278589854,0.27523645743766123,0.0018056749785038692,,0.05812553740326741,0.0008598452278589854,0.0036113499570077385,,0.02768701633705933,0.3536543422184007,,0.0018056749785038692,0.011951848667239896,,,0.0018056749785038692,,,,,,0.006448839208942391,0.0008598452278589854,0.0008598452278589854,,,0.0018056749785038692
0.0008598452278589854,0.0062768701633705935,0.0008598452278589854,,0.0008598452278589854,,,0.0008598452278589854,0.0018056749785038692,,,,,0.0026655202063628545,,,,,0.0026655202063628545,0.0008598452278589854,0.0008598452278589854,,,0.044368013757523646,0.0026655202063628545,,0.004471195184866724,,0.0,,0.0008598452278589854,,,,,0.08693035253654342,0.0018056749785038692,,,,0.0036113499570077385,0.017196904557179708,,0.0008598452278589854,,0.0036113499570077385,,0.005417024935511608,,,,0.29036973344797945,0.0008598452278589854,,0.06784178847807394,0.0008598452278589854,0.0062768701633705935,,0.02527944969905417,0.39028374892519346,,,0.0062768701633705935,,,0.0008598452278589854,,,,,,0.017196904557179708,0.0008598452278589854,,,0.0026655202063628545,
,0.004557179707652623,,,0.0018056749785038692,0.0008598452278589854,,,0.012811693895098883,0.0018056749785038692,0.004557179707652623,,,0.00816852966466036,,,,0.0008598452278589854,0.007308684436801376,,0.0026655202063628545,,,0.06956147893379191,0.0026655202063628545,0.0018056749785038692,0.0036113499570077385,,0.0,,,,,,,0.13000859845227858,0.006362854686156492,,,,0.0018056749785038692,0.03198624247635426,,,,0.0026655202063628545,,0.0026655202063628545,0.0008598452278589854,,,0.035425623387790206,0.0008598452278589854,,0.1006878761822872,0.004557179707652623,0.013671539122957868,,0.03293207222699914,0.4523645743766122,,,0.010920034393809114,,,0.0026655202063628545,,,0.006362854686156492,,,0.03748925193465176,,,,0.0026655202063628545,
,0.003672075149444919,,,0.0017933390264730999,0.003672075149444919,,,0.019470538001707942,0.003672075149444919,0.013919726729291204,,,0.014859094790777114,,0.0008539709649871904,,0.0008539709649871904,0.005550811272416738,,0.003672075149444919,,,0.05388556789069172,0.003672075149444919,0.0027327070879590095,0.0027327070879590095,,0.0,,,,,,,0.12075149444918873,0.003672075149444919,,,,0.0008539709649871904,0.02134927412467976,0.0008539709649871904,,,0.0027327070879590095,0.0027327070879590095,,0.0017933390264730999,0.005550811272416738,0.0017933390264730999,1.1102230246251565e-16,0.006490179333902647,,0.15328778821520067,0.006490179333902647,0.02596071733561059,,0.04363791631084543,0.4079419299743809,,0.0017933390264730999,0.0027327070879590095,,,0.004611443210930828,,0.0008539709649871904,0.003672075149444919,,,0.036208368915456875,,0.005550811272416738,,0.003672075149444919,
0.0008598452278589854,0.0018056749785038692,,,,0.0018056749785038692,,0.0008598452278589854,0.007480653482373173,0.0018056749785038692,0.003697334479793637,,,0.011263972484952709,,0.0008598452278589854,,,0.007480653482373173,,0.002751504729148753,,,0.03473774720550301,0.0018056749785038692,0.0018056749785038692,,0.005588993981083405,0.0,,,,,,,0.08185726569217541,0.004643164230438521,0.0008598452278589854,,,0.0008598452278589854,0.0234737747205503,,,,0.004643164230438521,0.0008598452278589854,0.0008598452278589854,0.0018056749785038692,0.003697334479793637,0.0008598452278589854,0.23559759243336198,0.0008598452278589854,,0.11384350816852966,0.002751504729148753,0.008426483233018056,,0.03757523645743766,0.3359415305245056,,,0.004643164230438521,,,0.0008598452278589854,,,0.004643164230438521,,,0.039466895958727426,0.0018056749785038692,,,0.003697334479793637,0.0008598452278589854
0.0008598452278589854,0.0018056749785038692,,,,,,,0.0018056749785038692,,,,,0.004557179707652623,,0.0008598452278589854,,0.0036113499570077385,0.0008598452278589854,,0.0008598452278589854,,,0.05331040412725709,0.002751504729148753,,0.002751504729148753,0.002751504729148753,0.0,,,,,,,0.1177128116938951,0.0008598452278589854,0.0018056749785038692,,0.0008598452278589854,0.0018056749785038692,0.01650902837489252,,,,0.002751504729148753,,0.0008598452278589854,0.0008598452278589854,,0.0008598452278589854,0.19303525365434204,0.0008598452278589854,,0.0707652622527945,0.002751504729148753,0.002751504729148753,,0.027515047291487533,0.4489251934651763,,0.006362854686156492,0.007308684436801376,,,0.0018056749785038692,,0.0008598452278589854,0.0008598452278589854,,,0.01006018916595013,0.0018056749785038692,,,0.0018056749785038692,0.0008598452278589854
0.0008598452278589854,,,,,,0.0008598452278589854,,0.0008598452278589854,,,,,0.006448839208942391,,0.005588993981083405,,,,,0.0008598452278589854,,,0.061478933791917455,0.002751504729148753,0.0008598452278589854,0.003697334479793637,0.002751504729148753,0.0,,,,,,,0.11831470335339639,,,,0.0018056749785038692,,0.028890799656061908,,0.0008598452278589854,0.0008598452278589854,0.0018056749785038692,0.0008598452278589854,0.0008598452278589854,,,0.0008598452278589854,0.21315563198624254,0.0018056749785038692,,0.057781599312123816,0.003697334479793637,0.005588993981083405,0.0008598452278589854,0.03069647463456578,0.39518486672398967,,0.004643164230438521,0.014875322441960447,,,0.0008598452278589854,,,,,,0.021410146173688735,0.0018056749785038692,0.002751504729148753,,,0.002751504729148753
,0.0018056749785038692,,,,,0.0008598452278589854,,0.002751504729148753,,,0.0008598452278589854,,0.0036113499570077385,,0.004557179707652623,0.0008598452278589854,,0.004557179707652623,,0.0008598452278589854,0.0008598452278589854,,0.03310404127257094,0.002751504729148753,0.0008598452278589854,0.002751504729148753,0.005503009458297506,0.0,,,,,,,0.11513327601031814,0.0008598452278589854,0.0018056749785038692,,,0.0018056749785038692,0.01934651762682717,,0.0008598452278589854,,0.0018056749785038692,,0.002751504729148753,0.0018056749785038692,,,0.19535683576956153,0.0018056749785038692,,0.0939810834049871,0.0036113499570077385,0.004557179707652623,0.0018056749785038692,0.023903697334479793,0.4092003439380911,0.0018056749785038692,,0.011951848667239896,,,0.0008598452278589854,0.0008598452278589854,,,,0.0018056749785038692,0.03310404127257094,,0.0018056749785038692,,,0.0008598452278589854
,0.0018056749785038692,,,,0.0008598452278589854,0.0008598452278589854,,0.002751504729148753,,,,,0.002751504729148753,,0.007394668959587274,,,0.002751504729148753,,0.002751504729148753,,,0.04350816852966466,0.0008598452278589854,,0.0018056749785038692,0.002751504729148753,0.0,,,,0.004557179707652623,,,0.13250214961306964,,,,0.0018056749785038692,0.002751504729148753,0.026827171109200344,,0.0008598452278589854,,0.002751504729148753,0.0018056749785038692,0.0018056749785038692,,,,0.12665520206362868,0.0008598452278589854,,0.06947549441100602,0.002751504729148753,0.004557179707652623,,0.02777300085984523,0.4689595872742906,,0.0008598452278589854,0.009200343938091144,,,0.0008598452278589854,,,0.0008598452278589854,,,0.03981083404987102,,0.0008598452278589854,,,
0.0008573388203017832,,,,,,0.0008573388203017832,,0.00360082304526749,0.0008573388203017832,0.001800411522633745,,,0.0054869684499314125,,0.013717421124828532,,,0.00360082304526749,,0.0008573388203017832,,,0.05324074074074074,,0.006430041152263375,,0.0027434842249657062,0.0,,,,0.0054869684499314125,,,0.1507201646090535,0.001800411522633745,,,,0.006430041152263375,0.033007544581618656,,0.0008573388203017832,,0.0054869684499314125,0.001800411522633745,0.001800411522633745,0.007287379972565158,0.00360082304526749,0.0008573388203017832,1.1102230246251565e-16,0.0008573388203017832,,0.09645061728395062,0.0027434842249657062,0.010973936899862825,,0.033007544581618656,0.48705418381344306,0.0008573388203017832,0.001800411522633745,0.019290123456790122,,,0.0008573388203017832,0.0008573388203017832,,0.0027434842249657062,,,0.028463648834019206,0.0008573388203017832,,,,
,0.0008340283569641367,,,,,0.0008340283569641367,,0.00633861551292744,,0.0026688907422852378,,,0.01451209341117598,,0.010842368640533779,,,0.005421184320266889,0.0017514595496246873,0.0035863219349457883,,,0.04720600500417014,0.0008340283569641367,0.005421184320266889,0.0026688907422852378,0.004503753127606339,0.0,,,,0.0026688907422852378,,,0.14620517097581318,0.0026688907422852378,0.0008340283569641367,0.0008340283569641367,,0.00817347789824854,0.02810675562969141,,0.0008340283569641367,0.0008340283569641367,0.009007506255212678,0.00633861551292744,,0.01359466221851543,0.0008340283569641367,,1.1102230246251565e-16,0.0026688907422852378,,0.0817347789824854,0.00725604670558799,0.01359466221851543,,0.03628023352793995,0.4469557964970809,0.00817347789824854,,0.01901584653878232,,,0.004503753127606339,,0.0017514595496246873,0.0008340283569641367,,,0.042618849040867386,0.0008340283569641367,0.005421184320266889,,,
,,,,,,,,0.0008598452278589854,0.0018056749785038692,0.0008598452278589854,,,0.024247635425623387,,0.007480653482373173,,,0.010232158211521927,,0.0018056749785038692,,,0.010232158211521927,0.0008598452278589854,0.008340498710232158,0.0018056749785038692,0.004643164230438521,0.0,0.0008598452278589854,,,0.007480653482373173,,,0.09914015477214101,0.0018056749785038692,,0.0008598452278589854,,,0.01590713671539123,,0.0008598452278589854,,0.007480653482373173,0.004643164230438521,,0.008340498710232158,,,0.2627687016337058,0.003697334479793637,0.0018056749785038692,0.08976784178847808,0.007480653482373173,0.013069647463456577,,0.025193465176268273,0.3105760963026655,0.003697334479793637,,0.009286328460877041,,,0.0018056749785038692,,,0.002751504729148753,,,0.04299226139294927,0.0018056749785038692,0.002751504729148753,,,
,0.002751504729148753,,,,,,,0.002751504729148753,,,,,0.003697334479793637,,,,,0.0008598452278589854,,0.0008598452278589854,,,0.05485812553740327,0.002751504729148753,0.003697334479793637,0.0008598452278589854,0.0018056749785038692,0.0,,0.002751504729148753,,0.010232158211521927,,,0.10137575236457437,0.007394668959587274,0.0018056749785038692,,0.0018056749785038692,0.0008598452278589854,0.023215821152192607,,0.0008598452278589854,,0.0018056749785038692,,0.0008598452278589854,,0.0008598452278589854,,0.23439380911435959,0.0018056749785038692,0.0008598452278589854,0.05855546001719691,0.0008598452278589854,0.003697334479793637,,0.027858985382631127,0.41676698194325024,,0.0008598452278589854,0.005503009458297506,,,0.002751504729148753,,,0.0008598452278589854,,,0.011092003439380911,,0.0008598452278589854,0.003697334479793637,0.0008598452278589854,
,0.0018056749785038692,,,,,,,0.0008598452278589854,0.002751504729148753,,,,0.006448839208942391,,,,,0.0008598452278589854,0.013843508168529665,0.0008598452278589854,,,0.044368013757523646,0.0018056749785038692,0.0008598452278589854,0.002751504729148753,0.0008598452278589854,0.0,,,0.0008598452278589854,,,,0.11375752364574376,0.0008598452278589854,0.002751504729148753,,0.0008598452278589854,0.003697334479793637,0.020292347377472056,0.0008598452278589854,0.0008598452278589854,,0.0018056749785038692,,,0.0008598452278589854,,,0.2691315563198623,0.0018056749785038692,,0.07394668959587274,,0.004557179707652623,0.0008598452278589854,0.02398968185726569,0.37463456577815996,,,0.003697334479793637,,,0.0008598452278589854,,,0.0008598452278589854,,,0.016595012897678417,,0.0008598452278589854,,0.0008598452278589854,0.0018056749785038692
,0.002837489251934652,,,,,,0.000945829750644884,0.000945829750644884,0.002837489251934652,,,,0.006620808254514187,,,,0.000945829750644884,0.000945829750644884,,0.000945829750644884,,,0.05786758383490972,,,0.000945829750644884,,0.0,,,,,,,0.11289767841788478,0.001891659501289768,,,0.000945829750644884,0.001891659501289768,0.03413585554600172,,0.000945829750644884,,0.001891659501289768,,,,0.000945829750644884,,0.21934651762682722,0.001891659501289768,,0.0711092003439381,,0.009458297506448839,,0.03413585554600172,0.4052450558899398,,0.000945829750644884,,,,0.000945829750644884,,,0.001891659501289768,,,0.017970765262252796,,0.004729148753224419,0.000945829750644884,,
,0.000945829750644884,,,,,,0.000945829750644884,0.000945829750644884,,,,0.000945829750644884,0.004729148753224419,,,,,0.001891659501289768,,0.000945829750644884,0.000945829750644884,,0.054256233877901974,0.001891659501289768,,,,0.0,,,0.000945829750644884,,,,0.11908856405846947,0.000945829750644884,,,0.000945829750644884,,0.018056749785038694,,0.001891659501289768,,0.000945829750644884,,,0.001891659501289768,,,0.20963026655202066,0.000945829750644884,,0.05047291487532244,,0.004729148753224419,0.000945829750644884,0.0352536543422184,0.4582975064488392,,,0.000945829750644884,,,0.001891659501289768,,,0.004729148753224419,0.000945829750644884,,0.013327601031814273,,,,0.000945829750644884,0.003783319002579536
0.000945829750644884,0.000945829750644884,,,,0.0029234737747205505,,0.000945829750644884,0.004815133276010318,0.001891659501289768,0.001891659501289768,,,0.011693895098882202,,,,,0.003869303525365434,,0.004815133276010318,0.000945829750644884,,0.052708512467755805,0.0029234737747205505,0.0029234737747205505,0.001891659501289768,,0.0,,0.000945829750644884,0.000945829750644884,,,,0.12605331040412726,,,,0.003869303525365434,0.007738607050730868,0.030266552020636286,,0.001891659501289768,,0.001891659501289768,0.000945829750644884,0.000945829750644884,0.000945829750644884,0.001891659501289768,0.001891659501289768,0.08693035253654346,0.000945829750644884,,0.08796216680997421,0.000945829750644884,0.017540842648323302,,0.03413585554600172,0.465262252794497,0.001891659501289768,0.000945829750644884,0.001891659501289768,,,0.0029234737747205505,0.000945829750644884,0.000945829750644884,0.004815133276010318,,,0.014617368873602751,,,,0.000945829750644884,
,0.0008598452278589854,,,,0.0018056749785038692,,0.0008598452278589854,0.010232158211521927,0.0018056749785038692,0.009286328460877041,,,0.013069647463456577,,0.0008598452278589854,,,0.0177128116938951,,0.004643164230438521,,,0.04952708512467756,0.0008598452278589854,0.002751504729148753,0.003697334479793637,,0.0,,0.0018056749785038692,,,0.0008598452278589854,,0.12244196044711952,0.003697334479793637,,,0.006534823731728289,0.01117798796216681,0.016766981943250214,,0.002751504729148753,,0.0018056749785038692,0.0018056749785038692,,0.0018056749785038692,,0.0018056749785038692,0.05064488392089417,0.002751504729148753,,0.11306964746345657,0.0008598452278589854,0.023301805674978505,0.0008598452278589854,0.035511607910576094,0.42811693895098885,0.002751504729148753,,0.0008598452278589854,0.0008598452278589854,,0.003697334479793637,,,0.005588993981083405,0.0008598452278589854,,0.03456577815993121,0.0018056749785038692,0.0008598452278589854,,0.0018056749785038692,
,,,,,,,,0.004987102321582115,0.000945829750644884,0.0060189165950128975,,,0.009028374892519347,,,,,0.013069647463456577,,0.000945829750644884,,,0.03422184006878762,0.000945829750644884,0.0019776440240756666,0.003955288048151333,,0.0,,0.0019776440240756666,,,0.000945829750644884,,0.09062768701633706,0.0019776440240756666,,,,0.003955288048151333,0.025107480653482374,,0.0019776440240756666,,0.0019776440240756666,0.000945829750644884,0.000945829750644884,0.0030094582975064487,,,0.3104041272570939,0.0030094582975064487,0.000945829750644884,0.06947549441100602,,0.014101461736887361,0.0030094582975064487,0.02115219260533104,0.3233018056749785,,,0.000945829750644884,,,0.0060189165950128975,,,0.003955288048151333,,,0.028202923473774722,0.000945829750644884,,,0.0030094582975064487,0.0019776440240756666
,0.000945829750644884,,,,,,,0.000945829750644884,,,,,0.006964746345657782,,0.000945829750644884,,0.000945829750644884,0.0029234737747205505,,0.000945829750644884,,,0.0530524505588994,0.000945829750644884,,0.003955288048151333,,0.0,,,,,,,0.09905417024935512,,,0.0029234737747205505,,0.0029234737747205505,0.02295786758383491,,,,0.006964746345657782,,0.000945829750644884,0.000945829750644884,,,0.2806534823731729,0.0019776440240756666,,0.07807394668959587,0.000945829750644884,0.008942390369733448,0.003955288048151333,0.030954428202923472,0.35442820292347377,,,0.0019776440240756666,,,0.003955288048151333,,,0.003955288048151333,,0.003955288048151333,0.014015477214101462,,0.0019776440240756666,,0.000945829750644884,
,,,,,,,0.000945829750644884,0.005073086844368014,,,,,0.0019776440240756666,,,,,0.004041272570937231,,0.000945829750644884,,,0.06182287188306105,0.000945829750644884,0.000945829750644884,0.006104901117798796,,0.0,0.000945829750644884,,0.000945829750644884,,,,0.1236457437661221,0.0030094582975064487,,0.000945829750644884,,,0.025709372312983664,,,,0.0030094582975064487,0.000945829750644884,0.011263972484952709,,,,0.2003439380911436,0.000945829750644884,,0.08753224419604472,,0.010232158211521927,,0.0349957007738607,0.38331900257953566,,0.000945829750644884,0.004041272570937231,,,0.006104901117798796,,,,,,0.014359415305245055,,0.0030094582975064487,,,0.000945829750644884
0.000945829750644884,,,,0.000945829750644884,0.000945829750644884,,,0.0019776440240756666,,,,,0.0019776440240756666,,,,,0.000945829750644884,,0.004041272570937231,0.000945829750644884,,0.051934651762682714,,,0.0019776440240756666,,0.0,,,,,,,0.12639724849527084,0.004041272570937231,,,,0.000945829750644884,0.0294926913155632,,0.000945829750644884,,0.000945829750644884,,0.016251074806534822,,0.008082545141874462,,0.23069647463456577,0.000945829750644884,,0.08667239896818572,,0.006104901117798796,,0.03766122098022356,0.3609630266552021,,,0.0019776440240756666,,,,,0.000945829750644884,,,,0.01934651762682717,,0.000945829750644884,,,
,0.0010318142734307824,,,,,,0.0010318142734307824,,,,,,0.002063628546861565,,0.002063628546861565,,0.00412725709372313,0.005159071367153913,0.006190885640584695,0.0010318142734307824,,0.0010318142734307824,0.0763542562338779,0.006190885640584695,,0.002063628546861565,,0.0,,,0.0010318142734307824,,,,0.14350816852966466,0.006190885640584695,,,,0.0030954428202923474,0.019604471195184867,,0.0010318142734307824,,0.00412725709372313,,0.01650902837489252,,0.01650902837489252,0.0010318142734307824,0.11943250214961298,0.0010318142734307824,0.002063628546861565,0.07016337059329321,,0.006190885640584695,,0.0412725709372313,0.4027515047291488,,,0.002063628546861565,,,0.005159071367153913,,,0.0030954428202923474,,,0.02166809974204643,0.0010318142734307824,,,0.002063628546861565,0.0010318142734307824
,0.0030094582975064487,,,,,,,0.007136715391229578,,0.000945829750644884,0.0019776440240756666,,0.0030094582975064487,,,,,0.000945829750644884,0.022613929492691316,0.010232158211521927,0.000945829750644884,,0.07824591573516768,0.010232158211521927,0.010232158211521927,0.0030094582975064487,,0.0,,,0.000945829750644884,,,,0.11023215821152192,0.004041272570937231,,,,0.0030094582975064487,0.026741186586414445,,0.000945829750644884,,0.004041272570937231,,0.011263972484952709,0.005073086844368014,0.011263972484952709,0.004041272570937231,0.1104041272570937,0.000945829750644884,,0.09475494411006019,0.0030094582975064487,0.00816852966466036,,0.030868443680137574,0.3760963026655202,,0.000945829750644884,0.006104901117798796,0.000945829750644884,,0.004041272570937231,,,0.0019776440240756666,,,0.014359415305245055,0.011263972484952709,,,0.0019776440240756666,
,0.0019776440240756666,,,0.000945829750644884,,,0.000945829750644884,0.003955288048151333,0.0019776440240756666,0.006878761822871883,0.0019776440240756666,,0.010920034393809114,,0.0029234737747205505,,,0.011865864144453998,0.01590713671539123,0.012897678417884782,,,0.0765262252794497,0.0029234737747205505,0.003955288048151333,0.000945829750644884,,0.0,,,0.000945829750644884,,,,0.08151332760103182,0.0029234737747205505,,,,0.0019776440240756666,0.03869303525365434,,,,0.004901117798796217,0.003955288048151333,0.0019776440240756666,0.0029234737747205505,0.010920034393809114,0.004901117798796217,0.03327601031814276,0.000945829750644884,0.000945829750644884,0.17497850386930353,0.0019776440240756666,0.014875322441960447,,0.03869303525365434,0.36087704213241617,0.0019776440240756666,,0.010920034393809114,,,0.005932932072226999,,,0.000945829750644884,,,0.022785898538263114,0.009888220120378332,0.000945829750644884,0.000945829750644884,0.003955288048151333,0.0019776440240756666
,,,,,,,0.001891659501289768,0.0029234737747205505,,0.001891659501289768,,,0.0067927773000859846,,0.004815133276010318,,,0.001891659501289768,,0.0067927773000859846,,,0.030266552020636286,0.004815133276010318,,0.0029234737747205505,,0.0,,,0.000945829750644884,,,,0.07325881341358556,,,,,0.001891659501289768,0.015563198624247635,,,,0.003869303525365434,,,0.004815133276010318,0.004815133276010318,0.001891659501289768,0.3662080825451418,0.000945829750644884,,0.04883920894239037,0.001891659501289768,0.012639724849527086,,0.05176268271711092,0.2902837489251935,,,0.013671539122957868,,,0.003869303525365434,,0.000945829750644884,0.000945829750644884,,,0.02536543422184007,0.004815133276010318,0.001891659501289768,,0.000945829750644884,0.0029234737747205505
,0.001891659501289768,,,,,,0.000945829750644884,0.005760963026655202,,0.006706792777300086,,,0.00765262252794497,,0.000945829750644884,,,0.000945829750644884,,0.001891659501289768,,,0.043164230438521065,,,0.002837489251934652,,0.0,,,0.000945829750644884,,,,0.1286328460877042,0.00765262252794497,,,0.000945829750644884,0.001891659501289768,0.022012037833190026,,0.000945829750644884,,0.001891659501289768,,,,,,0.29690455717970776,0.000945829750644884,,0.04608770421324162,0.001891659501289768,0.01049011177987962,,0.02880481513327601,0.35434221840068786,,,0.000945829750644884,,,0.003783319002579536,,,0.001891659501289768,,,0.012467755803955288,,,,0.000945829750644884,0.002837489251934652
,0.0030094582975064487,,,,0.000945829750644884,,0.000945829750644884,0.0019776440240756666,,0.0019776440240756666,,,0.000945829750644884,,0.0070507308684436805,,,0.000945829750644884,,,,0.0019776440240756666,0.06560619088564058,,,0.0019776440240756666,,0.0,,,,,,,0.12811693895098883,0.003955288048151333,,,,0.000945829750644884,0.019174548581255373,,0.0019776440240756666,,0.0019776440240756666,0.000945829750644884,0.000945829750644884,,,,0.20593293207222707,0.000945829750644884,,0.08073946689595873,0.0019776440240756666,0.014101461736887361,,0.022184006878761823,0.37549441100601894,,,0.003955288048151333,,,0.0030094582975064487,,0.000945829750644884,0.000945829750644884,,,0.04239036973344798,0.0019776440240756666,,,,
,0.0019776440240756666,,,0.0019776440240756666,,,0.000945829750644884,0.005932932072226999,0.0019776440240756666,0.000945829750644884,,,0.007910576096302666,,0.000945829750644884,,,0.000945829750644884,0.000945829750644884,0.0019776440240756666,,,0.04049871023215821,0.000945829750644884,0.0019776440240756666,0.0019776440240756666,,0.0,,,,,,,0.08306104901117799,0.000945829750644884,,,,0.0019776440240756666,0.019776440240756664,,,,0.0029234737747205505,0.000945829750644884,0.000945829750644884,,0.000945829750644884,,0.2955288048151332,0.0019776440240756666,,0.07910576096302666,0.0019776440240756666,0.00885640584694755,0.0019776440240756666,0.02768701633705933,0.3650042992261393,,0.000945829750644884,0.0029234737747205505,,,0.0019776440240756666,,,,0.000945829750644884,,0.02175408426483233,,0.003955288048151333,,,0.0019776440240756666
,0.005760963026655202,,,0.000945829750644884,0.000945829750644884,,0.000945829750644884,0.001891659501289768,,0.000945829750644884,,,0.011607910576096303,,,,,0.006706792777300086,,0.001891659501289768,,0.001891659501289768,0.08142734307824591,0.000945829750644884,0.002837489251934652,0.003869303525365434,,0.0,0.000945829750644884,,0.000945829750644884,,,,0.13181427343078245,0.001891659501289768,,,,0.000945829750644884,0.01349957007738607,,0.002837489251934652,,0.000945829750644884,0.000945829750644884,0.001891659501289768,,,,0.15984522785898558,0.001891659501289768,,0.08624247635425623,0.000945829750644884,0.010662080825451418,0.001891659501289768,0.03198624247635426,0.38589853826311266,,,0.005760963026655202,,,,,0.000945829750644884,0.001891659501289768,0.001891659501289768,,0.020292347377472056,,0.007738607050730868,,0.000945829750644884,0.001891659501289768
,0.001891659501289768,,,,,,0.000945829750644884,0.000945829750644884,,0.008598452278589854,,0.000945829750644884,0.017282889079965606,,0.003783319002579536,,0.001891659501289768,0.003783319002579536,0.002837489251934652,0.004815133276010318,,,0.06362854686156492,,,0.000945829750644884,,0.0,,0.006706792777300086,0.000945829750644884,,,,0.1282029234737747,0.008598452278589854,,,,0.005760963026655202,0.02115219260533104,,0.001891659501289768,,0.001891659501289768,0.003783319002579536,,0.005760963026655202,,0.000945829750644884,0.050988822012037915,0.000945829750644884,0.001891659501289768,0.06844368013757524,0.003783319002579536,0.012467755803955288,0.001891659501289768,0.033705932932072226,0.47429062768701635,,,0.012467755803955288,,,,0.000945829750644884,0.000945829750644884,0.005760963026655202,,,0.02407566638005159,0.002837489251934652,0.001891659501289768,,0.001891659501289768,0.002837489251934652
,0.000945829750644884,0.001891659501289768,,,0.001891659501289768,,0.000945829750644884,0.008598452278589854,,0.00765262252794497,,,0.011435941530524506,,0.014273430782459157,,0.003783319002579536,0.004729148753224419,0.004729148753224419,0.009544282029234737,,,0.048753224419604474,,0.003783319002579536,0.004729148753224419,,0.0,,0.005674978503869304,0.002837489251934652,,,,0.1348237317282889,0.001891659501289768,,,,0.001891659501289768,0.04299226139294927,0.001891659501289768,,,0.002837489251934652,0.004729148753224419,,0.004729148753224419,,0.002837489251934652,0.12338779019776447,0.000945829750644884,,0.06981943250214961,0.005674978503869304,0.01238177128116939,,0.05253654342218401,0.33860705073086844,0.002837489251934652,,0.008598452278589854,,,0.006620808254514187,0.000945829750644884,,0.004729148753224419,,,0.029578675838349097,0.001891659501289768,0.004729148753224419,,0.000945829750644884,0.000945829750644884
,0.0029234737747205505,0.000945829750644884,,,,,0.0019776440240756666,0.0019776440240756666,0.0019776440240756666,0.01599312123817713,,0.0029234737747205505,0.007996560619088565,,0.0019776440240756666,,0.003955288048151333,0.0029234737747205505,0.0029234737747205505,0.0019776440240756666,,,0.04402407566638005,0.000945829750644884,0.004987102321582115,0.003955288048151333,,0.0,,0.004987102321582115,,,,,0.10206362854686156,,,,,,0.025021496130696475,,,,0.007996560619088565,0.0019776440240756666,,0.0019776440240756666,0.008942390369733448,0.0029234737747205505,0.30077386070507317,0.0019776440240756666,,0.05098882201203783,,0.006964746345657782,0.000945829750644884,0.039036973344797936,0.28529664660361137,,,0.008942390369733448,,,0.011006018916595013,,,0.0029234737747205505,0.0019776440240756666,,0.025021496130696475,0.000945829750644884,,,0.0029234737747205505,
,0.003955288048151333,,,,,,0.000945829750644884,0.003955288048151333,,0.005932932072226999,,,0.008942390369733448,,,,,0.003955288048151333,0.000945829750644884,,,,0.052708512467755805,0.000945829750644884,0.0029234737747205505,0.003955288048151333,,0.0,,,0.000945829750644884,,,,0.12734307824591573,0.000945829750644884,,,,0.003955288048151333,0.006964746345657782,,,,,0.0019776440240756666,0.009888220120378332,,0.000945829750644884,,0.18323301805674974,0.0019776440240756666,0.0029234737747205505,0.06861564918314704,,0.008942390369733448,,0.03078245915735168,0.41496130696474637,,,0.000945829750644884,0.004901117798796217,,0.0019776440240756666,,,0.000945829750644884,,,0.03181427343078246,,0.004901117798796217,,0.000945829750644884,
,,,,,,,0.001891659501289768,0.007738607050730868,,0.005760963026655202,,,0.011607910576096303,,,,,0.001891659501289768,0.001891659501289768,,,,0.05829750644883921,0.000945829750644884,0.000945829750644884,0.003869303525365434,,0.0,,,0.000945829750644884,,,,0.12734307824591573,0.000945829750644884,,,,0.001891659501289768,0.010662080825451418,,,0.000945829750644884,,0.000945829750644884,0.01650902837489252,,0.000945829750644884,0.001891659501289768,0.15210662080825454,0.000945829750644884,,0.08753224419604472,0.004815133276010318,0.0067927773000859846,,0.03301805674978504,0.4308684436801376,,0.000945829750644884,0.002837489251934652,,,,,,,,,0.012639724849527086,,0.003869303525365434,0.000945829750644884,0.003869303525365434,0.000945829750644884
0.000945829750644884,0.000945829750644884,,,,0.000945829750644884,,0.0019776440240756666,0.0019776440240756666,,0.0019776440240756666,,,0.007996560619088565,,,,0.000945829750644884,0.014101461736887361,0.004987102321582115,0.0019776440240756666,,0.000945829750644884,0.0352536543422184,0.003955288048151333,0.000945829750644884,0.003955288048151333,,0.0,,,0.000945829750644884,,,,0.1349097162510748,0.003955288048151333,,0.0019776440240756666,,0.000945829750644884,0.011006018916595013,,0.0019776440240756666,,0.000945829750644884,0.000945829750644884,0.019088564058469475,0.0019776440240756666,0.0030094582975064487,0.000945829750644884,0.12244196044711952,,,0.060361134995700776,0.0030094582975064487,0.013069647463456577,,0.03422184006878762,0.46440240756663803,,,0.0060189165950128975,,,0.000945829750644884,,,,,,0.025107480653482374,0.000945829750644884,,,,0.0030094582975064487
0.0019776440240756666,0.0019776440240756666,,,,0.0019776440240756666,,0.007136715391229578,,,0.000945829750644884,0.000945829750644884,,0.004041272570937231,,0.004041272570937231,,,0.0030094582975064487,0.000945829750644884,0.009200343938091144,,,0.06354256233877902,,0.0030094582975064487,0.0030094582975064487,,0.0,,0.000945829750644884,0.000945829750644884,,,,0.12811693895098883,,,,,0.004041272570937231,0.024591573516766982,,,,0.000945829750644884,0.000945829750644884,0.006104901117798796,0.006104901117798796,0.000945829750644884,0.0019776440240756666,0.04368013757523648,,,0.09019776440240757,0.005073086844368014,0.007136715391229578,0.0030094582975064487,0.04815133276010318,0.47773000859845227,0.000945829750644884,,0.00816852966466036,,,0.0030094582975064487,,,0.000945829750644884,,,0.021496130696474634,0.000945829750644884,,,0.0030094582975064487,0.005073086844368014
,,,,,0.001891659501289768,,0.004901117798796217,0.01470335339638865,,0.000945829750644884,0.0029234737747205505,,0.010834049871023215,,0.001891659501289768,,,0.015735167669819434,0.003869303525365434,0.016680997420464316,,0.000945829750644884,0.05709372312983663,,0.0029234737747205505,0.001891659501289768,,0.0,,0.001891659501289768,0.000945829750644884,,,,0.1112639724849527,0.004901117798796217,,,,0.007824591573516768,0.024591573516766982,,0.000945829750644884,0.000945829750644884,0.0029234737747205505,0.001891659501289768,,0.004901117798796217,0.000945829750644884,0.013757523645743766,0.02080825451418744,0.000945829750644884,,0.07282889079965606,0.001891659501289768,0.01865864144453998,,0.06698194325021496,0.43843508168529666,0.000945829750644884,,0.009802235597592433,0.000945829750644884,,0.009802235597592433,,,0.001891659501289768,0.000945829750644884,,0.0354256233877902,,0.001891659501289768,,0.000945829750644884,0.001891659501289768
,,,,,0.0029234737747205505,,0.003955288048151333,0.004901117798796217,,0.003955288048151333,0.0019776440240756666,,0.004901117798796217,,0.0029234737747205505,,0.0019776440240756666,0.007910576096302666,0.004901117798796217,0.010834049871023215,,0.000945829750644884,0.025709372312983664,,0.0029234737747205505,0.005932932072226999,,0.0,,0.0029234737747205505,0.000945829750644884,,,,0.10773860705073086,0.0029234737747205505,,,,0.004901117798796217,0.022699914015477215,,,,0.003955288048151333,,0.000945829750644884,0.003955288048151333,,0.03361994840928633,0.2859845227858986,0.000945829750644884,,0.026655202063628546,0.000945829750644884,0.01874462596732588,0.003955288048151333,0.05932932072226999,0.2730008598452279,0.0019776440240756666,,0.014789337919174549,,,0.005932932072226999,0.005932932072226999,,,,,0.01874462596732588,0.000945829750644884,,,0.003955288048151333,0.006878761822871883
,0.000945829750644884,,,,0.000945829750644884,,0.005846947549441101,0.003869303525365434,,0.003869303525365434,0.000945829750644884,0.000945829750644884,0.004815133276010318,,0.005846947549441101,,,0.004815133276010318,0.001891659501289768,0.0067927773000859846,0.000945829750644884,0.000945829750644884,0.035081685296646604,0.001891659501289768,0.000945829750644884,0.0029234737747205505,,0.0,,0.001891659501289768,,0.003869303525365434,,,0.08581255374032674,0.003869303525365434,0.000945829750644884,,,0.004815133276010318,0.027257093723129837,,,0.000945829750644884,,0.000945829750644884,,0.0029234737747205505,,0.035081685296646604,0.29630266552020634,,0.000945829750644884,0.0526225279449699,0.000945829750644884,0.008770421324161651,,0.049699054170249356,0.2818572656921754,0.000945829750644884,,0.007738607050730868,0.000945829750644884,,0.003869303525365434,0.0029234737747205505,,0.000945829750644884,,,0.031212381771281168,0.000945829750644884,,,0.001891659501289768,0.004815133276010318
,,,,,0.001891659501289768,,0.004901117798796217,0.0029234737747205505,0.000945829750644884,0.0029234737747205505,,,0.0067927773000859846,,0.001891659501289768,,,0.005846947549441101,,0.003869303525365434,,0.000945829750644884,0.06766981943250215,,,0.0029234737747205505,,0.0,,0.000945829750644884,,,,,0.11478933791917455,0.000945829750644884,,,,0.004901117798796217,0.016680997420464316,,,,,0.000945829750644884,,0.004901117798796217,,0.000945829750644884,0.2366294067067929,,,0.04411006018916595,0.000945829750644884,0.01470335339638865,,0.024505588993981083,0.4052450558899398,0.001891659501289768,0.000945829750644884,0.0029234737747205505,,,,,,,,,0.010748065348237317,,0.007824591573516768,,0.000945829750644884,
,0.000945829750644884,,,,0.000945829750644884,,0.001891659501289768,0.004901117798796217,,0.004901117798796217,,,0.003869303525365434,,0.001891659501289768,,,0.005846947549441101,,0.005846947549441101,,,0.04832330180567498,,0.001891659501289768,0.003869303525365434,,0.0,,,,,,,0.1588993981083405,0.004901117798796217,,,,0.001891659501289768,0.0177128116938951,,0.000945829750644884,,,0.0029234737747205505,,0.000945829750644884,,0.0029234737747205505,0.258555460017197,,,0.059157351676698194,0.001891659501289768,0.011779879621668099,0.001891659501289768,0.03155631986242476,0.3346517626827171,,0.0029234737747205505,0.0029234737747205505,,,0.001891659501289768,,,,0.000945829750644884,,0.010834049871023215,0.000945829750644884,0.001891659501289768,,0.001891659501289768,
,0.000945829750644884,,,,0.000945829750644884,,0.004815133276010318,0.003869303525365434,0.000945829750644884,0.001891659501289768,,,0.011607910576096303,,,,,0.003869303525365434,,0.012553740326741187,0.000945829750644884,,0.059157351676698194,,,0.004815133276010318,,0.0,,,,,,0.000945829750644884,0.09802235597592433,0.001891659501289768,,,,0.001891659501289768,0.02226999140154772,,0.000945829750644884,,,,,0.000945829750644884,0.000945829750644884,0.003869303525365434,0.2546861564918316,,,0.054342218400687876,0.001891659501289768,0.0067927773000859846,,0.03585554600171969,0.37850386930352536,,0.001891659501289768,0.005760963026655202,,,0.001891659501289768,,,,,,0.01840068787618229,,,,0.000945829750644884,0.000945829750644884
,0.003783319002579536,,,,0.004729148753224419,,,0.008598452278589854,,,,,0.003783319002579536,,,,,0.004729148753224419,,0.013413585554600172,,0.000945829750644884,0.06328460877042133,,,0.003783319002579536,,0.0,,,,,,0.000945829750644884,0.14006878761822872,0.000945829750644884,,,,0.003783319002579536,0.019174548581255373,,,,,0.001891659501289768,,,,0.004729148753224419,0.12897678417884784,,,0.0651762682717111,0.000945829750644884,0.004729148753224419,,0.03637145313843508,0.4249355116079106,,,0.006706792777300086,,,0.002837489251934652,0.000945829750644884,,,,,0.031642304385210665,,0.000945829750644884,,0.014359415305245055,0.002837489251934652
,0.0008598452278589854,,,,0.0018056749785038692,0.0008598452278589854,0.0018056749785038692,0.006448839208942391,0.002751504729148753,0.0018056749785038692,,,0.0018056749785038692,,,,,0.006448839208942391,,0.012037833190025795,,,0.05674978503869303,0.0018056749785038692,0.002751504729148753,0.005503009458297506,,0.0,,0.002751504729148753,,,,0.0008598452278589854,0.1303525365434222,0.0018056749785038692,,,,0.0018056749785038692,0.029750644883920895,,,0.003697334479793637,,0.0018056749785038692,,0.003697334479793637,0.002751504729148753,0.0018056749785038692,0.0858125537403267,,,0.08280309544282029,0.0008598452278589854,0.006448839208942391,0.0008598452278589854,0.027858985382631127,0.4190025795356836,,,0.013929492691315564,,,0.002751504729148753,0.0008598452278589854,0.0018056749785038692,0.004643164230438521,0.0008598452278589854,,0.05399828030954428,,,,0.012983662940670678,
,0.005503009458297506,,,,0.0036113499570077385,0.0008598452278589854,0.002751504729148753,0.009200343938091144,0.0036113499570077385,0.005503009458297506,,,0.0018056749785038692,,,,,0.009200343938091144,,0.01840068787618229,,,0.03869303525365434,0.0008598452278589854,0.004557179707652623,0.0036113499570077385,,0.0,,0.002751504729148753,0.0008598452278589854,,,0.0008598452278589854,0.10146173688736028,0.0018056749785038692,,,,0.015649183147033535,0.03963886500429922,0.0018056749785038692,0.0008598452278589854,0.009200343938091144,,0.0036113499570077385,0.0008598452278589854,0.006448839208942391,0.002751504729148753,0.0018056749785038692,0.1024075666380051,0.0008598452278589854,0.0018056749785038692,0.11530524505588995,0.0036113499570077385,0.010146173688736028,0.0018056749785038692,0.03404987102321582,0.3311263972484953,,,0.006448839208942391,,,0.009200343938091144,,0.0018056749785038692,0.010146173688736028,,,0.07007738607050731,0.0008598452278589854,,,0.0018056749785038692,
,,,,,0.002751504729148753,,,0.008340498710232158,0.004643164230438521,0.0018056749785038692,,,0.005588993981083405,,,,,0.004643164230438521,,0.0018056749785038692,,,0.03361994840928633,0.003697334479793637,0.002751504729148753,0.002751504729148753,,0.0,,0.002751504729148753,,,,,0.09243336199484092,,,0.0018056749785038692,,0.007394668959587274,0.027944969905417026,,,0.002751504729148753,0.0008598452278589854,0.002751504729148753,0.0018056749785038692,0.003697334479793637,0.0008598452278589854,0.002751504729148753,0.27171109200343935,0.002751504729148753,,0.10171969045571796,0.0008598452278589854,0.013929492691315564,0.0018056749785038692,0.024247635425623387,0.2810834049871023,0.0018056749785038692,0.0008598452278589854,0.010232158211521927,,,0.006534823731728289,,,0.009286328460877041,,,0.050386930352536545,0.0008598452278589854,0.0008598452278589854,,0.0008598452278589854,
,0.0018056749785038692,,,,0.0018056749785038692,,,0.0008598452278589854,,0.0018056749785038692,,,0.0018056749785038692,,,,,0.0018056749785038692,0.0008598452278589854,0.0018056749785038692,0.0008598452278589854,,0.05116079105760963,,0.0008598452278589854,0.002751504729148753,,0.0,,0.0008598452278589854,,,,0.0008598452278589854,0.09492691315563198,0.0008598452278589854,,0.0018056749785038692,,0.0018056749785038692,0.012983662940670678,,,,0.0018056749785038692,,,0.003697334479793637,,0.0008598452278589854,0.26371453138435097,0.0008598452278589854,,0.06887360275150473,0.0008598452278589854,0.007394668959587274,,0.02880481513327601,0.4041272570937231,0.0008598452278589854,,0.0008598452278589854,,,0.004643164230438521,0.0008598452278589854,,0.003697334479793637,,,0.019518486672398968,0.0008598452278589854,0.003697334479793637,,0.0008598452278589854,0.0008598452278589854
0.0008598452278589854,0.0008598452278589854,,,,0.002751504729148753,,,0.002751504729148753,,0.005503009458297506,,,,,,,,0.0008598452278589854,0.0018056749785038692,0.0008598452278589854,,,0.037145313843508165,,0.003697334479793637,0.002751504729148753,,0.0,,,,,,,0.08925193465176268,0.0018056749785038692,,0.0018056749785038692,,0.005503009458297506,0.020464316423043853,,0.002751504729148753,0.0018056749785038692,,0.0018056749785038692,0.003697334479793637,0.0018056749785038692,,0.0008598452278589854,0.3059329320722268,,0.0008598452278589854,0.07162510748065348,0.002751504729148753,0.003697334479793637,0.0018056749785038692,0.03155631986242476,0.37394668959587274,0.0008598452278589854,,0.0018056749785038692,,,,,,0.0018056749785038692,,,0.008340498710232158,,,,0.0018056749785038692,0.0018056749785038692
,0.0008598452278589854,,,,0.0008598452278589854,0.0008598452278589854,,0.0008598452278589854,0.0008598452278589854,0.005588993981083405,,,,,,,0.0008598452278589854,0.004643164230438521,,,,,0.03843508168529665,0.0008598452278589854,,0.002751504729148753,,0.0,,,,,,,0.09767841788478074,,,0.0018056749785038692,,0.004643164230438521,0.03190025795356836,0.0008598452278589854,,,,0.002751504729148753,,0.0008598452278589854,,0.0008598452278589854,0.33422184006878763,,,0.06569217540842648,0.002751504729148753,0.00937231298366294,0.003697334479793637,0.019690455717970765,0.34935511607910574,,,0.0018056749785038692,,,0.0018056749785038692,,,,0.0008598452278589854,,0.008426483233018056,0.0008598452278589854,,,0.0018056749785038692,0.0008598452278589854
,0.002751504729148753,,,0.0008598452278589854,0.0008598452278589854,0.0008598452278589854,,0.0018056749785038692,0.0008598452278589854,0.004557179707652623,,,,,0.0018056749785038692,0.0008598452278589854,,0.004557179707652623,,,0.0008598452278589854,,0.04496990541702493,0.0018056749785038692,,0.0008598452278589854,,0.0,,,,,,,0.10197764402407566,,,0.0008598452278589854,,,0.025709372312983664,,,,,0.0018056749785038692,,0.0008598452278589854,,,0.2368013757523646,,,0.07807394668959587,0.0008598452278589854,0.013757523645743766,0.0008598452278589854,0.023817712811693894,0.4126397248495271,,,0.0018056749785038692,,,0.0018056749785038692,,,,0.004557179707652623,,0.02295786758383491,0.0008598452278589854,,0.0008598452278589854,0.0008598452278589854,
,0.000945829750644884,,,,,0.000945829750644884,,0.005674978503869304,,0.008512467755803955,,,0.001891659501289768,,,,,0.003783319002579536,0.001891659501289768,0.006620808254514187,0.000945829750644884,,0.05047291487532244,,0.000945829750644884,0.006620808254514187,,0.0,,0.002837489251934652,,,,,0.1590713671539123,0.003783319002579536,,0.000945829750644884,,0.000945829750644884,0.030438521066208084,,0.000945829750644884,0.000945829750644884,0.000945829750644884,0.000945829750644884,,0.016165090283748924,,,0.09484092863284621,0.000945829750644884,,0.08091143594153052,0.000945829750644884,0.01711092003439381,0.015219260533104042,0.02760103181427343,0.3963886500429923,0.000945829750644884,,0.006620808254514187,,,0.008512467755803955,,,,0.002837489251934652,,0.03233018056749785,0.001891659501289768,0.003783319002579536,,0.000945829750644884,0.000945829750644884
,0.001891659501289768,,0.000945829750644884,,,0.000945829750644884,,0.007738607050730868,0.001891659501289768,0.011607910576096303,,0.000945829750644884,0.011607910576096303,,,,0.000945829750644884,0.001891659501289768,0.003869303525365434,0.011607910576096303,,,0.04462596732588134,,0.000945829750644884,0.001891659501289768,,0.0,,0.0067927773000859846,,,,0.002837489251934652,0.11349957007738606,0.005760963026655202,,0.000945829750644884,,0.002837489251934652,0.028116938950988823,0.001891659501289768,0.000945829750644884,,0.001891659501289768,0.001891659501289768,0.002837489251934652,0.010662080825451418,,0.000945829750644884,0.13009458297506438,0.002837489251934652,0.000945829750644884,0.0708512467755804,0.000945829750644884,0.020378331900257955,0.02226999140154772,0.043680137575236457,0.3601031814273431,0.001891659501289768,0.001891659501289768,0.003869303525365434,,,0.007738607050730868,,0.000945829750644884,,0.001891659501289768,,0.028116938950988823,0.007738607050730868,0.004815133276010318,,0.001891659501289768,0.001891659501289768
,0.000945829750644884,,,,,0.000945829750644884,,0.005760963026655202,0.001891659501289768,0.008684436801375752,,0.000945829750644884,0.0067927773000859846,,,,0.003869303525365434,0.000945829750644884,0.000945829750644884,0.0067927773000859846,0.000945829750644884,,0.02226999140154772,0.001891659501289768,,0.002837489251934652,,0.0,,0.002837489251934652,,,,,0.08744625967325881,0.000945829750644884,,,,,0.028116938950988823,,,,0.003869303525365434,0.000945829750644884,0.004815133276010318,0.013585554600171969,,,0.37291487532244183,0.001891659501289768,,0.06113499570077386,0.002837489251934652,0.014531384350816853,0.005760963026655202,0.028116938950988823,0.2603611349957008,,0.000945829750644884,0.007738607050730868,,,0.005760963026655202,,0.000945829750644884,,0.000945829750644884,,0.017454858125537404,,0.004815133276010318,,,0.004815133276010318
0.000945829750644884,0.000945829750644884,,,,0.003783319002579536,0.000945829750644884,,0.009458297506448839,,,,0.000945829750644884,0.002837489251934652,,,,0.000945829750644884,0.001891659501289768,,,0.000945829750644884,,0.04634565778159931,,0.000945829750644884,0.004729148753224419,,0.0,,0.000945829750644884,,,,,0.10404127257093723,0.004729148753224419,,,,0.000945829750644884,0.031212381771281168,,,,,,0.008512467755803955,0.005674978503869304,,,0.2667239896818573,0.000945829750644884,,0.04445399828030954,0.001891659501289768,0.004729148753224419,,0.03877901977644024,0.37196904557179705,,0.000945829750644884,0.006620808254514187,,,0.001891659501289768,,0.003783319002579536,0.001891659501289768,,,0.016079105760963025,0.000945829750644884,0.004729148753224419,,0.001891659501289768,
,,,,,0.001891659501289768,,,0.004729148753224419,,0.000945829750644884,,,0.006620808254514187,,,,0.000945829750644884,0.001891659501289768,0.000945829750644884,0.001891659501289768,0.000945829750644884,,0.048753224419604474,0.000945829750644884,0.000945829750644884,0.003783319002579536,,0.0,,,,,,,0.1300945829750645,0.001891659501289768,,,,0.004729148753224419,0.026741186586414445,,,,,0.002837489251934652,0.01049011177987962,0.002837489251934652,0.000945829750644884,0.000945829750644884,0.15554600171969057,0.003783319002579536,,0.10421324161650902,0.002837489251934652,0.004729148753224419,,0.034393809114359415,0.3826311263972485,,0.001891659501289768,0.005674978503869304,,,0.004729148753224419,,0.001891659501289768,0.002837489251934652,,,0.023903697334479793,0.000945829750644884,0.006620808254514187,,,0.006620808254514187
,,,,,0.001891659501289768,,,0.001891659501289768,,,,0.000945829750644884,0.011607910576096303,,0.000945829750644884,,,0.003869303525365434,,0.003869303525365434,,,0.04376612209802236,,,0.002837489251934652,,0.0,,,,,,,0.09140154772141014,0.001891659501289768,,,0.000945829750644884,0.001891659501289768,0.032072226999140155,,,,,0.000945829750644884,0.007738607050730868,0.002837489251934652,,,0.2233018056749786,0.001891659501289768,,0.07583834909716251,0.000945829750644884,0.004815133276010318,,0.021324161650902836,0.3997420464316423,0.001891659501289768,0.000945829750644884,0.004815133276010318,0.000945829750644884,,0.004815133276010318,0.000945829750644884,0.000945829750644884,0.000945829750644884,0.000945829750644884,,0.02527944969905417,0.000945829750644884,0.007738607050730868,,0.000945829750644884,0.008684436801375752
,0.000945829750644884,,,,,,,0.0029234737747205505,,0.001891659501289768,,,0.005846947549441101,,0.001891659501289768,,0.000945829750644884,0.004901117798796217,0.006878761822871883,0.0029234737747205505,0.000945829750644884,,0.04325021496130697,,,0.005846947549441101,,0.0,,,,,,,0.1346517626827171,0.000945829750644884,,0.000945829750644884,0.003869303525365434,0.001891659501289768,0.039294926913155635,,,,,0.001891659501289768,0.006878761822871883,0.006878761822871883,0.000945829750644884,0.004901117798796217,0.19148753224419612,0.000945829750644884,,0.06878761822871883,,0.005846947549441101,0.000945829750644884,0.031384350816852966,0.3598452278589854,0.000945829750644884,0.000945829750644884,0.006878761822871883,,,0.003869303525365434,,0.001891659501289768,0.000945829750644884,0.000945829750644884,,0.02648323301805675,0.001891659501289768,0.0029234737747205505,,0.003869303525365434,0.006878761822871883
,0.000945829750644884,,,,,,0.000945829750644884,0.005846947549441101,,0.010748065348237317,,,0.004901117798796217,,0.005846947549441101,,0.001891659501289768,0.0029234737747205505,0.006878761822871883,0.005846947549441101,,,0.0589853826311264,,0.004901117798796217,0.000945829750644884,,0.0,,0.003869303525365434,,,,,0.15528804815133276,0.003869303525365434,,,0.000945829750644884,0.0029234737747205505,0.0294926913155632,0.000945829750644884,0.001891659501289768,,,0.000945829750644884,0.004901117798796217,0.005846947549441101,,0.004901117798796217,0.0007738607050731261,0.001891659501289768,0.000945829750644884,0.08744625967325881,,0.010748065348237317,0.0029234737747205505,0.03826311263972485,0.4689595872742906,0.0029234737747205505,,0.006878761822871883,,,0.011779879621668099,0.000945829750644884,0.0029234737747205505,0.000945829750644884,,,0.01865864144453998,0.001891659501289768,0.006878761822871883,,0.0029234737747205505,0.003869303525365434
,0.003941730934018852,,,0.001970865467009426,0.0009425878320479863,,,0.004884318766066838,0.004884318766066838,0.01276778063410454,,,0.011825192802056555,,0.005912596401028277,,0.002913453299057412,0.00985432733504713,0.002913453299057412,0.00882604970008569,,,0.04635818337617823,0.004884318766066838,0.0009425878320479863,0.0009425878320479863,0.006855184233076264,0.0,,0.004884318766066838,,0.001970865467009426,,,0.09871465295629821,0.005912596401028277,,,0.0009425878320479863,0.007883461868037704,0.043444730077120824,0.001970865467009426,0.005912596401028277,,0.001970865467009426,0.001970865467009426,,0.006855184233076264,,0.003941730934018852,0.0,0.0009425878320479863,,0.1658954584404456,0.003941730934018852,0.013796058269065981,0.0009425878320479863,0.02956298200514139,0.40197086546700944,0.0009425878320479863,,0.011825192802056555,,,0.00985432733504713,,0.003941730934018852,0.001970865467009426,,,0.01970865467009426,0.00882604970008569,0.005912596401028277,0.001970865467009426,,
,0.001891659501289768,,,,0.000945829750644884,,,0.005846947549441101,0.003869303525365434,0.012639724849527086,,,0.011693895098882202,,0.003869303525365434,,0.001891659501289768,0.000945829750644884,,0.0067927773000859846,,,0.02631126397248495,0.001891659501289768,0.000945829750644884,0.001891659501289768,0.003869303525365434,0.0,,0.001891659501289768,,,,,0.08959587274290627,0.0029234737747205505,,,,0.001891659501289768,0.027257093723129837,0.000945829750644884,,,,0.005846947549441101,,0.005846947549441101,0.001891659501289768,,0.29363714531384344,0.000945829750644884,,0.0886500429922614,,0.008770421324161651,0.000945829750644884,0.030180567497850388,0.3011177987962167,,,0.007738607050730868,,,0.008770421324161651,,0.001891659501289768,0.003869303525365434,,,0.017540842648323302,0.001891659501289768,0.000945829750644884,,,0.009716251074806535
,0.002837489251934652,,,,0.000945829750644884,,,0.001891659501289768,0.000945829750644884,0.003783319002579536,,,0.002837489251934652,,,,0.000945829750644884,,,,0.000945829750644884,,0.03895098882201204,,,0.004729148753224419,0.003783319002579536,0.0,,0.000945829750644884,,,,,0.08357695614789339,0.002837489251934652,,,,0.001891659501289768,0.016079105760963025,0.000945829750644884,,,,,0.003783319002579536,0.004729148753224419,,0.003783319002579536,0.36208082545141873,0.000945829750644884,,0.04557179707652623,,0.005674978503869304,0.000945829750644884,0.022785898538263114,0.35055889939810836,,,0.001891659501289768,,,,,,,,,0.01702493551160791,0.002837489251934652,0.001891659501289768,,0.001891659501289768,0.004729148753224419
,0.0018056749785038692,,,,0.0008598452278589854,,,0.004643164230438521,0.0018056749785038692,0.002751504729148753,,,0.00937231298366294,,,,0.0018056749785038692,0.0018056749785038692,,0.0008598452278589854,,,0.04058469475494411,,,0.004643164230438521,0.002751504729148753,0.0,,,,,,,0.09922613929492691,0.0018056749785038692,,,,,0.015047291487532245,0.0008598452278589854,,,,0.002751504729148753,0.00937231298366294,0.0008598452278589854,,0.0008598452278589854,0.29423903697334486,,,0.0765262252794497,,0.0018056749785038692,0.0008598452278589854,0.027343078245915736,0.38288907996560617,,,0.0008598452278589854,,,0.0018056749785038692,,,,,,0.002751504729148753,0.0008598452278589854,,,,0.005588993981083405
,0.002837489251934652,,,0.000945829750644884,,,,0.006706792777300086,,0.002837489251934652,,,0.001891659501289768,,0.004729148753224419,,,,,0.000945829750644884,,,0.037403267411865865,,0.002837489251934652,0.004729148753224419,0.002837489251934652,0.0,,,,0.000945829750644884,,,0.10928632846087705,0.001891659501289768,,,,0.000945829750644884,0.024935511607910577,,,,0.000945829750644884,,0.00765262252794497,0.001891659501289768,,,0.17773000859845234,,,0.08245915735167669,,0.001891659501289768,,0.03258813413585555,0.4527944969905417,,,0.001891659501289768,,,0.000945829750644884,,,,,,0.023903697334479793,,,,0.000945829750644884,0.00765262252794497
,0.001891659501289768,,,0.001891659501289768,,,,0.002837489251934652,,0.005674978503869304,,,0.001891659501289768,0.001891659501289768,,,0.002837489251934652,0.003783319002579536,,0.000945829750644884,,,0.055460017196904556,0.000945829750644884,,0.002837489251934652,,0.0,,,,,,0.000945829750644884,0.12252794496990542,0.004729148753224419,,,,0.002837489251934652,0.03344797936371453,,0.002837489251934652,,,0.000945829750644884,0.006620808254514187,0.004729148753224419,,0.002837489251934652,0.13955288048151337,,,0.08134135855546001,,0.003783319002579536,,0.0468615649183147,0.4145313843508169,,0.000945829750644884,0.002837489251934652,,,0.000945829750644884,,,,0.001891659501289768,,0.03155631986242476,,,,0.003783319002579536,0.006620808254514187
,0.001891659501289768,,,0.000945829750644884,0.003783319002579536,0.000945829750644884,0.001891659501289768,0.01057609630266552,0.001891659501289768,0.02115219260533104,,,0.00765262252794497,,,,0.000945829750644884,0.009544282029234737,0.001891659501289768,0.005760963026655202,0.000945829750644884,,0.06053310404127257,0.000945829750644884,0.002837489251934652,0.001891659501289768,,0.0,,0.003783319002579536,,,,0.000945829750644884,0.12218400687876182,0.001891659501289768,,,,0.003783319002579536,0.026913155631986242,0.000945829750644884,0.000945829750644884,,0.006706792777300086,,0.000945829750644884,0.009544282029234737,,,0.0653482373172829,0.001891659501289768,,0.06534823731728288,,0.006706792777300086,,0.03843508168529665,0.4521926053310404,0.000945829750644884,,0.00765262252794497,,,0.000945829750644884,,0.000945829750644884,0.001891659501289768,0.000945829750644884,,0.027858985382631127,0.004729148753224419,0.001891659501289768,,0.000945829750644884,0.006706792777300086
,,,,,,,0.004815133276010318,0.011693895098882202,0.0029234737747205505,0.0029234737747205505,,,0.015563198624247635,,0.004815133276010318,,0.005846947549441101,0.003869303525365434,0.005846947549441101,0.015563198624247635,0.000945829750644884,,0.023387790197764404,,0.000945829750644884,0.0029234737747205505,,0.0,,0.0029234737747205505,,,,0.000945829750644884,0.11410146173688736,0.007738607050730868,0.000945829750644884,,,0.000945829750644884,0.018486672398968184,0.001891659501289768,,,0.008770421324161651,0.003869303525365434,,0.011693895098882202,,0.007738607050730868,0.06870163370593296,,,0.10335339638865004,,0.030180567497850388,,0.06044711951848667,0.38435081685296646,0.0067927773000859846,,0.005846947549441101,,,0.005846947549441101,0.003869303525365434,,0.001891659501289768,0.000945829750644884,,0.03705932932072227,0.003869303525365434,0.001891659501289768,,0.000945829750644884,0.001891659501289768
0.000945829750644884,0.000945829750644884,,,,,0.000945829750644884,0.004729148753224419,0.008598452278589854,0.006706792777300086,0.00765262252794497,,,0.01238177128116939,,,,0.000945829750644884,0.005674978503869304,0.002837489251934652,0.009544282029234737,0.001891659501289768,0.000945829750644884,0.03061049011177988,0.000945829750644884,0.004729148753224419,0.002837489251934652,,0.0,,0.005674978503869304,,,,,0.1121238177128117,0.001891659501289768,,,,0.002837489251934652,0.026827171109200344,,,,0.005674978503869304,0.000945829750644884,,0.008598452278589854,,0.004729148753224419,0.17454858125537398,,,0.07472055030094583,0.001891659501289768,0.019088564058469475,,0.04402407566638005,0.33826311263972486,0.002837489251934652,0.000945829750644884,0.004729148753224419,,,0.008598452278589854,0.000945829750644884,0.002837489251934652,0.003783319002579536,,,0.03061049011177988,0.003783319002579536,0.000945829750644884,,0.01049011177987962,0.003783319002579536
,0.001891659501289768,,,,0.000945829750644884,,,0.002837489251934652,0.004815133276010318,,,,0.008598452278589854,,,,,0.000945829750644884,0.000945829750644884,0.009630266552020636,0.000945829750644884,,0.0529664660361135,0.001891659501289768,0.000945829750644884,0.002837489251934652,,0.0,,0.000945829750644884,0.000945829750644884,,,,0.10601891659501289,0.002837489251934652,,,,0.000945829750644884,0.025021496130696475,,0.001891659501289768,,0.003783319002579536,,,,,,0.18366294067067923,,,0.07901977644024076,,0.003783319002579536,,0.02407566638005159,0.4376612209802236,,0.000945829750644884,0.002837489251934652,,,0.005760963026655202,,0.001891659501289768,0.000945829750644884,,,0.013413585554600172,,,,0.003783319002579536,0.009630266552020636
,0.000945829750644884,,,,,,,0.000945829750644884,0.005674978503869304,,,,0.01238177128116939,,,,,0.000945829750644884,,0.005674978503869304,0.000945829750644884,,0.053396388650042995,,0.001891659501289768,0.003783319002579536,,0.0,,,,,,,0.12880481513327602,0.000945829750644884,,,,0.001891659501289768,0.022871883061049012,0.000945829750644884,,,,0.002837489251934652,,,0.000945829750644884,,0.19036973344797925,,,0.07919174548581255,,0.01049011177987962,,0.03430782459157352,0.39716251074806536,0.000945829750644884,,0.003783319002579536,,,0.001891659501289768,0.000945829750644884,0.001891659501289768,0.000945829750644884,,,0.01711092003439381,0.001891659501289768,0.003783319002579536,,0.001891659501289768,0.007566638005159072
0.000945829750644884,,,,0.000945829750644884,,,,0.004729148753224419,0.000945829750644884,,,,0.004729148753224419,,0.000945829750644884,,,0.000945829750644884,0.000945829750644884,0.003783319002579536,0.000945829750644884,,0.050386930352536545,,,0.001891659501289768,,0.0,,0.003783319002579536,,,,,0.13026655202063628,,,,,0.002837489251934652,0.025623387790197766,,0.000945829750644884,,,,,,,0.001891659501289768,0.12562338779019766,,,0.0817712811693895,,0.006620808254514187,0.001891659501289768,0.03611349957007739,0.48022355975924336,,0.001891659501289768,0.005674978503869304,,,0.000945829750644884,,0.001891659501289768,0.000945829750644884,,,0.008512467755803955,0.001891659501289768,0.001891659501289768,,0.002837489251934652,0.003783319002579536
,0.0018056749785038692,,,,,,,0.00825451418744626,0.0036113499570077385,0.00825451418744626,0.0008598452278589854,,0.0036113499570077385,,0.0018056749785038692,,,0.0008598452278589854,0.002751504729148753,0.005503009458297506,0.0008598452278589854,,0.0646603611349957,0.0008598452278589854,,0.0008598452278589854,,0.0,,0.004557179707652623,,,,,0.12192605331040413,0.0008598452278589854,,,0.0008598452278589854,0.0008598452278589854,0.01934651762682717,0.0008598452278589854,0.0008598452278589854,0.0008598452278589854,,0.004557179707652623,,,,0.0008598452278589854,0.11771281169389525,,,0.08409286328460877,,0.015649183147033535,,0.030438521066208084,0.4472914875322442,0.0008598452278589854,0.0008598452278589854,0.002751504729148753,,,0.0036113499570077385,,0.0008598452278589854,,,,0.016595012897678417,0.004557179707652623,,,0.007308684436801376,0.006448839208942391
,0.0008304268393954493,,,0.0008304268393954493,0.0017438963627304435,,0.004484304932735426,0.007224713502740409,0.0026573658860654377,0.009051652549410398,,,0.003570835409400432,,0.0026573658860654377,,0.0017438963627304435,0.003570835409400432,,0.0026573658860654377,0.0008304268393954493,,0.059790732436472344,,0.0026573658860654377,,,0.0,,0.003570835409400432,,,,,0.16600232519515032,0.004484304932735426,,,0.0017438963627304435,0.0017438963627304435,0.03620661019764159,,0.0026573658860654377,0.004484304932735426,0.0017438963627304435,0.0008304268393954493,,0.0026573658860654377,0.0026573658860654377,0.0008304268393954493,1.1102230246251565e-16,,,0.07980401926590268,,0.019930244145490782,0.0026573658860654377,0.042600896860986545,0.46263079222720477,0.0026573658860654377,,0.008138183026075402,,,0.007224713502740409,,0.0017438963627304435,0.0017438963627304435,,,0.020843713668825776,0.0008304268393954493,0.0008304268393954493,,0.006311243979405415,0.008138183026075402
,0.00786794199321197,,,,,,0.002622647331070657,0.002622647331070657,0.002622647331070657,0.00786794199321197,,,0.013961740203640851,,,0.0008485035482875655,0.0008485035482875655,0.00609379821042888,,0.0034711508793582226,0.0008485035482875655,,0.06116939216291268,,,0.005245294662141314,,0.0,,0.004319654427645789,,,,,0.1013576056772601,0.014810243751928418,,,0.0008485035482875655,0.011339092872570195,0.03841406973156433,,,0.001697007096575131,0.0008485035482875655,,,0.004319654427645789,0.002622647331070657,,1.1102230246251565e-16,,,0.14594261030546127,,0.01218759642085776,,0.027074976858994137,0.4624344338167232,0.0008485035482875655,,0.004319654427645789,,,0.005245294662141314,,0.001697007096575131,0.001697007096575131,,,0.01573588398642394,,0.001697007096575131,,0.01658438753471151,0.00786794199321197
,,,,,0.0019776440240756666,,0.0019776440240756666,0.005932932072226999,0.0019776440240756666,0.003955288048151333,,,0.009888220120378332,,0.000945829750644884,0.000945829750644884,,0.0019776440240756666,,0.003955288048151333,,,0.04067067927773001,0.000945829750644884,0.000945829750644884,0.000945829750644884,,0.0,,0.004901117798796217,,,,,0.08925193465176268,0.005932932072226999,,,,0.007910576096302666,0.03172828890799656,,,0.000945829750644884,,,,0.003955288048151333,0.0019776440240756666,0.000945829750644884,0.17377472055030108,,,0.1517626827171109,,0.012897678417884782,0.0019776440240756666,0.02175408426483233,0.36208082545141873,0.000945829750644884,0.000945829750644884,0.004901117798796217,,,0.003955288048151333,,,0.0029234737747205505,,,0.02175408426483233,0.0019776440240756666,0.004901117798796217,,0.004901117798796217,0.003955288048151333
,0.0018056749785038692,,,,,,,0.0018056749785038692,,,,,0.012037833190025795,,,0.0008598452278589854,0.003697334479793637,0.0008598452278589854,0.0008598452278589854,,,,0.06311263972484953,0.003697334479793637,0.002751504729148753,0.002751504729148753,,0.0,,0.0008598452278589854,,,,,0.13276010318142734,0.0018056749785038692,,,,,0.021324161650902836,,0.0008598452278589854,,,0.0008598452278589854,,0.0008598452278589854,,0.0008598452278589854,0.14823731728288914,,,0.06680997420464316,,0.008340498710232158,0.002751504729148753,0.06122098022355976,0.42717110920034396,,0.0008598452278589854,0.002751504729148753,,,0.0018056749785038692,,0.0008598452278589854,0.0008598452278589854,,0.0008598452278589854,0.012037833190025795,,,,0.005503009458297506,0.005503009458297506
,0.0018056749785038692,,,,,,,0.0018056749785038692,0.0008598452278589854,,,,0.010318142734307825,,,0.0008598452278589854,0.0018056749785038692,0.0018056749785038692,,,,,0.057351676698194326,,0.0008598452278589854,0.0018056749785038692,,0.0,,,,,,,0.12132416165090283,0.0018056749785038692,,,,0.0008598452278589854,0.02063628546861565,,,,0.0018056749785038692,0.0008598452278589854,,,,0.002751504729148753,0.17377472055030108,,,0.094067067927773,0.0018056749785038692,0.011263972484952709,,0.040412725709372314,0.42158211521926053,,0.0008598452278589854,0.007480653482373173,,,0.0008598452278589854,,0.0008598452278589854,,,,0.00937231298366294,,,,0.002751504729148753,0.005588993981083405
,0.002837489251934652,,,,,,,0.003783319002579536,0.004729148753224419,,,,0.006706792777300086,,,,0.001891659501289768,0.000945829750644884,0.000945829750644884,,,,0.05760963026655202,,0.000945829750644884,0.000945829750644884,,0.0,,,,,,,0.1345657781599312,0.001891659501289768,,,0.001891659501289768,0.000945829750644884,0.01633705932932072,,,,,,,,0.000945829750644884,0.002837489251934652,0.10498710232158204,,,0.09707652622527944,0.001891659501289768,0.00765262252794497,,0.026913155631986242,0.49690455717970766,,0.000945829750644884,0.001891659501289768,,,,,,,,,0.009544282029234737,,,,0.006706792777300086,0.004729148753224419
,0.000945829750644884,,,0.000945829750644884,,,0.000945829750644884,0.014617368873602751,,,,,0.007824591573516768,,,,0.0067927773000859846,0.000945829750644884,0.000945829750644884,,,,0.07239896818572657,,0.011693895098882202,0.001891659501289768,,0.0,,,,,,,0.11642304385210663,0.007824591573516768,,0.001891659501289768,,,0.016595012897678417,,,0.000945829750644884,,0.003869303525365434,,,,0.000945829750644884,0.11659501289767837,,,0.08022355975924333,0.000945829750644884,0.004815133276010318,0.003869303525365434,0.03129836629406707,0.4705932932072227,,0.000945829750644884,0.0067927773000859846,,,,0.000945829750644884,,,,,0.003869303525365434,,,0.000945829750644884,0.008770421324161651,0.000945829750644884
,0.000945829750644884,,,,,,,0.024849527085124678,0.004729148753224419,0.008598452278589854,,,0.016251074806534822,,0.001891659501289768,,0.002837489251934652,0.003783319002579536,,0.004729148753224419,,,0.07953568357695615,0.000945829750644884,0.01049011177987962,0.000945829750644884,,0.0,,0.002837489251934652,,,,,0.14273430782459157,0.000945829750644884,,,,0.003783319002579536,0.02871883061049011,0.000945829750644884,0.000945829750644884,,0.000945829750644884,0.003783319002579536,,0.002837489251934652,,0.000945829750644884,0.05614789337919179,,,0.07858985382631127,0.000945829750644884,0.013413585554600172,0.002837489251934652,0.022012037833190026,0.43989681857265694,,0.000945829750644884,0.004729148753224419,,,0.005674978503869304,,,,,,0.01530524505588994,0.001891659501289768,,,0.00765262252794497,
,,0.002837489251934652,,,0.000945829750644884,,,0.026139294926913154,0.001891659501289768,0.011607910576096303,,,0.014531384350816853,,0.009630266552020636,0.000945829750644884,,0.001891659501289768,,0.01057609630266552,,,0.0532244196044712,0.001891659501289768,0.009630266552020636,,,0.0,,0.004815133276010318,,,,,0.1346517626827171,0.005760963026655202,,,,,0.02226999140154772,0.001891659501289768,0.000945829750644884,,,,,0.002837489251934652,,0.005760963026655202,0.03723129836629413,,,0.11332760103181427,0.000945829750644884,0.023215821152192607,0.001891659501289768,0.03293207222699914,0.420378331900258,,,0.006706792777300086,,,0.004815133276010318,0.007738607050730868,,,,,0.014531384350816853,0.003869303525365434,,,0.007738607050730868,
0.000945829750644884,0.0019776440240756666,0.000945829750644884,,,,,0.000945829750644884,0.005932932072226999,0.0029234737747205505,0.010920034393809114,,,0.010920034393809114,0.000945829750644884,0.004901117798796217,,0.000945829750644884,0.000945829750644884,,0.004901117798796217,,,0.03078245915735168,,0.003955288048151333,0.0019776440240756666,,0.0,,0.0019776440240756666,,,,,0.11315563198624248,0.007910576096302666,,,,0.0019776440240756666,0.03473774720550301,,,,0.0029234737747205505,,,0.0019776440240756666,,,0.21969045571797075,,,0.07540842648323302,,0.00885640584694755,0.000945829750644884,0.022785898538263114,0.3763542562338779,,,0.009888220120378332,,,0.005932932072226999,0.0019776440240756666,,,,,0.016852966466036113,0.0029234737747205505,,0.000945829750644884,0.007910576096302666,
,0.000945829750644884,,,,,,,0.0019776440240756666,,0.000945829750644884,,,0.005932932072226999,,0.000945829750644884,0.000945829750644884,,0.000945829750644884,,,,0.000945829750644884,0.059587274290627684,0.000945829750644884,0.000945829750644884,0.003955288048151333,,0.0,,0.000945829750644884,0.0019776440240756666,,,,0.12407566638005159,0.014875322441960447,,,,,0.020808254514187448,,,,,,,,,0.0019776440240756666,0.20558899398108355,,,0.07738607050730868,,0.000945829750644884,0.000945829750644884,0.032760103181427344,0.410146173688736,,0.0029234737747205505,0.005932932072226999,,,,,,,,,0.00885640584694755,0.0019776440240756666,,,0.007910576096302666,0.000945829750644884
,0.001891659501289768,,,,,,,0.002837489251934652,,,,,0.012467755803955288,,0.002837489251934652,,,0.006706792777300086,,,,,0.08873602751504729,0.000945829750644884,0.002837489251934652,0.003783319002579536,,0.0,,,,,,,0.12828890799656062,0.000945829750644884,,,,0.022184006878761823,0.022184006878761823,0.000945829750644884,,,,,,,,,0.17790197764402427,,,0.050128976784178846,0.001891659501289768,0.002837489251934652,0.001891659501289768,0.03181427343078246,0.40240756663800514,,0.000945829750644884,0.004815133276010318,,,0.001891659501289768,,,,0.000945829750644884,,0.01633705932932072,,0.002837489251934652,,0.004815133276010318,0.000945829750644884
,0.000945829750644884,,,,,,,0.005760963026655202,0.000945829750644884,,0.000945829750644884,,0.005760963026655202,,0.004815133276010318,,,0.000945829750644884,,,,0.001891659501289768,0.04823731728288908,,0.000945829750644884,0.002837489251934652,,0.0,,,,,,,0.14290627687016336,0.005760963026655202,,,,,0.02407566638005159,0.000945829750644884,,,,,,,,,0.233104041272571,,,0.05597592433361995,,0.005760963026655202,0.003783319002579536,0.027944969905417026,0.39699054170249354,,0.001891659501289768,0.005760963026655202,,,,,,,,,0.011521926053310405,0.001891659501289768,,,0.00765262252794497,
,,,,,,,0.0008598452278589854,0.002751504729148753,,,,,0.004643164230438521,,0.002751504729148753,,,0.004643164230438521,,,,0.0008598452278589854,0.04789337919174549,,0.0008598452278589854,0.006534823731728289,,0.0,,,,,,,0.148323301805675,0.003697334479793637,0.0008598452278589854,,,0.004643164230438521,0.03568357695614789,,,,,,,,,0.0018056749785038692,0.2474634565778161,,0.0008598452278589854,0.05253654342218401,0.0008598452278589854,0.0008598452278589854,0.0008598452278589854,0.03473774720550301,0.3653482373172829,,0.002751504729148753,0.0018056749785038692,,,,,0.0008598452278589854,,,,0.014015477214101462,,,,0.00937231298366294,0.0008598452278589854
,0.003869303525365434,,,,,,,0.003869303525365434,,0.005846947549441101,,,0.005846947549441101,,0.004901117798796217,,,0.0029234737747205505,,,,0.000945829750644884,0.07265692175408427,0.000945829750644884,0.0029234737747205505,0.0029234737747205505,,0.0,,,,,,,0.1472914875322442,0.000945829750644884,,,,0.005846947549441101,0.04909716251074807,,0.000945829750644884,,,0.000945829750644884,0.000945829750644884,0.000945829750644884,,,0.02794496990541695,,0.000945829750644884,0.07463456577815993,,0.0067927773000859846,0.000945829750644884,0.04024075666380052,0.4665520206362855,0.0029234737747205505,0.001891659501289768,0.0067927773000859846,0.000945829750644884,,0.001891659501289768,,0.005846947549441101,0.000945829750644884,,,0.03731728288907996,,,,0.008770421324161651,
,0.003869303525365434,,,,,,,0.000945829750644884,0.001891659501289768,0.017454858125537404,,,0.005760963026655202,,0.002837489251934652,,,0.010662080825451418,0.001891659501289768,,,,0.06801375752364575,0.000945829750644884,,0.000945829750644884,,0.0,,0.000945829750644884,,,,,0.11943250214961307,0.000945829750644884,,,0.003869303525365434,0.008684436801375752,0.05047291487532244,,,,,0.003869303525365434,,0.003869303525365434,,0.003869303525365434,0.0712811693895099,0.000945829750644884,,0.08641444539982802,,0.010662080825451418,0.000945829750644884,0.04952708512467756,0.39157351676698193,0.013585554600171969,0.000945829750644884,0.001891659501289768,,,,,0.003869303525365434,,,,0.04754944110060189,0.000945829750644884,0.000945829750644884,,0.007738607050730868,
,,,,,,,,0.007910576096302666,,0.013929492691315564,,,0.008942390369733448,,0.00997420464316423,0.000945829750644884,,0.0029234737747205505,,,,,0.02588134135855546,0.000945829750644884,0.0029234737747205505,0.0019776440240756666,,0.0,,,,,,,0.11375752364574376,0.0019776440240756666,,,,0.004987102321582115,0.024935511607910577,,,,0.000945829750644884,0.000945829750644884,,0.003955288048151333,,0.005932932072226999,0.2515907136715392,,0.000945829750644884,0.08684436801375753,0.0019776440240756666,0.011951848667239896,0.003955288048151333,0.027944969905417026,0.3363714531384351,0.006964746345657782,,0.005932932072226999,,,,,0.003955288048151333,0.0019776440240756666,,,0.01693895098882201,0.0029234737747205505,,,0.005932932072226999,
,0.001891659501289768,,,,,,,0.0029234737747205505,,0.004815133276010318,,,0.010748065348237317,,0.005846947549441101,,,0.007824591573516768,,,,,0.04987102321582115,0.001891659501289768,0.000945829750644884,,,0.0,,,,,,,0.14772141014617368,0.0029234737747205505,,,,,0.0293207222699914,,,,,0.000945829750644884,,0.000945829750644884,,,0.21616509028374897,,,0.04789337919174549,0.004815133276010318,0.005846947549441101,0.003869303525365434,0.03422184006878762,0.38641444539982805,,,0.004815133276010318,,,,,,0.0029234737747205505,,,0.015649183147033535,,,,0.008770421324161651,
,,,,,,,,0.005760963026655202,,0.003869303525365434,,,0.0067927773000859846,,0.005760963026655202,,,0.010662080825451418,,,,,0.056405846947549444,0.001891659501289768,0.001891659501289768,,,0.0,,,,,,,0.13705932932072226,0.010662080825451418,,,,0.000945829750644884,0.03009458297506449,,,,,,,,0.005760963026655202,,0.26285468615649177,,,0.05055889939810834,0.002837489251934652,0.002837489251934652,0.000945829750644884,0.02527944969905417,0.3404127257093723,,,0.002837489251934652,,,0.000945829750644884,,,0.005760963026655202,,,0.020378331900257955,,,,0.0067927773000859846,
,,,,,0.000945829750644884,,,0.001891659501289768,0.000945829750644884,0.004815133276010318,,,0.005846947549441101,,0.0029234737747205505,,0.000945829750644884,0.005846947549441101,,0.0029234737747205505,,,0.048753224419604474,0.000945829750644884,0.000945829750644884,,,0.0,,,,,,,0.13164230438521066,0.001891659501289768,,,,,0.02235597592433362,,,,0.000945829750644884,,,0.000945829750644884,0.000945829750644884,0.003869303525365434,0.2363714531384351,,,0.06921754084264832,,0.007738607050730868,0.001891659501289768,0.02631126397248495,0.39208942390369733,,0.000945829750644884,0.000945829750644884,,,0.000945829750644884,,,0.001891659501289768,,,0.011693895098882202,,,,0.007738607050730868,0.001891659501289768
,0.003783319002579536,,,,0.000945829750644884,,,0.000945829750644884,,0.006620808254514187,,,0.001891659501289768,,0.002837489251934652,,,0.000945829750644884,,0.000945829750644884,,,0.05064488392089424,,0.002837489251934652,,0.000945829750644884,0.0,,,,0.001891659501289768,,,0.14342218400687876,0.001891659501289768,,,,0.000945829750644884,0.02098022355975924,,,,,0.000945829750644884,,,,0.000945829750644884,0.2470335339638864,,,0.051590713671539126,,0.009544282029234737,0.001891659501289768,0.040154772141014615,0.38546861564918317,,,0.001891659501289768,,,0.003783319002579536,0.000945829750644884,,,,,0.005674978503869304,,,,0.00765262252794497,
,0.000945829750644884,,,,,,,0.001891659501289768,,0.009716251074806535,,0.000945829750644884,0.013671539122957868,,0.003869303525365434,0.000945829750644884,,0.017540842648323302,,0.004815133276010318,,,0.08022355975924333,,0.001891659501289768,0.000945829750644884,,0.0,,0.0067927773000859846,,,,,0.15649183147033535,0.004815133276010318,,,,0.000945829750644884,0.03129836629406707,,,,,0.000945829750644884,,,,,0.12089423903697338,,0.000945829750644884,0.06354256233877902,,0.012639724849527086,0.001891659501289768,0.027343078245915736,0.3932932072226999,,,0.004815133276010318,,,0.000945829750644884,,,0.000945829750644884,,,0.021496130696474634,0.000945829750644884,0.001891659501289768,,0.007824591573516768,0.001891659501289768
,0.0019776440240756666,,0.000945829750644884,,0.000945829750644884,,0.000945829750644884,0.005932932072226999,0.003955288048151333,0.009888220120378332,,0.003955288048151333,0.02175408426483233,,0.004901117798796217,,0.000945829750644884,0.007910576096302666,,0.004901117798796217,0.000945829750644884,,0.06328460877042133,,0.004901117798796217,0.0019776440240756666,,0.0,,0.003955288048151333,0.0019776440240756666,,,,0.11969045571797077,0.009888220120378332,,,,0.004901117798796217,0.041530524505588994,,0.000945829750644884,,,0.000945829750644884,,0.0019776440240756666,,,0.10283748925193459,,0.000945829750644884,0.07411865864144454,,0.012811693895098883,0.0029234737747205505,0.025709372312983664,0.37884780739466895,0.000945829750644884,,0.009888220120378332,,,0.0029234737747205505,0.0019776440240756666,,,0.005932932072226999,,0.03258813413585555,0.000945829750644884,0.005932932072226999,,0.014789337919174549,
,0.000945829750644884,,,,,,,0.009200343938091144,0.0030094582975064487,0.007136715391229578,,,0.009200343938091144,,0.0019776440240756666,,,0.0030094582975064487,,0.005073086844368014,0.000945829750644884,,0.03284608770421324,0.000945829750644884,0.007136715391229578,,,0.0,,,,,,,0.08529664660361135,0.004041272570937231,,,,0.0030094582975064487,0.03594153052450559,,0.000945829750644884,,,,0.0030094582975064487,,,,0.3314703353396389,0.000945829750644884,,0.08529664660361135,,0.007136715391229578,0.0019776440240756666,0.01642304385210662,0.30335339638865005,,,0.009200343938091144,,,0.0019776440240756666,0.000945829750644884,,,,,0.014359415305245055,,0.005073086844368014,,0.00816852966466036,
0.000945829750644884,0.002837489251934652,,,,0.001891659501289768,,,0.001891659501289768,,0.001891659501289768,,,0.014187446259673258,,0.003783319002579536,,,0.005674978503869304,,0.000945829750644884,,,0.050128976784178846,,0.004729148753224419,0.001891659501289768,,0.0,,,,,,,0.11367153912295787,0.005674978503869304,,,,0.000945829750644884,0.023645743766122097,,,,,0.000945829750644884,0.001891659501289768,0.001891659501289768,,,0.2566638005159072,,,0.06156491831470336,,0.001891659501289768,0.000945829750644884,0.051074806534823734,0.36569217540842647,,,0.001891659501289768,,,0.000945829750644884,,,,0.001891659501289768,,0.008512467755803955,,,,0.008512467755803955,0.000945829750644884
,,,,,,,,0.0018056749785038692,,,,,0.007394668959587274,,0.004557179707652623,,,0.0018056749785038692,,,,,0.0648323301805675,,0.002751504729148753,0.003697334479793637,,0.0,,,,,,,0.1473774720550301,0.003697334479793637,,,,0.0008598452278589854,0.016680997420464316,,,,,0.0018056749785038692,0.0008598452278589854,,,,0.2388650042992262,,,0.05838349097162511,,0.004557179707652623,0.0018056749785038692,0.023129836629406708,0.3938950988822012,,,0.003697334479793637,,,,,,,,,0.015735167669819434,,0.0018056749785038692,,,
0.0008598452278589854,,,,,,,,0.0008598452278589854,,,,,0.011092003439380911,,0.004643164230438521,,,0.002751504729148753,,,,,0.040928632846087706,,0.003697334479793637,,,0.0,,,0.0008598452278589854,,,,0.1182287188306105,0.002751504729148753,,,,0.0018056749785038692,0.026053310404127256,,0.0008598452278589854,,0.002751504729148753,,0.0018056749785038692,,,,0.30576096302665523,,,0.036285468615649186,0.0008598452278589854,0.0018056749785038692,0.0008598452278589854,0.02880481513327601,0.38925193465176267,,,0.003697334479793637,,,0.0008598452278589854,,,,0.0018056749785038692,,0.008340498710232158,0.0008598452278589854,,,,0.0008598452278589854
,0.0008598452278589854,,,0.0008598452278589854,0.0018056749785038692,,,0.0018056749785038692,0.0018056749785038692,,,,0.008340498710232158,,0.004643164230438521,,,,,,,,0.07265692175408427,,0.006448839208942391,,,0.0,,,0.0018056749785038692,,,,0.1760963026655202,0.006448839208942391,,,,,0.021410146173688735,0.0008598452278589854,0.0008598452278589854,0.0008598452278589854,,,0.0018056749785038692,0.0008598452278589854,0.0008598452278589854,,0.1392949269131556,,,0.04935511607910576,0.002751504729148753,0.009286328460877041,0.002751504729148753,0.04006878761822872,0.4278589853826311,,0.0008598452278589854,0.002751504729148753,,,0.005588993981083405,,,,,,0.008340498710232158,,,,,
,0.0008354916868577157,0.0008354916868577157,,0.0008354916868577157,0.0035090650848024064,,,0.005347146795889381,0.0035090650848024064,0.004428105940345894,0.0008354916868577157,,0.008939761049377559,,0.006266187651432868,0.0008354916868577157,0.0026735733979446905,0.004428105940345894,,0.004428105940345894,,0.0008354916868577157,0.06817612164758961,,0.007101679338290584,0.004428105940345894,,0.0,,,0.0008354916868577157,,,,0.1284150722700309,0.04578494443980283,,,,0.006266187651432868,0.06015540145375554,0.0008354916868577157,0.0008354916868577157,,0.0035090650848024064,0.0008354916868577157,0.0017545325424012032,0.0026735733979446905,,,0.0,,0.0008354916868577157,0.08530370122817278,0.0008354916868577157,0.010694293591778762,0.0026735733979446905,0.04127328933077116,0.43019466956303787,0.0008354916868577157,,0.007101679338290584,,,0.007101679338290584,,,,0.0008354916868577157,,0.029576405714763138,,,0.0008354916868577157,,0.0017545325424012032
0.0017916768466487499,,,0.0008958384233243749,0.0026875152699731247,0.004479192116621874,,,0.0072481472432608515,0.0017916768466487499,0.01180877921654858,0.0035833536932974998,,0.013600456063197328,,0.004479192116621874,,0.0017916768466487499,0.004479192116621874,,0.008143985666585227,,0.0008958384233243749,0.036322176072970114,,0.006352308819936477,0.0026875152699731247,,0.0,,,0.0008958384233243749,,,,0.11352716019219806,0.013600456063197328,,,,0.0072481472432608515,0.04446616173955534,0.0008958384233243749,,,0.009039824089909602,,,0.004479192116621874,0.004479192116621874,0.009039824089909602,1.1102230246251565e-16,,,0.126231777832071,0.0017916768466487499,0.019952764883133807,,0.06629204332600375,0.3934359475527323,0.0035833536932974998,0.0008958384233243749,0.008143985666585227,,,0.0072481472432608515,,,,0.0008958384233243749,,0.037218014496294485,0.0072481472432608515,,,,0.006352308819936477
,,,,0.0029234737747205505,0.004901117798796217,,0.000945829750644884,0.00885640584694755,0.0029234737747205505,0.015735167669819434,0.001891659501289768,0.001891659501289768,0.005846947549441101,,0.004901117798796217,,0.000945829750644884,0.005846947549441101,0.000945829750644884,0.015735167669819434,,0.001891659501289768,0.03344797936371453,0.001891659501289768,0.00885640584694755,0.001891659501289768,,0.0,,,0.000945829750644884,,,,0.1052450558899398,0.0029234737747205505,,,,0.0029234737747205505,0.034393809114359415,,,,0.001891659501289768,0.001891659501289768,,0.004901117798796217,0.006878761822871883,0.004901117798796217,0.2134135855546001,,,0.0589853826311264,0.000945829750644884,0.007824591573516768,,0.05116079105760963,0.3168529664660361,0.004901117798796217,0.001891659501289768,0.004901117798796217,,,0.009802235597592433,,,,,,0.03344797936371453,0.0029234737747205505,,,0.001891659501289768,0.001891659501289768
,,,,,0.002837489251934652,,,0.009630266552020636,,0.011607910576096303,0.000945829750644884,,0.0067927773000859846,,0.001891659501289768,,,0.001891659501289768,,0.012553740326741187,,0.000945829750644884,0.03680137575236458,,0.002837489251934652,0.000945829750644884,,0.0,,,0.000945829750644884,,,,0.11547721410146174,,,,,0.001891659501289768,0.021324161650902836,,,,,0.001891659501289768,,0.002837489251934652,,0.000945829750644884,0.33542562338779025,,,0.04651762682717111,0.000945829750644884,0.011607910576096303,0.004815133276010318,0.021324161650902836,0.30085984522785897,,,0.000945829750644884,,,0.004815133276010318,,,,0.000945829750644884,,0.033963886500429925,,,,,0.002837489251934652
,0.0008598452278589854,0.0008598452278589854,,,,,,0.004643164230438521,0.0008598452278589854,,,,0.005588993981083405,,0.005588993981083405,,,0.003697334479793637,,,,,0.060103181427343076,,0.005588993981083405,0.0018056749785038692,,0.0,,,0.0008598452278589854,,,,0.13723129836629408,0.0008598452278589854,,,0.0018056749785038692,0.0018056749785038692,0.030954428202923472,0.0018056749785038692,,,,0.0008598452278589854,,0.0008598452278589854,,0.0018056749785038692,0.2380051590713672,0.0018056749785038692,,0.0469475494411006,0.0008598452278589854,0.003697334479793637,0.0018056749785038692,0.04789337919174549,0.3638005159071367,,0.0018056749785038692,0.002751504729148753,,,0.0018056749785038692,,,,0.0008598452278589854,,0.017798796216680998,,,,0.0008598452278589854,0.0008598452278589854
,,,,,,,,0.0036113499570077385,,,,,0.012725709372312984,,0.0036113499570077385,,,0.0018056749785038692,,,,,0.05176268271711092,,0.0026655202063628545,0.0026655202063628545,,0.0,,,0.0008598452278589854,0.0008598452278589854,,,0.14445399828030955,0.0008598452278589854,,,,0.0018056749785038692,0.020894239036973346,0.0018056749785038692,,,,0.0008598452278589854,,,,0.0008598452278589854,0.31203783319002587,,0.0008598452278589854,0.0472055030094583,0.0008598452278589854,0.0036113499570077385,0.0036113499570077385,0.028116938950988823,0.3335339638865004,,,0.0036113499570077385,,,0.0026655202063628545,,,,0.0018056749785038692,,0.00997420464316423,,,,,
,,,,,,,,,,,,,0.010920034393809114,,0.0026655202063628545,,,0.0026655202063628545,,,,,0.06130696474634566,0.0018056749785038692,0.0018056749785038692,0.004557179707652623,,0.0,,,0.0008598452278589854,,,,0.11444539982803095,0.0018056749785038692,0.0018056749785038692,,,0.0008598452278589854,0.021926053310404127,,0.0018056749785038692,,,0.0008598452278589854,,0.0026655202063628545,,,0.3019776440240757,,0.0008598452278589854,0.05760963026655202,0.0008598452278589854,0.0026655202063628545,0.0018056749785038692,0.02648323301805675,0.3478933791917455,0.0008598452278589854,0.0018056749785038692,0.0036113499570077385,,,0.0008598452278589854,,,,0.0026655202063628545,,0.014617368873602751,0.0008598452278589854,,0.0018056749785038692,,
,0.0008598452278589854,,0.0008598452278589854,,0.0008598452278589854,0.0008598452278589854,,,,0.0018056749785038692,,,0.007308684436801376,,0.004557179707652623,,,0.0018056749785038692,,,,,0.07265692175408427,,0.0036113499570077385,0.0036113499570077385,,0.0,,,0.0008598452278589854,,,,0.23826311263972486,,,,,,0.022012037833190026,0.0008598452278589854,,0.0008598452278589854,,0.0018056749785038692,0.0018056749785038692,0.002751504729148753,,0.0008598452278589854,0.012725709372312877,,0.0008598452278589854,0.06895958727429063,0.0018056749785038692,0.0036113499570077385,0.0008598452278589854,0.041358555460017196,0.4342218400687876,0.0018056749785038692,0.002751504729148753,0.005503009458297506,0.0008598452278589854,,0.005503009458297506,,0.0008598452278589854,,0.002751504729148753,,0.043164230438521065,0.0008598452278589854,,,0.0008598452278589854,0.0018056749785038692
0.0018056749785038692,0.002751504729148753,,,,0.003697334479793637,0.002751504729148753,,0.012983662940670678,,0.003697334479793637,,,0.020464316423043853,,0.007394668959587274,,,0.007394668959587274,,,,,0.09673258813413585,,0.007394668959587274,0.0008598452278589854,,0.0,,0.0018056749785038692,0.0008598452278589854,,,0.0008598452278589854,0.11435941530524506,0.004643164230438521,,,0.0018056749785038692,0.002751504729148753,0.043680137575236457,,,0.0008598452278589854,,,0.0018056749785038692,0.0018056749785038692,,0.0018056749785038692,0.1040412725709372,,,0.10971625107480654,0.0008598452278589854,0.016680997420464316,,0.04178847807394669,0.3153912295786758,0.002751504729148753,0.0008598452278589854,0.005503009458297506,,,0.002751504729148753,,,,,,0.043680137575236457,0.0008598452278589854,0.004643164230438521,,0.005503009458297506,
0.001891659501289768,,,,,0.004729148753224419,,,0.011349957007738607,,0.002837489251934652,0.000945829750644884,,0.006620808254514187,,0.011349957007738607,,,,,,,,0.013327601031814273,,0.003783319002579536,,,0.0,,,0.000945829750644884,,,,0.08194325021496131,0.000945829750644884,,,0.000945829750644884,0.003783319002579536,0.028546861564918313,,,,0.000945829750644884,0.000945829750644884,0.001891659501289768,0.002837489251934652,0.001891659501289768,,0.2938950988822011,,,0.09234737747205503,0.001891659501289768,0.006620808254514187,0.001891659501289768,0.031384350816852966,0.344883920894239,0.000945829750644884,,0.006620808254514187,,,0.005674978503869304,,0.001891659501289768,,,,0.025709372312983664,0.001891659501289768,,,0.001891659501289768,
,0.000945829750644884,,,,0.000945829750644884,,,,,,,,0.009544282029234737,,0.003783319002579536,,,0.001891659501289768,,,,,0.07592433361994841,,0.004729148753224419,0.003783319002579536,,0.0,,,0.000945829750644884,,,,0.12880481513327602,0.001891659501289768,,,0.000945829750644884,,0.03361994840928633,,,,,,,,0.005760963026655202,,0.18581255374032668,0.000945829750644884,,0.08452278589853826,0.001891659501289768,0.008598452278589854,0.000945829750644884,0.02588134135855546,0.3815993121238177,,0.001891659501289768,,,,0.001891659501289768,,0.000945829750644884,,0.001891659501289768,,0.02398968185726569,,0.001891659501289768,,0.001891659501289768,0.001891659501289768
,,,,,,,,,0.0019776440240756666,,,,0.019002579535683576,,0.0030094582975064487,,,0.003955288048151333,,,,,0.05116079105760963,0.000945829750644884,0.011006018916595013,0.003955288048151333,,0.0,,,0.000945829750644884,0.000945829750644884,,,0.13250214961306964,0.0019776440240756666,,,,0.000945829750644884,0.028116938950988823,,,,,0.000945829750644884,,,0.000945829750644884,,0.23688736027515045,,,0.06723989681857266,0.000945829750644884,0.006964746345657782,0.0030094582975064487,0.03009458297506449,0.37257093723129836,,,0.0030094582975064487,,,0.000945829750644884,0.000945829750644884,,,,,0.012037833190025795,,0.0030094582975064487,,,
,,,,,0.003697334479793637,,,0.0008598452278589854,,,,,0.013155631986242476,,0.005588993981083405,,,,0.0008598452278589854,,,,0.040412725709372314,0.0008598452278589854,0.00937231298366294,0.0018056749785038692,,0.0,,,0.0008598452278589854,,,,0.129664660361135,0.007480653482373173,,,,0.014101461736887361,0.03190025795356836,,0.0018056749785038692,,,,,,,,0.221238177128117,,,0.07893379191745485,0.0008598452278589854,0.002751504729148753,0.0008598452278589854,0.03190025795356836,0.3826311263972485,,,0.0018056749785038692,,,0.0008598452278589854,,,0.0008598452278589854,,,0.011263972484952709,,,,0.002751504729148753,0.0008598452278589854
,0.0008598452278589854,,,,,,0.002751504729148753,0.0008598452278589854,0.0008598452278589854,,,,0.013929492691315564,,0.006448839208942391,,,0.0018056749785038692,,,,,0.057781599312123816,0.0008598452278589854,0.002751504729148753,0.004643164230438521,,0.0,,,0.0008598452278589854,,,,0.15021496130696474,,0.0018056749785038692,,,0.0008598452278589854,0.027944969905417026,,,,,,0.0008598452278589854,,,0.0008598452278589854,0.19286328460877045,,,0.07274290627687016,0.0018056749785038692,0.012983662940670678,0.0018056749785038692,0.03817712811693895,0.3778159931212382,,,0.002751504729148753,,,0.0008598452278589854,,,,,0.0018056749785038692,0.015821152192605333,0.0008598452278589854,0.002751504729148753,,,
,0.002677702044790652,,,,0.0008925673482635508,,0.006329113924050633,0.002677702044790652,0.0035702693930542034,0.0017851346965271017,,,0.0172022070756248,,0.010873093151574165,,,0.0017851346965271017,,0.0017851346965271017,,,0.057124310288867254,,0.0035702693930542034,0.0008925673482635508,,0.0,,,0.0017851346965271017,,,,0.16593638429081467,0.004462836741317754,,,0.0008925673482635508,0.002677702044790652,0.04803635183382019,,0.004462836741317754,,,0.0017851346965271017,0.002677702044790652,0.0035702693930542034,,,1.1102230246251565e-16,0.0008925673482635508,0.0008925673482635508,0.08430704316780266,0.0017851346965271017,0.007221681272314184,0.0017851346965271017,0.036270691333982474,0.46437844855566374,,,0.0035702693930542034,,,0.0008925673482635508,,,0.016309639727361245,0.0008925673482635508,,0.01987990912041545,0.0035702693930542034,,,0.009899383317104837,
,0.000945829750644884,,,,0.000945829750644884,,0.004815133276010318,0.004815133276010318,0.003869303525365434,0.004815133276010318,0.001891659501289768,,0.014531384350816853,,0.005760963026655202,,0.000945829750644884,0.011607910576096303,,0.001891659501289768,,,0.06870163370593294,,0.011607910576096303,,,0.0,,0.002837489251934652,0.000945829750644884,,,,0.12012037833190026,0.020292347377472056,,,,0.003869303525365434,0.04935511607910576,0.001891659501289768,,,0.001891659501289768,0.002837489251934652,0.004815133276010318,0.001891659501289768,,,0.013327601031814296,0.000945829750644884,,0.1181427343078246,0.000945829750644884,0.01642304385210662,0.002837489251934652,0.04453998280309544,0.3583834909716251,,0.002837489251934652,0.005760963026655202,,,0.004815133276010318,,,0.04359415305245056,,,0.03387790197764402,0.002837489251934652,,,0.002837489251934652,
,,0.000945829750644884,,,,,,0.0019776440240756666,0.004987102321582115,0.0030094582975064487,,,0.018142734307824593,,0.0060189165950128975,,,0.004041272570937231,,0.000945829750644884,,,0.05253654342218401,,0.013069647463456577,,,0.0,,0.000945829750644884,,,,,0.08985382631126397,0.004041272570937231,,,0.000945829750644884,0.000945829750644884,0.029234737747205503,0.000945829750644884,,0.0019776440240756666,0.000945829750644884,0.000945829750644884,0.0019776440240756666,0.0030094582975064487,,0.0019776440240756666,0.21625107480653494,,,0.07274290627687016,,0.008082545141874462,,0.026225279449699053,0.36070507308684435,,,0.004041272570937231,,,0.004987102321582115,0.004041272570937231,,0.02828890799656062,,,0.030266552020636286,,0.000945829750644884,,,
,0.000945829750644884,,,,,,,0.004041272570937231,,,,0.000945829750644884,0.009114359415305246,,0.015219260533104042,,,0.000945829750644884,,,,,0.046689595872742906,,0.0030094582975064487,0.000945829750644884,,0.0,,,,,,,0.17360275150472915,0.0030094582975064487,,,,0.000945829750644884,0.02536543422184007,,,,,,,0.000945829750644884,,,0.16543422184006884,,,0.06500429922613929,0.000945829750644884,0.011092003439380911,,0.03447979363714532,0.40825451418744624,,,0.0019776440240756666,,,0.0019776440240756666,,,,0.000945829750644884,,0.02226999140154772,0.000945829750644884,,,0.000945829750644884,
,,,,,,,,0.0029234737747205505,,,0.0019776440240756666,,0.011865864144453998,,0.004901117798796217,,0.000945829750644884,,,,,,0.05537403267411866,0.0019776440240756666,0.005932932072226999,0.0019776440240756666,,0.0,,,,,,,0.13164230438521066,0.0019776440240756666,,,,0.000945829750644884,0.01874462596732588,,,,0.000945829750644884,,0.000945829750644884,,,,0.21762682717110926,,,0.07128116938950989,,0.004901117798796217,0.003955288048151333,0.03757523645743766,0.4,,,0.0019776440240756666,,,0.000945829750644884,0.000945829750644884,,0.000945829750644884,,,0.015821152192605333,0.000945829750644884,,,,
,,,,,,,,0.007566638005159072,,,,,0.011349957007738607,,0.004729148753224419,,0.001891659501289768,0.000945829750644884,,,,,0.040928632846087706,,0.004729148753224419,0.001891659501289768,,0.0,,,,,,,0.1286328460877042,0.001891659501289768,,,,,0.022785898538263114,0.000945829750644884,0.000945829750644884,,,,0.001891659501289768,,,0.000945829750644884,0.2679277730008599,,,0.06001719690455718,,0.004729148753224419,0.000945829750644884,0.022785898538263114,0.3925193465176268,,,0.001891659501289768,,,0.000945829750644884,0.000945829750644884,,,0.000945829750644884,,0.01238177128116939,,,,,0.001891659501289768
,0.000945829750644884,,,,0.000945829750644884,,,0.001891659501289768,,,,,0.008684436801375752,,0.0067927773000859846,,0.000945829750644884,0.001891659501289768,,,0.001891659501289768,,0.06018916595012898,0.000945829750644884,0.0067927773000859846,0.000945829750644884,,0.0,,,0.000945829750644884,,,,0.13791917454858127,,,,,0.000945829750644884,0.03104041272570937,,0.001891659501289768,0.001891659501289768,,0.000945829750644884,,,,0.000945829750644884,0.2055030094582977,,,0.05631986242476354,,0.004815133276010318,0.000945829750644884,0.04462596732588134,0.3925193465176268,,,0.002837489251934652,,,0.000945829750644884,0.000945829750644884,,,0.002837489251934652,,0.013585554600171969,0.000945829750644884,0.002837489251934652,,,0.000945829750644884
,0.002837489251934652,,,,0.000945829750644884,0.000945829750644884,,0.001891659501289768,,0.000945829750644884,,,0.011435941530524506,,0.009458297506448839,,0.001891659501289768,0.000945829750644884,,,,,0.053396388650042995,0.000945829750644884,0.009458297506448839,0.006620808254514187,,0.0,,,0.000945829750644884,,,,0.16397248495270852,,,,,,0.03336199484092863,,0.000945829750644884,0.004729148753224419,,0.002837489251934652,,,,,0.08435081685296664,,,0.07910576096302666,,0.01049011177987962,0.000945829750644884,0.03147033533963887,0.4300945829750645,,,0.007566638005159072,,,0.004729148753224419,0.000945829750644884,0.000945829750644884,,0.000945829750644884,,0.0294926913155632,0.002837489251934652,,,0.006620808254514187,0.000945829750644884
,0.000945829750644884,,,,0.026139294926913154,,,0.003869303525365434,,0.001891659501289768,,,0.025193465176268273,,0.004815133276010318,,0.002837489251934652,0.002837489251934652,0.001891659501289768,,,,0.06500429922613929,0.000945829750644884,0.008684436801375752,0.000945829750644884,,0.0,,,,,,0.000945829750644884,0.1358555460017197,0.011607910576096303,,,0.001891659501289768,0.007738607050730868,0.039724849527085125,0.000945829750644884,0.000945829750644884,0.001891659501289768,,,,,0.000945829750644884,0.001891659501289768,0.060103181427343055,,,0.12613929492691314,,0.014531384350816853,0.002837489251934652,0.03000859845227859,0.33972484952708515,,0.000945829750644884,0.009630266552020636,,,0.002837489251934652,0.000945829750644884,0.000945829750644884,,0.000945829750644884,,0.03680137575236458,0.010662080825451418,0.010662080825451418,,,0.001891659501289768
,,,,0.000945829750644884,,0.000945829750644884,,0.006706792777300086,,0.001891659501289768,,,0.01530524505588994,,0.006706792777300086,,0.003783319002579536,0.006706792777300086,0.002837489251934652,,,,0.03447979363714532,0.001891659501289768,0.005674978503869304,,0.000945829750644884,0.0,,,,,,,0.0823731728288908,0.002837489251934652,,,0.000945829750644884,0.001891659501289768,0.03155631986242476,,,0.003783319002579536,0.000945829750644884,0.000945829750644884,,,,0.000945829750644884,0.30713671539122966,,,0.0708512467755804,,0.009544282029234737,0.002837489251934652,0.017196904557179708,0.34213241616509027,,,0.001891659501289768,,,0.003783319002579536,,0.000945829750644884,,,,0.01530524505588994,0.002837489251934652,0.00765262252794497,,0.000945829750644884,0.001891659501289768
,0.000945829750644884,,,,,,,,0.000945829750644884,,,,0.01238177128116939,,0.003783319002579536,,,0.001891659501289768,0.001891659501289768,,,,0.08030954428202923,,0.003783319002579536,0.004729148753224419,,0.0,,,,,,,0.12717110920034394,0.000945829750644884,,,0.002837489251934652,0.000945829750644884,0.02295786758383491,,0.001891659501289768,0.000945829750644884,0.000945829750644884,0.000945829750644884,,,,,0.2030094582975065,,,0.09183147033533964,,0.006620808254514187,0.000945829750644884,0.026741186586414445,0.3701633705932932,,,,,,0.005674978503869304,,,,0.000945829750644884,,0.018142734307824593,0.000945829750644884,,,0.003783319002579536,0.000945829750644884
,,,,0.000945829750644884,,,,0.004815133276010318,0.000945829750644884,,,,0.007824591573516768,,0.003869303525365434,,0.000945829750644884,,0.0029234737747205505,,,,0.06655202063628547,,0.0029234737747205505,0.001891659501289768,,0.0,,,0.000945829750644884,,,,0.1527085124677558,0.001891659501289768,,,,0.000945829750644884,0.02244196044711952,,0.000945829750644884,,,0.000945829750644884,,,,,0.1610490111779881,,0.000945829750644884,0.07927773000859845,,0.011693895098882202,0.004815133276010318,0.03129836629406707,0.40343938091143594,,,,,,0.0029234737747205505,,,,,0.000945829750644884,0.02244196044711952,,0.003869303525365434,,0.000945829750644884,0.001891659501289768
,,,,,0.000945829750644884,,0.000945829750644884,0.002837489251934652,0.002837489251934652,,,,0.0067927773000859846,,0.001891659501289768,,,0.001891659501289768,0.004815133276010318,0.000945829750644884,0.000945829750644884,,0.043680137575236457,,0.003869303525365434,0.003869303525365434,,0.0,,,0.000945829750644884,0.000945829750644884,,,0.14471195184866725,0.000945829750644884,,,0.000945829750644884,0.000945829750644884,0.02226999140154772,,0.001891659501289768,,,0.005760963026655202,,,,,0.1403267411865864,,0.000945829750644884,0.07188306104901118,,0.005760963026655202,0.000945829750644884,0.03009458297506449,0.4401547721410146,,0.000945829750644884,0.007738607050730868,,,0.000945829750644884,,,,,,0.04462596732588134,,,,,
,0.000945829750644884,,,,0.000945829750644884,,0.000945829750644884,0.003955288048151333,,,,0.003955288048151333,0.015821152192605333,,0.0029234737747205505,,,,0.0029234737747205505,,,,0.04952708512467756,0.004901117798796217,0.0029234737747205505,0.0029234737747205505,,0.0,,,0.010834049871023215,,,,0.163542562338779,0.005932932072226999,,,,0.0029234737747205505,0.02871883061049011,,,,,0.023731728288907995,,0.000945829750644884,0.0019776440240756666,,0.025795356835769723,,0.000945829750644884,0.07824591573516768,0.0019776440240756666,0.005932932072226999,0.0029234737747205505,0.03361994840928633,0.4380911435941531,,0.0019776440240756666,0.005932932072226999,,,0.0029234737747205505,,,,,,0.06440240756663801,0.0019776440240756666,,,0.0019776440240756666,0.0019776440240756666
,,,,,0.0008753083472586934,,0.0008753083472586934,0.0008753083472586934,0.0008753083472586934,0.0008753083472586934,,0.004376541736293467,0.014084507042253521,,0.007002466778069547,,,0.0026259250417760803,0.0008753083472586934,0.005251850083552161,0.0008753083472586934,0.0017506166945173867,0.047664518182541575,0.0017506166945173867,,0.004376541736293467,,0.0,,0.0017506166945173867,0.008753083472586933,,,0.0017506166945173867,0.19678523116097715,0.0008753083472586934,,,,0.0017506166945173867,0.02466778069547227,0.0008753083472586934,,,,0.008753083472586933,0.0008753083472586934,0.0008753083472586934,,,-2.220446049250313e-16,0.0017506166945173867,,0.07766372244768044,0.004376541736293467,0.011458582000477441,0.0017506166945173867,0.033500437654173626,0.4633564096443065,0.0008753083472586934,0.0017506166945173867,0.007002466778069547,,,,0.0017506166945173867,,,,,0.04941513487705897,,,,0.0017506166945173867,0.0008753083472586934
,0.001891659501289768,0.003783319002579536,0.000945829750644884,,0.002837489251934652,,0.000945829750644884,0.004815133276010318,,0.00765262252794497,,0.003783319002579536,0.01057609630266552,,0.000945829750644884,,,0.011521926053310405,,0.003783319002579536,0.002837489251934652,0.000945829750644884,0.04239036973344798,,,0.001891659501289768,,0.0,,0.00765262252794497,0.000945829750644884,,,,0.12639724849527084,0.000945829750644884,,,,0.003783319002579536,0.03955288048151333,,,,0.003783319002579536,0.000945829750644884,0.000945829750644884,,0.000945829750644884,0.001891659501289768,0.0309544282029236,0.000945829750644884,,0.12252794496990542,0.003783319002579536,0.006706792777300086,,0.02699914015477214,0.41487532244196046,,,0.00765262252794497,,0.000945829750644884,,0.000945829750644884,,0.001891659501289768,0.001891659501289768,,0.08194325021496131,0.005760963026655202,0.000945829750644884,,0.000945829750644884,0.000945829750644884
,,0.000945829750644884,,,,0.001891659501289768,0.000945829750644884,0.000945829750644884,,0.01238177128116939,,,0.009458297506448839,0.001891659501289768,0.001891659501289768,,,0.006620808254514187,,0.002837489251934652,,,0.039036973344797936,0.000945829750644884,,0.001891659501289768,,0.0,,,0.000945829750644884,,,,0.09346517626827171,0.004729148753224419,,,,0.004729148753224419,0.026655202063628546,,,0.001891659501289768,0.000945829750644884,0.000945829750644884,,,,,0.18641444539982788,0.000945829750644884,,0.06766981943250215,0.001891659501289768,0.01049011177987962,,0.021926053310404127,0.39767841788478075,0.003783319002579536,,0.009458297506448839,,0.000945829750644884,0.001891659501289768,0.001891659501289768,,0.001891659501289768,,,0.0705073086844368,0.005674978503869304,,,0.000945829750644884,
,0.0008598452278589854,,,,,,0.0008598452278589854,0.007394668959587274,,,,,0.005503009458297506,,0.0008598452278589854,,,,,,,,0.05184866723989682,,,0.004557179707652623,,0.0,,,0.0008598452278589854,,,,0.14815133276010317,0.003697334479793637,,,,0.0008598452278589854,0.021238177128116938,,,0.0018056749785038692,,,,,,,0.2085124677558039,0.0008598452278589854,,0.07128116938950989,0.0008598452278589854,0.010146173688736028,,0.022184006878761823,0.40739466895958726,,0.0018056749785038692,0.0018056749785038692,,,,0.0008598452278589854,,,0.003697334479793637,,0.015735167669819434,,0.004557179707652623,,0.0018056749785038692,
,0.0008598452278589854,,,,,,,0.002751504729148753,,,,,0.012209802235597592,,0.002751504729148753,,,0.0018056749785038692,,,,,0.1233877901977644,,0.0008598452278589854,0.0018056749785038692,,0.0,,,0.0018056749785038692,,,,0.1233877901977644,,,,,0.002751504729148753,0.024419604471195185,,0.002751504729148753,,,0.0008598452278589854,,,,,0.17652622527944972,0.0018056749785038692,,0.07532244196044711,0.0008598452278589854,0.008426483233018056,,0.03198624247635426,0.38142734307824594,,0.0008598452278589854,0.008426483233018056,,,,0.0008598452278589854,,,0.002751504729148753,,0.007480653482373173,,,,0.0008598452278589854,
,0.002751504729148753,,,,,,0.0008598452278589854,0.004643164230438521,,,,,0.003697334479793637,,,,,0.0008598452278589854,,,,,0.039294926913155635,,0.0008598452278589854,0.002751504729148753,,0.0,,,0.0018056749785038692,,,,0.14247635425623387,0.0018056749785038692,,,,0.0008598452278589854,0.023387790197764404,,,,,0.0008598452278589854,,,0.0008598452278589854,0.002751504729148753,0.24901117798796213,0.0008598452278589854,,0.06655202063628547,,0.008426483233018056,,0.021496130696474634,0.4012037833190026,,,0.0018056749785038692,0.0008598452278589854,,,0.0008598452278589854,0.0008598452278589854,,0.0018056749785038692,,0.013069647463456577,,0.0018056749785038692,,0.0008598452278589854,
,0.003783319002579536,,,,,,,0.005674978503869304,0.001891659501289768,,,,0.003783319002579536,,,,,0.003783319002579536,,,,,0.06276870163370593,,,0.001891659501289768,,0.0,,,0.000945829750644884,,,,0.18065348237317283,0.001891659501289768,,,,0.001891659501289768,0.031384350816852966,,,,,0.001891659501289768,,,,0.001891659501289768,0.12656921754084272,0.000945829750644884,0.000945829750644884,0.09888220120378331,0.000945829750644884,0.010404127257093724,,0.015133276010318143,0.4193465176268272,,0.000945829750644884,0.001891659501289768,0.001891659501289768,,,0.000945829750644884,,,,,0.015133276010318143,,,,0.001891659501289768,
,0.004643164230438521,,,,,,,0.005588993981083405,0.0008598452278589854,,,0.0018056749785038692,0.003697334479793637,,,,0.003697334479793637,0.0018056749785038692,0.0018056749785038692,,0.0008598452278589854,,0.05460017196904557,,0.0008598452278589854,0.005588993981083405,,0.0,,,0.0018056749785038692,,,,0.14316423043852106,,,0.0018056749785038692,,0.0008598452278589854,0.029148753224419604,0.0008598452278589854,,,,,,0.002751504729148753,,,0.08865004299226154,,0.0008598452278589854,0.07815993121238177,0.0018056749785038692,0.03198624247635426,0.0008598452278589854,0.03387790197764402,0.4587274290627687,,,0.010318142734307825,0.0018056749785038692,,0.0018056749785038692,0.0018056749785038692,,0.002751504729148753,,,0.012209802235597592,0.0018056749785038692,0.004643164230438521,,0.0008598452278589854,0.0008598452278589854
,0.001891659501289768,0.000945829750644884,,0.000945829750644884,,,,0.011607910576096303,0.003869303525365434,,,,0.011607910576096303,0.000945829750644884,,,0.000945829750644884,0.001891659501289768,0.002837489251934652,,0.000945829750644884,,0.06388650042992261,0.000945829750644884,,0.000945829750644884,,0.0,,,0.003869303525365434,,0.000945829750644884,,0.11332760103181427,0.001891659501289768,,0.003869303525365434,,0.008684436801375752,0.07454858125537403,0.001891659501289768,0.001891659501289768,,0.001891659501289768,,,0.001891659501289768,,0.000945829750644884,0.040412725709372266,,0.000945829750644884,0.1297506448839209,0.000945829750644884,0.017368873602751505,,0.028030954428202925,0.40103181427343076,,0.000945829750644884,0.008684436801375752,0.002837489251934652,,0.000945829750644884,0.003869303525365434,,,,,0.02416165090283749,0.004815133276010318,0.008684436801375752,,0.001891659501289768,0.004815133276010318
,0.001891659501289768,,,,0.001891659501289768,,,0.002837489251934652,0.000945829750644884,,,,0.006620808254514187,,,,0.001891659501289768,0.003783319002579536,0.000945829750644884,0.000945829750644884,0.001891659501289768,,0.03155631986242476,0.000945829750644884,,0.002837489251934652,,0.0,,,0.000945829750644884,,,,0.10240756663800515,0.001891659501289768,,0.001891659501289768,,0.008598452278589854,0.029664660361134996,,0.000945829750644884,,0.000945829750644884,,,0.003783319002579536,0.000945829750644884,,0.25898538263112647,0.000945829750644884,0.000945829750644884,0.0995700773860705,0.000945829750644884,0.01238177128116939,,0.022012037833190026,0.3417884780739467,,,0.005674978503869304,0.001891659501289768,,0.002837489251934652,0.000945829750644884,0.000945829750644884,0.000945829750644884,,,0.025795356835769563,0.000945829750644884,0.001891659501289768,,0.000945829750644884,0.008598452278589854
,0.000945829750644884,,,,,,,0.006706792777300086,,,,,0.001891659501289768,,,,,0.003783319002579536,,,,,0.09011177987962167,,,0.002837489251934652,,0.0,,,0.000945829750644884,,,,0.13327601031814273,0.002837489251934652,,,,0.000945829750644884,0.02588134135855546,,0.001891659501289768,,,,,0.001891659501289768,,0.003783319002579536,0.1778159931212382,0.000945829750644884,0.000945829750644884,0.08151332760103182,0.000945829750644884,0.013413585554600172,,0.018142734307824593,0.4009458297506449,,,0.001891659501289768,0.001891659501289768,,0.001891659501289768,,,,,,0.013413585554600172,0.002837489251934652,0.003783319002579536,,0.001891659501289768,
,,,,,,0.0008598452278589854,,0.007480653482373173,,,,,0.003697334479793637,,,,,0.0008598452278589854,,,,,0.05752364574376612,,0.0018056749785038692,0.0008598452278589854,,0.0,,,0.0008598452278589854,,,,0.12166809974204643,0.0018056749785038692,,,,0.0018056749785038692,0.024505588993981083,,,,0.0008598452278589854,,,0.0018056749785038692,,,0.2421324161650903,0.0008598452278589854,0.0018056749785038692,0.07738607050730868,0.0008598452278589854,0.008426483233018056,0.0008598452278589854,0.024505588993981083,0.3944969905417025,,,,,,0.0018056749785038692,,,,,,0.014101461736887361,0.003697334479793637,0.0018056749785038692,,0.0008598452278589854,
,,,,,,0.001891659501289768,,0.002837489251934652,,,,,0.003783319002579536,,,,,0.000945829750644884,0.000945829750644884,,,,0.04333619948409286,0.000945829750644884,0.000945829750644884,0.001891659501289768,,0.0,,,0.000945829750644884,,,,0.13000859845227858,0.000945829750644884,,,,0.000945829750644884,0.02304385210662081,,,,,,,0.001891659501289768,,0.001891659501289768,0.26414445399828035,0.000945829750644884,,0.06638005159071367,0.000945829750644884,0.014445399828030954,0.001891659501289768,0.022098022355975924,0.3919174548581255,,,,,,0.000945829750644884,0.000945829750644884,0.000945829750644884,,,,0.012467755803955288,,0.001891659501289768,,,0.002837489251934652
,0.000945829750644884,,,,,0.002837489251934652,0.001891659501289768,0.00765262252794497,0.000945829750644884,,,,0.006706792777300086,,,,0.000945829750644884,,0.00765262252794497,,,,0.053138435081685295,,,0.004815133276010318,,0.0,,,0.000945829750644884,,,,0.15081685296646605,0.000945829750644884,,,,,0.03379191745485813,,,,,0.001891659501289768,,0.002837489251934652,,0.022184006878761823,0.14161650902837497,0.001891659501289768,,0.06569217540842648,0.000945829750644884,0.01349957007738607,,0.022184006878761823,0.3712811693895099,,,0.005760963026655202,0.000945829750644884,,,,0.000945829750644884,,,,0.028030954428202925,0.004815133276010318,0.003783319002579536,,0.03766122098022356,
0.0008760751831793565,0.0026282255495380697,,0.001752150366358713,,0.0008760751831793565,0.0008760751831793565,0.003504300732717426,0.006212169480726346,,0.0008760751831793565,0.0026282255495380697,,0.014176489327811405,,,,,0.003504300732717426,0.003504300732717426,,,,0.04085696081554635,0.0008760751831793565,0.0026282255495380697,0.005256451099076139,0.003504300732717426,0.0,,0.0008760751831793565,,,,,0.15187957948391206,0.0026282255495380697,,,,0.003504300732717426,0.03814909206753743,,0.001752150366358713,,,0.0008760751831793565,,0.001752150366358713,,0.0008760751831793565,0.0,0.0008760751831793565,,0.11548263778273335,0.0008760751831793565,0.01592863969417012,0.004380375915896783,0.0336890729531698,0.45229372411596047,0.003504300732717426,,0.005256451099076139,0.001752150366358713,,,0.0008760751831793565,0.0008760751831793565,,0.0008760751831793565,0.0008760751831793565,0.057741318891366675,,0.0026282255495380697,,0.004380375915896783,0.0008760751831793565
,0.005545439496772058,,0.0009104452905148154,0.0018208905810296308,0.0009104452905148154,0.0018208905810296308,,0.004634994206257242,0.0009104452905148154,0.0009104452905148154,0.004634994206257242,0.0009104452905148154,0.03724548915742427,,,,0.0018208905810296308,0.007449097831484853,0.004634994206257242,0.0009104452905148154,,,0.0390663797384539,0.0009104452905148154,0.0009104452905148154,0.004634994206257242,0.0037245489157424266,0.0,,,,0.005545439496772058,,,0.1565138222148651,0.002731335871544446,,,0.0101804337030293,0.0018208905810296308,0.04188048336368151,,,,,,,0.0018208905810296308,0.0009104452905148154,,2.220446049250313e-16,0.0009104452905148154,0.0018208905810296308,0.13226287038569773,,0.02607184241019699,,0.0269822877007118,0.39778182420129116,0.005545439496772058,,0.007449097831484853,0.002731335871544446,,0.0101804337030293,0.0009104452905148154,0.002731335871544446,,0.0009104452905148154,,0.028803178281741434,0.0009104452905148154,0.004634994206257242,,0.002731335871544446,0.0009104452905148154
,0.000945829750644884,,0.000945829750644884,,0.000945829750644884,0.003783319002579536,,0.008598452278589854,,0.002837489251934652,0.00765262252794497,,0.011521926053310405,,,0.000945829750644884,,0.003783319002579536,0.004729148753224419,,,,0.017282889079965606,0.000945829750644884,,0.003783319002579536,0.003783319002579536,0.0,,,,,,,0.09234737747205503,0.003783319002579536,,,,0.002837489251934652,0.02304385210662081,0.000945829750644884,0.001891659501289768,0.000945829750644884,,,,0.002837489251934652,0.001891659501289768,,0.25683576956147924,0.000945829750644884,,0.12502149613069646,0.000945829750644884,0.006706792777300086,,0.02012037833190026,0.33963886500429924,0.000945829750644884,,0.00765262252794497,0.003783319002579536,,,0.003783319002579536,0.002837489251934652,,0.000945829750644884,,0.02115219260533104,0.000945829750644884,0.000945829750644884,,0.000945829750644884,0.002837489251934652
,0.0018056749785038692,,,0.0008598452278589854,,0.0008598452278589854,,0.007480653482373173,0.0018056749785038692,,,,0.007480653482373173,,,,0.0008598452278589854,0.0008598452278589854,0.0018056749785038692,,,,0.05176268271711092,,0.0008598452278589854,0.003697334479793637,,0.0,,,0.0008598452278589854,,,,0.13843508168529664,,,,,0.0018056749785038692,0.022527944969905418,,,,,0.0008598452278589854,,0.0018056749785038692,,,0.2108340498710234,0.0008598452278589854,,0.06586414445399828,,0.004643164230438521,,0.0234737747205503,0.41822871883061047,,,0.003697334479793637,0.0018056749785038692,,,,0.0008598452278589854,,,,0.021582115219260532,0.0008598452278589854,,,0.0008598452278589854,
,0.003783319002579536,,,0.000945829750644884,0.000945829750644884,0.000945829750644884,0.000945829750644884,0.004729148753224419,,,,,0.005674978503869304,,,,,,0.001891659501289768,,,0.000945829750644884,0.07962166809974204,,0.002837489251934652,0.002837489251934652,,0.0,,,0.001891659501289768,,,,0.11943250214961307,0.002837489251934652,,,,,0.030266552020636286,0.001891659501289768,,,,0.000945829750644884,,0.002837489251934652,,,0.23525365434221834,0.000945829750644884,,0.06345657781599312,,0.006620808254514187,,0.02175408426483233,0.3811693895098882,,,0.000945829750644884,0.001891659501289768,,,,,,,,0.020808254514187448,,,,0.000945829750644884,
,,,,,,0.0008598452278589854,,0.0036113499570077385,0.0018056749785038692,,,,0.0062768701633705935,,,,,0.0008598452278589854,0.0008598452278589854,,,,0.11969045571797077,0.0008598452278589854,,0.0062768701633705935,,0.0,,,0.0008598452278589854,,,,0.13422184006878762,0.0008598452278589854,,,,0.0036113499570077385,0.029922613929492692,0.0026655202063628545,0.0008598452278589854,,,,,0.005417024935511608,,,0.18099742046431644,0.0008598452278589854,,0.08073946689595873,,0.010834049871023215,,0.019002579535683576,0.3619948409286328,0.0008598452278589854,0.0026655202063628545,,0.0018056749785038692,,,,,,,,0.014445399828030954,,,,0.0008598452278589854,0.005417024935511608
,,,,,,,,0.0018056749785038692,,,,,0.0018056749785038692,,0.0008598452278589854,,,,0.0008598452278589854,,,,0.06276870163370593,0.0008598452278589854,0.002751504729148753,0.006448839208942391,,0.0,,,0.0008598452278589854,,,,0.16061908856405846,0.0018056749785038692,,,,0.0008598452278589854,0.02768701633705933,0.0008598452278589854,0.0008598452278589854,,,0.0036113499570077385,,0.004557179707652623,0.004557179707652623,,0.1474634565778159,0.0008598452278589854,,0.06827171109200345,,0.007308684436801376,,0.017540842648323302,0.45055889939810834,0.0008598452278589854,0.0018056749785038692,0.0008598452278589854,,,0.0018056749785038692,,,0.0008598452278589854,,,0.011006018916595013,,0.002751504729148753,,0.0018056749785038692,0.0018056749785038692
,0.000945829750644884,,,0.000945829750644884,,,0.002837489251934652,0.003783319002579536,,0.000945829750644884,0.000945829750644884,,0.013327601031814273,,0.001891659501289768,,,0.000945829750644884,0.000945829750644884,0.004729148753224419,,,0.06113499570077386,0.003783319002579536,0.004729148753224419,0.004729148753224419,,0.0,,,,,,0.000945829750644884,0.16620808254514188,0.006620808254514187,,,,0.000945829750644884,0.029578675838349097,0.000945829750644884,,,,0.000945829750644884,0.000945829750644884,0.005674978503869304,,0.002837489251934652,0.0512467755803957,0.001891659501289768,,0.09647463456577816,,0.01238177128116939,,0.025795356835769563,0.4520206362854686,0.003783319002579536,0.001891659501289768,0.004729148753224419,,,0.001891659501289768,,,0.003783319002579536,,,0.015219260533104042,,0.000945829750644884,,0.002837489251934652,0.002837489251934652
,0.001891659501289768,,,0.002837489251934652,0.003783319002579536,,0.004729148753224419,0.008512467755803955,,,0.000945829750644884,,0.014273430782459157,,0.003783319002579536,,,0.009458297506448839,0.002837489251934652,0.002837489251934652,,,0.04187446259673259,,0.008512467755803955,0.004729148753224419,,0.0,,,0.000945829750644884,,,,0.15038693035253653,0.002837489251934652,,,,0.007566638005159072,0.02760103181427343,,,,,0.002837489251934652,0.000945829750644884,0.002837489251934652,0.002837489251934652,0.008512467755803955,0.012639724849527245,0.000945829750644884,,0.21324161650902837,,0.013327601031814273,0.000945829750644884,0.022785898538263114,0.3874462596732588,0.000945829750644884,,0.000945829750644884,,,0.000945829750644884,0.000945829750644884,,,,,0.018056749785038694,,0.000945829750644884,,0.006620808254514187,0.000945829750644884
,0.0008598452278589854,0.0008598452278589854,,0.0008598452278589854,0.0018056749785038692,0.0008598452278589854,0.002751504729148753,0.006534823731728289,0.0018056749785038692,0.0008598452278589854,0.0008598452278589854,,0.009286328460877041,,,,0.0008598452278589854,0.008340498710232158,0.002751504729148753,0.002751504729148753,,,0.028030954428202925,0.0008598452278589854,0.003697334479793637,0.003697334479793637,,0.0,,,,,,,0.07291487532244197,0.004643164230438521,,,,0.002751504729148753,0.024247635425623387,,,,,0.0008598452278589854,,0.002751504729148753,0.002751504729148753,0.010232158211521927,0.285554600171969,0.0008598452278589854,,0.12631126397248496,0.0018056749785038692,0.004643164230438521,,0.025193465176268273,0.323731728288908,0.002751504729148753,,0.003697334479793637,,,0.004643164230438521,0.0008598452278589854,,,,,0.01590713671539123,,,0.0008598452278589854,0.003697334479793637,
,0.0008598452278589854,,,,,,,0.002751504729148753,,,,,0.003697334479793637,,,,,,0.0008598452278589854,0.0008598452278589854,,,0.035081685296646604,,,0.005503009458297506,,0.0,,,,,,,0.10541702493551161,0.0008598452278589854,,,,0.0008598452278589854,0.026827171109200344,,0.0008598452278589854,,,0.0008598452278589854,,,,,0.4035253654342218,0.0008598452278589854,,0.039724849527085125,,0.005503009458297506,,0.018486672398968184,0.3349097162510748,,,0.0018056749785038692,,,0.0008598452278589854,,,,,,0.006448839208942391,,0.0008598452278589854,,0.0008598452278589854,0.0008598452278589854
,,,,,,,,,0.000945829750644884,,,,0.003783319002579536,,,,0.000945829750644884,,0.000945829750644884,,,,0.025709372312983664,,,0.004729148753224419,,0.0,,,,,,,0.08099742046431642,,,,,0.002837489251934652,0.0294926913155632,,,,,,,,,,0.42923473774720555,0.000945829750644884,,0.022871883061049012,,0.002837489251934652,,0.016165090283748924,0.36620808254514187,,,,,,0.000945829750644884,,,,,,0.007566638005159072,,,,0.001891659501289768,0.000945829750644884
,,,,,,,,0.004729148753224419,,,,,0.001891659501289768,,,0.000945829750644884,,,0.000945829750644884,,,,0.040842648323301804,0.001891659501289768,0.000945829750644884,0.004729148753224419,,0.0,,,,,,,0.11693895098882201,0.000945829750644884,,,,0.002837489251934652,0.025623387790197766,,,,,0.000945829750644884,,,,,0.33095442820292353,0.000945829750644884,,0.05511607910576096,,0.004729148753224419,,0.009458297506448839,0.3822871883061049,,,,,,0.000945829750644884,,,,,,0.009458297506448839,0.000945829750644884,,,,0.000945829750644884
,,,,,,,,0.001891659501289768,0.001891659501289768,0.000945829750644884,,,0.004815133276010318,,,,,0.000945829750644884,0.000945829750644884,,,,0.0650902837489252,0.000945829750644884,,0.003869303525365434,,0.0,,,,,,,0.14471195184866725,,,,,,0.03009458297506449,,,,,,,,,0.000945829750644884,0.18650042992261384,0.000945829750644884,,0.03886500429922614,,0.009716251074806535,,0.02226999140154772,0.4488392089423904,,,,,,0.003869303525365434,,,,,,0.015477214101461736,,0.015477214101461736,,,0.000945829750644884
0.000945829750644884,0.000945829750644884,,,,,,,0.005760963026655202,,,,,0.000945829750644884,,,,,0.006706792777300086,0.000945829750644884,,,,0.06388650042992261,0.002837489251934652,,0.002837489251934652,,0.0,,,,0.001891659501289768,,,0.1878761822871883,0.002837489251934652,,,,0.004815133276010318,0.025107480653482374,,,,,0.001891659501289768,,,,0.002837489251934652,0.019776440240756865,,,0.09105760963026656,,0.008684436801375752,,0.03000859845227859,0.5036973344797936,,0.001891659501289768,0.000945829750644884,,,,0.002837489251934652,,,,,0.026139294926913154,,,,0.000945829750644884,0.000945829750644884
0.0019776440240756666,0.0019776440240756666,,,,,,,0.003955288048151333,0.0019776440240756666,0.0029234737747205505,,,0.0029234737747205505,,,0.0019776440240756666,,0.004901117798796217,0.0019776440240756666,,,0.000945829750644884,0.04376612209802236,0.000945829750644884,0.0019776440240756666,0.003955288048151333,,0.0,,,0.000945829750644884,0.0029234737747205505,,,0.11143594153052451,0.006964746345657782,,,0.003955288048151333,0.0019776440240756666,0.03680137575236458,0.0019776440240756666,0.0019776440240756666,,0.003955288048151333,0.0019776440240756666,,,0.0029234737747205505,,0.07669819432502156,0.000945829750644884,,0.12141014617368874,0.000945829750644884,0.007910576096302666,,0.03078245915735168,0.4547721410146174,,,0.008942390369733448,,,0.005932932072226999,0.0019776440240756666,,0.0019776440240756666,,,0.029836629406706793,,0.0029234737747205505,,,0.000945829750644884
0.000945829750644884,0.000945829750644884,,,0.001891659501289768,0.001891659501289768,,0.001891659501289768,0.0067927773000859846,0.000945829750644884,,,,0.0029234737747205505,,,,,0.001891659501289768,0.000945829750644884,,,0.000945829750644884,0.024333619948409286,,0.000945829750644884,0.004815133276010318,,0.0,,,0.000945829750644884,0.000945829750644884,,,0.09664660361134995,0.001891659501289768,,,,0.000945829750644884,0.020464316423043853,,0.000945829750644884,,0.005846947549441101,0.000945829750644884,,,,0.001891659501289768,0.3344797936371454,0.000945829750644884,,0.06440240756663801,0.000945829750644884,0.003869303525365434,,0.012639724849527086,0.36715391229578676,,,0.005846947549441101,,,0.001891659501289768,,0.003869303525365434,0.0029234737747205505,,,0.014617368873602751,,0.000945829750644884,,,0.001891659501289768
0.000945829750644884,0.000945829750644884,,,,0.001891659501289768,,,0.002837489251934652,0.001891659501289768,,,,0.004729148753224419,,,,,0.000945829750644884,,,,,0.05812553740326741,,,0.003783319002579536,,0.0,,,0.000945829750644884,,,,0.14290627687016336,,,,,0.000945829750644884,0.019002579535683576,,0.000945829750644884,,,0.000945829750644884,,,,,0.2239036973344799,,,0.07145313843508168,0.000945829750644884,0.009458297506448839,0.000945829750644884,0.019002579535683576,0.4097162510748065,,0.001891659501289768,0.006620808254514187,,,,,,,,,0.01238177128116939,,,,0.000945829750644884,0.000945829750644884
0.0018056749785038692,0.0008598452278589854,,,,,0.0008598452278589854,,0.005588993981083405,0.003697334479793637,0.0008598452278589854,,,0.005588993981083405,0.0008598452278589854,,,,0.007480653482373173,0.0018056749785038692,,,,0.061908856405846945,0.0018056749785038692,0.002751504729148753,0.003697334479793637,,0.0,,,,,,0.0008598452278589854,0.12760103181427343,0.003697334479793637,,,,0.0008598452278589854,0.03000859845227859,,0.0008598452278589854,,,0.0018056749785038692,,,0.0008598452278589854,0.0008598452278589854,0.20713671539122958,,,0.07317282889079965,0.0018056749785038692,0.027171109200343938,,0.03465176268271711,0.3668959587274291,,0.0008598452278589854,0.0018056749785038692,,,0.0008598452278589854,,,,,,0.017798796216680998,,,,,0.0008598452278589854
0.002837489251934652,,,,,,,,0.008598452278589854,,,,,0.004815133276010318,,,,,0.001891659501289768,0.001891659501289768,,,,0.04428202923473775,,0.001891659501289768,0.004815133276010318,,0.0,,,,,,,0.13877901977644025,0.000945829750644884,,,,0.001891659501289768,0.03465176268271711,,,,,0.001891659501289768,,,,,0.20541702493551162,,,0.09733447979363714,0.001891659501289768,0.004815133276010318,,0.02115219260533104,0.39621668099742047,,,,,,0.001891659501289768,0.001891659501289768,,,,,0.019260533104041272,,,,,0.000945829750644884
0.0010318142734307824,0.002063628546861565,,,,,,,0.006362854686156492,,0.002063628546861565,,,0.01057609630266552,0.0010318142734307824,,,0.0010318142734307824,0.002063628546861565,,,,,0.08503869303525366,0.0010318142734307824,0.0010318142734307824,0.00524505588993981,,0.0,,,,,,,0.14995700773860704,0.002063628546861565,,,,0.00524505588993981,0.02760103181427343,,0.0010318142734307824,,,0.0010318142734307824,,,,,0.21212381771281164,,,0.05098882201203783,0.0010318142734307824,0.013757523645743766,0.0010318142734307824,0.02545141874462597,0.3701633705932932,,,0.002063628546861565,,,0.003181427343078246,0.002063628546861565,,,,,0.006362854686156492,,,,0.0010318142734307824,0.00524505588993981
0.0010318142734307824,0.0010318142734307824,,,,,0.0010318142734307824,,0.003181427343078246,,0.0021496130696474634,,,0.005331040412725709,,,,0.0010318142734307824,0.004299226139294927,0.0010318142734307824,,,,0.06809974204643164,0.0010318142734307824,0.003181427343078246,0.006448839208942391,,0.0,,,,,,,0.1286328460877042,0.0021496130696474634,0.0010318142734307824,,,0.009716251074806535,0.03568357695614789,,,,,0.0021496130696474634,,0.0010318142734307824,0.003181427343078246,0.0010318142734307824,0.12992261392949267,,,0.094067067927773,0.0021496130696474634,0.005331040412725709,0.0021496130696474634,0.01831470335339639,0.4346517626827171,,,0.005331040412725709,,,0.0010318142734307824,0.003181427343078246,,,,,0.014015477214101462,,0.003181427343078246,,0.0010318142734307824,0.0021496130696474634
0.002063628546861565,0.0010318142734307824,,,,0.005331040412725709,0.0010318142734307824,,0.004213241616509028,,0.004213241616509028,,,0.03104041272570937,,,,0.0010318142734307824,0.005331040412725709,,,,,0.03430782459157352,0.002063628546861565,0.003181427343078246,0.006362854686156492,,0.0,,,,,,0.002063628546861565,0.12123817712811694,0.003181427343078246,,,,0.01822871883061049,0.03215821152192605,,0.002063628546861565,0.0010318142734307824,,0.0010318142734307824,,,0.006362854686156492,,0.07704213241616498,,,0.1576956147893379,0.004213241616509028,0.003181427343078246,0.0010318142734307824,0.03645743766122098,0.37876182287188304,0.010662080825451418,0.002063628546861565,0.006362854686156492,,,0.002063628546861565,0.002063628546861565,0.0010318142734307824,,,,0.022527944969905418,0.0010318142734307824,,,0.002063628546861565,0.003181427343078246
0.004213241616509028,0.002063628546861565,,,,0.002063628546861565,,,0.003181427343078246,,0.003181427343078246,,,0.007394668959587274,,,,0.002063628546861565,,,,,,0.02768701633705933,0.0010318142734307824,0.002063628546861565,0.005331040412725709,,0.0,,,,,,,0.09707652622527944,0.003181427343078246,,,,0.006362854686156492,0.03834909716251075,0.0010318142734307824,,0.003181427343078246,,0.002063628546861565,,,0.003181427343078246,,0.25855546001719687,,,0.09604471195184867,0.002063628546861565,0.006362854686156492,,0.018142734307824593,0.36285468615649186,0.009544282029234737,,0.004213241616509028,,,0.002063628546861565,0.0010318142734307824,,,,,0.013843508168529665,0.004213241616509028,,,0.0010318142734307824,0.005331040412725709
,0.002235597592433362,,,,,,,0.001117798796216681,0.001117798796216681,,,,0.003353396388650043,,,0.001117798796216681,,0.001117798796216681,,,,,0.0472055030094583,0.002235597592433362,0.003353396388650043,0.005588993981083405,,0.0,,,,,,,0.11805674978503869,,,,,0.002235597592433362,0.03258813413585555,,0.001117798796216681,,,0.002235597592433362,,,,,0.27515047291487527,,,0.0764402407566638,,0.004471195184866724,,0.023559759243336198,0.3822871883061049,,,,,,,,,,,,0.01006018916595013,,,,0.001117798796216681,0.002235597592433362
0.000945829750644884,,,,,,,,0.000945829750644884,0.000945829750644884,,,,0.0030094582975064487,,,0.000945829750644884,0.000945829750644884,,,,,,0.051504729148753224,0.000945829750644884,0.0019776440240756666,0.0030094582975064487,,0.0,,,,,,,0.13955288048151332,0.000945829750644884,,,,0.000945829750644884,0.02527944969905417,,,,,0.000945829750644884,,,,,0.33361994840928644,,,0.06061908856405847,,0.01006018916595013,,0.020206362854686157,0.3297506448839209,,0.000945829750644884,,,,,,,,,,0.008082545141874462,,0.0019776440240756666,,0.000945829750644884,0.000945829750644884
0.000945829750644884,,,,,,0.000945829750644884,,0.004901117798796217,0.000945829750644884,,,,0.003955288048151333,,,0.000945829750644884,0.000945829750644884,0.005932932072226999,,,,,0.04660361134995701,,0.0019776440240756666,0.0029234737747205505,,0.0,,,,0.0019776440240756666,,,0.11719690455717971,0.000945829750644884,,,,0.0019776440240756666,0.026741186586414445,,,,,0.0029234737747205505,,,,,0.21435941530524527,,,0.09527085124677558,,0.009888220120378332,,0.01883061049011178,0.43104041272570937,,,,,,,,,0.000945829750644884,,,0.005932932072226999,,,,,0.000945829750644884
0.002837489251934652,0.001891659501289768,,,,,,0.000945829750644884,0.005760963026655202,,,,,0.001891659501289768,,,,,,,,,,0.09097162510748065,,0.000945829750644884,0.002837489251934652,,0.0,,,,,,,0.10834049871023216,0.002837489251934652,,,,0.003869303525365434,0.02416165090283749,,,0.000945829750644884,,0.001891659501289768,,,,,0.258555460017197,,0.000945829750644884,0.08220120378331901,,0.011607910576096303,,0.02708512467755804,0.3522785898538263,,0.000945829750644884,,,,,,,0.000945829750644884,,,0.01057609630266552,0.001891659501289768,,,0.000945829750644884,0.001891659501289768
0.001891659501289768,0.000945829750644884,,,,,,0.000945829750644884,0.004901117798796217,,0.000945829750644884,,,0.007824591573516768,,,,0.000945829750644884,0.001891659501289768,0.003869303525365434,0.000945829750644884,,,0.06122098022355976,,0.0029234737747205505,0.003869303525365434,,0.0,,0.001891659501289768,,,,,0.1175408426483233,,,,,0.000945829750644884,0.03748925193465176,,,,,0.001891659501289768,,,,0.0029234737747205505,0.1607910576096303,,,0.09286328460877043,0.000945829750644884,0.007824591573516768,,0.025623387790197766,0.4170249355116079,,,0.003869303525365434,,,0.001891659501289768,,0.000945829750644884,,,,0.02760103181427343,0.000945829750644884,,,0.0029234737747205505,0.000945829750644884
,0.001891659501289768,,,,,,,0.010662080825451418,,0.001891659501289768,,,0.01840068787618229,0.000945829750644884,,,,0.006706792777300086,0.001891659501289768,,,,0.04453998280309544,,0.002837489251934652,0.001891659501289768,,0.0,,,,,,,0.09595872742906277,0.004815133276010318,,,,0.000945829750644884,0.025193465176268273,,,,0.001891659501289768,0.000945829750644884,,,,0.001891659501289768,0.11564918314703354,,0.000945829750644884,0.14445399828030955,,0.007738607050730868,,0.026139294926913154,0.4402407566638005,,,0.012553740326741187,,,0.003869303525365434,,,,,,0.023215821152192607,,,,0.000945829750644884,0.000945829750644884
,,,,,,0.000945829750644884,,0.004041272570937231,,,,,0.007136715391229578,0.000945829750644884,,,0.004041272570937231,0.004041272570937231,,,,,0.0294926913155632,,0.0030094582975064487,0.0030094582975064487,,0.0,,,,,,,0.06930352536543422,0.000945829750644884,,,,0.0019776440240756666,0.02545141874462597,,,,,0.0030094582975064487,,,,0.000945829750644884,0.3130696474634568,,0.000945829750644884,0.10808254514187446,0.000945829750644884,0.0030094582975064487,,0.02648323301805675,0.35692175408426485,,,0.01117798796216681,,,0.0030094582975064487,,0.0019776440240756666,,,,0.013241616509028374,0.000945829750644884,,,0.000945829750644884,0.000945829750644884
,0.0021496130696474634,,,,0.0021496130696474634,,,0.00765262252794497,,,,,0.00765262252794497,,0.0010318142734307824,,0.0010318142734307824,0.0010318142734307824,,,,,0.04282029234737747,,0.0010318142734307824,0.0032674118658641443,,0.0,,,,0.0021496130696474634,,,0.10868443680137575,,,,,,0.027429062768701634,,0.0032674118658641443,,,0.0021496130696474634,,,0.0010318142734307824,,0.290627687016337,,,0.07901977644024076,0.0010318142734307824,0.005417024935511608,,0.010920034393809114,0.38435081685296646,,,,,,0.0010318142734307824,,,,,,0.0043852106620808256,,0.0043852106620808256,,0.0021496130696474634,0.0021496130696474634
,,,,,,,,0.005417024935511608,0.0010318142734307824,,,,0.0021496130696474634,,,,0.0010318142734307824,0.0021496130696474634,,,,,0.049183147033533964,,0.0010318142734307824,0.0032674118658641443,,0.0,,,,,,,0.13791917454858127,0.0010318142734307824,,,,,0.03172828890799656,,,,,0.0021496130696474634,,,,,0.2532244196044713,,,0.08529664660361135,,0.005417024935511608,0.0010318142734307824,0.027343078245915736,0.37214101461736887,,,0.006534823731728289,,,0.0032674118658641443,,,,,,0.00765262252794497,,,,,
,,,,,0.000945829750644884,,,0.0030094582975064487,0.000945829750644884,,,,0.005073086844368014,,,,0.000945829750644884,,,0.000945829750644884,,,0.04892519346517627,,0.000945829750644884,0.0030094582975064487,,0.0,,,,,,,0.1182287188306105,0.004041272570937231,,,,0.0019776440240756666,0.0294926913155632,,,,,0.000945829750644884,,,,,0.2791917454858126,,0.000945829750644884,0.09484092863284609,,0.006104901117798796,,0.016251074806534822,0.35588993981083406,,,0.004041272570937231,,,0.004041272570937231,0.0030094582975064487,,,,,0.013241616509028374,,,,,0.0030094582975064487
0.000945829750644884,,,,,,,,0.001891659501289768,0.000945829750644884,,,,0.003869303525365434,,,,0.000945829750644884,0.000945829750644884,,0.000945829750644884,,,0.05597592433361995,0.001891659501289768,,0.003869303525365434,,0.0,,,,,,,0.11401547721410146,0.003869303525365434,,,,0.001891659501289768,0.01865864144453998,,,,,0.006878761822871883,,,,,0.3178847807394668,,0.000945829750644884,0.06388650042992261,,0.0029234737747205505,,0.01865864144453998,0.35391229578675837,,,0.0029234737747205505,,,0.0029234737747205505,0.003869303525365434,,,,,0.010748065348237317,,,,0.001891659501289768,0.001891659501289768
,0.000945829750644884,,0.000945829750644884,,,,,0.0030094582975064487,,0.0019776440240756666,,,0.007136715391229578,,,,,0.000945829750644884,0.000945829750644884,,,,0.05227858985382631,0.000945829750644884,0.000945829750644884,0.0030094582975064487,,0.0,,,,,,,0.1301805674978504,0.0030094582975064487,,,,0.0019776440240756666,0.04299226139294927,,,0.0019776440240756666,0.004041272570937231,0.00816852966466036,,,0.000945829750644884,,0.04961306964746359,0.03895098882201204,0.000945829750644884,0.09630266552020636,,0.007136715391229578,0.0030094582975064487,0.01840068787618229,0.46646603611349957,,0.000945829750644884,0.0019776440240756666,,,0.00816852966466036,0.0030094582975064487,,,,,0.028632846087704212,,0.007136715391229578,,0.000945829750644884,0.0019776440240756666
,0.003869303525365434,0.000945829750644884,0.000945829750644884,,,,,0.011779879621668099,0.004901117798796217,0.000945829750644884,,,0.02760103181427343,,,,0.0029234737747205505,0.003869303525365434,0.000945829750644884,,,,0.05133276010318143,0.004901117798796217,,0.005846947549441101,,0.0,,,,,,0.001891659501289768,0.09484092863284609,0.007824591573516768,,,,0.0029234737747205505,0.03654342218400688,,0.000945829750644884,0.001891659501289768,0.000945829750644884,0.0029234737747205505,,,,,0.16233877901977656,,0.001891659501289768,0.09183147033533964,0.001891659501289768,0.007824591573516768,0.003869303525365434,0.02166809974204643,0.39028374892519346,0.000945829750644884,0.001891659501289768,0.003869303525365434,,,0.006878761822871883,0.001891659501289768,,,,,0.023645743766122097,0.000945829750644884,0.0029234737747205505,,0.000945829750644884,0.0029234737747205505
,,,0.000945829750644884,,0.0019776440240756666,,,0.008082545141874462,,0.000945829750644884,,,0.01006018916595013,,0.000945829750644884,,,0.0019776440240756666,0.000945829750644884,,,,0.037403267411865865,0.0019776440240756666,,,,0.0,,,,0.000945829750644884,,,0.09002579535683577,0.0060189165950128975,,,0.000945829750644884,,0.018142734307824593,,0.0030094582975064487,0.0019776440240756666,,0.0030094582975064487,,,0.000945829750644884,,0.4026655202063629,,0.000945829750644884,0.05253654342218401,,0.0070507308684436805,,0.020206362854686157,0.29733447979363714,,0.000945829750644884,0.0019776440240756666,,,0.0019776440240756666,0.0019776440240756666,,,,,0.01711092003439381,,,,0.0030094582975064487,0.0019776440240756666
,0.0019776440240756666,,,,0.0019776440240756666,,,0.0030094582975064487,0.004987102321582115,,,,0.0060189165950128975,,0.000945829750644884,,,,0.004987102321582115,,,,0.054342218400687876,0.0019776440240756666,0.0019776440240756666,0.0030094582975064487,,0.0,,,,0.000945829750644884,,,0.11263972484952708,0.003955288048151333,,,,,0.025107480653482374,,0.003955288048151333,,,0.003955288048151333,,,0.004987102321582115,,0.195012897678418,,0.000945829750644884,0.10464316423043853,,0.007996560619088565,,0.027171109200343938,0.39140154772141017,,,,,,,0.0030094582975064487,,,,,0.02106620808254514,,,,0.004987102321582115,0.0030094582975064487
,,,,,0.0021496130696474634,,,0.0032674118658641443,0.008770421324161651,,,,0.0032674118658641443,0.0010318142734307824,,,,0.0010318142734307824,0.0021496130696474634,,0.0010318142734307824,,0.05399828030954428,0.0021496130696474634,0.0010318142734307824,0.0010318142734307824,,0.0,,,,,,,0.1113499570077386,0.00765262252794497,,,,0.0021496130696474634,0.011006018916595013,,0.0010318142734307824,,,0.0021496130696474634,,,0.0010318142734307824,,0.11470335339638849,,,0.09045571797076526,,0.006534823731728289,0.0021496130696474634,0.01650902837489252,0.5184866723989682,,,0.0021496130696474634,,,0.0021496130696474634,0.0021496130696474634,,,,,0.02639724849527085,,,,,0.0010318142734307824
,,,,,0.0010318142734307824,,,0.007308684436801376,0.0030954428202923474,,0.002063628546861565,,0.009458297506448839,,0.002063628546861565,,,0.0030954428202923474,,0.0010318142734307824,0.002063628546861565,,0.05674978503869303,0.002063628546861565,0.008340498710232158,0.0030954428202923474,,0.0,,,,0.002063628546861565,,,0.11031814273430783,0.0010318142734307824,,,,,0.03258813413585555,,,0.0010318142734307824,,0.008340498710232158,0.00412725709372313,,0.007308684436801376,,0.24858125537403275,,,0.057781599312123816,,0.008340498710232158,0.0030954428202923474,0.025193465176268273,0.36061908856405844,,,0.00412725709372313,,,0.0010318142734307824,,,0.002063628546861565,,,0.01470335339638865,,,,0.0030954428202923474,0.0030954428202923474
0.0019776440240756666,,,,,0.000945829750644884,,,0.007910576096302666,0.0019776440240756666,,0.0019776440240756666,,0.003955288048151333,,0.000945829750644884,,,,,0.0029234737747205505,0.0019776440240756666,,0.02777300085984523,,,0.003955288048151333,,0.0,,,,0.003955288048151333,,,0.05460017196904557,0.0019776440240756666,0.000945829750644884,,0.0019776440240756666,0.010920034393809114,0.033705932932072226,,0.000945829750644884,,,0.0029234737747205505,0.0019776440240756666,,0.003955288048151333,,0.5859845227858985,,,0.03078245915735168,,0.013843508168529665,0.003955288048151333,0.025795356835769563,0.13207222699914015,,,0.0029234737747205505,,,0.004901117798796217,,0.0019776440240756666,,,,0.009888220120378332,0.000945829750644884,0.006878761822871883,,0.0029234737747205505,0.0029234737747205505
0.002885268160217244,,,,0.00093346911065852,,,,0.006788866259334691,,,0.003903598099117447,,0.010692464358452138,,0.009758995247793618,,0.0019517990495587236,,0.00093346911065852,0.00093346911065852,,0.00093346911065852,0.05482009504412763,,0.011710794297352342,0.003903598099117447,,0.0,,,,0.004837067209775967,,,0.10862186014935506,0.004837067209775967,,,0.004837067209775967,0.0019517990495587236,0.04302443991853361,0.00093346911065852,,,0.00093346911065852,0.002885268160217244,0.004837067209775967,,0.003903598099117447,0.002885268160217244,1.1102230246251565e-16,,,0.11939918533604887,0.003903598099117447,0.022488119484046165,,0.028343516632722335,0.4053801765105227,,,0.008740665308893414,,,0.003903598099117447,0.04692803801765105,,0.00093346911065852,,,0.04107264086897488,0.00093346911065852,0.019517990495587237,,0.002885268160217244,0.00093346911065852
0.000945829750644884,,,,,,,,0.000945829750644884,,0.008082545141874462,0.0030094582975064487,,0.004041272570937231,,0.0019776440240756666,,0.0019776440240756666,0.000945829750644884,,0.0019776440240756666,0.000945829750644884,0.000945829750644884,0.06113499570077386,0.000945829750644884,,0.0019776440240756666,,0.0,,,,0.0030094582975064487,,,0.10094582975064488,0.006104901117798796,,,0.000945829750644884,0.008082545141874462,0.024419604471195185,,,,0.0030094582975064487,0.0019776440240756666,0.0030094582975064487,,0.005073086844368014,0.0019776440240756666,0.19948409286328483,,,0.10601891659501289,0.000945829750644884,0.012209802235597592,,0.027515047291487533,0.3600171969045572,,,0.0030094582975064487,,,0.005073086844368014,,0.000945829750644884,,,,0.0294926913155632,0.004041272570937231,0.000945829750644884,,0.000945829750644884,0.000945829750644884
0.000945829750644884,,,,,,,,0.004815133276010318,,0.009716251074806535,0.000945829750644884,,0.001891659501289768,,0.001891659501289768,,0.000945829750644884,0.000945829750644884,,,,,0.03989681857265692,,,0.001891659501289768,,0.0,,,,0.001891659501289768,,,0.07394668959587274,0.002837489251934652,,,,,0.017454858125537404,,,,,0.002837489251934652,,,0.002837489251934652,,0.3957867583834911,,0.000945829750644884,0.09054170249355116,,0.009716251074806535,0.002837489251934652,0.011607910576096303,0.288134135855546,,,0.001891659501289768,,,0.002837489251934652,,0.001891659501289768,,,,0.026225279449699053,,,,0.000945829750644884,0.000945829750644884
,0.000945829750644884,,,,,,,0.007824591573516768,,0.000945829750644884,,,0.003869303525365434,,,0.000945829750644884,,0.0067927773000859846,0.000945829750644884,,0.000945829750644884,,0.0529664660361135,,0.0029234737747205505,0.001891659501289768,,0.0,,,0.0029234737747205505,,,,0.11590713671539123,0.0176268271711092,,,,0.001891659501289768,0.043164230438521065,,0.0029234737747205505,,,0.001891659501289768,,,,,0.2224419604471196,,,0.06973344797936372,,0.005846947549441101,0.001891659501289768,0.019604471195184867,0.38598452278589857,,,0.0029234737747205505,,,,,,0.001891659501289768,,0.000945829750644884,0.015649183147033535,,,,0.001891659501289768,0.003869303525365434
,,,,,,0.001891659501289768,,0.000945829750644884,,,,,0.003783319002579536,,,,,0.001891659501289768,,,,,0.053138435081685295,,0.001891659501289768,0.000945829750644884,,0.0,,,,,,,0.123731728288908,0.001891659501289768,,,,,0.03284608770421324,,,,,0.000945829750644884,,,,,0.26491831470335336,,0.000945829750644884,0.07343078245915735,,0.004815133276010318,,0.019260533104041272,0.3954428202923474,,,0.002837489251934652,,,,,,,,,0.014445399828030954,,,,,
,0.001891659501289768,,,,,,,0.003869303525365434,0.000945829750644884,,,,0.007738607050730868,,,,,0.000945829750644884,0.000945829750644884,,,0.000945829750644884,0.04359415305245056,0.001891659501289768,,0.001891659501289768,,0.0,,,,,,,0.09595872742906277,0.001891659501289768,,,,0.000945829750644884,0.02226999140154772,,,,,0.001891659501289768,,,,,0.2754944110060189,,,0.06878761822871883,,0.004815133276010318,,0.023215821152192607,0.416938950988822,,,0.001891659501289768,,,0.005760963026655202,,,,,,0.015477214101461736,,,,,
,0.0029234737747205505,,,0.001891659501289768,,,,0.003869303525365434,,,,,0.006878761822871883,,,,,,,,,,0.053138435081685295,,,0.001891659501289768,,0.0,,,,,,,0.13989681857265693,0.001891659501289768,,,,0.000945829750644884,0.022613929492691316,,,,,0.001891659501289768,,,,,0.2501289767841789,,,0.07583834909716251,0.000945829750644884,0.0029234737747205505,,0.023645743766122097,0.39802235597592434,,,0.001891659501289768,,,,,,,,,0.007824591573516768,,,,0.000945829750644884,
,,,,0.004901117798796217,,,0.000945829750644884,0.003869303525365434,0.026655202063628546,,,,0.006878761822871883,,0.001891659501289768,,,0.000945829750644884,0.005846947549441101,,,,0.05717970765262253,0.004901117798796217,0.003869303525365434,,,0.0,,0.005846947549441101,,,0.03748925193465176,0.000945829750644884,0.16878761822871882,0.001891659501289768,,,,0.001891659501289768,0.026655202063628546,,0.001891659501289768,0.000945829750644884,,0.006878761822871883,0.0029234737747205505,,0.003869303525365434,0.001891659501289768,0.0884780739466895,,,0.09673258813413585,0.000945829750644884,0.003869303525365434,,0.019690455717970765,0.3889079965606191,,,0.0029234737747205505,,,,,,,,,0.015735167669819434,,,,0.0029234737747205505,
,,,,0.0009429110234870564,,,,0.009771986970684038,0.017658151894393966,0.0009429110234870564,,0.0009429110234870564,0.012686439225098578,,0.004885993485342019,,0.0018858220469741129,0.0018858220469741129,0.008829075947196983,,,,0.04800274301388651,0.0009429110234870564,0.002914452254414538,,,0.0,,0.004885993485342019,,,,0.002914452254414538,0.1128064460826333,0.0038573632779015945,,,,0.018601062917881023,0.03137322132693297,0.002914452254414538,0.0009429110234870564,,0.0018858220469741129,0.0018858220469741129,,,0.010714897994171095,0.0009429110234870564,0.0,,,0.11177781587519287,,0.006857534716269501,,0.018601062917881023,0.5199725698611349,0.0018858220469741129,0.0009429110234870564,0.0038573632779015945,,,0.0009429110234870564,0.0018858220469741129,,,0.0009429110234870564,,0.017658151894393966,0.0009429110234870564,0.0009429110234870564,,0.005828904508829076,0.0009429110234870564
,,,,,,,0.000945829750644884,0.005073086844368014,0.007136715391229578,,,,0.004041272570937231,,0.000945829750644884,,0.0030094582975064487,,0.0030094582975064487,,,,0.0410146173688736,,,,,0.0,,0.006104901117798796,,,,,0.10877042132416165,0.000945829750644884,,,,0.000945829750644884,0.025623387790197766,,0.000945829750644884,,,0.000945829750644884,,,0.005073086844368014,0.0019776440240756666,0.3222699914015478,,,0.08306104901117799,0.000945829750644884,0.005073086844368014,0.000945829750644884,0.022527944969905418,0.32734307824591574,,,0.004041272570937231,,,,,,,,,0.01633705932932072,,0.000945829750644884,,,
,,,,,,,,0.000945829750644884,0.000945829750644884,,,,0.0019776440240756666,,,,,0.0019776440240756666,,,,,0.057781599312123816,0.0019776440240756666,,0.000945829750644884,,0.0,,,0.0019776440240756666,,,,0.12579535683576956,0.000945829750644884,,,,0.0019776440240756666,0.021238177128116938,,0.000945829750644884,,,0.0019776440240756666,,,,,0.26655202063628547,,,0.07609630266552021,0.000945829750644884,0.008082545141874462,,0.01822871883061049,0.3834909716251075,0.0019776440240756666,,0.000945829750644884,,,,,,,,,0.02226999140154772,,,,,
,0.0019776440240756666,,,,0.0029234737747205505,,,0.007910576096302666,0.000945829750644884,,,,0.0029234737747205505,,,0.000945829750644884,,0.000945829750644884,0.004901117798796217,,,,0.046689595872742906,,0.000945829750644884,0.000945829750644884,,0.0,,,0.000945829750644884,,,,0.09845227858985382,0.008942390369733448,,,,,0.023817712811693894,,0.000945829750644884,,,0.000945829750644884,,,,0.000945829750644884,0.25184866723989685,,,0.08555460017196904,,0.010920034393809114,0.0029234737747205505,0.022871883061049012,0.3871023215821152,,0.000945829750644884,0.000945829750644884,,,,,,,,,0.027858985382631127,,0.0019776440240756666,,,
,,,,,,,,0.001891659501289768,,,,,0.000945829750644884,,,,,0.000945829750644884,0.001891659501289768,,,,0.06706792777300086,0.000945829750644884,0.000945829750644884,,,0.0,,,0.000945829750644884,,,,0.09965606190885641,,,,,0.001891659501289768,0.013757523645743766,,0.000945829750644884,,,0.000945829750644884,,,,,0.2852966466036114,,,0.0828890799656062,,0.00885640584694755,0.001891659501289768,0.012811693895098883,0.3919174548581255,,,0.000945829750644884,,,,,,,,,0.02166809974204643,,,,0.000945829750644884,
,,,,,,,,0.008082545141874462,,,,,0.0030094582975064487,,,,,0.004987102321582115,,,,,0.039466895958727426,,,,,0.0,,,,,,,0.1052450558899398,0.000945829750644884,,,,0.000945829750644884,0.019174548581255373,,0.000945829750644884,,,0.000945829750644884,,,,,0.25580395528804833,,,0.06577815993121239,,0.009028374892519347,0.0019776440240756666,0.05563198624247635,0.39690455717970763,,,0.0030094582975064487,,,0.000945829750644884,,,,,,0.02527944969905417,0.000945829750644884,,,,0.000945829750644884
,,,,,0.001891659501289768,,,0.007824591573516768,,0.000945829750644884,,,0.005846947549441101,,0.007824591573516768,,0.000945829750644884,0.004901117798796217,,,,,0.060103181427343076,0.001891659501289768,0.003869303525365434,,,0.0,,,,,,,0.13404987102321583,,,,,0.000945829750644884,0.025623387790197766,,,,,0.0029234737747205505,,,0.000945829750644884,0.001891659501289768,0.10386930352536539,,,0.08873602751504729,0.000945829750644884,0.010834049871023215,0.001891659501289768,0.05417024935511608,0.46053310404127257,,,,,,0.001891659501289768,,,,,,0.013757523645743766,0.000945829750644884,,,,
,,,,,,0.0008910490076954233,,0.008343458890238964,0.0027541514783313084,0.0008910490076954233,,,0.018712029161603888,0.0008910490076954233,,,0.0008910490076954233,0.0064803564196030785,0.0008910490076954233,,,,0.04115026326447955,0.0008910490076954233,0.00745240988254354,0.0008910490076954233,,0.0,,,,,,,0.10943701903604698,0.005589307411907655,0.0008910490076954233,0.00372620494127177,,,0.032725799918995546,0.0008910490076954233,,,,0.00372620494127177,,,0.0008910490076954233,0.001863102470635885,1.1102230246251565e-16,,,0.16184690157958687,,0.010287565816119887,,0.05232887808829485,0.4865127582017011,0.0008910490076954233,0.0008910490076954233,0.001863102470635885,,,0.0008910490076954233,,,,,,0.028999594977723774,0.0008910490076954233,0.00372620494127177,,,
,,,,,,,,0.004901117798796217,,0.000945829750644884,,,,,,,,0.004901117798796217,,0.000945829750644884,,,0.022699914015477215,,0.000945829750644884,,,0.0,,,,,0.000945829750644884,,0.06930352536543422,,,0.0019776440240756666,,0.000945829750644884,0.011865864144453998,,,,,,,,0.000945829750644884,,0.6175408426483233,,,0.04651762682717111,,0.004901117798796217,,0.012811693895098883,0.18409286328460878,0.000945829750644884,,0.0019776440240756666,,,0.0019776440240756666,,,0.0019776440240756666,,,0.005932932072226999,,,,,
0.000945829750644884,,,,0.000945829750644884,,,,0.002837489251934652,0.001891659501289768,,,,0.005760963026655202,,,,,0.000945829750644884,,,,,0.04987102321582115,,0.001891659501289768,,,0.0,,,,,,,0.11616509028374893,,,,,0.001891659501289768,0.014359415305245055,,0.000945829750644884,,,0.000945829750644884,,,,,0.28426483233018063,,,0.08538263112639725,0.000945829750644884,0.005760963026655202,0.000945829750644884,0.009544282029234737,0.4032674118658641,,,0.000945829750644884,,,,,,0.000945829750644884,,,0.005760963026655202,,0.001891659501289768,,0.000945829750644884,
,,,,,,,,0.001891659501289768,0.001891659501289768,,,,0.000945829750644884,,,,,0.000945829750644884,0.000945829750644884,,,,0.030352536543422185,,0.000945829750644884,0.001891659501289768,,0.0,,,,,,,0.10171969045571796,0.001891659501289768,,,,,0.020894239036973346,,0.000945829750644884,,,0.000945829750644884,,,,0.000945829750644884,0.36904557179707664,,,0.042734307824591575,0.001891659501289768,0.005674978503869304,0.001891659501289768,0.012295786758383491,0.389853826311264,,,,,,,,,0.001891659501289768,,,0.006620808254514187,,,,0.000945829750644884,
,,,,,,,,0.004987102321582115,0.0019776440240756666,,,,0.003955288048151333,,,0.000945829750644884,,0.0019776440240756666,,,,,0.03800515907136715,0.000945829750644884,0.000945829750644884,0.000945829750644884,,0.0,,,,,,,0.10799656061908856,0.000945829750644884,,,,,0.012983662940670678,,,,,0.000945829750644884,,,,,0.3357695614789338,,,0.06895958727429063,0.000945829750644884,0.005932932072226999,0.0019776440240756666,0.013929492691315564,0.3710232158211522,,,,,,,,,,,,0.021926053310404127,0.0019776440240756666,,,,
,0.000945829750644884,,,0.000945829750644884,,,0.000945829750644884,0.002837489251934652,0.001891659501289768,0.000945829750644884,,,,,,,,,0.003869303525365434,,,,0.046431642304385214,,,0.000945829750644884,,0.0,,,,,,,0.10653482373172829,0.001891659501289768,,,,0.000945829750644884,0.02708512467755804,,,,,0.000945829750644884,,,,0.000945829750644884,0.24221840068787615,,0.000945829750644884,0.09105760963026656,0.003869303525365434,0.003869303525365434,0.001891659501289768,0.01934651762682717,0.4214101461736887,,,,,,0.000945829750644884,,,,,,0.01349957007738607,0.000945829750644884,,,0.001891659501289768,
,0.000945829750644884,,,,,,,0.004815133276010318,0.0029234737747205505,0.000945829750644884,,,0.008770421324161651,,,0.000945829750644884,0.001891659501289768,0.0067927773000859846,0.003869303525365434,,,,0.1061908856405847,0.001891659501289768,0.0067927773000859846,,,0.0,,,,,,,0.10232158211521926,0.0029234737747205505,0.001891659501289768,,,0.003869303525365434,0.021410146173688735,0.000945829750644884,0.000945829750644884,,,,,,0.000945829750644884,,0.04393809114359437,,0.000945829750644884,0.14032674118658642,,0.008770421324161651,0.003869303525365434,0.03215821152192605,0.45116079105760964,,0.000945829750644884,,,,0.0029234737747205505,0.001891659501289768,,,,,0.027257093723129837,0.000945829750644884,0.000945829750644884,0.000945829750644884,,0.000945829750644884
,0.002884456897972639,,,,,0.0009065435965056865,,0.0018955002472391628,0.003873413548706115,,,,0.00774682709741223,,0.0009065435965056865,0.0009065435965056865,,0.009724740398879182,0.002884456897972639,0.0009065435965056865,0.0009065435965056865,,0.03609691775177188,0.0009065435965056865,0.024394264051425744,0.0009065435965056865,,0.0,,,,,,,0.09477501236195814,0.0018955002472391628,,,,0.005851326850173068,0.03708587440250536,,,,,0.0009065435965056865,,0.0009065435965056865,0.002884456897972639,0.004862370199439591,1.1102230246251565e-16,,,0.15831547717158398,,0.00774682709741223,0.003873413548706115,0.03123454755233229,0.5004944783253668,,,0.003873413548706115,,,0.0018955002472391628,0.0009065435965056865,,,,,0.03609691775177188,0.006840283500906544,0.0009065435965056865,0.0009065435965056865,0.0018955002472391628,
,0.0010318142734307824,,,,0.002063628546861565,,,0.005159071367153913,0.002063628546861565,,,,0.011349957007738607,,,,,0.007222699914015477,,0.002063628546861565,0.002063628546861565,,0.049613069647463454,,0.00412725709372313,,,0.0,,,,,,,0.094067067927773,0.002063628546861565,,,,0.002063628546861565,0.018572656921754083,,0.002063628546861565,,,,,0.0010318142734307824,0.00412725709372313,0.0030954428202923474,0.18263112639724843,,,0.1239896818572657,,0.007222699914015477,,0.01650902837489252,0.41865864144453996,0.0010318142734307824,,0.006190885640584695,,,0.002063628546861565,,,,,,0.023731728288907995,0.0010318142734307824,0.0030954428202923474,,,
,,,,,,,,0.006104901117798796,0.0019776440240756666,,,,0.004041272570937231,,0.000945829750644884,,,0.0030094582975064487,0.000945829750644884,0.000945829750644884,0.0019776440240756666,,0.05356835769561479,,,,,0.0,,,,0.0030094582975064487,,,0.1349957007738607,0.010232158211521927,,,,0.000945829750644884,0.01539122957867584,,0.000945829750644884,,,0.0019776440240756666,,,,0.0019776440240756666,0.08899398108340495,,0.000945829750644884,0.08546861564918315,,0.005073086844368014,0.000945829750644884,0.023645743766122097,0.5121238177128117,0.0030094582975064487,,0.005073086844368014,,,0.004041272570937231,,,,,,0.026741186586414445,,,,0.000945829750644884,
,0.0010318142734307824,,,,,,,0.00412725709372313,0.0030954428202923474,0.0010318142734307824,,,0.01238177128116939,0.0030954428202923474,,,,,0.002063628546861565,0.0030954428202923474,0.0010318142734307824,,0.07162510748065348,0.002063628546861565,0.011349957007738607,0.0010318142734307824,,0.0,,0.002063628546861565,,0.0010318142734307824,,,0.13387790197764401,,,,,0.0030954428202923474,0.027944969905417026,,0.002063628546861565,0.0010318142734307824,0.0030954428202923474,0.002063628546861565,,0.002063628546861565,0.0010318142734307824,0.00412725709372313,0.004385210662080752,,,0.13800515907136715,0.009286328460877041,0.005159071367153913,0.0010318142734307824,0.03112639724849527,0.46294067067927774,0.011349957007738607,,0.0010318142734307824,,,0.0010318142734307824,,,,,,0.02588134135855546,0.002063628546861565,0.00412725709372313,0.0010318142734307824,0.0010318142734307824,
0.0010318142734307824,0.0010318142734307824,,,0.0030954428202923474,,,0.0010318142734307824,0.008340498710232158,0.0030954428202923474,0.0010318142734307824,0.0010318142734307824,,0.002063628546861565,0.0010318142734307824,,,0.002063628546861565,,0.006190885640584695,0.002063628546861565,0.0010318142734307824,,0.04797936371453138,0.0010318142734307824,0.00412725709372313,0.0010318142734307824,,0.0,,,,0.0010318142734307824,,,0.11478933791917455,0.002063628546861565,,,,0.002063628546861565,0.028116938950988823,0.0010318142734307824,,0.002063628546861565,0.0010318142734307824,0.006190885640584695,,,0.0030954428202923474,0.00937231298366294,0.007738607050730817,,,0.10429922613929493,,0.005159071367153913,0.0030954428202923474,0.014531384350816853,0.5676698194325022,0.005159071367153913,,0.005159071367153913,,,0.00412725709372313,0.0010318142734307824,0.0010318142734307824,,,,0.020808254514187448,,0.0010318142734307824,,,
,0.0010318142734307824,,,,,,,0.011435941530524506,,0.0010318142734307824,0.0010318142734307824,,0.0030954428202923474,,,,,0.0030954428202923474,0.002063628546861565,0.005159071367153913,0.0010318142734307824,,0.0468615649183147,0.0010318142734307824,,0.002063628546861565,,0.0,,0.002063628546861565,,0.0010318142734307824,,,0.11349957007738606,0.0010318142734307824,,,,,0.020808254514187448,,0.0010318142734307824,,,0.0010318142734307824,,,0.00412725709372313,0.002063628546861565,0.24462596732588116,,0.0010318142734307824,0.08641444539982802,,0.00825451418744626,0.002063628546861565,0.033276010318142736,0.38005159071367156,0.0010318142734307824,,0.00412725709372313,,,,0.0010318142734307824,,,,,0.00937231298366294,,,0.0010318142734307824,0.0010318142734307824,0.0010318142734307824
,0.0010318142734307824,0.0010318142734307824,,,,,,0.00524505588993981,,0.0030954428202923474,0.0010318142734307824,,0.002063628546861565,,,,0.0010318142734307824,0.002063628546861565,,,,,0.027343078245915736,0.0010318142734307824,0.0030954428202923474,,,0.0,,0.00412725709372313,,0.0010318142734307824,,,0.0651762682717111,0.0030954428202923474,,,,0.002063628546861565,0.013671539122957868,,,,,,,,0.002063628546861565,0.0010318142734307824,0.6223559759243336,,0.0010318142734307824,0.03258813413585555,,0.008340498710232158,,0.027343078245915736,0.13155631986242478,,,0.009458297506448839,,,0.00412725709372313,0.002063628546861565,0.0030954428202923474,0.0030954428202923474,,,0.012553740326741187,,0.002063628546861565,,,
,0.000945829750644884,0.0030094582975064487,,,0.009114359415305246,,,0.00816852966466036,0.000945829750644884,0.0030094582975064487,0.000945829750644884,,0.004041272570937231,,0.0019776440240756666,0.000945829750644884,0.0019776440240756666,,,0.0019776440240756666,0.0019776440240756666,,0.040842648323301804,0.000945829750644884,0.009114359415305246,,,0.0,0.000945829750644884,0.0019776440240756666,,0.0019776440240756666,,,0.08581255374032674,0.004041272570937231,,,,0.00816852966466036,0.025537403267411867,,,,0.000945829750644884,,,0.004041272570937231,0.005073086844368014,0.0019776440240756666,0.08968185726569222,,0.000945829750644884,0.08271711092003439,,0.01117798796216681,0.004041272570937231,0.026569217540842648,0.47420464316423044,0.0030094582975064487,,0.01934651762682717,,,0.012209802235597592,,0.005073086844368014,,,,0.029578675838349097,0.000945829750644884,0.005073086844368014,,0.004041272570937231,0.000945829750644884
,0.0019776440240756666,0.0019776440240756666,,0.000945829750644884,0.0019776440240756666,,0.004901117798796217,0.0019776440240756666,0.0019776440240756666,0.0029234737747205505,0.000945829750644884,,0.0019776440240756666,,,,0.0019776440240756666,0.000945829750644884,,,0.000945829750644884,,0.022785898538263114,,0.0019776440240756666,0.0029234737747205505,,0.0,,,,,,,0.05855546001719691,,,,,0.0019776440240756666,0.020808254514187448,,,,,0.0019776440240756666,,0.006878761822871883,0.003955288048151333,0.000945829750644884,0.41513327601031824,,0.000945829750644884,0.06852966466036113,,0.0029234737747205505,,0.021840068787618228,0.3187446259673259,,,0.003955288048151333,,,0.005932932072226999,0.000945829750644884,,,,,0.010920034393809114,,,,0.000945829750644884,0.000945829750644884
,0.002837489251934652,0.002837489251934652,,,,,,0.002837489251934652,0.000945829750644884,0.002837489251934652,,,0.001891659501289768,,,,,0.001891659501289768,,0.001891659501289768,,,0.054944110060189164,,0.000945829750644884,0.000945829750644884,,0.0,,,,,,,0.09647463456577816,,,,,,0.023129836629406708,,,,,0.002837489251934652,,0.002837489251934652,0.005760963026655202,0.000945829750644884,0.24453998280309552,,,0.09647463456577816,,0.009630266552020636,0.000945829750644884,0.026053310404127256,0.36276870163370595,,,0.006706792777300086,,,0.002837489251934652,0.003783319002579536,,,,,0.03662940670679278,,0.000945829750644884,,0.001891659501289768,
,,,,,,,0.000945829750644884,,0.000945829750644884,0.002837489251934652,,,0.011435941530524506,,,,0.000945829750644884,0.001891659501289768,0.001891659501289768,0.001891659501289768,,,0.04402407566638005,,0.002837489251934652,0.001891659501289768,,0.0,,,,,,,0.1052450558899398,0.000945829750644884,,,,0.003783319002579536,0.018142734307824593,0.000945829750644884,0.000945829750644884,,,,,0.000945829750644884,0.002837489251934652,,0.2798796216680999,,,0.0995700773860705,,0.011435941530524506,0.001891659501289768,0.03061049011177988,0.3360275150472915,,,0.004729148753224419,,,0.001891659501289768,,,,,,0.026741186586414445,0.000945829750644884,0.000945829750644884,,,
,,,,,,,,0.002837489251934652,,0.003869303525365434,,,0.008684436801375752,,,,0.003869303525365434,0.002837489251934652,0.001891659501289768,0.001891659501289768,,,0.04754944110060189,,,0.000945829750644884,,0.0,,,,,,,0.10189165950128977,0.004815133276010318,,,,0.002837489251934652,0.01840068787618229,0.000945829750644884,0.000945829750644884,,,,,0.000945829750644884,,0.001891659501289768,0.23439380911435947,,,0.08736027515047291,,0.004815133276010318,0.000945829750644884,0.015477214101461736,0.42613929492691316,,0.001891659501289768,0.002837489251934652,,,0.002837489251934652,,0.001891659501289768,,,,0.009630266552020636,0.000945829750644884,0.000945829750644884,0.000945829750644884,,0.001891659501289768
,0.0019776440240756666,,,,0.000945829750644884,,,0.000945829750644884,,0.000945829750644884,,,0.003955288048151333,,,,0.000945829750644884,0.005932932072226999,0.000945829750644884,0.0019776440240756666,,,0.05580395528804815,,0.000945829750644884,0.000945829750644884,,0.0,,,,,,,0.11066208082545143,,,,,0.000945829750644884,0.028890799656061908,,,,,0.0019776440240756666,,0.004901117798796217,,0.0029234737747205505,0.22149613069647478,0.0019776440240756666,0.000945829750644884,0.09871023215821152,,0.008942390369733448,0.000945829750644884,0.01590713671539123,0.3978503869303525,,0.003955288048151333,0.0019776440240756666,,,0.005932932072226999,0.0019776440240756666,0.0019776440240756666,,,,0.008942390369733448,0.000945829750644884,,,0.000945829750644884,
