Adair County,Alfalfa County,Atoka County,Beaver County,Beckham County,Blaine County,Bryan County,Caddo County,Canadian County,Carter County,Cherokee County,Choctaw County,Cimarron County,Cleveland County,Coal County,Comanche County,Cotton County,Craig County,Creek County,Custer County,Delaware County,Dewey County,Ellis County,Garfield County,Garvin County,Grady County,Grant County,Greer County,Harmon County,Harper County,Haskell County,Hughes County,Jackson County,Jefferson County,Johnston County,Kay County,Kingfisher County,Kiowa County,Latimer County,Le Flore County,Lincoln County,Logan County,Love County,Major County,Marshall County,Mayes County,McClain County,McCurtain County,McIntosh County,Murray County,Muskogee County,Noble County,Nowata County,Okfuskee County,Oklahoma County,Okmulgee County,Osage County,Ottawa County,Pawnee County,Payne County,Pittsburg County,Pontotoc County,Pottawatomie County,Pushmataha County,Roger Mills County,Rogers County,Seminole County,Sequoyah County,Stephens County,Texas County,Tillman County,Tulsa County,Wagoner County,Washington County,Washita County,Woods County,Woodward County
,,,,,,,0.002255508646116477,0.0007518362153721589,,,,,0.0007518362153721589,0.0007518362153721589,,,,0.08200798103059395,,,,,0.004511017292232954,0.0007518362153721589,,,,0.0,,0.0007518362153721589,,,,,0.002255508646116477,,,,0.0037591810768607945,0.0037591810768607945,0.0030073448614886355,,,0.0007518362153721589,0.0030073448614886355,,,,0.0007518362153721589,0.0015036724307443178,0.020299577815048292,0.0015036724307443178,,0.012781215661326702,0.0015036724307443178,0.07217627667572726,,0.4057602220808513,0.0940373604765485,,,0.0037591810768607945,,,0.010525707015210224,,,,0.0007518362153721589,,0.24602394309178185,0.00676652593834943,0.012781215661326702,,,
,,0.0007518362153721589,,,0.0015036724307443178,0.0007518362153721589,,0.0007518362153721589,0.0007518362153721589,,,,0.0015036724307443178,0.0015036724307443178,0.0007518362153721589,,,0.09779654155340929,,0.0007518362153721589,,,0.0037591810768607945,0.0007518362153721589,,0.0007518362153721589,,0.0,,0.0015036724307443178,0.0007518362153721589,,,,0.013648718986756117,,,0.0007518362153721589,0.006014689722977271,0.0037591810768607945,0.002255508646116477,,,,0.0037591810768607945,0.0007518362153721589,0.005262853507605112,0.0007518362153721589,,0.0030073448614886355,0.027297437973512233,0.0007518362153721589,,0.025735931987739286,0.004511017292232954,0.04852235266901857,0.0030073448614886355,0.0580648892487422,0.18500954253657972,0.0030073448614886355,,0.0030073448614886355,,,0.009831704354866693,,,0.0007518362153721589,,,0.466369787750853,0.006824359493378058,0.0030073448614886355,,,
,,0.0007258514796203238,,,,,,0.0014517029592406477,0.0014517029592406477,0.0014517029592406477,,,0.0021775544388609714,,,0.0007258514796203238,,0.11747627024008933,,,,,0.0072585147962032385,0.0014517029592406477,,0.0021775544388609714,,0.0,0.0007258514796203238,0.0007258514796203238,,,,0.0014517029592406477,0.007984366275823562,,,0.0007258514796203238,,0.013847012841987716,0.004355108877721943,,,0.0007258514796203238,0.0021775544388609714,0.0014517029592406477,0.0029034059184812953,0.0029034059184812953,0.0007258514796203238,0.004355108877721943,0.02696817420435511,,,0.03573422668900056,0.012395309882747068,0.06275823562255724,0.0007258514796203238,-2.220446049250313e-16,0.18023450586264655,0.0036292573981016193,,0.0072585147962032385,0.0007258514796203238,,0.012395309882747068,0.0029034059184812953,0.0007258514796203238,0.0007258514796203238,,,0.4575656058068118,0.010217755443886097,0.0036292573981016193,,,
,,,,,,,0.0015036724307443178,0.0007518362153721589,,0.002255508646116477,,,0.0038170146318894224,,,0.0007518362153721589,0.0015036724307443178,0.10710774391301833,,0.0007518362153721589,0.0007518362153721589,,0.006072523278005899,0.0007518362153721589,0.0015036724307443178,,,0.0,,,,,,,0.008385865479151003,,,,,0.006882193048406686,0.0015036724307443178,,,,0.0030073448614886355,0.0015036724307443178,0.002255508646116477,0.0038170146318894224,,0.00532068706263374,0.017581400728702793,0.0030073448614886355,,0.02903244462437106,0.009137701694523163,0.059626395234515066,0.0015036724307443178,0.10739691168816146,0.15221791683534786,0.0038170146318894224,,0.002255508646116477,0.0015036724307443178,,0.007634029263778845,,,0.0030073448614886355,,,0.41003990515296973,0.025967266207853796,0.006072523278005899,,,
,,,,0.0007518362153721589,,,,0.0007518362153721589,0.0007518362153721589,,,,0.0015036724307443178,0.0007518362153721589,,0.0007518362153721589,0.0007518362153721589,0.08200798103059395,,0.0015036724307443178,,,0.006940026603435313,0.0007518362153721589,,,,0.0,,,,,,,0.004626684402290209,0.0007518362153721589,,,,0.0023133422011451044,0.0038170146318894224,,,0.0007518362153721589,0.0007518362153721589,,,,0.0023133422011451044,0.0015036724307443178,0.014689722977271414,0.0007518362153721589,0.0007518362153721589,0.012376380776126308,0.0023133422011451044,0.05956856167948644,0.0015036724307443178,0.36706957376669946,0.11913712335897288,0.0023133422011451044,,0.004626684402290209,,,0.013128216991498468,,0.0007518362153721589,0.004626684402290209,,,0.2661500202417443,0.006940026603435313,0.00850153258920826,,0.0007518362153721589,
,,,,,,,,0.006940026603435313,,,,,0.0007518362153721589,,,,,0.08958417673934417,0.0007518362153721589,0.0007518362153721589,0.0015036724307443178,0.0007518362153721589,0.010814874790353363,0.0015036724307443178,,,,0.0,,,,,,,0.012318547221097681,0.0007518362153721589,,0.0015036724307443178,,0.0023133422011451044,0.0038170146318894224,,,,0.0023133422011451044,,0.0030651784165172634,,,0.0015036724307443178,0.030073448614886356,0.0007518362153721589,0.0007518362153721589,0.02544676421259615,0.006130356833034527,0.0710196055751547,0.0007518362153721589,0.17286449598056808,0.12046729512463131,0.0007518362153721589,0.0015036724307443178,0.0015036724307443178,,,0.016945231623387888,0.0007518362153721589,,0.0007518362153721589,,,0.3978370250419293,0.006940026603435313,0.0030651784165172634,,,0.0007518362153721589
0.0007518362153721589,,0.0007518362153721589,,,0.0007518362153721589,,,0.004742351512347464,,,,,0.002371175756173732,,,,0.0007518362153721589,0.11387426985136777,0.0007518362153721589,0.0015615059857729454,,,0.0015615059857729454,0.0015615059857729454,0.0015615059857729454,,,0.0,,,,,,,0.004742351512347464,,,0.0015615059857729454,0.002371175756173732,0.005494187727719623,0.0015615059857729454,,0.0007518362153721589,,0.0015615059857729454,0.0007518362153721589,0.003123011971545891,,,0.0007518362153721589,0.03400613035683304,0.0007518362153721589,0.0007518362153721589,0.026892603088311838,0.004742351512347464,0.05933722745937193,0.0007518362153721589,0.14735989821294315,0.1486900699786016,,0.0007518362153721589,0.004742351512347464,,,0.00630385749812041,,,0.0007518362153721589,,,0.40188537389393325,0.003123011971545891,0.003123011971545891,,,0.002371175756173732
,,,,,,,,0.0007518362153721589,,0.0007518362153721589,,,0.0023133422011451044,,,,0.0007518362153721589,0.09276502226591869,,0.0023133422011451044,,,0.003932681741946677,0.0015615059857729454,0.0007518362153721589,,,0.0,,,,,,,0.014921057197385923,,,0.0007518362153721589,0.0015615059857729454,0.0007518362153721589,0.0015615059857729454,,0.0007518362153721589,,0.004684517957318836,0.0015615059857729454,0.003932681741946677,,,0.003932681741946677,0.039326817419466774,,0.0007518362153721589,0.020415244925105547,0.003932681741946677,0.07472095309698687,0.0023133422011451044,0.13099300213984155,0.14788040020820079,0.0007518362153721589,0.0007518362153721589,0.0023133422011451044,,,0.003123011971545891,0.0007518362153721589,0.0007518362153721589,0.0007518362153721589,,,0.4184257706321208,0.003123011971545891,0.004684517957318836,,,0.003932681741946677
,,,0.0007518362153721589,,0.0015036724307443178,0.0015036724307443178,,0.0030651784165172634,,,,,0.0038170146318894224,,0.0015036724307443178,,0.0015036724307443178,0.10155572263027009,,0.0007518362153721589,0.0007518362153721589,,0.03308079347637499,0.0030651784165172634,0.0007518362153721589,,,0.0,0.0007518362153721589,,,,,0.0015036724307443178,0.007691862818807472,,,0.0015036724307443178,0.0007518362153721589,0.0038170146318894224,0.0030651784165172634,,0.0007518362153721589,,0.002255508646116477,0.0015036724307443178,0.002255508646116477,,,0.0007518362153721589,0.040772656295182466,,,0.02226591868602163,0.002255508646116477,0.06616158695274998,0.002255508646116477,0.08015730726967785,0.13382684633624428,0.002255508646116477,0.0007518362153721589,0.0038170146318894224,,,0.014574055867214157,0.0007518362153721589,,0.0007518362153721589,0.0015036724307443178,,0.4362385055809381,0.007691862818807472,0.002255508646116477,,,0.0015036724307443178
0.0007518362153721589,,,,,,,,0.003123011971545891,0.0007518362153721589,0.0007518362153721589,,,0.00387484818691805,,,,,0.10635590769764618,,0.0023133422011451044,,,0.035162801457405586,0.0023133422011451044,,,,0.0,,,,,,,0.014053553871956509,0.0007518362153721589,,,0.0007518362153721589,0.009369035914637672,0.007807529928864727,0.0007518362153721589,0.0007518362153721589,0.0007518362153721589,0.003123011971545891,,,,,0.0015615059857729454,0.03984731941472442,,0.0007518362153721589,0.02735527152854086,0.0023133422011451044,0.0586432247990284,0.0007518362153721589,0.017060898733445184,0.16887398068359263,0.004684517957318836,,0.0023133422011451044,,,0.014053553871956509,0.0023133422011451044,,0.0007518362153721589,0.003123011971545891,,0.45590191429067145,0.005436354172690995,,,,0.0007518362153721589
,,,,,,,,0.0030651784165172634,,,,,0.0030651784165172634,,,0.0007518362153721589,,0.05754438725348447,,0.0007518362153721589,,,0.006188190388063154,0.0007518362153721589,0.0007518362153721589,,,0.0,,,,,,,0.005436354172690995,,,,0.0007518362153721589,0.0023133422011451044,0.0007518362153721589,,,0.0007518362153721589,0.0007518362153721589,,0.0007518362153721589,,,0.0007518362153721589,0.030304782835000866,0.0007518362153721589,,0.02567809843271066,,0.03342779480654676,0.0007518362153721589,0.4964432363657394,0.09415302758660575,,0.0007518362153721589,0.0023133422011451044,,,0.008559366144236887,,,0.0007518362153721589,,,0.2155456595916951,0.005436354172690995,,,,
,,,,,,0.0007518362153721589,,0.0015615059857729454,0.0015615059857729454,0.0007518362153721589,,,0.0015615059857729454,,0.0015615059857729454,0.0015615059857729454,,0.07801746573361865,,0.0007518362153721589,,,0.005552021282748251,0.0015615059857729454,,,,0.0,,,,,,,0.017465733618645538,,,,0.0007518362153721589,0.004742351512347464,0.0015615059857729454,,,,0.0015615059857729454,,0.0007518362153721589,,,0.0015615059857729454,0.017465733618645538,0.0007518362153721589,,0.01428488809207102,0.0007518362153721589,0.050141692209820135,0.0007518362153721589,0.3823376322942571,0.11306460008096697,0.0031808455265745187,,0.003932681741946677,,,0.008732866809322769,,,0.0007518362153721589,,,0.26678618934705917,0.005552021282748251,0.006361691053149037,,0.0015615059857729454,
,,,,,,,,,,,,,,,0.003296512636631774,,,0.10103522063501244,,,,,0.011566711005725521,0.0024290093112023597,,,0.0008096697704007865,0.0,,,,,,,0.00410618240703256,,,0.0008096697704007865,0.0008096697704007865,0.0024290093112023597,0.0024290093112023597,,,,0.00410618240703256,0.0008096697704007865,0.0024290093112023597,0.0008096697704007865,,0.001619339540801573,0.028974611069342432,0.0008096697704007865,,0.017350066508588283,0.0024290093112023597,0.06460008096697704,0.0008096697704007865,0.17824301659823027,0.14163437626510902,,,0.0024290093112023597,,,0.00410618240703256,,,0.0008096697704007865,,,0.409230235382569,0.003296512636631774,0.0057833555028627606,,,
,,,,,,,0.0008096697704007865,,,,,,0.001619339540801573,,0.001619339540801573,,,0.152507084610491,,0.001619339540801573,,,0.003238679081603146,0.0024290093112023597,,,0.0008096697704007865,0.0,,,,,,,0.0072870279336070785,0.0008096697704007865,,,0.0008096697704007865,0.0024290093112023597,0.001619339540801573,,,,0.0024290093112023597,,0.004048348852003933,0.0008096697704007865,,0.0024290093112023597,0.02920594528945694,0.0008096697704007865,0.0024290093112023597,0.020241744260019665,0.0072870279336070785,0.053553871956509166,0.0008096697704007865,0.1880168873980682,0.11601411138742698,0.0008096697704007865,0.0008096697704007865,0.001619339540801573,,,0.003238679081603146,,,,,,0.3813544618587705,0.001619339540801573,0.004858018622404719,,,
,,,,,,,0.001619339540801573,,,0.001619339540801573,,0.001619339540801573,0.0024290093112023597,,0.001619339540801573,,,0.10120872130009832,0.0008096697704007865,0.001619339540801573,,,0.0024290093112023597,0.0024290093112023597,0.005667688392805506,,0.0008096697704007865,0.0,,,,0.0008096697704007865,,,0.006477358163206292,,,0.0008096697704007865,0.001619339540801573,0.0024290093112023597,0.0008096697704007865,,,,0.0024290093112023597,,0.003238679081603146,0.0024290093112023597,,0.001619339540801573,0.03261812503614597,,0.004048348852003933,0.012202880111040426,0.001619339540801573,0.06118790122028801,0.0008096697704007865,0.1289109941588108,0.14527789023191257,0.0024290093112023597,0.0024290093112023597,0.001619339540801573,,,0.008154531259036493,,,,,,0.4358915042507663,0.004858018622404719,0.011393210340639639,,,
0.0008096697704007865,,,,,,,0.001619339540801573,,0.001619339540801573,,0.001619339540801573,,0.0008096697704007865,,0.003238679081603146,,,0.10462090104678734,,0.0008096697704007865,,,0.004048348852003933,0.0008096697704007865,0.003238679081603146,,,0.0,,,,0.0008096697704007865,,,0.0072870279336070785,,,,0.001619339540801573,0.004048348852003933,0.004048348852003933,,,0.0008096697704007865,0.004048348852003933,0.0008096697704007865,0.001619339540801573,0.0008096697704007865,0.0024290093112023597,,0.02758660574865537,,,0.019432074489618877,0.003238679081603146,0.055982881267711525,0.0008096697704007865,0.1370076918628188,0.1484587357584871,0.0008096697704007865,,0.001619339540801573,,,0.009716037244809439,0.0008096697704007865,,,,,0.4170377653114337,0.005667688392805506,0.01700306517841652,,,0.003238679081603146
,,,,,,0.001619339540801573,0.0008096697704007865,,0.003238679081603146,,,,,,,,,0.10890058411890578,0.0008096697704007865,,,,0.007344861488635707,,0.0008096697704007865,,,0.0,,,0.001619339540801573,,,,0.007344861488635707,0.005725521947834133,,0.0008096697704007865,0.0008096697704007865,0.0024290093112023597,,,,,0.0008096697704007865,,,,0.001619339540801573,0.0024290093112023597,0.02371175756173732,,0.0008096697704007865,0.020473078480134174,0.004048348852003933,0.06060956567000173,0.0008096697704007865,0.032444624371059994,0.21375281938580765,,0.0008096697704007865,0.005725521947834133,,,0.013880053206870626,0.0008096697704007865,,,,,0.4594875947024464,0.008964201029437279,0.0065351917182349195,,,
,,,0.0008096697704007865,,,,,0.0008096697704007865,0.004164015962061188,0.0008096697704007865,,,0.0008096697704007865,,,,0.0008096697704007865,0.09450002891677751,,,,,0.008328031924122375,,0.0008096697704007865,,,0.0,,,0.0008096697704007865,,,,0.005841189057891389,0.01087270834538199,,,0.002486842866230987,0.003296512636631774,0.01087270834538199,,0.0008096697704007865,0.0008096697704007865,0.001619339540801573,,0.0008096697704007865,,0.0008096697704007865,0.002486842866230987,0.030073448614886356,0.004973685732461974,,0.015846394077843964,,0.08108264415013591,0.001619339540801573,0.051761031750621744,0.16222312185530044,0.0008096697704007865,,0.003296512636631774,,,0.013359551211612978,0.001619339540801573,0.004164015962061188,,,,0.44913538835232203,0.012492047886183563,0.013359551211612978,,,0.0008096697704007865
,,,0.0016771730958302007,,,,,,0.0016771730958302007,0.0016771730958302007,,,0.008385865479151003,,,,0.0008096697704007865,0.0965820368978081,,,,,0.0008096697704007865,,0.0008096697704007865,,,0.0,,0.0008096697704007865,0.0016771730958302007,,,,,0.0016771730958302007,,,0.002486842866230987,0.0008096697704007865,0.0016771730958302007,,,,,0.0008096697704007865,,,0.004164015962061188,0.006708692383320803,0.01087270834538199,,0.0016771730958302007,0.00919553524955179,0.002486842866230987,0.06384824475160489,0.0016771730958302007,0.34619166040136484,0.12260713666069054,0.0008096697704007865,0.0008096697704007865,0.0016771730958302007,,,0.013417384766641605,,,,,,0.27638655948181134,0.008385865479151003,0.006708692383320803,,,
,,,,0.0008096697704007865,,0.0008096697704007865,,0.001619339540801573,,0.001619339540801573,,,0.0024290093112023597,,0.0008096697704007865,,,0.09351685848129085,,0.0008096697704007865,,,0.004915852177433347,,0.0008096697704007865,,,0.0,,,,,,,0.008270198369093748,0.001619339540801573,,,,0.0008096697704007865,0.001619339540801573,,,,0.003296512636631774,,,,0.0024290093112023597,0.003296512636631774,0.03140362038054479,,0.0024290093112023597,0.02232375224105026,0.0024290093112023597,0.06124573477531664,0.0008096697704007865,0.21456248915620835,0.11335376785611012,,0.0008096697704007865,0.001619339540801573,,,0.00410618240703256,,,,,,0.4055288878607368,0.006593025273263548,0.003296512636631774,,,
,,,,0.0008096697704007865,0.0008096697704007865,0.0024290093112023597,,0.0008096697704007865,0.0024290093112023597,0.0024290093112023597,0.0008096697704007865,,,,0.001619339540801573,,0.001619339540801573,0.10838008212364814,,,,,0.0008096697704007865,,,,,0.0,,,,,,0.0008096697704007865,0.007402695043664334,0.0008096697704007865,,,0.001619339540801573,0.001619339540801573,0.001619339540801573,,,,0.004915852177433347,,,,,0.001619339540801573,0.03140362038054479,,0.0008096697704007865,0.014863223642357296,0.007402695043664334,0.06367474408651899,0.0008096697704007865,0.19744375686773474,0.10340639639118616,,0.0008096697704007865,0.0008096697704007865,,,0.009889537909895321,0.0008096697704007865,,,,,0.4137990862298305,0.006593025273263548,0.00410618240703256,,,
,,,,,,,,0.0008096697704007865,0.002486842866230987,0.002486842866230987,,,0.001619339540801573,,0.002486842866230987,,,0.10525707015210226,,,,,0.003296512636631774,,,,,0.0,,,,,,,0.011682378115782778,0.0008096697704007865,,,0.0008096697704007865,0.0008096697704007865,0.0008096697704007865,,,,0.003296512636631774,,,,,0.004164015962061188,0.026719102423225956,0.0008096697704007865,0.0008096697704007865,0.02001041003990515,0.005841189057891389,0.0609565670001735,0.0008096697704007865,0.17934185414377424,0.12700248684286622,0.0008096697704007865,0.0008096697704007865,0.004164015962061188,,,0.006650858828292175,,,,,,0.41530275866057487,0.004973685732461974,0.004164015962061188,,,
,,,,,,0.0008096697704007865,,0.0008096697704007865,0.0033543461916604013,0.0016771730958302007,,,0.002544676421259615,,0.0016771730958302007,,0.0008096697704007865,0.10392689838644381,,,,,0.0008096697704007865,,0.0008096697704007865,,,0.0,,0.0008096697704007865,,0.0008096697704007865,,,0.030651784165172634,0.0008096697704007865,,,0.0008096697704007865,0.004221849517089815,0.002544676421259615,,,,0.0033543461916604013,0.002544676421259615,,0.0008096697704007865,,0.0033543461916604013,0.030651784165172634,,0.0008096697704007865,0.012781215661326702,0.0033543461916604013,0.05708171881325545,0.0008096697704007865,0.12515181308195011,0.16702330692267653,,0.0008096697704007865,0.004221849517089815,,,0.00508935284251923,,,,,,0.4149557573304031,0.00508935284251923,0.004221849517089815,,,
,,,,0.0008096697704007865,,0.0008096697704007865,,0.0008096697704007865,0.0033543461916604013,0.0008096697704007865,,,0.002486842866230987,,0.0008096697704007865,,,0.12573014863223642,0.0016771730958302007,0.002486842866230987,,,0.013475218321670233,,0.0008096697704007865,0.0008096697704007865,,0.0,,,,0.0008096697704007865,,,0.020241744260019665,,0.0016771730958302007,,0.0016771730958302007,0.002486842866230987,0.0016771730958302007,,,,0.005899022612920016,,0.0008096697704007865,,,0.004164015962061188,0.03880631542420913,0.0008096697704007865,0.0008096697704007865,0.023596090451680065,0.0016771730958302007,0.08351165346133826,0.0008096697704007865,0.007807529928864687,0.13920536695390665,0.0008096697704007865,0.002486842866230987,0.002486842866230987,,,0.011798045225840032,,,,,,0.47758949742640683,0.0075761957087502165,0.005899022612920016,,,
,,0.0008675033254294141,,,,,,,,0.0017350066508588283,,,0.004337516627147071,,0.0017350066508588283,,0.0017350066508588283,0.08310681857613787,0.0034700133017176566,0.0034700133017176566,,,0.0017350066508588283,,,,,0.0,,,,,,,0.02099358047539182,0.0008675033254294141,0.0017350066508588283,,0.0008675033254294141,0.006997860158463941,0.005205019952576485,,,,0.0017350066508588283,,0.0008675033254294141,,,0.007865363483893354,0.02272858712625065,,0.0008675033254294141,0.03319646058643225,0.0008675033254294141,0.07171360823549823,0.0008675033254294141,0.08721300098317042,0.14082470649470824,0.0017350066508588283,0.0008675033254294141,0.0034700133017176566,,,0.04019432074489619,0.0017350066508588283,0.0026025099762882423,,,,0.4260597998958996,0.006997860158463941,0.008732866809322769,,,
,,0.0008096697704007865,,,,,,0.002486842866230987,,0.0008096697704007865,,,0.0016771730958302007,,0.002486842866230987,,0.0016771730958302007,0.08883234052397201,,0.0033543461916604013,,,0.0075761957087502165,,,0.0008096697704007865,,0.0,,,,,,,0.015210224972529062,,0.0016771730958302007,,0.0008096697704007865,0.0016771730958302007,0.0016771730958302007,,,0.0008096697704007865,,,0.0008096697704007865,,,0.0008096697704007865,0.02110924758544908,0.0008096697704007865,0.0008096697704007865,0.020299577815048292,0.0008096697704007865,0.059221560349314674,,0.3494881730379966,0.09559886646232144,0.0008096697704007865,0.0008096697704007865,0.002486842866230987,0.0008096697704007865,,0.010988375455439245,,0.0008096697704007865,,,,0.2851194262911341,0.00844369903417963,0.0075761957087502165,,,
,,,,0.0008675033254294141,,,,0.0017350066508588283,,0.0008675033254294141,,,0.0017350066508588283,0.0008675033254294141,0.0017350066508588283,,,0.15036724307443178,,0.0008675033254294141,,,0.004337516627147071,,,,,0.0,0.0008675033254294141,,0.0017350066508588283,,,,0.009542536579723556,,0.0008675033254294141,,0.0017350066508588283,0.0034700133017176566,0.0017350066508588283,,,0.0017350066508588283,0.0017350066508588283,,,0.0008675033254294141,,0.006940026603435313,0.031287953270487535,0.0017350066508588283,0.0017350066508588283,0.02955294661962871,0.0034700133017176566,0.07732346307327512,0.0008675033254294141,0.08836967208374302,0.13995720316927882,,0.0008675033254294141,0.0034700133017176566,,,0.007807529928864727,0.0008675033254294141,,,,,0.3955236828407842,0.007807529928864727,0.013012549881441212,0.0008675033254294141,,0.0008675033254294141
,,,,,,,,,,,,,,,0.0017350066508588283,,0.0017350066508588283,0.11850095425365798,,0.0008675033254294141,,,,,,,,0.0,,,,,,,0.007113527268521196,,0.0008675033254294141,,0.0008675033254294141,0.00266034353131687,0.00266034353131687,,,,0.004453183737204326,,,0.0008675033254294141,,0.003527846856746284,0.02226591868602163,0.0008675033254294141,0.0017350066508588283,0.017812734948817303,0.004453183737204326,0.06593025273263547,,0.21728066624255404,0.10693424324793245,0.0008675033254294141,0.0008675033254294141,0.00532068706263374,,,0.007113527268521196,0.0008675033254294141,0.0008675033254294141,,,,0.3867908160314614,0.01064137412526748,0.003527846856746284,,,
,0.0016771730958302007,,,,,,0.0016771730958302007,,,,,,0.0016771730958302007,,0.002544676421259615,,0.002544676421259615,0.12584581574229367,,,,,0.006014689722977271,,,,,0.0,,,0.0008096697704007865,,,,0.0094268694696663,,0.0008096697704007865,,,0.0008096697704007865,0.002544676421259615,,0.0016771730958302007,,0.0016771730958302007,,,,,0.0016771730958302007,0.024984095772367126,,0.002544676421259615,0.022381585796078886,0.002544676421259615,0.05685038459314094,,0.13897403273379216,0.14134520848996587,,,0.0016771730958302007,,,0.005147186397547857,,,0.0008096697704007865,,,0.42501879590538433,0.0094268694696663,0.006882193048406686,,,
,,,0.0026025099762882423,,,,,,,0.0017350066508588283,,,0.0008675033254294141,,0.004337516627147071,,,0.11196576253542305,,0.0008675033254294141,,,0.0008675033254294141,0.0008675033254294141,,,,0.0,,,0.0008675033254294141,,,,0.005205019952576485,,0.0008675033254294141,,,0.007865363483893354,0.0017350066508588283,,0.0008675033254294141,,0.006997860158463941,,,,,0.005205019952576485,0.028858943959285177,,0.0026025099762882423,0.03319646058643225,0.0026025099762882423,0.07344861488635707,,0.04609334335781612,0.13382684633624428,,,0.0034700133017176566,,,0.004337516627147071,0.0008675033254294141,,0.0008675033254294141,,,0.5047712682898617,0.006997860158463941,0.004337516627147071,,,
,,,0.001471185064935065,,,,0.0007102272727272727,,0.001471185064935065,0.0007102272727272727,,,0.0029931006493506495,,0.001471185064935065,,0.009030032467532468,0.10511363636363637,,0.001471185064935065,0.0007102272727272727,,0.00679788961038961,0.001471185064935065,0.004515016233766234,,,0.0,,,,,,,0.00679788961038961,,0.0007102272727272727,,0.001471185064935065,0.002232142857142857,0.0007102272727272727,,0.0007102272727272727,,0.006036931818181818,0.001471185064935065,,,0.0007102272727272727,0.004515016233766234,0.02947443181818182,0.0007102272727272727,0.001471185064935065,0.030996347402597404,0.0007102272727272727,0.07335633116883117,,0.0,0.17770900974025974,0.0007102272727272727,,0.004515016233766234,,,0.008269074675324676,0.0007102272727272727,0.001471185064935065,0.0007102272727272727,,,0.4885349025974026,0.014356737012987012,0.0029931006493506495,,,
,,0.0006361691053149037,0.0012723382106298075,,,,,0.0012723382106298075,,0.0006361691053149037,,,0.003932681741946677,,0.0012723382106298075,,0.010525707015210224,0.09421086114163438,,,0.0006361691053149037,,0.003932681741946677,0.0006361691053149037,0.0026025099762882423,0.0006361691053149037,,0.0,,,,,,,0.01185587878086866,,0.0006361691053149037,,,0.0019663408709733386,0.0012723382106298075,0.0026025099762882423,,,0.007229194378578451,,,,0.003238679081603146,0.003238679081603146,0.028974611069342432,,0.0006361691053149037,0.03360129547163264,0.0026025099762882423,0.0586432247990284,0.0006361691053149037,0.12653981840263728,0.1548204268116361,0.0006361691053149037,,0.0012723382106298075,,,0.01116187612052513,,0.0012723382106298075,0.0006361691053149037,,,0.4111965762535423,0.00919553524955179,0.003932681741946677,,,
,,,0.0006361691053149037,0.001330171765658435,,,,0.0019663408709733386,0.0006361691053149037,,,,0.00266034353131687,,0.001330171765658435,,,0.09513619802209242,,,,,0.0019663408709733386,0.0006361691053149037,0.003296512636631774,,,0.0,,,,,,,0.01064137412526748,,0.0006361691053149037,,,0.00266034353131687,,,,,0.004626684402290209,,,0.0006361691053149037,0.00266034353131687,0.0006361691053149037,0.014631889422242784,,0.0006361691053149037,0.007981030593950611,0.001330171765658435,0.043895668266728353,0.0006361691053149037,0.41628592909606155,0.11046209010467874,0.001330171765658435,,0.0019663408709733386,,,0.005956856167948644,,,0.0006361691053149037,,,0.24955178994852814,0.009947371464923948,0.00266034353131687,,,
,,,,,,,,0.0006361691053149037,,0.0006361691053149037,,,0.003238679081603146,,0.0006361691053149037,0.0006361691053149037,,0.10959458677924933,,,,,0.0019085073159447112,0.0006361691053149037,,0.0006361691053149037,,0.0,,,,,,,0.01162454456075415,0.0006361691053149037,0.0006361691053149037,0.0006361691053149037,,0.0057833555028627606,0.0012723382106298075,,,,0.004511017292232954,0.0019085073159447112,,0.0006361691053149037,,0.0006361691053149037,0.02978428083974322,,0.0012723382106298075,0.018795905384303972,0.0006361691053149037,0.062228905210803306,,0.22757503903764964,0.12908449482389683,0.002544676421259615,,0.0012723382106298075,,,0.010352206350124342,0.0006361691053149037,0.0012723382106298075,0.0019085073159447112,,,0.3600138800532069,0.005147186397547857,,,0.0006361691053149037,
,,,,,,0.003585680411774912,,0.0021398415360592217,0.0006940026603435314,,,,0.0021398415360592217,,0.0006940026603435314,,,0.10606673992250304,,,,,0.0013880053206870627,,0.0006940026603435314,,,0.0,,,,0.0006940026603435314,,,0.007923197038921982,0.0006940026603435314,0.0013880053206870627,0.0006940026603435314,,0.0006940026603435314,0.0013880053206870627,,,0.0006940026603435314,0.0021398415360592217,0.0006940026603435314,,,,0.0013880053206870627,0.018738071829275345,,0.0013880053206870627,0.018738071829275345,0.0013880053206870627,0.06633508761783587,0.0006940026603435314,0.21248048117517782,0.1283904921635533,0.003585680411774912,,0.002833844196402753,,,0.010063038574981205,,,0.0006940026603435314,,,0.3903186628882077,0.005725521947834133,0.002833844196402753,,,
,,,,,,,,,,,,,0.002197675091087849,,0.0006940026603435314,,,0.038170146318894226,,,,,0.0006940026603435314,,0.0014458388757156901,,,0.0,,,,,,,0.002197675091087849,,0.0014458388757156901,0.0006940026603435314,,,,,,,0.0014458388757156901,0.0006940026603435314,0.0006940026603435314,,,0.0006940026603435314,0.011740211670811405,,0.0006940026603435314,0.0036435139668035393,,0.032328957261002836,,0.6698860678965936,0.0565612168179978,0.0014458388757156901,,,,,0.004395350182175698,,,0.0006940026603435314,,,0.16095078364467064,0.006593025273263548,,,,
,,,,,,,,,,0.0006940026603435314,,,0.002197675091087849,,0.0014458388757156901,,0.0006940026603435314,0.09513619802209242,,,,,0.0006940026603435314,0.0006940026603435314,0.0006940026603435314,,,0.0,,,,0.0006940026603435314,0.0014458388757156901,,0.00821236481406512,,0.0006940026603435314,,,0.0006940026603435314,0.0006940026603435314,,,,0.002197675091087849,0.002197675091087849,,,,0.0006940026603435314,0.022439419351107513,,0.0006940026603435314,0.01573072696778671,0.0014458388757156901,0.05019952576484876,,0.28783760337747955,0.12214446822046152,0.002949511306460008,,0.002197675091087849,,,0.008964201029437279,,,,,,0.3552136949858308,0.006708692383320803,0.003701347521832167,,,
,,,,0.0006361691053149037,,,,0.0033543461916604013,,,,,0.0020241744260019665,,0.0006361691053149037,,,0.09953154820426811,,0.0006361691053149037,,,0.008154531259036493,,,0.0006361691053149037,,0.0,,,0.0006361691053149037,,,,0.023827424671794575,,,,,0.0033543461916604013,0.001330171765658435,,,,0.0027181770863454976,0.0006361691053149037,0.001330171765658435,,0.0006361691053149037,0.0020241744260019665,0.023827424671794575,,0.0006361691053149037,0.023827424671794575,0.0033543461916604013,0.06269157365103233,,0.07454745243190108,0.18402637210109304,0.004048348852003933,,0.0033543461916604013,,,0.012260713666069054,,0.0006361691053149037,,,,0.4397085188826557,0.008848533919380024,0.006130356833034527,,,
,,,,,,,,0.001330171765658435,0.001330171765658435,,,,0.009369035914637672,,,,,0.08171881325545081,,0.001330171765658435,,,0.0019663408709733386,0.0006361691053149037,,,,0.0,,,0.001330171765658435,,,,0.006650858828292175,,,,,0.00266034353131687,0.003296512636631774,0.0006361691053149037,,0.0006361691053149037,0.0019663408709733386,,0.0019663408709733386,,,0.001330171765658435,0.02544676421259615,,0.0006361691053149037,0.038170146318894226,,0.05557804638251113,0.001330171765658435,0.14244404603550964,0.17754901393788677,0.0006361691053149037,0.0006361691053149037,0.00266034353131687,,,0.006650858828292175,,0.0006361691053149037,,,,0.41750043375166274,0.00532068706263374,0.006650858828292175,,,
,,,,,,,,0.0012723382106298075,0.0006361691053149037,0.003932681741946677,,,0.003296512636631774,,,,,0.06905326470418137,,0.0019663408709733386,,,0.003296512636631774,,,,,0.0,,,,,,,0.01260771499624082,,,,,0.0019663408709733386,0.0012723382106298075,0.0006361691053149037,,,0.0006361691053149037,0.0006361691053149037,0.0006361691053149037,,,,0.01526805852755769,,0.0006361691053149037,0.01723439939853103,0.0026025099762882423,0.04979469087964837,0.0006361691053149037,0.436238505580938,0.09629286912266496,,,0.0019663408709733386,,,0.006593025273263548,,,,,,0.2530218032502458,0.01590422763287259,0.0019663408709733386,,,
,,,,,,,0.0006361691053149037,,,0.0006361691053149037,,,0.001330171765658435,,0.001330171765658435,,0.0033543461916604013,0.08669249898791279,,,,,0.004684517957318836,,,,,0.0,,,,,,,0.009369035914637672,,,,,0.0006361691053149037,0.0006361691053149037,,,0.0006361691053149037,0.0019663408709733386,0.0019663408709733386,,,,0.00266034353131687,0.02417442600196634,0.0006361691053149037,0.0006361691053149037,0.008038864148979238,0.001330171765658435,0.05846972413394251,0.0006361691053149037,0.2776010641374126,0.11289109941588109,0.0019663408709733386,,0.0033543461916604013,,,0.006014689722977271,,,,,,0.37499277080562143,0.008732866809322769,0.0033543461916604013,,,0.0006361691053149037
,,,,,,,,0.0007518362153721589,,,,,0.0030073448614886355,,0.0015036724307443178,,0.002255508646116477,0.16355329362095888,,,,,0.0037591810768607945,,,,,0.0,,,0.0007518362153721589,0.0007518362153721589,,,0.008328031924122375,,,,,0.0030073448614886355,0.002255508646116477,0.0007518362153721589,,0.0007518362153721589,0.0030073448614886355,0.0037591810768607945,,,0.0007518362153721589,0.002255508646116477,0.0266034353131687,0.0015036724307443178,0.0015036724307443178,0.0326759585911746,0.0007518362153721589,0.05933722745937193,0.0007518362153721589,0.12503614597189272,0.10722341102307559,0.00532068706263374,,0.0007518362153721589,0.0015036724307443178,,0.006824359493378058,0.0015036724307443178,,,,,0.4184257706321208,0.0037591810768607945,0.00532068706263374,,,
,,0.0014458388757156901,,,,,,,,,0.0006940026603435314,,0.0014458388757156901,,0.002949511306460008,,0.0006940026603435314,0.11612977849748424,,,,,0.003701347521832167,,,,,0.0,,,0.0006940026603435314,,,,0.004453183737204326,,,,,0.0006940026603435314,0.002197675091087849,0.0006940026603435314,,0.0006940026603435314,0.007402695043664334,0.002197675091087849,,0.0006940026603435314,,0.002197675091087849,0.023827424671794575,,0.0006940026603435314,0.01787056850384593,0.002949511306460008,0.05060436065004916,0.0006940026603435314,0.17003065178416532,0.13180267191024234,0.005205019952576485,0.0014458388757156901,0.002949511306460008,,,0.008906367474408651,0.0006940026603435314,,,,,0.4251922965704702,0.005956856167948644,0.002197675091087849,,,
,,,,0.0006940026603435314,,,,,,0.007229194378578451,0.0006940026603435314,,0.003585680411774912,,0.0028916777514313803,,0.0006940026603435314,0.10207622462552773,,0.0006940026603435314,,,0.004337516627147071,,0.0006940026603435314,,,0.0,,,,,,,0.009369035914637672,,,,,0.003585680411774912,0.0028916777514313803,0.0006940026603435314,,0.0006940026603435314,0.003585680411774912,0.0014458388757156901,,,,0.0006940026603435314,0.032560291481117346,,0.0006940026603435314,0.020241744260019665,0.005031519287490602,0.047770516453646404,0.0014458388757156901,0.24105025735931984,0.11005725521947834,0.0014458388757156901,,0.004337516627147071,,,0.006477358163206292,0.0014458388757156901,,,,,0.37082875484356026,0.007923197038921982,0.0021398415360592217,,,
,,,,,,,0.0006940026603435314,0.0013880053206870627,0.0027760106413741254,,0.004221849517089815,,0.0027760106413741254,,0.0013880053206870627,,0.0006940026603435314,0.11190792898039442,,,0.0013880053206870627,,0.00844369903417963,0.0006940026603435314,,,,0.0,,,,,,,0.006997860158463941,,,,,0.002082007981030594,0.00630385749812041,,0.0006940026603435314,,0.0006940026603435314,0.0006940026603435314,,,,0.004915852177433347,0.03024694927997224,,0.0006940026603435314,0.02249725290613614,0.0027760106413741254,0.05910589323925742,0.002082007981030594,0.044821005147186566,0.1780695159331444,0.005609854837776878,,0.0027760106413741254,,,0.011913712335897287,0.0006940026603435314,,,,,0.4687987970620554,0.006997860158463941,0.0027760106413741254,,,0.0013880053206870627
,,,,,,,0.0006940026603435314,0.003527846856746284,,0.004915852177433347,,,0.006361691053149037,,0.0013880053206870627,,0.003527846856746284,0.08657683187785553,,,,,0.005667688392805506,0.0013880053206870627,0.0006940026603435314,0.0006940026603435314,,0.0,,,,,,,0.006361691053149037,0.0006940026603435314,,,,0.002082007981030594,0.00919553524955179,,0.0006940026603435314,,0.0006940026603435314,0.002833844196402753,,0.003527846856746284,,0.0006940026603435314,0.018448904054132208,0.0013880053206870627,0.0006940026603435314,0.027644439303683998,0.004221849517089815,0.07732346307327512,0.0006940026603435314,0.11722861604302826,0.14261754670059568,0.004221849517089815,,0.002082007981030594,,,0.02197675091087849,,,,,0.0006940026603435314,0.4208547799433231,0.003527846856746284,0.014169220982013765,,,
,,,,,,,,,,0.004279683072118443,,,0.004279683072118443,,,,0.0021398415360592217,0.08761783586837082,,,,,0.004279683072118443,0.0013880053206870627,,0.0006940026603435314,,0.0,,,,,,,0.004279683072118443,,,,0.0006940026603435314,0.0006940026603435314,0.002833844196402753,,0.0006940026603435314,,0.0006940026603435314,0.0013880053206870627,,,,,0.015036724307443178,0.0006940026603435314,0.0006940026603435314,0.015036724307443178,0.0006940026603435314,0.06604591984269273,0.0006940026603435314,0.41252674801920075,0.10271239373084264,0.004973685732461974,,,,,0.002833844196402753,0.0006940026603435314,0.0006940026603435314,,,,0.24637094442195362,0.007171360823549824,0.007171360823549824,,,
,,,,,,,,,,,,,0.0014458388757156901,,0.0006940026603435314,,,0.07553062286738765,,,,,0.0036435139668035393,,,,,0.0,,,,,,,0.006593025273263548,,,,0.0006940026603435314,0.0028916777514313803,0.006593025273263548,,0.0006940026603435314,0.0006940026603435314,0.0036435139668035393,0.0014458388757156901,,,,,0.027123937308426348,,,0.027123937308426348,0.0014458388757156901,0.04765484934358915,0.0006940026603435314,0.2515181308195015,0.1342316812214447,0.0014458388757156901,,0.0014458388757156901,,,0.006593025273263548,,,,,,0.3822797987392285,0.010988375455439245,0.0028916777514313803,,,
,,,,,,,,0.001619339540801573,,0.001619339540801573,,,0.004048348852003933,,0.0008096697704007865,,,0.1020183910704991,,0.0008096697704007865,,,0.005667688392805506,0.0008096697704007865,,,,0.0,,,,,,,0.005667688392805506,0.0008096697704007865,,,,0.003238679081603146,0.001619339540801573,,0.0008096697704007865,,0.003238679081603146,0.001619339540801573,,,,0.003238679081603146,0.0309987854953444,,0.0008096697704007865,0.017928402058874558,0.003238679081603146,0.06529408362732057,0.0008096697704007865,0.19651841998727648,0.14446822046151178,0.0024290093112023597,,0.0008096697704007865,,,0.0024290093112023597,,,,,,0.38199063096408536,0.008154531259036493,0.006477358163206292,,,
,,,,,,,,,,0.0006940026603435314,,,0.0014458388757156901,,0.002197675091087849,,0.0014458388757156901,0.096755537562894,,0.002197675091087849,,,0.002197675091087849,0.0006940026603435314,,,,0.0,,,,,,,0.004395350182175698,,,,,0.0028916777514313803,0.0014458388757156901,,0.0006940026603435314,,0.0028916777514313803,,,,0.0014458388757156901,0.0014458388757156901,0.03221329015094558,0.0014458388757156901,0.0006940026603435314,0.019779075819790642,0.004395350182175698,0.06379041119657626,0.0006940026603435314,0.18905789138858353,0.1407668729396796,0.0014458388757156901,,0.006593025273263548,,,0.002197675091087849,0.0014458388757156901,,,0.0006940026603435314,,0.3885836562373489,0.009484703024694927,0.013186050546527096,,0.0006940026603435314,
,,,,,,,,,,,,,0.0006940026603435314,,0.0013880053206870627,,0.005609854837776878,0.11549360939216934,,0.0006940026603435314,,,0.007691862818807472,,,,,0.0,,,0.0006940026603435314,,,,0.018275403389046325,0.0006940026603435314,,0.0006940026603435314,,0.005609854837776878,0.0027760106413741254,,,0.0006940026603435314,0.0027760106413741254,,,,0.0027760106413741254,0.002082007981030594,0.028858943959285177,,0.002082007981030594,0.01688739806835926,0.0027760106413741254,0.05494187727719623,0.0013880053206870627,0.17720201260771484,0.12891099415881094,0.0027760106413741254,0.0006940026603435314,0.0013880053206870627,,,0.004915852177433347,,,,,,0.39870452836735876,0.009137701694523163,0.0006940026603435314,,,
,,,,,,0.004453183737204326,0.0006940026603435314,0.002197675091087849,,,,,0.005956856167948644,,,,0.011219709675553757,0.1250361459718929,,0.0014458388757156901,,,0.002949511306460008,,,,,0.0,,,0.0014458388757156901,,,,0.011971545890925915,0.0006940026603435314,,,0.0006940026603435314,0.005956856167948644,,,0.0014458388757156901,0.0006940026603435314,0.0014458388757156901,,,0.0006940026603435314,0.002197675091087849,0.007460528598692962,0.035162801457405586,,0.0006940026603435314,0.028454109074084785,0.005956856167948644,0.06963160025446764,0.0006940026603435314,0.02035741137007696,0.12954716326412585,0.002949511306460008,,0.0006940026603435314,,,0.012723382106298075,0.0006940026603435314,0.0014458388757156901,,,,0.48672719912093,0.011219709675553757,0.003701347521832167,,,0.0006940026603435314
,,,,,,0.004395350182175698,0.0006940026603435314,,,,,,0.0072870279336070785,,,,0.013937886761899254,0.11075125787982187,,,,,0.013937886761899254,,,,,0.0,0.0006940026603435314,,,0.0006940026603435314,,,0.016829564513330633,,,,0.0014458388757156901,0.002197675091087849,,,,0.0006940026603435314,0.0014458388757156901,,0.0014458388757156901,,0.002197675091087849,0.004395350182175698,0.017581400728702793,0.0006940026603435314,0.0028916777514313803,0.0381123127638656,0.0006940026603435314,0.042507662946041296,0.0072870279336070785,0.1298941645942976,0.14157654271008038,,,0.0036435139668035393,,,0.008038864148979238,0.002197675091087849,0.0006940026603435314,,,,0.4094615696026835,0.008790700364351397,0.0028916777514313803,,,
,,,,,,0.003585680411774912,0.0021398415360592217,,0.0006940026603435314,,,,0.0094268694696663,,,,,0.08790700364351396,,,,,0.007229194378578451,,,,,0.0,,,,,,,0.01451622231218553,,0.0006940026603435314,0.0006940026603435314,0.0006940026603435314,0.004337516627147071,0.0028916777514313803,,,,,0.0006940026603435314,0.0014458388757156901,0.0006940026603435314,,0.0028916777514313803,0.015210224972529062,,,0.03631947255797814,0.0006940026603435314,0.03990515296975305,,0.3083685154126423,0.13943670117402115,,,0.005031519287490602,,,0.0094268694696663,,,,,,0.2920594528945694,0.01087270834538199,0.0014458388757156901,,,0.0006940026603435314
,,,,,,,,,,0.0013880053206870627,,,0.003527846856746284,,,,,0.10699207680296108,,0.0006940026603435314,0.0006940026603435314,,0.004279683072118443,,0.0021398415360592217,,,0.0,0.0006940026603435314,,,,,,0.009253368804580418,,,,0.0013880053206870627,0.0021398415360592217,0.003527846856746284,,0.0006940026603435314,,0.002833844196402753,,,,0.0006940026603435314,0.006419524608177665,0.017812734948817303,,0.0006940026603435314,0.009947371464923948,0.0021398415360592217,0.05349603840148054,0.0006940026603435314,0.2123069805100919,0.1369498583077902,0.0021398415360592217,,0.0013880053206870627,,,0.01283904921635533,,0.0006940026603435314,,,,0.38950899311780696,0.007807529928864727,0.002833844196402753,,,0.0013880053206870627
,,0.0013880053206870627,,,,,,,,0.0006940026603435314,0.0006940026603435314,,0.002082007981030594,,0.0006940026603435314,,,0.07529928864727314,,0.002082007981030594,,,0.005667688392805506,0.002082007981030594,0.0006940026603435314,,,0.0,,,,,,,0.007807529928864727,,,0.0013880053206870627,,0.004221849517089815,0.0013880053206870627,0.0006940026603435314,,0.0006940026603435314,0.002082007981030594,0.0006940026603435314,,,,0.002833844196402753,0.013475218321670233,,,0.002833844196402753,0.002833844196402753,0.0525707015210225,0.0006940026603435314,0.39951419813775957,0.09663987045283673,0.002082007981030594,,0.0006940026603435314,,,0.00850153258920826,,,,,,0.2984789775027471,0.00850153258920826,,,,
,,,,,,,,,0.0006940026603435314,0.0006940026603435314,,,0.0013880053206870627,,0.004973685732461974,,,0.10600890636747441,,0.0021398415360592217,,,0.002833844196402753,,,0.0006940026603435314,,0.0,,,,,,,0.013590885431727488,0.0013880053206870627,,,,0.002833844196402753,0.002833844196402753,0.0013880053206870627,0.0006940026603435314,0.0006940026603435314,0.005725521947834133,0.002833844196402753,,,,0.004279683072118443,0.027181770863454975,,,0.010005205019952576,0.003527846856746284,0.05800705569371349,0.0013880053206870627,0.15875310855358282,0.13186050546527095,0.005725521947834133,,0.0006940026603435314,,,0.005725521947834133,,0.0021398415360592217,,,,0.42999248163784626,0.009311202359609045,,,,
,,,,0.002082007981030594,,,,,0.0006940026603435314,0.0013880053206870627,,,0.004915852177433347,,0.002082007981030594,,0.0006940026603435314,0.12035162801457405,,0.0013880053206870627,,,0.002082007981030594,0.0006940026603435314,,,,0.0,,,,,,,0.013359551211612978,0.0006940026603435314,,,,0.005609854837776878,0.0006940026603435314,0.0013880053206870627,0.0006940026603435314,,0.004915852177433347,,0.0006940026603435314,0.0013880053206870627,,0.004221849517089815,0.03024694927997224,0.0006940026603435314,0.0027760106413741254,0.028107107743913017,0.004221849517089815,0.05557804638251113,0.002082007981030594,0.11439477184662539,0.13440518188653056,0.002082007981030594,,0.0006940026603435314,,,0.013359551211612978,,0.0006940026603435314,,,,0.41883060551732115,0.012665548551269447,0.009137701694523163,,,
,,,,,,,,0.003979047043416944,0.0006547798932205097,0.0026191195728820387,,,0.001964339679661529,,0.001964339679661529,,0.0013095597864410194,0.11242067089755213,,,,,0.006648534300392868,,,,,0.0,,,,,,,0.009972801450589302,0.0006547798932205097,,,,0.003324267150196434,0.001964339679661529,,,,0.009267653873274906,,0.0006547798932205097,,0.001964339679661529,0.0006547798932205097,0.02659413720157147,,0.0006547798932205097,0.05318827440314294,0.0013095597864410194,0.05253349450992243,0.003979047043416944,1.1102230246251565e-16,0.16696887277123,0.0013095597864410194,,0.0006547798932205097,,,0.01727611564420268,,,,,,0.496927571270273,0.014606628387226756,0.003324267150196434,,,0.0006547798932205097
,,,,,,,,0.002883602284700272,,0.006599012920756391,,,0.007319913491931459,,0.000720900571175068,,,0.08074086397160761,,0.000720900571175068,,,0.013198025841512782,,,,,0.0,,,,,,,0.023456995508234903,,,0.000720900571175068,,0.011700770809072256,0.0021627017135252037,,,,0.001441801142350136,0.000720900571175068,0.000720900571175068,,0.000720900571175068,,0.02417789607940997,0.000720900571175068,0.000720900571175068,0.057949315144457385,0.000720900571175068,0.0638274274940387,0.001441801142350136,0.0,0.19453224643708755,,,0.007319913491931459,,,0.019076138191094105,,0.001441801142350136,,,,0.4471247157988133,0.015416181445128376,0.01025896966672212,,,0.001441801142350136
,,,,,,,,0.002082007981030594,,0.0006940026603435314,,,0.002082007981030594,,0.0006940026603435314,,0.0006940026603435314,0.08264415013590885,,0.004164015962061188,,,0.004164015962061188,,0.0013880053206870627,,,0.0,,,0.0013880053206870627,,,,0.004164015962061188,,,,,0.002082007981030594,,0.0013880053206870627,0.0013880053206870627,,,0.0013880053206870627,,,0.0034700133017176566,0.004164015962061188,0.01665606384824475,0.0006940026603435314,0.0006940026603435314,0.03608813833786363,0.002082007981030594,0.054826210167138976,0.0013880053206870627,0.3215545659591694,0.13961020183910705,0.0013880053206870627,,,,,0.008328031924122375,,,,,,0.28893644092302356,0.008328031924122375,0.0013880053206870627,,,
,,,,0.0006940026603435314,,,,,,0.0013880053206870627,0.0013880053206870627,,0.005552021282748251,,,,0.0006940026603435314,0.12075646289977444,,0.0013880053206870627,,,0.005552021282748251,,0.0013880053206870627,,,0.0,,,,0.0006940026603435314,,,0.008328031924122375,,,,0.0006940026603435314,0.009022034584465908,0.002082007981030594,,,,0.002082007981030594,0.0013880053206870627,,,0.0006940026603435314,0.0006940026603435314,0.024405760222080852,,,0.01740790006361691,0.005552021282748251,0.05933722745937193,0.0027760106413741254,0.19628708576716203,0.14238621248048117,,0.0006940026603435314,0.0006940026603435314,,,0.005552021282748251,0.002082007981030594,,,0.0006940026603435314,,0.3693250824128159,0.007634029263778845,0.0006940026603435314,,,
,,0.0006361691053149037,,0.0006361691053149037,,0.001330171765658435,,0.0027181770863454976,,,0.0006361691053149037,,0.00410618240703256,,0.0027181770863454976,0.0006361691053149037,0.001330171765658435,0.12324330576600544,0.0006361691053149037,0.0020241744260019665,,,0.005494187727719623,,0.001330171765658435,,,0.0,,,,,,0.0006361691053149037,0.004800185067376092,,,,,0.003412179746689029,0.006882193048406686,0.0006361691053149037,,0.0006361691053149037,0.008964201029437279,0.0006361691053149037,0.0006361691053149037,0.003412179746689029,,0.0027181770863454976,0.0249262622173385,,0.001330171765658435,0.021456248915620844,0.009658203689780811,0.06367474408651899,0.0006361691053149037,0.18113469434966167,0.12740732172806662,,0.0006361691053149037,0.0006361691053149037,,,0.009658203689780811,,0.0006361691053149037,,,,0.3684575790873865,0.006188190388063154,0.0027181770863454976,,,
,,0.0006940026603435314,,,0.0006940026603435314,0.0014458388757156901,0.0006940026603435314,0.002197675091087849,,0.0014458388757156901,0.0006940026603435314,,0.002949511306460008,,,0.0014458388757156901,0.0014458388757156901,0.1124862645306807,0.0006940026603435314,0.002949511306460008,,,0.008096697704007866,,0.0014458388757156901,,,0.0,,,,,,0.0006940026603435314,0.004395350182175698,,,,,0.005147186397547857,0.002197675091087849,,0.0006940026603435314,,0.002197675091087849,,0.0006940026603435314,0.0014458388757156901,,0.002197675091087849,0.02515759643745301,,0.0014458388757156901,0.032560291481117346,0.005147186397547857,0.06141923544040252,,0.21213347984500608,0.11618761205251286,,,0.002949511306460008,,,0.005147186397547857,0.0006940026603435314,0.0014458388757156901,,,,0.3715227575039038,0.005147186397547857,,,,
,,,,,,,,0.0013880053206870627,,0.0006940026603435314,0.0006940026603435314,,0.005552021282748251,,,,0.002082007981030594,0.11277543230582383,,0.0027760106413741254,,,0.011798045225840032,0.0006940026603435314,0.002082007981030594,0.0006940026603435314,,0.0,,,,,,0.0006940026603435314,0.009022034584465908,,,,,0.009022034584465908,0.0034700133017176566,,0.002082007981030594,,0.0027760106413741254,0.002082007981030594,0.0006940026603435314,0.0013880053206870627,,0.0034700133017176566,0.03198195593083107,0.0006940026603435314,0.0027760106413741254,0.02781793996876988,0.004164015962061188,0.0521658666358221,0.0006940026603435314,0.15181308195014742,0.13226534035047136,0.004164015962061188,,0.0013880053206870627,,,0.005552021282748251,,,,,,0.39749002371175757,0.008328031924122375,0.002082007981030594,,,0.0006940026603435314
,,,,,,,0.0006940026603435314,0.0013880053206870627,0.0027760106413741254,,0.0013880053206870627,,0.004915852177433347,,0.0013880053206870627,,0.002082007981030594,0.12156613267017524,0.0006940026603435314,0.0027760106413741254,,,0.017523567173674166,,0.0034700133017176566,0.0006940026603435314,,0.0,,,,,,0.0006940026603435314,0.005609854837776878,,,,0.0006940026603435314,0.005609854837776878,0.004164015962061188,0.0006940026603435314,0.0006940026603435314,,0.0027760106413741254,0.0013880053206870627,,0.0013880053206870627,,0.0034700133017176566,0.02666126886819733,0.0006940026603435314,0.002082007981030594,0.033716962581689894,0.004164015962061188,0.06043606500491585,0.008385865479151003,0.044936672257243515,0.13000983170435487,,,0.0013880053206870627,,,0.017523567173674166,,,,,,0.4667167890810248,0.014053553871956509,0.0006940026603435314,,,
,,,,,,,,0.0013784389179254495,0.0013784389179254495,,,,0.011084946298317156,,,0.0006892194589627247,0.0020676583768881743,0.1049910975819884,,0.0013784389179254495,,,0.04238699672620757,0.004135316753776349,0.005513755671701798,,,0.0,,0.0006892194589627247,,,,0.0006892194589627247,0.004135316753776349,,,,0.0006892194589627247,0.006202975130664522,0.005513755671701798,,0.0006892194589627247,,0.0006892194589627247,,,0.0013784389179254495,,0.005513755671701798,0.021538108092585148,,0.002756877835850899,0.0674286370685199,0.002756877835850899,0.06673941760955718,,0.0,0.15714203664350124,0.002756877835850899,,0.0006892194589627247,,,0.007638849003503532,0.0020676583768881743,0.0013784389179254495,,,,0.4534489690425593,0.007638849003503532,0.004824536212739073,,,
,,,,,,,0.0006940026603435314,0.002197675091087849,0.002197675091087849,0.0014458388757156901,,,0.007344861488635707,,,0.0006940026603435314,,0.09351685848129085,0.0006940026603435314,,,,0.01763923428373142,0.0006940026603435314,0.0028916777514313803,,,0.0,,0.0006940026603435314,0.0014458388757156901,,,,0.005841189057891389,,,,0.002197675091087849,0.004395350182175698,0.0036435139668035393,0.0006940026603435314,0.0006940026603435314,,0.0006940026603435314,,,0.002197675091087849,,0.008790700364351397,0.012492047886183563,0.0006940026603435314,0.0028916777514313803,0.044878838702215026,0.005147186397547857,0.06332774275634723,,0.26308484182522707,0.09797004221849517,,,0.0006940026603435314,,,0.005841189057891389,0.0006940026603435314,0.0014458388757156901,,,,0.32999826499334917,0.004395350182175698,0.005147186397547857,,,
,,,,,,0.0006940026603435314,,0.0036435139668035393,,0.0006940026603435314,,,0.0021398415360592217,,,,,0.11156092765022266,,,,,0.010930541900410618,,,,,0.0,,,,,,,0.004337516627147071,,,,,0.0006940026603435314,0.0006940026603435314,,,,0.0021398415360592217,,,0.0014458388757156901,,0.0014458388757156901,0.026950436643340465,,0.0028916777514313803,0.024058758891909084,0.0057833555028627606,0.06488924874212018,,0.2175120004626684,0.11445260540165404,,,0.004337516627147071,,,0.01162454456075415,0.0006940026603435314,,,,,0.37921462032271125,0.004337516627147071,0.0021398415360592217,,,0.0006940026603435314
,,,,,,0.0007518362153721589,0.0030073448614886355,0.0007518362153721589,,0.0007518362153721589,,,0.0030073448614886355,,,,0.0030073448614886355,0.11381643629633914,,,,,0.006014689722977271,,,,,0.0,,,,,,,0.004511017292232954,,,,,0.005262853507605112,0.0015036724307443178,,,,0.002255508646116477,0.0007518362153721589,,0.0015036724307443178,,0.004511017292232954,0.030304782835000866,,0.002255508646116477,0.025793765542767914,0.0007518362153721589,0.06523625007229195,,0.22196518419987277,0.10924758544907756,,,0.002255508646116477,,,0.013648718986756117,,,,,,0.3703660864033312,0.005262853507605112,0.0015036724307443178,,,
,,,,,,,,0.0008096697704007865,,,,,0.0016771730958302007,,,,0.0008096697704007865,0.1279856572783529,,0.004221849517089815,,,0.004221849517089815,,,,0.0008096697704007865,0.0,,,,,,,0.009311202359609045,,,,0.0016771730958302007,0.0033543461916604013,0.0008096697704007865,,0.0008096697704007865,0.0016771730958302007,,,,0.0016771730958302007,,0.0016771730958302007,0.02880111040425655,,0.002486842866230987,0.03978948585969579,0.0016771730958302007,0.07628245908275982,0.0008096697704007865,0.1048522352669018,0.14660806199757098,,,0.0008096697704007865,,,0.005899022612920016,,0.0008096697704007865,,,,0.4220692845989243,0.0075761957087502165,,,,
,,,,0.0007518362153721589,,,0.0030651784165172634,0.0015036724307443178,0.0015036724307443178,,,,0.0007518362153721589,,,,0.0007518362153721589,0.11971545890925915,,0.006940026603435313,,,0.006130356833034527,0.0007518362153721589,,,,0.0,,,,,,,0.009253368804580418,0.0007518362153721589,,,,0.0038170146318894224,0.004626684402290209,,,,,,,0.0007518362153721589,,,0.026256433982996936,,0.0030651784165172634,0.05019952576484876,0.005378520617662368,0.07570412353247354,0.0015036724307443178,0.11231276386559474,0.13284367590075763,0.0023133422011451044,,0.0023133422011451044,,,0.013880053206870626,,,,0.0007518362153721589,,0.3962755190561564,0.006130356833034527,0.010005205019952576,,,
,,,,,,,,0.0014458388757156901,0.0006940026603435314,,,,0.0006940026603435314,,,0.0014458388757156901,,0.10039905152969752,,0.00508935284251923,,,0.008038864148979238,,0.002197675091087849,,,0.0,,,,,,0.0006940026603435314,0.010236539240067087,0.0006940026603435314,,,,0.004395350182175698,0.006593025273263548,0.0006940026603435314,,0.0006940026603435314,0.002197675091087849,0.0014458388757156901,,0.0006940026603435314,0.0006940026603435314,,0.02562026487768203,0.0006940026603435314,0.002197675091087849,0.041003990515296976,0.0014458388757156901,0.0806199757099069,0.0014458388757156901,0.0441848360418714,0.15470475970157885,0.00508935284251923,,0.0028916777514313803,,,0.008790700364351397,,,0.0028916777514313803,0.0014458388757156901,,0.4677577930715401,0.009484703024694927,0.0006940026603435314,,,
0.0008096697704007865,,,,,,,,0.004858018622404719,0.0024290093112023597,,,,0.005667688392805506,,,,0.001619339540801573,0.10149788907524146,,0.0072870279336070785,,,0.009716037244809439,0.001619339540801573,0.003238679081603146,,,0.0,,,0.0008096697704007865,,,,0.005667688392805506,,,0.0008096697704007865,,0.006477358163206292,0.0072870279336070785,0.0008096697704007865,,0.0024290093112023597,0.006477358163206292,0.0008096697704007865,,,0.0008096697704007865,0.0008096697704007865,0.01700306517841652,,0.001619339540801573,0.047076513793302875,0.0008096697704007865,0.055982881267711525,,0.12665548551269445,0.12746515528309524,0.004048348852003933,,0.001619339540801573,,,0.008096697704007866,0.0008096697704007865,,,,,0.4223006188190388,0.009716037244809439,0.0024290093112023597,,,0.0024290093112023597
,,,,,,,0.0007518362153721589,0.0015036724307443178,,,,,0.0023133422011451044,,,,0.0023133422011451044,0.07836446706379041,,0.006940026603435313,,,0.0023133422011451044,,,,,0.0,,,,,,,0.005378520617662368,,,,,0.0077496963738361,0.0007518362153721589,,,,0.00387484818691805,,,,0.0015036724307443178,0.005378520617662368,0.006940026603435313,0.0007518362153721589,0.0007518362153721589,0.028685443294199295,0.006188190388063154,0.05661905037302643,0.0007518362153721589,0.43253715805910586,0.07680296107801747,0.004626684402290209,,,,,0.01162454456075415,0.00387484818691805,,,,,0.24220692845989242,0.006188190388063154,0.0023133422011451044,,,
,,,,,,,0.0015615059857729454,0.002371175756173732,,,,,0.005494187727719623,,,,0.002371175756173732,0.09166618472037476,,0.003932681741946677,,,0.004742351512347464,,,,,0.0,,,,,,,0.004742351512347464,,,,,0.004742351512347464,0.002371175756173732,,,0.0007518362153721589,0.003932681741946677,,0.0007518362153721589,,0.0007518362153721589,0.009484703024694927,0.0205309120351628,,0.0007518362153721589,0.0339482968018044,0.004742351512347464,0.06240240587588919,0.0015615059857729454,0.1815973627898907,0.12885316060378232,0.005494187727719623,,,,,0.017350066508588283,,,,,,0.3928633393094674,0.009484703024694927,0.0007518362153721589,,,
,,0.0007518362153721589,,0.0007518362153721589,,,0.0007518362153721589,0.0007518362153721589,0.0015615059857729454,,,,0.003932681741946677,,,,0.002371175756173732,0.09056734717483084,,0.003932681741946677,,,0.002371175756173732,,0.0015615059857729454,,,0.0,,,0.0007518362153721589,,,0.0007518362153721589,0.007113527268521196,,,,,0.004742351512347464,,,,,0.0015615059857729454,,0.0007518362153721589,,0.0007518362153721589,0.007113527268521196,0.029379445954542827,,,0.011913712335897287,0.005552021282748251,0.05239720085593661,,0.2644150135908854,0.1064137412526748,0.003932681741946677,,0.0015615059857729454,,,0.00630385749812041,,,,,,0.37499277080562143,0.007923197038921982,0.002371175756173732,,,
,,,,,,,0.0007518362153721589,0.0015036724307443178,0.00532068706263374,,,,0.0037591810768607945,,0.0007518362153721589,,0.0007518362153721589,0.07824879995373316,,0.006072523278005899,,,0.006824359493378058,0.0007518362153721589,0.0015036724307443178,,,0.0,,,,,,,0.014400555202128275,0.0015036724307443178,,,,0.006824359493378058,0.0030073448614886355,0.0007518362153721589,,,0.0037591810768607945,0.0007518362153721589,0.0015036724307443178,,0.0007518362153721589,0.0037591810768607945,0.018217569834017698,,0.0015036724307443178,0.009079868139494535,0.004511017292232954,0.05239720085593661,0.0030073448614886355,0.30912035162801454,0.10485223526690185,0.004511017292232954,0.0007518362153721589,0.0007518362153721589,,,0.0037591810768607945,,0.002255508646116477,,,,0.332195940084437,0.006824359493378058,0.0030073448614886355,,,
,,,,,,,0.0006940026603435314,0.002197675091087849,,0.002197675091087849,,,0.0014458388757156901,,,,0.0014458388757156901,0.08732866809322769,,0.004453183737204326,,,0.002197675091087849,,0.002197675091087849,0.0014458388757156901,,0.0,,,,,,0.002949511306460008,0.005956856167948644,0.0006940026603435314,,,,0.004453183737204326,0.002197675091087849,,,0.0006940026603435314,0.002197675091087849,,0.0006940026603435314,0.0014458388757156901,0.0006940026603435314,0.004453183737204326,0.02012607714996241,,0.0006940026603435314,0.014921057197385923,0.0006940026603435314,0.06043606500491585,0.0014458388757156901,0.39511884795558383,0.0768607946330461,0.002197675091087849,,,,,0.004453183737204326,,,,,,0.2851194262911341,0.005205019952576485,0.0006940026603435314,,,
,,,,0.0007518362153721589,,,0.0015615059857729454,0.0015615059857729454,0.0007518362153721589,,,,0.004684517957318836,,,,0.004684517957318836,0.06911109825921,,0.003123011971545891,,,0.0023133422011451044,,,,,0.0,,,,,,,0.006246023943091782,,,,,0.007055693713492568,,0.0007518362153721589,,0.0007518362153721589,0.007055693713492568,,0.0007518362153721589,0.0007518362153721589,0.0015615059857729454,0.003123011971545891,0.01567289341275808,0.0007518362153721589,0.0007518362153721589,0.013359551211612978,0.0007518362153721589,0.04788618356370366,0.0007518362153721589,0.43265282516916315,0.07859580128390492,,,0.0007518362153721589,,,0.004684517957318836,,,,,,0.27979873922850035,0.006246023943091782,0.0007518362153721589,,,
,,,,,,0.0007518362153721589,0.0007518362153721589,,,,,,0.0015615059857729454,,,,0.003123011971545891,0.04829101844890405,,0.0007518362153721589,,,0.003123011971545891,,0.0015615059857729454,,,0.0,,,,,,,0.003932681741946677,,,,,0.003932681741946677,,,,0.0007518362153721589,0.003123011971545891,,0.0015615059857729454,,0.0007518362153721589,0.003932681741946677,0.010236539240067087,,0.0015615059857729454,0.007113527268521196,0.003932681741946677,0.035625469897634605,,0.6556011798045226,0.04430050315192875,,,,,,0.007865363483893354,0.0007518362153721589,,0.0007518362153721589,,,0.14805390087328668,0.002371175756173732,0.003932681741946677,,,
,,,,,,,,,,,,,0.004684517957318836,,,,,0.06436874674686253,,0.0007518362153721589,,,0.00387484818691805,0.0007518362153721589,,,,0.0,,,,,,,0.01017870568503846,,,,0.0015615059857729454,0.004684517957318836,0.0007518362153721589,,,0.0015615059857729454,0.0023133422011451044,,0.0023133422011451044,,0.0007518362153721589,0.003123011971545891,0.009369035914637672,,0.0015615059857729454,0.007807529928864727,0.0015615059857729454,0.044705338037129144,,0.6435139668035395,0.0400208200798103,,,,,,0.00387484818691805,0.0023133422011451044,0.0007518362153721589,,,,0.13816436296339135,0.004684517957318836,,,,
,,,,,,,,0.0007518362153721589,,,,,0.0015615059857729454,,,,,0.09305419004106183,,,,,0.0007518362153721589,0.0007518362153721589,,,,0.0,,,,,,,0.005552021282748251,,,,,0.007113527268521196,0.0007518362153721589,,,0.0015615059857729454,0.002371175756173732,,0.002371175756173732,,0.0015615059857729454,0.002371175756173732,0.019894742929847897,,0.0007518362153721589,0.008732866809322769,0.002371175756173732,0.040541322075067956,0.0007518362153721589,0.4373951766815106,0.08594066277254063,0.0015615059857729454,,,,,0.004742351512347464,0.0007518362153721589,,,,,0.26655485512694466,0.008732866809322769,,,,0.0007518362153721589
,,,,,,,,0.0023133422011451044,,,,,0.004626684402290209,,,,,0.08108264415013591,,,,,,0.0007518362153721589,,,,0.0,,,,,,,0.0038170146318894224,,,,,0.006130356833034527,0.0015036724307443178,,,0.0015036724307443178,0.0023133422011451044,,0.0038170146318894224,0.0007518362153721589,0.0007518362153721589,0.0023133422011451044,0.01619339540801573,,0.0007518362153721589,0.011566711005725521,0.0023133422011451044,0.047076513793302875,0.0023133422011451044,0.4204499450581227,0.08183448036550807,0.0007518362153721589,,,,,0.011566711005725521,,,,,,0.2804349083338153,0.006940026603435313,0.006130356833034527,,,
,,,,,,,,0.0014458388757156901,0.0006940026603435314,0.0006940026603435314,,,0.004453183737204326,,,,,0.08096697704007866,,,,,0.007460528598692962,,,,,0.0,0.0006940026603435314,,,,,,0.00821236481406512,,,,,0.006708692383320803,0.002949511306460008,,,0.002949511306460008,0.002949511306460008,,0.003701347521832167,,0.0006940026603435314,0.005205019952576485,0.020241744260019665,,0.0006940026603435314,0.013475218321670233,0.0014458388757156901,0.04499450581227228,0.0006940026603435314,0.3801399572031693,0.09224452027066103,0.0014458388757156901,,,,,0.005956856167948644,,,,,,0.3022381585796079,0.003701347521832167,0.002949511306460008,,,
,,,,,,,,0.0008096697704007865,,,,,0.001619339540801573,,0.0008096697704007865,,,0.07755479729338963,,,,,0.0008096697704007865,,,,,0.0,,,,,,,0.00410618240703256,,,,,0.00821236481406512,,,,0.001619339540801573,,0.001619339540801573,0.001619339540801573,,0.0008096697704007865,0.004915852177433347,0.014805390087328668,0.0008096697704007865,0.0008096697704007865,0.011508877450696894,0.0008096697704007865,0.053611705511537794,0.0008096697704007865,0.4567694176161009,0.07344861488635707,0.0024290093112023597,,0.0008096697704007865,0.0008096697704007865,,0.007402695043664334,,0.0008096697704007865,,,,0.26001966340870974,0.005725521947834133,0.00410618240703256,,,
,,,,0.0008096697704007865,,,,0.0008096697704007865,,0.0008096697704007865,,,0.001619339540801573,,0.001619339540801573,,0.001619339540801573,0.07639812619281708,,0.0008096697704007865,,,0.002486842866230987,,0.002486842866230987,,,0.0,,,,0.0008096697704007865,,,0.007460528598692962,,,,,0.004973685732461974,0.002486842866230987,,,0.001619339540801573,,,0.003296512636631774,0.001619339540801573,0.0008096697704007865,0.004973685732461974,0.014111387426985136,0.001619339540801573,0.001619339540801573,0.009079868139494535,0.0008096697704007865,0.0464981782430166,,0.4434676999595164,0.0714244404603551,,0.0008096697704007865,0.0008096697704007865,,,0.007460528598692962,,0.00410618240703256,,,,0.27239604418483604,0.0057833555028627606,0.002486842866230987,,,
,,,,,,,,,,0.0008096697704007865,,,0.005667688392805506,,0.001619339540801573,,0.003238679081603146,0.06078306633508762,,,,,0.003238679081603146,,,,,0.0,,,,,,,0.011335376785611011,,,,0.0008096697704007865,0.001619339540801573,0.0008096697704007865,,,,,0.0008096697704007865,0.001619339540801573,,,0.0072870279336070785,0.012954716326412584,,0.0008096697704007865,0.008096697704007866,0.001619339540801573,0.03967381874963854,,0.5632409924238043,0.07130877335029784,,,,0.001619339540801573,0.0008096697704007865,0.004858018622404719,,0.0008096697704007865,,,,0.188074720953097,0.006477358163206292,,,,
,,,,,,,,,,0.0016771730958302007,,,,,,,0.0016771730958302007,0.061361401885373895,,0.0008096697704007865,,,0.004164015962061188,,,,,0.0,,,,,,,0.00919553524955179,,,,,0.004164015962061188,0.0008096697704007865,,,,,,,,,0.005031519287490602,0.005031519287490602,,0.0016771730958302007,0.010930541900410618,0.0008096697704007865,0.04453183737204326,,0.6701174021167081,0.052917702851194265,0.0008096697704007865,0.0008096697704007865,,,,0.0008096697704007865,,,,,,0.11514660806199757,0.006708692383320803,,0.0008096697704007865,,
,,,,,,,,0.0007518362153721589,,,,,0.0007518362153721589,,,,0.0007518362153721589,0.07425828465675785,,,,,,,,,,0.0,,,,,,,0.00532068706263374,,,,,0.006072523278005899,,,,,0.0015036724307443178,,,,,0.00532068706263374,0.013764386096813372,,0.0007518362153721589,0.010699207680296108,0.0007518362153721589,0.043606500491585216,,0.531143369382916,0.05436354172690995,0.0007518362153721589,,0.006882193048406686,,,0.00532068706263374,,0.0015036724307443178,,,,0.22815337458793591,0.00532068706263374,0.0015036724307443178,0.0007518362153721589,,
,,,,,,,,0.002371175756173732,,0.0007518362153721589,,,0.0007518362153721589,,,,,0.0714244404603551,,0.0007518362153721589,,,0.002371175756173732,,,,,0.0,,,,,,,0.004742351512347464,,,,0.0007518362153721589,0.003123011971545891,0.0007518362153721589,,,,0.0007518362153721589,,,,,0.003123011971545891,0.015846394077843964,,0.0007518362153721589,0.008675033254294142,0.0007518362153721589,0.053149037071308775,,0.4864380313457868,0.07697646174310335,0.0015615059857729454,,,,,0.007113527268521196,,,,,,0.24290093112023597,0.009484703024694927,0.002371175756173732,0.0007518362153721589,0.0015615059857729454,
,0.0006361691053149037,,,,,,,0.001330171765658435,,,,,0.0006361691053149037,,0.0020241744260019665,,,0.07853796772887629,0.0006361691053149037,,,,0.0033543461916604013,,,0.0006361691053149037,,0.0,,,,,,0.0006361691053149037,0.00676652593834943,0.0006361691053149037,,,,0.00676652593834943,0.0006361691053149037,,,,0.0020241744260019665,,,0.0006361691053149037,,0.00266034353131687,0.017581400728702793,,0.001330171765658435,0.00676652593834943,0.0020241744260019665,0.04262333005609855,,0.46509744954022325,0.07581979064253079,0.004048348852003933,0.0020241744260019665,0.0006361691053149037,,,0.004684517957318836,0.001330171765658435,,,,,0.26279567405008386,0.00266034353131687,0.0020241744260019665,,,
,,,,,,,,0.0033543461916604013,,,,,0.001330171765658435,,,,,0.07651379330287433,,,,,0.00266034353131687,,0.0006361691053149037,0.0006361691053149037,,0.0,,0.001330171765658435,0.0006361691053149037,,,,0.004048348852003933,0.0006361691053149037,,,,0.004684517957318836,0.0006361691053149037,,,,0.0033543461916604013,,,0.0006361691053149037,,0.004048348852003933,0.01625122896304436,,,0.005378520617662368,0.001330171765658435,0.04805968422878954,0.0006361691053149037,0.48609103001561493,0.07107743913018333,0.0020241744260019665,,0.0006361691053149037,,,0.006072523278005899,,0.0006361691053149037,,,,0.249262622173385,0.005378520617662368,0.0020241744260019665,,,
,,,,,,0.0006940026603435314,,0.0013880053206870627,,,,,0.0013880053206870627,,0.0013880053206870627,,0.0027760106413741254,0.07327511422127118,,,,,0.004858018622404719,,0.0006940026603435314,,,0.0,,,0.0013880053206870627,,,,0.002082007981030594,0.0006940026603435314,,,,0.0027760106413741254,0.0006940026603435314,,0.002082007981030594,,0.0027760106413741254,,0.0006940026603435314,,,0.0027760106413741254,0.020935746920363194,0.0006940026603435314,,0.007634029263778845,0.0006940026603435314,0.03764964432363657,0.0006940026603435314,0.44959805679255105,0.09212885316060378,0.0013880053206870627,,0.0027760106413741254,,,0.007634029263778845,,0.0006940026603435314,,,,0.27019836909374817,0.002082007981030594,0.0027760106413741254,,,
,,,,,,,,,,0.0006940026603435314,,0.0006940026603435314,0.0014458388757156901,,0.0006940026603435314,,0.0014458388757156901,0.06338557631137585,,,,,0.00508935284251923,,0.0006940026603435314,,,0.0,,,0.0006940026603435314,,,,0.0057833555028627606,,,,0.0006940026603435314,0.0021398415360592217,0.0028916777514313803,,,,0.0006940026603435314,0.0006940026603435314,0.0006940026603435314,0.0006940026603435314,,0.0014458388757156901,0.01162454456075415,0.0036435139668035393,,0.01162454456075415,0.0014458388757156901,0.04441617026198601,0.0006940026603435314,0.5432305823838992,0.07136660690532647,,,,,,0.004337516627147071,,0.0006940026603435314,,,,0.21057197385923312,0.00508935284251923,0.0006940026603435314,,,
,,,,,,,,,,,,0.0006940026603435314,0.0014458388757156901,,,,,0.05366953906656642,,,,,0.0057833555028627606,,,,,0.0,,,0.0014458388757156901,,,,0.0028916777514313803,,,,0.0006940026603435314,,0.003585680411774912,,,,,,0.0006940026603435314,,,0.0006940026603435314,0.005031519287490602,0.0006940026603435314,,0.0028916777514313803,0.0014458388757156901,0.03261812503614597,,0.6992655138511364,0.06384824475160489,,,,,,0.0028916777514313803,,,,,,0.11832745358857209,0.0006940026603435314,0.0006940026603435314,,,
,,,,,,0.0006940026603435314,,0.0006940026603435314,,0.0006940026603435314,,,0.0006940026603435314,,,,,0.08218148169567983,,0.0014458388757156901,,,0.006593025273263548,,,,,0.0,,,0.0014458388757156901,,,,0.00508935284251923,,,,0.0006940026603435314,0.0028916777514313803,0.006593025273263548,,,,0.0006940026603435314,,,,,0.0006940026603435314,0.019027239604418482,,,0.0036435139668035393,0.0014458388757156901,0.05205019952576485,0.0006940026603435314,0.4746978196749755,0.07553062286738765,0.0014458388757156901,,,,,0.00508935284251923,0.0006940026603435314,,,,,0.2494939563934995,0.002197675091087849,0.0028916777514313803,,,
,,,,,,,,0.0021398415360592217,,,,,0.0006940026603435314,,,,,0.06691342316812214,,0.0006940026603435314,,,0.004279683072118443,,,0.0006940026603435314,,0.0,,,0.0013880053206870627,,,,0.003585680411774912,,,,,0.0013880053206870627,,,0.0006940026603435314,,0.002833844196402753,,,,,,0.02012607714996241,,0.0006940026603435314,0.005031519287490602,0.0006940026603435314,0.05326470418136603,,0.5284251922965704,0.06043606500491585,0.0013880053206870627,,,,,0.004279683072118443,,0.0006940026603435314,,,,0.23468856630617085,0.0021398415360592217,0.0021398415360592217,,,0.0006940026603435314
,,,,,,0.0006940026603435314,,0.0028916777514313803,,,,,0.0006940026603435314,,,,0.0014458388757156901,0.07292811289109942,,0.0006940026603435314,,,0.008096697704007866,,,0.0006940026603435314,,0.0,,,,,,,0.005147186397547857,,,,,0.005147186397547857,0.0006940026603435314,,,,0.005147186397547857,,,0.0006940026603435314,,,0.014689722977271414,,,0.008790700364351397,0.007344861488635707,0.06118790122028801,0.0014458388757156901,0.4442773697299174,0.07587762419755942,0.0014458388757156901,,0.0014458388757156901,,,0.0028916777514313803,,,,,,0.27199120929963566,0.002197675091087849,0.0014458388757156901,,,
,,,,0.0006940026603435314,,0.0006940026603435314,,0.004395350182175698,,,,,0.0014458388757156901,,,,0.0006940026603435314,0.0676652593834943,,,,,0.007344861488635707,,,0.0014458388757156901,,0.0,,,0.002197675091087849,,,,0.002197675091087849,,,,,0.0036435139668035393,0.0014458388757156901,,,,0.002197675091087849,,,0.0006940026603435314,,0.0006940026603435314,0.027181770863454975,,,0.005147186397547857,0.007344861488635707,0.04412700248684286,0.0006940026603435314,0.42368862413972586,0.10005205019952576,0.002197675091087849,,,,,0.008790700364351397,,,,,,0.27893123590307095,0.004395350182175698,,,,
,0.0014458388757156901,,,,,,,0.002949511306460008,0.0006940026603435314,,,,0.002197675091087849,,,,,0.07628245908275982,,,,,0.007402695043664334,,0.0006940026603435314,0.0006940026603435314,,0.0,,,0.0014458388757156901,,,0.0006940026603435314,,,,,,0.005899022612920016,0.004395350182175698,0.0006940026603435314,,,0.0014458388757156901,,,,0.0006940026603435314,0.0006940026603435314,0.019952576484876524,,,0.005147186397547857,0.002197675091087849,0.04886935399919033,0.0006940026603435314,0.426927303221329,0.0940373604765485,0.002949511306460008,0.0006940026603435314,,,,0.003701347521832167,,,0.0006940026603435314,,,0.2792204036782141,0.004395350182175698,0.002197675091087849,,,
,,,,,,,,0.0006940026603435314,,,,,0.0036435139668035393,0.0014458388757156901,,,0.0006940026603435314,0.06968943380949627,,,,,0.010236539240067087,,,,,0.0,,,0.0006940026603435314,,,,0.0006940026603435314,,,,,,,,,,,0.0006940026603435314,0.0014458388757156901,0.0006940026603435314,0.0028916777514313803,0.0028916777514313803,0.015383725637614944,,,0.009484703024694927,0.0014458388757156901,0.04915852177433347,0.0014458388757156901,0.5634723266439188,0.09681337111792263,0.0006940026603435314,,,0.0006940026603435314,,0.002197675091087849,,,,,,0.1562662656873518,0.0036435139668035393,0.0028916777514313803,,,
,,,,,,,,,,,,,0.0014458388757156901,,,,0.0014458388757156901,0.05181886530565034,,,,,0.004395350182175698,,,,,0.0,,,0.0006940026603435314,,,,0.002949511306460008,,,,,0.0006940026603435314,,,,,0.0014458388757156901,,,,0.0006940026603435314,0.002197675091087849,0.010352206350124342,,0.0006940026603435314,0.0006940026603435314,0.004395350182175698,0.0333121276964895,,0.7355849864091146,0.034757966572205194,,,0.0014458388757156901,,,,,,,,,0.105141403042045,0.004395350182175698,0.0014458388757156901,,,
,,,,0.0007518362153721589,,,,0.0015036724307443178,,0.0015036724307443178,,,0.0015036724307443178,,0.0015036724307443178,,0.0015036724307443178,0.061130067665259386,,0.0007518362153721589,,,0.0007518362153721589,,0.0007518362153721589,0.0007518362153721589,,0.0,,,0.0015036724307443178,,,0.0015036724307443178,0.005378520617662368,,,,,0.0015036724307443178,,0.0007518362153721589,,0.0007518362153721589,0.0023133422011451044,,,,0.0007518362153721589,0.0015036724307443178,0.020877913365334566,,0.0007518362153721589,0.00850153258920826,0.006940026603435313,0.046382511132959346,,0.46550228442542374,0.0881961714186571,0.004626684402290209,0.004626684402290209,0.0015036724307443178,,,0.006940026603435313,0.0007518362153721589,,,,,0.2530218032502458,0.0015036724307443178,0.0015036724307443178,,,
,,,,,,,,0.001619339540801573,,0.0024290093112023597,,,0.001619339540801573,,,,0.001619339540801573,0.07853796772887629,,0.001619339540801573,,,0.001619339540801573,,,,,0.0,,,0.0024290093112023597,,,0.0008096697704007865,0.005725521947834133,,,,,0.001619339540801573,0.001619339540801573,0.001619339540801573,,0.0008096697704007865,0.001619339540801573,,,,,0.0008096697704007865,0.013070383436469839,,0.0008096697704007865,0.0065351917182349195,0.004858018622404719,0.04910068821930484,,0.4645769475449656,0.0678965936036088,0.0024290093112023597,0.004858018622404719,0.0008096697704007865,,,0.004048348852003933,,,,,,0.26921519865826155,0.003238679081603146,0.001619339540801573,,,0.0008096697704007865
,,,,,,,,0.002544676421259615,,0.004221849517089815,,,0.002544676421259615,,,,,0.08119831126019317,,0.0008096697704007865,,,0.005956856167948644,,,,,0.0,,,0.0016771730958302007,,,0.002544676421259615,0.007691862818807472,,,,,0.003412179746689029,,,,0.0008096697704007865,0.004221849517089815,,0.0016771730958302007,0.0008096697704007865,,0.0016771730958302007,0.018795905384303972,,0.0008096697704007865,0.010236539240067087,0.009369035914637672,0.06668208894800763,,0.28685443294199287,0.09918454687409635,0.0016771730958302007,,0.0008096697704007865,0.0008096697704007865,,0.00508935284251923,,,0.0008096697704007865,,,0.3600138800532069,0.003412179746689029,0.013648718986756117,,,
,,,,0.0008096697704007865,,,,0.0016771730958302007,,0.0008096697704007865,,,0.0016771730958302007,,,,0.004279683072118443,0.0693424324793245,,0.0008096697704007865,,,0.005956856167948644,0.0008096697704007865,,,,0.0,,,0.004279683072118443,,,0.002544676421259615,0.010236539240067087,,,,,0.002544676421259615,0.0016771730958302007,,,0.0008096697704007865,0.007691862818807472,,0.0016771730958302007,,,0.0008096697704007865,0.015383725637614944,0.0008096697704007865,,0.010236539240067087,0.005956856167948644,0.05222370019085073,0.0008096697704007865,0.34058180556358797,0.08565149499739749,0.009369035914637672,0.0016771730958302007,,,,0.008559366144236887,0.0008096697704007865,,0.0008096697704007865,,,0.3452663235209068,0.003412179746689029,,,,
,,,,0.001619339540801573,,,,0.003296512636631774,,,,,0.0008096697704007865,,,,0.001619339540801573,0.06315424209126135,,0.001619339540801573,,,0.008270198369093748,,,,,0.0,,,0.002486842866230987,,,,0.00410618240703256,,,0.00410618240703256,,0.00410618240703256,0.001619339540801573,,,,0.002486842866230987,,0.001619339540801573,,,0.0008096697704007865,0.014111387426985136,,0.0008096697704007865,0.0215719160256781,0.004973685732461974,0.05569371349256839,,0.27014053553871953,0.12133479845006072,0.003296512636631774,,,,,0.013243884101555723,,,,,,0.3906656642183795,0.001619339540801573,,,0.0008096697704007865,
,0.0017350066508588283,,,0.0017350066508588283,,,,0.0026025099762882423,,0.0008675033254294141,,,,,,,,0.08790700364351396,,0.0008675033254294141,,,0.0026025099762882423,,,,,0.0,,,0.0008675033254294141,,,,0.011277543230582384,,,0.0026025099762882423,,0.004337516627147071,,,0.0008675033254294141,,0.0026025099762882423,,,0.0026025099762882423,,0.0026025099762882423,0.01914290671447574,0.0008675033254294141,,0.007807529928864727,0.006072523278005899,0.05222370019085073,0.0008675033254294141,0.39951419813775957,0.10097738707998381,,,0.0008675033254294141,,,0.008675033254294142,,,,,,0.27343704817535136,0.0017350066508588283,0.0008675033254294141,,0.0008675033254294141,
,,,,0.0016771730958302007,,,,,,,,,0.0008096697704007865,,,,0.0008096697704007865,0.05731305303336996,,,,,0.006824359493378058,,,,,0.0,,,0.0008096697704007865,,,,0.005956856167948644,,,0.002544676421259615,,0.002544676421259615,0.0016771730958302007,,,,0.003412179746689029,,,0.0008096697704007865,,0.002544676421259615,0.005956856167948644,0.0016771730958302007,0.0008096697704007865,0.00508935284251923,0.005956856167948644,0.04279683072118443,,0.6045341507142444,0.06332774275634723,,0.0008096697704007865,,0.0008096697704007865,,0.002544676421259615,,0.0008096697704007865,,,,0.17714417905268637,,,,,
0.0007518362153721589,,,,0.0015036724307443178,,,0.0007518362153721589,0.0015036724307443178,,0.0007518362153721589,,,,,,,0.0015036724307443178,0.08802267075357122,0.0007518362153721589,,,,0.007634029263778845,,,,,0.0,,,0.002255508646116477,,,,0.008385865479151003,,,,0.0015036724307443178,0.002255508646116477,0.0007518362153721589,,,,0.0015036724307443178,0.0007518362153721589,,,0.0007518362153721589,0.0015036724307443178,0.018333236944074953,,,0.008385865479151003,0.009137701694523163,0.05129836331039269,,0.39974553235787413,0.0949048638019779,0.002255508646116477,0.0015036724307443178,0.0007518362153721589,,,0.007634029263778845,,0.0015036724307443178,,,,0.27869990168295644,0.002255508646116477,0.0007518362153721589,,,
,0.0006940026603435314,,,0.0013880053206870627,0.0006940026603435314,,0.0006940026603435314,0.002833844196402753,,0.0006940026603435314,,,0.0006940026603435314,,,,0.0013880053206870627,0.08935284251922966,,,,,0.007171360823549824,0.0006940026603435314,0.0013880053206870627,0.0006940026603435314,,0.0,0.0006940026603435314,,0.0013880053206870627,0.0006940026603435314,,,0.004279683072118443,0.0013880053206870627,,,0.002833844196402753,0.005725521947834133,0.005031519287490602,,,,0.010063038574981205,0.0021398415360592217,0.0006940026603435314,,,0.0006940026603435314,0.02232375224105026,,,0.012202880111040426,0.005031519287490602,0.05476837661211035,0.0006940026603435314,0.33867329824764336,0.08790700364351396,0.004279683072118443,,,,,0.008617199699265514,,,,,,0.31866288820773814,0.002833844196402753,,,,
,,,,0.0013880053206870627,,0.0006940026603435314,0.0006940026603435314,0.002833844196402753,,,,,0.0006940026603435314,,,,,0.07581979064253079,,0.0006940026603435314,,,0.006419524608177665,0.0006940026603435314,,,,0.0,0.0006940026603435314,,0.0021398415360592217,0.0006940026603435314,,,0.009253368804580418,,,,0.002833844196402753,0.004973685732461974,0.0013880053206870627,,,,0.004279683072118443,0.0021398415360592217,0.003527846856746284,,,0.0006940026603435314,0.01573072696778671,,,0.004973685732461974,0.006419524608177665,0.039326817419466774,,0.42553929790064193,0.08657683187785553,0.0013880053206870627,0.002833844196402753,,0.0013880053206870627,,0.005667688392805506,,,,,,0.28621826383667803,0.0013880053206870627,,,,
0.0006940026603435314,,0.0006940026603435314,,0.002949511306460008,,0.0006940026603435314,0.0006940026603435314,0.004395350182175698,0.0006940026603435314,0.0006940026603435314,,,0.0006940026603435314,,0.0006940026603435314,,,0.096755537562894,,,,,0.010294372795095715,0.0006940026603435314,,0.0006940026603435314,,0.0,0.0006940026603435314,,,,,,0.006593025273263548,,,,0.0014458388757156901,0.004395350182175698,0.0006940026603435314,,,,0.0014458388757156901,0.0006940026603435314,0.005899022612920016,,,0.0014458388757156901,0.020646579145220056,,0.0014458388757156901,0.010294372795095715,0.004395350182175698,0.05979989589960095,0.0006940026603435314,0.3119541958244173,0.1108090914348505,0.002197675091087849,,,,,0.006593025273263548,,,,,,0.3177375513272801,0.006593025273263548,0.002197675091087849,,,
0.0006940026603435314,,0.0014458388757156901,,,,,0.0006940026603435314,0.0021398415360592217,0.0006940026603435314,,0.0006940026603435314,,0.0006940026603435314,,,,,0.07084610491006882,,0.0021398415360592217,0.0006940026603435314,,0.014574055867214157,,,0.0006940026603435314,,0.0,,,0.0006940026603435314,0.0006940026603435314,,,0.010930541900410618,,,,,0.008732866809322769,0.0006940026603435314,,,,0.0065351917182349195,0.0006940026603435314,0.00508935284251923,,,0.0014458388757156901,0.021861083800821236,,0.0021398415360592217,0.011682378115782778,0.0021398415360592217,0.04672951246313111,,0.3443988201954774,0.11537794228211208,0.0028916777514313803,,0.0006940026603435314,,,0.010930541900410618,,0.0014458388757156901,,,,0.307501012087213,0.0006940026603435314,,,,
,0.0015036724307443178,,,,,,0.0007518362153721589,0.0030651784165172634,0.0007518362153721589,,,,0.009253368804580418,,,,,0.0825284830258516,0.0007518362153721589,0.0030651784165172634,0.0015036724307443178,,0.005378520617662368,,0.0030651784165172634,,,0.0,,,,0.0007518362153721589,,,0.010757041235324736,,,,,0.006940026603435313,0.0015036724307443178,,0.0007518362153721589,,0.0007518362153721589,0.0007518362153721589,0.0038170146318894224,0.0007518362153721589,0.0023133422011451044,0.0023133422011451044,0.02001041003990515,0.0015036724307443178,,0.011566711005725521,0.0030651784165172634,0.05627204904285466,,0.3536521890000578,0.1041003990515297,,,,0.0007518362153721589,0.0007518362153721589,0.005378520617662368,,,0.0023133422011451044,,,0.2922907871146839,0.0038170146318894224,0.0015036724307443178,,,
,0.0007518362153721589,,,,,0.0007518362153721589,,0.0015615059857729454,,,,,0.0039905152969753055,,,,,0.06899543114915274,,0.002371175756173732,,,0.0039905152969753055,,,,,0.0,,,,,,,0.008790700364351397,,,,0.0007518362153721589,0.0031808455265745187,0.002371175756173732,,,,,,0.0007518362153721589,,0.0015615059857729454,0.002371175756173732,0.011219709675553757,,,0.007981030593950611,0.0031808455265745187,0.06656642183795038,,0.5642819964143195,0.07298594644612805,,,,,0.0007518362153721589,0.0015615059857729454,,,0.002371175756173732,,,0.16690763981261927,,,,,
,,0.0007518362153721589,,,0.0007518362153721589,,0.0007518362153721589,0.00532068706263374,,,,,0.004511017292232954,,,,0.0015036724307443178,0.09438436180672026,,,,,0.0037591810768607945,,,0.0007518362153721589,,0.0,,,0.0007518362153721589,,,,0.009889537909895321,,,,,0.0030073448614886355,0.00532068706263374,,0.0007518362153721589,0.0007518362153721589,0.002255508646116477,,0.0015036724307443178,0.0007518362153721589,,0.0007518362153721589,0.019779075819790642,,,0.009889537909895321,0.004511017292232954,0.047944017118732286,,0.34578682551616446,0.11115609276502227,0.0015036724307443178,,0.0007518362153721589,,,0.009889537909895321,0.0015036724307443178,,,,,0.3075588456422416,0.0015036724307443178,,,,
0.0006940026603435314,,,,,,,,0.005899022612920016,,,,,0.005147186397547857,0.0006940026603435314,,,0.0014458388757156901,0.08142964548030768,,,,,0.006650858828292175,,,0.0006940026603435314,,0.0,,,,,,,0.002949511306460008,,,,,0.002949511306460008,0.006650858828292175,,,0.0014458388757156901,0.0006940026603435314,0.0006940026603435314,0.0006940026603435314,,,0.0006940026603435314,0.02666126886819733,,,0.008096697704007866,0.004395350182175698,0.03921115030940952,,0.45133306344340973,0.08293331791105199,0.002197675091087849,,,,,0.002949511306460008,0.0006940026603435314,0.0014458388757156901,,,,0.25626048233184895,0.0014458388757156901,0.002949511306460008,,,
,,,,,,0.0007518362153721589,0.004626684402290209,0.0030651784165172634,,0.0007518362153721589,,,0.006940026603435313,0.0007518362153721589,,,0.0007518362153721589,0.08634549765774102,,,,,0.0015036724307443178,0.0007518362153721589,,0.0007518362153721589,,0.0,,,0.0007518362153721589,,,,0.005378520617662368,,,,,0.006130356833034527,0.006130356833034527,,,0.0007518362153721589,0.0015036724307443178,,,,,0.0015036724307443178,0.019258573824532995,,,0.014631889422242784,0.0038170146318894224,0.051645364640564455,0.0007518362153721589,0.32895726100283385,0.09484703024694928,0.0023133422011451044,,0.0007518362153721589,,,0.013070383436469839,0.0023133422011451044,0.0015036724307443178,,,,0.32930426233300564,0.0023133422011451044,0.005378520617662368,,,
,,,,,,,,0.0023133422011451044,,,,,0.005378520617662368,0.0007518362153721589,,,,0.08750216875831357,,0.0015036724307443178,,,0.004626684402290209,,,0.0007518362153721589,,0.0,,,0.0007518362153721589,,,0.0007518362153721589,0.0030651784165172634,0.0007518362153721589,,,,0.006188190388063154,0.009253368804580418,,,,0.007691862818807472,,,0.0007518362153721589,0.0007518362153721589,0.005378520617662368,0.026314267538025564,,0.0007518362153721589,0.02012607714996241,0.006188190388063154,0.051876698860678964,0.0015036724307443178,0.2721068764096929,0.10606673992250304,0.004626684402290209,0.0007518362153721589,0.0007518362153721589,,,0.00850153258920826,0.0015036724307443178,,,,,0.3523220172343994,0.0030651784165172634,0.005378520617662368,,,
,0.0014458388757156901,,,,,,,0.0014458388757156901,0.002197675091087849,,,,0.002197675091087849,,,,0.0006940026603435314,0.10392689838644381,,0.0006940026603435314,,,0.007344861488635707,,0.0014458388757156901,0.0014458388757156901,,0.0,,,,,,,0.010294372795095715,,,0.0014458388757156901,,0.005147186397547857,0.005147186397547857,,,,0.0014458388757156901,0.002197675091087849,0.006593025273263548,0.0006940026603435314,,0.0014458388757156901,0.022092418020935745,,,0.01839107049910358,0.0028916777514313803,0.07292811289109942,0.0006940026603435314,0.1702041524492509,0.14961540685905964,0.005147186397547857,,0.002197675091087849,,,0.011046209010467873,0.0006940026603435314,0.0014458388757156901,0.0006940026603435314,,,0.38112312763865597,0.0014458388757156901,0.0014458388757156901,,,0.0006940026603435314
,0.004511017292232954,,,,,,,0.0015036724307443178,0.0007518362153721589,0.004511017292232954,,,0.0075761957087502165,,,,0.0007518362153721589,0.08142964548030768,,0.004511017292232954,,,0.00532068706263374,0.0007518362153721589,0.0015036724307443178,,,0.0,,,0.0007518362153721589,,,,0.004511017292232954,0.0030073448614886355,,0.002255508646116477,0.0007518362153721589,0.0015036724307443178,0.004511017292232954,0.0007518362153721589,,,0.009079868139494535,0.0015036724307443178,0.0075761957087502165,0.002255508646116477,0.0007518362153721589,0.0075761957087502165,0.017465733618645538,0.0007518362153721589,0.0015036724307443178,0.017465733618645538,0.0030073448614886355,0.07842230061881904,0.002255508646116477,0.2223121855300445,0.14921057197385923,0.006072523278005899,,,,,0.008328031924122375,0.0007518362153721589,0.002255508646116477,0.002255508646116477,,,0.3166965473367648,0.008328031924122375,,,,0.0030073448614886355
,0.002255508646116477,0.0007518362153721589,,,,,,0.0030073448614886355,0.002255508646116477,,,,0.008328031924122375,,,,0.0007518362153721589,0.06552541784743508,,0.0037591810768607945,,,0.0037591810768607945,0.0007518362153721589,,,0.0007518362153721589,0.0,,0.0007518362153721589,0.0007518362153721589,0.0007518362153721589,,,0.0015036724307443178,0.0030073448614886355,,0.002255508646116477,0.0007518362153721589,0.0037591810768607945,0.0030073448614886355,0.0007518362153721589,,,,0.0015036724307443178,0.009137701694523163,0.0015036724307443178,,0.0007518362153721589,0.01064137412526748,0.0015036724307443178,,0.028164941298941645,0.004568850847261581,0.059395061014400556,,0.45000289167775154,0.09293852293100457,0.006824359493378058,,0.0007518362153721589,,,0.006824359493378058,0.0007518362153721589,0.0007518362153721589,,,,0.21103464229946214,0.002255508646116477,,,,0.0015036724307443178
0.004279683072118443,,,,,,,0.0006940026603435314,,,,,,0.003585680411774912,,,,0.0021398415360592217,0.08773350297842808,,0.0006940026603435314,,,0.005725521947834133,0.0006940026603435314,,0.0013880053206870627,0.0006940026603435314,0.0,,,0.0006940026603435314,,,,0.005725521947834133,,,0.0013880053206870627,,0.003585680411774912,0.005031519287490602,,,,0.002833844196402753,0.0006940026603435314,0.005031519287490602,,,0.002833844196402753,0.02515759643745301,0.0021398415360592217,,0.024405760222080852,0.0006940026603435314,0.0532068706263374,,0.3190098895379099,0.09779654155340929,0.002833844196402753,,0.0006940026603435314,0.0021398415360592217,,0.003585680411774912,0.0006940026603435314,0.0006940026603435314,,,,0.32941992944306286,,0.0013880053206870627,,,0.0006940026603435314
,,,,0.0006940026603435314,,,,0.0014458388757156901,,,,0.002949511306460008,0.005956856167948644,0.0006940026603435314,,,0.0014458388757156901,0.0842056561216818,,0.003701347521832167,,,0.004453183737204326,,,,,0.0,,,0.0006940026603435314,,,,0.006650858828292175,,,,,0.005205019952576485,0.0006940026603435314,,,,0.006650858828292175,0.0006940026603435314,,,,0.0006940026603435314,0.02232375224105026,0.0006940026603435314,0.0006940026603435314,0.02082007981030594,0.002197675091087849,0.06928459892429588,,0.30148632236423567,0.10357989705627205,0.002197675091087849,,0.0006940026603435314,0.0006940026603435314,,0.007402695043664334,0.0006940026603435314,,0.0006940026603435314,0.002197675091087849,,0.32641258458157424,0.004453183737204326,0.003701347521832167,,,0.002949511306460008
,,,,0.0028916777514313803,,0.0006940026603435314,,0.002197675091087849,,,,0.0006940026603435314,0.013186050546527096,0.0006940026603435314,,,0.0006940026603435314,0.09478919669192065,,0.0006940026603435314,,,0.00508935284251923,0.0006940026603435314,,0.0006940026603435314,,0.0,,,0.0006940026603435314,0.0006940026603435314,,,0.00508935284251923,,,,,0.007344861488635707,0.0014458388757156901,0.0006940026603435314,,,,0.0028916777514313803,,0.0006940026603435314,,0.0014458388757156901,0.022034584465907118,0.0006940026603435314,,0.022034584465907118,0.004395350182175698,0.07125093979526921,,0.19200740269504357,0.11387426985136777,,,0.002197675091087849,0.0014458388757156901,,0.010236539240067087,0.0006940026603435314,,,,,0.40200104100399053,0.0014458388757156901,0.010988375455439245,,,0.0006940026603435314
0.0006940026603435314,,,,0.0021398415360592217,,,,0.003585680411774912,,,,,0.010063038574981205,0.0006940026603435314,,,0.0006940026603435314,0.08056214215487827,0.0006940026603435314,,,,0.007865363483893354,,,,,0.0,,,,0.0006940026603435314,,,0.011508877450696894,0.0006940026603435314,,,0.0013880053206870627,0.003585680411774912,0.003585680411774912,,0.0006940026603435314,,0.0006940026603435314,,,,0.0006940026603435314,,0.01937424093459025,0.0006940026603435314,,0.016540396738187496,0.009311202359609045,0.046035509802787575,,0.2973223064021745,0.11289109941588109,0.0006940026603435314,,,0.0006940026603435314,,0.007865363483893354,0.0006940026603435314,0.0013880053206870627,,,,0.3510496790237696,0.002833844196402753,0.0013880053206870627,,0.0006940026603435314,
,0.0014458388757156901,0.0006940026603435314,,0.0014458388757156901,,,,,0.0006940026603435314,0.002949511306460008,,0.002197675091087849,0.00821236481406512,,,,0.0006940026603435314,0.07281244578104216,0.002949511306460008,,,,0.012723382106298075,0.0006940026603435314,,0.0014458388757156901,,0.0,,,0.0014458388757156901,,,,0.006708692383320803,,,,0.0006940026603435314,0.006708692383320803,0.0014458388757156901,0.0006940026603435314,0.0014458388757156901,,0.0006940026603435314,,,,,0.0006940026603435314,0.028511942629113413,0.0014458388757156901,,0.014227054537042393,0.004453183737204326,0.06309640853623272,,0.1096524203342778,0.17274882887051066,0.002197675091087849,0.0006940026603435314,0.0006940026603435314,0.0006940026603435314,,0.01648256318315887,,0.002197675091087849,,0.002197675091087849,,0.4416748597536291,0.003701347521832167,0.002197675091087849,,0.0006940026603435314,0.002949511306460008
,0.0007518362153721589,,,0.0007518362153721589,,,,0.0007518362153721589,,0.0007518362153721589,0.0007518362153721589,,0.00532068706263374,,,,,0.0831646521311665,0.0030073448614886355,0.00532068706263374,,,0.006824359493378058,,0.0015036724307443178,0.0007518362153721589,0.0007518362153721589,0.0,,,0.0015036724307443178,,,,0.015210224972529062,,,0.0007518362153721589,0.0015036724307443178,0.006072523278005899,0.0030073448614886355,,,,0.0030073448614886355,0.0007518362153721589,,,0.0007518362153721589,0.0015036724307443178,0.017523567173674166,0.0015036724307443178,,0.028974611069342432,0.0037591810768607945,0.06940026603435313,0.0007518362153721589,0.14840090220345847,0.14805390087328668,0.00532068706263374,,,0.002255508646116477,,0.008385865479151003,0.0007518362153721589,0.004568850847261581,,,,0.3991671968075878,0.009137701694523163,0.004568850847261581,,0.0007518362153721589,0.002255508646116477
,,,,0.0006940026603435314,,,,,,0.0006940026603435314,,,0.005725521947834133,,,,0.0006940026603435314,0.07859580128390492,0.002833844196402753,0.005725521947834133,,,0.003585680411774912,0.0021398415360592217,0.0013880053206870627,,,0.0,,,0.003585680411774912,,,0.0013880053206870627,0.007923197038921982,,,,,0.004279683072118443,0.0006940026603435314,,,,0.0006940026603435314,0.0006940026603435314,,,0.008617199699265514,0.0021398415360592217,0.012954716326412584,0.0006940026603435314,,0.020183910704991037,0.003585680411774912,0.06060956567000173,0.0006940026603435314,0.4261176334509281,0.09450002891677751,0.005031519287490602,,,0.0006940026603435314,,0.003585680411774912,0.0013880053206870627,0.002833844196402753,,,,0.2193048406685559,0.005725521947834133,0.007923197038921982,,0.0006940026603435314,0.0013880053206870627
,,,,0.0028916777514313803,,0.0014458388757156901,,0.0021398415360592217,0.0006940026603435314,0.0006940026603435314,,,0.003585680411774912,,,,0.0006940026603435314,0.0818923139205367,,0.0028916777514313803,,,0.010120872130009832,,,,,0.0,,0.0006940026603435314,0.0014458388757156901,,,0.0006940026603435314,0.006477358163206292,,,,,0.004337516627147071,0.0021398415360592217,0.0006940026603435314,,,0.0021398415360592217,,,0.0006940026603435314,,,0.022439419351107513,,0.0006940026603435314,0.019547741599676132,0.003585680411774912,0.042738997166155805,,0.33173327164420796,0.10363773061130067,0.0057833555028627606,,0.0028916777514313803,0.0028916777514313803,,0.012318547221097681,0.0006940026603435314,0.0006940026603435314,,,,0.3182002197675091,0.0028916777514313803,0.0014458388757156901,,,0.0014458388757156901
,,,,0.0021398415360592217,,0.0028916777514313803,0.0006940026603435314,0.0036435139668035393,,0.0028916777514313803,,,0.0021398415360592217,0.0021398415360592217,0.0014458388757156901,,0.0021398415360592217,0.09039384650974495,,0.0036435139668035393,,,0.0036435139668035393,,0.0006940026603435314,,,0.0,,,0.0014458388757156901,,,,0.0065351917182349195,,,,,0.0014458388757156901,0.0014458388757156901,,,,0.0014458388757156901,,,,,,0.021861083800821236,,0.0036435139668035393,0.018217569834017698,0.0036435139668035393,0.06124573477531664,,0.2525591348100168,0.0925915216008328,0.0065351917182349195,,0.0006940026603435314,0.0006940026603435314,,0.01601989474292985,0.0006940026603435314,0.0006940026603435314,,,,0.38430397316523046,0.0036435139668035393,0.0021398415360592217,,,
,,0.0006940026603435314,,0.002082007981030594,,,0.0006940026603435314,0.004915852177433347,,0.003527846856746284,,,0.003527846856746284,0.0006940026603435314,0.002833844196402753,,,0.08854317274882888,,0.002833844196402753,,,0.004221849517089815,,,,,0.0,,,0.003527846856746284,,,,0.00850153258920826,0.0006940026603435314,,,,0.003527846856746284,0.002833844196402753,,,,0.002082007981030594,,,0.002082007981030594,,,0.023364756231565555,,0.002082007981030594,0.026892603088311838,0.004915852177433347,0.06656642183795038,,0.2375224105025736,0.12468914464172112,0.003527846856746284,,0.0013880053206870627,0.0006940026603435314,,0.014169220982013765,,,,,,0.3529003527846857,0.0013880053206870627,0.002082007981030594,,,
,,,,0.0014458388757156901,,,0.0006940026603435314,0.0014458388757156901,,0.0014458388757156901,,,0.0036435139668035393,,0.0006940026603435314,,0.0014458388757156901,0.08484182522699671,,0.0006940026603435314,,,0.0028916777514313803,,,,0.0006940026603435314,0.0,,0.0006940026603435314,0.0006940026603435314,,,,0.0065351917182349195,,,0.0006940026603435314,,0.0036435139668035393,,,,,0.0028916777514313803,,,,,0.004337516627147071,0.022670753571222023,0.0006940026603435314,0.0036435139668035393,0.018969406049389854,0.0021398415360592217,0.05777572147359898,,0.27175987507952115,0.12139263200508935,0.0006940026603435314,,0.0021398415360592217,0.0006940026603435314,,0.013128216991498468,,0.0014458388757156901,,,,0.35330518766988606,0.0036435139668035393,0.0021398415360592217,,,0.004337516627147071
,,,0.0006940026603435314,0.0021398415360592217,,,0.0006940026603435314,0.0006940026603435314,0.0021398415360592217,0.0013880053206870627,,,0.0006940026603435314,,0.0006940026603435314,,0.004279683072118443,0.07587762419755942,,0.005031519287490602,,,0.010814874790353363,,,0.0021398415360592217,,0.0,,,0.0013880053206870627,,,,0.011508877450696894,0.002833844196402753,,,0.0006940026603435314,0.002833844196402753,0.0013880053206870627,,,,0.0006940026603435314,,,0.0006940026603435314,0.005031519287490602,0.0021398415360592217,0.022381585796078886,,0.0021398415360592217,0.018738071829275345,0.006477358163206292,0.06211323810074605,,0.20501995257648487,0.14377421780116822,0.0013880053206870627,,0.0006940026603435314,0.0006940026603435314,,0.012954716326412584,,0.0021398415360592217,,0.0006940026603435314,,0.3736047654849344,0.0013880053206870627,0.005031519287490602,,,0.004279683072118443
,,,0.0006940026603435314,,,,0.0014458388757156901,0.0014458388757156901,0.005899022612920016,0.0036435139668035393,,,0.008848533919380024,,0.0006940026603435314,,0.0014458388757156901,0.09831704354866694,,0.011798045225840032,,,0.018448904054132208,0.0006940026603435314,,,,0.0,,,,,,0.002197675091087849,0.008848533919380024,,,,,0.002197675091087849,0.0006940026603435314,,,,0.002949511306460008,0.0006940026603435314,,0.0014458388757156901,0.007344861488635707,0.0014458388757156901,0.01625122896304436,,0.0006940026603435314,0.017697067838760048,0.002197675091087849,0.06801226071366608,,0.16777514313804864,0.14568272511711294,0.0006940026603435314,,0.0006940026603435314,,,0.01254988144121219,0.002197675091087849,0.002197675091087849,,0.0006940026603435314,,0.35862587473251983,0.011798045225840032,0.004395350182175698,,,0.006650858828292175
,,,0.0006940026603435314,0.004337516627147071,,,0.0021398415360592217,0.0028916777514313803,,0.0006940026603435314,,,0.0057833555028627606,,0.0021398415360592217,,0.0028916777514313803,0.07570412353247354,0.0006940026603435314,0.0057833555028627606,,,0.007981030593950611,,,0.0006940026603435314,,0.0,,,0.0006940026603435314,0.0006940026603435314,,,0.0065351917182349195,,,,,0.0065351917182349195,0.0028916777514313803,,,,0.0028916777514313803,,,0.0014458388757156901,0.0057833555028627606,0.0014458388757156901,0.007229194378578451,,,0.024752761552252617,0.01017870568503846,0.05604071482274015,0.0014458388757156901,0.4075530622867387,0.10849574923370539,0.0006940026603435314,,0.0014458388757156901,,,0.0028916777514313803,,0.0021398415360592217,,,,0.21548782603666647,0.0094268694696663,0.00508935284251923,0.0014458388757156901,,0.004337516627147071
,,0.0006940026603435314,,0.005031519287490602,0.0014458388757156901,0.0006940026603435314,,0.0028916777514313803,0.0021398415360592217,0.004337516627147071,,,0.003585680411774912,,0.0006940026603435314,,0.0021398415360592217,0.10080388641489792,,0.011566711005725521,,,0.01087270834538199,,,0.0014458388757156901,,0.0,,,0.0006940026603435314,,,,0.007229194378578451,,,,,0.007229194378578451,0.004337516627147071,,0.0006940026603435314,,0.0021398415360592217,,,,0.0028916777514313803,0.0006940026603435314,0.022439419351107513,,0.0006940026603435314,0.020299577815048292,0.007923197038921982,0.060898733445144876,,0.18136602856977613,0.1334220114510439,0.0021398415360592217,,0.0014458388757156901,0.0006940026603435314,,0.012318547221097681,,0.0006940026603435314,,,,0.3670117402116708,0.0057833555028627606,0.006477358163206292,0.0006940026603435314,,0.0014458388757156901
,,,,0.0021398415360592217,,,,0.0014458388757156901,0.0021398415360592217,0.0006940026603435314,,,0.0036435139668035393,,0.0006940026603435314,,0.0014458388757156901,0.09039384650974495,0.0021398415360592217,0.0057833555028627606,0.0006940026603435314,,0.01162454456075415,0.0021398415360592217,,0.0014458388757156901,,0.0,,,0.0006940026603435314,,,,0.004337516627147071,,,,,0.00508935284251923,0.0014458388757156901,,,,0.0036435139668035393,0.0006940026603435314,0.0006940026603435314,,,,0.018217569834017698,,0.0014458388757156901,0.025504597767624777,0.0057833555028627606,0.048811520444161705,,0.23538256896651444,0.1195997917992019,0.0006940026603435314,,0.0021398415360592217,,,0.0065351917182349195,0.0006940026603435314,,,,,0.3726215950494477,0.0072870279336070785,0.0094268694696663,,0.0006940026603435314,0.0021398415360592217
,,,,0.0027760106413741254,0.0006940026603435314,,,0.0034700133017176566,0.0013880053206870627,,0.0013880053206870627,,0.006997860158463941,,0.0034700133017176566,,0.0013880053206870627,0.09016251228963044,,0.0013880053206870627,,,0.009137701694523163,0.0013880053206870627,0.0006940026603435314,0.0006940026603435314,0.0013880053206870627,0.0,,,,,,,0.012665548551269447,,,,,0.00630385749812041,0.004221849517089815,,,,0.002082007981030594,,,,,0.0006940026603435314,0.01688739806835926,0.0006940026603435314,0.0013880053206870627,0.026025099762882423,0.005609854837776878,0.06760742582846567,,0.15482042681163588,0.13099300213984152,0.0013880053206870627,,0.0013880053206870627,,,0.011219709675553757,,,,,,0.41773176797177725,0.0034700133017176566,0.007691862818807472,,,0.0006940026603435314
,0.0006940026603435314,,,,0.0006940026603435314,0.0006940026603435314,,0.0027760106413741254,0.0013880053206870627,0.0006940026603435314,,,0.004221849517089815,,0.0006940026603435314,,,0.09542536579723555,0.0006940026603435314,,,,0.002082007981030594,,0.0006940026603435314,0.0006940026603435314,0.0013880053206870627,0.0,,,0.0013880053206870627,,,,0.0154993927476722,,,,,0.003527846856746284,0.002082007981030594,,,,0.0013880053206870627,0.0013880053206870627,,0.0013880053206870627,,0.004221849517089815,0.023306922676536928,0.0006940026603435314,0.0013880053206870627,0.021167081140477707,0.004221849517089815,0.06431091319183391,0.0013880053206870627,0.20340061303568324,0.11948412468914464,0.004221849517089815,,0.0027760106413741254,0.0006940026603435314,,0.019085073159447113,,0.002082007981030594,,0.0006940026603435314,,0.37823144988722457,0.003527846856746284,0.004915852177433347,,,0.0006940026603435314
,,,,,0.0006361691053149037,0.0006361691053149037,,0.0033543461916604013,0.0020241744260019665,0.00266034353131687,,,0.004684517957318836,,,,0.001330171765658435,0.08802267075357122,,0.004048348852003933,,,0.006072523278005899,,,,0.001330171765658435,0.0,,,0.00266034353131687,0.001330171765658435,,,0.010120872130009832,,,,0.0006361691053149037,0.010120872130009832,,,,0.0006361691053149037,0.010120872130009832,0.0006361691053149037,,0.0020241744260019665,,0.0006361691053149037,0.020299577815048292,0.001330171765658435,0.0006361691053149037,0.023653924006708692,0.004684517957318836,0.0812561448152218,0.0006361691053149037,0.0902203458446591,0.1367763576427043,0.00676652593834943,,0.0020241744260019665,0.001330171765658435,,0.0094268694696663,,0.001330171765658435,,0.0006361691053149037,,0.4619166040136487,0.0020241744260019665,0.001330171765658435,,,
,,,,0.002082007981030594,0.0006940026603435314,,0.0006940026603435314,0.006940026603435313,0.0027760106413741254,0.005552021282748251,,,0.01041003990515297,,,,0.0013880053206870627,0.09756520733329478,0.0006940026603435314,0.007634029263778845,0.0006940026603435314,,0.0034700133017176566,,0.0013880053206870627,0.0006940026603435314,0.0013880053206870627,0.0,,,0.0013880053206870627,,,,0.002082007981030594,,,,0.0034700133017176566,0.006940026603435313,,,0.0006940026603435314,0.0006940026603435314,0.006246023943091782,,0.0006940026603435314,0.005552021282748251,0.0006940026603435314,0.0027760106413741254,0.013937886761899254,,0.0006940026603435314,0.02509976288242438,0.006940026603435313,0.07529928864727314,0.0006940026603435314,0.22393152507084613,0.1254988144121219,0.0034700133017176566,,0.0006940026603435314,0.0006940026603435314,0.0006940026603435314,0.009022034584465908,,0.005552021282748251,0.0006940026603435314,,,0.32485107859580126,0.004164015962061188,0.0027760106413741254,,,
,0.0006361691053149037,,,0.001330171765658435,0.001330171765658435,,,0.009658203689780811,0.001330171765658435,,,,0.009658203689780811,,,,,0.09484703024694928,0.0027181770863454976,0.010352206350124342,,,0.001330171765658435,0.0020241744260019665,0.0006361691053149037,0.0006361691053149037,,0.0,,,0.0020241744260019665,,,,0.0075761957087502165,,,0.0006361691053149037,0.0006361691053149037,0.004800185067376092,,,0.0006361691053149037,0.0006361691053149037,0.005494187727719623,0.0006361691053149037,,0.00410618240703256,,0.003412179746689029,0.017292232953559656,0.001330171765658435,0.0006361691053149037,0.02562026487768203,0.0075761957087502165,0.06783876004858018,0.0020241744260019665,0.36892024752761543,0.09762304088832341,0.003412179746689029,,0.006188190388063154,,,0.003412179746689029,,0.0020241744260019665,0.0006361691053149037,,,0.221618182869701,0.003412179746689029,0.0027181770863454976,0.0006361691053149037,,
,,,,0.0006361691053149037,0.0006361691053149037,,,0.0020241744260019665,0.0020241744260019665,0.0006361691053149037,,,0.005436354172690995,,0.0006361691053149037,,0.0006361691053149037,0.057891388583656236,0.0006361691053149037,0.007460528598692962,,,0.008848533919380024,0.0006361691053149037,,0.0006361691053149037,,0.0,,,0.0020241744260019665,,,,0.008848533919380024,0.0006361691053149037,,,,0.008154531259036493,0.0020241744260019665,,0.0006361691053149037,,0.004048348852003933,0.0006361691053149037,,0.001330171765658435,,,0.008848533919380024,,,0.019721242264762014,0.0020241744260019665,0.044936672257243654,0.0006361691053149037,0.5084726158116939,0.09334335781620497,0.0006361691053149037,,0.001330171765658435,,,0.005436354172690995,,0.004742351512347464,,,,0.18472037476143657,0.0033543461916604013,0.0033543461916604013,,0.001330171765658435,
,,,,0.0027760106413741254,,,,0.0027760106413741254,0.0006940026603435314,,,,0.008328031924122375,,0.011104042565496502,,0.0006940026603435314,0.10022555086461164,0.0006940026603435314,,,,0.0034700133017176566,,,0.0006940026603435314,,0.0,,,0.0006940026603435314,,,,0.004858018622404719,,,,,0.0027760106413741254,0.007634029263778845,,,,0.0013880053206870627,,,,,0.002082007981030594,0.025735931987739286,0.0013880053206870627,0.0013880053206870627,0.01665606384824475,0.0034700133017176566,0.059857729454629575,,0.24712278063732585,0.10785958012839049,0.0006940026603435314,,0.0013880053206870627,,0.0006940026603435314,0.004164015962061188,,0.0006940026603435314,,,,0.3689780810826441,0.0034700133017176566,0.005552021282748251,,,
,0.0013880053206870627,,,0.0013880053206870627,,,,0.0034700133017176566,0.0013880053206870627,0.0006940026603435314,,,0.004164015962061188,,,,0.0006940026603435314,0.08848533919380025,0.0006940026603435314,,,,0.00630385749812041,0.0013880053206870627,0.0006940026603435314,0.0006940026603435314,,0.0,,,0.0013880053206870627,,,,0.0034700133017176566,,,,,0.0013880053206870627,0.004164015962061188,,0.0006940026603435314,,0.002082007981030594,,,,,0.0013880053206870627,0.013995720316927881,,0.0013880053206870627,0.016135561852987104,0.0027760106413741254,0.06737609160835116,0.0006940026603435314,0.2507084610491005,0.12497831241686426,0.0006940026603435314,,0.0013880053206870627,,0.0006940026603435314,0.011913712335897287,,0.0006940026603435314,,0.002082007981030594,,0.367300907986814,0.004915852177433347,0.0034700133017176566,0.0006940026603435314,0.0013880053206870627,0.0006940026603435314
,,,,0.0013880053206870627,,,,0.002082007981030594,0.0013880053206870627,0.0027760106413741254,0.0006940026603435314,,0.004221849517089815,,,,0.002082007981030594,0.08096697704007866,,,,,,,,0.0006940026603435314,,0.0,,,0.0013880053206870627,0.0006940026603435314,,,0.004221849517089815,,,,,0.004221849517089815,0.0034700133017176566,,,,0.0013880053206870627,,,,,,0.019721242264762014,0.0006940026603435314,0.0013880053206870627,0.013359551211612978,0.004221849517089815,0.06269157365103233,,0.22780637325776398,0.1345208489965878,0.0013880053206870627,0.0006940026603435314,0.0013880053206870627,,0.0006940026603435314,0.009137701694523163,,,,,,0.40645422474119486,0.002082007981030594,0.0013880053206870627,0.0006940026603435314,,
,,,,0.0013880053206870627,,0.0006940026603435314,,0.00844369903417963,0.0006940026603435314,,,,0.0013880053206870627,,0.0006940026603435314,0.0006940026603435314,,0.09883754554392458,,0.0013880053206870627,0.0006940026603435314,,0.0077496963738361,,,0.0006940026603435314,,0.0,,,0.0013880053206870627,,,,0.013359551211612978,,,0.0006940026603435314,0.0027760106413741254,0.003527846856746284,0.0027760106413741254,,,,0.0013880053206870627,,0.002082007981030594,,,0.0027760106413741254,0.02608293331791105,,0.0013880053206870627,0.020473078480134174,0.004915852177433347,0.09953154820426811,0.0006940026603435314,0.02932161239951414,0.1870915505176103,0.004221849517089815,,0.0013880053206870627,,0.0006940026603435314,0.018333236944074953,,,,0.0013880053206870627,,0.43982418599271295,0.003527846856746284,0.00630385749812041,0.0006940026603435314,,
,,,,0.0013880053206870627,,0.0013880053206870627,,0.007113527268521196,0.0006940026603435314,0.0021398415360592217,0.0006940026603435314,,0.004973685732461974,,0.0021398415360592217,0.0006940026603435314,0.0013880053206870627,0.0986640448788387,0.0006940026603435314,0.002833844196402753,0.0006940026603435314,,0.004279683072118443,,,,,0.0,,,0.0013880053206870627,,,,0.010699207680296108,,0.0006940026603435314,0.0013880053206870627,0.005667688392805506,0.004279683072118443,0.0021398415360592217,,,,0.0021398415360592217,0.0006940026603435314,0.0021398415360592217,0.0006940026603435314,0.0006940026603435314,0.004973685732461974,0.01787056850384593,,,0.027123937308426348,0.004973685732461974,0.10363773061130067,0.002833844196402753,0.12596148285235087,0.1372390260829333,0.005667688392805506,0.0006940026603435314,0.0021398415360592217,0.0006940026603435314,0.0006940026603435314,0.004279683072118443,,0.0006940026603435314,,0.0006940026603435314,,0.38893065756752065,0.003527846856746284,0.004279683072118443,0.0006940026603435314,,
,,0.0006940026603435314,,,,,,0.004279683072118443,,0.0013880053206870627,,,0.009311202359609045,0.0006940026603435314,,,0.0006940026603435314,0.0831646521311665,,0.0013880053206870627,0.0013880053206870627,,0.007171360823549824,,,,,0.0,,,0.0021398415360592217,,0.0006940026603435314,,0.006419524608177665,,,,0.002833844196402753,0.0021398415360592217,0.0006940026603435314,,,,0.0013880053206870627,0.0006940026603435314,0.0013880053206870627,0.0006940026603435314,,0.002833844196402753,0.015036724307443178,,,0.02151408247064947,0.0021398415360592217,0.09820137643860968,0.0006940026603435314,0.3339887802903245,0.09247585449077554,0.005725521947834133,0.002833844196402753,0.0013880053206870627,,0.0006940026603435314,0.010757041235324736,,0.004973685732461974,0.0006940026603435314,0.0006940026603435314,,0.26678618934705917,0.007171360823549824,0.0021398415360592217,,,
,,,,,,,0.0006940026603435314,0.0034700133017176566,0.0013880053206870627,,0.0006940026603435314,,0.00630385749812041,0.0006940026603435314,,,,0.09056734717483084,,0.002082007981030594,,,0.009831704354866693,,0.0006940026603435314,,,0.0,,,0.0006940026603435314,,,,0.004164015962061188,,,,,0.004164015962061188,,,,,0.0006940026603435314,0.0013880053206870627,,,,0.004164015962061188,0.02035741137007692,,0.0006940026603435314,0.01260771499624082,0.004915852177433347,0.05124052975536406,,0.2813024116592445,0.13625585564744666,0.002082007981030594,,0.0006940026603435314,,0.0006940026603435314,0.009831704354866693,0.0006940026603435314,0.0006940026603435314,,0.0006940026603435314,,0.33502978428083974,0.004915852177433347,0.004915852177433347,,,0.0006940026603435314
,,,,,,,0.0014458388757156901,0.004395350182175698,0.0014458388757156901,0.004395350182175698,0.0006940026603435314,,0.002197675091087849,,,,0.0006940026603435314,0.10965242033427795,,0.004395350182175698,,,0.006593025273263548,,0.0014458388757156901,0.0006940026603435314,,0.0,,,,,,,0.005841189057891389,0.0014458388757156901,,,,0.008096697704007866,0.004395350182175698,,,0.0006940026603435314,0.0036435139668035393,,,,,0.002197675091087849,0.023538256896651438,,,0.03238679081603146,0.004395350182175698,0.06621942050777861,0.0006940026603435314,0.15146608061997568,0.1361401885373894,0.0014458388757156901,,0.0014458388757156901,,0.0006940026603435314,0.010294372795095715,0.0006940026603435314,,,,,0.3974321901567289,0.004395350182175698,0.002197675091087849,,,0.002197675091087849
,,,,0.002833844196402753,,0.0013880053206870627,,0.004973685732461974,0.0006940026603435314,0.007171360823549824,,,0.002833844196402753,,,,0.0006940026603435314,0.11474177317679718,,0.0013880053206870627,,,0.004973685732461974,,0.0006940026603435314,,,0.0,,,,,,,0.008559366144236887,,,,,0.004973685732461974,0.0013880053206870627,,,0.0006940026603435314,0.012145046556011799,,,,,0.0021398415360592217,0.024347926667052225,,0.0013880053206870627,0.022208085130993004,0.004279683072118443,0.06379041119657626,,0.17338499797582574,0.1390896998438494,0.0013880053206870627,,0.0006940026603435314,0.0006940026603435314,0.0013880053206870627,0.010757041235324736,,,,,,0.3743566017003065,0.0021398415360592217,0.006419524608177665,0.0013880053206870627,,
,,,,,,0.0027760106413741254,,0.002082007981030594,0.002082007981030594,0.011104042565496502,,,0.007634029263778845,,,,,0.08275981724596611,,0.0027760106413741254,,,0.004858018622404719,0.002082007981030594,0.0006940026603435314,,,0.0,,,,,,,0.0034700133017176566,,,,,0.006940026603435313,0.0013880053206870627,,,,0.002082007981030594,0.002082007981030594,,,,0.006940026603435313,0.018738071829275345,0.0006940026603435314,,0.031287953270487535,0.004164015962061188,0.06049389855994448,0.004164015962061188,0.2024752761552252,0.1564975999074663,0.002082007981030594,,0.0013880053206870627,0.0006940026603435314,0.0013880053206870627,0.012492047886183563,,,,,,0.34850500260251,0.009022034584465908,0.004164015962061188,,,
,,,,,0.0006940026603435314,0.003585680411774912,,0.0006940026603435314,0.0057833555028627606,0.006477358163206292,,,0.0014458388757156901,,0.0006940026603435314,,0.0021398415360592217,0.09704470533803713,,0.007229194378578451,,,0.012260713666069054,,0.0006940026603435314,,,0.0,0.0006940026603435314,,,,,,0.012260713666069054,,,,,0.003585680411774912,0.0006940026603435314,,0.0014458388757156901,,0.0028916777514313803,,0.004337516627147071,,0.0006940026603435314,,0.02099358047539182,0.0006940026603435314,,0.03764964432363657,0.003585680411774912,0.0760511248626453,0.0057833555028627606,0.03759181076860785,0.17378983286102598,0.0028916777514313803,,0.0021398415360592217,0.0006940026603435314,0.0006940026603435314,0.010120872130009832,0.0006940026603435314,,,,,0.45555491296049966,0.005031519287490602,0.0006940026603435314,,,
,,,,,,0.004337516627147071,0.0006940026603435314,0.0021398415360592217,0.007229194378578451,0.0028916777514313803,,,0.0057833555028627606,,0.0006940026603435314,,0.0006940026603435314,0.10363773061130067,,0.005031519287490602,,,0.0057833555028627606,0.0021398415360592217,0.0014458388757156901,,,0.0,0.0006940026603435314,,0.0006940026603435314,,,,0.02099358047539182,,,,,0.004337516627147071,0.0021398415360592217,,,,0.017350066508588283,,0.007923197038921982,0.0006940026603435314,0.004337516627147071,0.006477358163206292,0.017350066508588283,,0.0006940026603435314,0.029668613729685964,0.0006940026603435314,0.08403215545659591,0.006477358163206292,0.10751257879821874,0.16158695274998555,0.003585680411774912,0.0014458388757156901,0.0028916777514313803,0.0006940026603435314,0.0006940026603435314,0.007923197038921982,0.0006940026603435314,,0.0006940026603435314,,,0.35515586143080213,0.006477358163206292,0.003585680411774912,,,
,,,,0.0006940026603435314,,0.0028916777514313803,0.0006940026603435314,0.002197675091087849,0.00508935284251923,0.00508935284251923,,,0.004395350182175698,,0.010236539240067087,,0.0006940026603435314,0.08368515412642415,,0.0036435139668035393,,,0.005841189057891389,,0.0014458388757156901,,,0.0,,,,,,,0.005841189057891389,,,,,0.00508935284251923,0.0014458388757156901,,0.0014458388757156901,,0.005841189057891389,0.0006940026603435314,0.00508935284251923,0.0036435139668035393,,0.002197675091087849,0.013186050546527096,,0.0006940026603435314,0.0293216123995142,0.002197675091087849,0.07778613151350414,0.0014458388757156901,0.3287837603377479,0.09912671331906772,0.00508935284251923,0.0006940026603435314,0.0072870279336070785,0.0006940026603435314,0.0006940026603435314,0.004395350182175698,0.0006940026603435314,0.0006940026603435314,0.0028916777514313803,,,0.2555086461164768,0.00508935284251923,0.005841189057891389,,,
,,,0.0006940026603435314,0.0014458388757156901,,0.0014458388757156901,,0.0014458388757156901,0.0006940026603435314,,,,0.004337516627147071,,,,0.0014458388757156901,0.1036955641663293,0.0014458388757156901,0.0021398415360592217,,,0.00508935284251923,,0.0006940026603435314,,,0.0,,,,,,,0.005841189057891389,,,,,0.0028916777514313803,0.0006940026603435314,,0.0006940026603435314,,0.007981030593950611,0.0006940026603435314,0.0021398415360592217,0.0006940026603435314,,0.0006940026603435314,0.027702272858712625,0.0006940026603435314,0.0006940026603435314,0.032097623040888326,0.0036435139668035393,0.08397432190156728,0.0065351917182349195,0.09253368804580409,0.1548204268116361,0.0021398415360592217,,0.0014458388757156901,0.0021398415360592217,,0.013128216991498468,,,0.0006940026603435314,,,0.4236307905846972,0.0036435139668035393,0.0028916777514313803,,,0.0006940026603435314
,,,,0.0006940026603435314,0.0006940026603435314,0.0006940026603435314,,,0.0006940026603435314,0.002833844196402753,,,0.002833844196402753,0.0006940026603435314,,,0.002833844196402753,0.11179226187033717,0.0006940026603435314,0.0013880053206870627,,,0.007113527268521196,,0.0006940026603435314,,,0.0,0.0006940026603435314,0.0006940026603435314,0.0006940026603435314,0.0006940026603435314,,0.0013880053206870627,0.012896882771383957,,,,,0.0013880053206870627,0.003527846856746284,,0.0006940026603435314,,0.010699207680296108,0.0013880053206870627,0.0021398415360592217,0.0013880053206870627,,0.0021398415360592217,0.023596090451680065,,0.002833844196402753,0.028627609739170667,0.004973685732461974,0.06517841651726332,0.0006940026603435314,0.07535712220230184,0.1906193973743566,0.0021398415360592217,,0.002833844196402753,0.0006940026603435314,,0.012145046556011799,,,0.0006940026603435314,0.0021398415360592217,,0.40772656295182463,0.002833844196402753,0.0021398415360592217,,,0.0006940026603435314
,,,0.0013880053206870627,0.0006940026603435314,,0.0006940026603435314,,0.0006940026603435314,,0.0021398415360592217,,,0.005031519287490602,0.0006940026603435314,,,,0.08657683187785553,,0.002833844196402753,,,0.005725521947834133,,0.0006940026603435314,,,0.0,0.0013880053206870627,,0.0021398415360592217,,,0.0006940026603435314,0.011508877450696894,0.0013880053206870627,,,0.0006940026603435314,0.007171360823549824,0.0013880053206870627,0.0006940026603435314,,,0.006477358163206292,0.0013880053206870627,0.0006940026603435314,,,0.003585680411774912,0.02955294661962871,,0.004279683072118443,0.008617199699265514,0.0006940026603435314,0.06997860158463941,0.0006940026603435314,0.1875542189578392,0.15296975305072003,0.002833844196402753,0.0013880053206870627,0.0021398415360592217,0.0006940026603435314,,0.017986235613903185,,,0.0013880053206870627,0.007923197038921982,,0.35787403851714766,0.002833844196402753,0.002833844196402753,0.0006940026603435314,,0.0006940026603435314
,,,,,,0.0006940026603435314,,0.00508935284251923,0.0021398415360592217,0.00508935284251923,,,0.0028916777514313803,,,,,0.11485744028685443,,0.0021398415360592217,,,0.004337516627147071,,0.0006940026603435314,0.0014458388757156901,,0.0,0.0014458388757156901,0.0006940026603435314,0.0021398415360592217,,,0.0006940026603435314,0.007981030593950611,,,,0.0014458388757156901,0.003585680411774912,0.0021398415360592217,,,0.0006940026603435314,0.003585680411774912,0.0014458388757156901,0.0006940026603435314,,,0.0006940026603435314,0.02394309178185183,0.0021398415360592217,0.0021398415360592217,0.01526805852755769,0.003585680411774912,0.060320397894858595,0.0006940026603435314,0.12937366259903993,0.15048291018448903,0.0028916777514313803,,0.0014458388757156901,0.0014458388757156901,,0.01162454456075415,,,0.0006940026603435314,0.0021398415360592217,,0.4165750968712047,0.003585680411774912,0.004337516627147071,,,0.0006940026603435314
,0.0014432513566562753,,,,,0.0006927606511950121,,0.0028865027133125505,,0.0065812261863526155,0.0006927606511950121,,0.005080244775430089,,0.0006927606511950121,,0.0036369934187738136,0.12764114998268097,,0.0065812261863526155,0.0006927606511950121,,0.0006927606511950121,,0.0006927606511950121,,,0.0,0.0014432513566562753,0.0006927606511950121,0.0006927606511950121,,,0.0006927606511950121,0.008774968248470153,,,,,0.004387484124235077,0.0036369934187738136,,,,0.0065812261863526155,0.0006927606511950121,0.0028865027133125505,0.0014432513566562753,,0.005080244775430089,0.021995150675441635,0.0014432513566562753,0.0028865027133125505,0.01830042720240157,0.0021937420621175384,0.0821498672208752,0.0006927606511950121,0.0,0.14594157718508255,0.0021937420621175384,,0.0028865027133125505,0.0006927606511950121,,0.019801408613324096,,,0.0006927606511950121,0.0028865027133125505,,0.48637570719316475,0.0036369934187738136,0.009525458953931417,,0.0006927606511950121,
0.0006940026603435314,0.0013880053206870627,,,,,0.0006940026603435314,,0.0013880053206870627,0.0013880053206870627,0.007691862818807472,0.0006940026603435314,,0.005609854837776878,,,,0.0006940026603435314,0.12497831241686426,,0.005609854837776878,0.0006940026603435314,,0.004164015962061188,,,0.002082007981030594,,0.0,0.0013880053206870627,0.0006940026603435314,0.0006940026603435314,,,0.0006940026603435314,0.011913712335897287,,,,0.0013880053206870627,0.006997860158463941,0.005609854837776878,,0.0006940026603435314,,0.00630385749812041,0.002082007981030594,0.0034700133017176566,0.0034700133017176566,,0.015441559192643572,0.016829564513330633,0.004164015962061188,0.0006940026603435314,0.02174541669076398,0.0027760106413741254,0.07865363483893355,0.0027760106413741254,0.1384535307385345,0.11514660806199757,0.0034700133017176566,0.0006940026603435314,0.004915852177433347,0.0006940026603435314,,0.011219709675553757,,0.0006940026603435314,0.0013880053206870627,0.0006940026603435314,,0.36521890000578333,0.008385865479151003,0.0027760106413741254,,,
,,0.0006940026603435314,0.0006940026603435314,,,0.0006940026603435314,0.0006940026603435314,,0.0006940026603435314,0.0036435139668035393,,0.0006940026603435314,0.004395350182175698,,,,0.0014458388757156901,0.09999421664449713,,0.008038864148979238,0.0006940026603435314,,0.005147186397547857,0.0006940026603435314,,,,0.0,0.0006940026603435314,,0.0014458388757156901,,,,0.004395350182175698,,,,,0.006593025273263548,0.0014458388757156901,,0.0014458388757156901,0.0006940026603435314,0.005841189057891389,,0.002197675091087849,0.0014458388757156901,,0.0014458388757156901,0.010294372795095715,,0.0014458388757156901,0.019085073159447113,0.004395350182175698,0.07570412353247354,0.0006940026603435314,0.38933549245272103,0.09704470533803713,0.0014458388757156901,,0.002197675091087849,0.0014458388757156901,,0.005841189057891389,0.0006940026603435314,,0.002197675091087849,,,0.22578219883176218,0.005841189057891389,0.0006940026603435314,,,
,,,,0.0007518362153721589,,,,0.002255508646116477,0.002255508646116477,0.005262853507605112,,,0.005262853507605112,,0.0015036724307443178,,,0.10624024058758892,,0.006014689722977271,,,0.012781215661326702,,,,,0.0,0.0007518362153721589,0.0007518362153721589,0.0007518362153721589,0.0007518362153721589,,,0.006014689722977271,,,,,0.005262853507605112,0.0030073448614886355,,,,0.009022034584465908,0.0015036724307443178,,0.0007518362153721589,,0.0007518362153721589,0.027123937308426348,,0.0015036724307443178,0.012029379445954542,0.004511017292232954,0.06552541784743508,,0.13376901278121578,0.13862703140362037,,0.0007518362153721589,0.0015036724307443178,0.0007518362153721589,,0.010525707015210224,,,0.002255508646116477,,,0.41969810884275055,0.0030073448614886355,0.004511017292232954,0.0007518362153721589,0.0007518362153721589,0.0007518362153721589
,,,,,,,,,0.0007518362153721589,0.0030651784165172634,,,0.0030651784165172634,0.0007518362153721589,0.0007518362153721589,,0.0007518362153721589,0.10832224856861951,,0.0023133422011451044,,,0.0038170146318894224,,,,,0.0,,0.0007518362153721589,,,,,0.010005205019952576,,,,,0.005378520617662368,0.004626684402290209,,,,0.009253368804580418,0.0007518362153721589,,,,0.0007518362153721589,0.023191255566479673,,0.0023133422011451044,0.013128216991498468,0.0023133422011451044,0.06882193048406686,0.0015036724307443178,0.2217338499797583,0.1292001619339541,0.0007518362153721589,0.0007518362153721589,0.0015036724307443178,0.0007518362153721589,,0.0030651784165172634,0.0015036724307443178,0.0015036724307443178,0.0023133422011451044,,,0.3636573940200104,0.0023133422011451044,0.0038170146318894224,,0.0007518362153721589,
,,,,,,0.0006940026603435314,,0.0006940026603435314,0.0014458388757156901,0.002197675091087849,0.0014458388757156901,,0.0036435139668035393,0.0006940026603435314,,,0.0006940026603435314,0.10566190503730265,,0.002197675091087849,,,0.00508935284251923,,,,,0.0,0.0006940026603435314,0.0006940026603435314,,,,,0.011740211670811405,,,,,0.0072870279336070785,0.00508935284251923,,,,0.012434214331154936,,,,0.005841189057891389,0.0014458388757156901,0.0293216123995142,,0.0028916777514313803,0.013937886761899254,0.0014458388757156901,0.060898733445144876,0.0006940026603435314,0.08518882655716842,0.1371811925279047,0.0014458388757156901,,0.002197675091087849,0.0028916777514313803,,0.008790700364351397,,0.0006940026603435314,0.0014458388757156901,,,0.4755074894453762,0.0036435139668035393,0.0014458388757156901,,,0.0006940026603435314
,,,,,,,0.0006940026603435314,0.0014458388757156901,0.0006940026603435314,0.008096697704007866,,,0.004395350182175698,0.0006940026603435314,0.0006940026603435314,,0.0006940026603435314,0.10988375455439246,0.002949511306460008,0.005147186397547857,,,0.0036435139668035393,,0.002197675091087849,,,0.0,0.0006940026603435314,,,,,,0.011798045225840032,,,,,0.004395350182175698,0.0036435139668035393,,,,0.010294372795095715,,,,0.007344861488635707,0.005899022612920016,0.024290093112023597,0.0006940026603435314,0.0036435139668035393,0.012492047886183563,,0.06564108495749234,0.0006940026603435314,0.07830663350876177,0.1342316812214447,0.0036435139668035393,,0.0006940026603435314,0.0006940026603435314,,0.008096697704007866,,0.0014458388757156901,0.0036435139668035393,0.0006940026603435314,,0.4677577930715401,0.006593025273263548,,,,0.0014458388757156901
,,,,0.002197675091087849,,0.002197675091087849,,0.0014458388757156901,0.0006940026603435314,0.00821236481406512,,,0.002949511306460008,0.0006940026603435314,,,0.0006940026603435314,0.11462610606673992,,0.007460528598692962,,,0.013475218321670233,0.0014458388757156901,,,,0.0,,,,,0.0006940026603435314,,0.012723382106298075,0.0006940026603435314,,,,0.005205019952576485,0.006708692383320803,,0.0006940026603435314,,0.01723439939853103,0.0006940026603435314,,0.002197675091087849,0.002197675091087849,0.0014458388757156901,0.023191255566479673,0.0014458388757156901,0.002949511306460008,0.017928402058874558,0.0006940026603435314,0.0741426175467006,0.0014458388757156901,0.118327453588572,0.13110866924989878,0.002949511306460008,0.0014458388757156901,,0.0006940026603435314,,0.012723382106298075,,0.0014458388757156901,0.002949511306460008,,,0.3941935110751258,0.002949511306460008,0.0006940026603435314,0.0006940026603435314,,0.0014458388757156901
,,,0.0006940026603435314,,0.0006940026603435314,,,0.0006940026603435314,,0.014863223642357296,,,0.009658203689780811,0.0006940026603435314,0.002949511306460008,,0.002197675091087849,0.10936325255913482,,0.005205019952576485,,,0.018564571164189463,0.0006940026603435314,0.0006940026603435314,,,0.0,,0.004453183737204326,,,,,0.004453183737204326,0.002197675091087849,,,,0.003701347521832167,0.002197675091087849,,0.0006940026603435314,0.002949511306460008,0.007402695043664334,,0.002197675091087849,0.0014458388757156901,0.0006940026603435314,0.008154531259036493,0.017060898733445146,0.002197675091087849,0.0006940026603435314,0.020068243594933782,0.002197675091087849,0.07287027933607079,0.008906367474408651,0.1525070846104909,0.14435255335145453,0.0006940026603435314,,0.003701347521832167,0.0014458388757156901,,0.01185587878086866,0.0006940026603435314,0.002949511306460008,0.002197675091087849,,,0.33184893875426524,0.008154531259036493,0.005205019952576485,0.0006940026603435314,,0.002197675091087849
,,,0.0006940026603435314,,,0.0014458388757156901,0.0006940026603435314,0.0006940026603435314,,0.004453183737204326,,0.0006940026603435314,0.0014458388757156901,0.0006940026603435314,0.002949511306460008,,0.003701347521832167,0.10068821930484066,,0.002197675091087849,,,0.01041003990515297,0.0006940026603435314,0.0006940026603435314,,,0.0,,,,,,,0.004453183737204326,,,,,0.002949511306460008,0.0014458388757156901,,,0.0006940026603435314,0.01862240471921809,,0.0006940026603435314,,,0.002949511306460008,0.008906367474408651,0.0006940026603435314,0.0006940026603435314,0.009658203689780811,,0.08050430859984964,0.008906367474408651,0.3458446590711932,0.10739691168816147,0.0006940026603435314,,0.002949511306460008,,,0.005956856167948644,,0.005205019952576485,0.0014458388757156901,,,0.24833728529292695,0.005956856167948644,0.002197675091087849,,,0.0006940026603435314
,,,,,,0.0021398415360592217,,0.0013880053206870627,0.0013880053206870627,0.0013880053206870627,,,0.0013880053206870627,,0.006477358163206292,,,0.09953154820426811,,0.004279683072118443,,,0.007171360823549824,0.0006940026603435314,,,,0.0,0.0006940026603435314,,,,,,0.014400555202128275,,,,,0.006477358163206292,0.0021398415360592217,,,,0.011508877450696894,0.0013880053206870627,0.0006940026603435314,,,0.0013880053206870627,0.02955294661962871,0.0006940026603435314,0.0006940026603435314,0.017986235613903185,0.003585680411774912,0.07067260424498294,,0.19380024290093112,0.12625065062749408,0.0021398415360592217,,,0.0006940026603435314,,0.010063038574981205,,0.004279683072118443,0.0006940026603435314,,,0.36145971892892254,0.005725521947834133,0.006477358163206292,,,0.0006940026603435314
0.0006940026603435314,0.002197675091087849,,,,,,,0.0006940026603435314,,0.005841189057891389,0.002197675091087849,,0.0028916777514313803,,0.0036435139668035393,,0.0006940026603435314,0.10537273726215951,,0.002197675091087849,,,0.013243884101555723,,,0.0006940026603435314,,0.0,0.0006940026603435314,,0.0014458388757156901,,,0.0006940026603435314,0.005147186397547857,,,,,0.006593025273263548,0.0036435139668035393,,,,0.009542536579723556,,0.0014458388757156901,0.0014458388757156901,,0.0036435139668035393,0.02134058180556359,,0.0006940026603435314,0.01763923428373142,0.010294372795095715,0.06997860158463941,0.0014458388757156901,0.1439477184662541,0.12896882771383958,0.0028916777514313803,,,,,0.005147186397547857,,0.0014458388757156901,0.0014458388757156901,,,0.41426175467005955,0.004395350182175698,0.0014458388757156901,,,
,,,,,,0.0021398415360592217,,0.0006940026603435314,,0.0006940026603435314,,,0.0028916777514313803,,0.0036435139668035393,,0.0006940026603435314,0.10751257879821872,,0.0014458388757156901,,,0.0072870279336070785,0.0014458388757156901,,,,0.0,0.0028916777514313803,,0.0021398415360592217,,,,0.016077728297958477,,,0.0006940026603435314,,0.0036435139668035393,0.004337516627147071,,0.0006940026603435314,,0.008038864148979238,,0.0065351917182349195,0.0014458388757156901,,0.005841189057891389,0.0299577815048291,,,0.012434214331154936,0.0021398415360592217,0.06436874674686253,0.0006940026603435314,0.15025157596437466,0.14406338557631138,0.005841189057891389,,,,,0.0065351917182349195,,0.0036435139668035393,0.0014458388757156901,,,0.38916199178763516,0.0021398415360592217,0.0028916777514313803,,,0.0036435139668035393
,,0.0014458388757156901,,0.0006940026603435314,,0.0006940026603435314,,0.002197675091087849,,,,,0.004453183737204326,,0.004453183737204326,,0.002197675091087849,0.10045688508472615,,0.0006940026603435314,,,0.01041003990515297,,0.0006940026603435314,0.0006940026603435314,,0.0,0.0006940026603435314,,0.002197675091087849,,,,0.01116187612052513,0.0014458388757156901,,0.0006940026603435314,0.0006940026603435314,0.004453183737204326,0.004453183737204326,,,,0.008906367474408651,,0.006650858828292175,0.0006940026603435314,0.0006940026603435314,0.006650858828292175,0.023769591116765947,,,0.01260771499624082,0.003701347521832167,0.06697125672315077,0.0006940026603435314,0.15921577699381184,0.12202880111040426,0.005899022612920016,0.0006940026603435314,0.0006940026603435314,,0.0006940026603435314,0.007402695043664334,0.0006940026603435314,0.002197675091087849,0.0006940026603435314,,,0.4032733792146203,0.006650858828292175,0.002197675091087849,,0.0014458388757156901,
,,,,,,0.0006940026603435314,0.0006940026603435314,,0.0006940026603435314,0.004395350182175698,0.0006940026603435314,,0.005147186397547857,,0.0014458388757156901,,0.0006940026603435314,0.09421086114163438,,0.005147186397547857,,,0.014053553871956509,,0.0006940026603435314,0.003701347521832167,,0.0,0.0006940026603435314,0.0006940026603435314,0.0014458388757156901,,,,0.008848533919380024,0.0014458388757156901,,,,0.002949511306460008,0.0014458388757156901,,,,0.005899022612920016,0.0006940026603435314,0.006650858828292175,0.0006940026603435314,,0.006650858828292175,0.021456248915620844,0.0006940026603435314,0.002197675091087849,0.016309062518072986,0.005147186397547857,0.07934763749927708,0.0006940026603435314,0.0870395003180846,0.14388988491122548,0.005899022612920016,0.0006940026603435314,0.003701347521832167,0.0014458388757156901,0.0006940026603435314,0.006650858828292175,,0.0014458388757156901,0.0014458388757156901,0.0014458388757156901,,0.4317274882887051,0.010352206350124342,0.005899022612920016,,0.0014458388757156901,
0.002197675091087849,,,,0.0006940026603435314,,0.0006940026603435314,,,,0.008096697704007866,,,0.005147186397547857,,0.002197675091087849,,,0.1112139263200509,,0.004395350182175698,,,0.008096697704007866,,,0.004395350182175698,0.0014458388757156901,0.0,0.0006940026603435314,0.0006940026603435314,0.0028916777514313803,,,,0.013995720316927881,,,,,0.009542536579723556,,,0.0006940026603435314,,0.008096697704007866,0.0006940026603435314,0.004395350182175698,0.0006940026603435314,,0.005841189057891389,0.01983690937481927,0.0028916777514313803,0.002197675091087849,0.01619339540801573,0.0014458388757156901,0.07581979064253079,0.002197675091087849,0.19530391533167546,0.10311722861604303,0.002197675091087849,,0.008790700364351397,,,0.007344861488635707,,0.004395350182175698,0.0014458388757156901,0.0028916777514313803,,0.3454398241859927,0.007344861488635707,0.0014458388757156901,,0.0014458388757156901,0.0014458388757156901
0.0007518362153721589,,,0.0007518362153721589,0.0007518362153721589,,0.0023133422011451044,,0.0007518362153721589,,0.005378520617662368,,,0.0015036724307443178,0.0007518362153721589,0.0007518362153721589,,0.0007518362153721589,0.09883754554392458,,0.0030651784165172634,,,0.005378520617662368,0.0007518362153721589,,0.0015036724307443178,0.0007518362153721589,0.0,0.0007518362153721589,0.0007518362153721589,0.0030651784165172634,,,,0.006940026603435313,,,,,0.0030651784165172634,0.006130356833034527,0.0007518362153721589,0.0007518362153721589,,0.012318547221097681,,0.0038170146318894224,0.0007518362153721589,,0.0015036724307443178,0.018506737609160835,0.0007518362153721589,0.0007518362153721589,0.02469492799722399,0.0023133422011451044,0.0741426175467006,0.0015036724307443178,0.30750101208721314,0.10965242033427795,0.004626684402290209,0.0023133422011451044,0.004626684402290209,,,0.007691862818807472,0.0015036724307443178,0.0015036724307443178,0.004626684402290209,0.0015036724307443178,,0.262622173384998,0.0030651784165172634,0.0007518362153721589,,,
,,,,,,,,0.0015036724307443178,,0.0015036724307443178,0.0007518362153721589,,0.0030073448614886355,,,0.0007518362153721589,,0.11769128448325719,,0.002255508646116477,,,0.012954716326412584,,,0.0015036724307443178,,0.0,0.0007518362153721589,,0.002255508646116477,,,,0.009137701694523163,0.0015036724307443178,,0.0007518362153721589,,0.006072523278005899,0.0038170146318894224,0.0007518362153721589,,,0.008385865479151003,,,,,0.00532068706263374,0.019085073159447113,,0.0007518362153721589,0.01601989474292985,0.002255508646116477,0.06037823144988722,0.0015036724307443178,0.15852177433346837,0.11005725521947834,0.0030073448614886355,0.0007518362153721589,0.0015036724307443178,,,0.009889537909895321,,0.0015036724307443178,,0.002255508646116477,,0.4128159157943439,0.009889537909895321,0.008385865479151003,,,0.0007518362153721589
,,,,,,,,0.0007518362153721589,,0.0007518362153721589,,,0.002255508646116477,,,,,0.0993002139841536,,0.0037591810768607945,,,0.004511017292232954,,,,,0.0,0.0007518362153721589,0.0007518362153721589,0.002255508646116477,,,,0.007518362153721589,,,,0.0015036724307443178,0.00676652593834943,0.0037591810768607945,0.0007518362153721589,,,0.010525707015210224,,,,,0.005262853507605112,0.015788560522815336,0.0015036724307443178,,0.01428488809207102,0.004511017292232954,0.06841709559886647,0.002255508646116477,0.11468393962176848,0.12110346422994621,0.006014689722977271,,0.0007518362153721589,,,0.009022034584465908,,0.0007518362153721589,,,,0.47469781967497543,0.006014689722977271,0.009022034584465908,,,
,,,,,0.0007518362153721589,,0.0023133422011451044,0.0015036724307443178,0.0015036724307443178,,,,0.005378520617662368,0.0007518362153721589,,,0.0007518362153721589,0.08825400497368573,,0.007691862818807472,0.0007518362153721589,,0.013937886761899254,0.0007518362153721589,0.0023133422011451044,0.0007518362153721589,,0.0,0.0007518362153721589,0.0015036724307443178,0.0007518362153721589,,,0.0007518362153721589,0.004626684402290209,,,,,0.0030651784165172634,0.0015036724307443178,,,,0.006940026603435313,,,,0.0030651784165172634,0.00850153258920826,0.018564571164189463,,0.0007518362153721589,0.006188190388063154,,0.07975247238447747,0.0015036724307443178,0.13139783702504193,0.12000462668440229,0.007691862818807472,0.0007518362153721589,,0.0007518362153721589,,0.011566711005725521,,0.0007518362153721589,,,,0.44682204615117693,0.006940026603435313,0.007691862818807472,,,
,0.0007518362153721589,0.0015615059857729454,,,,0.0007518362153721589,0.005609854837776878,0.002371175756173732,,0.0039905152969753055,0.0007518362153721589,,0.006419524608177665,,,,0.0007518362153721589,0.09432652825169163,,0.008848533919380024,,,0.005609854837776878,,0.0015615059857729454,0.0007518362153721589,,0.0,,0.0007518362153721589,0.0007518362153721589,,,,0.005609854837776878,,,,,0.0039905152969753055,0.0015615059857729454,,,,0.007229194378578451,,,0.0007518362153721589,0.0007518362153721589,0.006419524608177665,0.017697067838760048,,,0.016077728297958477,0.0031808455265745187,0.07420045110172922,0.0015615059857729454,0.07801746573361867,0.13145567058007054,0.008038864148979238,,0.0007518362153721589,,,0.013706552541784744,,0.0007518362153721589,,,,0.4807125093979527,0.008848533919380024,0.002371175756173732,,,0.0007518362153721589
,0.0007518362153721589,,,0.004568850847261581,,,0.0038170146318894224,,0.0015036724307443178,0.002255508646116477,,,0.008385865479151003,,0.0007518362153721589,,,0.1309351685848129,,0.009137701694523163,,,0.013012549881441212,0.0007518362153721589,0.0015036724307443178,0.0007518362153721589,,0.0,,0.0007518362153721589,0.0007518362153721589,,,0.0030073448614886355,0.008385865479151003,0.0015036724307443178,,,,0.002255508646116477,0.006072523278005899,0.0007518362153721589,,,0.004568850847261581,,0.0015036724307443178,0.0007518362153721589,0.0015036724307443178,0.006882193048406686,0.016829564513330633,0.0007518362153721589,0.0007518362153721589,0.013764386096813372,0.0007518362153721589,0.08877450696894339,0.0007518362153721589,0.1389161991787634,0.14545139089699843,0.0015036724307443178,,0.002255508646116477,,,0.010699207680296108,0.0007518362153721589,,,,,0.3483893354924527,0.006072523278005899,0.002255508646116477,,0.0030073448614886355,0.0015036724307443178
,0.0007518362153721589,,,0.005262853507605112,,,0.0037591810768607945,0.0007518362153721589,0.0007518362153721589,0.005262853507605112,,,0.004511017292232954,,,,0.0007518362153721589,0.09773870799838066,,0.008328031924122375,,,0.008328031924122375,,0.0015036724307443178,,,0.0,,0.0007518362153721589,0.0015036724307443178,,,0.0037591810768607945,0.0030073448614886355,,,,,0.0007518362153721589,0.004511017292232954,0.0007518362153721589,,0.0007518362153721589,0.009831704354866693,,0.002255508646116477,0.0015036724307443178,0.0030073448614886355,0.011335376785611011,0.009831704354866693,,,0.009079868139494535,0.002255508646116477,0.08941067607425829,0.0007518362153721589,0.3937886761899255,0.07269677867098491,0.002255508646116477,,0.0030073448614886355,,,0.006014689722977271,,0.0030073448614886355,,,,0.22046151176912845,0.004511017292232954,0.0007518362153721589,,,0.0007518362153721589
,0.0006940026603435314,0.0006940026603435314,,0.002197675091087849,,0.002949511306460008,0.0014458388757156901,0.002197675091087849,0.0014458388757156901,0.003701347521832167,0.0006940026603435314,,0.007402695043664334,0.0006940026603435314,,,0.0006940026603435314,0.07599329130761667,,0.007402695043664334,0.0006940026603435314,,0.006650858828292175,0.0006940026603435314,,,,0.0,,,0.0006940026603435314,,,0.002949511306460008,0.005205019952576485,,,,,0.002197675091087849,0.002949511306460008,,0.0006940026603435314,,0.003701347521832167,,0.0006940026603435314,0.0014458388757156901,0.0014458388757156901,0.009658203689780811,0.012665548551269447,0.0014458388757156901,0.0006940026603435314,0.02082007981030594,0.0006940026603435314,0.07674512752298884,,0.43380949626973553,0.08640333121276965,0.003701347521832167,,0.0006940026603435314,,,0.003701347521832167,0.004453183737204326,,,,,0.19969926551385114,0.004453183737204326,0.0014458388757156901,,,0.0006940026603435314
,,0.0006940026603435314,,0.0014458388757156901,,0.002949511306460008,0.002197675091087849,0.004453183737204326,0.002197675091087849,0.003701347521832167,,,0.0006940026603435314,0.0006940026603435314,0.0006940026603435314,,0.0006940026603435314,0.0936325255913481,,0.002949511306460008,0.0014458388757156901,,0.005205019952576485,,,,,0.0,,,0.0006940026603435314,,,,0.008964201029437279,,,,,0.004453183737204326,0.002197675091087849,,,,0.002197675091087849,,,0.0014458388757156901,0.0006940026603435314,0.010467873460181597,0.020183910704991037,0.0006940026603435314,,0.018680238274246717,0.002197675091087849,0.06968943380949627,,0.27031403620380534,0.11387426985136777,0.00821236481406512,0.0006940026603435314,0.003701347521832167,,,0.012723382106298075,,0.0006940026603435314,,,,0.31698571511190793,0.005205019952576485,0.0006940026603435314,,,0.0006940026603435314
,,,,,,0.0014458388757156901,0.0014458388757156901,0.0014458388757156901,0.002197675091087849,0.0014458388757156901,,,0.0006940026603435314,,0.0006940026603435314,,,0.11612977849748424,0.0014458388757156901,0.002949511306460008,0.0006940026603435314,,0.002197675091087849,,0.0006940026603435314,,,0.0,,,0.0006940026603435314,,,,0.014227054537042393,,,,,0.008964201029437279,0.002197675091087849,,,,0.004453183737204326,,,0.0014458388757156901,0.0006940026603435314,0.01573072696778671,0.011971545890925915,,,0.011219709675553757,0.004453183737204326,0.0831646521311665,0.0006940026603435314,0.1433693829159678,0.13336417789601526,0.011971545890925915,,0.005205019952576485,,,0.006708692383320803,,,0.0006940026603435314,,,0.3956393499508415,0.008964201029437279,0.0006940026603435314,,,
,,,,,,0.0014458388757156901,,0.004453183737204326,0.002197675091087849,0.0014458388757156901,,,,,0.0006940026603435314,,,0.1112139263200509,,0.002197675091087849,0.0006940026603435314,,0.002949511306460008,,0.0006940026603435314,,,0.0,,0.0006940026603435314,,,,,0.009716037244809439,,,,0.0014458388757156901,0.002949511306460008,0.003701347521832167,,,0.0006940026603435314,0.003701347521832167,0.0014458388757156901,,,0.0014458388757156901,0.011219709675553757,0.027760106413741253,,0.0014458388757156901,0.009716037244809439,0.005956856167948644,0.0743739517668151,0.0006940026603435314,0.11722861604302814,0.12173963333526112,0.009716037244809439,0.0014458388757156901,0.010467873460181597,,,0.006708692383320803,,0.0006940026603435314,0.0006940026603435314,,,0.4345034989300792,0.005956856167948644,0.005205019952576485,,,0.0006940026603435314
,,0.0006940026603435314,,,,0.002197675091087849,,0.005147186397547857,,0.007344861488635707,,,0.0036435139668035393,,0.0006940026603435314,,0.002197675091087849,0.10467873460181597,,0.004395350182175698,,,0.0036435139668035393,0.0006940026603435314,0.0014458388757156901,,,0.0,,,,,,,0.005147186397547857,,,,,0.002197675091087849,0.005841189057891389,,0.0006940026603435314,,0.004395350182175698,0.0014458388757156901,,0.0006940026603435314,0.0006940026603435314,0.006593025273263548,0.015441559192643572,,0.0006940026603435314,0.015441559192643572,0.005841189057891389,0.05893239257417154,0.0014458388757156901,0.1843733734312648,0.12162396622520387,0.011740211670811405,0.0006940026603435314,0.009542536579723556,,,0.010294372795095715,,,0.0006940026603435314,,,0.3892198253426638,0.008096697704007866,0.0014458388757156901,,,
,,0.0014458388757156901,,,,0.0014458388757156901,0.0006940026603435314,0.004337516627147071,0.0036435139668035393,0.0028916777514313803,,,0.0006940026603435314,,,,,0.08703950031808455,,0.0036435139668035393,,,0.0065351917182349195,0.0028916777514313803,0.0014458388757156901,,,0.0,,,,,,,0.014574055867214157,,,,,0.0028916777514313803,0.0021398415360592217,,,,0.004337516627147071,,0.0014458388757156901,,0.0006940026603435314,0.009484703024694927,0.020473078480134174,0.0014458388757156901,0.0006940026603435314,0.02411659244693771,0.00508935284251923,0.06801226071366608,,0.12098779711988883,0.1235903070961772,0.011682378115782778,,0.008038864148979238,,,0.013128216991498468,,0.0014458388757156901,,,,0.4425423630790585,0.004337516627147071,0.0006940026603435314,,0.0014458388757156901,
,,,,0.0014458388757156901,0.0006940026603435314,,0.0006940026603435314,0.0021398415360592217,0.0021398415360592217,0.0057833555028627606,,,0.004337516627147071,,0.0006940026603435314,,,0.0821236481406512,,0.004337516627147071,,,0.00508935284251923,,0.0006940026603435314,,,0.0,,,,,,,0.013764386096813372,0.0014458388757156901,,,,0.007981030593950611,0.0028916777514313803,,,,0.004337516627147071,,0.0014458388757156901,,0.0028916777514313803,0.0065351917182349195,0.021803250245792608,,0.0014458388757156901,0.02903244462437106,0.003585680411774912,0.07558845642241628,0.0065351917182349195,0.267248857787288,0.10537273726215951,0.003585680411774912,,0.01162454456075415,,,0.01017870568503846,,,,,,0.30241165924469376,0.0057833555028627606,0.004337516627147071,,,
,,,,,,,0.0006940026603435314,0.0014458388757156901,0.005205019952576485,0.004453183737204326,,,0.002949511306460008,,,,0.005956856167948644,0.08484182522699671,,0.004453183737204326,,,0.004453183737204326,,,,,0.0,0.0006940026603435314,,,,,,0.002949511306460008,,,0.0006940026603435314,,0.005205019952576485,0.0014458388757156901,,,,0.007460528598692962,,0.0006940026603435314,0.0006940026603435314,0.0014458388757156901,0.002197675091087849,0.013475218321670233,0.0006940026603435314,0.0006940026603435314,0.011971545890925915,0.0014458388757156901,0.08484182522699671,0.003701347521832167,0.38881499045746337,0.07732346307327512,0.003701347521832167,,0.004453183737204326,,,0.0014458388757156901,,0.0006940026603435314,,,,0.2591521600832803,0.00821236481406512,0.0014458388757156901,,,
,,,,0.0006940026603435314,,,,0.0028916777514313803,0.0021398415360592217,0.0057833555028627606,,,0.0014458388757156901,,,,0.0036435139668035393,0.0890058411890579,,0.0021398415360592217,,,0.01017870568503846,,,,,0.0,,,,0.0006940026603435314,,,0.009484703024694927,,,,0.0014458388757156901,0.0021398415360592217,0.0014458388757156901,,,,0.004337516627147071,0.0006940026603435314,,,0.0006940026603435314,0.0021398415360592217,0.026256433982996936,,0.0014458388757156901,0.018969406049389854,0.004337516627147071,0.06564108495749234,,0.208258631658088,0.10947891966919207,0.00508935284251923,,,0.0006940026603435314,,0.008732866809322769,0.0036435139668035393,0.0036435139668035393,,,,0.39118616621363717,0.010930541900410618,0.0006940026603435314,,,
,0.0006940026603435314,,,,,,,,0.002197675091087849,0.005956856167948644,,,0.005956856167948644,,0.0006940026603435314,,0.002949511306460008,0.10005205019952576,,0.002197675091087849,,,0.003701347521832167,,,,,0.0,,0.0006940026603435314,,,,,0.01041003990515297,,,0.0006940026603435314,0.0006940026603435314,0.002949511306460008,,,,,0.004453183737204326,0.0006940026603435314,,,0.0006940026603435314,0.002949511306460008,0.023133422011451042,0.0006940026603435314,0.0006940026603435314,0.029090278179399687,0.0006940026603435314,0.085882829217512,,0.16170261986004286,0.1202359609045168,0.005956856167948644,,,0.0006940026603435314,,0.01116187612052513,0.0014458388757156901,0.0006940026603435314,,,,0.39517668151061247,0.00821236481406512,0.005205019952576485,,,0.0006940026603435314
,,,,,,,,0.0006940026603435314,0.002949511306460008,0.004395350182175698,,,0.0036435139668035393,,0.0006940026603435314,,0.002949511306460008,0.08495749233705396,,0.0006940026603435314,,,0.009600370134752184,,,0.0006940026603435314,,0.0,0.0006940026603435314,,,,,,0.008848533919380024,,,,,0.004395350182175698,0.002949511306460008,,,,0.0036435139668035393,0.0014458388757156901,,,0.0014458388757156901,0.005147186397547857,0.03024694927997224,0.0006940026603435314,0.0014458388757156901,0.011046209010467873,,0.09901104620901047,,0.15800127233821049,0.12260713666069054,0.005147186397547857,,0.002949511306460008,0.0006940026603435314,,0.009600370134752184,0.0036435139668035393,0.0006940026603435314,,,,0.4078422300618819,0.004395350182175698,0.0014458388757156901,,0.0006940026603435314,
,,,,0.0006940026603435314,,,0.0014458388757156901,,0.0006940026603435314,0.006593025273263548,,,0.005841189057891389,,0.0014458388757156901,,0.0036435139668035393,0.10074605285986929,,0.006593025273263548,,,0.0028916777514313803,0.0014458388757156901,,,,0.0,,,,0.0006940026603435314,,,0.014689722977271414,0.0014458388757156901,,,,0.002197675091087849,0.0014458388757156901,,,,0.007344861488635707,0.0014458388757156901,,,0.002197675091087849,0.0036435139668035393,0.02348042334162281,,0.0028916777514313803,0.009542536579723556,0.0014458388757156901,0.09045168006477358,,0.12509397952692158,0.10438956682667283,0.005841189057891389,,,0.0006940026603435314,,0.019085073159447113,0.0014458388757156901,0.0014458388757156901,,0.0006940026603435314,,0.4361228384708808,0.008038864148979238,0.002197675091087849,,,
,,0.0006940026603435314,,,,0.0006940026603435314,0.003585680411774912,0.0021398415360592217,0.0021398415360592217,0.0094268694696663,,,0.0014458388757156901,,0.0006940026603435314,,0.0006940026603435314,0.11167659476027991,,0.005031519287490602,,,0.003585680411774912,0.0006940026603435314,,,,0.0,,,,,,,0.012318547221097681,,,,0.0006940026603435314,0.006477358163206292,0.0014458388757156901,,,0.0021398415360592217,0.007229194378578451,,0.0006940026603435314,,0.003585680411774912,0.0014458388757156901,0.023885258226823202,,0.0021398415360592217,0.01740790006361691,0.0021398415360592217,0.08559366144236887,0.006477358163206292,0.08559366144236902,0.11098259209993638,0.007229194378578451,,,0.0014458388757156901,,0.01087270834538199,0.0014458388757156901,0.0021398415360592217,,,,0.44682204615117693,0.010120872130009832,0.005031519287490602,,,0.0021398415360592217
,,,,0.002255508646116477,,,0.0015036724307443178,0.0038170146318894224,0.006824359493378058,0.01064137412526748,,,0.0015036724307443178,,0.0015036724307443178,,0.0007518362153721589,0.09773870799838066,,0.0038170146318894224,,,0.011451043895668266,0.0007518362153721589,0.0007518362153721589,,,0.0,,,,,,,0.006072523278005899,0.004568850847261581,,,0.0015036724307443178,0.0030073448614886355,0.00532068706263374,,0.0007518362153721589,,0.009137701694523163,,0.0007518362153721589,,0.0030073448614886355,0.0007518362153721589,0.019085073159447113,0.0030073448614886355,0.0030073448614886355,0.032791625701231855,0.0015036724307443178,0.10612457347753167,0.00532068706263374,0.09820137643860971,0.08935284251922966,,0.0030073448614886355,,,,0.011451043895668266,,0.0030073448614886355,,0.0007518362153721589,,0.428488809207102,0.01064137412526748,0.002255508646116477,,,0.0038170146318894224
0.0007518362153721589,,,,0.002255508646116477,,,0.0015036724307443178,0.006072523278005899,0.0007518362153721589,0.004568850847261581,,0.0007518362153721589,0.004568850847261581,,,,0.0030073448614886355,0.08559366144236887,,0.0015036724307443178,,,0.006824359493378058,0.002255508646116477,,,,0.0,,,,,,0.0007518362153721589,0.01451622231218553,0.002255508646116477,,,0.0007518362153721589,0.0007518362153721589,0.002255508646116477,,,,0.0038170146318894224,,0.0007518362153721589,,0.0015036724307443178,0.0030073448614886355,0.009137701694523163,,0.0015036724307443178,0.03053611705511538,,0.08559366144236887,,0.3029899947949801,0.09478919669192065,0.0007518362153721589,,0.004568850847261581,,,0.012202880111040426,,0.0007518362153721589,,0.0007518362153721589,,0.2896882771383957,0.012954716326412584,,,,0.0030073448614886355
,,,,,,,,0.006014689722977271,0.0007518362153721589,0.0015036724307443178,,,0.0015036724307443178,,0.0007518362153721589,,,0.11179226187033717,,0.0007518362153721589,,,0.0015036724307443178,0.0030073448614886355,0.0007518362153721589,,,0.0,,,,,,,0.005262853507605112,,,,0.0007518362153721589,0.004511017292232954,0.0030073448614886355,0.002255508646116477,,,0.006014689722977271,0.0015036724307443178,0.0007518362153721589,,0.0030073448614886355,0.0037591810768607945,0.027933607078827135,,0.0015036724307443178,0.008270198369093748,0.0037591810768607945,0.06795442715863745,0.0007518362153721589,0.22098201376438598,0.11931062402405876,,0.0007518362153721589,0.0007518362153721589,0.0015036724307443178,,0.011277543230582384,,0.0030073448614886355,,,,0.3663177375513273,0.00676652593834943,,,,
,,,,,,0.0014458388757156901,,0.0028916777514313803,0.0028916777514313803,0.0014458388757156901,0.0006940026603435314,,0.0006940026603435314,,,,0.0014458388757156901,0.10317506217107165,,0.0006940026603435314,,,0.0028916777514313803,0.0006940026603435314,,0.0014458388757156901,,0.0,,,,,,,0.011740211670811405,,,0.0006940026603435314,0.0006940026603435314,0.0028916777514313803,0.0006940026603435314,0.0028916777514313803,,0.0006940026603435314,0.005147186397547857,,0.0028916777514313803,,0.0014458388757156901,0.0006940026603435314,0.028743276849227922,0.0006940026603435314,,0.01839107049910358,0.0014458388757156901,0.06633508761783587,,0.2221386848649587,0.11202359609045168,0.002197675091087849,0.002197675091087849,0.0014458388757156901,0.0006940026603435314,,0.009542536579723556,0.0014458388757156901,0.002197675091087849,,,,0.3722745937192759,0.007344861488635707,,,,
,,0.0006940026603435314,,,,,,,0.003585680411774912,0.0021398415360592217,,,,,,,0.0006940026603435314,0.09293852293100457,,0.0021398415360592217,,,0.0021398415360592217,0.0006940026603435314,0.0006940026603435314,,,0.0,,,,,,,0.012318547221097681,,,,,0.005031519287490602,,,,,0.007981030593950611,0.0014458388757156901,0.003585680411774912,,0.0028916777514313803,0.0021398415360592217,0.0326759585911746,0.0021398415360592217,,0.012318547221097681,0.004337516627147071,0.06968943380949627,0.0028916777514313803,0.16777514313804875,0.16199178763518593,0.0021398415360592217,0.0006940026603435314,0.0006940026603435314,0.0006940026603435314,,0.008675033254294142,,0.0021398415360592217,,,,0.3821062980741426,0.005031519287490602,0.0028916777514313803,,,
,,0.0006940026603435314,,,,0.0006940026603435314,,0.0021398415360592217,0.003527846856746284,0.0013880053206870627,0.0006940026603435314,,0.008559366144236887,,,,0.003527846856746284,0.0959458677924932,,0.002833844196402753,,,0.0013880053206870627,,0.0006940026603435314,,,0.0,,,,,,,0.005725521947834133,,,,0.0006940026603435314,0.004973685732461974,0.0006940026603435314,,,0.0006940026603435314,0.006419524608177665,0.0006940026603435314,0.004279683072118443,,0.002833844196402753,0.0006940026603435314,0.025041929327395754,0.0013880053206870627,,0.01642472962813024,0.003527846856746284,0.0515296975305072,0.0006940026603435314,0.2069284598924297,0.12457347753166387,0.004279683072118443,0.0006940026603435314,,0.0013880053206870627,,0.01428488809207102,0.0006940026603435314,0.002833844196402753,,,,0.38598114626106067,0.006419524608177665,0.003527846856746284,,,
,,,,0.004337516627147071,,,,0.0006940026603435314,0.004337516627147071,0.0065351917182349195,,0.0006940026603435314,0.008732866809322769,,,,0.0028916777514313803,0.10444740038170146,,0.0021398415360592217,,,0.0028916777514313803,,0.0014458388757156901,,,0.0,,,,,,,0.009484703024694927,,,,,0.0072870279336070785,0.0014458388757156901,,0.0006940026603435314,,0.01017870568503846,0.0014458388757156901,0.00508935284251923,,0.0021398415360592217,0.0014458388757156901,0.015325892082586317,0.0014458388757156901,,0.04233416228095541,0.0021398415360592217,0.0678965936036088,0.0021398415360592217,0.09039384650974491,0.1307038343646984,0.0021398415360592217,0.0021398415360592217,0.004337516627147071,,,0.016771730958302006,0.0021398415360592217,0.0014458388757156901,,0.0006940026603435314,,0.4250766294604129,0.008732866809322769,0.0028916777514313803,,,0.0028916777514313803
0.0014458388757156901,,,,0.006650858828292175,,,,0.0006940026603435314,,0.01116187612052513,0.0006940026603435314,,0.005956856167948644,,,,0.002949511306460008,0.10346422994621479,,0.005205019952576485,,,0.0006940026603435314,,,,,0.0,,,,0.0006940026603435314,,,0.006650858828292175,,,0.0006940026603435314,,0.005205019952576485,0.005205019952576485,,0.002197675091087849,,0.008154531259036493,0.002197675091087849,0.0014458388757156901,,,0.002197675091087849,0.020068243594933782,0.0014458388757156901,,0.034989300792319704,0.004453183737204326,0.07443178532184373,,0.11572494361228369,0.1355040194320745,0.002949511306460008,,0.01260771499624082,,,0.007402695043664334,,0.002197675091087849,,,,0.4058180556358799,0.004453183737204326,0.002949511306460008,,,0.0014458388757156901
,,,,0.004279683072118443,,0.0006940026603435314,0.0006940026603435314,0.0021398415360592217,0.0006940026603435314,0.005725521947834133,,0.0013880053206870627,0.008617199699265514,,0.0006940026603435314,,0.002833844196402753,0.08414782256665317,,0.003585680411774912,0.0006940026603435314,,0.003585680411774912,0.0013880053206870627,,0.0006940026603435314,,0.0,,,,0.0021398415360592217,,,0.011508877450696894,,,,,0.010063038574981205,0.004279683072118443,0.0013880053206870627,0.0013880053206870627,,0.007865363483893354,0.0021398415360592217,0.0006940026603435314,,0.0006940026603435314,0.0021398415360592217,0.017928402058874558,0.0013880053206870627,,0.032328957261002836,0.0021398415360592217,0.07553062286738765,0.002833844196402753,0.3618067202590943,0.091319183390203,0.0006940026603435314,,0.002833844196402753,0.0013880053206870627,,0.008617199699265514,,,,0.0021398415360592217,,0.22439419351107512,0.006419524608177665,0.0006940026603435314,,,0.0013880053206870627
,,,,,,0.0013880053206870627,,0.0013880053206870627,0.0013880053206870627,,,,0.008617199699265514,,0.0013880053206870627,,0.0013880053206870627,0.09149268405528888,,,0.0006940026603435314,,,0.0021398415360592217,,,,0.0,,,,,,,0.010757041235324736,,,,,0.009311202359609045,0.003585680411774912,0.0006940026603435314,0.0006940026603435314,,0.003585680411774912,0.003585680411774912,0.0021398415360592217,0.0013880053206870627,0.0006940026603435314,0.005031519287490602,0.0215719160256781,,0.0006940026603435314,0.0215719160256781,0.003585680411774912,0.05181886530565034,,0.20270661037533977,0.11884795558382974,,,0.002833844196402753,,,0.006477358163206292,,,,,,0.4128159157943439,0.005725521947834133,,,,
,,0.0013880053206870627,,,0.0006940026603435314,0.0027760106413741254,,0.0006940026603435314,,0.0013880053206870627,,,0.005609854837776878,0.0006940026603435314,,,0.0006940026603435314,0.0871551674281418,0.0006940026603435314,,,,0.004915852177433347,0.002082007981030594,0.0013880053206870627,,,0.0,,,,,,,0.011219709675553757,,,0.0006940026603435314,,0.004164015962061188,0.0034700133017176566,,,,0.004915852177433347,0.0027760106413741254,0.0013880053206870627,0.0006940026603435314,,0.004915852177433347,0.023191255566479673,,,0.016829564513330633,0.002082007981030594,0.05476837661211035,0.0013880053206870627,0.23596090451680063,0.1229541379908623,,,0.0006940026603435314,,,0.010525707015210224,0.0006940026603435314,,,0.0006940026603435314,,0.37742178011682376,0.006997860158463941,,,,0.0013880053206870627
,,0.0006361691053149037,,0.0006361691053149037,,0.0027181770863454976,,0.0006361691053149037,,0.0020241744260019665,,0.001330171765658435,0.005436354172690995,,,,0.0027181770863454976,0.09698687178300851,0.0006361691053149037,0.0020241744260019665,,,0.001330171765658435,,,,,0.0,,,,,,,0.014342721647099647,,,,,0.005436354172690995,0.003412179746689029,,,,0.004742351512347464,0.0006361691053149037,0.003412179746689029,0.0006361691053149037,,0.005436354172690995,0.019779075819790642,,0.0006361691053149037,0.010930541900410618,0.0027181770863454976,0.055288878607367996,0.0006361691053149037,0.2625065062749409,0.08056214215487827,0.001330171765658435,,,,,0.010236539240067087,,0.001330171765658435,,,,0.3893933260077497,0.006824359493378058,0.001330171765658435,,,0.001330171765658435
,,,,,,0.0027760106413741254,,,,0.002082007981030594,,,0.009022034584465908,,0.0006940026603435314,,0.0006940026603435314,0.11873228847377248,,0.0027760106413741254,,,0.0013880053206870627,,0.0006940026603435314,,,0.0,,,,,,0.0013880053206870627,0.01041003990515297,,,,,0.0034700133017176566,0.0027760106413741254,,,,0.007634029263778845,0.0006940026603435314,0.0013880053206870627,0.0006940026603435314,,0.004858018622404719,0.024290093112023597,,,0.009716037244809439,0.005552021282748251,0.0576022208085131,0.0013880053206870627,0.1582904401133538,0.1208721300098317,0.0006940026603435314,0.0013880053206870627,0.0006940026603435314,,,0.01041003990515297,0.0006940026603435314,,0.0006940026603435314,,,0.42791047365681567,0.007634029263778845,,,,
,0.0006940026603435314,,,0.0013880053206870627,,0.0013880053206870627,,0.0006940026603435314,,0.002833844196402753,,,0.014863223642357296,,,,0.0006940026603435314,0.09854837776878145,,0.003527846856746284,,0.0006940026603435314,0.0077496963738361,0.002833844196402753,,0.0006940026603435314,,0.0,,,,,,,0.012723382106298075,,,,,0.011335376785611011,0.005667688392805506,,,,0.00919553524955179,0.0006940026603435314,0.0006940026603435314,0.0006940026603435314,,0.002082007981030594,0.021224914695506334,0.0006940026603435314,,0.024810595107281244,0.002082007981030594,0.05742872014342722,0.0006940026603435314,0.15054074373951765,0.11699728182291365,,0.0006940026603435314,0.0013880053206870627,,,0.012723382106298075,,,,,,0.42403562546989765,0.003527846856746284,0.0013880053206870627,,,0.002082007981030594
,,,,,,0.003585680411774912,0.0013880053206870627,0.0006940026603435314,0.0006940026603435314,0.009311202359609045,,0.0006940026603435314,0.005031519287490602,,0.0006940026603435314,,0.002833844196402753,0.10589323925741716,,0.002833844196402753,,,0.007923197038921982,0.0013880053206870627,,,,0.0,,,,,,0.0013880053206870627,0.0021398415360592217,,,,,0.004279683072118443,0.0013880053206870627,0.0006940026603435314,0.0013880053206870627,,0.0013880053206870627,0.0013880053206870627,0.0013880053206870627,0.0006940026603435314,,0.003585680411774912,0.009311202359609045,,0.0006940026603435314,0.02590943265282517,0.002833844196402753,0.0626337400960037,0.0013880053206870627,0.18217569834017688,0.15129257995488982,,,0.007923197038921982,,,0.007923197038921982,0.0006940026603435314,0.0013880053206870627,,0.004279683072118443,,0.36238505580938063,0.010063038574981205,0.005031519287490602,,0.0006940026603435314,0.0006940026603435314
,,0.002082007981030594,0.0006940026603435314,,,0.0013880053206870627,0.0013880053206870627,0.0006940026603435314,,0.004915852177433347,,,0.006997860158463941,,,,0.0013880053206870627,0.1074547452431901,,0.002082007981030594,,,0.008385865479151003,0.0006940026603435314,0.0013880053206870627,0.0006940026603435314,,0.0,,0.0006940026603435314,,,,,0.010525707015210224,,,0.0006940026603435314,,0.0027760106413741254,0.0013880053206870627,,,,0.004164015962061188,0.0013880053206870627,0.0013880053206870627,0.0013880053206870627,,0.005609854837776878,0.009831704354866693,,0.0006940026603435314,0.010525707015210224,0.0006940026603435314,0.07159794112544098,,0.36868891330750087,0.06668208894800763,0.002082007981030594,,0.002082007981030594,0.0013880053206870627,,0.009079868139494535,0.0006940026603435314,0.0013880053206870627,,,,0.2710658724191776,0.009079868139494535,0.0034700133017176566,,,0.0006940026603435314
,,0.0006940026603435314,0.0006940026603435314,,,0.0006940026603435314,,0.002833844196402753,0.0013880053206870627,,,,0.005667688392805506,,0.002833844196402753,,,0.11560927650222659,,,,,0.0013880053206870627,,0.0006940026603435314,,,0.0,,0.0006940026603435314,,,,,0.005667688392805506,,,0.0006940026603435314,,0.0021398415360592217,0.0021398415360592217,,,,0.006419524608177665,0.0006940026603435314,,,,0.002833844196402753,0.021398415360592216,,0.0006940026603435314,0.01353305187669886,0.0013880053206870627,0.09062518072985946,,0.13561968654213175,0.1292001619339541,0.002833844196402753,,0.0013880053206870627,,,0.009947371464923948,0.0006940026603435314,0.0006940026603435314,,0.0006940026603435314,,0.4111965762535423,0.018506737609160835,0.006419524608177665,,0.0006940026603435314,0.0006940026603435314
,,,,,,0.0021398415360592217,,0.0013880053206870627,0.0013880053206870627,,,,0.004973685732461974,,0.0006940026603435314,,,0.10612457347753167,,,,,0.012145046556011799,0.0006940026603435314,0.0006940026603435314,,,0.0,,0.0006940026603435314,,,,,0.007171360823549824,,,,,0.008559366144236887,0.002833844196402753,,,0.0013880053206870627,0.004973685732461974,0.0013880053206870627,,0.0006940026603435314,,0.008559366144236887,0.027933607078827135,0.0013880053206870627,0.0006940026603435314,0.013590885431727488,0.0006940026603435314,0.07026776935978254,,0.1553987623619223,0.1470128968827714,0.0013880053206870627,,0.003585680411774912,,,0.007865363483893354,,0.003585680411774912,,,,0.3858076455959748,0.007865363483893354,0.005725521947834133,,0.0006940026603435314,
,,,,0.0006940026603435314,,0.0006940026603435314,,0.0013880053206870627,0.0006940026603435314,0.0006940026603435314,0.0013880053206870627,,0.005609854837776878,,,,0.0006940026603435314,0.10595107281244578,,0.0027760106413741254,,,0.005609854837776878,0.0006940026603435314,0.0013880053206870627,,,0.0,,0.0006940026603435314,,,,,0.015383725637614944,,,,,0.0027760106413741254,0.0006940026603435314,0.0006940026603435314,,0.0006940026603435314,0.0006940026603435314,0.0006940026603435314,,0.0013880053206870627,,0.005609854837776878,0.02174541669076398,0.0006940026603435314,0.0006940026603435314,0.01260771499624082,0.0006940026603435314,0.07506795442715863,,0.15140824706494704,0.1319183390202996,0.0034700133017176566,,0.005609854837776878,,,0.00630385749812041,,0.0006940026603435314,0.0027760106413741254,,,0.41194841246891445,0.011913712335897287,0.004858018622404719,,,
,,,,,,0.0020241744260019665,0.003412179746689029,,0.001330171765658435,,0.0006361691053149037,,0.003412179746689029,,,,0.001330171765658435,0.10838008212364814,,0.006882193048406686,,,0.003412179746689029,,,,,0.0,,,,,,0.001330171765658435,0.008964201029437279,,,,0.0006361691053149037,0.005494187727719623,0.0006361691053149037,,,0.001330171765658435,0.0006361691053149037,,,0.004800185067376092,,0.003412179746689029,0.026198600427968306,,0.001330171765658435,0.016540396738187496,0.0027181770863454976,0.06558325140246371,,0.15470475970157882,0.14568272511711294,0.001330171765658435,0.0020241744260019665,0.0020241744260019665,,,0.0075761957087502165,0.0006361691053149037,,,0.001330171765658435,,0.40055520212827483,0.009658203689780811,0.0020241744260019665,,,0.0020241744260019665
0.0013880053206870627,,,,,,0.0013880053206870627,0.0027760106413741254,,0.0013880053206870627,0.005609854837776878,0.002082007981030594,,0.004164015962061188,0.0006940026603435314,,,,0.1061824070325603,,0.0034700133017176566,,,0.0034700133017176566,,,,,0.0,,,,,,,0.017581400728702793,,,,,0.002082007981030594,0.004915852177433347,,0.0006940026603435314,0.0013880053206870627,0.006997860158463941,0.0006940026603435314,0.0006940026603435314,0.0013880053206870627,0.0006940026603435314,0.004164015962061188,0.02105141403042045,,0.0006940026603435314,0.017581400728702793,0.0034700133017176566,0.06963160025446764,,5.783355502853027e-05,0.1596206118790122,0.0034700133017176566,,0.0027760106413741254,,,0.009137701694523163,,0.0006940026603435314,,0.0027760106413741254,,0.5148921404198716,0.008385865479151003,0.004164015962061188,,,0.007691862818807472
,,,,,,,,0.0021398415360592217,,0.010120872130009832,,0.0006940026603435314,0.010120872130009832,,,,,0.11358510207622463,0.0006940026603435314,0.004337516627147071,,,0.011566711005725521,,0.0021398415360592217,,0.0006940026603435314,0.0,,,,,,,0.010814874790353363,,0.0006940026603435314,,,0.005031519287490602,0.0028916777514313803,0.0006940026603435314,,0.0006940026603435314,0.006477358163206292,0.0014458388757156901,0.0006940026603435314,0.0006940026603435314,,0.0006940026603435314,0.012260713666069054,,,0.04412700248684286,0.0006940026603435314,0.07159794112544098,,0.052802035741136955,0.15412642415129257,0.0006940026603435314,,0.0057833555028627606,,,0.007923197038921982,0.0014458388757156901,0.0028916777514313803,,0.0014458388757156901,,0.43999768665779887,0.006477358163206292,0.005031519287490602,,,0.0057833555028627606
,,,,,,0.0006940026603435314,,0.0006940026603435314,,0.004337516627147071,,,0.003585680411774912,,,,0.0006940026603435314,0.08732866809322769,,0.004337516627147071,,,0.00508935284251923,,,,,0.0,,,,,,,0.007229194378578451,0.0006940026603435314,,,,0.0021398415360592217,0.0028916777514313803,0.0006940026603435314,,0.0006940026603435314,0.0014458388757156901,0.0014458388757156901,0.0006940026603435314,0.0006940026603435314,,,0.01451622231218553,0.0006940026603435314,,0.017465733618645538,0.0021398415360592217,0.07061477068995431,,0.36602856977618414,0.12301197154589093,0.003585680411774912,,0.0028916777514313803,,,0.0065351917182349195,0.0014458388757156901,0.0014458388757156901,,,,0.25481464345613325,0.0028916777514313803,0.0065351917182349195,,,
,,,,,,0.0006361691053149037,0.006072523278005899,0.0020241744260019665,0.0033543461916604013,0.0033543461916604013,,,0.0027181770863454976,,0.0006361691053149037,,,0.1141634376265109,,,,,0.006072523278005899,0.0006361691053149037,0.0006361691053149037,,,0.0,,,,,0.0006361691053149037,,0.005436354172690995,0.0006361691053149037,,,,0.004048348852003933,0.006072523278005899,0.0006361691053149037,,0.0020241744260019665,0.0006361691053149037,0.0020241744260019665,,,,0.0033543461916604013,0.02105141403042045,0.0006361691053149037,,0.02105141403042045,0.0020241744260019665,0.06523625007229195,,0.20235960904516803,0.14134520848996587,0.004048348852003933,,0.0027181770863454976,,,0.008154531259036493,,0.0006361691053149037,,0.0006361691053149037,,0.35752703718697587,0.005436354172690995,0.001330171765658435,,,
,,,,,0.0006361691053149037,,0.006882193048406686,0.0020241744260019665,0.0020241744260019665,0.001330171765658435,,,0.008964201029437279,,,,,0.12873749349372507,0.010352206350124342,0.0006361691053149037,,,0.006882193048406686,,0.0006361691053149037,,,0.0,,,,,,,0.010352206350124342,,,,0.001330171765658435,0.009658203689780811,0.006188190388063154,0.0006361691053149037,,0.0006361691053149037,0.0027181770863454976,0.001330171765658435,,,,0.005494187727719623,0.02348042334162281,0.0006361691053149037,0.0006361691053149037,0.02348042334162281,0.0020241744260019665,0.07194494245561274,,0.16199178763518596,0.12665548551269445,0.0020241744260019665,,0.0020241744260019665,,,0.005494187727719623,,0.0006361691053149037,0.0020241744260019665,,,0.3626742235845237,0.005494187727719623,0.001330171765658435,,,
,,,,,,,0.004915852177433347,0.002082007981030594,0.0027760106413741254,0.0013880053206870627,0.0006940026603435314,,0.013359551211612978,,,,0.0013880053206870627,0.09507836446706379,0.0034700133017176566,0.0013880053206870627,,,0.0034700133017176566,0.0013880053206870627,,,,0.0,,,,,,,0.007691862818807472,,,,,0.007691862818807472,0.004915852177433347,,,0.0006940026603435314,0.002082007981030594,,,,,0.0034700133017176566,0.02394309178185183,,0.0006940026603435314,0.014747556532300041,0.002082007981030594,0.06477358163206293,0.0006940026603435314,0.13452084899658767,0.15846394077843964,,,0.0027760106413741254,,,0.006997860158463941,,,,0.0006940026603435314,,0.4184257706321208,0.007691862818807472,0.0034700133017176566,,,0.002082007981030594
0.0013880053206870627,,,,,,0.002082007981030594,,0.005552021282748251,0.002082007981030594,0.007634029263778845,0.0006940026603435314,,0.006940026603435313,,,,0.0006940026603435314,0.1330171765658435,0.0013880053206870627,0.005552021282748251,,,0.002082007981030594,0.0006940026603435314,0.0006940026603435314,,,0.0,,0.0006940026603435314,,,0.0006940026603435314,,0.01041003990515297,,,,,0.005552021282748251,0.0034700133017176566,,,0.0006940026603435314,0.002082007981030594,,,,,0.0006940026603435314,0.027123937308426348,,0.0006940026603435314,0.018795905384303972,0.006940026603435313,0.06893759759412411,0.0013880053206870627,0.11925279046903015,0.1518709155051761,0.0034700133017176566,,0.0027760106413741254,,,0.007634029263778845,0.0013880053206870627,,,0.0013880053206870627,,0.37898328610259674,0.011104042565496502,0.0034700133017176566,,,
0.0006940026603435314,,,,,,0.0027760106413741254,0.0006940026603435314,0.0027760106413741254,0.0013880053206870627,0.0034700133017176566,0.0013880053206870627,0.002082007981030594,0.011219709675553757,,,,0.002082007981030594,0.10751257879821872,0.002082007981030594,0.004164015962061188,,0.0006940026603435314,0.0027760106413741254,0.0006940026603435314,,,,0.0,,,,,,0.0013880053206870627,0.0034700133017176566,,,,0.0013880053206870627,0.007691862818807472,0.005609854837776878,,,0.0013880053206870627,0.004164015962061188,0.0006940026603435314,,0.002082007981030594,0.0013880053206870627,0.006997860158463941,0.025273263547510267,,0.0006940026603435314,0.017523567173674166,0.005609854837776878,0.06043606500491585,0.0013880053206870627,0.0950205309120351,0.17778034815800128,0.004915852177433347,0.0013880053206870627,0.0027760106413741254,,,0.009831704354866693,0.0013880053206870627,,,0.0013880053206870627,,0.40275287721936265,0.004915852177433347,0.002082007981030594,,0.0013880053206870627,0.0006940026603435314
0.0006940026603435314,,0.0013880053206870627,,,,0.004915852177433347,0.0013880053206870627,0.0013880053206870627,0.0013880053206870627,0.0034700133017176566,0.0013880053206870627,,0.009137701694523163,0.0013880053206870627,,,0.0013880053206870627,0.12758082239315252,0.0013880053206870627,0.00630385749812041,,,0.0027760106413741254,,0.0006940026603435314,,,0.0,,0.0013880053206870627,,,,,0.006997860158463941,,,0.0006940026603435314,0.0006940026603435314,0.0027760106413741254,0.011277543230582384,,,0.0006940026603435314,0.0034700133017176566,0.0006940026603435314,0.0013880053206870627,0.002082007981030594,0.002082007981030594,0.0006940026603435314,0.018275403389046325,0.002082007981030594,0.0006940026603435314,0.02955294661962871,0.0034700133017176566,0.06552541784743508,0.002082007981030594,0.14192354404025198,0.13180267191024234,0.00844369903417963,0.0034700133017176566,0.0013880053206870627,,,0.009831704354866693,,0.0006940026603435314,,0.0013880053206870627,,0.36938291596784456,0.0034700133017176566,0.004221849517089815,,,0.0006940026603435314
,,0.0006940026603435314,,,,0.0027760106413741254,0.0006940026603435314,0.004164015962061188,,0.004164015962061188,,,0.004858018622404719,,,,0.0013880053206870627,0.10502573593198775,0.002082007981030594,0.004858018622404719,,,,,0.0006940026603435314,0.0006940026603435314,,0.0,,,,,,,0.0034700133017176566,,,0.0006940026603435314,0.0006940026603435314,0.0034700133017176566,0.006246023943091782,,,0.0013880053206870627,0.004164015962061188,0.0013880053206870627,0.0013880053206870627,0.0027760106413741254,0.0013880053206870627,0.0013880053206870627,0.008385865479151003,,0.0013880053206870627,0.027297437973512233,0.004858018622404719,0.060898733445144876,0.0006940026603435314,0.29986698282343416,0.10849574923370539,0.006997860158463941,0.0027760106413741254,0.0013880053206870627,,,0.009773870799838066,,0.002082007981030594,,,,0.2933896246602279,0.009079868139494535,0.0013880053206870627,,,0.0006940026603435314
,,,,,,0.0006940026603435314,0.0006940026603435314,,0.002082007981030594,0.0027760106413741254,,,0.005609854837776878,,0.0006940026603435314,0.0006940026603435314,0.0006940026603435314,0.10375339772135793,0.002082007981030594,,,,0.0013880053206870627,,0.002082007981030594,,,0.0,,,,,,,0.009773870799838066,,,,0.0006940026603435314,0.00630385749812041,0.0027760106413741254,,,0.0013880053206870627,0.0034700133017176566,0.0006940026603435314,,0.0013880053206870627,,0.0027760106413741254,0.021687583135735353,,0.0013880053206870627,0.015383725637614944,0.0034700133017176566,0.07501012087213,0.0006940026603435314,0.21531432537158046,0.1254988144121219,0.0034700133017176566,0.0034700133017176566,0.0027760106413741254,,,0.023133422011451042,,0.0006940026603435314,,,,0.3422011451043896,0.00630385749812041,0.00630385749812041,,,0.0006940026603435314
0.0013880053206870627,,,,,,0.0013880053206870627,,0.0006940026603435314,0.0006940026603435314,0.002082007981030594,,,0.0077496963738361,,,,0.0013880053206870627,0.13139783702504193,0.0013880053206870627,0.0027760106413741254,,,0.004915852177433347,,0.0013880053206870627,0.0006940026603435314,,0.0,,,0.0006940026603435314,,,,0.0027760106413741254,,,,,0.009137701694523163,0.003527846856746284,0.0006940026603435314,0.0006940026603435314,0.0013880053206870627,0.004221849517089815,0.0013880053206870627,,0.0006940026603435314,,,0.018333236944074953,,0.0006940026603435314,0.024000925336880457,0.002082007981030594,0.06922676536926725,0.0006940026603435314,0.13191833902029948,0.1518709155051761,0.003527846856746284,0.002082007981030594,0.0027760106413741254,,,0.00844369903417963,0.0006940026603435314,,,,,0.3906656642183795,0.004221849517089815,0.004915852177433347,0.0006940026603435314,,
,,,,,,,,0.0013880053206870627,,0.003527846856746284,,,0.011971545890925915,,,,0.0006940026603435314,0.1158406107223411,0.0013880053206870627,0.0027760106413741254,,,0.0006940026603435314,,,,,0.0,,,0.0006940026603435314,,,,0.011277543230582384,,,,,0.004915852177433347,0.003527846856746284,,0.0006940026603435314,0.0006940026603435314,0.0006940026603435314,0.0006940026603435314,,0.0013880053206870627,,0.003527846856746284,0.027528772193626743,,,0.019779075819790642,0.002082007981030594,0.057891388583656236,0.0013880053206870627,0.2023596090451678,0.14834306864842983,0.0027760106413741254,0.002082007981030594,0.002082007981030594,,,0.009889537909895321,,,,,,0.3468856630617084,0.004221849517089815,0.004915852177433347,0.0006940026603435314,,0.0006940026603435314
,,0.0006940026603435314,,,,,,0.002082007981030594,,0.002833844196402753,,,0.005667688392805506,,,,,0.10774391301833323,0.005667688392805506,0.002082007981030594,,,0.0013880053206870627,,,,,0.0,,,0.0006940026603435314,,,,0.00850153258920826,,,,,0.00850153258920826,0.004915852177433347,,,,0.002833844196402753,,,,,0.002082007981030594,0.026892603088311838,,0.0013880053206870627,0.01914290671447574,0.0006940026603435314,0.06876409692903823,0.0013880053206870627,0.14834306864842983,0.1346943496616737,0.004915852177433347,0.002833844196402753,,0.0013880053206870627,,0.00919553524955179,,0.0006940026603435314,,,,0.41484009022034585,0.004221849517089815,0.004221849517089815,0.0006940026603435314,,
,,,,,0.0006914035492048859,,,,,0.0021318276100483983,,,0.004321272182530537,,,,0.0006914035492048859,0.11742336943996312,0.0014404240608435123,0.0014404240608435123,,,0.0050126757317354225,,0.0021318276100483983,0.0006914035492048859,,0.0,,,0.0006914035492048859,,,0.0006914035492048859,0.015844664669278637,,,,,0.030248905277713758,0.004321272182530537,,,,0.0050126757317354225,0.0006914035492048859,0.0006914035492048859,0.0014404240608435123,0.0014404240608435123,0.0050126757317354225,0.049665821617884305,,0.0021318276100483983,0.015095644157640009,0.0006914035492048859,0.0806637474072367,0.0021318276100483983,0.0,0.1945148651763079,0.0028808481216870247,0.0028808481216870247,0.0006914035492048859,,,0.017285088730122147,0.0006914035492048859,0.0028808481216870247,,,,0.41426595989859416,0.006453099792578935,0.0014404240608435123,0.0028808481216870247,,0.0006914035492048859
,,,,0.0006940026603435314,,0.0028916777514313803,,,,0.004395350182175698,,,0.006593025273263548,,,,,0.11023075588456423,0.0006940026603435314,0.010988375455439245,,,0.006593025273263548,,0.0014458388757156901,,,0.0,,0.0006940026603435314,0.0006940026603435314,,,,0.02423225955699497,,,0.0006940026603435314,0.0006940026603435314,0.029379445954542827,0.002197675091087849,,,,0.00508935284251923,0.0006940026603435314,0.002197675091087849,0.002197675091087849,0.0036435139668035393,0.0006940026603435314,0.027875773523798508,,,0.010236539240067087,0.0006940026603435314,0.08374298768145277,0.0028916777514313803,0.023075588456422436,0.16164478630501417,0.004395350182175698,0.0028916777514313803,0.0006940026603435314,0.0006940026603435314,,0.012492047886183563,0.0006940026603435314,0.0014458388757156901,,,,0.4004973685732462,0.00508935284251923,0.04262333005609855,0.0006940026603435314,,
0.0006940026603435314,,,,,,0.004395350182175698,,0.0036435139668035393,,0.005147186397547857,,,0.005841189057891389,,,,,0.07148227401538372,0.0006940026603435314,0.004395350182175698,,,0.008790700364351397,,,,,0.0,,0.0006940026603435314,,,,,0.008096697704007866,,,,0.0006940026603435314,0.002197675091087849,0.002197675091087849,,,,,,0.0014458388757156901,0.0014458388757156901,0.0014458388757156901,0.0014458388757156901,0.009542536579723556,0.0006940026603435314,,0.005841189057891389,,0.06118790122028801,0.0014458388757156901,0.4127002486842867,0.12457347753166387,0.002197675091087849,0.0036435139668035393,,,,0.005147186397547857,0.0006940026603435314,0.0014458388757156901,,,,0.24324793245040774,0.002197675091087849,0.0006940026603435314,,,
,,0.0006940026603435314,,,,0.0006940026603435314,,0.002197675091087849,0.0006940026603435314,0.002197675091087849,,,0.007344861488635707,,,,,0.08698166676305592,0.0014458388757156901,0.0014458388757156901,,,0.0014458388757156901,,,0.0006940026603435314,,0.0,,,,,,,0.015441559192643572,,,,,0.0028916777514313803,0.006593025273263548,,,0.0006940026603435314,0.002197675091087849,,0.002197675091087849,0.0006940026603435314,,0.0036435139668035393,0.042738997166155805,,,0.013995720316927881,0.0014458388757156901,0.07223411023075589,0.002197675091087849,0.22167601642472967,0.13122433635995603,,0.002197675091087849,,,,0.01619339540801573,,0.0014458388757156901,,,,0.3412758082239315,0.007344861488635707,0.005841189057891389,,,
,,,,,,0.0006940026603435314,,,0.0006940026603435314,0.002949511306460008,,,0.002949511306460008,,,,0.0006940026603435314,0.09166618472037476,0.0014458388757156901,0.0006940026603435314,,,0.003701347521832167,,,,,0.0,,,,,,,0.014227054537042393,,,,0.0014458388757156901,0.003701347521832167,0.005956856167948644,,,0.0006940026603435314,0.002197675091087849,,0.0006940026603435314,,,0.006708692383320803,0.036030304782835004,,,0.010467873460181597,0.0014458388757156901,0.08038864148979238,0.002949511306460008,0.2131744838355213,0.14880573708865885,0.002949511306460008,0.002949511306460008,0.0014458388757156901,,,0.00821236481406512,,0.0014458388757156901,,,,0.3412758082239315,0.005956856167948644,0.0006940026603435314,,,0.0006940026603435314
,,,,,,,,0.0006940026603435314,0.0006940026603435314,0.0021398415360592217,,,0.0036435139668035393,,,,,0.10028338441964027,0.0014458388757156901,,,,0.004337516627147071,,,,,0.0,,0.0006940026603435314,,,,,0.021918917355849863,,,,,0.0072870279336070785,0.005841189057891389,,,0.0006940026603435314,0.0036435139668035393,,0.0006940026603435314,0.0006940026603435314,,0.0014458388757156901,0.02781793996876988,,0.0006940026603435314,0.008732866809322769,0.0021398415360592217,0.07466311954195824,0.0014458388757156901,0.16644497137239012,0.130298999479498,0.0021398415360592217,0.0021398415360592217,,0.0006940026603435314,,0.016077728297958477,,,,,,0.4048348852003933,0.004337516627147071,0.0006940026603435314,,,0.0006940026603435314
,,0.0014458388757156901,,,0.0028916777514313803,,0.002197675091087849,0.0006940026603435314,0.002197675091087849,0.0036435139668035393,,,0.005841189057891389,0.0014458388757156901,,,0.0006940026603435314,0.10803308079347637,0.0014458388757156901,,,,0.006593025273263548,,,,,0.0,,,,,,,0.011740211670811405,,,,0.002197675091087849,0.010988375455439245,0.005841189057891389,0.0006940026603435314,,0.0006940026603435314,0.0036435139668035393,,,,0.0006940026603435314,0.0036435139668035393,0.03967381874963854,,0.0006940026603435314,0.01983690937481927,0.0014458388757156901,0.07049910357989705,0.002197675091087849,0.1617604534150714,0.11977329246428778,0.002197675091087849,0.0014458388757156901,0.0006940026603435314,,,0.010988375455439245,,0.0006940026603435314,,,,0.38285813428951476,0.004395350182175698,0.0028916777514313803,,,0.0006940026603435314
,,0.0021398415360592217,,,,,0.003585680411774912,0.0014458388757156901,0.0014458388757156901,0.005031519287490602,,,0.004337516627147071,0.0014458388757156901,,,0.0006940026603435314,0.09646636978775085,0.0021398415360592217,0.0028916777514313803,,,0.0021398415360592217,0.0006940026603435314,,,,0.0,,,,,,,0.007229194378578451,,,,,0.003585680411774912,0.008675033254294142,,,0.0006940026603435314,0.0028916777514313803,0.0021398415360592217,0.0014458388757156901,0.0006940026603435314,0.0028916777514313803,0.0006940026603435314,0.0333121276964895,0.0006940026603435314,,0.046382511132959346,0.0006940026603435314,0.07616679197270257,0.0021398415360592217,0.10728124457810428,0.1486900699786016,0.003585680411774912,,,,,0.01665606384824475,0.0006940026603435314,,,,,0.3952923486206697,0.0094268694696663,0.003585680411774912,,,
,0.0006940026603435314,0.0014458388757156901,,0.0014458388757156901,,,0.0006940026603435314,0.0014458388757156901,,0.01185587878086866,,,0.006650858828292175,0.002949511306460008,0.0006940026603435314,,0.0014458388757156901,0.08258631658088023,0.002197675091087849,0.005205019952576485,,,0.002197675091087849,,,,,0.0,,,,,,,0.03568330345266323,,,,,0.01185587878086866,0.005899022612920016,,,0.0006940026603435314,0.003701347521832167,0.003701347521832167,0.0014458388757156901,0.0006940026603435314,0.006650858828292175,0.0014458388757156901,0.015615059857729454,0.0006940026603435314,0.0006940026603435314,0.023769591116765947,0.0006940026603435314,0.08998901162454456,,0.17546700595685627,0.12723382106298073,0.002197675091087849,0.002197675091087849,0.008154531259036493,,,0.01116187612052513,0.0014458388757156901,0.0006940026603435314,,,,0.33485628361575387,0.009658203689780811,0.002197675091087849,,,
,,0.0007518362153721589,,0.0007518362153721589,,,,,,0.0037591810768607945,,,0.0030073448614886355,0.0007518362153721589,,,,0.08333815279625238,0.0030073448614886355,0.0037591810768607945,,,0.0007518362153721589,0.0007518362153721589,,,,0.0,,0.0007518362153721589,0.0007518362153721589,,,,0.00676652593834943,,,,,,0.0015036724307443178,0.0007518362153721589,,,0.0007518362153721589,0.0015036724307443178,0.002255508646116477,0.0007518362153721589,0.004511017292232954,0.002255508646116477,0.01283904921635533,0.0007518362153721589,0.0007518362153721589,0.010583540570238853,0.0015036724307443178,0.06286507431611821,0.0015036724307443178,0.4027528772193627,0.12804349083338154,0.002255508646116477,0.0030073448614886355,0.0037591810768607945,0.0007518362153721589,,0.0075761957087502165,,0.002255508646116477,,,,0.23035104967902376,0.0037591810768607945,0.0015036724307443178,,,
0.0006361691053149037,,0.0020241744260019665,,,,,0.0006361691053149037,0.001330171765658435,,0.001330171765658435,,,0.0006361691053149037,0.0006361691053149037,,,,0.1319183390202996,0.001330171765658435,,,,0.003412179746689029,,,,,0.0,,,0.0020241744260019665,,,,0.007518362153721589,,,,,0.006130356833034527,0.003412179746689029,0.0006361691053149037,0.0006361691053149037,,0.003412179746689029,0.0006361691053149037,,,0.001330171765658435,0.004742351512347464,0.021861083800821236,,0.001330171765658435,0.009542536579723556,0.003412179746689029,0.0676652593834943,0.001330171765658435,0.24625527731189634,0.12509397952692153,0.001330171765658435,0.0020241744260019665,,,,0.006824359493378058,,0.0006361691053149037,,,,0.33427794806546757,0.0027181770863454976,0.001330171765658435,,,
,,0.0006361691053149037,,,,,0.0006361691053149037,0.0020241744260019665,,0.001330171765658435,,,0.0006361691053149037,0.0006361691053149037,,,,0.12601931640737957,0.001330171765658435,,,,0.0006361691053149037,,,0.0006361691053149037,,0.0,,0.0006361691053149037,0.001330171765658435,,,,0.006188190388063154,,,,,,0.001330171765658435,,0.0006361691053149037,,0.0027181770863454976,,0.0006361691053149037,,,0.004800185067376092,0.02423225955699497,,,0.010352206350124342,0.0006361691053149037,0.07963680527442021,0.0006361691053149037,0.23821641316291708,0.135735353652189,,,0.0006361691053149037,,,0.0027181770863454976,,0.0020241744260019665,,,,0.3476953328321092,0.001330171765658435,0.0027181770863454976,,,0.0006361691053149037
,,0.0013880053206870627,,,0.0013880053206870627,,0.0006940026603435314,0.0006940026603435314,,0.0027760106413741254,,,,0.0006940026603435314,0.0006940026603435314,,0.0006940026603435314,0.11873228847377248,0.0013880053206870627,0.0006940026603435314,0.0006940026603435314,,0.004164015962061188,0.0006940026603435314,,,,0.0,,0.0006940026603435314,0.0013880053206870627,,,,0.005552021282748251,,,,0.004858018622404719,0.0034700133017176566,0.0013880053206870627,0.0006940026603435314,,,0.005552021282748251,,,,,0.002082007981030594,0.02082007981030594,,0.0006940026603435314,0.013186050546527096,0.0013880053206870627,0.0680700942686947,0.002082007981030594,0.20340061303568313,0.15349025504597769,0.0006940026603435314,,,,,0.009022034584465908,,0.0027760106413741254,,,,0.3584523740674339,0.002082007981030594,0.002082007981030594,,0.0006940026603435314,
0.0006940026603435314,,,,,,,0.0006940026603435314,,0.0013880053206870627,0.002833844196402753,,,0.0006940026603435314,,,,0.0013880053206870627,0.10728124457810422,0.0013880053206870627,0.0006940026603435314,0.0006940026603435314,,0.003527846856746284,0.0006940026603435314,,0.0006940026603435314,,0.0,,,0.0006940026603435314,,,,0.00919553524955179,,,,0.0006940026603435314,0.003527846856746284,0.0006940026603435314,0.0006940026603435314,,,0.0013880053206870627,,,,,0.0013880053206870627,0.025562431322653404,0.0006940026603435314,,0.018448904054132208,0.003527846856746284,0.19472557978138916,0.0006940026603435314,0.09814354288358118,0.13145567058007054,,,0.0006940026603435314,,,0.01914290671447574,,0.0006940026603435314,,,,0.35608119831126017,0.004973685732461974,0.003527846856746284,,0.0006940026603435314,
0.0013880053206870627,,0.0006940026603435314,,0.0006940026603435314,,,0.0006940026603435314,,,0.002082007981030594,,,0.00630385749812041,,,0.0006940026603435314,0.0013880053206870627,0.1468393962176855,,0.007055693713492568,,,0.0232490891215083,0.0013880053206870627,,,,0.0,,0.0006940026603435314,0.0006940026603435314,,,,0.007055693713492568,,,,0.0006940026603435314,0.0077496963738361,0.007055693713492568,0.0006940026603435314,0.0006940026603435314,,0.009137701694523163,,,0.0006940026603435314,0.0027760106413741254,0.0013880053206870627,0.025388930657567522,,0.0013880053206870627,0.022555086461164768,0.003527846856746284,0.11364293563125326,0.002082007981030594,0.044242669596900264,0.10797524723844774,,0.0013880053206870627,0.002082007981030594,,,0.01619339540801573,0.0013880053206870627,0.0013880053206870627,,,,0.3911283326586085,0.003527846856746284,0.003527846856746284,,0.0006940026603435314,0.02608293331791105
0.0013880053206870627,,0.0006940026603435314,,0.0006940026603435314,,0.0006940026603435314,0.0006940026603435314,,0.0034700133017176566,0.006997860158463941,,,0.004858018622404719,,0.0034700133017176566,,0.0027760106413741254,0.1694523162338789,,0.008385865479151003,,,0.01185587878086866,0.0006940026603435314,,0.0013880053206870627,,0.0,,,0.0013880053206870627,,,,0.005552021282748251,,,,0.0006940026603435314,0.0034700133017176566,0.0006940026603435314,0.0006940026603435314,,0.0006940026603435314,0.0027760106413741254,,,,0.002082007981030594,0.0013880053206870627,0.01185587878086866,0.0006940026603435314,,0.030073448614886356,0.002082007981030594,0.08542016077728298,0.0034700133017176566,0.1289109941588108,0.13024116592446938,0.0006940026603435314,0.0006940026603435314,0.002082007981030594,,,0.009773870799838066,,0.002082007981030594,,,,0.3347406165056966,0.006997860158463941,0.0034700133017176566,,0.0006940026603435314,0.009079868139494535
0.0027760106413741254,,0.0006940026603435314,,0.0013880053206870627,,0.0013880053206870627,0.0006940026603435314,,,0.004915852177433347,,,0.0013880053206870627,,,,0.0034700133017176566,0.10398473194147244,,0.00630385749812041,,,0.010525707015210224,0.0013880053206870627,,0.0006940026603435314,,0.0,,,,,,,0.005609854837776878,0.002082007981030594,,,0.0006940026603435314,0.007691862818807472,0.0034700133017176566,,,0.0013880053206870627,0.002082007981030594,,,0.002082007981030594,0.002082007981030594,0.0013880053206870627,0.011913712335897287,0.0027760106413741254,,0.02035741137007692,0.0013880053206870627,0.09207101960557515,0.0006940026603435314,0.3774217801168237,0.08570932855242612,,,0.0006940026603435314,,,0.009079868139494535,0.0006940026603435314,0.002082007981030594,,,,0.2178590017928402,0.004915852177433347,0.002082007981030594,,0.0006940026603435314,0.0013880053206870627
0.0006940026603435314,,0.0013880053206870627,,0.0006940026603435314,0.002082007981030594,0.002082007981030594,0.0006940026603435314,0.002082007981030594,0.0006940026603435314,0.007807529928864727,,,,,,,,0.09316985715111908,0.0006940026603435314,0.004221849517089815,,,0.003527846856746284,,0.0006940026603435314,0.0013880053206870627,,0.0,,,,,,0.0006940026603435314,0.006361691053149037,0.0006940026603435314,,,0.0006940026603435314,0.005667688392805506,0.0013880053206870627,,,0.0013880053206870627,0.002082007981030594,,,0.002082007981030594,,0.005667688392805506,0.01208721300098317,0.0013880053206870627,,0.019200740269504368,0.002082007981030594,0.06824359493378059,,0.40934590249262626,0.09883754554392458,0.0006940026603435314,0.0006940026603435314,0.0006940026603435314,,,0.005667688392805506,,0.004221849517089815,,,,0.21832167023306923,0.007807529928864727,0.0013880053206870627,,0.0006940026603435314,
,,0.0006361691053149037,,0.0006361691053149037,,,0.0006361691053149037,0.004684517957318836,0.0006361691053149037,0.0019663408709733386,0.0006361691053149037,0.0006361691053149037,0.0006361691053149037,,,,,0.11717078248799953,0.001330171765658435,0.0006361691053149037,,,0.005378520617662368,,,,,0.0,,,0.0006361691053149037,0.0006361691053149037,,,0.0094268694696663,0.0006361691053149037,,,,0.0033543461916604013,0.0033543461916604013,0.0006361691053149037,,0.0006361691053149037,0.00266034353131687,0.0006361691053149037,,0.0019663408709733386,,0.005378520617662368,0.016829564513330633,,0.0006361691053149037,0.020183910704991037,0.00266034353131687,0.07472095309698687,,0.21785900179284012,0.15620843213232316,,,0.0019663408709733386,,,0.01815973627898907,,0.00266034353131687,,,,0.3118385287143601,0.004684517957318836,0.005378520617662368,,,0.0006361691053149037
,,,,0.0006361691053149037,,,0.0006361691053149037,,0.0006361691053149037,0.004048348852003933,0.0006361691053149037,,0.0020241744260019665,,,,0.0006361691053149037,0.12046729512463131,0.0033543461916604013,0.0006361691053149037,,,0.005378520617662368,0.0006361691053149037,,,,0.0,,,,,,,0.005378520617662368,,,,,0.001330171765658435,0.001330171765658435,0.0006361691053149037,,0.0006361691053149037,0.001330171765658435,0.001330171765658435,,0.001330171765658435,,0.004048348852003933,0.015557226302700827,,,0.008790700364351397,0.0020241744260019665,0.07778613151350414,0.0006361691053149037,0.25712798565727835,0.09814354288358106,,,0.0020241744260019665,,,0.010814874790353363,,0.00266034353131687,,0.0006361691053149037,,0.3560233647562316,0.00266034353131687,0.007402695043664334,,,0.0006361691053149037
,,0.0006361691053149037,,0.0006361691053149037,,,0.0006361691053149037,,0.0006361691053149037,0.0033543461916604013,,,0.0006361691053149037,,,0.0020241744260019665,,0.10375339772135793,0.001330171765658435,,,,0.0033543461916604013,,0.0006361691053149037,,,0.0,0.0006361691053149037,,,,,,0.006072523278005899,,,,,0.004048348852003933,0.0020241744260019665,0.0006361691053149037,,0.0006361691053149037,0.001330171765658435,0.0006361691053149037,,0.0006361691053149037,,0.00266034353131687,0.02371175756173732,0.004048348852003933,0.0006361691053149037,0.01353305187669886,0.0033543461916604013,0.08206581458562258,0.001330171765658435,0.20282227748539694,0.14105604071482275,0.0006361691053149037,,0.001330171765658435,,,0.008790700364351397,,0.0020241744260019665,,0.0006361691053149037,,0.3676479093169857,0.006072523278005899,0.0020241744260019665,,,0.001330171765658435
,,0.0006361691053149037,,,,0.0006361691053149037,0.0006361691053149037,0.0020241744260019665,0.001330171765658435,0.0006361691053149037,0.001330171765658435,,0.001330171765658435,,0.0006361691053149037,,0.0006361691053149037,0.10600890636747441,,0.0020241744260019665,,,0.0020241744260019665,0.001330171765658435,,,,0.0,,,0.0006361691053149037,,,,0.010120872130009832,,,,,0.0020241744260019665,0.0006361691053149037,0.0006361691053149037,,,0.00266034353131687,0.001330171765658435,0.0006361691053149037,0.0020241744260019665,0.00266034353131687,0.0020241744260019665,0.024984095772367126,0.0006361691053149037,0.0020241744260019665,0.018911572494361227,0.0033543461916604013,0.09791220866346655,0.001330171765658435,0.12636631773755125,0.14313804869585334,0.001330171765658435,,0.004048348852003933,,,0.010757041235324736,,0.001330171765658435,,0.0006361691053149037,,0.4072638945115956,0.005378520617662368,0.0033543461916604013,,,0.0006361691053149037
,,,,,,0.0006940026603435314,0.0006940026603435314,0.0034700133017176566,0.002082007981030594,0.0027760106413741254,,,0.0034700133017176566,,,,,0.14122954137990862,,0.006246023943091782,,,0.0013880053206870627,0.0006940026603435314,,,,0.0,,,0.0013880053206870627,,,0.0006940026603435314,0.004858018622404719,,,0.0013880053206870627,0.0006940026603435314,0.002082007981030594,0.0027760106413741254,,,,0.004858018622404719,0.0006940026603435314,0.0006940026603435314,,0.002082007981030594,0.0013880053206870627,0.014631889422242784,,0.028627609739170667,0.034931467237291076,0.002082007981030594,0.12584581574229367,0.0006940026603435314,0.11202359609045176,0.13561968654213175,0.0027760106413741254,0.0006940026603435314,,0.0013880053206870627,,0.014631889422242784,0.0006940026603435314,0.004858018622404719,,0.0006940026603435314,,0.3209183968538546,0.004858018622404719,0.007691862818807472,,,
,,0.0006940026603435314,,,0.0006940026603435314,,0.0006940026603435314,0.006419524608177665,,0.003527846856746284,,,0.0013880053206870627,0.0006940026603435314,,,0.002833844196402753,0.1074547452431901,0.0006940026603435314,0.009311202359609045,,,0.0013880053206870627,,,0.0006940026603435314,,0.0,,,,,,,0.006419524608177665,,,,0.0006940026603435314,0.006419524608177665,0.004973685732461974,0.0006940026603435314,,,0.002833844196402753,,0.0006940026603435314,,0.0013880053206870627,0.0013880053206870627,0.008559366144236887,,0.0006940026603435314,0.01428488809207102,,0.0680700942686947,,0.36255855647446655,0.10890058411890578,0.0006940026603435314,0.0006940026603435314,,,,0.012145046556011799,,0.003527846856746284,,,,0.2500722919437858,0.004973685732461974,0.002833844196402753,,,
,,0.0006940026603435314,,,,,0.0006940026603435314,,0.0013880053206870627,0.0027760106413741254,,,0.0006940026603435314,,0.0013880053206870627,,0.0006940026603435314,0.12711815395292347,0.0013880053206870627,0.0013880053206870627,,,0.004164015962061188,0.0006940026603435314,,,,0.0,,,,,,,0.022902087791336533,,,,0.002082007981030594,0.002082007981030594,0.0034700133017176566,0.0006940026603435314,,0.0006940026603435314,0.0034700133017176566,,0.0006940026603435314,0.0006940026603435314,,0.0027760106413741254,0.029148111734428314,,0.002082007981030594,0.012492047886183563,0.0027760106413741254,0.09721820600312302,,0.18119252790469031,0.1472442311028859,0.0013880053206870627,,0.0006940026603435314,0.0006940026603435314,,0.01041003990515297,,0.0006940026603435314,0.0006940026603435314,,,0.3132843675900758,0.009022034584465908,0.008328031924122375,,,
,,0.0006940026603435314,,,,,0.0014458388757156901,0.0014458388757156901,0.0014458388757156901,0.005899022612920016,,,,,0.002197675091087849,0.0006940026603435314,,0.14175004337516628,0.002197675091087849,,,,0.0006940026603435314,0.0006940026603435314,,,,0.0,,0.0014458388757156901,,,,0.0006940026603435314,0.003701347521832167,,,,0.0006940026603435314,0.002197675091087849,0.003701347521832167,,,0.0006940026603435314,0.0006940026603435314,,,0.0014458388757156901,,0.002197675091087849,0.030420449945058124,,,0.009600370134752184,0.0006940026603435314,0.07344861488635707,,0.20756462899774453,0.11803828581342896,0.0006940026603435314,,,,,0.008154531259036493,,0.0006940026603435314,,,,0.3659707362211555,0.003701347521832167,0.003701347521832167,,,0.0006940026603435314
,,0.0006940026603435314,,,,,0.0013880053206870627,,0.0006940026603435314,0.0021398415360592217,,,0.0006940026603435314,,0.0006940026603435314,,,0.11948412468914464,0.0021398415360592217,0.0013880053206870627,0.0006940026603435314,,0.004279683072118443,0.002833844196402753,0.0006940026603435314,,,0.0,,,,,,,0.009311202359609045,,,,0.0006940026603435314,0.0021398415360592217,0.004279683072118443,,,0.0006940026603435314,0.0013880053206870627,,,0.0006940026603435314,,0.005031519287490602,0.029495113064600082,,,0.01723439939853103,0.0013880053206870627,0.0791741368341912,,0.1933375744607021,0.11873228847377248,0.0006940026603435314,,,,,0.007171360823549824,0.0013880053206870627,0.0006940026603435314,,,,0.3822219651841999,0.004279683072118443,0.0021398415360592217,,,
,,0.0006940026603435314,,,,,0.0013880053206870627,0.0006940026603435314,0.0006940026603435314,0.003527846856746284,,,0.0006940026603435314,,0.003527846856746284,,0.003527846856746284,0.12382164131629171,0.0013880053206870627,0.0013880053206870627,,,0.003527846856746284,,,0.0006940026603435314,,0.0,,,,,,,0.005609854837776878,,,,0.0006940026603435314,0.004221849517089815,0.003527846856746284,,,0.0006940026603435314,0.0006940026603435314,0.0006940026603435314,,,,0.002082007981030594,0.02758660574865537,0.005609854837776878,0.002082007981030594,0.01763923428373142,0.0027760106413741254,0.0919553524955179,0.0006940026603435314,0.17656584350240012,0.13585102076224626,0.0013880053206870627,,0.0006940026603435314,,,0.011971545890925915,0.0006940026603435314,0.0006940026603435314,0.00844369903417963,,,0.3389046324677578,0.004915852177433347,0.006361691053149037,,0.0013880053206870627,
,,0.0006940026603435314,,,,,0.0013880053206870627,0.0013880053206870627,0.0006940026603435314,0.002833844196402753,,,0.002833844196402753,,0.005031519287490602,,0.0006940026603435314,0.1246313110866925,0.0013880053206870627,0.004279683072118443,,,0.008617199699265514,0.0021398415360592217,,,,0.0,,,,,0.0006940026603435314,0.0021398415360592217,0.012954716326412584,,,,0.0006940026603435314,0.005725521947834133,0.0013880053206870627,0.0013880053206870627,,0.0006940026603435314,,0.0013880053206870627,,,0.0006940026603435314,0.003585680411774912,0.02521542999248164,0.0006940026603435314,0.0006940026603435314,0.0266034353131687,0.004279683072118443,0.12387947487132034,,0.01723439939853111,0.15412642415129257,0.003585680411774912,,0.0013880053206870627,,,0.010757041235324736,,0.0013880053206870627,0.013648718986756117,0.0006940026603435314,,0.4170955988664623,0.0021398415360592217,0.006477358163206292,,0.0021398415360592217,
,0.0006940026603435314,,,0.0014458388757156901,,,0.0014458388757156901,0.002197675091087849,0.002949511306460008,0.003701347521832167,,,0.0006940026603435314,,0.003701347521832167,,,0.10843791567867676,0.002197675091087849,0.008906367474408651,,,0.002197675091087849,,0.0006940026603435314,0.002949511306460008,0.0006940026603435314,0.0,,,,,,0.002197675091087849,0.026719102423225956,,,,0.0006940026603435314,0.002197675091087849,0.0014458388757156901,,,,0.0006940026603435314,,,0.0006940026603435314,0.0006940026603435314,0.006650858828292175,0.01185587878086866,0.003701347521832167,0.0006940026603435314,0.03412179746689029,0.0014458388757156901,0.1047365681568446,0.0006940026603435314,0.0741426175467006,0.14111387426985136,0.007402695043664334,0.0006940026603435314,,,,0.015557226302700827,,0.004453183737204326,0.019316407379561622,,,0.3870799838066046,0.003701347521832167,0.002197675091087849,,0.002197675091087849,
,0.0007518362153721589,,,0.002255508646116477,,,0.0015036724307443178,0.002255508646116477,,0.0030073448614886355,,,0.002255508646116477,,0.002255508646116477,,0.0007518362153721589,0.08466832456191083,0.0030073448614886355,0.0037591810768607945,,,0.009773870799838066,0.0015036724307443178,0.0030073448614886355,0.0037591810768607945,0.0007518362153721589,0.0,,,,,,0.002255508646116477,0.00676652593834943,,,,0.0007518362153721589,0.002255508646116477,0.0007518362153721589,,,,0.0007518362153721589,,,,,0.0007518362153721589,0.015094557862471806,,,0.017350066508588283,0.0037591810768607945,0.07784396506853276,,0.339945636458273,0.11034642299462148,0.004511017292232954,0.0007518362153721589,0.0007518362153721589,0.0007518362153721589,,0.008270198369093748,,0.002255508646116477,0.015846394077843964,,,0.25169163148458734,0.0037591810768607945,0.005262853507605112,,0.002255508646116477,
,,,,0.0007518362153721589,,,0.0007518362153721589,0.0015036724307443178,0.0007518362153721589,0.002255508646116477,0.0007518362153721589,,,,0.0007518362153721589,,0.0015036724307443178,0.10479440171187322,0.0007518362153721589,,,,0.0038170146318894224,,,,,0.0,,,,,,,0.026198600427968306,,,0.0015036724307443178,0.0030651784165172634,0.00844369903417963,0.004568850847261581,,,0.0007518362153721589,0.0007518362153721589,0.0007518362153721589,0.0007518362153721589,0.0007518362153721589,,0.0030651784165172634,0.033890463246775776,,,0.019258573824532995,0.0030651784165172634,0.08784917008848533,,0.2071019605575154,0.12405297553640622,0.0015036724307443178,0.0007518362153721589,0.0015036724307443178,,,0.011508877450696894,,0.0015036724307443178,,,,0.32907292811289107,0.0038170146318894224,0.006130356833034527,,,
,,,,,,,0.0007518362153721589,,0.002255508646116477,0.0030073448614886355,0.0007518362153721589,,0.0007518362153721589,,0.002255508646116477,,0.0007518362153721589,0.11867445491874386,0.002255508646116477,,,,0.0030073448614886355,,,,,0.0,,,,,,0.0030073448614886355,0.012896882771383957,,,,,0.002255508646116477,0.002255508646116477,,0.0007518362153721589,0.0007518362153721589,0.0015036724307443178,,,,,,0.029668613729685964,,0.0007518362153721589,0.012145046556011799,0.002255508646116477,0.07454745243190099,,0.21091897518940483,0.12017812734948817,0.0007518362153721589,0.002255508646116477,0.0015036724307443178,,,0.00532068706263374,0.002255508646116477,,0.0007518362153721589,,,0.3750506043606501,0.002255508646116477,0.0015036724307443178,,,
,,,,,,,0.0006940026603435314,,0.0021398415360592217,0.0028916777514313803,0.0014458388757156901,,0.004337516627147071,0.0006940026603435314,0.0006940026603435314,,0.0014458388757156901,0.12520964663697878,0.0028916777514313803,,,,0.0028916777514313803,,,,,0.0,,,,,0.0006940026603435314,,0.01087270834538199,,,,,0.003585680411774912,0.0028916777514313803,,,0.0006940026603435314,0.004337516627147071,0.0006940026603435314,,,,0.0014458388757156901,0.026892603088311838,,,0.029090278179399687,0.0028916777514313803,0.08663466543288416,0.0006940026603435314,0.12145046556011785,0.13538835232201724,0.0006940026603435314,0.0021398415360592217,0.0021398415360592217,,,0.004337516627147071,0.0014458388757156901,,,0.0006940026603435314,,0.4070325602914811,0.0006940026603435314,0.0057833555028627606,,,0.0014458388757156901
,,,,,0.0006940026603435314,0.0021398415360592217,0.0006940026603435314,0.002833844196402753,0.004279683072118443,0.0006940026603435314,,,0.0006940026603435314,,0.0006940026603435314,,,0.11821178647851484,0.0013880053206870627,,,,0.004279683072118443,,,,,0.0,,,,,,0.0006940026603435314,0.005031519287490602,,,,,0.003585680411774912,0.0013880053206870627,,0.0013880053206870627,0.0006940026603435314,0.003585680411774912,,,,,0.0021398415360592217,0.021629749580706726,,0.0006940026603435314,0.012954716326412584,0.0013880053206870627,0.0929963564860332,0.0006940026603435314,0.1481695679833439,0.15568793013706553,0.0006940026603435314,0.0013880053206870627,0.0021398415360592217,,,0.003585680411774912,0.0006940026603435314,,,0.0013880053206870627,,0.39078133132843673,0.005725521947834133,0.004279683072118443,,,
,,,,,,0.003585680411774912,0.0006940026603435314,,0.004279683072118443,0.005031519287490602,0.0006940026603435314,,0.0006940026603435314,,0.0006940026603435314,0.0006940026603435314,0.0006940026603435314,0.1378173616332196,,0.002833844196402753,,,0.009369035914637672,,,0.0013880053206870627,,0.0,,,0.0006940026603435314,,,,0.018738071829275345,,,,,0.006477358163206292,0.0006940026603435314,0.0006940026603435314,0.0013880053206870627,0.0006940026603435314,0.004279683072118443,0.0013880053206870627,0.0006940026603435314,,,0.0006940026603435314,0.021629749580706726,,0.003585680411774912,0.013706552541784744,0.005725521947834133,0.11398993696142502,0.0013880053206870627,0.006303857498120458,0.1673703082528483,0.0006940026603435314,0.0006940026603435314,0.0013880053206870627,,,0.007923197038921982,0.0013880053206870627,0.0013880053206870627,,0.0006940026603435314,,0.4386675148921404,0.004279683072118443,0.004279683072118443,,,
,,,,,,0.0014458388757156901,0.0006940026603435314,0.0028916777514313803,0.0028916777514313803,0.0014458388757156901,0.0006940026603435314,,0.007981030593950611,,0.0014458388757156901,,0.0014458388757156901,0.10814874790353363,,0.0021398415360592217,,,0.0057833555028627606,,,0.0006940026603435314,,0.0,,,0.0006940026603435314,,,,0.006477358163206292,,,,,0.01087270834538199,0.0006940026603435314,,0.0014458388757156901,,0.007981030593950611,,0.0014458388757156901,,,0.0014458388757156901,0.02105141403042045,0.02105141403042045,0.0014458388757156901,0.02758660574865537,0.0057833555028627606,0.08779133653345671,,0.09912671331906775,0.14007287027933607,0.0006940026603435314,,0.006477358163206292,,,0.019547741599676132,0.0006940026603435314,,,,,0.3803712914232838,0.007229194378578451,0.012318547221097681,,,
,,,,,,0.0006940026603435314,0.0006940026603435314,,0.0021398415360592217,0.008675033254294142,0.0006940026603435314,0.0014458388757156901,0.0006940026603435314,,0.0006940026603435314,0.0006940026603435314,0.0021398415360592217,0.0934011913712336,0.0006940026603435314,0.0028916777514313803,,,0.007923197038921982,,0.0006940026603435314,0.0006940026603435314,,0.0,,,0.0014458388757156901,,,,0.005031519287490602,,,,,0.0014458388757156901,0.0006940026603435314,,0.0006940026603435314,,0.004337516627147071,0.0006940026603435314,0.0006940026603435314,0.0014458388757156901,,0.0021398415360592217,0.019547741599676132,,0.0021398415360592217,0.01665606384824475,,0.06951593314441039,,0.32230640217454165,0.12017812734948817,0.0021398415360592217,0.0006940026603435314,,,,0.010120872130009832,0.0006940026603435314,,,,,0.28315308542016077,0.007923197038921982,0.0014458388757156901,,,
,,0.0006940026603435314,,,,0.0006940026603435314,0.0021398415360592217,0.0014458388757156901,0.0006940026603435314,0.0028916777514313803,0.0014458388757156901,,0.0014458388757156901,,0.0021398415360592217,,0.0006940026603435314,0.12439997686657799,0.0014458388757156901,0.0014458388757156901,,,0.01017870568503846,,0.0021398415360592217,0.0014458388757156901,,0.0,,,,0.003585680411774912,,,0.01162454456075415,,,,,0.003585680411774912,0.0014458388757156901,,,0.0006940026603435314,0.0014458388757156901,0.0014458388757156901,0.0006940026603435314,,,0.0014458388757156901,0.01671389740327338,,,0.01017870568503846,0.0028916777514313803,0.07784396506853276,,0.19553524955179002,0.13457868255161645,0.0006940026603435314,0.0006940026603435314,0.0028916777514313803,0.0006940026603435314,,0.01017870568503846,,0.0021398415360592217,0.0028916777514313803,,,0.3535943554450292,0.003585680411774912,0.003585680411774912,,,
,,0.0006940026603435314,,,,,0.00508935284251923,,,0.004337516627147071,,,0.0014458388757156901,,0.0014458388757156901,,0.0014458388757156901,0.12515181308195014,0.0014458388757156901,0.0021398415360592217,,,0.0028916777514313803,,0.0006940026603435314,,,0.0,,,,0.0028916777514313803,,,0.013822219651841999,0.0006940026603435314,,,,0.0028916777514313803,,,,,0.00508935284251923,0.0021398415360592217,,,,0.0028916777514313803,0.01815973627898907,,,0.01017870568503846,0.0021398415360592217,0.07489445376207275,0.0014458388757156901,0.15082991151466074,0.14550922445202708,0.0014458388757156901,,,,,0.012318547221097681,,,,,,0.4015962061187901,0.0028916777514313803,0.0006940026603435314,,,0.0006940026603435314
,,0.0006940026603435314,0.0006940026603435314,,,,0.004337516627147071,0.0006940026603435314,,0.0057833555028627606,0.0014458388757156901,0.0006940026603435314,0.0014458388757156901,,0.0014458388757156901,,0.0006940026603435314,0.11722861604302816,0.0014458388757156901,0.0028916777514313803,,,0.0057833555028627606,,,,,0.0,,,,,,,0.007923197038921982,0.0006940026603435314,,,,0.0021398415360592217,0.0021398415360592217,,,,0.003585680411774912,0.0006940026603435314,,0.0006940026603435314,0.0014458388757156901,0.0021398415360592217,0.026025099762882423,,0.0006940026603435314,0.010120872130009832,0.0028916777514313803,0.07159794112544098,0.0006940026603435314,0.17066682088948004,0.1259036492973223,0.0006940026603435314,,,,,0.010120872130009832,0.0006940026603435314,,,0.0006940026603435314,,0.40599155630096584,0.0006940026603435314,0.004337516627147071,,,0.0014458388757156901
,,0.0006940026603435314,,,0.0006940026603435314,,0.0006940026603435314,0.0006940026603435314,0.0014458388757156901,0.0036435139668035393,,,,,0.002197675091087849,,,0.12729165461800937,0.0014458388757156901,,,,0.002949511306460008,0.0006940026603435314,,,,0.0,0.0006940026603435314,,0.002197675091087849,,,,0.008848533919380024,,,,0.010352206350124342,0.0036435139668035393,0.0014458388757156901,,,0.0006940026603435314,0.0036435139668035393,0.0014458388757156901,,0.0006940026603435314,0.002949511306460008,0.0014458388757156901,0.022150251575964376,,0.0014458388757156901,0.005899022612920016,0.002197675091087849,0.07026776935978254,0.0006940026603435314,0.17830085015325903,0.13099300213984152,0.002197675091087849,0.0014458388757156901,0.01625122896304436,,,0.008848533919380024,,0.0014458388757156901,,,,0.36336822624486725,0.008848533919380024,,,,0.005147186397547857
,,0.0006940026603435314,0.0006940026603435314,,0.0006940026603435314,0.0014458388757156901,0.0014458388757156901,0.0006940026603435314,0.0006940026603435314,0.0006940026603435314,0.0006940026603435314,,0.0021398415360592217,,,,0.01590422763287259,0.10733907813313284,0.0006940026603435314,0.0006940026603435314,,0.0006940026603435314,0.008675033254294142,,,,,0.0,,,0.0006940026603435314,,,,0.010120872130009832,,,,0.0014458388757156901,0.0028916777514313803,0.0021398415360592217,,,,0.004337516627147071,0.0006940026603435314,,,,0.004337516627147071,0.02608293331791105,0.0006940026603435314,,0.018101902723960443,0.0057833555028627606,0.09207101960557515,0.030420449945058124,0.041408825400497395,0.15447342548146434,0.0057833555028627606,,0.0006940026603435314,,,0.01665606384824475,0.0006940026603435314,,,0.0014458388757156901,,0.4228789543693251,0.003585680411774912,0.007229194378578451,,,0.0014458388757156901
,0.0036435139668035393,0.0006940026603435314,0.0006940026603435314,,,,,,,0.0006940026603435314,0.0006940026603435314,,0.009484703024694927,,,,,0.11873228847377248,,0.0014458388757156901,,,0.010236539240067087,,,0.0006940026603435314,,0.0,,,0.002197675091087849,,,,0.009484703024694927,0.0006940026603435314,,0.0006940026603435314,,0.005841189057891389,0.0014458388757156901,,,0.00508935284251923,0.0036435139668035393,0.0014458388757156901,,,,0.00508935284251923,0.011682378115782778,,0.0014458388757156901,0.020473078480134174,0.0036435139668035393,0.0865189983228269,0.004395350182175698,0.1987160950783644,0.12977849748424036,0.002197675091087849,,,,,0.015383725637614944,0.002197675091087849,,,,,0.32554508125614484,0.004395350182175698,0.004395350182175698,,,0.006593025273263548
,0.0006940026603435314,0.0006940026603435314,,,,0.0014458388757156901,,0.0028916777514313803,0.0021398415360592217,0.0006940026603435314,0.0006940026603435314,,0.0028916777514313803,,0.0006940026603435314,,,0.09982071597941125,,0.0028916777514313803,,0.0006940026603435314,0.004337516627147071,,,,,0.0,,,,,,,0.0036435139668035393,0.0006940026603435314,,,,0.0036435139668035393,,,,0.0014458388757156901,0.0006940026603435314,0.0014458388757156901,,,,0.0028916777514313803,0.010930541900410618,,0.0028916777514313803,0.02110924758544908,0.0014458388757156901,0.08304898502110925,0.0014458388757156901,0.34272164709964714,0.11439477184662541,0.0006940026603435314,,0.0006940026603435314,,,0.014574055867214157,,,,,,0.25724365276733563,0.01017870568503846,0.0006940026603435314,,,0.0028916777514313803
,,,,,,,,,0.0006940026603435314,0.0006940026603435314,,,0.004973685732461974,,0.0006940026603435314,,,0.11127175987507952,0.0006940026603435314,,,0.0006940026603435314,0.007807529928864727,,,0.0021398415360592217,,0.0,,,0.0006940026603435314,,,,0.011393210340639639,,,,,0.006419524608177665,0.0006940026603435314,,,0.0006940026603435314,0.0021398415360592217,0.0013880053206870627,,,,0.004973685732461974,0.023538256896651438,,,0.01567289341275808,0.0021398415360592217,0.08987334451448731,,0.1586952749985543,0.1512347463998612,,,0.0013880053206870627,,,0.0021398415360592217,,,,,,0.37522410502573594,0.01208721300098317,0.006419524608177665,,,0.003527846856746284
,,,,0.0014458388757156901,0.0006940026603435314,,,0.0006940026603435314,0.0014458388757156901,,,,,,,,0.0014458388757156901,0.11549360939216934,,,,0.0006940026603435314,0.0014458388757156901,,,0.0014458388757156901,,0.0,,,0.0014458388757156901,,,,0.01087270834538199,,,,,0.005031519287490602,0.007981030593950611,,,0.0006940026603435314,0.0028916777514313803,0.0006940026603435314,,,0.005031519287490602,0.0057833555028627606,0.025388930657567522,,,0.020299577815048292,0.0028916777514313803,0.0806199757099069,0.0014458388757156901,0.17621884217222827,0.13729685963796195,,,0.0006940026603435314,0.0006940026603435314,,0.0065351917182349195,,,,,,0.37192759238910417,0.0021398415360592217,0.005031519287490602,,0.0028916777514313803,0.0006940026603435314
,,,,0.0006940026603435314,,,0.0057833555028627606,,0.0006940026603435314,0.0014458388757156901,,,0.0006940026603435314,,,,,0.12040946156960268,,,,0.0006940026603435314,0.0021398415360592217,,,0.0006940026603435314,0.0006940026603435314,0.0,0.0006940026603435314,,,,,,0.012318547221097681,,,,,0.004337516627147071,0.0057833555028627606,,0.0021398415360592217,0.0006940026603435314,,0.0006940026603435314,,,,0.018101902723960443,0.027528772193626743,,0.0006940026603435314,0.01590422763287259,0.0014458388757156901,0.07975247238447747,0.0006940026603435314,0.20010410039905147,0.1036955641663293,0.0057833555028627606,,0.0006940026603435314,,,0.005031519287490602,0.0006940026603435314,,,,,0.3641200624602394,0.007229194378578451,0.0057833555028627606,,,0.0021398415360592217
,,,,,,,0.006997860158463941,0.0013880053206870627,0.0006940026603435314,0.0006940026603435314,,,0.002082007981030594,,0.0013880053206870627,,0.0006940026603435314,0.12226013533051877,,0.0006940026603435314,,0.0006940026603435314,0.004915852177433347,,0.0034700133017176566,,,0.0,,,,,,,0.00630385749812041,,,,,0.00630385749812041,0.0013880053206870627,,,0.0006940026603435314,0.002082007981030594,0.0013880053206870627,,0.0006940026603435314,,0.01260771499624082,0.03793881209877971,,0.0006940026603435314,0.02880111040425655,0.002082007981030594,0.07379561621652883,0.0006940026603435314,0.16008328031924124,0.1307038343646984,0.0013880053206870627,,0.0027760106413741254,,,0.010525707015210224,,0.0006940026603435314,,,,0.35984037938812097,0.0027760106413741254,0.007691862818807472,,,0.002082007981030594
,,,,0.002082007981030594,,,,,0.0013880053206870627,0.0013880053206870627,0.0006940026603435314,0.0006940026603435314,,,,,,0.13995720316927882,0.0006940026603435314,0.002082007981030594,,,0.008385865479151003,,0.0006940026603435314,0.0013880053206870627,,0.0,,,0.0013880053206870627,,,,0.006997860158463941,,,,,0.004164015962061188,0.004164015962061188,0.0006940026603435314,,,,0.0006940026603435314,,0.0006940026603435314,,0.005552021282748251,0.02099358047539182,,0.002082007981030594,0.019547741599676132,0.004164015962061188,0.07905846972413394,,0.10346422994621474,0.15320108727083454,0.0013880053206870627,,0.002082007981030594,,,0.016771730958302006,0.0006940026603435314,,,0.0006940026603435314,,0.40234804233416227,0.0034700133017176566,0.0034700133017176566,,,0.0027760106413741254
,,,0.0006940026603435314,0.004221849517089815,0.0006940026603435314,,0.0013880053206870627,0.0013880053206870627,,0.0013880053206870627,,0.002082007981030594,0.004221849517089815,,,,,0.10728124457810422,,0.003527846856746284,,,0.007807529928864727,,0.002082007981030594,0.002082007981030594,,0.0,,,0.0013880053206870627,,,,0.009947371464923948,,,,,0.003527846856746284,0.004973685732461974,0.0013880053206870627,0.002082007981030594,,0.003527846856746284,0.0006940026603435314,,0.004221849517089815,,0.007055693713492568,0.014921057197385923,0.0013880053206870627,0.0013880053206870627,0.026256433982996936,0.006361691053149037,0.08385865479151003,0.0006940026603435314,0.13255450812561453,0.1428488809207102,,,0.004973685732461974,,,0.00919553524955179,0.0013880053206870627,,,,,0.37666994390145164,0.00919553524955179,0.004973685732461974,,0.0006940026603435314,0.004973685732461974
,0.0006940026603435314,,,0.0027760106413741254,,,0.0006940026603435314,0.003527846856746284,,,0.0013880053206870627,,,0.0006940026603435314,,,,0.08044647504482101,0.0013880053206870627,0.0013880053206870627,,,0.0077496963738361,,,0.0013880053206870627,,0.0,,,0.002082007981030594,,,0.0006940026603435314,0.009137701694523163,,,,0.0013880053206870627,0.004221849517089815,,0.002082007981030594,,,0.002082007981030594,,,0.0006940026603435314,,0.00844369903417963,0.01619339540801573,0.004221849517089815,0.0006940026603435314,0.011971545890925915,,0.07408478399167197,,0.37036608640333124,0.10375339772135793,,,,,,0.0077496963738361,,0.0027760106413741254,,0.0006940026603435314,,0.26048233184893876,0.00844369903417963,0.003527846856746284,,,0.002082007981030594
,,,,,0.0006940026603435314,,0.0013880053206870627,0.0006940026603435314,,,,,,,,,,0.13145567058007054,,0.002082007981030594,,0.0006940026603435314,0.002833844196402753,,0.0013880053206870627,0.0006940026603435314,,0.0,,,,,,,0.00850153258920826,,0.0006940026603435314,,,0.00850153258920826,0.004221849517089815,,,,0.002833844196402753,0.0006940026603435314,,,,0.01064137412526748,0.02486842866230987,,0.0006940026603435314,0.00919553524955179,0.002082007981030594,0.09022034584465907,,0.12087213000983166,0.14921057197385923,,,0.0006940026603435314,,,0.013475218321670233,,,,0.0013880053206870627,,0.3973165230466717,0.007055693713492568,0.004221849517089815,,,0.0006940026603435314
,,,,,,0.0006940026603435314,0.002833844196402753,,,0.0006940026603435314,0.0006940026603435314,,,,,0.0013880053206870627,,0.13330634434098665,,0.0013880053206870627,,,0.0006940026603435314,,,,,0.0,,,,,,0.0006940026603435314,0.011335376785611011,,,,,0.0077496963738361,0.004915852177433347,,0.0006940026603435314,,0.004221849517089815,0.0006940026603435314,0.0013880053206870627,,,0.006361691053149037,0.023364756231565555,0.0006940026603435314,,0.0205309120351628,0.002833844196402753,0.06876409692903823,,0.19721242264761996,0.12052512867965993,0.002833844196402753,,,0.0006940026603435314,,0.007055693713492568,,,,0.002082007981030594,,0.36093921693366493,0.005667688392805506,0.005667688392805506,,0.0006940026603435314,0.0006940026603435314
,,,,0.0021398415360592217,,0.0006940026603435314,,0.0021398415360592217,,0.0021398415360592217,,,,,0.0013880053206870627,,0.002833844196402753,0.11289109941588109,,0.0021398415360592217,,,0.0006940026603435314,,,0.0006940026603435314,,0.0,,0.0006940026603435314,,,,0.0006940026603435314,0.010757041235324736,0.0006940026603435314,,,,0.005725521947834133,0.004279683072118443,,0.0006940026603435314,,0.005725521947834133,0.0006940026603435314,0.0013880053206870627,,,0.005031519287490602,0.02585159909779654,,0.002833844196402753,0.016540396738187496,0.003585680411774912,0.08056214215487827,,0.17020415244925113,0.11578277716731247,0.0013880053206870627,,,0.0006940026603435314,,0.009311202359609045,,0.0013880053206870627,,,,0.3956393499508415,0.006419524608177665,0.004279683072118443,,,0.0013880053206870627
,,,,0.004221849517089815,,0.0013880053206870627,0.0006940026603435314,0.0013880053206870627,0.0013880053206870627,0.0006940026603435314,,,0.0027760106413741254,,0.002082007981030594,,,0.13897403273379214,,0.005609854837776878,,,0.0034700133017176566,,,0.0006940026603435314,,0.0,,,,,,0.0006940026603435314,0.006997860158463941,0.0006940026603435314,,,,0.004221849517089815,0.006997860158463941,,,,0.00630385749812041,0.002082007981030594,0.0034700133017176566,0.0006940026603435314,,0.009831704354866693,0.024637094442195362,,0.0006940026603435314,0.011277543230582384,0.0027760106413741254,0.07900063616910531,0.0006940026603435314,0.06413741252674787,0.16644497137239025,0.0013880053206870627,,,,,0.011277543230582384,,0.0013880053206870627,,,,0.41692209820137643,0.0034700133017176566,0.009137701694523163,,,0.0013880053206870627
,,,,,,,0.0006876002750401101,,0.0013752005500802201,0.004182901673160669,0.0013752005500802201,,0.0034953013981205592,,0.004182901673160669,,0.006303002521201009,0.08629383451753381,,0.008365803346321338,,,0.008365803346321338,0.0006876002750401101,,0.0013752005500802201,,0.0,,,,,,0.0006876002750401101,0.013981205592482237,,,0.0006876002750401101,0.004870501948200779,0.005558102223240889,0.005558102223240889,0.0013752005500802201,,,0.008365803346321338,,0.006303002521201009,0.0006876002750401101,0.0034953013981205592,0.012606005042402018,0.019596607838643136,,0.0006876002750401101,0.030139812055924822,0.006303002521201009,0.0918519367407747,0.0006876002750401101,0.0,0.14519825807930323,0.0034953013981205592,,0.00206280082512033,0.0006876002750401101,,0.022404308961723584,0.0013752005500802201,0.0034953013981205592,0.0006876002750401101,,,0.4637290854916342,0.008365803346321338,0.008365803346321338,,,
,,,,,,,0.0006940026603435314,0.0014458388757156901,0.0021398415360592217,0.0021398415360592217,0.0006940026603435314,0.0006940026603435314,0.00508935284251923,,0.003585680411774912,,0.0065351917182349195,0.1281591579434388,,0.012376380776126308,,,0.007981030593950611,0.0021398415360592217,0.0006940026603435314,0.0006940026603435314,,0.0,,0.0014458388757156901,,,,0.0006940026603435314,0.0094268694696663,,,0.0021398415360592217,0.004337516627147071,0.0065351917182349195,0.00508935284251923,,,,0.01162454456075415,,0.0021398415360592217,0.0014458388757156901,,0.01017870568503846,0.013070383436469839,,0.0006940026603435314,0.039268983864438146,0.0028916777514313803,0.08952634318431554,,0.04135099184546864,0.15580359724712278,0.0014458388757156901,,0.0014458388757156901,0.0014458388757156901,,0.0094268694696663,,0.0014458388757156901,0.0014458388757156901,,,0.3757446070209936,0.0094268694696663,0.024752761552252617,,,0.0006940026603435314
,,,,,0.0014458388757156901,,0.0006940026603435314,0.0014458388757156901,0.0014458388757156901,0.0006940026603435314,0.0006940026603435314,0.0014458388757156901,0.005841189057891389,,0.002197675091087849,,0.004395350182175698,0.09079868139494535,,0.006593025273263548,,,0.0036435139668035393,0.0014458388757156901,0.002197675091087849,,,0.0,,,,,,0.0006940026603435314,0.0014458388757156901,,,,0.0006940026603435314,0.0014458388757156901,0.002197675091087849,,,0.0006940026603435314,0.008790700364351397,0.0014458388757156901,0.002197675091087849,0.0006940026603435314,,0.005841189057891389,0.010236539240067087,0.0006940026603435314,0.0006940026603435314,0.015383725637614944,0.002197675091087849,0.06517841651726332,,0.3928055057544386,0.11572494361228385,0.0014458388757156901,,,0.002197675091087849,,0.004395350182175698,0.002197675091087849,0.0036435139668035393,0.0006940026603435314,,,0.2241628592909606,0.00508935284251923,0.0006940026603435314,,,0.0014458388757156901
,,,,,,,0.003585680411774912,,0.0021398415360592217,0.0013880053206870627,,,0.005725521947834133,,,,0.002833844196402753,0.11722861604302816,,0.0021398415360592217,,,0.002833844196402753,0.0006940026603435314,0.0006940026603435314,,,0.0,,,,,,0.0006940026603435314,0.006419524608177665,,,,0.0013880053206870627,0.004279683072118443,0.005725521947834133,,,0.0006940026603435314,0.005725521947834133,,,,,0.007171360823549824,0.016540396738187496,,,0.010063038574981205,0.005031519287490602,0.07119310624024058,0.0006940026603435314,0.2232953559655313,0.11578277716731247,0.0006940026603435314,0.0006940026603435314,0.0021398415360592217,0.0006940026603435314,,0.007171360823549824,,,,,,0.36614423688624137,0.004279683072118443,0.002833844196402753,,,0.0013880053206870627
,,,,,,,0.0021398415360592217,,0.0014458388757156901,0.0021398415360592217,,,,,,,0.0006940026603435314,0.11618761205251286,,0.0028916777514313803,,,0.0021398415360592217,,,,,0.0,,0.0006940026603435314,,,,,0.011566711005725521,,,,0.0021398415360592217,0.005031519287490602,0.003585680411774912,,,,0.004337516627147071,,,,,0.004337516627147071,0.02469492799722399,,0.0006940026603435314,0.0094268694696663,0.007229194378578451,0.06315424209126135,,0.21195997917992004,0.11474177317679718,0.0014458388757156901,,0.0006940026603435314,0.0006940026603435314,,0.003585680411774912,,,,,,0.3900873286680932,0.004337516627147071,0.007229194378578451,,,0.0006940026603435314
,,,,,,,,0.0006940026603435314,0.0006940026603435314,,,,,,,,,0.11040425654965011,,0.002082007981030594,,,0.0006940026603435314,,,,,0.0,,,,,,0.0006940026603435314,0.008385865479151003,0.0013880053206870627,,,0.0013880053206870627,0.004164015962061188,0.002082007981030594,,,0.0006940026603435314,0.005609854837776878,,0.0006940026603435314,,,0.004915852177433347,0.023885258226823202,,0.002082007981030594,0.01260771499624082,,0.07454745243190099,,0.2212711815395293,0.11745995026314268,0.0013880053206870627,0.0006940026603435314,0.0006940026603435314,0.0006940026603435314,,0.0027760106413741254,0.0006940026603435314,,0.002082007981030594,,,0.3847666416054595,0.006997860158463941,0.0027760106413741254,,,
,,,,,,,,,0.0020241744260019665,0.0027181770863454976,,,,0.0006361691053149037,,,0.0006361691053149037,0.10485223526690185,,0.001330171765658435,,,0.003412179746689029,0.0006361691053149037,,,,0.0,,,,,,,0.026198600427968306,,,,0.001330171765658435,0.008964201029437279,0.006882193048406686,0.0006361691053149037,,0.0006361691053149037,0.0027181770863454976,,0.0006361691053149037,0.0006361691053149037,,0.006188190388063154,0.03169278815568793,,0.0020241744260019665,0.019316407379561622,0.0027181770863454976,0.0703834364698398,0.003412179746689029,0.1959400844369903,0.1290266612688682,0.001330171765658435,0.0006361691053149037,0.001330171765658435,0.001330171765658435,,0.008964201029437279,,,,,,0.3512810132438841,0.006188190388063154,0.0027181770863454976,,,0.0006361691053149037
,,,,,,0.0006940026603435314,,0.0006940026603435314,0.0013880053206870627,0.0006940026603435314,,,0.004164015962061188,0.0013880053206870627,,,0.006997860158463941,0.116476779827656,,0.002082007981030594,,,0.0034700133017176566,,0.004164015962061188,,,0.0,,,0.0034700133017176566,,,,0.015383725637614944,,,,0.002082007981030594,0.005609854837776878,0.0034700133017176566,0.0006940026603435314,,,0.002082007981030594,0.002082007981030594,0.002082007981030594,0.002082007981030594,,0.006997860158463941,0.020299577815048292,0.0013880053206870627,0.0013880053206870627,0.028743276849227922,,0.07790179862356139,0.0006940026603435314,0.05413220750679526,0.13330634434098665,0.0013880053206870627,0.0027760106413741254,0.0013880053206870627,0.0006940026603435314,,0.013995720316927881,,0.0006940026603435314,0.002082007981030594,,,0.4604129315829044,0.00630385749812041,0.0034700133017176566,,,0.0006940026603435314
,0.0006940026603435314,,,,,,0.0006940026603435314,0.003527846856746284,,,,,0.0006940026603435314,0.0027760106413741254,0.002082007981030594,,0.00630385749812041,0.12006246023943092,,0.004221849517089815,,,0.018333236944074953,,0.002082007981030594,0.0006940026603435314,,0.0,,,0.0027760106413741254,,,,0.010583540570238853,,,,0.0027760106413741254,0.002082007981030594,0.010583540570238853,,,,0.003527846856746284,0.0006940026603435314,0.002082007981030594,,,0.004221849517089815,0.02683476953328321,,0.004915852177433347,0.0381123127638656,0.005609854837776878,0.09039384650974495,0.0027760106413741254,0.13122433635995612,0.11798045225840033,,0.002082007981030594,0.0013880053206870627,,,0.00844369903417963,,,0.0013880053206870627,,,0.35891504250766293,0.003527846856746284,0.004221849517089815,,0.0006940026603435314,
,,,,,,,,0.0006940026603435314,,0.0006940026603435314,,,,0.0006940026603435314,,,,0.08935284251922966,,0.004915852177433347,,,0.0034700133017176566,0.0006940026603435314,0.0013880053206870627,,,0.0,,,0.0027760106413741254,,,,0.00630385749812041,,,,0.002082007981030594,0.002082007981030594,,,,,0.0013880053206870627,0.0006940026603435314,0.002082007981030594,,,0.004915852177433347,0.00630385749812041,,0.002082007981030594,0.021803250245792608,0.0006940026603435314,0.07529928864727314,0.0006940026603435314,0.319935226418368,0.12457347753166387,0.0013880053206870627,0.0006940026603435314,0.0013880053206870627,0.0006940026603435314,,0.009831704354866693,,,,,,0.3047828350008675,0.004221849517089815,0.0013880053206870627,,,
,,,,,,,0.003527846856746284,0.0006940026603435314,0.002082007981030594,,,,,0.0006940026603435314,,,,0.08779133653345671,,0.0013880053206870627,,,0.003527846856746284,0.0013880053206870627,0.0006940026603435314,,,0.0,,,0.002082007981030594,,,,0.005609854837776878,,,,0.002082007981030594,0.002082007981030594,0.0013880053206870627,,,,0.004915852177433347,,,,0.0006940026603435314,0.0027760106413741254,0.023364756231565555,,0.0006940026603435314,0.013417384766641605,0.0006940026603435314,0.050951361980220926,0.0006940026603435314,0.3557341969810883,0.09982071597941125,,0.0013880053206870627,,,,0.006361691053149037,,,,,,0.3143832051356197,0.005609854837776878,0.0027760106413741254,,,0.0006940026603435314
,,,,,,,0.0006940026603435314,0.0013880053206870627,,0.0013880053206870627,,,,,,,,0.09681337111792263,,,,,,,0.0013880053206870627,0.0006940026603435314,,0.0,,,,,,,0.007055693713492568,,,,0.002082007981030594,,,0.0006940026603435314,,,0.004221849517089815,,,,,0.0027760106413741254,0.014111387426985136,,0.0006940026603435314,0.00844369903417963,0.0006940026603435314,0.043837834711699726,,0.44132785842345723,0.0791741368341912,0.0013880053206870627,0.0006940026603435314,0.0013880053206870627,,,0.0077496963738361,,,,,,0.2771383956971835,0.002082007981030594,0.002082007981030594,,,
,,,,0.0006940026603435314,,,0.0014458388757156901,0.0014458388757156901,0.0014458388757156901,,,,,,0.0014458388757156901,,0.0006940026603435314,0.1171129489329709,0.0006940026603435314,,,,0.0014458388757156901,,0.0006940026603435314,,,0.0,,,,,,0.0006940026603435314,0.010294372795095715,,,,0.0014458388757156901,0.0006940026603435314,0.002197675091087849,,,0.0006940026603435314,0.004395350182175698,,0.0006940026603435314,,,0.005147186397547857,0.02134058180556359,,0.0014458388757156901,0.007344861488635707,,0.05887455901914291,0.0014458388757156901,0.21641316291712454,0.1656931351570181,0.0006940026603435314,,,,,0.004395350182175698,,,,,,0.3638887282401249,0.0028916777514313803,0.002197675091087849,,,
,,,,0.004221849517089815,,0.0006940026603435314,,0.0006940026603435314,0.0006940026603435314,,,,0.0006940026603435314,0.0013880053206870627,,,,0.10612457347753167,,,,,0.006361691053149037,0.002833844196402753,,0.0006940026603435314,,0.0,,,,,,,0.007113527268521196,,,,0.002082007981030594,0.004973685732461974,0.0006940026603435314,0.002082007981030594,,0.0006940026603435314,0.002082007981030594,0.0006940026603435314,,,0.002082007981030594,0.002082007981030594,0.02134058180556359,0.0006940026603435314,0.0013880053206870627,0.007807529928864727,0.003527846856746284,0.06835926204383784,,0.2224278526401019,0.13671852408767568,,,,0.0006940026603435314,0.0006940026603435314,0.007807529928864727,0.004973685732461974,0.0006940026603435314,,,,0.35827887340234804,0.006361691053149037,0.009253368804580418,,,
,,,,0.0020055287549460674,,,,0.0026559705133069544,0.004661499268253022,,,,0.0026559705133069544,0.0006504417583608868,0.0020055287549460674,,,0.11903084178004228,,0.0006504417583608868,,,0.004011057509892135,,,,,0.0,,,,,,,0.013442463006124993,,,0.0013008835167217735,0.0026559705133069544,0.0060165862648382026,0.0013008835167217735,,,,0.02151878150577267,,0.0013008835167217735,0.0006504417583608868,0.0026559705133069544,0.00802211501978427,0.022819665022494443,,,0.00937720201636945,0.003360615751531248,0.08878530001626105,0.0006504417583608868,-2.220446049250313e-16,0.13518347877933765,,0.0013008835167217735,0.0013008835167217735,,,0.046398178763076586,,0.0006504417583608868,,,,0.48094747682801237,0.004011057509892135,0.00802211501978427,,,
,,,,0.0014458388757156901,,0.002949511306460008,,0.0006940026603435314,0.0014458388757156901,,,,,,0.0006940026603435314,,0.0014458388757156901,0.15198658261523335,,,,,0.00821236481406512,,,0.0006940026603435314,,0.0,,,0.0014458388757156901,,,0.0006940026603435314,0.02394309178185183,,,0.0014458388757156901,,0.004453183737204326,0.005205019952576485,,,,0.0006940026603435314,,0.0006940026603435314,0.0006940026603435314,0.0006940026603435314,0.002949511306460008,0.026950436643340465,0.0006940026603435314,0.0006940026603435314,0.020183910704991037,0.005956856167948644,0.1003412179746689,0.002197675091087849,0.07662946041293162,0.1564975999074663,0.0014458388757156901,,,,,0.011971545890925915,0.0006940026603435314,,0.0014458388757156901,,,0.36915158174773005,0.003701347521832167,0.008964201029437279,,,
,,,,0.0014458388757156901,,,,0.0006940026603435314,0.0028916777514313803,,,,,,0.0006940026603435314,,,0.09681337111792263,,0.0006940026603435314,,,0.0072870279336070785,,,,,0.0,,,,,,0.0006940026603435314,0.0072870279336070785,,,0.0014458388757156901,,0.005841189057891389,0.0036435139668035393,,,0.0006940026603435314,,0.0006940026603435314,0.0006940026603435314,0.0014458388757156901,,0.005841189057891389,0.019779075819790642,,0.0006940026603435314,0.0205309120351628,0.006593025273263548,0.07188710890058411,,0.3920536695390666,0.10415823260655832,0.0036435139668035393,,0.0006940026603435314,0.0014458388757156901,,0.008038864148979238,0.0006940026603435314,0.0006940026603435314,0.0006940026603435314,,,0.22595569949684807,0.0036435139668035393,,,,
,,0.0006361691053149037,,,,,0.008154531259036493,0.0027181770863454976,0.001330171765658435,,,,0.0006361691053149037,,0.0020241744260019665,,,0.10230755884564224,,0.0006361691053149037,,,0.0006361691053149037,,0.0033543461916604013,,,0.0,,,,,,0.0006361691053149037,0.008154531259036493,,,,0.0006361691053149037,0.0033543461916604013,0.0020241744260019665,,,0.0006361691053149037,0.0020241744260019665,,0.001330171765658435,,0.001330171765658435,0.0033543461916604013,0.021803250245792608,,0.0006361691053149037,0.019779075819790642,0.0020241744260019665,0.07703429529813198,,0.24122375802440577,0.12480481175177838,0.0020241744260019665,,0.0020241744260019665,,,0.00676652593834943,0.0006361691053149037,,,0.0006361691053149037,,0.3445144873055347,0.005436354172690995,0.004742351512347464,,,
,,,,,,0.0006940026603435314,0.002082007981030594,0.002082007981030594,0.0027760106413741254,,,,0.002082007981030594,0.0013880053206870627,0.0013880053206870627,0.0006940026603435314,0.0013880053206870627,0.15025157596437452,,0.0013880053206870627,,,0.0013880053206870627,,0.00630385749812041,,,0.0,,,,,,0.0006940026603435314,0.004915852177433347,,,,0.0013880053206870627,0.009137701694523163,0.0034700133017176566,,0.0006940026603435314,0.0006940026603435314,0.004221849517089815,0.0006940026603435314,,0.004221849517089815,0.004221849517089815,0.0013880053206870627,0.026776935978254583,,0.002082007981030594,0.011277543230582384,,0.08813833786362847,,0.20582962234688562,0.11005725521947834,,0.0006940026603435314,0.0013880053206870627,,,0.011971545890925915,0.002082007981030594,0.0006940026603435314,,,,0.318836388872824,0.005609854837776878,0.004915852177433347,,,
,0.0006940026603435314,,,,,,0.004221849517089815,0.002833844196402753,0.0006940026603435314,0.0006940026603435314,,,0.002082007981030594,,,0.0006940026603435314,,0.1158406107223411,,0.002833844196402753,,,,0.0013880053206870627,0.0013880053206870627,,,0.0,,,,,,0.0006940026603435314,0.01064137412526748,,,,,0.003527846856746284,0.0006940026603435314,0.0013880053206870627,,0.0006940026603435314,0.005667688392805506,0.0006940026603435314,,,0.0013880053206870627,0.0013880053206870627,0.034063963911861665,0.0006940026603435314,0.0006940026603435314,0.02128274825053496,,0.08171881325545081,0.003527846856746284,0.1778381817130299,0.11225493031056619,0.0006940026603435314,,0.0006940026603435314,,,0.011335376785611011,0.0006940026603435314,,,,,0.3752819385807646,0.00850153258920826,0.00850153258920826,,0.0013880053206870627,0.0006940026603435314
,,,,0.0007518362153721589,,,,0.002371175756173732,0.0015615059857729454,0.0007518362153721589,,,0.006361691053149037,,,,0.002371175756173732,0.1304725001445839,,0.0015615059857729454,,,0.002371175756173732,,,,,0.0,,,,,,,0.011971545890925915,0.0015615059857729454,,,,0.002371175756173732,0.007981030593950611,,,0.0007518362153721589,0.005552021282748251,,,,0.0015615059857729454,0.0015615059857729454,0.03360129547163264,,0.0015615059857729454,0.022381585796078886,0.0015615059857729454,0.07923197038921982,,0.15331675438089176,0.11127175987507952,0.002371175756173732,,0.0015615059857729454,,,0.016771730958302006,0.0015615059857729454,0.002371175756173732,,,,0.384997975825574,0.0031808455265745187,0.002371175756173732,,,
,,,,,,0.0015615059857729454,,0.0039905152969753055,0.0007518362153721589,0.0007518362153721589,,,0.0039905152969753055,,0.0015615059857729454,,0.0015615059857729454,0.13087733502978427,,0.0015615059857729454,0.0015615059857729454,,0.0015615059857729454,,,,,0.0,,,,,,0.0007518362153721589,0.013648718986756117,,,,,0.0039905152969753055,0.009600370134752184,,,,0.005609854837776878,,,0.0007518362153721589,0.002371175756173732,0.0007518362153721589,0.033716962581689894,,0.0015615059857729454,0.024058758891909084,,0.09074084783991672,,0.07986813949453464,0.12769648950320978,0.002371175756173732,,0.0007518362153721589,,,0.008790700364351397,0.0015615059857729454,,,,,0.4272743045515008,0.008790700364351397,0.005609854837776878,,,
,,,,,,,,0.0031808455265745187,0.0015615059857729454,0.0007518362153721589,,,0.006361691053149037,,0.0015615059857729454,,,0.0949048638019779,,0.002371175756173732,0.0007518362153721589,,0.005552021282748251,,,0.0007518362153721589,,0.0,,,,,,,0.007923197038921982,,,,,0.01671389740327338,0.004742351512347464,,,,0.01116187612052513,,,0.0007518362153721589,,0.0031808455265745187,0.028685443294199295,,0.0007518362153721589,0.04464750448210052,0.0007518362153721589,0.07894280261407668,,0.08744433520328498,0.16112428430975653,0.002371175756173732,,,,,0.010352206350124342,0.0007518362153721589,,,,,0.41165924469377135,0.006361691053149037,0.003932681741946677,,,
,,,,,,,,0.0015036724307443178,0.0007518362153721589,0.0015036724307443178,,,0.010699207680296108,,0.0015036724307443178,,,0.09704470533803713,,0.0030073448614886355,0.0007518362153721589,,0.0038170146318894224,0.0007518362153721589,,0.0015036724307443178,,0.0,,,,,,,0.00532068706263374,,,,,0.0015036724307443178,0.009889537909895321,,,0.0007518362153721589,0.006824359493378058,0.002255508646116477,,0.0015036724307443178,,0.004568850847261581,0.016771730958302006,,0.0015036724307443178,0.03284945925626048,0.0007518362153721589,0.06876409692903823,,0.26626568735180156,0.10774391301833323,0.0030073448614886355,0.0007518362153721589,0.0015036724307443178,,,0.010699207680296108,0.0007518362153721589,0.002255508646116477,,,,0.32184373373431263,0.006824359493378058,0.002255508646116477,,,
,,,,,,,0.005031519287490602,0.0008096697704007865,0.0016771730958302007,0.0016771730958302007,0.0008096697704007865,,0.0008096697704007865,,,,0.002486842866230987,0.13376901278121567,,0.0016771730958302007,,,0.0008096697704007865,,0.0008096697704007865,0.0008096697704007865,,0.0,,,0.0008096697704007865,,,,0.007518362153721589,,,,,0.010930541900410618,0.0016771730958302007,,,,0.005841189057891389,,,0.0008096697704007865,,0.0033543461916604013,0.03701347521832167,,0.0008096697704007865,0.019316407379561622,0.002486842866230987,0.07148227401538372,0.0008096697704007865,0.07772829795847558,0.16494129894164594,0.0008096697704007865,,0.002486842866230987,,,0.013417384766641605,0.0016771730958302007,,0.0016771730958302007,,,0.41403042044994504,0.005031519287490602,0.0033543461916604013,,,0.0008096697704007865
,,,,,,,0.004568850847261581,,0.0007518362153721589,,0.0007518362153721589,,0.0015036724307443178,,0.002255508646116477,,0.0015036724307443178,0.10467873460181597,,0.0015036724307443178,,,0.0015036724307443178,,,0.0007518362153721589,,0.0,,,,,,,0.006824359493378058,0.0015036724307443178,,,,0.0030073448614886355,0.0038170146318894224,,,,0.006824359493378058,,,,,0.002255508646116477,0.0343531316870048,,,0.012954716326412584,0.0015036724307443178,0.07489445376207275,,0.21797466890289752,0.11844312069862935,,,0.0007518362153721589,,,0.008385865479151003,0.0007518362153721589,,,,,0.3715227575039038,0.009889537909895321,0.0038170146318894224,,,0.0007518362153721589
,,0.0006940026603435314,,,,,0.002949511306460008,,0.0006940026603435314,0.002197675091087849,,,0.0014458388757156901,,0.0014458388757156901,,0.002197675091087849,0.1172864495980568,,0.002197675091087849,,,0.003701347521832167,,0.0014458388757156901,0.0006940026603435314,,0.0,,,,,,0.0006940026603435314,0.01041003990515297,0.0014458388757156901,,,,0.002949511306460008,0.002197675091087849,,,,0.004453183737204326,,,,,0.002197675091087849,0.03284945925626048,,0.0006940026603435314,0.011913712335897287,0.002197675091087849,0.08813833786362847,,0.18038285813428945,0.11798045225840033,0.0014458388757156901,0.0006940026603435314,,,,0.01116187612052513,0.0006940026603435314,,,,,0.385460644265803,0.0014458388757156901,0.002949511306460008,,,0.0006940026603435314
,,,,0.0006940026603435314,0.0006940026603435314,,0.004337516627147071,0.0006940026603435314,0.0028916777514313803,,,,0.0021398415360592217,,0.0006940026603435314,,0.0006940026603435314,0.1095367532242207,,0.0014458388757156901,,,0.005031519287490602,0.0006940026603435314,0.003585680411774912,0.0006940026603435314,,0.0,0.0006940026603435314,,,0.0014458388757156901,,,0.004337516627147071,0.0028916777514313803,,,,0.005031519287490602,0.007923197038921982,,,,0.004337516627147071,,,0.0014458388757156901,,0.0028916777514313803,0.0377074778786652,,,0.015210224972529062,0.0014458388757156901,0.07177144179052686,,0.14712856399282848,0.11167659476027991,0.003585680411774912,,0.0006940026603435314,,,0.004337516627147071,0.0006940026603435314,,0.0006940026603435314,,,0.4359493378057949,0.0006940026603435314,0.0028916777514313803,,,0.0006940026603435314
,,,,,,,0.00508935284251923,,0.0006940026603435314,0.0014458388757156901,,,0.0006940026603435314,,,,0.004395350182175698,0.1223179688855474,,0.0028916777514313803,,,0.0006940026603435314,,0.002197675091087849,0.0006940026603435314,,0.0,0.0006940026603435314,0.0006940026603435314,0.0006940026603435314,,,,0.009484703024694927,0.0006940026603435314,,0.0014458388757156901,0.0006940026603435314,0.002197675091087849,0.00508935284251923,,,,0.0036435139668035393,,0.0006940026603435314,,,0.008038864148979238,0.041003990515296976,,0.0006940026603435314,0.010236539240067087,0.0006940026603435314,0.0929963564860332,0.00508935284251923,0.06477358163206293,0.14065120582962234,0.00508935284251923,,0.0014458388757156901,0.002197675091087849,,0.006593025273263548,0.0006940026603435314,0.0006940026603435314,0.0014458388757156901,,,0.44248452952402983,0.0036435139668035393,0.004395350182175698,,,
,,,,,,0.0006940026603435314,,,,0.0006940026603435314,,,0.0006940026603435314,,,,0.0006940026603435314,0.10207622462552773,,0.0006940026603435314,,,0.006708692383320803,,,0.0006940026603435314,,0.0,,,,,,,0.011219709675553757,0.0006940026603435314,,0.0014458388757156901,0.0014458388757156901,0.002197675091087849,0.005205019952576485,,,0.002197675091087849,0.002197675091087849,0.0006940026603435314,0.0014458388757156901,,,0.002949511306460008,0.0232490891215083,,,0.018738071829275345,0.002197675091087849,0.08177664681047944,0.0006940026603435314,0.17968885547394597,0.14105604071482275,0.0014458388757156901,,0.0006940026603435314,0.002949511306460008,,0.009716037244809439,,,,0.0006940026603435314,,0.3752819385807646,0.009716037244809439,0.007460528598692962,,,
,,,,,,0.002255508646116477,,0.002255508646116477,,0.0015036724307443178,,,0.0030073448614886355,,,,0.002255508646116477,0.07570412353247354,,0.0015036724307443178,,,0.0038170146318894224,,,0.0015036724307443178,,0.0,,,,,,,0.002255508646116477,,,0.0015036724307443178,0.0007518362153721589,0.0007518362153721589,0.0015036724307443178,,,,0.0007518362153721589,0.002255508646116477,0.0007518362153721589,,,0.0030073448614886355,0.01451622231218553,,,0.010699207680296108,0.0015036724307443178,0.06575675206754959,,0.41108090914348516,0.09178185183043201,0.0007518362153721589,,0.004568850847261581,0.00532068706263374,,0.009137701694523163,0.0007518362153721589,0.0007518362153721589,,0.0007518362153721589,,0.25626048233184895,0.012202880111040426,0.006072523278005899,,,0.0007518362153721589
,,,0.0007518362153721589,,,0.0007518362153721589,0.0015615059857729454,0.0031808455265745187,0.0007518362153721589,,,,0.0031808455265745187,,,,0.002371175756173732,0.1256723150772078,,,,,0.0015615059857729454,,0.0039905152969753055,0.0015615059857729454,,0.0,,,,,,,0.006361691053149037,,,,,0.004800185067376092,0.004800185067376092,,,0.0007518362153721589,0.004800185067376092,0.0015615059857729454,0.0007518362153721589,0.0007518362153721589,,0.0031808455265745187,0.022381585796078886,0.0007518362153721589,0.0015615059857729454,0.02001041003990515,0.002371175756173732,0.07923197038921982,,0.15748077034295305,0.1304725001445839,0.002371175756173732,0.0015615059857729454,0.0015615059857729454,0.0007518362153721589,,0.005552021282748251,,0.0007518362153721589,,,,0.39459834596032617,0.002371175756173732,0.0007518362153721589,,,0.002371175756173732
,0.0007518362153721589,,,,,0.0007518362153721589,0.0015615059857729454,0.0023133422011451044,0.0023133422011451044,,,,0.0007518362153721589,,,,0.0015615059857729454,0.118963622693887,,,,,0.0023133422011451044,,0.0023133422011451044,0.0007518362153721589,,0.0,,,,,,,0.01254988144121219,,,,0.0007518362153721589,0.003932681741946677,0.006246023943091782,,,0.0007518362153721589,0.007865363483893354,0.0007518362153721589,,,,0.003123011971545891,0.025967266207853796,,,0.0188537389393326,0.0007518362153721589,0.1024232259556995,0.0007518362153721589,0.12017812734948818,0.12763865594818113,0.0015615059857729454,0.0015615059857729454,0.003123011971545891,0.0007518362153721589,,0.01254988144121219,,,,,,0.4018275403389046,0.003123011971545891,0.008617199699265514,,,
,,,,,,0.0007518362153721589,0.0038170146318894224,0.0015036724307443178,0.0007518362153721589,0.0015036724307443178,,,0.0015036724307443178,,,,0.0007518362153721589,0.10803308079347637,0.0007518362153721589,0.0015036724307443178,,,0.0030651784165172634,,0.004626684402290209,0.0007518362153721589,,0.0,,,,,,,0.006130356833034527,,,,0.0007518362153721589,0.0030651784165172634,0.007691862818807472,,,0.0007518362153721589,0.007691862818807472,0.0007518362153721589,,,,0.0038170146318894224,0.02544676421259615,,0.0023133422011451044,0.010757041235324736,0.0038170146318894224,0.08721300098317043,,0.14718639754785723,0.11115609276502227,,0.0023133422011451044,0.0023133422011451044,0.0007518362153721589,,0.012318547221097681,0.0023133422011451044,0.0007518362153721589,,,,0.4214331154936094,0.005378520617662368,0.0015036724307443178,,,0.0030651784165172634
0.0006940026603435314,,,,,,,0.0014458388757156901,0.002197675091087849,0.0014458388757156901,,,,0.002197675091087849,,,,,0.09565670001735006,,0.0006940026603435314,,,,,0.002949511306460008,,,0.0,,,,,,,0.00821236481406512,0.002949511306460008,,,0.004453183737204326,0.004453183737204326,0.007460528598692962,,,0.0006940026603435314,0.006708692383320803,0.0006940026603435314,,,,0.002197675091087849,0.026892603088311838,0.005205019952576485,0.0006940026603435314,0.019432074489618877,,0.0710196055751547,,0.19599791799201904,0.12185530044531838,,,0.0006940026603435314,0.0006940026603435314,,0.014169220982013765,,0.0006940026603435314,,0.0006940026603435314,,0.3917645017639234,0.002197675091087849,0.0006940026603435314,,,0.002197675091087849
,0.0007518362153721589,,,,,,0.0030073448614886355,0.0015036724307443178,,,,,0.0007518362153721589,,0.0015036724307443178,,,0.12555664796715055,,0.0007518362153721589,,,0.004568850847261581,0.002255508646116477,0.0030073448614886355,,,0.0,,,,,,,0.01526805852755769,,,,0.0007518362153721589,0.004568850847261581,0.006072523278005899,,,,0.0030073448614886355,0.0007518362153721589,0.0015036724307443178,,,0.0038170146318894224,0.02446359377710948,0.013764386096813372,0.002255508646116477,0.01451622231218553,0.002255508646116477,0.10028338441964027,,0.06379041119657636,0.13012549881441213,,0.0030073448614886355,,0.0007518362153721589,,0.009137701694523163,0.0007518362153721589,,,,,0.4494245561274652,0.004568850847261581,0.0007518362153721589,,,0.0007518362153721589
,,,,,,,,0.0006940026603435314,,,0.0006940026603435314,,0.0006940026603435314,,0.0014458388757156901,,,0.1191949569140015,,0.0006940026603435314,,,0.00821236481406512,0.0014458388757156901,0.002197675091087849,0.0006940026603435314,,0.0,,,,,,,0.011219709675553757,,,,0.0006940026603435314,,0.002949511306460008,,,,0.002949511306460008,0.0014458388757156901,0.0014458388757156901,,,0.004453183737204326,0.02394309178185183,0.003701347521832167,0.0006940026603435314,0.011219709675553757,0.002949511306460008,0.08021514082470649,,0.21253831473020635,0.12145046556011799,,,0.0014458388757156901,0.0006940026603435314,,0.008964201029437279,,,,,,0.3607078827135504,0.003701347521832167,0.004453183737204326,,,0.002197675091087849
,,,,,,,,0.0015036724307443178,,,0.0007518362153721589,,0.0015036724307443178,,0.0007518362153721589,,,0.08975767740443005,,0.0007518362153721589,,,0.004568850847261581,0.0015036724307443178,0.0015036724307443178,0.0007518362153721589,,0.0,,,,,,,0.008385865479151003,0.0007518362153721589,,,0.0015036724307443178,0.0038170146318894224,0.0007518362153721589,,,,,0.0015036724307443178,0.0015036724307443178,,,0.0015036724307443178,0.020704412700248684,0.002255508646116477,,0.015325892082586317,,0.06442658030189116,,0.43138048695853337,0.09282285582094732,,0.0007518362153721589,0.0007518362153721589,0.0007518362153721589,,0.0038170146318894224,,,,,,0.23717540917240182,0.002255508646116477,0.002255508646116477,,,0.002255508646116477
,,,,,,,0.0030651784165172634,0.004568850847261581,0.0007518362153721589,,0.0007518362153721589,,0.0007518362153721589,,0.0007518362153721589,,,0.10427389971661558,,0.002255508646116477,,,0.006130356833034527,,0.0007518362153721589,,,0.0,,,,,,,0.011451043895668266,,,0.0007518362153721589,0.0007518362153721589,0.0038170146318894224,0.0015036724307443178,,,,0.004568850847261581,0.0007518362153721589,0.0007518362153721589,,,0.004568850847261581,0.02683476953328321,,0.0007518362153721589,0.019894742929847897,0.004568850847261581,0.0812561448152218,,0.14944190619397368,0.12729165461800937,,0.0007518362153721589,0.0015036724307443178,0.0030651784165172634,,0.010699207680296108,,,,,,0.41564975999074666,0.00532068706263374,,,,
,,,,,,,0.0015615059857729454,0.0039905152969753055,0.0015615059857729454,,0.0007518362153721589,,0.0015615059857729454,,0.0007518362153721589,,,0.0925915216008328,,0.0007518362153721589,,,0.0039905152969753055,0.0015615059857729454,0.0031808455265745187,,,0.0,,,,,,,0.005609854837776878,,,,,0.0015615059857729454,0.002371175756173732,,,,0.0039905152969753055,0.0015615059857729454,,,,0.005609854837776878,0.019316407379561622,,,0.010467873460181597,0.0015615059857729454,0.08131397837025042,,0.19819559308310675,0.12561448152217916,,0.0007518362153721589,0.0007518362153721589,0.0007518362153721589,,0.008038864148979238,,,,,,0.41148574402868543,0.007229194378578451,,,,0.0015615059857729454
0.0007518362153721589,,,,,,,0.0023133422011451044,0.0015615059857729454,0.0023133422011451044,0.0023133422011451044,0.0015615059857729454,,0.0015615059857729454,,0.0023133422011451044,,0.0015615059857729454,0.0921866867156324,,0.0007518362153721589,,,0.005436354172690995,0.004684517957318836,0.003123011971545891,,,0.0,,,0.003123011971545891,,,,0.008559366144236887,,,,,0.004684517957318836,0.0023133422011451044,,,0.0007518362153721589,0.00387484818691805,,,,0.0015615059857729454,0.006246023943091782,0.015615059857729454,,0.0007518362153721589,0.008559366144236887,0.0015615059857729454,0.07732346307327512,,0.195824417326933,0.1132959343010815,0.005436354172690995,0.0015615059857729454,,0.0007518362153721589,,0.008559366144236887,,0.0015615059857729454,,,,0.40165403967381874,0.010930541900410618,0.0023133422011451044,,,0.0007518362153721589
,0.0007518362153721589,,,,,,0.0007518362153721589,0.005262853507605112,0.0007518362153721589,0.0015036724307443178,0.0037591810768607945,,0.0030073448614886355,,0.0007518362153721589,,0.004511017292232954,0.06887976403909549,0.0007518362153721589,0.005262853507605112,,,0.011335376785611011,0.0015036724307443178,,,,0.0,,,0.0037591810768607945,,,0.0007518362153721589,0.006014689722977271,,,0.0015036724307443178,,,0.002255508646116477,,,0.0007518362153721589,0.002255508646116477,,,0.002255508646116477,0.0015036724307443178,0.004511017292232954,0.018911572494361227,,,0.01665606384824475,0.002255508646116477,0.08779133653345671,0.002255508646116477,0.5062749407206062,0.03481580012723382,0.00676652593834943,,0.002255508646116477,0.0007518362153721589,0.0007518362153721589,0.01208721300098317,,0.0007518362153721589,,,0.0015036724307443178,0.15672893412758082,0.013590885431727488,0.0007518362153721589,,,0.0007518362153721589
,,0.0007518362153721589,,,,,,0.0015036724307443178,0.002255508646116477,,0.0007518362153721589,,0.0007518362153721589,,0.0007518362153721589,,0.002255508646116477,0.09600370134752183,,0.002255508646116477,,,0.013012549881441212,0.0015036724307443178,,,,0.0,,,0.002255508646116477,,,,0.015325892082586317,,,,,0.002255508646116477,0.004568850847261581,,,0.0007518362153721589,0.006130356833034527,,,,0.002255508646116477,0.006130356833034527,0.02226591868602163,,0.002255508646116477,0.019200740269504368,0.0015036724307443178,0.07524145509224452,0.0007518362153721589,0.07396911688161467,0.14897923775374472,0.0015036724307443178,,0.002255508646116477,0.0007518362153721589,0.0015036724307443178,0.016077728297958477,0.013822219651841999,0.0038170146318894224,,,,0.4362963391359667,0.010699207680296108,0.007634029263778845,,,
,,,,,,,,,,0.0007518362153721589,,,0.0007518362153721589,,0.002255508646116477,,,0.09062518072985946,,0.0007518362153721589,,,0.008328031924122375,,0.0007518362153721589,0.0007518362153721589,,0.0,0.0007518362153721589,,,,,0.0007518362153721589,0.009889537909895321,,,,0.0007518362153721589,0.0007518362153721589,0.009137701694523163,,,,0.002255508646116477,,0.002255508646116477,,,0.0030073448614886355,0.019027239604418482,0.0007518362153721589,0.0007518362153721589,0.009889537909895321,0.0007518362153721589,0.08229714880573709,0.0015036724307443178,0.33462494939563936,0.10664507547278931,,,0.015962061187901222,0.0007518362153721589,0.0007518362153721589,0.00532068706263374,,0.0007518362153721589,,,,0.277369729917298,0.006072523278005899,0.002255508646116477,,,
,,,,,,,,,,0.0014458388757156901,,,0.004337516627147071,,0.0006940026603435314,,0.0014458388757156901,0.09681337111792263,,0.0006940026603435314,,,0.0028916777514313803,,0.0006940026603435314,,0.0014458388757156901,0.0,,,,,,,0.0065351917182349195,,,,0.0021398415360592217,0.0021398415360592217,0.0028916777514313803,,,0.0006940026603435314,0.0014458388757156901,0.0014458388757156901,0.0006940026603435314,,,0.0006940026603435314,0.0094268694696663,0.0006940026603435314,,0.007229194378578451,0.0028916777514313803,0.056792551038112316,,0.4242091261349836,0.11138742698513678,,,0.0021398415360592217,0.0006940026603435314,0.0006940026603435314,0.007981030593950611,0.0006940026603435314,0.0014458388757156901,,,,0.23590307096177202,0.0065351917182349195,0.0021398415360592217,,,
,,,,0.002197675091087849,0.0006940026603435314,,0.002197675091087849,0.0006940026603435314,0.002197675091087849,0.002197675091087849,,,,,0.002197675091087849,,0.0014458388757156901,0.10959458677924933,,0.0006940026603435314,,,0.007402695043664334,,0.002197675091087849,0.0006940026603435314,,0.0,,,,,,,0.005899022612920016,,,,0.0014458388757156901,0.004395350182175698,0.002197675091087849,,,0.0006940026603435314,0.006650858828292175,,0.0006940026603435314,,,0.002949511306460008,0.028107107743913017,,,0.011104042565496502,0.0014458388757156901,0.060725232780058994,,0.24856861951304143,0.13035683303452664,0.0006940026603435314,,0.0006940026603435314,,,0.008848533919380024,0.0006940026603435314,0.0006940026603435314,,,,0.3399456364582731,0.004395350182175698,0.004395350182175698,,,
,,,,0.002949511306460008,,,0.0014458388757156901,0.002197675091087849,0.0006940026603435314,0.0014458388757156901,,,,,0.0006940026603435314,,,0.10167138974032734,,,,,0.0006940026603435314,,0.002197675091087849,0.002197675091087849,,0.0,,,,,,0.0006940026603435314,0.008964201029437279,,,,,0.002197675091087849,0.002197675091087849,,0.0006940026603435314,0.0006940026603435314,0.005205019952576485,,,,,0.003701347521832167,0.026892603088311838,,,0.01642472962813024,0.004453183737204326,0.07697646174310335,,0.17575617373199925,0.13232317390549997,0.0006940026603435314,,,,,0.012665548551269447,,,,,,0.40743739517668154,0.003701347521832167,0.0014458388757156901,,,0.0006940026603435314
,,0.0006940026603435314,,,,,0.0014458388757156901,0.002949511306460008,0.0006940026603435314,0.0006940026603435314,,,0.005205019952576485,,0.0006940026603435314,,0.0006940026603435314,0.09785437510843792,0.0006940026603435314,0.0014458388757156901,,,,,0.0014458388757156901,,,0.0,,,,0.0006940026603435314,,,0.007460528598692962,,,,,0.0014458388757156901,0.0014458388757156901,,,0.0006940026603435314,0.007460528598692962,0.002197675091087849,,,,0.002949511306460008,0.029842114394771847,,0.0006940026603435314,0.024637094442195362,0.006708692383320803,0.07096177202012607,,0.20554045457174253,0.1068185761378752,,,0.0006940026603435314,,,0.005956856167948644,,0.002197675091087849,,,,0.3974321901567289,0.0014458388757156901,0.00821236481406512,,,
,,0.0014458388757156901,,,,0.0006940026603435314,0.0014458388757156901,0.002949511306460008,0.0006940026603435314,,,,,,0.002949511306460008,,,0.14313804869585334,,0.0006940026603435314,0.0006940026603435314,,0.002197675091087849,,0.002197675091087849,0.0006940026603435314,,0.0,,,,,,,0.013475218321670233,0.002197675091087849,,,,0.0006940026603435314,0.0006940026603435314,,,,0.003701347521832167,,0.0006940026603435314,,,0.002197675091087849,0.03146145393557342,,0.0014458388757156901,0.011219709675553757,0.0014458388757156901,0.06593025273263547,,0.19582441732693312,0.12584581574229367,0.003701347521832167,,0.002197675091087849,,,0.007460528598692962,,0.0006940026603435314,,,,0.3626742235845237,0.002949511306460008,0.003701347521832167,,,
,,0.0006940026603435314,,,0.002949511306460008,,0.0014458388757156901,0.0014458388757156901,0.008154531259036493,,,,0.002197675091087849,,0.0006940026603435314,,,0.10942108611416344,0.025273263547510267,,0.0006940026603435314,,0.004453183737204326,0.0006940026603435314,0.003701347521832167,0.0006940026603435314,,0.0,,,0.0006940026603435314,0.0006940026603435314,0.007402695043664334,0.0014458388757156901,0.009658203689780811,0.003701347521832167,,,,0.0014458388757156901,0.011913712335897287,,,,0.006650858828292175,0.0006940026603435314,0.0006940026603435314,0.0006940026603435314,,0.005205019952576485,0.027528772193626743,,0.0014458388757156901,0.020068243594933782,0.003701347521832167,0.07963680527442021,,0.024521427332138135,0.16453646405644554,0.002197675091087849,,0.0006940026603435314,,,0.013359551211612978,,0.002949511306460008,,,,0.43710600890636747,0.005205019952576485,0.002197675091087849,,,0.0014458388757156901
,,0.0006940026603435314,,,,0.0014458388757156901,,0.0028916777514313803,0.0014458388757156901,,,,0.00508935284251923,,0.0028916777514313803,,,0.08142964548030768,,,0.0006940026603435314,,0.002197675091087849,0.0006940026603435314,0.0014458388757156901,,,0.0,,,0.0006940026603435314,0.0006940026603435314,,0.0028916777514313803,0.010988375455439245,,,,,0.006593025273263548,0.0028916777514313803,,0.0006940026603435314,,,0.0006940026603435314,0.0006940026603435314,0.0006940026603435314,,0.002197675091087849,0.019027239604418482,,0.0014458388757156901,0.0249262622173385,0.002197675091087849,0.09392169336649124,,0.1659823029321612,0.10271239373084264,0.004395350182175698,,0.0036435139668035393,,0.0006940026603435314,0.011740211670811405,,0.0006940026603435314,0.002197675091087849,,,0.4248452952402984,0.0028916777514313803,0.006593025273263548,,,0.0014458388757156901
0.0007518362153721589,,0.0007518362153721589,,,,,,0.0030073448614886355,0.0038170146318894224,0.0007518362153721589,,,0.0007518362153721589,,0.0007518362153721589,,,0.10022555086461164,,,0.0007518362153721589,,0.0007518362153721589,,,0.0007518362153721589,,0.0,,,0.0007518362153721589,,,0.0015036724307443178,0.0038170146318894224,,,,0.0015036724307443178,0.0007518362153721589,0.002255508646116477,,,0.0015036724307443178,0.0007518362153721589,0.0007518362153721589,0.0007518362153721589,,,0.0030073448614886355,0.02371175756173732,,,0.013764386096813372,0.0015036724307443178,0.08796483719854259,,0.34578682551616446,0.11398993696142502,0.0007518362153721589,,0.0007518362153721589,,0.0007518362153721589,0.008385865479151003,0.0007518362153721589,0.0007518362153721589,0.0015036724307443178,,,0.2593256607483662,0.00532068706263374,0.004568850847261581,,,
,,0.0015036724307443178,,0.0007518362153721589,,,0.0007518362153721589,0.0015036724307443178,0.0030073448614886355,,,,,,0.002255508646116477,,0.0015036724307443178,0.11867445491874386,,0.0007518362153721589,,,0.0037591810768607945,0.0007518362153721589,0.0007518362153721589,0.0007518362153721589,,0.0,,,,0.0015036724307443178,,0.002255508646116477,0.009022034584465908,,,,,0.0037591810768607945,0.0030073448614886355,,0.0007518362153721589,0.0007518362153721589,0.0037591810768607945,,,,,0.0015036724307443178,0.018101902723960443,,,0.017350066508588283,0.002255508646116477,0.07327511422127118,,0.21814816956798333,0.11260193164073795,0.002255508646116477,,,,,0.006014689722977271,0.0015036724307443178,,,,,0.3749349372505928,0.005262853507605112,0.004511017292232954,,,0.0007518362153721589
,,0.0014458388757156901,,,,0.0006940026603435314,0.0006940026603435314,,0.002949511306460008,0.0006940026603435314,0.0006940026603435314,,0.0006940026603435314,,0.0014458388757156901,,0.0006940026603435314,0.11497310739691169,,0.0006940026603435314,0.0006940026603435314,,0.002197675091087849,,,,,0.0,,,,,,0.002197675091087849,0.005956856167948644,,,,,0.003701347521832167,0.003701347521832167,,,0.0006940026603435314,0.006708692383320803,,,,,0.0006940026603435314,0.028511942629113413,0.0014458388757156901,,0.017986235613903185,0.002197675091087849,0.07287027933607079,,0.24255392979006418,0.11798045225840033,0.0014458388757156901,,,,,0.008964201029437279,0.0014458388757156901,0.0006940026603435314,,,,0.34277948065467584,0.002197675091087849,0.006708692383320803,,,
,,0.0006940026603435314,,,,0.0006940026603435314,0.0006940026603435314,0.0014458388757156901,0.002197675091087849,,0.0006940026603435314,,0.0006940026603435314,,0.004453183737204326,,0.0006940026603435314,0.10317506217107165,,0.0006940026603435314,,,0.0006940026603435314,,,,,0.0,,,,,,0.0014458388757156901,0.006708692383320803,,,0.0006940026603435314,,,0.002197675091087849,,0.0006940026603435314,0.0006940026603435314,0.007460528598692962,,,0.0006940026603435314,0.0006940026603435314,,0.022381585796078886,,,0.008964201029437279,0.002197675091087849,0.07547278931235903,,0.2201145104389567,0.13527268521195998,0.0014458388757156901,,,,,0.00821236481406512,0.0014458388757156901,,,,,0.37377826615002024,0.005205019952576485,0.005956856167948644,,,0.0014458388757156901
,0.0030651784165172634,0.0007518362153721589,0.0007518362153721589,,,,,0.0007518362153721589,0.00387484818691805,0.0007518362153721589,,,,,0.0030651784165172634,,0.0007518362153721589,0.13481001677173096,,0.0007518362153721589,,,0.0023133422011451044,,0.0007518362153721589,0.0015036724307443178,,0.0,,,,,,0.0023133422011451044,0.012376380776126308,0.0007518362153721589,,,,0.0030651784165172634,0.0077496963738361,,,0.0007518362153721589,0.0077496963738361,,,,,,0.031750621710716555,0.0007518362153721589,0.0007518362153721589,0.02012607714996241,0.0030651784165172634,0.09143485050026025,,0.16927881556879298,0.1263084841825227,0.0015036724307443178,,,,,0.00850153258920826,0.0007518362153721589,0.0007518362153721589,,0.0007518362153721589,,0.34798450060725233,0.0015036724307443178,0.0023133422011451044,,0.0023133422011451044,0.0015036724307443178
,0.0006940026603435314,,,,,,0.0006940026603435314,0.0006940026603435314,0.0006940026603435314,0.0014458388757156901,0.0006940026603435314,,0.002949511306460008,,,,0.002197675091087849,0.13851136429356312,,0.0014458388757156901,,,0.005205019952576485,0.0014458388757156901,,,,0.0,,,,,,0.0014458388757156901,0.013359551211612978,0.0014458388757156901,,,,0.003701347521832167,0.002197675091087849,,,0.0006940026603435314,0.002197675091087849,,,,,0.002949511306460008,0.036435139668035396,0.0006940026603435314,0.0006940026603435314,0.01116187612052513,0.003701347521832167,0.08038864148979238,0.0006940026603435314,0.031056619050372936,0.14741773176797177,0.002949511306460008,,0.0014458388757156901,,,0.014863223642357296,,0.0006940026603435314,,0.0006940026603435314,,0.4721531432537158,0.005205019952576485,0.002949511306460008,,0.0014458388757156901,0.0006940026603435314
,0.0006940026603435314,,,,,0.0006940026603435314,0.0006940026603435314,0.0014458388757156901,,0.0014458388757156901,0.0006940026603435314,,0.004337516627147071,,,,0.0006940026603435314,0.13394251344630154,,0.0021398415360592217,,,0.00508935284251923,,,,,0.0,,,,,,0.0014458388757156901,0.0036435139668035393,,,0.0006940026603435314,0.0021398415360592217,0.0028916777514313803,0.0021398415360592217,,,,0.0021398415360592217,0.0014458388757156901,,,,0.008038864148979238,0.02411659244693771,0.0028916777514313803,,0.012434214331154936,0.0028916777514313803,0.07391128332658609,0.0006940026603435314,0.034063963911861506,0.16835347868833497,,0.0028916777514313803,0.0014458388757156901,0.0014458388757156901,,0.019027239604418482,,0.0014458388757156901,,,,0.4707073043780001,0.004337516627147071,0.0028916777514313803,,,
,,,,,,,,0.0014458388757156901,0.0014458388757156901,,0.0006940026603435314,,0.002197675091087849,,0.0006940026603435314,,0.0014458388757156901,0.06292290787114684,,0.0014458388757156901,,,0.005899022612920016,,,,,0.0,,,,,,0.0014458388757156901,0.0014458388757156901,,,,0.0006940026603435314,0.0006940026603435314,,,,,0.0006940026603435314,,,,,,0.010352206350124342,,0.0006940026603435314,0.01330171765658435,0.0014458388757156901,0.0525707015210225,,0.6003123011971546,0.045168006477358164,0.0006940026603435314,0.005147186397547857,0.0006940026603435314,0.0014458388757156901,,0.005899022612920016,,0.0014458388757156901,,,,0.17326933086576832,0.0014458388757156901,0.002949511306460008,,,
,,0.0013880053206870627,,0.0013880053206870627,,,,,0.0013880053206870627,0.0006940026603435314,,,0.0021398415360592217,,0.0006940026603435314,,0.0013880053206870627,0.09854837776878145,,,,,0.0013880053206870627,0.0006940026603435314,,,,0.0,,,,,,0.0006940026603435314,0.008617199699265514,,,,0.0006940026603435314,0.005725521947834133,,,,0.0006940026603435314,0.007865363483893354,,,,,0.003585680411774912,0.02515759643745301,,0.0006940026603435314,0.023017754901393787,0.0021398415360592217,0.07836446706379041,0.0006940026603435314,0.24347926667052222,0.13232317390549997,0.0013880053206870627,,,0.0006940026603435314,,0.007171360823549824,0.0006940026603435314,0.0013880053206870627,,,,0.3330634434098664,0.006419524608177665,0.005725521947834133,,,
,,,,,,,,,0.002833844196402753,0.0006940026603435314,,,,0.0006940026603435314,0.0006940026603435314,,0.0006940026603435314,0.10739691168816147,,0.0006940026603435314,,,0.0013880053206870627,0.0006940026603435314,,,,0.0,,,0.0006940026603435314,,,,0.007923197038921982,,,,0.0006940026603435314,0.007171360823549824,0.0021398415360592217,,,0.0006940026603435314,0.003585680411774912,,,,,,0.02955294661962871,,,0.013648718986756117,0.0006940026603435314,0.07206060956567001,0.0006940026603435314,0.27551905615638195,0.10091955352495519,0.002833844196402753,,,0.0006940026603435314,,0.007923197038921982,,0.0006940026603435314,,0.0006940026603435314,,0.34966167370308254,0.0006940026603435314,0.005031519287490602,,,
,,,,,,0.0006940026603435314,,0.0006940026603435314,0.002197675091087849,,,,0.0014458388757156901,0.0006940026603435314,,,0.0014458388757156901,0.11335376785611012,,,,,,,,,,0.0,,,,,,,0.008790700364351397,,,,,0.006593025273263548,0.008096697704007866,,,0.0006940026603435314,0.006593025273263548,,,,,,0.03238679081603146,,0.0006940026603435314,0.027933607078827135,0.0036435139668035393,0.08166097970042219,0.0006940026603435314,0.18888439072349772,0.1118500954253658,0.007344861488635707,,0.0006940026603435314,0.0006940026603435314,,0.004395350182175698,,,,,,0.3775952807819097,0.0028916777514313803,0.007344861488635707,,,
0.0006940026603435314,,,,,,0.0006940026603435314,,0.0006940026603435314,0.0021398415360592217,,,,0.0013880053206870627,,0.0006940026603435314,,,0.12364814065120583,0.0006940026603435314,0.0006940026603435314,,,0.007865363483893354,,,,,0.0,,,,,,,0.006419524608177665,,,,0.0006940026603435314,0.004279683072118443,0.004973685732461974,,,0.0006940026603435314,0.002833844196402753,0.0006940026603435314,0.0013880053206870627,0.0006940026603435314,,0.0013880053206870627,0.03070961772020126,,0.0013880053206870627,0.01787056850384593,0.004279683072118443,0.08721300098317043,,0.05066219420507778,0.16442079694638828,0.005667688392805506,0.0013880053206870627,,0.0006940026603435314,,0.01353305187669886,,0.0006940026603435314,,,0.0006940026603435314,0.4397085188826557,0.007865363483893354,0.008559366144236887,,,0.0013880053206870627
,,,,,,,,0.0013304949441192123,0.001969132517296434,,,,0.0006386375731772219,,,,0.0026609898882384245,0.12432144757849921,,0.0013304949441192123,,,0.02080894092602448,,0.0013304949441192123,,,0.0,,,,,,,0.011389036721660457,,,,,0.003991484832357637,0.001969132517296434,,,0.0006386375731772219,0.001969132517296434,,0.0006386375731772219,,,0.003352847259180415,0.022831293241085685,0.0006386375731772219,0.0013304949441192123,0.02150079829696647,0.004683342203299627,0.07929749866950506,,2.220446049250313e-16,0.1874933475252794,0.0013304949441192123,0.001969132517296434,,,,0.008036189462480043,0.0006386375731772219,0.0006386375731772219,,,0.0006386375731772219,0.4839276210750399,0.005375199574241618,0.0013304949441192123,,,
,,,0.000742560118809619,0.001485120237619238,0.000742560118809619,,,0.000742560118809619,,0.000742560118809619,,,0.00822528131604501,,0.002227680356428857,,0.001485120237619238,0.1133260981321757,0.001485120237619238,0.002227680356428857,,,0.00822528131604501,,0.000742560118809619,0.000742560118809619,,0.0,,,,,,,0.01873536299765808,,,0.002227680356428857,0.002227680356428857,0.0059976009596161535,0.0074827211972353916,,,,,0.000742560118809619,0.001485120237619238,0.000742560118809619,,0.011252641800422689,0.01873536299765808,,0.002227680356428857,0.02701776432284229,0.004455360712857714,0.07505569200891073,0.000742560118809619,2.220446049250313e-16,0.16216370594619295,0.002227680356428857,,0.002970240475238476,0.000742560118809619,,0.0074827211972353916,,,,,0.000742560118809619,0.492488718798195,0.004455360712857714,0.004455360712857714,,,
,,,,0.0007518362153721589,,,,0.0007518362153721589,,,,,0.002255508646116477,0.0007518362153721589,0.0007518362153721589,,,0.08640333121276965,,0.0007518362153721589,,,0.009137701694523163,,0.0007518362153721589,,,0.0,,,,,,,0.017581400728702793,,,,,0.0007518362153721589,0.006072523278005899,,,,,,,0.0007518362153721589,,0.00532068706263374,0.020646579145220056,,0.0007518362153721589,0.01526805852755769,0.0007518362153721589,0.06882193048406686,0.0007518362153721589,0.275345555491296,0.10710774391301833,0.0015036724307443178,,0.0007518362153721589,,,0.004568850847261581,0.0007518362153721589,0.002255508646116477,,,,0.35804753918223353,0.006072523278005899,0.0038170146318894224,,,
,,,,,0.0007518362153721589,,,0.0015036724307443178,0.0015036724307443178,,0.0007518362153721589,,,0.0007518362153721589,,,,0.10253889306575675,,0.0023133422011451044,,,0.004626684402290209,0.0007518362153721589,0.0007518362153721589,0.0007518362153721589,,0.0,,,,,,0.0023133422011451044,0.013880053206870626,,,,0.0007518362153721589,0.0030651784165172634,0.005378520617662368,,,0.0007518362153721589,0.005378520617662368,0.0007518362153721589,,0.0023133422011451044,,0.012318547221097681,0.0215719160256781,,,0.015383725637614944,0.0038170146318894224,0.08403215545659591,0.0007518362153721589,0.051298363310392725,0.18738071829275346,0.0015036724307443178,0.0007518362153721589,,,,0.009253368804580418,0.0007518362153721589,0.0015036724307443178,,,,0.4457810421606616,0.009253368804580418,0.0030651784165172634,,,
,,,,0.0007518362153721589,,,,0.0007518362153721589,0.005436354172690995,,,,0.00387484818691805,,,,,0.08362732057139552,,,,,0.004684517957318836,,0.00387484818691805,,,0.0,,,0.0015615059857729454,,,0.0015615059857729454,0.019547741599676132,,,,,0.0015615059857729454,0.0007518362153721589,,,0.0023133422011451044,0.006997860158463941,,,0.0015615059857729454,,0.007807529928864727,0.016366896073101614,0.0007518362153721589,0.003123011971545891,0.014805390087328668,0.005436354172690995,0.07975247238447747,0.0007518362153721589,0.055288878607367975,0.15406859059626396,0.00387484818691805,,,,,0.007807529928864727,,0.00387484818691805,,,,0.48875137354693193,0.005436354172690995,0.011682378115782778,,,0.0015615059857729454
,,0.0006828089710594044,,,,0.0006828089710594044,,0.0014181417091233782,0.0014181417091233782,,,,0.004306948894374704,,,,0.0014181417091233782,0.09480539944324808,,0.002153474447187352,,,0.0028362834182467564,0.0006828089710594044,0.0014181417091233782,,,0.0,,,0.0006828089710594044,,,0.004306948894374704,0.017963128315562793,0.0014181417091233782,,,0.0028362834182467564,0.007143232312621461,0.005725090603498083,0.0014181417091233782,,0.002153474447187352,0.004306948894374704,,,0.0006828089710594044,0.0028362834182467564,0.0035716161563107305,0.027259835075371604,,,0.0265770261043122,0.004989757865434109,0.07468879668049792,0.0006828089710594044,0.0,0.15158359157518778,0.0014181417091233782,,,,,0.015074321130311466,0.0028362834182467564,0.0006828089710594044,,,,0.5180419139660697,0.007878565050685436,,,,0.0014181417091233782
0.0007518362153721589,0.0007518362153721589,,,0.0007518362153721589,,0.0015615059857729454,,,0.00387484818691805,0.0015615059857729454,,,0.0023133422011451044,0.0007518362153721589,,,0.0007518362153721589,0.10728124457810422,0.0023133422011451044,0.0023133422011451044,,,0.01017870568503846,,0.0007518362153721589,,,0.0,,0.0007518362153721589,0.0007518362153721589,,,0.0015615059857729454,0.01017870568503846,,,,0.0015615059857729454,0.006997860158463941,0.003123011971545891,,,0.003123011971545891,0.005436354172690995,,,0.0007518362153721589,0.006246023943091782,,0.018795905384303972,0.003123011971545891,0.0007518362153721589,0.011740211670811405,0.00387484818691805,0.08536232722225436,0.0007518362153721589,0.22948354635359447,0.12058296223468856,,0.0023133422011451044,0.00387484818691805,,,0.01330171765658435,0.0007518362153721589,0.0015615059857729454,0.0007518362153721589,,,0.31646521311665027,0.009369035914637672,0.0007518362153721589,,,
,0.0007518362153721589,,,0.0007518362153721589,,0.0015615059857729454,0.0007518362153721589,0.002371175756173732,,0.0007518362153721589,,,0.0015615059857729454,,,0.0007518362153721589,,0.07761263084841825,,,,,0.003123011971545891,,0.007113527268521196,,,0.0,,,0.0007518362153721589,,,0.003123011971545891,0.008675033254294142,,,,0.0007518362153721589,0.004742351512347464,0.002371175756173732,,,0.0007518362153721589,,0.0007518362153721589,,,0.0015615059857729454,0.0007518362153721589,0.01740790006361691,,0.0007518362153721589,0.013417384766641605,0.003932681741946677,0.08079347637499278,,0.5557804638251114,0.03244462437106009,0.003932681741946677,0.0007518362153721589,,,,0.014227054537042393,,0.0007518362153721589,,,,0.13787519518824823,0.012665548551269447,0.003932681741946677,,,
,,,,,,0.0015036724307443178,0.0007518362153721589,0.0015036724307443178,0.0030073448614886355,0.0038170146318894224,,,0.009889537909895321,,0.0007518362153721589,,,0.07564628997744491,,,,,0.006824359493378058,,0.010699207680296108,0.0007518362153721589,,0.0,,,,0.006072523278005899,,,0.013706552541784744,,,,,0.0015036724307443178,0.0030073448614886355,,,,0.002255508646116477,0.0007518362153721589,,,0.00532068706263374,0.0030073448614886355,0.024405760222080852,,0.002255508646116477,0.01601989474292985,0.0007518362153721589,0.07639812619281708,,0.16922098201376445,0.1307038343646984,,,0.0007518362153721589,,,0.008385865479151003,0.0007518362153721589,,0.006072523278005899,,,0.38528714360071714,0.01983690937481927,0.008385865479151003,,,
,,,0.0006940026603435314,0.0006940026603435314,,0.0014458388757156901,,0.0006940026603435314,0.0014458388757156901,0.0006940026603435314,,0.0006940026603435314,0.0028916777514313803,,,,0.0014458388757156901,0.07616679197270257,,0.0036435139668035393,,,0.0072870279336070785,,0.0014458388757156901,,,0.0,,,,,,0.002197675091087849,0.005841189057891389,,,,,0.0036435139668035393,0.0028916777514313803,,,0.0014458388757156901,0.0072870279336070785,0.0006940026603435314,0.0028916777514313803,0.0014458388757156901,0.0006940026603435314,0.0028916777514313803,0.02197675091087849,0.0014458388757156901,,0.03221329015094558,0.0006940026603435314,0.06517841651726332,0.0006940026603435314,0.4333468278295066,0.06593025273263547,0.0014458388757156901,0.0028916777514313803,,,,0.009484703024694927,0.0014458388757156901,0.0006940026603435314,,,,0.2241628592909606,0.005841189057891389,0.0006940026603435314,,,0.0006940026603435314
0.0006940026603435314,,,,,,,,0.0014458388757156901,0.0014458388757156901,0.0006940026603435314,,,0.002949511306460008,,0.0006940026603435314,,,0.09484703024694928,,0.0014458388757156901,,,0.0014458388757156901,,0.0014458388757156901,,,0.0,,,,,,0.0014458388757156901,0.007402695043664334,,,0.0006940026603435314,,0.002949511306460008,0.004395350182175698,0.0006940026603435314,,0.0006940026603435314,0.007402695043664334,0.0014458388757156901,0.005899022612920016,,,0.003701347521832167,0.02371175756173732,,,0.011104042565496502,0.003701347521832167,0.07634029263778845,,0.2294257127985656,0.1378173616332196,0.0014458388757156901,0.0014458388757156901,,,,0.014053553871956509,,,,,,0.34763749927708054,0.004395350182175698,0.004395350182175698,,,0.0006940026603435314
,,0.0006940026603435314,,,,,,0.0006940026603435314,0.0014458388757156901,0.0014458388757156901,,0.0028916777514313803,,,0.0006940026603435314,,,0.11601411138742698,,,,,0.0028916777514313803,,0.0014458388757156901,0.0006940026603435314,,0.0,,,,,,0.004337516627147071,0.007981030593950611,,,,,0.0014458388757156901,0.0036435139668035393,,0.0006940026603435314,0.0006940026603435314,0.008732866809322769,0.0006940026603435314,0.0036435139668035393,,,0.0021398415360592217,0.022612920016193395,,,0.01162454456075415,0.004337516627147071,0.07587762419755942,,0.21276964895032102,0.14886357064368747,0.004337516627147071,0.0021398415360592217,,0.0021398415360592217,,0.0057833555028627606,,,,0.0014458388757156901,,0.33208027297437975,0.004337516627147071,0.0072870279336070785,,,0.0014458388757156901
,,,,,0.0006940026603435314,,,,0.0021398415360592217,,,,0.0006940026603435314,,,,,0.09004684517957319,,0.0006940026603435314,,,0.0028916777514313803,0.0006940026603435314,0.003585680411774912,,,0.0,,,,,,0.003585680411774912,0.011566711005725521,0.007229194378578451,,,,0.0021398415360592217,0.008675033254294142,,0.0014458388757156901,0.0006940026603435314,0.003585680411774912,,0.0006940026603435314,,,0.0021398415360592217,0.02105141403042045,0.0006940026603435314,,0.031924122375802444,0.003585680411774912,0.07772829795847551,,0.23104505233936734,0.11260193164073795,0.0021398415360592217,0.0006940026603435314,0.0006940026603435314,0.0006940026603435314,,0.0057833555028627606,,0.0006940026603435314,,,,0.35960904516800646,0.005031519287490602,0.0021398415360592217,,,0.0006940026603435314
,,0.0006940026603435314,,,0.0014458388757156901,0.0021398415360592217,,,0.0006940026603435314,0.0006940026603435314,,,0.0006940026603435314,0.0006940026603435314,,,,0.09143485050026025,,0.0028916777514313803,,,0.004337516627147071,,0.0021398415360592217,,,0.0,,,,,,0.004337516627147071,0.0065351917182349195,,,0.0006940026603435314,,0.0028916777514313803,0.0006940026603435314,,,0.0014458388757156901,0.00508935284251923,,,,,0.008038864148979238,0.02920594528945694,,0.0021398415360592217,0.028511942629113413,0.0021398415360592217,0.06945809958938176,0.0006940026603435314,0.1643629633913597,0.14406338557631138,0.0021398415360592217,0.0006940026603435314,0.0006940026603435314,,,0.013880053206870626,,,,,0.0006940026603435314,0.3972008559366144,0.0036435139668035393,0.0014458388757156901,,,0.0014458388757156901
