Adair County,Alfalfa County,Atoka County,Beaver County,Beckham County,Blaine County,Bryan County,Caddo County,Canadian County,Carter County,Cherokee County,Choctaw County,Cimarron County,Cleveland County,Coal County,Comanche County,Cotton County,Craig County,Creek County,Custer County,Delaware County,Dewey County,Ellis County,Garfield County,Garvin County,Grady County,Grant County,Greer County,Harmon County,Harper County,Haskell County,Hughes County,Jackson County,Jefferson County,Johnston County,Kay County,Kingfisher County,Kiowa County,Latimer County,Le Flore County,Lincoln County,Logan County,Love County,Major County,Marshall County,Mayes County,McClain County,McCurtain County,McIntosh County,Murray County,Muskogee County,Noble County,Nowata County,Okfuskee County,Oklahoma County,Okmulgee County,Osage County,Ottawa County,Pawnee County,Payne County,Pittsburg County,Pontotoc County,Pottawatomie County,Pushmataha County,Roger Mills County,Rogers County,Seminole County,Sequoyah County,Stephens County,Texas County,Tillman County,Tulsa County,Wagoner County,Washington County,Washita County,Woods County,Woodward County
0.0027576773738086833,0.0002647370278856336,0.012442640310624779,,0.0005515354747617367,,0.008295093540416519,0.0005515354747617367,0.0019193434521708435,0.001367807977409107,0.00330921284857042,0.0008162725026473703,,0.003860748323332157,0.001367807977409107,0.0008162725026473703,,0.0002647370278856336,0.0055153547476173665,,,,,0.0005515354747617367,0.0002647370278856336,0.0008162725026473703,,,,,0.0210245322979174,0.009684962936816095,,,0.0008162725026473703,0.0002647370278856336,,,0.02656194846452524,0.004699082244969997,0.0008162725026473703,0.001367807977409107,0.0002647370278856336,,0.0002647370278856336,,0.001367807977409107,0.0035960112954465232,0.04012972114366396,0.0002647370278856336,0.02490734204024003,,0.0002647370278856336,0.003860748323332157,0.02656194846452524,0.0055153547476173665,0.001367807977409107,,0.0005515354747617367,0.0019193434521708435,0.7027223791034239,0.0035960112954465232,0.009398164489939994,0.0035960112954465232,,0.0005515354747617367,0.0024708789269325803,0.001367807977409107,0.0005515354747617367,0.0002647370278856336,,0.04871161313095658,0.0027576773738086833,0.0022061418990469467,,,
0.006816978468055066,,0.00992763854571126,,,,0.003971055418284504,0.0002647370278856336,0.002537063183903989,0.0014119308153900459,0.0033974585245322977,0.0002647370278856336,,0.004809389339922344,0.003684256971408401,0.0016987292622661489,,0.0005515354747617367,0.001985527709142252,0.0005515354747617367,0.0002647370278856336,0.0002647370278856336,,0.002272326156018355,0.0008383339216378397,0.002272326156018355,,,,,0.015045887751500177,0.013633956936110131,,,0.0014119308153900459,,,,0.027819449346981998,0.0053829862336745495,0.0011251323685139427,0.0005515354747617367,,,0.0008383339216378397,0.0008383339216378397,0.0008383339216378397,0.0014119308153900459,0.05168990469466996,0.0002647370278856336,0.032937698552770914,,0.0005515354747617367,0.002537063183903989,0.02186286621955524,0.007368513942816802,0.0011251323685139427,0.0005515354747617367,0.0005515354747617367,0.0008383339216378397,0.6890442993293329,0.007081715495940699,0.005096187786798447,0.003971055418284504,,0.0008383339216378397,0.002537063183903989,0.005956583127426756,,0.0005515354747617367,,0.04346099541122485,0.0033974585245322977,0.0008383339216378397,0.0002647370278856336,,
,,0.014847334980585951,,,,0.009707024355806565,,0.002272326156018355,0.0002647370278856336,0.006265442993293328,0.002272326156018355,,0.010832156724320509,0.002559124602894458,0.0016987292622661489,,0.0002647370278856336,0.002272326156018355,0.0005515354747617367,0.0002647370278856336,0.0002647370278856336,,0.001985527709142252,0.0011251323685139427,0.0016987292622661489,,,,,0.017119661136604306,0.01370014119308154,,0.0002647370278856336,0.003132721496646664,0.0002647370278856336,,,0.023120367102012002,0.010832156724320509,0.0016987292622661489,0.0011251323685139427,,,0.001985527709142252,0.0011251323685139427,0.0011251323685139427,0.006552241440169432,0.06309565831274268,0.0005515354747617367,0.03225379456406636,,0.0005515354747617367,0.003132721496646664,0.02484115778326862,0.013126544299329333,0.0016987292622661489,,0.001985527709142252,0.0016987292622661489,0.6369352276738439,0.006265442993293328,0.011405753618072714,0.006265442993293328,,0.0016987292622661489,0.001985527709142252,0.001985527709142252,,0.0002647370278856336,,0.04767472643840452,0.0002647370278856336,0.0011251323685139427,,,
,0.0008383339216378397,0.014979703494528767,,,,0.005934521708436287,,0.0028238616307800918,0.0016766678432756795,0.0019634662901517825,0.0028238616307800918,,0.008471584892340275,0.0022502647370278854,0.0008383339216378397,0.0002647370278856336,,0.0036621955524179313,0.0014119308153900459,0.0002647370278856336,0.0002647370278856336,,0.0008383339216378397,0.0016766678432756795,0.0019634662901517825,0.0002647370278856336,,,,0.019789092834451114,0.009883515707730321,,0.0002647370278856336,,0.0005515354747617367,,,0.028834274620543592,0.005074126367807978,0.0016766678432756795,0.0008383339216378397,,0.0002647370278856336,0.0002647370278856336,0.0002647370278856336,0.0014119308153900459,0.0036621955524179313,0.04467437345570067,0.0005515354747617367,0.02120102364984116,0.0002647370278856336,0.0002647370278856336,0.0022502647370278854,0.03053300388280974,0.012442640310624779,0.0008383339216378397,0.0002647370278856336,0.0008383339216378397,0.0014119308153900459,0.6446126014825273,0.008758383339216379,0.008471584892340275,0.0019634662901517825,,0.0019634662901517825,0.0033753971055418283,0.0019634662901517825,0.0002647370278856336,,,0.08372308506883162,0.0033753971055418283,,,,
,0.0008603953406283092,0.009486410165901871,0.00028679844687610307,0.00028679844687610307,,0.004015178256265443,,0.004015178256265443,0.0011471937875044123,0.0017207906812566184,0.0022943875750088246,,0.005735968937522061,0.0011471937875044123,0.0025811860218849275,,,0.0020075891281327216,0.0008603953406283092,0.00028679844687610307,0.00028679844687610307,,0.0005735968937522061,0.0005735968937522061,0.0025811860218849275,,,,,0.016656371337804447,0.01034680550653018,0.00028679844687610307,,0.00028679844687610307,0.0005735968937522061,,,0.020980409459936462,0.0054491704906459585,0.0017207906812566184,0.00028679844687610307,0.00028679844687610307,,0.00028679844687610307,,0.0017207906812566184,0.004588775150017649,0.04886604306388987,,0.014648782209671725,,0.00028679844687610307,0.0028679844687610305,0.02645164136957289,0.008030356512530886,0.0005735968937522061,0.00028679844687610307,0.0005735968937522061,0.0011471937875044123,0.733740734204024,0.0020075891281327216,0.008030356512530886,0.004015178256265443,,0.0011471937875044123,0.00372837980938934,0.0017207906812566184,0.00028679844687610307,,,0.03565125308859866,0.0017207906812566184,,,,
0.0014781150723614542,0.00028679844687610307,0.013898693963995764,0.00028679844687610307,0.00028679844687610307,,0.003838686904341687,,0.003838686904341687,0.0008824567596187787,0.003838686904341687,0.0005735968937522061,,0.004434345217084363,0.0014781150723614542,0.0014781150723614542,,,0.0035298270384751147,0.00028679844687610307,0.00028679844687610307,0.00028679844687610307,,,0.0008824567596187787,0.002360571831980233,,,,,0.01950229438757501,0.016259265795976,,,0.0005735968937522061,,,,0.027488528062124956,0.010037945640663607,0.00028679844687610307,0.0011692552064948816,0.00028679844687610307,,0.0014781150723614542,0.00028679844687610307,0.0014781150723614542,,0.06238969290504765,,0.025414754677020826,0.00028679844687610307,,0.004434345217084363,0.026319272855630075,0.015067949170490647,0.00028679844687610307,0.0005735968937522061,0.0005735968937522061,0.0017649135192375574,0.691118072714437,0.007677373808683374,0.0064860571831980235,0.003838686904341687,,0.0011692552064948816,0.0035298270384751147,0.002360571831980233,,,,0.02276738439816449,0.0005735968937522061,0.00028679844687610307,,,
0.002647370278856336,,0.014759089304624074,,0.0008824567596187787,,0.01120720084715849,0.00028679844687610307,0.0020517119661136603,0.00412548535121779,0.0017649135192375574,0.0011692552064948816,,0.004412283798093893,0.002647370278856336,0.0020517119661136603,,0.0005735968937522061,0.0053168019767031414,0.0005735968937522061,,0.00028679844687610307,0.00028679844687610307,,0.0014560536533709848,0.0011692552064948816,,,,,0.018024179315213554,0.018310977762089658,,,,,0.00028679844687610307,,0.024510236498411577,0.005007942110836569,0.0014560536533709848,0.0008824567596187787,0.0008824567596187787,0.00028679844687610307,0.0017649135192375574,0.00028679844687610307,0.0011692552064948816,0.0017649135192375574,0.058506883162725024,,0.022149664666431344,0.00028679844687610307,,0.0035298270384751147,0.028062124955877163,0.009751147193787505,,,0.0011692552064948816,0.00028679844687610307,0.6849849982350864,0.012111719025767737,0.005603600423579245,0.002934168725732439,,0.0014560536533709848,0.0017649135192375574,0.002647370278856336,,,,0.030422696787857396,0.0014560536533709848,0.00028679844687610307,,,0.00028679844687610307
0.0017649135192375574,,0.012751500176491352,,0.0005735968937522061,,0.005934521708436287,,0.003265090010589481,0.0029562301447229084,0.0020737733851041297,0.0005735968937522061,,0.005338863395693611,0.004434345217084363,0.0008824567596187787,,0.00028679844687610307,0.0020737733851041297,0.0008824567596187787,,0.00028679844687610307,,0.0008824567596187787,0.0008824567596187787,0.0017649135192375574,,,,0.00028679844687610307,0.01692110836569008,0.019281680197670313,0.00028679844687610307,,,0.00028679844687610307,0.00028679844687610307,,0.021664313448641018,0.005625661842569714,0.0020737733851041297,0.00028679844687610307,0.0008824567596187787,0.00028679844687610307,0.0005735968937522061,0.0005735968937522061,0.0005735968937522061,0.002360571831980233,0.06086745499470526,,0.022855630074126367,0.00028679844687610307,,0.0047432050829509355,0.02106865513589834,0.007699435227673844,0.00028679844687610307,,0.0005735968937522061,0.0005735968937522061,0.7075758912813273,0.008295093540416519,0.0071258383339216375,0.005338863395693611,,0.0011692552064948816,0.0029562301447229084,0.0011692552064948816,0.0005735968937522061,,,0.022855630074126367,0.003265090010589481,0.00028679844687610307,0.00028679844687610307,,0.00028679844687610307
0.0011692552064948816,,0.019171373102717968,,0.00028679844687610307,0.00028679844687610307,0.010015884221673137,,0.002934168725732439,0.0005735968937522061,0.0017649135192375574,0.0014560536533709848,0.00028679844687610307,0.007368513942816802,0.0020517119661136603,0.0008824567596187787,,0.00028679844687610307,0.002934168725732439,,0.00028679844687610307,,,0.0014560536533709848,0.00028679844687610307,0.002647370278856336,,,,,0.019767031415460642,0.017980056477232616,,,0.0014560536533709848,0.00028679844687610307,,,0.021223085068831627,0.0070596540769502295,0.00028679844687610307,,0.0005735968937522061,0.00028679844687610307,0.0017649135192375574,0.0005735968937522061,0.0014560536533709848,0.0005735968937522061,0.06519149311683728,0.00028679844687610307,0.038651606071302504,0.0005735968937522061,0.00028679844687610307,0.0064860571831980235,0.026253088598658665,0.009729085774797036,0.00028679844687610307,,0.0008824567596187787,0.0020517119661136603,0.6571655488881045,0.01032474408753971,0.010898340981291917,0.006772855630074126,,0.0011692552064948816,0.004699082244969997,0.00028679844687610307,,,,0.02565743028591599,0.0023385104129897633,0.00028679844687610307,0.00028679844687610307,,
0.0014339922343805152,0.00028679844687610307,0.010699788210377691,,0.0005735968937522061,0.00028679844687610307,0.006662548535121779,,0.005493293328626897,0.0014339922343805152,0.0014339922343805152,0.0005735968937522061,0.00028679844687610307,0.015928344511118957,0.002603247440875397,,,,0.0031768443346276033,,0.00028679844687610307,,,0.0008603953406283092,0.0011471937875044123,0.0017207906812566184,,,,,0.015354747617366748,0.02027444405224144,,,0.0020075891281327216,,0.0005735968937522061,,0.017075538298623367,0.004919696434874691,0.0017207906812566184,,0.00028679844687610307,,0.0014339922343805152,0.0005735968937522061,0.0014339922343805152,0.0005735968937522061,0.06316184256971408,,0.040262089657606775,,,0.007522943875750089,0.0309962936816096,0.011008648076244264,0.00028679844687610307,0.00028679844687610307,0.00028679844687610307,0.006662548535121779,0.6454950582421461,0.007522943875750089,0.014759089304624074,0.008096540769502295,,0.0011471937875044123,0.005780091775503001,0.00028679844687610307,0.0005735968937522061,,,0.03273914578185669,0.0017207906812566184,0.00028679844687610307,,,
0.0011692552064948816,0.00028679844687610307,0.010854218143310978,,0.00028679844687610307,0.00028679844687610307,0.008802506177197317,,0.002934168725732439,0.004103423932227321,0.0014560536533709848,0.0017428521002470878,,0.014692905047652666,0.0014560536533709848,0.0014560536533709848,,0.00028679844687610307,0.002934168725732439,,0.0005735968937522061,,,0.0008603953406283092,0.0008603953406283092,0.0020517119661136603,,,,,0.01614895870102365,0.015575361807271444,,,0.0017428521002470878,,0.0014560536533709848,,0.012045534768796329,0.0011692552064948816,0.0008603953406283092,,0.0005735968937522061,,0.0008603953406283092,0.00028679844687610307,0.0011692552064948816,,0.04701288386869044,,0.042313801623720435,,,0.011163078009177551,0.021156900811860217,0.008802506177197317,0.0011692552064948816,0.00028679844687610307,0.00028679844687610307,0.003220967172608542,0.6749249911754324,0.004985880691846099,0.008802506177197317,0.0026253088598658667,,0.0005735968937522061,0.007920049417578538,0.0008603953406283092,0.00028679844687610307,,,0.05376367807977409,0.0005735968937522061,0.00028679844687610307,,,
0.0005735968937522061,0.00028679844687610307,0.004721143663960466,,,,0.0035298270384751147,,0.0029562301447229084,0.0008824567596187787,0.0014781150723614542,0.0005735968937522061,,0.017141722555594777,0.0008824567596187787,0.0011692552064948816,,0.00028679844687610307,0.003838686904341687,,0.00028679844687610307,0.00028679844687610307,,0.0014781150723614542,0.0011692552064948816,0.002360571831980233,,,,,0.018928697493822803,0.012707377338510413,0.00028679844687610307,,0.0008824567596187787,,0.00028679844687610307,,0.015067949170490647,0.004434345217084363,0.0005735968937522061,0.00028679844687610307,,,0.0008824567596187787,0.0011692552064948816,0.0011692552064948816,0.00028679844687610307,0.04376985527709142,0.00028679844687610307,0.018928697493822803,,,0.0014781150723614542,0.017141722555594777,0.007986233674549948,,0.0008824567596187787,0.0005735968937522061,0.005007942110836569,0.7375352982703847,0.00412548535121779,0.004434345217084363,0.0029562301447229084,,0.0005735968937522061,0.0035298270384751147,0.00028679844687610307,0.0005735968937522061,,,0.047321743734557005,0.0011692552064948816,0.00028679844687610307,0.00028679844687610307,,
0.0015222379103423931,,0.009839392869749383,,,,0.003684256971408401,,0.0009045181786092481,0.00028679844687610307,0.0027576773738086833,,,0.008008295093540417,0.0015222379103423931,0.0005956583127426756,,0.0005956583127426756,0.0005956583127426756,,0.00028679844687610307,,,0.0027576773738086833,0.002139957642075538,0.003993116837274974,,,,,0.019700847158489233,0.020009707024355807,0.0005956583127426756,0.00028679844687610307,0.0018310977762089657,0.0009045181786092481,,,0.028326861983762795,0.004919696434874691,0.0018310977762089657,0.0005956583127426756,,,0.0005956583127426756,0.0005956583127426756,0.0009045181786092481,0.0012133780444758206,0.06128662195552418,0.0005956583127426756,0.01694316978468055,,,0.0015222379103423931,0.02402488528062125,0.008603953406283091,,0.0005956583127426756,0.0005956583127426756,0.008008295093540417,0.7035165901870808,0.008603953406283091,0.0073905753618072716,0.006463995764207554,,0.0012133780444758206,0.003993116837274974,0.0005956583127426756,0.00028679844687610307,,,0.02186286621955524,0.0015222379103423931,0.00028679844687610307,0.00028679844687610307,,
0.0006177197317331451,,0.011449876456053653,,0.0009265795975997176,,0.00833921637839746,,0.0037063183903988705,0.004015178256265443,0.0021620190610660076,0.0006177197317331451,,0.011758736321920225,0.009883515707730321,0.00030885986586657254,,,0.0006177197317331451,,0.00030885986586657254,,,0.0021620190610660076,0.0018531591951994352,0.0027797387927991526,,,,,0.01731821390751853,0.025061771973173313,0.00030885986586657254,,0.0009265795975997176,0.00030885986586657254,0.00030885986586657254,,0.02691493116837275,0.011449876456053653,0.0009265795975997176,0.0009265795975997176,,0.00030885986586657254,0.0012354394634662902,0.0012354394634662902,0.0009265795975997176,0.0021620190610660076,0.050741263678079775,,0.020406812566184256,0.00030885986586657254,,0.0037063183903988705,0.021355453582774443,0.011141016590187082,0.0006177197317331451,0.0006177197317331451,0.0012354394634662902,0.007103776914931168,0.6756088951641369,0.009883515707730321,0.007103776914931168,0.006177197317331451,,0.00030885986586657254,0.0030885986586657254,0.0006177197317331451,0.00030885986586657254,,,0.024752912107306742,0.0018531591951994352,0.0009265795975997176,,,0.00030885986586657254
0.0012575008824567595,,0.010060007059654076,,0.00030885986586657254,,0.004699082244969997,0.00030885986586657254,0.0012575008824567595,0.0009265795975997176,0.002515001764913519,0.0006177197317331451,,0.010368866925520649,0.0021840804800564773,0.0012575008824567595,,0.0009265795975997176,0.001566360748323332,,0.00030885986586657254,,,0.001566360748323332,0.00030885986586657254,0.003132721496646664,0.0006177197317331451,,,,0.02106865513589834,0.021686374867631485,,,0.0012575008824567595,0.0006177197317331451,,,0.026098658665725378,0.010368866925520649,0.0012575008824567595,,0.00030885986586657254,,0.0006177197317331451,0.0009265795975997176,0.0012575008824567595,0.0006177197317331451,0.061948464525238264,,0.021377515001764914,,0.0006177197317331451,0.004081362513236851,0.028304800564772328,0.007214084009883516,,0.0009265795975997176,,0.005956583127426756,0.6802417931521355,0.012266148958701024,0.007214084009883516,0.003772502647370279,,0.001566360748323332,0.0021840804800564773,0.0006177197317331451,0.00030885986586657254,,,0.027047299682315565,0.003772502647370279,0.00030885986586657254,,,
0.0015222379103423931,0.00028679844687610307,0.006728732792093187,,,,0.007964172255559478,0.0005956583127426756,0.0015222379103423931,0.0012133780444758206,0.002139957642075538,,,0.011648429226967879,0.002139957642075538,0.0036621955524179313,0.0005956583127426756,,0.003353335686551359,,0.0005956583127426756,,,0.002448817507942111,0.00028679844687610307,0.002448817507942111,0.00028679844687610307,,,,0.021465760677726792,0.021465760677726792,,,0.0015222379103423931,0.0015222379103423931,0.00028679844687610307,,0.03373190963642782,0.005206494881750794,0.0018310977762089657,0.0005956583127426756,0.00028679844687610307,,0.0012133780444758206,0.0009045181786092481,0.0005956583127426756,0.003971055418284504,0.04970437698552771,0.0009045181786092481,0.02607659724673491,,,0.0012133780444758206,0.02728997529121073,0.011030709495234733,0.0009045181786092481,0.00028679844687610307,0.00028679844687610307,0.006441934345217084,0.6736674902929756,0.013788386869043417,0.006728732792093187,0.002139957642075538,,0.0015222379103423931,0.0005956583127426756,0.0012133780444758206,0.0009045181786092481,,,0.027907695022943876,0.003066537239675256,0.00028679844687610307,,,
0.0009045181786092481,0.00028679844687610307,0.015553300388280974,,,,0.022568831627250263,0.00028679844687610307,0.0012133780444758206,0.0012133780444758206,0.003353335686551359,0.0005956583127426756,,0.011273385104129898,0.012199964701729616,0.0005956583127426756,,,0.003948993999294034,,0.0005956583127426756,,,0.0015222379103423931,0.0012133780444758206,0.002735615954818214,,,,,0.02316448993999294,0.01614895870102365,,,0.0012133780444758206,0.00028679844687610307,0.00028679844687610307,,0.03231997882103777,0.016766678432756796,0.0015222379103423931,0.00028679844687610307,,,0.0015222379103423931,0.0012133780444758206,0.0015222379103423931,0.002117896223085069,0.06525767737380868,,0.0320111189551712,,,0.002117896223085069,0.049395517119661135,0.010655665372396752,0.0009045181786092481,0.0005956583127426756,0.0005956583127426756,0.004257853865160607,0.5793108012707378,0.010368866925520649,0.007302329685845393,0.005184433462760324,,0.0015222379103423931,0.003353335686551359,0.002117896223085069,0.0005956583127426756,,,0.043306565478291564,0.002426756088951641,0.00028679844687610307,,,
,0.00030885986586657254,0.014273738086833744,,,,0.00743469819978821,0.00030885986586657254,0.0027797387927991526,0.0018531591951994352,0.004346099541122485,0.0006177197317331451,,0.018310977762089658,0.0037063183903988705,0.0012354394634662902,,,0.0037063183903988705,,,,,0.00030885986586657254,0.0006177197317331451,0.0024708789269325803,0.00030885986586657254,,,,0.01987733851041299,0.01614895870102365,,,0.0012354394634662902,,,,0.031371337804447584,0.008074479350511825,0.0015442993293328627,0.004037239675255913,0.00030885986586657254,,0.00030885986586657254,0.0006177197317331451,0.0030885986586657254,0.0027797387927991526,0.05716113660430639,,0.03944581715495941,,,0.0009265795975997176,0.04690257677373809,0.00496381927285563,0.0006177197317331451,0.0006177197317331451,0.0015442993293328627,0.00619925873632192,0.5850026473702787,0.01242057889163431,0.00496381927285563,0.0012354394634662902,,0.0015442993293328627,0.0012354394634662902,0.004346099541122485,0.0006177197317331451,,,0.07331009530533004,0.004654959406989057,0.00030885986586657254,,,
0.00030885986586657254,0.00030885986586657254,0.009618778679844687,,0.00030885986586657254,,0.00496381927285563,0.0009265795975997176,0.0033974585245322977,0.0030885986586657254,0.0021620190610660076,0.0009265795975997176,,0.01239851747264384,0.0037063183903988705,0.0024708789269325803,,,0.0033974585245322977,,,,,,0.0015442993293328627,0.0018531591951994352,,,,,0.016766678432756796,0.017075538298623367,,,0.0009265795975997176,,,,0.025767737380868336,0.004015178256265443,0.0009265795975997176,0.0015442993293328627,0.00030885986586657254,,0.0006177197317331451,0.0021620190610660076,0.0024708789269325803,0.0012354394634662902,0.04127691493116837,0.005272679138722203,0.025150017649135194,,0.00030885986586657254,0.0012354394634662902,0.04035033533356865,0.00743469819978821,0.0006177197317331451,0.0012354394634662902,0.00030885986586657254,0.006816978468055066,0.6737557359689375,0.00496381927285563,0.006508118602188493,0.0024708789269325803,,0.0018531591951994352,0.0012354394634662902,0.0009265795975997176,0.0009265795975997176,,,0.04657165548888104,0.004654959406989057,0.0009265795975997176,,,
0.0005956583127426756,,0.011383692199082245,,,,0.00862601482527356,0.00028679844687610307,0.0027576773738086833,0.00028679844687610307,0.002448817507942111,0.0009045181786092481,,0.009552594422873279,0.003066537239675256,0.002139957642075538,,,0.0027576773738086833,,0.0005956583127426756,,,0.0012133780444758206,0.0027576773738086833,0.002139957642075538,,,,,0.028348923402753266,0.014781150723614543,,,0.0012133780444758206,0.0005956583127426756,0.0009045181786092481,,0.032342040240028236,0.006772855630074126,0.0015222379103423931,0.00028679844687610307,0.00028679844687610307,0.00028679844687610307,0.0009045181786092481,0.00028679844687610307,0.0027576773738086833,0.0015222379103423931,0.04897635015884222,0.002448817507942111,0.03481291916696082,0.00028679844687610307,,0.0027576773738086833,0.03450405930109424,0.00831715495940699,0.00028679844687610307,0.0005956583127426756,0.00028679844687610307,0.0018310977762089657,0.632897987998588,0.0073905753618072716,0.011383692199082245,0.0018310977762089657,,0.0033753971055418283,0.002139957642075538,0.0027576773738086833,0.00028679844687610307,,,0.05515354747617367,0.003066537239675256,0.00028679844687610307,,,
0.0012133780444758206,,0.01034680550653018,,,,0.006066890222379103,,0.0015001764913519238,0.0033312742675608896,0.0018090363572184963,,,0.010037945640663607,0.00454465231203671,0.002117896223085069,,,0.0033312742675608896,,0.0009045181786092481,,,,0.0009045181786092481,0.0018090363572184963,,,,,0.021598129191669608,0.017340275326509003,,,0.0015001764913519238,,0.00028679844687610307,,0.021906989057536182,0.007589128132721497,0.003022414401694317,0.00028679844687610307,0.00028679844687610307,0.00028679844687610307,0.0009045181786092481,0.0005956583127426756,0.0009045181786092481,0.00028679844687610307,0.05142516766678433,,0.038651606071302504,0.00028679844687610307,,0.002735615954818214,0.02402488528062125,0.008824567596187787,0.00028679844687610307,0.0012133780444758206,,0.007302329685845393,0.6861763148605717,0.014295799505824214,0.006684609954112249,0.002117896223085069,,0.0009045181786092481,0.002117896223085069,0.00028679844687610307,0.00028679844687610307,,,0.024951464878220968,0.002426756088951641,0.00028679844687610307,,,
0.0005956583127426756,,0.007897987998588069,,0.0012133780444758206,,0.006066890222379103,0.00028679844687610307,0.0018090363572184963,0.005758030356512531,0.003022414401694317,0.0018090363572184963,,0.011251323685139428,0.010942463819272856,0.0018090363572184963,,0.0005956583127426756,0.003948993999294034,,,,,0.0005956583127426756,,0.005162372043769855,,,,,0.016413695728909283,0.016722555594775857,,,0.0012133780444758206,,0.00028679844687610307,0.00028679844687610307,0.022193787504412282,0.005162372043769855,0.002117896223085069,0.0009045181786092481,,,0.0005956583127426756,0.0005956583127426756,0.0015001764913519238,0.0005956583127426756,0.04926314860571832,,0.016413695728909283,,,0.0033312742675608896,0.018244793505118248,0.01032474408753971,0.00028679844687610307,0.0005956583127426756,,0.00454465231203671,0.7113042710907166,0.00911136604306389,0.008802506177197317,0.003948993999294034,,0.0015001764913519238,0.0012133780444758206,0.0005956583127426756,0.0012133780444758206,,,0.02431168372749735,0.0012133780444758206,0.002426756088951641,,,
0.0009265795975997176,0.00030885986586657254,0.010501235439463467,,0.00030885986586657254,,0.008030356512530886,,0.0018531591951994352,0.006177197317331451,0.0024708789269325803,0.0006177197317331451,,0.01328097423226262,0.0021620190610660076,0.0018531591951994352,,0.0006177197317331451,0.0024708789269325803,,,,,0.00030885986586657254,0.0018531591951994352,0.004324038122132015,,,,,0.022568831627250263,0.01667843275679492,,,0.0018531591951994352,,,,0.0244219908224497,0.0064860571831980235,0.0015442993293328627,0.0009265795975997176,,,0.0006177197317331451,0.0012354394634662902,0.0015442993293328627,,0.051623720437698556,,0.0333789269325803,,,0.0024708789269325803,0.027201729615248853,0.009265795975997176,0.0033974585245322977,0.0009265795975997176,,0.006177197317331451,0.6743072714436993,0.009574655841863748,0.00864807624426403,0.0030885986586657254,,0.0006177197317331451,0.00030885986586657254,,0.0009265795975997176,,,0.02565743028591599,0.0021620190610660076,0.004324038122132015,,,
0.0015442993293328627,0.00030885986586657254,0.01731821390751853,,0.00030885986586657254,,0.02195111189551712,,0.0027797387927991526,0.0012354394634662902,0.0030885986586657254,0.0015442993293328627,,0.01577391457818567,0.005559477585598305,0.0021620190610660076,,0.0006177197317331451,0.0030885986586657254,,0.00030885986586657254,,,0.004015178256265443,0.0021620190610660076,0.0018531591951994352,,,,,0.019171373102717968,0.01577391457818567,,,0.0009265795975997176,0.0009265795975997176,0.0009265795975997176,,0.028768090363572186,0.0064860571831980235,0.0027797387927991526,0.0006177197317331451,,,0.0009265795975997176,0.0006177197317331451,0.0012354394634662902,0.0006177197317331451,0.0692949170490646,0.00030885986586657254,0.03960024708789269,,,0.004015178256265443,0.032474408753971055,0.009883515707730321,0.0027797387927991526,0.0012354394634662902,0.0006177197317331451,0.007103776914931168,0.5844069890575362,0.012685315919519944,0.013920755382986233,0.0021620190610660076,,0.0009265795975997176,0.0027797387927991526,0.0015442993293328627,0.00030885986586657254,,,0.04639516413695729,0.0018531591951994352,0.00030885986586657254,,,
,0.00030885986586657254,0.01738439816448994,,,,0.03448199788210378,,0.004831450758912813,0.004500529474055771,0.001610483586304271,0.0009486410165901871,,0.01868602188492764,0.009023120367102013,0.0022502647370278854,,0.0006397811507236145,0.0019193434521708435,,,,,0.005140310624779386,0.003220967172608542,0.0028900458877515003,,,,,0.027378220967172608,0.01158224496999647,,,0.001279562301447229,,,,0.01868602188492764,0.01319272855630074,0.0035298270384751147,0.0009486410165901871,,,0.0006397811507236145,0.0006397811507236145,0.0019193434521708435,0.001279562301447229,0.052837098482174376,0.001610483586304271,0.033820155312389695,,,0.0022502647370278854,0.03287151429579951,0.006111013060360043,0.0019193434521708435,0.00030885986586657254,0.001279562301447229,0.007721496646664314,0.5825317684433462,0.007081715495940699,0.01610483586304271,0.002559124602894458,,0.0019193434521708435,0.00416960818919873,0.0009486410165901871,0.00030885986586657254,,,0.05186639604659372,0.0022502647370278854,0.00030885986586657254,0.00030885986586657254,,
0.00030885986586657254,0.00030885986586657254,0.010876279562301448,,,,0.007677373808683374,0.00030885986586657254,0.0028679844687610305,0.0006397811507236145,0.0015884221673138016,0.003838686904341687,,0.007986233674549948,0.0009486410165901871,0.0019193434521708435,,,0.0019193434521708435,,,,,0.00030885986586657254,0.004147546770208259,0.002228203318037416,0.00030885986586657254,,,,0.015023826332509708,0.01118513942816802,,,0.0006397811507236145,,,,0.014384045181786093,0.002228203318037416,0.0019193434521708435,0.0015884221673138016,,,0.0006397811507236145,,0.00030885986586657254,0.0035077656194846454,0.0441448993999294,0.0009486410165901871,0.013744264031062478,,,0.002228203318037416,0.020472996823155665,0.009596717260854218,0.0015884221673138016,0.00030885986586657254,0.00030885986586657254,0.006706671373102718,0.7485660077656194,0.005118249205788916,0.010876279562301448,0.002559124602894458,,0.001279562301447229,0.0019193434521708435,0.002559124602894458,,,,0.025900105894811155,0.00030885986586657254,0.0009486410165901871,0.00030885986586657254,,
0.0015442993293328627,,0.00745675961877868,,,,0.006530180021178962,,0.0030885986586657254,0.0018531591951994352,0.004037239675255913,0.007765619484645252,,0.01242057889163431,0.0021620190610660076,0.0018531591951994352,,,0.004346099541122485,,0.00030885986586657254,,,0.0009265795975997176,0.0009265795975997176,0.0027797387927991526,,,,,0.018024179315213554,0.024554359336392516,,,0.0009265795975997176,0.00030885986586657254,0.00030885986586657254,,0.025480938933992236,0.004346099541122485,0.0018531591951994352,0.00030885986586657254,,,0.0006177197317331451,0.0012354394634662902,0.0006177197317331451,0.00030885986586657254,0.05969819978821038,,0.01895075891281327,,,0.0021620190610660076,0.022701200141193083,0.009618778679844687,0.0021620190610660076,0.0009265795975997176,0.00030885986586657254,0.0034195199435227675,0.6760721849629368,0.010258559830568302,0.012729438757500882,0.0021620190610660076,,0.0018531591951994352,0.00372837980938934,0.0009265795975997176,,,,0.03357747970349453,0.0015442993293328627,0.00030885986586657254,,,
0.001610483586304271,,0.01032474408753971,,,,0.011935227673843982,,0.001279562301447229,,0.0028900458877515003,0.003220967172608542,,0.008383339216378398,0.0019193434521708435,0.001279562301447229,,,0.001279562301447229,,0.00030885986586657254,,,0.0009486410165901871,0.0009486410165901871,0.0028900458877515003,,,,0.00030885986586657254,0.010964525238263325,0.02067154959406989,,,0.00030885986586657254,0.00030885986586657254,,,0.024223438051535474,0.009354041651959053,0.0019193434521708435,,,,,0.00030885986586657254,0.0006397811507236145,0.00030885986586657254,0.05102806212495588,,0.024223438051535474,,0.00030885986586657254,0.0019193434521708435,0.02389251676667843,0.010964525238263325,0.00030885986586657254,0.0025811860218849275,,0.004831450758912813,0.7091863748676315,0.011935227673843982,0.007103776914931168,0.004500529474055771,,0.0006397811507236145,0.003551888457465584,0.00030885986586657254,0.00030885986586657254,,,0.022921814331097776,0.0006397811507236145,0.00030885986586657254,,,
0.0019634662901517825,,0.010501235439463467,,0.00030885986586657254,,0.007545005294740558,,0.004919696434874691,0.0009707024355806565,0.003265090010589481,0.0006397811507236145,,0.012155841863748676,0.0026253088598658667,0.00030885986586657254,,,0.0013016237204376984,,,,,0.0006397811507236145,0.0006397811507236145,0.0026253088598658667,,,,,0.01608277444405224,0.020031768443346275,,,0.0019634662901517825,0.00030885986586657254,0.00030885986586657254,,0.02069361101306036,0.003926932580303565,0.0013016237204376984,0.00030885986586657254,,,0.00030885986586657254,,0.0009707024355806565,,0.05290328273914578,,0.016744617013766325,0.00030885986586657254,,0.0022943875750088246,0.03580568302153195,0.014119308153900459,0.00030885986586657254,0.00030885986586657254,0.00030885986586657254,0.003926932580303565,0.7035607130250618,0.010832156724320509,0.004919696434874691,0.005912460289445817,,0.0009707024355806565,0.0022943875750088246,0.00030885986586657254,0.00030885986586657254,,,0.024642605012354393,0.0019634662901517825,,,,0.0006397811507236145
0.001279562301447229,0.00030885986586657254,0.010655665372396752,0.0006397811507236145,0.0006397811507236145,,0.004831450758912813,0.001610483586304271,0.003551888457465584,0.001610483586304271,0.003551888457465584,0.0009486410165901871,,0.01486939639957642,0.0019193434521708435,0.0019193434521708435,,,0.001279562301447229,0.00030885986586657254,,,,,0.001610483586304271,0.004191669608189199,,,,,0.020053829862336746,0.0252162019061066,0.0006397811507236145,,0.00030885986586657254,0.00030885986586657254,0.00030885986586657254,,0.027157606777267914,0.006772855630074126,0.003220967172608542,0.0009486410165901871,,,0.0009486410165901871,,0.001279562301447229,0.0025811860218849275,0.06179403459230498,,0.028790151782562654,0.00030885986586657254,,0.0019193434521708435,0.034923226261913166,0.010015884221673137,,0.00030885986586657254,0.00030885986586657254,0.004831450758912813,0.6574302859159902,0.01034680550653018,0.006133074479350512,0.004522590893046241,,0.001279562301447229,0.0009486410165901871,0.005162372043769855,0.00030885986586657254,,,0.022965937169078715,0.001610483586304271,0.00030885986586657254,,,0.00030885986586657254
0.001279562301447229,0.0006397811507236145,0.018002117896223083,,0.0006397811507236145,0.00030885986586657254,0.006419872926226615,,0.006419872926226615,0.001279562301447229,0.009640840098835157,0.003838686904341687,,0.02186286621955524,0.0022502647370278854,0.0006397811507236145,,,0.002559124602894458,0.0006397811507236145,,,,0.001279562301447229,0.002559124602894458,0.004500529474055771,,,,,0.03022414401694317,0.0286136604306389,0.0009486410165901871,,0.0009486410165901871,,0.0006397811507236145,,0.024752912107306742,0.0073905753618072716,0.0015884221673138016,0.0006397811507236145,0.00030885986586657254,,0.001279562301447229,0.0009486410165901871,0.001279562301447229,0.013810448288033886,0.0685007059654077,,0.029584362866219554,,0.0006397811507236145,0.0019193434521708435,0.030863925167666784,0.011251323685139428,0.0015884221673138016,0.00030885986586657254,0.00030885986586657254,0.0054491704906459585,0.5509177550300035,0.02314242852100247,0.006419872926226615,0.005140310624779386,,0.0009486410165901871,0.0009486410165901871,0.0019193434521708435,0.0009486410165901871,,,0.05594775855983057,0.003838686904341687,0.0006397811507236145,,0.0006397811507236145,
0.0004853512177903283,0.00024267560889516414,0.012089657606777268,,0.0004853512177903283,0.00024267560889516414,0.009376103070949524,0.0004853512177903283,0.0029562301447229084,0.0012133780444758206,0.008868690434168726,0.0004853512177903283,,0.011339569361101306,0.0004853512177903283,0.0027135545358277446,,,0.0019634662901517825,0.0007280268266854924,,0.00024267560889516414,,0.0019634662901517825,0.0019634662901517825,0.0009707024355806565,,,,0.00024267560889516414,0.022701200141193083,0.011846981997882105,,0.00024267560889516414,0.00024267560889516414,,0.0004853512177903283,,0.02517207906812566,0.003948993999294034,,0.0004853512177903283,0.0004853512177903283,,0.0007280268266854924,0.0007280268266854924,0.0012133780444758206,0.005912460289445817,0.05407253794564067,0.00024267560889516414,0.042953582774444055,0.0007280268266854924,0.0009707024355806565,0.0009707024355806565,0.0367763854571126,0.011339569361101306,0.0007280268266854924,0.0004853512177903283,0.0009707024355806565,0.004919696434874691,0.5897458524532297,0.0073905753618072716,0.008868690434168726,0.004677020825979527,,0.0019634662901517825,0.0029562301447229084,0.0014781150723614542,0.0009707024355806565,,,0.08915019414048711,0.002448817507942111,0.0009707024355806565,,0.0004853512177903283,
,0.00024267560889516414,0.00745675961877868,,,,0.005713907518531592,,0.00024267560889516414,0.001985527709142252,0.002228203318037416,0.0012354394634662902,,0.006706671373102718,0.0007280268266854924,0.0024708789269325803,,0.00024267560889516414,0.001985527709142252,0.00024267560889516414,,0.00024267560889516414,,0.002228203318037416,0.00024267560889516414,,,,,,0.02162019061066008,0.013920755382986233,,,0.001985527709142252,0.00024267560889516414,0.0004853512177903283,,0.02660607130250618,0.004456406636074832,,0.0004853512177903283,,,,,0.0017207906812566184,0.003463642781503706,0.04350511824920579,0.0004853512177903283,0.017649135192375574,,0.0004853512177903283,0.0014781150723614542,0.017649135192375574,0.00869219908224497,0.000992763854571126,0.0004853512177903283,0.0007280268266854924,0.002978291563713378,0.7400503000352983,0.004721143663960466,0.005471231909636428,0.003463642781503706,,0.0007280268266854924,0.002735615954818214,0.0014781150723614542,0.00024267560889516414,,,0.03556300741263678,0.0012354394634662902,,,,
,,0.011074832333215672,,0.00022061418990469467,,0.0035298270384751147,,0.0014119308153900459,0.0009265795975997176,0.0014119308153900459,0.0004632897987998588,,0.008008295093540417,0.0009265795975997176,0.0011692552064948816,,0.00022061418990469467,0.002117896223085069,0.0004632897987998588,,0.00022061418990469467,,0.0007059654076950229,0.002117896223085069,0.0009265795975997176,,,,,0.015553300388280974,0.01742852100247088,,0.00022061418990469467,0.0009265795975997176,0.0014119308153900459,0.00022061418990469467,,0.02309830568302153,0.003993116837274974,0.0007059654076950229,0.0007059654076950229,,,0.0014119308153900459,,0.0014119308153900459,0.0028238616307800918,0.05018972820331804,0.00022061418990469467,0.021906989057536182,0.00022061418990469467,,0.0032871514295799505,0.01742852100247088,0.016016590187080834,0.00022061418990469467,0.0007059654076950229,0.0004632897987998588,0.0035298270384751147,0.7265707730321214,0.013435404165195905,0.00659636427815037,0.0032871514295799505,,0.0004632897987998588,0.0028238616307800918,0.0009265795975997176,0.00022061418990469467,,,0.024730850688316274,0.0009265795975997176,,,,
,,0.005978644546417226,,0.0004853512177903283,0.0004853512177903283,0.003971055418284504,0.00024267560889516414,0.0014781150723614542,0.002228203318037416,0.001985527709142252,0.00024267560889516414,,0.00871426050123544,0.0014781150723614542,0.0004853512177903283,,,0.002228203318037416,0.00024267560889516414,,0.00024267560889516414,,,0.0014781150723614542,0.0017428521002470878,,,,,0.017935933639251677,0.021664313448641018,0.00024267560889516414,,0.00024267560889516414,0.00024267560889516414,0.00024267560889516414,,0.03512177903282739,0.006706671373102718,0.00024267560889516414,0.00024267560889516414,,,0.00024267560889516414,0.00024267560889516414,0.0012354394634662902,0.0004853512177903283,0.05753618072714437,0.0004853512177903283,0.021156900811860217,0.00024267560889516414,,0.003220967172608542,0.01817860924814684,0.005978644546417226,0.0007280268266854924,0.0004853512177903283,0.00024267560889516414,0.004213731027179668,0.7162680903635722,0.008449523473349806,0.004213731027179668,0.0017428521002470878,,0.0004853512177903283,0.0034857042004941756,0.0012354394634662902,0.00024267560889516414,,,0.030378573949876458,0.0017428521002470878,0.0004853512177903283,,,
,,0.0028018002117896224,,0.00024267560889516414,,0.0035739498764560534,,0.0015222379103423931,0.001279562301447229,0.001279562301447229,0.0005074126367807977,,0.0046108365690081185,0.0010148252735615955,0.0017869749382280267,,0.00024267560889516414,0.0033312742675608896,0.0005074126367807977,,0.00024267560889516414,,0.00024267560889516414,0.0005074126367807977,0.0005074126367807977,,,,,0.014339922343805154,0.00871426050123544,0.00024267560889516414,,0.00024267560889516414,0.0005074126367807977,,,0.018708083303918106,0.0035739498764560534,0.00024267560889516414,,0.00024267560889516414,,,0.00024267560889516414,0.0010148252735615955,0.00024267560889516414,0.03434962936816096,,0.014339922343805154,,,0.002029650547123191,0.011008648076244264,0.0035739498764560534,0.00024267560889516414,0.0007500882456759619,0.00024267560889516414,0.0022943875750088246,0.8341422520296505,0.006397811507236145,0.003066537239675256,0.0022943875750088246,,0.00024267560889516414,,0.0010148252735615955,0.0007500882456759619,,,0.009221673138016237,0.0010148252735615955,0.0005074126367807977,,,
,0.0002647370278856336,0.010655665372396752,,0.0008162725026473703,,0.0021840804800564773,,0.0010810095305330038,0.0002647370278856336,0.0008162725026473703,0.0005294740557712672,0.0002647370278856336,0.007368513942816802,0.0016325450052947406,0.004103423932227321,,0.0010810095305330038,0.0038166254853512177,0.0010810095305330038,,0.0002647370278856336,,0.0002647370278856336,,0.0002647370278856336,,,,,0.0202303212142605,0.01531062477938581,,,0.0002647370278856336,0.0002647370278856336,0.0002647370278856336,,0.027907695022943876,0.009574655841863748,0.0002647370278856336,0.0002647370278856336,0.0005294740557712672,,,0.0002647370278856336,0.001367807977409107,0.0002647370278856336,0.041585774797034944,,0.020517119661136604,,,0.002448817507942111,0.02406900811860219,0.008206847864454641,,0.0002647370278856336,0.0002647370278856336,0.006000705965407695,0.7186286621955524,0.009574655841863748,0.009023120367102013,0.004368160960112955,,0.0010810095305330038,0.003551888457465584,0.0002647370278856336,0.0002647370278856336,,,0.032827391457818565,0.002735615954818214,0.0005294740557712672,,,0.0002647370278856336
,0.0005074126367807977,0.012067596187786798,0.0005074126367807977,0.00024267560889516414,0.0005074126367807977,0.0028238616307800918,,0.0020517119661136603,0.0010148252735615955,0.0022943875750088246,0.0007500882456759619,0.00024267560889516414,0.010258559830568302,0.001279562301447229,0.004346099541122485,,0.00024267560889516414,0.004346099541122485,0.0010148252735615955,0.00024267560889516414,,,,0.0017869749382280267,0.0010148252735615955,,,,,0.02106865513589834,0.013082421461348394,0.00024267560889516414,,0.0005074126367807977,0.0005074126367807977,0.0005074126367807977,,0.025436816096011297,0.006155135898340981,0.0007500882456759619,0.00024267560889516414,0.00024267560889516414,0.0005074126367807977,0.0007500882456759619,0.0015222379103423931,0.001279562301447229,0.0022943875750088246,0.058065654782915636,0.0007500882456759619,0.025944228732792094,,,0.0028238616307800918,0.04341687257324391,0.009486410165901871,0.00024267560889516414,,0.00024267560889516414,0.008206847864454641,0.6340231203671021,0.0236277797387928,0.012575008824567597,0.0010148252735615955,,0.001279562301447229,0.0048755735968937525,0.0015222379103423931,0.0010148252735615955,,,0.04469643487469114,0.0022943875750088246,0.00024267560889516414,,0.0010148252735615955,
,0.0004853512177903283,0.012266148958701024,,,0.0007500882456759619,0.006508118602188493,,0.005250617719731733,0.003750441228379809,0.0032430285915990118,0.0012354394634662902,,0.010258559830568302,0.0022502647370278854,0.0030003529827038475,,0.0004853512177903283,0.002735615954818214,0.00024267560889516414,0.000992763854571126,,,0.000992763854571126,0.0004853512177903283,0.0017428521002470878,,,,,0.024532297917402048,0.013523649841157783,,,0.000992763854571126,0.000992763854571126,0.0004853512177903283,,0.023274797034945286,0.006508118602188493,0.0017428521002470878,0.0004853512177903283,0.0004853512177903283,,0.0022502647370278854,0.0007500882456759619,0.001985527709142252,0.003750441228379809,0.06084539357571479,0.0017428521002470878,0.03355541828450406,,,0.001985527709142252,0.03982086127779739,0.009751147193787505,0.0015001764913519238,0.0004853512177903283,0.00024267560889516414,0.0047432050829509355,0.5968275679491705,0.01901694316978468,0.008008295093540417,0.0024929403459230497,,0.003993116837274974,0.0034857042004941756,0.0024929403459230497,0.0012354394634662902,0.0007500882456759619,,0.06711083656900813,0.000992763854571126,0.00024267560889516414,,0.00024267560889516414,
,0.00024267560889516414,0.00864807624426403,,0.00024267560889516414,0.00024267560889516414,0.0037063183903988705,0.0004853512177903283,0.004191669608189199,0.0014781150723614542,0.0029562301447229084,0.0014781150723614542,,0.006177197317331451,0.0014781150723614542,0.0014781150723614542,,0.0009707024355806565,0.004191669608189199,,0.0012354394634662902,,,0.0004853512177903283,,0.0004853512177903283,,,,,0.01731821390751853,0.012111719025767737,,,0.0009707024355806565,0.0007280268266854924,0.00024267560889516414,0.00024267560889516414,0.013854571126014825,0.003948993999294034,0.0007280268266854924,,0.0004853512177903283,,,0.00024267560889516414,0.0009707024355806565,0.0019634662901517825,0.04529209318743382,0.0007280268266854924,0.018068302153194493,,,0.0024708789269325803,0.018553653370984823,0.004434345217084363,0.0012354394634662902,0.0007280268266854924,0.00024267560889516414,0.005934521708436287,0.7453229791740206,0.004191669608189199,0.008405400635368867,0.0022061418990469467,,0.0007280268266854924,0.0037063183903988705,0.0017207906812566184,0.0007280268266854924,,0.00024267560889516414,0.0383648076244264,0.0027135545358277446,,,,
0.00024267560889516414,,0.008405400635368867,,0.00024267560889516414,0.0004853512177903283,0.0031989057536180726,,0.0014781150723614542,0.0012354394634662902,0.0019634662901517825,0.00024267560889516414,,0.006684609954112249,0.0009707024355806565,0.0012354394634662902,,0.0004853512177903283,0.0031989057536180726,,,,,0.0019634662901517825,0.0019634662901517825,0.0024708789269325803,,,,,0.017560889516413696,0.01731821390751853,,,0.0009707024355806565,0.0007280268266854924,0.00024267560889516414,,0.026738439816448994,0.006419872926226615,0.0019634662901517825,0.00024267560889516414,,,,0.0004853512177903283,0.0004853512177903283,0.0017207906812566184,0.04802770914225203,0.0004853512177903283,0.0302020825979527,0.00024267560889516414,0.00024267560889516414,0.004456406636074832,0.018796328979879987,0.006927285563007412,0.00024267560889516414,0.0009707024355806565,0.0004853512177903283,0.0031989057536180726,0.7137972114366395,0.011383692199082245,0.006927285563007412,0.003463642781503706,,0.0017207906812566184,0.0024708789269325803,0.002228203318037416,0.0009707024355806565,,,0.027973879279915286,0.002228203318037416,0.0007280268266854924,,0.0004853512177903283,
,,0.006397811507236145,,0.0002647370278856336,,0.0027797387927991526,,0.00165460642428521,0.0024929403459230497,0.00165460642428521,0.00862601482527356,,0.010589481115425344,0.002228203318037416,0.002228203318037416,,,0.002228203318037416,,0.0002647370278856336,,,0.0011030709495234734,0.0013898693963995763,0.0008162725026473703,,,,,0.018399223438051535,0.01700935404165196,,,0.0005515354747617367,0.0002647370278856336,0.0002647370278856336,,0.026208965760677726,0.00416960818919873,0.0005515354747617367,,,,,0.0008162725026473703,0.0033312742675608896,0.0013898693963995763,0.05716113660430639,0.0005515354747617367,0.02398076244264031,,,0.0011030709495234734,0.022855630074126367,0.009199611719025768,,0.0008162725026473703,0.0002647370278856336,0.005559477585598305,0.6931918460995411,0.02815037063183904,0.006684609954112249,0.0024929403459230497,,0.0005515354747617367,0.001941404871161313,0.0008162725026473703,0.0008162725026473703,,,0.024532297917402048,0.0013898693963995763,0.0002647370278856336,,,
,,0.0054491704906459585,,0.0002647370278856336,0.0002647370278856336,0.003265090010589481,,0.0013457465584186374,0.0021620190610660076,0.0008162725026473703,0.0013457465584186374,,0.007633250970702435,0.0027135545358277446,0.0021620190610660076,,,0.0016325450052947406,,,0.0002647370278856336,,0.0002647370278856336,0.0008162725026473703,0.0002647370278856336,,,,,0.023738086833745148,0.01281768443346276,,,0.0008162725026473703,0.0002647370278856336,0.0002647370278856336,,0.025105894811154255,0.006816978468055066,0.0005294740557712672,,,,,0.0002647370278856336,0.0027135545358277446,0.0030003529827038475,0.054866749029297564,0.0005294740557712672,0.021002470878926933,0.0002647370278856336,0.0005294740557712672,0.0021620190610660076,0.025105894811154255,0.009552594422873279,0.0008162725026473703,0.0008162725026473703,0.0002647370278856336,0.005184433462760324,0.7149664666431346,0.015553300388280974,0.007633250970702435,0.0027135545358277446,,0.003265090010589481,0.0038166254853512177,0.0010810095305330038,0.0005294740557712672,,,0.01992146134839393,0.0010810095305330038,0.0013457465584186374,,,
,0.0002647370278856336,0.007147899752912107,,0.0002647370278856336,,0.004765266501941405,,0.0029121073067419696,0.002647370278856336,0.0010589481115425344,0.0018531591951994352,,0.006883162725026474,0.0015884221673138016,0.002647370278856336,,0.0015884221673138016,0.002647370278856336,0.0002647370278856336,0.0010589481115425344,0.0002647370278856336,,0.0005294740557712672,0.002117896223085069,0.0002647370278856336,,,,0.0002647370278856336,0.01989939992940346,0.01537680903635722,,,0.0005294740557712672,0.0002647370278856336,0.0005294740557712672,,0.024686727850335332,0.005824214613483939,0.0005294740557712672,0.0002647370278856336,,,,0.001323685139428168,0.0018531591951994352,0.001323685139428168,0.0480497705612425,0.001323685139428168,0.02148782209671726,0.0002647370278856336,,0.0023826332509707024,0.019634662901517826,0.011405753618072714,0.0007942110836569008,0.0010589481115425344,0.0005294740557712672,0.005824214613483939,0.6732703847511472,0.01325891281327215,0.03397458524532298,0.009287857394987645,,0.0007942110836569008,0.007677373808683374,0.001323685139428168,0.0005294740557712672,,,0.030775679491704906,0.0015884221673138016,0.0005294740557712672,0.0002647370278856336,,0.0005294740557712672
,0.00024267560889516414,0.01074391104835863,,0.0005074126367807977,0.00024267560889516414,0.006552241440169432,0.0005074126367807977,0.003132721496646664,0.0018310977762089657,0.0013016237204376984,0.0033974585245322977,,0.008118602188492764,0.001566360748323332,0.0023385104129897633,,0.00024267560889516414,0.0036621955524179313,0.00024267560889516414,,0.00024267560889516414,,0.0018310977762089657,0.0007721496646664313,,,,,,0.023054182845040593,0.015972467349099895,,,0.0023385104129897633,0.00024267560889516414,0.0005074126367807977,,0.020428873985174727,0.005758030356512531,0.0013016237204376984,0.0005074126367807977,0.00024267560889516414,0.00024267560889516414,0.0005074126367807977,0.001566360748323332,0.0013016237204376984,0.003926932580303565,0.05398429226967878,0.0007721496646664313,0.03276120720084716,0.0005074126367807977,,0.004191669608189199,0.02278944581715496,0.011251323685139428,0.0007721496646664313,0.0007721496646664313,0.00024267560889516414,0.004699082244969997,0.6114542887398517,0.04560095305330039,0.02069361101306036,0.00785386516060713,,0.0010368866925520648,0.006552241440169432,0.0010368866925520648,,,,0.041938757500882454,0.0036621955524179313,0.0007721496646664313,0.00024267560889516414,0.0010368866925520648,
,0.0005074126367807977,0.009464348746911402,,0.00024267560889516414,,0.003926932580303565,0.0005074126367807977,0.005780091775503001,0.0013016237204376984,0.008670137663254501,0.0007721496646664313,,0.010258559830568302,0.0007721496646664313,0.0028900458877515003,,0.00024267560889516414,0.0034195199435227675,0.0013016237204376984,0.00024267560889516414,0.00024267560889516414,,0.002360571831980233,0.001566360748323332,,,,,,0.015509177550300035,0.009729085774797036,,,0.0005074126367807977,0.0005074126367807977,0.00024267560889516414,,0.019193434521708436,0.008670137663254501,0.0020958348040945995,,0.0007721496646664313,0.0005074126367807977,0.0005074126367807977,0.0013016237204376984,0.0026253088598658667,0.002360571831980233,0.047101129544652315,0.0013016237204376984,0.04919696434874691,0.00024267560889516414,,0.004985880691846099,0.03395252382633251,0.009199611719025768,0.001566360748323332,0.001566360748323332,0.00024267560889516414,0.009729085774797036,0.6128000352982703,0.004721143663960466,0.013413342746205436,0.009993822802682668,,0.0005074126367807977,0.0026253088598658667,0.0007721496646664313,,,,0.06894193434521709,0.007103776914931168,0.0010368866925520648,,,
,0.0005294740557712672,0.006375750088245676,,,,0.005052064948817508,,0.002647370278856336,0.0018531591951994352,0.0007942110836569008,0.0018531591951994352,,0.009045181786092482,0.002117896223085069,0.0029121073067419696,0.0005294740557712672,0.0002647370278856336,0.003971055418284504,0.0005294740557712672,,0.0002647370278856336,,0.0010589481115425344,0.001323685139428168,0.0002647370278856336,0.0002647370278856336,,,,0.021531944934698198,0.010104129897635017,,,0.0005294740557712672,,0.0002647370278856336,,0.026848746911401343,0.005052064948817508,0.0015884221673138016,0.0010589481115425344,,,0.0005294740557712672,0.0007942110836569008,0.0018531591951994352,0.004235792446170138,0.04308595128838687,0.001323685139428168,0.01941404871161313,0.0005294740557712672,0.0002647370278856336,0.003971055418284504,0.015685668902223792,0.0055815390045887755,0.0002647370278856336,0.0010589481115425344,0.0010589481115425344,0.002647370278856336,0.7056124249911755,0.0053168019767031414,0.009839392869749383,0.0023826332509707024,,0.001323685139428168,0.0023826332509707024,0.0005294740557712672,,,,0.05824214613483939,0.0029121073067419696,0.0005294740557712672,,,
0.0002647370278856336,0.0002647370278856336,0.01120720084715849,,0.0008162725026473703,,0.0027135545358277446,,0.0013457465584186374,0.0016325450052947406,0.003265090010589481,0.0010810095305330038,,0.007633250970702435,0.0018972820331803742,0.0030003529827038475,,0.0008162725026473703,0.0038166254853512177,0.0008162725026473703,0.0002647370278856336,0.0002647370278856336,,0.0013457465584186374,0.0010810095305330038,0.0016325450052947406,,,,,0.016391634309918815,0.011736674902929756,,,0.0018972820331803742,,0.0005294740557712672,,0.027863572184962937,0.008471584892340275,0.0005294740557712672,0.0021840804800564773,,,0.0008162725026473703,0.0013457465584186374,0.0013457465584186374,0.005184433462760324,0.04919696434874691,0.0010810095305330038,0.02567949170490646,0.0005294740557712672,0.0002647370278856336,0.002448817507942111,0.024598482174373455,0.006552241440169432,0.0013457465584186374,0.0005294740557712672,0.0008162725026473703,0.0038166254853512177,0.6797343805153548,0.009001058948111542,0.009552594422873279,0.0038166254853512177,,0.0010810095305330038,0.0010810095305330038,0.003265090010589481,0.0005294740557712672,,,0.04919696434874691,0.0018972820331803742,0.0005294740557712672,,,
0.00028679844687610307,0.00028679844687610307,0.00619925873632192,,0.0005735968937522061,0.0005735968937522061,0.0032430285915990118,,0.0008824567596187787,0.0011692552064948816,0.0014560536533709848,0.0008824567596187787,,0.008559830568302153,0.0017649135192375574,0.002360571831980233,,,0.002934168725732439,0.00028679844687610307,0.00028679844687610307,0.00028679844687610307,,0.0011692552064948816,0.0014560536533709848,0.0014560536533709848,,,,,0.019789092834451114,0.016832862689728202,,,0.0005735968937522061,0.0005735968937522061,0.0008824567596187787,,0.025392693258030355,0.01120720084715849,0.0014560536533709848,0.0011692552064948816,,,,0.0005735968937522061,0.0014560536533709848,0.004412283798093893,0.05199876456053654,0.0005735968937522061,0.028657783268619837,,,0.0017649135192375574,0.030422696787857396,0.009442287327920932,0.0014560536533709848,0.00028679844687610307,,0.0035298270384751147,0.6794475820684787,0.0165460642428521,0.006794917049064595,0.002934168725732439,,0.005890398870455347,0.0020517119661136603,0.0008824567596187787,,,,0.0330921284857042,0.002934168725732439,0.0005735968937522061,,0.00028679844687610307,
,0.0005515354747617367,0.007236145428873985,,0.0002647370278856336,,0.001941404871161313,,0.0030444758206847862,0.002228203318037416,0.00165460642428521,0.0008162725026473703,,0.007787680903635722,0.0027797387927991526,0.003882809742322626,,,0.0033312742675608896,0.0002647370278856336,,0.0002647370278856336,,0.0008162725026473703,0.00165460642428521,0.0008162725026473703,,,,0.0002647370278856336,0.020053829862336746,0.01614895870102365,0.0002647370278856336,,0.0008162725026473703,0.0005515354747617367,0.0002647370278856336,,0.02618690434168726,0.006949346981997882,0.0011030709495234734,0.0002647370278856336,,,,0.0005515354747617367,0.0013898693963995763,0.00416960818919873,0.05627867984468761,0.0005515354747617367,0.024223438051535474,,0.0002647370278856336,0.0030444758206847862,0.021156900811860217,0.007500882456759618,,0.0008162725026473703,,0.0030444758206847862,0.7066934345217084,0.009464348746911402,0.007500882456759618,0.0033312742675608896,,0.001941404871161313,0.0033312742675608896,0.0005515354747617367,0.0002647370278856336,,,0.029518178609248148,0.0008162725026473703,0.0013898693963995763,,,
,0.0005294740557712672,0.008206847864454641,,0.0002647370278856336,,0.0060889516413695725,,0.0010589481115425344,0.002117896223085069,0.0015884221673138016,0.0010589481115425344,,0.004500529474055771,0.0018531591951994352,0.003441581362513237,,0.0005294740557712672,0.002117896223085069,,,,,0.0018531591951994352,0.0005294740557712672,0.0018531591951994352,,,,,0.020142075538298623,0.023848393928697493,0.0005294740557712672,,0.0023826332509707024,0.0031768443346276033,0.0005294740557712672,,0.02517207906812566,0.00661842569714084,0.0005294740557712672,0.0002647370278856336,0.0002647370278856336,,,0.0010589481115425344,0.0031768443346276033,0.0015884221673138016,0.06521355453582775,0.001323685139428168,0.0286136604306389,,,0.002647370278856336,0.021730497705612424,0.007147899752912107,0.0023826332509707024,0.0007942110836569008,0.0007942110836569008,0.0063536886692552065,0.6574523473349806,0.01111895517119661,0.013501588422167313,0.0031768443346276033,,0.0010589481115425344,0.005030003529827038,0.0002647370278856336,,,,0.033665725379456404,0.007412636780797741,0.0031768443346276033,,0.0002647370278856336,
,0.0005294740557712672,0.010699788210377691,,0.001323685139428168,,0.006155135898340981,,0.0015884221673138016,0.001323685139428168,0.002404694669961172,0.0026694316978468054,,0.015244440522414401,0.002404694669961172,0.00454465231203671,,0.0005294740557712672,0.0031989057536180726,,,,0.0005294740557712672,0.003463642781503706,0.0018531591951994352,0.002139957642075538,0.0002647370278856336,,,,0.023539534062830922,0.020075891281327213,,0.0002647370278856336,0.0010589481115425344,0.0005294740557712672,0.0005294740557712672,,0.025414754677020826,0.015509177550300035,0.0002647370278856336,,0.0002647370278856336,0.0002647370278856336,0.0002647370278856336,0.0002647370278856336,0.002404694669961172,0.0015884221673138016,0.0687875044122838,0.0007942110836569008,0.025414754677020826,0.0002647370278856336,,0.00372837980938934,0.04229174020472997,0.012045534768796329,0.0002647370278856336,0.0005294740557712672,0.0002647370278856336,0.005603600423579245,0.6112557359689375,0.008295093540416519,0.010964525238263325,0.0026694316978468054,0.0002647370278856336,0.0018531591951994352,0.004015178256265443,0.0015884221673138016,0.0005294740557712672,,,0.04202700317684434,0.0015884221673138016,0.0015884221673138016,,,0.0002647370278856336
0.0002647370278856336,0.0005294740557712672,0.012861807271443699,,0.0005294740557712672,,0.009376103070949524,,0.0010589481115425344,0.0005294740557712672,0.01072184962936816,0.0018752206141899046,,0.01526650194140487,0.0015884221673138016,0.004809389339922344,0.0002647370278856336,0.0002647370278856336,0.005074126367807978,,,,,0.0002647370278856336,0.0007942110836569008,0.001323685139428168,,,,,0.013942816801976702,0.02197317331450759,,,0.001323685139428168,0.0010589481115425344,0.0005294740557712672,,0.021708436286621956,0.020097952700317685,0.001323685139428168,,,,0.0002647370278856336,0.0005294740557712672,0.0026694316978468054,0.001323685139428168,0.07214084009883516,0.0026694316978468054,0.03565125308859866,,,0.002934168725732439,0.06033798093893399,0.008581891987292622,0.0005294740557712672,,,0.010986586657253794,0.5295402400282386,0.012861807271443699,0.012332333215672432,0.0026694316978468054,0.0005294740557712672,0.0026694316978468054,0.006971408400988351,0.002404694669961172,,,,0.07911224849982351,0.002139957642075538,0.0007942110836569008,,,
,0.0002647370278856336,0.006839039887045535,,0.0002647370278856336,,0.006022767384398164,,0.0010810095305330038,0.001367807977409107,0.0008162725026473703,0.0005294740557712672,,0.012067596187786798,0.0002647370278856336,0.002735615954818214,,,0.005471231909636428,,0.0005294740557712672,,,0.0002647370278856336,0.0002647370278856336,0.0005294740557712672,,,,,0.018090363572184964,0.009596717260854218,,,0.0010810095305330038,0.0010810095305330038,0.0002647370278856336,,0.017274091069537593,0.0030003529827038475,0.001367807977409107,,,,,,0.001367807977409107,0.002448817507942111,0.039203141546064246,0.0019193434521708435,0.014516413695728909,,,0.0030003529827038475,0.033180374161666075,0.007942110836569007,0.0010810095305330038,0.0002647370278856336,0.0005294740557712672,0.010126191316625486,0.7122749735262972,0.007942110836569007,0.010412989763501588,0.001367807977409107,,0.0016325450052947406,0.005471231909636428,0.0032871514295799505,,,,0.0493513942816802,0.0010810095305330038,0.0005294740557712672,,,
0.0002647370278856336,,0.005074126367807978,,0.002117896223085069,,0.0026694316978468054,,0.0010589481115425344,0.0018531591951994352,0.003463642781503706,0.0007942110836569008,,0.009331980232968584,0.0015884221673138016,0.0007942110836569008,,0.0010589481115425344,0.0026694316978468054,,0.001323685139428168,,0.0002647370278856336,0.0015884221673138016,0.0005294740557712672,0.0018531591951994352,,,,,0.015487116131309566,0.013611895517119662,,0.0002647370278856336,0.0007942110836569008,,0.0002647370278856336,,0.027510589481115424,0.009067243205082951,0.0007942110836569008,,,,0.0002647370278856336,0.0005294740557712672,0.0007942110836569008,0.0002647370278856336,0.056102188492763855,,0.03311418990469467,,0.0002647370278856336,0.0018531591951994352,0.013876632545005294,0.007214084009883516,0.0002647370278856336,0.001323685139428168,,0.003463642781503706,0.717194669961172,0.014692905047652666,0.006397811507236145,0.002404694669961172,,0.0010589481115425344,0.001323685139428168,0.002934168725732439,,,,0.02645164136957289,0.0015884221673138016,0.0005294740557712672,,,
0.00024267560889516414,,0.003154782915637134,,0.0005074126367807977,,0.004721143663960466,,0.0018310977762089657,0.002360571831980233,0.0005074126367807977,0.00024267560889516414,,0.004191669608189199,0.001566360748323332,0.0005074126367807977,,0.00024267560889516414,0.002360571831980233,,0.0010368866925520648,,,0.0007721496646664313,0.0013016237204376984,0.0005074126367807977,,,,,0.010258559830568302,0.009199611719025768,,,0.00024267560889516414,,0.00024267560889516414,,0.017340275326509003,0.004985880691846099,0.0013016237204376984,0.00024267560889516414,,,0.00024267560889516414,0.0010368866925520648,0.00024267560889516414,0.00024267560889516414,0.03287151429579951,0.00024267560889516414,0.02075979527003177,,0.0005074126367807977,0.002360571831980233,0.019722908577479704,0.008140663607483233,,0.0010368866925520648,,0.003154782915637134,0.7965495940698906,0.0078759265795976,0.006839039887045535,0.0013016237204376984,,0.001566360748323332,0.001566360748323332,0.0036621955524179313,,,,0.017340275326509003,0.0026253088598658667,0.00024267560889516414,,,
,,0.00825097070243558,,0.004257853865160607,,0.0055815390045887755,,0.0023826332509707024,0.0018531591951994352,0.002117896223085069,0.0007942110836569008,,0.006375750088245676,0.002117896223085069,0.0010589481115425344,0.0002647370278856336,,0.004257853865160607,,0.0005294740557712672,,,0.001323685139428168,0.0015884221673138016,0.001323685139428168,,,,,0.018112424991175432,0.013832509707024356,,,0.0010589481115425344,,0.0002647370278856336,,0.023429226967878573,0.0055815390045887755,0.0007942110836569008,,,,0.001323685139428168,0.0005294740557712672,0.0010589481115425344,0.0029121073067419696,0.053543063889869395,0.0002647370278856336,0.024774973526297213,,,0.0010589481115425344,0.02689286974938228,0.00825097070243558,0.0007942110836569008,0.0007942110836569008,0.0005294740557712672,0.004257853865160607,0.7108189198729262,0.010920402400282386,0.005052064948817508,0.0029121073067419696,,0.0002647370278856336,0.0023826332509707024,0.0023826332509707024,0.0002647370278856336,,,0.027157606777267914,0.0015884221673138016,0.002117896223085069,,,
,0.0002647370278856336,0.008537769149311683,,0.0002647370278856336,,0.0031989057536180726,,0.001323685139428168,0.00372837980938934,0.005052064948817508,0.0005294740557712672,,0.006397811507236145,0.002117896223085069,0.0015884221673138016,0.0002647370278856336,0.0002647370278856336,0.003463642781503706,0.0002647370278856336,0.001323685139428168,0.0002647370278856336,,0.0002647370278856336,0.0015884221673138016,0.0018531591951994352,,,,,0.017605012354394635,0.0157518531591952,,,0.0007942110836569008,0.0010589481115425344,0.0002647370278856336,,0.02188492763854571,0.00745675961877868,0.0018531591951994352,0.0002647370278856336,,,0.0007942110836569008,0.0010589481115425344,0.002117896223085069,0.005338863395693611,0.05446964348746911,,0.02989322273208613,,0.0002647370278856336,0.004787327920931874,0.030974232262619132,0.016810801270737735,0.0005294740557712672,0.0005294740557712672,0.0005294740557712672,0.005603600423579245,0.6559742322626191,0.01281768443346276,0.01815654782915637,0.002117896223085069,,0.001323685139428168,0.005868337451464878,0.002117896223085069,0.0007942110836569008,,,0.03364366396046594,0.0031989057536180726,0.0007942110836569008,,,
0.0002647370278856336,0.0002647370278856336,0.010037945640663607,,,,0.006133074479350512,,0.0005515354747617367,0.0027797387927991526,0.0024929403459230497,0.001941404871161313,,0.008074479350511825,0.00165460642428521,0.0005515354747617367,,,0.0027797387927991526,0.0005515354747617367,0.0008162725026473703,0.0002647370278856336,,0.0005515354747617367,0.0013898693963995763,0.003066537239675256,,,,0.0002647370278856336,0.020097952700317685,0.012552947405577128,,,0.0008162725026473703,0.0011030709495234734,0.0005515354747617367,,0.028746028944581715,0.009199611719025768,0.0005515354747617367,,0.0005515354747617367,0.0002647370278856336,0.0011030709495234734,0.0008162725026473703,0.002228203318037416,0.0036180727144369926,0.0675520649488175,0.0005515354747617367,0.03684256971408401,,0.0013898693963995763,0.004456406636074832,0.03655577126720791,0.0443655135898341,0.0013898693963995763,0.0008162725026473703,0.0002647370278856336,0.00416960818919873,0.5648826332509707,0.010589481115425344,0.015332686198376279,0.005294740557712672,,0.002228203318037416,0.003066537239675256,0.00165460642428521,0.0005515354747617367,,,0.06781680197670314,0.003066537239675256,0.0002647370278856336,,,0.0002647370278856336
,0.0002647370278856336,0.016237204376985528,,0.0002647370278856336,,0.01370014119308154,0.0005515354747617367,0.002228203318037416,0.0013898693963995763,0.0039048711613130956,0.0011030709495234734,,0.01370014119308154,0.0008383339216378397,0.0027797387927991526,,,0.004191669608189199,0.0008383339216378397,0.0013898693963995763,0.0002647370278856336,,0.0008383339216378397,0.0016766678432756795,0.0013898693963995763,,,,0.0005515354747617367,0.017627073773385103,0.010920402400282386,,,0.0008383339216378397,0.0005515354747617367,0.0008383339216378397,,0.034151076597246734,0.01034680550653018,0.0013898693963995763,,,,0.0002647370278856336,0.002515001764913519,0.001941404871161313,0.0047432050829509355,0.05740381221320155,0.0005515354747617367,0.04564507589128133,,0.0005515354747617367,0.0027797387927991526,0.02854747617366749,0.04564507589128133,0.002515001764913519,0.0008383339216378397,0.0008383339216378397,0.005030003529827038,0.5023605718319801,0.00950847158489234,0.014560536533709848,0.0044784680550653015,,0.004191669608189199,0.0039048711613130956,0.0027797387927991526,0.0005515354747617367,,,0.1103291563713378,0.002228203318037416,0.0002647370278856336,,,0.0002647370278856336
,,0.008493646311330745,,0.0004853512177903283,,0.005493293328626897,,0.0030003529827038475,0.001985527709142252,0.004235792446170138,0.0017428521002470878,,0.011251323685139428,0.0012354394634662902,0.0017428521002470878,,0.00024267560889516414,0.002735615954818214,0.00024267560889516414,,0.00024267560889516414,,,0.00024267560889516414,0.0017428521002470878,,,0.00024267560889516414,,0.016237204376985528,0.01650194140487116,0.00024267560889516414,,0.0007500882456759619,,0.0004853512177903283,,0.02274532297917402,0.004235792446170138,0.0012354394634662902,0.0012354394634662902,0.0004853512177903283,,,0.0017428521002470878,0.00024267560889516414,0.005493293328626897,0.04924108718672785,0.000992763854571126,0.0157518531591952,,0.00024267560889516414,0.000992763854571126,0.02148782209671726,0.005735968937522061,0.0012354394634662902,,0.0004853512177903283,0.001985527709142252,0.7194449346981997,0.005493293328626897,0.007236145428873985,0.0022502647370278854,,0.0024929403459230497,0.0017428521002470878,0.001985527709142252,0.00024267560889516414,,,0.040240028238616304,0.0032430285915990118,,0.00024267560889516414,,0.00024267560889516414
0.00024267560889516414,,0.006794917049064595,,0.001941404871161313,,0.004853512177903282,,0.002426756088951641,0.0012133780444758206,0.002426756088951641,0.0016987292622661489,,0.003640134133427462,0.0012133780444758206,0.0007280268266854924,,0.0004853512177903283,0.0014560536533709848,0.0007280268266854924,0.0007280268266854924,0.00024267560889516414,,,0.0007280268266854924,0.0014560536533709848,,,,,0.019700847158489233,0.020186198376279562,,,0.0009707024355806565,,0.0012133780444758206,,0.02406900811860219,0.0033974585245322977,0.0009707024355806565,0.00024267560889516414,0.00024267560889516414,,,0.0007280268266854924,0.00024267560889516414,0.0016987292622661489,0.05058683374514649,0.0004853512177903283,0.02528238616307801,,0.0004853512177903283,0.0016987292622661489,0.011670490645958348,0.012641193081539005,0.00024267560889516414,0.0014560536533709848,0.00024267560889516414,0.0007280268266854924,0.7316890222379103,0.00703759265795976,0.004853512177903282,0.0026694316978468054,,0.003640134133427462,0.0033974585245322977,0.0007280268266854924,0.00024267560889516414,,0.00024267560889516414,0.031614013413342745,0.0016987292622661489,,,,
,,0.012751500176491352,,0.0004853512177903283,,0.013016237204376986,,0.002735615954818214,0.0007500882456759619,0.003993116837274974,0.001985527709142252,,0.007500882456759618,0.0022502647370278854,0.0007500882456759619,,,0.003750441228379809,0.0004853512177903283,0.000992763854571126,0.00024267560889516414,,,0.0017428521002470878,0.0012354394634662902,,,,,0.022259971761383692,0.011516060713025062,,,0.00024267560889516414,0.00024267560889516414,0.000992763854571126,,0.028018002117896224,0.01325891281327215,0.000992763854571126,0.0007500882456759619,,,0.0007500882456759619,0.00024267560889516414,0.0007500882456759619,0.0015001764913519238,0.06283092128485704,0.0004853512177903283,0.024532297917402048,,,0.0022502647370278854,0.027532650900105895,0.008758383339216379,0.00024267560889516414,0.0030003529827038475,0.0007500882456759619,0.000992763854571126,0.66870367102012,0.006750794211083657,0.011008648076244264,0.0032430285915990118,,0.0024929403459230497,0.0034857042004941756,0.0024929403459230497,,,,0.03227585598305683,0.0017428521002470878,0.00024267560889516414,,,
,,0.008206847864454641,,0.00024267560889516414,,0.003838686904341687,0.00024267560889516414,0.0028238616307800918,0.001279562301447229,0.003066537239675256,0.0010148252735615955,,0.008978997529121072,0.0033312742675608896,,,0.00024267560889516414,0.0028238616307800918,0.0005074126367807977,,0.00024267560889516414,,0.0007500882456759619,0.001279562301447229,0.0022943875750088246,,,,,0.021840804800564773,0.011802859159901164,,,0.0007500882456759619,0.0005074126367807977,0.00024267560889516414,,0.021311330744793505,0.0033312742675608896,0.0010148252735615955,0.0005074126367807977,,,0.0005074126367807977,0.0007500882456759619,0.0005074126367807977,0.0022943875750088246,0.05577126720790681,,0.020031768443346275,0.00024267560889516414,0.00024267560889516414,0.003838686904341687,0.04341687257324391,0.010280621249558771,,,0.0005074126367807977,0.0010148252735615955,0.6996337804447582,0.011295446523120367,0.01489145781856689,0.0028238616307800918,,0.0005074126367807977,0.002559124602894458,0.0017869749382280267,0.00024267560889516414,,,0.021840804800564773,0.0017869749382280267,0.0007500882456759619,,,
,,0.009023120367102013,,0.0004853512177903283,,0.0034195199435227675,0.0014560536533709848,0.0048755735968937525,0.0007280268266854924,0.011229262266148959,0.0016987292622661489,,0.008295093540416519,0.0016987292622661489,0.0007280268266854924,,0.0004853512177903283,0.0029121073067419696,,0.0009707024355806565,,,0.00024267560889516414,0.0012133780444758206,0.0014560536533709848,,,,,0.0244219908224497,0.013170667137310271,,,0.0009707024355806565,0.0004853512177903283,0.0004853512177903283,,0.02563536886692552,0.0048755735968937525,0.0004853512177903283,0.0012133780444758206,0.00024267560889516414,,0.0016987292622661489,0.0012133780444758206,0.0007280268266854924,0.0016987292622661489,0.06373543946346628,,0.026363395693611014,,0.00024267560889516414,0.0048755735968937525,0.09868072714436993,0.010986586657253794,0.00024267560889516414,0.0004853512177903283,0.001941404871161313,0.0009707024355806565,0.5692728556300741,0.017097599717613838,0.02075979527003177,0.003154782915637134,,0.004390222379103424,0.0034195199435227675,0.003154782915637134,0.00024267560889516414,,,0.03565125308859866,0.0048755735968937525,0.0009707024355806565,,,0.00024267560889516414
,,0.016479879985880692,,,0.00024267560889516414,0.0064860571831980235,,0.006243381574302859,0.0007280268266854924,0.002978291563713378,0.0004853512177903283,,0.009243734557006706,0.0047432050829509355,0.0007280268266854924,,0.00024267560889516414,0.00372837980938934,,,,,0.0014781150723614542,0.0012354394634662902,0.0024929403459230497,,,,,0.01948023296858454,0.007986233674549948,,,0.0007280268266854924,0.0004853512177903283,0.00024267560889516414,,0.019987645605365336,0.009243734557006706,0.001985527709142252,0.0007280268266854924,,,0.0007280268266854924,0.0007280268266854924,0.000992763854571126,0.004235792446170138,0.07172167313801624,0.000992763854571126,0.032231733145075894,,0.00024267560889516414,0.0044784680550653015,0.09448905753618073,0.03322449699964702,0.00024267560889516414,0.00024267560889516414,0.000992763854571126,0.000992763854571126,0.5527047299682315,0.01074391104835863,0.012994175785386516,0.002735615954818214,,0.005978644546417226,0.0032430285915990118,0.0024929403459230497,0.0004853512177903283,,,0.040725379456406634,0.002228203318037416,0.0007280268266854924,,,
,,0.010655665372396752,,0.00024267560889516414,0.00024267560889516414,0.007103776914931168,,0.0060889516413695725,0.0015222379103423931,0.00456671373102718,0.002537063183903989,,0.013942816801976702,0.0017649135192375574,0.0010148252735615955,,0.00024267560889516414,0.004301976703141546,0.0007500882456759619,0.0005074126367807977,,,0.0010148252735615955,0.0017649135192375574,0.0012575008824567595,,,,,0.015222379103423932,0.009640840098835157,,,0.0010148252735615955,0.0007500882456759619,0.0005074126367807977,,0.029937345570067067,0.02029650547123191,0.0005074126367807977,0.0007500882456759619,0.0005074126367807977,,0.0005074126367807977,0.002029650547123191,0.0027797387927991526,0.00862601482527356,0.06088951641369573,0.002029650547123191,0.03423932227320861,,0.00024267560889516414,0.003551888457465584,0.1344643487469114,0.035011471937875044,0.0005074126367807977,,0.0007500882456759619,0.002029650547123191,0.4179756441934346,0.01370014119308154,0.015222379103423932,0.005824214613483939,,0.007103776914931168,0.006839039887045535,0.002537063183903989,0.0010148252735615955,0.0007500882456759619,,0.09665107659724674,0.0037945640663607483,0.002272326156018355,,,
,,0.009839392869749383,,0.00024267560889516414,,0.0062213201553123895,0.00024267560889516414,0.004147546770208259,0.001279562301447229,0.004390222379103424,0.0020737733851041297,,0.008030356512530886,0.0015442993293328627,0.0005074126367807977,,0.0005074126367807977,0.0020737733851041297,0.00024267560889516414,0.0005074126367807977,,,,0.00024267560889516414,0.00024267560889516414,,,,,0.018663960465937168,0.011141016590187082,0.00024267560889516414,,0.0005074126367807977,0.00024267560889516414,0.00024267560889516414,,0.01736233674549947,0.004147546770208259,0.0005074126367807977,0.001279562301447229,,,0.00024267560889516414,,0.0015442993293328627,0.0025811860218849275,0.04482880338863396,0.001279562301447229,0.012950052947405578,,0.00024267560889516414,0.002845923049770561,0.08864278150370632,0.014251676667843275,,0.0007721496646664313,0.0007721496646664313,0.00024267560889516414,0.6480100600070597,0.005427109071655489,0.01736233674549947,0.002316448993999294,,0.0015442993293328627,0.005427109071655489,0.004147546770208259,0.00024267560889516414,,,0.044056653723967526,0.002316448993999294,0.001279562301447229,,,
,,0.007567066713731027,,,,0.010368866925520649,,0.0015001764913519238,0.0012575008824567595,0.0027797387927991526,0.0012575008824567595,,0.007081715495940699,0.002515001764913519,0.003022414401694317,,0.00024267560889516414,0.0020075891281327216,0.00024267560889516414,0.00024267560889516414,,,0.0004853512177903283,0.0012575008824567595,0.0017649135192375574,,,,,0.0136560183551006,0.0136560183551006,0.00024267560889516414,,0.0015001764913519238,0.00024267560889516414,0.0004853512177903283,,0.02856953759265796,0.005559477585598305,0.0015001764913519238,0.0004853512177903283,,,0.0004853512177903283,0.0007500882456759619,,0.000992763854571126,0.0546240734204024,0.0017649135192375574,0.01996558418637487,,0.00024267560889516414,0.0012575008824567595,0.03185668902223791,0.012133780444758206,,0.0015001764913519238,0.0007500882456759619,,0.7046196611366042,0.010611542534415814,0.009354041651959053,0.004037239675255913,,0.0020075891281327216,0.003022414401694317,0.0015001764913519238,0.00024267560889516414,,,0.02603247440875397,0.002515001764913519,0.00024267560889516414,,,
,,0.011516060713025062,,,,0.013170667137310271,,0.0010810095305330038,0.0005294740557712672,0.005206494881750794,0.001367807977409107,,0.010412989763501588,0.0030003529827038475,0.002735615954818214,,0.0002647370278856336,0.002448817507942111,0.0002647370278856336,,,,0.0008162725026473703,0.0016325450052947406,0.0010810095305330038,,,,,0.021399576420755382,0.01370014119308154,,,0.0005294740557712672,0.0008162725026473703,0.0005294740557712672,,0.028812213201553125,0.015090010589481116,0.0002647370278856336,0.0002647370278856336,,,0.0016325450052947406,0.0002647370278856336,0.001367807977409107,0.0010810095305330038,0.060624779385810096,0.0021840804800564773,0.024135192375573596,0.0005294740557712672,0.0002647370278856336,0.001367807977409107,0.029628485704200493,0.008493646311330745,,,0.0005294740557712672,0.0005294740557712672,0.6614013413342748,0.010699788210377691,0.0071258383339216375,0.004103423932227321,,0.006022767384398164,0.004103423932227321,0.0010810095305330038,0.0002647370278856336,,,0.03346717260854218,0.0016325450052947406,0.0005294740557712672,,,
,0.00028679844687610307,0.007567066713731027,,,,0.006684609954112249,,0.004059301094246382,0.00028679844687610307,0.0029121073067419696,0.002029650547123191,,0.00873632192022591,0.002316448993999294,0.0029121073067419696,,,0.002316448993999294,0.0005735968937522061,,,,0.0005735968937522061,0.0011471937875044123,0.0011471937875044123,,,,,0.027091422520296504,0.012508824567596187,,,0.0005735968937522061,0.00028679844687610307,,,0.02826067772679139,0.00873632192022591,0.00028679844687610307,0.0005735968937522061,,,0.0008603953406283092,0.0008603953406283092,0.0005735968937522061,0.003772502647370279,0.06671373102717967,0.002603247440875397,0.026208965760677726,,0.0005735968937522061,0.003772502647370279,0.041365160607130254,0.012222026120720085,0.00028679844687610307,0.0008603953406283092,0.0005735968937522061,0.00028679844687610307,0.6461789622308507,0.008140663607483233,0.008140663607483233,0.004654959406989057,,0.0031989057536180726,0.002603247440875397,0.0005735968937522061,0.00028679844687610307,,,0.04079156371337805,0.0017428521002470878,0.00028679844687610307,,,
,0.0005294740557712672,0.010920402400282386,,,,0.006000705965407695,0.0005294740557712672,0.003265090010589481,0.0005294740557712672,0.004081362513236851,0.0008162725026473703,,0.007920049417578538,0.0010810095305330038,0.0038166254853512177,0.0005294740557712672,,0.003551888457465584,0.0002647370278856336,0.0008162725026473703,,,0.0002647370278856336,0.0013457465584186374,0.0016325450052947406,,,,,0.016656371337804447,0.012288210377691493,,,,0.0005294740557712672,0.0005294740557712672,,0.027598835157077305,0.006265442993293328,0.0013457465584186374,,,,,0.0010810095305330038,0.0005294740557712672,0.0013457465584186374,0.054910871867278506,0.0002647370278856336,0.030047652665019416,0.0002647370278856336,0.0002647370278856336,0.006000705965407695,0.06858895164136958,0.011471937875044122,,,0.0002647370278856336,0.0016325450052947406,0.6346629015178256,0.010655665372396752,0.0136560183551006,0.0027135545358277446,,0.0010810095305330038,0.007633250970702435,0.0013457465584186374,,,,0.026760501235439462,0.009552594422873279,0.0018972820331803742,,,0.0002647370278856336
,,0.008074479350511825,,0.00024267560889516414,0.0005074126367807977,0.006772855630074126,,0.004434345217084363,0.0013016237204376984,0.002603247440875397,0.0023385104129897633,,0.008074479350511825,0.0015442993293328627,0.0031106600776561947,,0.0007721496646664313,0.004434345217084363,,,,,0.00024267560889516414,0.0007721496646664313,0.0013016237204376984,,,,,0.025811860218849278,0.014604659371690787,,,0.00024267560889516414,0.0018090363572184963,0.00024267560889516414,,0.025547123190963642,0.00416960818919873,0.0005074126367807977,0.0005074126367807977,,,,0.0005074126367807977,0.0013016237204376984,0.003640134133427462,0.04643928697493823,0.0015442993293328627,0.023738086833745148,0.0005074126367807977,0.0007721496646664313,0.0023385104129897633,0.049549947052594426,0.012244087539710555,0.00024267560889516414,,0.0015442993293328627,0.0015442993293328627,0.6549152841510766,0.010942463819272856,0.008868690434168726,0.004677020825979527,,0.0010368866925520648,0.0031106600776561947,0.002603247440875397,,,,0.044078715142958,0.0015442993293328627,0.0023385104129897633,,,
,,0.007545005294740558,,,0.0008383339216378397,0.006706671373102718,,0.0011030709495234734,0.0013898693963995763,0.0047432050829509355,0.0016766678432756795,,0.005868337451464878,0.0011030709495234734,0.0011030709495234734,,0.0011030709495234734,0.004191669608189199,0.0013898693963995763,0.0002647370278856336,,,,0.0002647370278856336,0.0005515354747617367,,0.0002647370278856336,,,0.014516413695728909,0.011449876456053653,,,0.0008383339216378397,,,,0.02431168372749735,0.008934874691140134,0.0011030709495234734,0.0008383339216378397,0.0002647370278856336,,0.0011030709495234734,0.0027797387927991526,0.0008383339216378397,0.006133074479350512,0.052815037063183905,0.001941404871161313,0.026826685492410872,,0.0005515354747617367,0.002515001764913519,0.044166960818919875,0.009221673138016237,0.0011030709495234734,,0.0011030709495234734,0.003353335686551359,0.6501720790681257,0.006133074479350512,0.010898340981291917,0.0039048711613130956,,0.003353335686551359,0.0036180727144369926,0.0013898693963995763,,,,0.061220437698552774,0.0005515354747617367,0.0016766678432756795,,0.0002647370278856336,
,,0.006044828803388634,,0.0010810095305330038,,0.006044828803388634,,0.0021840804800564773,0.002735615954818214,0.0010810095305330038,0.0016325450052947406,,0.0035739498764560534,0.0005294740557712672,0.0005294740557712672,,0.0005294740557712672,0.0021840804800564773,0.0005294740557712672,0.0005294740557712672,,,,0.0002647370278856336,0.0005294740557712672,,0.0002647370278856336,,,0.019833215672432052,0.009354041651959053,0.0002647370278856336,,0.001367807977409107,0.0005294740557712672,0.0002647370278856336,,0.02230409459936463,0.00743469819978821,0.0008162725026473703,0.0010810095305330038,0.0002647370278856336,,,0.001367807977409107,0.0002647370278856336,0.010192375573596894,0.04736586657253795,0.0016325450052947406,0.012111719025767737,0.0002647370278856336,0.0002647370278856336,0.0019193434521708435,0.033599541122485,0.010457112601482528,0.0005294740557712672,,0.0010810095305330038,0.003022414401694317,0.7169961171902577,0.0021840804800564773,0.007699435227673844,0.002735615954818214,,0.005493293328626897,0.003022414401694317,0.0002647370278856336,0.0002647370278856336,,,0.03993116837274974,0.0008162725026473703,0.0024708789269325803,,0.0002647370278856336,
0.0002647370278856336,,0.008206847864454641,,0.0008383339216378397,,0.007081715495940699,,0.004235792446170138,0.0011251323685139427,0.0036621955524179313,0.0028238616307800918,,0.004522590893046241,0.0019634662901517825,0.0028238616307800918,,0.0002647370278856336,0.0028238616307800918,0.0008383339216378397,0.0008383339216378397,,,,0.0016987292622661489,0.0016987292622661489,,,,,0.018399223438051535,0.008780444758206848,,,0.0008383339216378397,0.0005515354747617367,0.0002647370278856336,,0.022657077303212144,0.0056477232615601836,0.0014119308153900459,0.0011251323685139427,,,,0.002537063183903989,0.0005515354747617367,0.014163430991881398,0.05665372396752559,0.0016987292622661489,0.021531944934698198,0.0005515354747617367,0.0002647370278856336,0.0036621955524179313,0.035408577479703496,0.008493646311330745,,0.0005515354747617367,0.0008383339216378397,0.0022502647370278854,0.671659901164843,0.006794917049064595,0.012729438757500882,0.0033974585245322977,,0.007346452523826333,0.0022502647370278854,0.0005515354747617367,,,,0.03682050829509354,0.0005515354747617367,0.0028238616307800918,0.0002647370278856336,0.0002647370278856336,
0.0002647370278856336,,0.009177550300035298,,0.0002647370278856336,,0.002228203318037416,0.0002647370278856336,0.0013898693963995763,0.0008162725026473703,0.002228203318037416,0.00165460642428521,,0.00416960818919873,0.0013898693963995763,0.0033312742675608896,,0.0002647370278856336,0.0027797387927991526,0.0002647370278856336,,,,,0.0024929403459230497,0.001941404871161313,,,,,0.020053829862336746,0.01030268266854924,,,0.0008162725026473703,,0.0002647370278856336,,0.019767031415460642,0.003882809742322626,0.0002647370278856336,,,,,0.0013898693963995763,0.0005515354747617367,0.010854218143310978,0.047079068125661844,0.0008162725026473703,0.02060536533709848,,0.0002647370278856336,0.0013898693963995763,0.013369219908224497,0.007522943875750089,0.0002647370278856336,0.0005515354747617367,0.0005515354747617367,0.0002647370278856336,0.7471981997882103,0.009464348746911402,0.006397811507236145,0.004456406636074832,,0.005294740557712672,0.002228203318037416,0.0033312742675608896,,,,0.023120367102012002,0.0011030709495234734,0.00165460642428521,,,
0.0002647370278856336,,0.009442287327920932,,,,0.005559477585598305,,0.003882809742322626,0.0005515354747617367,0.0013898693963995763,0.0030444758206847862,,0.004721143663960466,0.0022061418990469467,0.0030444758206847862,0.0008162725026473703,0.0002647370278856336,0.0027797387927991526,,,,,0.0002647370278856336,0.0024929403459230497,0.00165460642428521,0.0011030709495234734,,,,0.019722908577479704,0.011935227673843982,,,,,,,0.025569184609954113,0.004721143663960466,0.0002647370278856336,0.0008162725026473703,,,,0.0002647370278856336,0.0008162725026473703,0.004721143663960466,0.05919078715142958,0.0002647370278856336,0.02027444405224144,,0.001941404871161313,0.0027797387927991526,0.015553300388280974,0.003882809742322626,,0.0005515354747617367,0.0011030709495234734,0.00165460642428521,0.722511471937875,0.009155488881044829,0.008603953406283091,0.00165460642428521,,0.003882809742322626,0.0033312742675608896,0.0022061418990469467,0.0005515354747617367,0.0002647370278856336,,0.024179315213554535,0.0005515354747617367,0.0033312742675608896,,,0.0002647370278856336
0.0002647370278856336,,0.01526650194140487,,0.0002647370278856336,,0.004632897987998588,,0.0038166254853512177,0.0005294740557712672,0.003265090010589481,0.0027135545358277446,,0.006265442993293328,0.002978291563713378,0.004897635015884222,,0.0005294740557712672,0.002448817507942111,0.0002647370278856336,0.0008162725026473703,,,0.0002647370278856336,0.002448817507942111,,,,,,0.016899046946699612,0.007633250970702435,,,0.0010810095305330038,0.0005294740557712672,,,0.02316448993999294,0.004632897987998588,0.0002647370278856336,0.0005294740557712672,0.0002647370278856336,,0.0013457465584186374,0.0008162725026473703,0.0008162725026473703,0.0021620190610660076,0.05480056477232616,0.0016325450052947406,0.015795975997176137,0.0002647370278856336,,0.0008162725026473703,0.01526650194140487,0.007346452523826333,0.0005294740557712672,,0.0008162725026473703,,0.7449479350511825,0.0054491704906459585,0.006794917049064595,0.0038166254853512177,,0.0021620190610660076,0.0018972820331803742,0.0008162725026473703,,,,0.020980409459936462,0.0021620190610660076,0.0018972820331803742,,,
0.0011251323685139427,,0.008515707730321214,,,,0.006243381574302859,,0.002272326156018355,0.0008383339216378397,0.0031106600776561947,0.0028238616307800918,,0.0031106600776561947,0.0002647370278856336,0.002272326156018355,,0.0011251323685139427,0.0033974585245322977,,0.0002647370278856336,,,0.0005515354747617367,0.0005515354747617367,,,0.0002647370278856336,,,0.014207553829862336,0.00908930462407342,,,0.0002647370278856336,0.0005515354747617367,0.0002647370278856336,0.0005515354747617367,0.021046593716907872,0.003971055418284504,0.0008383339216378397,0.0002647370278856336,,,0.0002647370278856336,0.0008383339216378397,0.0005515354747617367,0.0033974585245322977,0.04324038122132016,0.0005515354747617367,0.01906106600776562,,,0.0011251323685139427,0.015928344511118957,0.0073905753618072716,0.0005515354747617367,,0.0011251323685139427,0.0014119308153900459,0.7687742675608895,0.007103776914931168,0.009662901517825626,0.003684256971408401,,0.002559124602894458,0.0011251323685139427,0.002559124602894458,,,,0.017913872220261206,0.002272326156018355,0.0011251323685139427,,,
,,0.010611542534415814,,,,0.005890398870455347,,0.002647370278856336,0.0008824567596187787,0.002934168725732439,0.0014560536533709848,,0.0032430285915990118,0.0011692552064948816,0.0020517119661136603,,,0.003838686904341687,0.00028679844687610307,,,,0.0011692552064948816,0.0005735968937522061,,,,,,0.013567772679138721,0.005294740557712672,,,0.00028679844687610307,0.00028679844687610307,0.0005735968937522061,,0.016237204376985528,0.004721143663960466,0.0005735968937522061,,,,0.0008824567596187787,0.0005735968937522061,0.0005735968937522061,0.003838686904341687,0.04222555594775856,0.0008824567596187787,0.010920402400282386,,0.00028679844687610307,0.00028679844687610307,0.010037945640663607,0.005890398870455347,0.0005735968937522061,,0.0008824567596187787,0.00028679844687610307,0.8123676314860572,0.002647370278856336,0.005890398870455347,0.002934168725732439,,0.0005735968937522061,0.0020517119661136603,0.0011692552064948816,,,,0.013876632545005294,0.0008824567596187787,0.0008824567596187787,0.00028679844687610307,,
0.00028679844687610307,,0.0071258383339216375,,0.00028679844687610307,,0.0026694316978468054,0.00028679844687610307,0.0026694316978468054,0.00028679844687610307,0.0029562301447229084,0.0026694316978468054,,0.0026694316978468054,0.0011692552064948816,0.003265090010589481,,0.00028679844687610307,0.003860748323332157,,,,,0.0005735968937522061,0.0020737733851041297,,,0.00028679844687610307,,,0.017538828097423225,0.008912813272149664,,,0.00028679844687610307,0.00028679844687610307,0.00028679844687610307,,0.01992146134839393,0.002360571831980233,0.0008824567596187787,,,,0.0008824567596187787,,0.0005735968937522061,0.003551888457465584,0.0377912107306742,0.00028679844687610307,0.012199964701729616,,0.00028679844687610307,0.0005735968937522061,0.007721496646664314,0.0071258383339216375,0.00028679844687610307,,0.0020737733851041297,0.00028679844687610307,0.8116396046593717,0.003551888457465584,0.006243381574302859,0.0020737733851041297,,0.00028679844687610307,0.0017649135192375574,0.0005735968937522061,,,,0.015465054712319097,0.0005735968937522061,0.00028679844687610307,,,
0.0005735968937522061,,0.007478821037769149,,0.00028679844687610307,,0.0028679844687610305,,0.0008603953406283092,0.00028679844687610307,0.0022943875750088246,0.0020075891281327216,,0.004015178256265443,0.0020075891281327216,0.0020075891281327216,,,0.003154782915637134,,,,,0.0005735968937522061,0.0022943875750088246,0.0014339922343805152,,0.00028679844687610307,,,0.019568478644546417,0.010942463819272856,0.00028679844687610307,,,,0.00028679844687610307,,0.027929756441934347,0.006044828803388634,0.0020075891281327216,0.00028679844687610307,0.0005735968937522061,,0.0008603953406283092,,0.0005735968937522061,0.0005735968937522061,0.04463025061771973,0.0017207906812566184,0.014957642075538298,0.00028679844687610307,,0.0014339922343805152,0.01409724673490999,0.0048755735968937525,0.00028679844687610307,,0.0011471937875044123,0.00028679844687610307,0.7768046240734204,0.005471231909636428,0.006044828803388634,0.0048755735968937525,,0.0008603953406283092,0.00028679844687610307,0.0008603953406283092,,,,0.01612689728203318,0.0017207906812566184,0.0008603953406283092,,,
0.00028679844687610307,,0.01118513942816802,,,,0.005735968937522061,0.00028679844687610307,0.0008603953406283092,0.0005735968937522061,0.0014339922343805152,0.0025811860218849275,,0.0022943875750088246,0.0017207906812566184,0.0017207906812566184,,0.00028679844687610307,0.0020075891281327216,,,,,0.0005735968937522061,0.003154782915637134,0.0011471937875044123,,,,,0.020075891281327213,0.011471937875044122,,,,,,,0.027532650900105895,0.006309565831274268,0.0005735968937522061,0.00028679844687610307,,,0.0011471937875044123,0.0011471937875044123,0.00028679844687610307,0.00028679844687610307,0.04447582068478644,0.0008603953406283092,0.01663430991881398,0.00028679844687610307,,0.0017207906812566184,0.01118513942816802,0.006022767384398164,0.0005735968937522061,0.00028679844687610307,0.0008603953406283092,0.0008603953406283092,0.7779959406989058,0.003154782915637134,0.0054491704906459585,0.0028679844687610305,,0.0017207906812566184,0.0008603953406283092,0.0008603953406283092,0.00028679844687610307,,,0.016347511471937876,0.0011471937875044123,0.0005735968937522061,,,
,,0.007346452523826333,,,,0.003948993999294034,,0.0005515354747617367,0.0005515354747617367,0.0008383339216378397,0.0011251323685139427,,0.0033974585245322977,0.0011251323685139427,0.0036621955524179313,0.0002647370278856336,0.0002647370278856336,0.0031106600776561947,,0.0002647370278856336,,,0.0002647370278856336,0.0022502647370278854,0.0011251323685139427,,0.0005515354747617367,,,0.02435580656547829,0.01160430638898694,,,,0.0002647370278856336,0.0002647370278856336,0.0002647370278856336,0.02775326509001059,0.005934521708436287,0.0002647370278856336,,,0.0002647370278856336,0.0016987292622661489,,0.0002647370278856336,0.003948993999294034,0.053521002470878924,0.0008383339216378397,0.011030709495234733,0.0005515354747617367,,0.0019634662901517825,0.01528856336039534,0.006794917049064595,0.0002647370278856336,0.0002647370278856336,0.0016987292622661489,0.0005515354747617367,0.7655091775503,0.0070596540769502295,0.003948993999294034,0.0028238616307800918,,0.0014119308153900459,0.0011251323685139427,0.0008383339216378397,,,,0.013876632545005294,0.0014119308153900459,0.0016987292622661489,,,
,,0.00745675961877868,,,,0.003860748323332157,0.0005956583127426756,0.0014781150723614542,0.0023826332509707024,0.0014781150723614542,0.0014781150723614542,,0.0017869749382280267,0.0020737733851041297,0.0026694316978468054,,0.0005956583127426756,0.003860748323332157,0.0005956583127426756,,,,0.00028679844687610307,0.0017869749382280267,0.0014781150723614542,,0.00028679844687610307,,,0.01789181080127074,0.007743558065654783,0.00028679844687610307,,0.00028679844687610307,0.0014781150723614542,0.00028679844687610307,0.0005956583127426756,0.02596629015178256,0.005956583127426756,,0.00028679844687610307,,,0.002978291563713378,0.0008824567596187787,0.00028679844687610307,0.0026694316978468054,0.0501456053653371,0.00028679844687610307,0.010435051182492059,,,0.0005956583127426756,0.013722202612072009,0.006861101306036004,0.00028679844687610307,,0.0011913166254853512,0.0005956583127426756,0.7721496646664313,0.006552241440169432,0.00536092481468408,0.0026694316978468054,,0.0023826332509707024,0.0017869749382280267,0.0017869749382280267,,,,0.016700494175785386,0.0026694316978468054,0.0008824567596187787,,0.0011913166254853512,
0.00028679844687610307,,0.008912813272149664,,,,0.0027576773738086833,0.0009045181786092481,0.0033753971055418283,0.00028679844687610307,0.003066537239675256,0.0005956583127426756,,0.003993116837274974,0.0015222379103423931,0.003066537239675256,,,0.0027576773738086833,,,,,0.00028679844687610307,0.002139957642075538,0.0012133780444758206,,0.00028679844687610307,,,0.023340981291916696,0.008912813272149664,,,0.00028679844687610307,0.002139957642075538,0.0005956583127426756,0.00028679844687610307,0.023340981291916696,0.005206494881750794,0.00028679844687610307,0.00028679844687610307,,0.0009045181786092481,0.0009045181786092481,,0.0005956583127426756,0.003684256971408401,0.05533003882809742,0.00028679844687610307,0.013523649841157783,,,0.0018310977762089657,0.01197935051182492,0.005206494881750794,0.0009045181786092481,,0.0009045181786092481,0.0015222379103423931,0.7590893046240734,0.004897635015884222,0.008295093540416519,0.006133074479350512,,0.0012133780444758206,0.0015222379103423931,0.0015222379103423931,,,,0.015972467349099895,0.0015222379103423931,0.00028679844687610307,,0.0018310977762089657,
,,0.008295093540416519,,0.00028679844687610307,,0.004301976703141546,0.00028679844687610307,0.002448817507942111,0.0005956583127426756,0.0009045181786092481,0.0012133780444758206,,0.0018310977762089657,0.0009045181786092481,0.0005956583127426756,,,0.0033753971055418283,,,,,0.00028679844687610307,0.003066537239675256,0.0015222379103423931,,0.00028679844687610307,,,0.02186286621955524,0.007986233674549948,0.00028679844687610307,,,0.00028679844687610307,0.0005956583127426756,,0.0178476879632898,0.00953053300388281,0.0009045181786092481,,0.0005956583127426756,,,0.0005956583127426756,0.00028679844687610307,0.0033753971055418283,0.04341687257324391,0.0005956583127426756,0.014163430991881398,,,0.00028679844687610307,0.007677373808683374,0.004919696434874691,0.0005956583127426756,,0.0005956583127426756,0.0015222379103423931,0.7959759971761384,0.0015222379103423931,0.006772855630074126,0.005228556300741264,,0.00028679844687610307,0.002448817507942111,0.0015222379103423931,,,,0.01537680903635722,0.002139957642075538,,,0.0005956583127426756,
,,0.008493646311330745,,,,0.00454465231203671,0.0009045181786092481,0.0033312742675608896,0.00028679844687610307,,0.0018090363572184963,,0.002117896223085069,0.002117896223085069,0.0012133780444758206,,,0.002426756088951641,,,,,0.00028679844687610307,0.0015001764913519238,0.0009045181786092481,,0.00028679844687610307,,,0.01700935404165196,0.006662548535121779,,,,0.00028679844687610307,0.00028679844687610307,,0.02398076244264031,0.0033312742675608896,0.00028679844687610307,,0.0005956583127426756,,,0.0009045181786092481,0.00028679844687610307,0.0033312742675608896,0.03249647017296153,0.00028679844687610307,0.009707024355806565,,,0.0009045181786092481,0.008184786445464172,0.00454465231203671,,0.0005956583127426756,0.0009045181786092481,0.0005956583127426756,0.8270384751147194,0.0018090363572184963,0.003948993999294034,0.0027135545358277446,,0.0009045181786092481,0.0018090363572184963,0.0012133780444758206,,,,0.013964878220967173,0.00028679844687610307,,,,0.0009045181786092481
,,0.003948993999294034,,,,0.0036621955524179313,0.0005515354747617367,0.0014119308153900459,0.0014119308153900459,0.0016766678432756795,0.0011251323685139427,,0.0030885986586657254,0.0002647370278856336,0.0028238616307800918,,0.0002647370278856336,0.0033753971055418283,0.0002647370278856336,,,,0.0008383339216378397,0.0022502647370278854,0.0008383339216378397,,,,,0.014406106600776562,0.009596717260854218,,,,,0.0002647370278856336,,0.015818037416166608,0.0036621955524179313,0.0002647370278856336,0.0002647370278856336,0.0005515354747617367,,0.0008383339216378397,0.0005515354747617367,,0.0005515354747617367,0.03982086127779739,0.0005515354747617367,0.01242057889163431,,,0.0016766678432756795,0.01072184962936816,0.004500529474055771,,,0.0014119308153900459,,0.8227806212495588,0.0070596540769502295,0.004235792446170138,0.0019634662901517825,,0.0014119308153900459,0.0011251323685139427,0.0002647370278856336,,,,0.01325891281327215,0.0019634662901517825,0.0002647370278856336,,,
,,0.006133074479350512,,0.0005735968937522061,,0.004368160960112955,,0.0017428521002470878,0.0008603953406283092,0.0017428521002470878,0.00028679844687610307,,0.0023385104129897633,0.0026253088598658667,0.0011692552064948816,,0.00028679844687610307,0.0037945640663607483,0.00028679844687610307,,,,0.00028679844687610307,0.00496381927285563,0.0011692552064948816,,,,,0.019281680197670313,0.009640840098835157,,,0.0005735968937522061,,,,0.01899488175079421,0.0031989057536180726,0.00028679844687610307,0.00028679844687610307,0.0005735968937522061,,0.0017428521002470878,0.0005735968937522061,,0.0005735968937522061,0.04474055771267208,0.0005735968937522061,0.01081009530533004,,,0.0008603953406283092,0.008758383339216379,0.006419872926226615,,,0.0005735968937522061,,0.8050873632192023,0.00496381927285563,0.007302329685845393,0.005250617719731733,,0.0008603953406283092,0.0029121073067419696,0.0008603953406283092,0.00028679844687610307,,,0.009640840098835157,0.0011692552064948816,0.00028679844687610307,,0.00028679844687610307,
0.00024267560889516414,,0.00540504765266502,,,,0.0028238616307800918,,0.0007721496646664313,0.0010148252735615955,0.0007721496646664313,0.0007721496646664313,,0.0010148252735615955,0.0015442993293328627,0.0005074126367807977,0.00024267560889516414,0.001279562301447229,0.0007721496646664313,,,,,0.00024267560889516414,0.004368160960112955,0.0010148252735615955,,,,,0.018818390398870455,0.013391281327214967,0.00024267560889516414,,0.0005074126367807977,0.0005074126367807977,,,0.018553653370984823,0.002316448993999294,,0.00024267560889516414,0.0005074126367807977,0.00024267560889516414,0.0010148252735615955,0.00024267560889516414,,,0.04615248852806213,0.0007721496646664313,0.011846981997882105,,,0.0030885986586657254,0.011339569361101306,0.006441934345217084,0.0005074126367807977,,0.00024267560889516414,0.0015442993293328627,0.8057933286268972,0.006177197317331451,0.0020517119661136603,0.0033312742675608896,,0.0010148252735615955,0.0028238616307800918,0.0010148252735615955,,,,0.014428168019767032,0.0007721496646664313,0.001279562301447229,,,
0.000992763854571126,,0.006508118602188493,,,,0.0015001764913519238,0.00024267560889516414,0.0022502647370278854,0.0004853512177903283,0.0024929403459230497,0.0007500882456759619,,0.0030003529827038475,0.001985527709142252,0.0030003529827038475,0.00024267560889516414,0.000992763854571126,0.0004853512177903283,0.00024267560889516414,0.0015001764913519238,,,0.00024267560889516414,0.002735615954818214,0.001985527709142252,,,,,0.015509177550300035,0.010501235439463467,,,0.0007500882456759619,0.0004853512177903283,,,0.01526650194140487,0.005250617719731733,0.00024267560889516414,,0.00024267560889516414,,0.000992763854571126,,0.0004853512177903283,0.0004853512177903283,0.04557889163430992,0.0004853512177903283,0.01526650194140487,,,0.0015001764913519238,0.011516060713025062,0.007743558065654783,0.0004853512177903283,,0.0007500882456759619,0.00024267560889516414,0.8053962230850689,0.0032430285915990118,0.0034857042004941756,0.002735615954818214,,0.0007500882456759619,0.001985527709142252,0.0015001764913519238,,,,0.013016237204376986,0.0012354394634662902,0.0012354394634662902,,,
0.0005074126367807977,,0.005934521708436287,0.0005074126367807977,,,0.0028238616307800918,,0.00412548535121779,0.0007721496646664313,0.002316448993999294,0.00024267560889516414,,0.0030885986586657254,0.0010148252735615955,0.0015442993293328627,,0.0005074126367807977,0.0020517119661136603,,0.0007721496646664313,,,0.0007721496646664313,0.0030885986586657254,0.001279562301447229,,,,,0.016766678432756796,0.009552594422873279,,,,0.0005074126367807977,0.0005074126367807977,,0.014957642075538298,0.005162372043769855,0.00024267560889516414,0.00024267560889516414,0.00024267560889516414,,0.0007721496646664313,,0.0005074126367807977,0.001279562301447229,0.044409636427815036,0.00024267560889516414,0.01367807977409107,,0.0007721496646664313,0.001279562301447229,0.011361630780091775,0.005669784680550653,0.00024267560889516414,,0.0005074126367807977,0.0007721496646664313,0.8036974938228026,0.008515707730321214,0.0035960112954465232,0.0028238616307800918,,0.0007721496646664313,0.005669784680550653,0.00024267560889516414,,0.0005074126367807977,,0.011869043416872574,0.0007721496646664313,0.0005074126367807977,,,
,,0.009684962936816095,,0.0002647370278856336,,0.005096187786798447,,0.0010589481115425344,0.001323685139428168,0.001610483586304271,0.0010589481115425344,,0.003220967172608542,0.0010589481115425344,0.0007942110836569008,,0.0007942110836569008,0.0007942110836569008,,0.0010589481115425344,,,,0.0034857042004941756,0.0007942110836569008,,,,,0.012641193081539005,0.006706671373102718,,,0.0002647370278856336,0.0007942110836569008,0.0005294740557712672,,0.010214436992587363,0.004301976703141546,,,0.0002647370278856336,0.0002647370278856336,0.0007942110836569008,,0.0005294740557712672,0.001610483586304271,0.03631309565831274,,0.013170667137310271,,,0.0010589481115425344,0.003750441228379809,0.005912460289445817,0.0007942110836569008,0.0007942110836569008,0.0005294740557712672,0.0002647370278856336,0.8428344511118955,0.0034857042004941756,0.001610483586304271,0.0026694316978468054,,0.0010589481115425344,0.002404694669961172,0.0002647370278856336,,,,0.010479174020472997,0.0010589481115425344,0.0002647370278856336,,0.0002647370278856336,
,,0.006728732792093187,,,,0.0026914931168372748,,0.0010589481115425344,0.0013457465584186374,0.002404694669961172,0.0005294740557712672,,0.0018752206141899046,0.0007942110836569008,0.0010589481115425344,,0.0002647370278856336,0.0013457465584186374,,0.0002647370278856336,,,,0.0034857042004941756,0.0005294740557712672,,,,,0.01158224496999647,0.012663254500529474,,,0.002139957642075538,0.0007942110836569008,0.0005294740557712672,,0.009155488881044829,0.003750441228379809,0.0002647370278856336,,,,0.0010589481115425344,,0.002139957642075538,0.001610483586304271,0.02775326509001059,,0.008603953406283091,,,0.0013457465584186374,0.004831450758912813,0.006463995764207554,0.0010589481115425344,,0.0002647370278856336,,0.8541519590540063,0.003750441228379809,0.0018752206141899046,0.0010589481115425344,,0.0007942110836569008,0.003750441228379809,0.0010589481115425344,,,,0.011295446523120367,0.0013457465584186374,0.0005294740557712672,,,
0.0002647370278856336,,0.006287504412283798,,,,0.002735615954818214,0.0005294740557712672,0.002735615954818214,0.0002647370278856336,0.0018972820331803742,0.0005294740557712672,,0.002735615954818214,0.0016325450052947406,0.0016325450052947406,,0.0008162725026473703,0.0005294740557712672,,0.0005294740557712672,,,,0.0032871514295799505,0.0005294740557712672,,,,,0.015619484645252382,0.007942110836569007,,,0.001367807977409107,0.0005294740557712672,0.0002647370278856336,,0.016700494175785386,0.002448817507942111,0.0005294740557712672,,,0.0002647370278856336,0.0010810095305330038,0.0005294740557712672,,0.0005294740557712672,0.0435713025061772,0.0002647370278856336,0.008493646311330745,,0.0002647370278856336,0.001367807977409107,0.009023120367102013,0.004103423932227321,,,0.0010810095305330038,,0.8297740910695376,0.0038166254853512177,0.001367807977409107,0.0030003529827038475,,0.0010810095305330038,0.004654959406989057,0.0008162725026473703,,,,0.011229262266148959,0.0005294740557712672,0.0008162725026473703,,,
0.0002647370278856336,,0.007699435227673844,0.0002647370278856336,,,0.0021840804800564773,,0.0032871514295799505,0.0008162725026473703,,0.0005294740557712672,,0.00412548535121779,0.002735615954818214,0.0016325450052947406,,0.0005294740557712672,0.0008162725026473703,0.0002647370278856336,,0.0002647370278856336,,0.0002647370278856336,0.002735615954818214,0.0008162725026473703,,,,,0.013479527003176844,0.010192375573596894,,,0.0008162725026473703,0.0008162725026473703,0.0002647370278856336,,0.021752559124602895,0.005493293328626897,0.0005294740557712672,0.0002647370278856336,0.0002647370278856336,0.0010810095305330038,0.0016325450052947406,0.0002647370278856336,,0.0002647370278856336,0.04103423932227321,0.0005294740557712672,0.009354041651959053,,0.0002647370278856336,0.002735615954818214,0.007986233674549948,0.006883162725026474,,,0.0005294740557712672,,0.8100070596540769,0.005228556300741264,0.003022414401694317,0.004390222379103424,,0.0008162725026473703,0.003022414401694317,0.0010810095305330038,,0.0002647370278856336,,0.01486939639957642,0.001367807977409107,0.0002647370278856336,,,
0.0002647370278856336,,0.008405400635368867,,,,0.0016766678432756795,,0.0013898693963995763,0.0013898693963995763,0.0019634662901517825,0.0002647370278856336,,0.003353335686551359,0.002515001764913519,0.002515001764913519,,0.0002647370278856336,0.0002647370278856336,0.0002647370278856336,,,0.0002647370278856336,0.0002647370278856336,0.002515001764913519,0.0002647370278856336,,,,,0.017671196611366045,0.010942463819272856,0.0005515354747617367,,0.0002647370278856336,0.0008383339216378397,,,0.019347864454641723,0.004765266501941405,0.0005515354747617367,0.0002647370278856336,,0.0002647370278856336,0.0013898693963995763,,,0.002228203318037416,0.044894987645605365,0.0002647370278856336,0.011493999294034593,,0.0002647370278856336,0.002515001764913519,0.003926932580303565,0.005603600423579245,0.0005515354747617367,,0.0002647370278856336,,0.8030356512530886,0.004191669608189199,0.003066537239675256,0.005890398870455347,,0.0005515354747617367,0.0028018002117896224,0.0011030709495234734,0.0002647370278856336,0.0005515354747617367,,0.01822273208612778,0.0028018002117896224,0.0005515354747617367,,,0.0002647370278856336
0.0008162725026473703,,0.008493646311330745,,,,0.002448817507942111,,0.0021840804800564773,,0.001367807977409107,0.0005294740557712672,,0.0018972820331803742,0.0021840804800564773,0.0021840804800564773,,,0.0008162725026473703,,,,0.0002647370278856336,,0.0021840804800564773,0.0002647370278856336,,,,,0.015619484645252382,0.010126191316625486,,,0.0002647370278856336,0.001367807977409107,,,0.01861983762795623,0.005735968937522061,0.0005294740557712672,,,0.0002647370278856336,0.0008162725026473703,0.0005294740557712672,,0.0002647370278856336,0.05180021178962231,,0.011229262266148959,,,0.0021840804800564773,0.006839039887045535,0.006022767384398164,0.0005294740557712672,,0.0005294740557712672,,0.8031238969290505,0.004919696434874691,0.0032871514295799505,0.006287504412283798,,0.0016325450052947406,0.002448817507942111,0.0010810095305330038,0.0002647370278856336,0.0002647370278856336,,0.015884221673138015,0.0016325450052947406,0.0002647370278856336,,,
0.0005294740557712672,,0.012354394634662902,,,,0.004941757853865161,,0.001367807977409107,0.0008162725026473703,0.0032871514295799505,0.0008162725026473703,,0.001367807977409107,0.001367807977409107,0.0010810095305330038,,,0.0010810095305330038,,,,0.0002647370278856336,0.0005294740557712672,0.0032871514295799505,0.0002647370278856336,,,,,0.020583303918108014,0.012354394634662902,,,0.0008162725026473703,0.0008162725026473703,0.0005294740557712672,,0.014825273561595482,0.004103423932227321,0.0005294740557712672,0.0002647370278856336,,,0.0021840804800564773,,,0.001367807977409107,0.05601394281680198,0.0010810095305330038,0.015090010589481116,,,0.001367807977409107,0.010699788210377691,0.005206494881750794,,,0.0008162725026473703,,0.7813051535474762,0.006574302859159901,0.003551888457465584,0.004103423932227321,0.0005294740557712672,0.0002647370278856336,0.004941757853865161,0.001367807977409107,,,,0.013170667137310271,0.0019193434521708435,0.0002647370278856336,,,
,,0.008361277797387929,,,,0.0026914931168372748,,0.0002647370278856336,0.0005294740557712672,0.0032430285915990118,0.0010810095305330038,,0.0002647370278856336,0.001610483586304271,0.0002647370278856336,,,0.0013457465584186374,,,,0.0002647370278856336,,0.0026914931168372748,,,,,,0.016479879985880692,0.012155841863748676,,,0.0029562301447229084,0.0002647370278856336,,,0.016215142957995057,0.004588775150017649,0.0002647370278856336,,,,0.0010810095305330038,0.0002647370278856336,,0.0010810095305330038,0.03810007059654077,0.0002647370278856336,0.011339569361101306,,,0.0010810095305330038,0.005118249205788916,0.004853512177903282,0.0010810095305330038,,0.0005294740557712672,0.0013457465584186374,0.8240822449699965,0.0018752206141899046,0.0064860571831980235,0.003772502647370279,0.0002647370278856336,0.0010810095305330038,0.0026914931168372748,0.0007942110836569008,0.0002647370278856336,,,0.014317860924814685,0.002426756088951641,0.0002647370278856336,,,
0.0002647370278856336,,0.006772855630074126,,,,0.002426756088951641,,0.0005294740557712672,0.0013457465584186374,0.001610483586304271,0.001610483586304271,,0.0002647370278856336,0.0018972820331803742,,,0.0005294740557712672,0.0010810095305330038,,,,,,0.001610483586304271,,,,,,0.015200317684433463,0.011670490645958348,,,0.001610483586304271,0.0002647370278856336,0.0005294740557712672,,0.011383692199082245,0.0018972820331803742,0.0005294740557712672,,,,0.0010810095305330038,0.0005294740557712672,0.0005294740557712672,0.0002647370278856336,0.025525061771973175,0.0002647370278856336,0.006243381574302859,,,0.0010810095305330038,0.0037945640663607483,0.0048755735968937525,0.0002647370278856336,,0.0002647370278856336,0.001610483586304271,0.8714701729615248,0.0021620190610660076,0.0027135545358277446,0.0005294740557712672,,0.0013457465584186374,0.0010810095305330038,0.0007942110836569008,,,,0.008670137663254501,0.001610483586304271,0.0002647370278856336,,,
,,0.007677373808683374,,,,0.001985527709142252,,0.0016987292622661489,0.0005515354747617367,0.0011251323685139427,0.0011251323685139427,,0.0014119308153900459,0.0016987292622661489,0.002272326156018355,,0.0002647370278856336,0.0005515354747617367,,0.0002647370278856336,,,,0.001985527709142252,,,,,,0.014516413695728909,0.01081009530533004,,,0.0008383339216378397,0.0002647370278856336,0.0002647370278856336,,0.01936992587363219,0.004257853865160607,,,,,0.0005515354747617367,0.0002647370278856336,,0.001985527709142252,0.039026650194140484,0.0002647370278856336,0.012244087539710555,0.0002647370278856336,,0.002559124602894458,0.007677373808683374,0.006552241440169432,,,0.0005515354747617367,0.0005515354747617367,0.824479350511825,0.00454465231203671,0.002559124602894458,0.0016987292622661489,,0.0016987292622661489,0.0016987292622661489,0.002272326156018355,,,,0.0136560183551006,0.0016987292622661489,0.0002647370278856336,,,
,,0.007787680903635722,,,,0.0023826332509707024,,0.0014781150723614542,0.0005956583127426756,0.0023826332509707024,0.0005956583127426756,,0.0008824567596187787,0.0017869749382280267,0.0017869749382280267,,0.0005956583127426756,0.0020958348040945995,,,,,,0.0023826332509707024,0.00028679844687610307,,,,,0.014384045181786093,0.010170314154606425,,,0.0017869749382280267,0.0011913166254853512,,,0.017075538298623367,0.005074126367807978,0.00028679844687610307,,,,0.0011913166254853512,0.0005956583127426756,,0.0008824567596187787,0.03565125308859866,,0.010170314154606425,,0.00028679844687610307,0.0032871514295799505,0.008383339216378398,0.008383339216378398,0.00028679844687610307,0.0014781150723614542,0.0005956583127426756,0.00028679844687610307,0.8227585598305683,0.0053829862336745495,0.0023826332509707024,0.0008824567596187787,,0.0011913166254853512,0.002978291563713378,0.0014781150723614542,,,,0.014384045181786093,0.0014781150723614542,0.0005956583127426756,,,
0.00028679844687610307,,0.007081715495940699,,,,0.003684256971408401,,0.0012133780444758206,0.0012133780444758206,0.0015222379103423931,0.0009045181786092481,,0.003993116837274974,0.0009045181786092481,0.0009045181786092481,,0.0015222379103423931,0.0009045181786092481,,,,,0.0009045181786092481,0.004301976703141546,0.0009045181786092481,,,,,0.018487469114013413,0.015398870455347689,,,0.0009045181786092481,0.0009045181786092481,,,0.017869749382280267,0.003684256971408401,0.00028679844687610307,,0.0005956583127426756,,0.0009045181786092481,0.0005956583127426756,,0.003066537239675256,0.04899841157783268,,0.01570773032121426,,0.00028679844687610307,0.0018310977762089657,0.006463995764207554,0.00831715495940699,0.0009045181786092481,,0.0005956583127426756,0.00028679844687610307,0.7813051535474762,0.007699435227673844,0.0027576773738086833,0.003684256971408401,,0.0018310977762089657,0.0033753971055418283,0.0012133780444758206,0.00028679844687610307,,,0.019105188845746558,0.0012133780444758206,0.0009045181786092481,,0.00028679844687610307,
,,0.010258559830568302,,,,0.005912460289445817,0.00030885986586657254,0.0006177197317331451,0.0021620190610660076,0.0021620190610660076,0.0006177197317331451,,0.0021620190610660076,0.00030885986586657254,0.0012354394634662902,,0.00030885986586657254,0.0018531591951994352,,,,,0.00030885986586657254,0.0034195199435227675,0.0009265795975997176,,,,0.00030885986586657254,0.01868602188492764,0.01370014119308154,,,0.0012354394634662902,0.0009265795975997176,,,0.019612601482527355,0.006530180021178962,0.00030885986586657254,,0.0006177197317331451,0.00030885986586657254,0.0015442993293328627,0.0009265795975997176,,0.0028018002117896224,0.05449170490645958,0.0012354394634662902,0.019303741616660784,,,0.0018531591951994352,0.00871426050123544,0.0034195199435227675,,,0.0009265795975997176,0.00030885986586657254,0.7599276385457112,0.007765619484645252,0.0031106600776561947,0.0034195199435227675,,0.0028018002117896224,0.00372837980938934,0.0006177197317331451,0.00030885986586657254,0.0012354394634662902,,0.023671902576773738,0.0015442993293328627,0.00030885986586657254,,0.0012354394634662902,
0.00030885986586657254,,0.010501235439463467,0.00030885986586657254,,,0.0030885986586657254,0.0006177197317331451,0.0024708789269325803,0.0024708789269325803,0.0015442993293328627,0.00030885986586657254,,0.0027797387927991526,0.0024708789269325803,0.00030885986586657254,0.0006177197317331451,0.0009265795975997176,0.0021620190610660076,,0.0009265795975997176,,,0.0006177197317331451,0.0018531591951994352,0.0006177197317331451,,,,,0.02071567243205083,0.01081009530533004,,,0.0012354394634662902,0.0009265795975997176,0.00030885986586657254,,0.015465054712319097,0.006177197317331451,0.00030885986586657254,,0.0006177197317331451,0.0006177197317331451,0.0021620190610660076,0.0006177197317331451,,0.0037063183903988705,0.04948376279562301,,0.01731821390751853,,,0.0027797387927991526,0.007721496646664314,0.004324038122132015,0.00030885986586657254,,0.00030885986586657254,0.0012354394634662902,0.7731424285210025,0.005559477585598305,0.005868337451464878,0.004015178256265443,,0.0012354394634662902,0.0037063183903988705,0.0009265795975997176,,0.0006177197317331451,,0.017627073773385103,0.0018531591951994352,0.0009265795975997176,,0.0015442993293328627,0.0009265795975997176
,,0.010368866925520649,0.00028679844687610307,,,0.0030444758206847862,0.00028679844687610307,0.005780091775503001,0.0009045181786092481,0.0015222379103423931,0.0009045181786092481,,0.0009045181786092481,0.0012133780444758206,0.00028679844687610307,,0.0005956583127426756,0.002426756088951641,0.0005956583127426756,0.0012133780444758206,,,0.003640134133427462,0.0012133780444758206,0.0009045181786092481,,,,,0.020428873985174727,0.010964525238263325,,,0.0015222379103423931,0.0005956583127426756,,,0.024091069537592658,0.007015531238969291,0.00028679844687610307,0.0012133780444758206,0.0005956583127426756,0.0005956583127426756,0.002117896223085069,0.0005956583127426756,,0.0060889516413695725,0.050939816448994,0.0009045181786092481,0.01614895870102365,,0.00028679844687610307,0.002117896223085069,0.013722202612072009,0.008846629015178256,0.0015222379103423931,0.00028679844687610307,0.0005956583127426756,0.00028679844687610307,0.7474408753971055,0.007302329685845393,0.002426756088951641,0.0048755735968937525,,0.0009045181786092481,0.004257853865160607,0.0005956583127426756,,0.00028679844687610307,,0.020428873985174727,0.0015222379103423931,0.0009045181786092481,,0.0009045181786092481,0.00028679844687610307
0.0005956583127426756,0.0005956583127426756,0.004257853865160607,0.0005956583127426756,,,0.0018310977762089657,,0.002735615954818214,,0.0015222379103423931,0.00028679844687610307,,0.0012133780444758206,0.003353335686551359,0.00028679844687610307,,,0.002735615954818214,,0.0005956583127426756,,,0.002426756088951641,0.0018310977762089657,0.00028679844687610307,,,,,0.007920049417578538,0.010368866925520649,,0.00028679844687610307,0.0036621955524179313,0.0005956583127426756,0.00028679844687610307,,0.013435404165195905,0.002735615954818214,0.00028679844687610307,,0.0005956583127426756,,0.002426756088951641,0.00028679844687610307,,0.005184433462760324,0.03326861983762796,0.00028679844687610307,0.008537769149311683,0.0005956583127426756,,0.0015222379103423931,0.007015531238969291,0.0030444758206847862,0.00028679844687610307,,0.0009045181786092481,0.00028679844687610307,0.8378926932580304,0.00456671373102718,0.002426756088951641,0.0012133780444758206,,0.002117896223085069,0.003353335686551359,0.0005956583127426756,,,,0.016171020120014118,0.0005956583127426756,0.0009045181786092481,,0.0005956583127426756,0.0005956583127426756
0.00028679844687610307,,0.007236145428873985,,,,0.0005735968937522061,0.0005735968937522061,0.002603247440875397,0.00028679844687610307,0.0028900458877515003,,,0.0008603953406283092,0.0014339922343805152,,,0.0011471937875044123,0.002603247440875397,0.00028679844687610307,0.0005735968937522061,,,0.0014339922343805152,0.0028900458877515003,0.00028679844687610307,0.00028679844687610307,,,,0.01449435227673844,0.01072184962936816,,,0.002316448993999294,0.0008603953406283092,0.0005735968937522061,,0.022899752912107305,0.004919696434874691,0.0005735968937522061,,0.00028679844687610307,,0.0017207906812566184,0.0017207906812566184,0.00028679844687610307,0.0031768443346276033,0.0475423579244617,0.0008603953406283092,0.011008648076244264,0.00028679844687610307,,0.002316448993999294,0.009839392869749383,0.003463642781503706,,,0.00028679844687610307,,0.7988660430638899,0.007809742322626191,0.003750441228379809,0.002316448993999294,,0.0014339922343805152,0.0028900458877515003,0.00028679844687610307,,,,0.015950405930109424,,,,,0.00028679844687610307
0.0002647370278856336,,0.009067243205082951,,,,0.002735615954818214,0.0002647370278856336,0.003022414401694317,0.0002647370278856336,0.003022414401694317,0.0005294740557712672,,0.003022414401694317,0.004103423932227321,,,0.0002647370278856336,0.0024708789269325803,,,,,0.0010810095305330038,0.003022414401694317,0.001367807977409107,,,,,0.022811507236145428,0.012089657606777268,,,0.0024708789269325803,0.0005294740557712672,0.0002647370278856336,,0.022259971761383692,0.005758030356512531,0.0002647370278856336,,0.0002647370278856336,,0.0008162725026473703,0.0005294740557712672,,0.0024708789269325803,0.05746999647017296,0.0010810095305330038,0.015950405930109424,0.0002647370278856336,0.0005294740557712672,0.0019193434521708435,0.014295799505824214,0.006044828803388634,0.0002647370278856336,,0.0005294740557712672,0.0005294740557712672,0.7676270737733851,0.003838686904341687,0.002735615954818214,0.003022414401694317,,0.0002647370278856336,0.003838686904341687,0.0008162725026473703,0.0005294740557712672,,,0.012089657606777268,0.0005294740557712672,0.0005294740557712672,0.0002647370278856336,,
0.0005074126367807977,,0.003684256971408401,,,,0.0010368866925520648,0.0013016237204376984,0.0028900458877515003,0.0005074126367807977,0.003948993999294034,0.00024267560889516414,,0.0020958348040945995,0.001566360748323332,,,0.00024267560889516414,0.0007721496646664313,,,,,0.0005074126367807977,0.002360571831980233,0.0005074126367807977,,,,,0.012641193081539005,0.01158224496999647,,,0.0013016237204376984,0.0013016237204376984,,,0.015553300388280974,0.002360571831980233,0.0005074126367807977,,0.0005074126367807977,,0.0010368866925520648,0.001566360748323332,0.0005074126367807977,0.0010368866925520648,0.03900458877515002,0.00024267560889516414,0.016347511471937876,0.00024267560889516414,,0.0007721496646664313,0.011074832333215672,0.006309565831274268,,,0.0005074126367807977,0.0010368866925520648,0.8190522414401694,0.005272679138722203,0.0026253088598658667,0.002360571831980233,,0.0005074126367807977,0.0034195199435227675,0.0007721496646664313,0.00024267560889516414,,,0.014759089304624074,0.001566360748323332,0.001566360748323332,0.00024267560889516414,,
0.0013898693963995763,,0.006949346981997882,,,,0.00416960818919873,0.0008162725026473703,0.001941404871161313,0.0005515354747617367,0.0027797387927991526,0.0008162725026473703,,0.0022061418990469467,0.00416960818919873,0.0002647370278856336,,0.0002647370278856336,0.0005515354747617367,,0.0002647370278856336,,,0.0002647370278856336,0.0024929403459230497,0.0008162725026473703,,,,,0.0186418990469467,0.015023826332509708,,,0.004721143663960466,0.0008162725026473703,,,0.018355100600070597,0.005559477585598305,0.0002647370278856336,0.0005515354747617367,0.0002647370278856336,,0.001941404871161313,0.0013898693963995763,0.0002647370278856336,0.0002647370278856336,0.054271090716554886,0.00165460642428521,0.010854218143310978,0.0002647370278856336,,0.0022061418990469467,0.00862601482527356,0.003882809742322626,0.0002647370278856336,,0.0008162725026473703,,0.7794740557712672,0.007236145428873985,0.0027797387927991526,0.0027797387927991526,,,0.0027797387927991526,0.0013898693963995763,,,,0.019193434521708436,0.0022061418990469467,0.0005515354747617367,,,
0.0016766678432756795,,0.010611542534415814,,,,0.0013898693963995763,0.0002647370278856336,0.0039048711613130956,0.0002647370278856336,0.004456406636074832,0.001941404871161313,,0.002515001764913519,0.002515001764913519,0.0002647370278856336,,0.0013898693963995763,0.002515001764913519,,0.0008383339216378397,,,0.0002647370278856336,0.004191669608189199,0.0008383339216378397,,,,,0.015928344511118957,0.013413342746205436,,,0.003353335686551359,0.0005515354747617367,0.002515001764913519,,0.020958348040945995,0.006419872926226615,0.0005515354747617367,0.0002647370278856336,0.0008383339216378397,,0.0011030709495234734,0.0011030709495234734,0.0002647370278856336,0.005294740557712672,0.060977762089657606,0.0013898693963995763,0.01817860924814684,,0.0002647370278856336,0.0016766678432756795,0.012575008824567597,0.0047432050829509355,0.0002647370278856336,0.0005515354747617367,0.0005515354747617367,0.0002647370278856336,0.739564948817508,0.006706671373102718,0.0027797387927991526,0.005030003529827038,,0.0011030709495234734,0.004191669608189199,0.0002647370278856336,,,,0.022083480409459937,0.002228203318037416,0.001941404871161313,,0.0002647370278856336,
0.0005735968937522061,,0.016810801270737735,,,,0.004699082244969997,0.0005735968937522061,0.008537769149311683,0.0005735968937522061,0.002647370278856336,0.0014560536533709848,,0.005007942110836569,0.0011692552064948816,0.00028679844687610307,,0.0008824567596187787,0.0011692552064948816,,0.0011692552064948816,,,0.0011692552064948816,0.0035298270384751147,0.0008824567596187787,,,,,0.02565743028591599,0.013567772679138721,,,0.0023385104129897633,0.0005735968937522061,0.0005735968937522061,,0.02773120367102012,0.0070596540769502295,0.0017649135192375574,0.00028679844687610307,0.00028679844687610307,,0.002934168725732439,0.0005735968937522061,0.0017649135192375574,0.007368513942816802,0.06874338157430286,0.005890398870455347,0.020936286621955524,,0.00028679844687610307,0.0011692552064948816,0.009729085774797036,0.006772855630074126,0.0011692552064948816,,0.00028679844687610307,0.0008824567596187787,0.6860660077656195,0.010611542534415814,0.002934168725732439,0.005890398870455347,,0.0011692552064948816,0.0017649135192375574,0.0011692552064948816,0.00028679844687610307,,,0.028304800564772328,0.0014560536533709848,,0.0005735968937522061,0.00028679844687610307,
0.0008824567596187787,,0.01409724673490999,,,,0.0017869749382280267,0.0005956583127426756,0.0035960112954465232,0.0030003529827038475,0.003882809742322626,0.0015001764913519238,,0.003882809742322626,0.0011913166254853512,0.00028679844687610307,,0.0005956583127426756,0.0030003529827038475,,0.00028679844687610307,,,0.0005956583127426756,0.0015001764913519238,0.0020958348040945995,,,,,0.02431168372749735,0.013501588422167313,,,0.0008824567596187787,0.0008824567596187787,0.00028679844687610307,,0.025811860218849278,0.007500882456759618,0.0011913166254853512,0.00028679844687610307,0.00028679844687610307,,0.0011913166254853512,0.0005956583127426756,0.0005956583127426756,0.0053829862336745495,0.04740998941051888,0.0015001764913519238,0.011096893752206141,,0.00028679844687610307,0.0023826332509707024,0.007500882456759618,0.0023826332509707024,0.0005956583127426756,,0.0008824567596187787,,0.7525150017649135,0.0035960112954465232,0.004500529474055771,0.0071920225908930465,,0.0015001764913519238,0.005096187786798447,0.0011913166254853512,,,,0.022811507236145428,0.0015001764913519238,,0.00028679844687610307,,0.00028679844687610307
0.0005735968937522061,,0.010699788210377691,0.00028679844687610307,,,0.005052064948817508,,0.005052064948817508,0.00028679844687610307,0.0020737733851041297,0.002360571831980233,,0.0026694316978468054,0.0026694316978468054,,,0.00028679844687610307,0.0026694316978468054,,,,,0.0008824567596187787,0.002360571831980233,0.0014781150723614542,,,,,0.02320861277797388,0.01279562301447229,,,0.0008824567596187787,0.00028679844687610307,0.00028679844687610307,,0.01992146134839393,0.002360571831980233,0.0005735968937522061,0.00028679844687610307,0.00028679844687610307,,0.002360571831980233,0.0011692552064948816,0.0008824567596187787,0.004147546770208259,0.055638898693963997,0.0020737733851041297,0.014273738086833744,,0.00028679844687610307,0.0020737733851041297,0.012486763148605718,0.006839039887045535,,0.00028679844687610307,0.00028679844687610307,0.0008824567596187787,0.7515001764913519,0.0071258383339216375,0.004456406636074832,0.003551888457465584,,0.0020737733851041297,0.0047432050829509355,0.0014781150723614542,,,,0.019634662901517826,0.0008824567596187787,0.00028679844687610307,0.00028679844687610307,,
,,0.006530180021178962,0.0002647370278856336,,0.0005294740557712672,0.002448817507942111,0.0005294740557712672,0.005978644546417226,0.0008162725026473703,0.0021620190610660076,0.0013457465584186374,,0.003265090010589481,0.004346099541122485,0.0021620190610660076,,,0.0005294740557712672,,,,,0.0008162725026473703,0.002448817507942111,0.0054491704906459585,,,,,0.01906106600776562,0.012266148958701024,,,0.0016325450052947406,0.0005294740557712672,,,0.018244793505118248,0.004346099541122485,0.0002647370278856336,0.0005294740557712672,0.0002647370278856336,0.0002647370278856336,0.0010810095305330038,,0.0016325450052947406,0.002978291563713378,0.039512001411930814,,0.008162725026473703,,0.0002647370278856336,0.0018972820331803742,0.018244793505118248,0.005162372043769855,0.0002647370278856336,,0.0002647370278856336,0.0008162725026473703,0.7890266501941405,0.004346099541122485,0.003265090010589481,0.0010810095305330038,,0.0021620190610660076,0.004081362513236851,0.0010810095305330038,0.0002647370278856336,0.0002647370278856336,,0.014428168019767032,0.0016325450052947406,0.0005294740557712672,0.0002647370278856336,,0.0002647370278856336
0.0005735968937522061,,0.007897987998588069,0.00028679844687610307,0.00028679844687610307,,0.0017428521002470878,0.0005735968937522061,0.0031989057536180726,0.00028679844687610307,0.0026253088598658667,0.0011692552064948816,0.00028679844687610307,0.004081362513236851,0.0017428521002470878,,,,0.0005735968937522061,,0.00028679844687610307,,,0.0005735968937522061,0.0017428521002470878,0.0017428521002470878,,,,,0.021355453582774443,0.01081009530533004,,,0.0014560536533709848,0.0008603953406283092,,,0.023407165548888106,0.004081362513236851,0.0005735968937522061,0.00028679844687610307,0.00028679844687610307,,0.0031989057536180726,0.0005735968937522061,0.00028679844687610307,0.004390222379103424,0.058528944581715495,0.00028679844687610307,0.012575008824567597,,,0.0026253088598658667,0.014626720790681256,0.005846276032474409,,0.0008603953406283092,0.0005735968937522061,,0.758692199082245,0.008780444758206848,0.004677020825979527,0.0011692552064948816,,0.0023385104129897633,0.0031989057536180726,0.0023385104129897633,,,,0.018730144722908577,0.0011692552064948816,0.0017428521002470878,,,
0.00028679844687610307,,0.01407518531591952,,,,0.0053829862336745495,,0.0044784680550653015,0.0032871514295799505,0.0023826332509707024,0.0017869749382280267,0.00028679844687610307,0.0026914931168372748,0.0017869749382280267,0.00028679844687610307,,,0.0020958348040945995,,0.00028679844687610307,,,0.0008824567596187787,0.0020958348040945995,0.0014781150723614542,0.00028679844687610307,,,,0.021267207906812566,0.011074832333215672,,,0.0017869749382280267,0.0008824567596187787,0.0005956583127426756,,0.022480585951288386,0.003882809742322626,0.0005956583127426756,0.0020958348040945995,0.00028679844687610307,,0.0023826332509707024,,,0.0026914931168372748,0.05755824214613484,0.0011913166254853512,0.01078803388633957,,0.00028679844687610307,0.004191669608189199,0.017980056477232616,0.0053829862336745495,,0.00028679844687610307,0.0005956583127426756,0.00028679844687610307,0.7352409106953759,0.006574302859159901,0.0053829862336745495,0.005096187786798447,,0.0026914931168372748,0.002978291563713378,0.0032871514295799505,0.00028679844687610307,,,0.022480585951288386,0.0023826332509707024,0.0008824567596187787,,0.00028679844687610307,
0.0005294740557712672,,0.016413695728909283,,,,0.003750441228379809,,0.006441934345217084,0.00456671373102718,0.004831450758912813,0.003220967172608542,0.0002647370278856336,0.004037239675255913,0.003220967172608542,0.0010589481115425344,,0.0005294740557712672,0.002404694669961172,,0.0010589481115425344,,,0.0007942110836569008,0.0026914931168372748,0.0002647370278856336,,,,0.0005294740557712672,0.021796681962583834,0.011295446523120367,,,0.001610483586304271,0.0018752206141899046,,,0.020450935404165194,0.011824920578891633,0.0013457465584186374,0.0010589481115425344,0.0002647370278856336,,0.0010589481115425344,0.0002647370278856336,0.0007942110836569008,0.0018752206141899046,0.06730938933992234,0.003220967172608542,0.02071567243205083,0.0002647370278856336,,0.0034857042004941756,0.019634662901517826,0.011030709495234733,0.0007942110836569008,,0.001610483586304271,0.002139957642075538,0.6696302506177197,0.012111719025767737,0.007522943875750089,0.004301976703141546,,0.0013457465584186374,0.002404694669961172,0.0026914931168372748,,,,0.03445993646311331,0.002139957642075538,0.0002647370278856336,,0.0002647370278856336,0.0005294740557712672
0.0021840804800564773,,0.013148605718319802,,,,0.004368160960112955,0.0002647370278856336,0.004368160960112955,0.003551888457465584,0.006574302859159901,0.002735615954818214,,0.005735968937522061,0.002735615954818214,0.0021840804800564773,,,0.0018972820331803742,,0.0030003529827038475,,,,0.002735615954818214,,,,,,0.02929756441934345,0.014781150723614543,,,0.002735615954818214,0.003551888457465584,,,0.024929403459230497,0.012861807271443699,,0.0010810095305330038,,,0.0018972820331803742,0.0005294740557712672,0.0008162725026473703,0.0030003529827038475,0.07121426050123544,0.0021840804800564773,0.03176844334627603,0.0005294740557712672,,0.0008162725026473703,0.023539534062830922,0.006287504412283798,0.001367807977409107,,0.0002647370278856336,0.002448817507942111,0.6355674196964347,0.011758736321920225,0.006287504412283798,0.006839039887045535,,0.0016325450052947406,0.0032871514295799505,0.004368160960112955,,,,0.03287151429579951,0.004654959406989057,0.0010810095305330038,,0.0002647370278856336,
0.0011692552064948816,,0.010567419696434875,,,,0.007920049417578538,0.0005735968937522061,0.0017428521002470878,0.004103423932227321,0.004985880691846099,0.0037945640663607483,,0.004985880691846099,0.0014560536533709848,0.004390222379103424,,0.0005735968937522061,0.00028679844687610307,0.00028679844687610307,0.0005735968937522061,0.00028679844687610307,,0.0008603953406283092,0.0008603953406283092,0.00028679844687610307,,,,,0.020252382633250972,0.014384045181786093,,,0.00028679844687610307,0.0017428521002470878,,,0.01936992587363219,0.006441934345217084,,0.0008603953406283092,0.00028679844687610307,,0.0008603953406283092,,0.0014560536533709848,0.0026253088598658667,0.05047652665019414,0.009376103070949524,0.015244440522414401,0.00028679844687610307,,,0.013501588422167313,0.005868337451464878,0.0008603953406283092,,0.0008603953406283092,0.0020517119661136603,0.7386824920578892,0.005272679138722203,0.003220967172608542,0.005559477585598305,,0.0023385104129897633,0.0020517119661136603,0.0026253088598658667,,,,0.020825979527003175,0.0020517119661136603,0.00028679844687610307,,0.00028679844687610307,
0.0020737733851041297,,0.007545005294740558,,,,0.005713907518531592,,0.002603247440875397,0.0005074126367807977,0.0020737733851041297,,0.00024267560889516414,0.010412989763501588,0.0031106600776561947,0.0023385104129897633,,0.0013016237204376984,0.0010368866925520648,,0.00024267560889516414,,,0.0005074126367807977,0.0010368866925520648,0.00024267560889516414,,,,,0.020053829862336746,0.013016237204376986,,,0.0007721496646664313,0.0007721496646664313,,,0.020318566890222378,0.0039048711613130956,0.0007721496646664313,,0.00024267560889516414,,0.00024267560889516414,0.0010368866925520648,0.0005074126367807977,0.0013016237204376984,0.05863925167666784,0.0010368866925520648,0.014582597952700317,,,0.0023385104129897633,0.01981115425344158,0.005713907518531592,0.00024267560889516414,,,0.0015442993293328627,0.7464039887045535,0.00416960818919873,0.002845923049770561,0.0023385104129897633,,0.0005074126367807977,0.002845923049770561,0.0015442993293328627,,,,0.028657783268619837,0.0018090363572184963,0.0010368866925520648,,,
0.0007942110836569008,,0.009420225908930463,,,0.0002647370278856336,0.0029562301447229084,,0.0053829862336745495,0.0010589481115425344,0.001610483586304271,,0.0002647370278856336,0.007787680903635722,0.0018752206141899046,0.0010589481115425344,,,0.001610483586304271,,,,,0.0005294740557712672,0.0013457465584186374,0.0018752206141899046,,,,,0.01989939992940346,0.014803212142605012,,,0.001610483586304271,0.0005294740557712672,,,0.025833921637839746,0.004831450758912813,,,0.0002647370278856336,,0.0002647370278856336,0.0013457465584186374,0.0002647370278856336,0.0013457465584186374,0.06216907871514296,0.0013457465584186374,0.014251676667843275,,,0.0018752206141899046,0.025017649135192374,0.007787680903635722,0.0002647370278856336,,,0.002139957642075538,0.7212319096364278,0.008868690434168726,0.003220967172608542,0.0018752206141899046,,0.0010589481115425344,0.003220967172608542,0.0018752206141899046,0.0002647370278856336,,,0.0330921284857042,0.0013457465584186374,0.0002647370278856336,,,
,,0.007589128132721497,,,,0.002978291563713378,0.0002647370278856336,0.004346099541122485,0.0013457465584186374,0.0027135545358277446,0.0002647370278856336,,0.00869219908224497,0.0007942110836569008,0.0007942110836569008,,0.0005294740557712672,0.0007942110836569008,,0.0002647370278856336,,,0.0005294740557712672,0.0007942110836569008,0.0002647370278856336,,,,,0.022811507236145428,0.012486763148605718,,,0.0013457465584186374,0.0007942110836569008,,,0.0236277797387928,0.006508118602188493,0.0007942110836569008,,0.0002647370278856336,,0.0005294740557712672,0.0002647370278856336,0.0005294740557712672,0.0032430285915990118,0.06684609954112249,0.0018972820331803742,0.015200317684433463,,0.0010810095305330038,0.002426756088951641,0.03205524179315213,0.01032474408753971,,,0.0002647370278856336,0.0021620190610660076,0.7070243558065655,0.006243381574302859,0.006243381574302859,0.0035298270384751147,,0.0002647370278856336,0.0027135545358277446,0.0021620190610660076,,,,0.029341687257324393,0.0021620190610660076,0.0018972820331803742,,,
,,0.014626720790681256,,,,0.004324038122132015,,0.0026914931168372748,0.0013457465584186374,0.004588775150017649,,,0.005956583127426756,0.0010810095305330038,0.0018972820331803742,,0.0007942110836569008,0.001610483586304271,,0.002978291563713378,,,0.005691846099541122,0.0002647370278856336,0.0007942110836569008,,,,,0.016259265795976,0.012199964701729616,,0.0002647370278856336,0.0005294740557712672,0.0002647370278856336,,,0.02331891987292623,0.007302329685845393,0.0005294740557712672,0.0002647370278856336,0.0005294740557712672,,0.0005294740557712672,0.0035077656194846454,0.0002647370278856336,0.002978291563713378,0.06966996117190258,0.0021620190610660076,0.01950229438757501,,0.0018972820331803742,0.0026914931168372748,0.02656194846452524,0.008934874691140134,0.0002647370278856336,,0.0002647370278856336,0.0032430285915990118,0.6840804800564773,0.012729438757500882,0.0048755735968937525,0.0021620190610660076,,0.0005294740557712672,0.002978291563713378,0.0010810095305330038,0.0005294740557712672,0.0002647370278856336,,0.03470261207200847,0.0026914931168372748,0.0007942110836569008,,,
,,0.011295446523120367,,,,0.003860748323332157,,0.003022414401694317,0.0027576773738086833,0.00165460642428521,0.0011030709495234734,,0.00661842569714084,0.0024708789269325803,0.0011030709495234734,,,0.00165460642428521,,0.0002647370278856336,,,0.0005515354747617367,0.0008162725026473703,0.0002647370278856336,,,,,0.020958348040945995,0.011846981997882105,,,0.0002647370278856336,0.0002647370278856336,,,0.02481909636427815,0.01239851747264384,0.0002647370278856336,0.0008162725026473703,0.0002647370278856336,0.0002647370278856336,0.0008162725026473703,0.0011030709495234734,0.0011030709495234734,0.004677020825979527,0.07004500529474056,0.00165460642428521,0.02067154959406989,0.001367807977409107,0.0002647370278856336,0.0035739498764560534,0.019303741616660784,0.007721496646664314,0.0002647370278856336,,0.0005515354747617367,0.00412548535121779,0.6762927991528416,0.015442993293328627,0.005228556300741264,0.0055153547476173665,,0.001367807977409107,0.004677020825979527,0.0035739498764560534,0.0005515354747617367,,,0.03776914931168373,0.0024708789269325803,,,,0.0002647370278856336
,,0.01895075891281327,0.0002647370278856336,0.0002647370278856336,,0.003882809742322626,,0.004456406636074832,0.0024929403459230497,0.005846276032474409,0.0008162725026473703,,0.007522943875750089,0.0024929403459230497,,,0.0005515354747617367,0.0013898693963995763,,0.00165460642428521,,,0.0008162725026473703,0.0013898693963995763,0.0002647370278856336,,,,,0.020892163783974585,0.013920755382986233,,,0.0008162725026473703,0.0002647370278856336,,,0.02563536886692552,0.011141016590187082,,0.001941404871161313,0.0008162725026473703,0.0002647370278856336,0.00165460642428521,0.002228203318037416,0.0008162725026473703,0.005846276032474409,0.08138457465584187,0.0033312742675608896,0.020892163783974585,0.0002647370278856336,0.0002647370278856336,0.00165460642428521,0.027576773738086834,0.008361277797387929,0.0005515354747617367,,0.0013898693963995763,0.003882809742322626,0.6410165901870808,0.010015884221673137,0.005846276032474409,0.005294740557712672,,0.0013898693963995763,0.004456406636074832,0.00165460642428521,0.00165460642428521,,,0.0367763854571126,0.0027797387927991526,0.0002647370278856336,,,
,,0.011869043416872574,,0.0008383339216378397,,0.0036621955524179313,,0.0014119308153900459,0.004809389339922344,0.002537063183903989,0.0022502647370278854,,0.008184786445464172,0.0022502647370278854,0.0002647370278856336,,0.0002647370278856336,0.0019634662901517825,,0.0002647370278856336,,,0.0008383339216378397,0.0014119308153900459,0.0002647370278856336,,,,,0.02404694669961172,0.01612689728203318,,,0.0011251323685139427,0.0002647370278856336,,,0.027157606777267914,0.01158224496999647,,0.0014119308153900459,0.0008383339216378397,,0.0014119308153900459,0.0002647370278856336,0.0011251323685139427,0.00536092481468408,0.06450758912813272,0.0028238616307800918,0.01158224496999647,,,0.0011251323685139427,0.030819802329685845,0.005074126367807978,0.0002647370278856336,,0.0014119308153900459,0.0022502647370278854,0.6924417578538651,0.0070596540769502295,0.003948993999294034,0.004235792446170138,,0.0011251323685139427,0.008758383339216379,0.0022502647370278854,0.0002647370278856336,,,0.02404694669961172,0.0016766678432756795,0.0002647370278856336,,,0.0002647370278856336
0.0002647370278856336,,0.00540504765266502,0.0002647370278856336,0.0002647370278856336,0.0002647370278856336,0.0032430285915990118,,0.001610483586304271,0.0007942110836569008,0.0021620190610660076,0.0007942110836569008,,0.00540504765266502,0.0010810095305330038,0.0002647370278856336,,,0.0007942110836569008,0.0002647370278856336,,,,0.0010810095305330038,0.0018752206141899046,0.0005294740557712672,,,,,0.016215142957995057,0.011891104835863043,,,0.0010810095305330038,0.0007942110836569008,,,0.020803918108012708,0.005934521708436287,0.0010810095305330038,0.0010810095305330038,0.0002647370278856336,0.0002647370278856336,0.0007942110836569008,0.0007942110836569008,0.0013457465584186374,0.004037239675255913,0.05325626544299329,0.0007942110836569008,0.019722908577479704,0.0002647370278856336,,0.001610483586304271,0.03243028591599011,0.00783180374161666,0.0013457465584186374,0.0002647370278856336,,0.0018752206141899046,0.7287769149311685,0.013766325450052947,0.005118249205788916,0.0032430285915990118,,0.0005294740557712672,0.0035077656194846454,0.003772502647370279,0.0005294740557712672,,,0.025127956230144723,0.0021620190610660076,0.0007942110836569008,,,0.0005294740557712672
,,0.007478821037769149,0.0002647370278856336,0.0002647370278856336,0.0002647370278856336,0.002139957642075538,,0.001323685139428168,0.002404694669961172,0.003463642781503706,0.0005294740557712672,,0.006133074479350512,0.0015884221673138016,0.0005294740557712672,,0.0002647370278856336,0.0005294740557712672,0.0002647370278856336,,,,0.0002647370278856336,0.0010589481115425344,0.0007942110836569008,,,,,0.01738439816448994,0.014428168019767032,,,0.0007942110836569008,,,,0.019789092834451114,0.004809389339922344,,0.0002647370278856336,0.0002647370278856336,,0.0010589481115425344,0.0005294740557712672,0.0005294740557712672,0.002404694669961172,0.051094246381927284,0.0007942110836569008,0.016303388633956938,,,0.0010589481115425344,0.03529827038475115,0.009883515707730321,,0.0005294740557712672,,0.002139957642075538,0.7352629721143664,0.008559830568302153,0.00372837980938934,0.0015884221673138016,,0.0007942110836569008,0.003463642781503706,0.002404694669961172,0.0002647370278856336,0.0002647370278856336,,0.03183462760324744,0.0018531591951994352,0.0007942110836569008,,,0.0002647370278856336
,,0.008912813272149664,,0.0002647370278856336,,0.003772502647370279,,0.0026914931168372748,0.0018752206141899046,0.0026914931168372748,0.0018752206141899046,,0.004588775150017649,0.0021620190610660076,0.0007942110836569008,,0.0002647370278856336,0.001610483586304271,,0.0002647370278856336,,,0.0010810095305330038,0.0007942110836569008,0.0005294740557712672,,,,,0.02435580656547829,0.012707377338510413,,,0.0005294740557712672,0.0005294740557712672,,,0.025436816096011297,0.0062213201553123895,0.0005294740557712672,0.0005294740557712672,0.0005294740557712672,,0.0007942110836569008,0.0005294740557712672,0.0010810095305330038,0.0018752206141899046,0.06439728203318038,0.0007942110836569008,0.023804271090716554,,,0.002426756088951641,0.034901164842922695,0.0026914931168372748,0.0002647370278856336,,,0.0005294740557712672,0.7009354041651958,0.011891104835863043,0.0035077656194846454,0.0032430285915990118,,0.0002647370278856336,0.0035077656194846454,0.0013457465584186374,0.0005294740557712672,,,0.03110660077656195,0.0010810095305330038,0.002426756088951641,,,0.0005294740557712672
,,0.013060360042357924,0.0002647370278856336,,,0.004346099541122485,,0.0037945640663607483,0.0018972820331803742,0.0027135545358277446,0.0005294740557712672,,0.006530180021178962,0.0021620190610660076,0.0013457465584186374,0.0005294740557712672,0.0005294740557712672,0.0016325450052947406,,0.0005294740557712672,,,0.0013457465584186374,0.0005294740557712672,0.0002647370278856336,,,,,0.01985527709142252,0.011692552064948817,0.0002647370278856336,,0.0005294740557712672,0.0013457465584186374,,,0.02393663960465937,0.006530180021178962,0.0005294740557712672,0.0008162725026473703,0.0002647370278856336,,0.0002647370278856336,0.0002647370278856336,0.0005294740557712672,0.004897635015884222,0.06638280974232262,,0.025569184609954113,0.0005294740557712672,,0.005978644546417226,0.03944581715495941,0.007611189551711966,0.0013457465584186374,,0.0008162725026473703,0.0016325450052947406,0.6717260854218143,0.008978997529121072,0.0070596540769502295,0.0013457465584186374,,0.0010810095305330038,0.0035298270384751147,0.0018972820331803742,0.0008162725026473703,,,0.03591599011648429,0.0018972820331803742,0.002448817507942111,,,0.0002647370278856336
,,0.01160430638898694,,0.00024267560889516414,,0.005669784680550653,,0.002316448993999294,0.0005074126367807977,0.004897635015884222,0.0007721496646664313,,0.007478821037769149,0.0030885986586657254,0.0015442993293328627,,,0.0007721496646664313,,0.00024267560889516414,,,0.0015442993293328627,0.0010148252735615955,0.0007721496646664313,,,,,0.01780356512530886,0.011361630780091775,,,0.0005074126367807977,0.001279562301447229,,,0.014714966466643135,0.005162372043769855,0.00024267560889516414,0.0005074126367807977,0.00024267560889516414,,0.0007721496646664313,0.0015442993293328627,0.001279562301447229,0.006706671373102718,0.06066890222379103,0.0017869749382280267,0.021421637839745853,0.0005074126367807977,,0.003860748323332157,0.030709495234733496,0.007478821037769149,0.001279562301447229,0.00024267560889516414,0.001279562301447229,0.0025811860218849275,0.6916696081891986,0.009795270031768444,0.006706671373102718,0.0020517119661136603,,0.0007721496646664313,0.006441934345217084,0.0015442993293328627,0.0005074126367807977,,,0.03948993999294034,0.0028238616307800918,0.0017869749382280267,,,
0.0007942110836569008,,0.01321478997529121,,0.0002647370278856336,0.0005294740557712672,0.005118249205788916,,0.003772502647370279,0.004588775150017649,0.001610483586304271,0.0005294740557712672,,0.005118249205788916,0.0018752206141899046,0.0002647370278856336,,0.0005294740557712672,0.001610483586304271,0.0002647370278856336,0.0002647370278856336,,,0.0007942110836569008,0.0005294740557712672,0.0002647370278856336,,,,,0.022943875750088244,0.01078803388633957,0.0007942110836569008,,0.0010589481115425344,0.0005294740557712672,,,0.0194361101306036,0.01078803388633957,0.0005294740557712672,0.0013457465584186374,0.0002647370278856336,0.0010589481115425344,0.0010589481115425344,0.0002647370278856336,0.0013457465584186374,0.006728732792093187,0.07719290504765267,0.005118249205788916,0.03265090010589481,0.0007942110836569008,,0.002139957642075538,0.039401694316978465,0.008096540769502295,0.002139957642075538,0.0002647370278856336,0.0007942110836569008,0.006463995764207554,0.6121161313095658,0.01160430638898694,0.006728732792093187,0.003220967172608542,,0.0005294740557712672,0.004037239675255913,0.004853512177903282,0.0002647370278856336,,,0.0572273208612778,0.001610483586304271,0.0018752206141899046,,,
0.0010589481115425344,,0.00827303212142605,,,0.0002647370278856336,0.005603600423579245,,0.003993116837274974,0.0015884221673138016,0.004257853865160607,0.0005294740557712672,0.0002647370278856336,0.006662548535121779,0.001323685139428168,,,,0.0015884221673138016,0.0002647370278856336,0.0010589481115425344,0.0002647370278856336,,0.001323685139428168,0.001323685139428168,0.0002647370278856336,,,,,0.027267913872220263,0.013898693963995764,,,0.0002647370278856336,0.0002647370278856336,,,0.02351747264384045,0.005868337451464878,0.0007942110836569008,0.0010589481115425344,0.0002647370278856336,0.0005294740557712672,0.0005294740557712672,0.0002647370278856336,0.0010589481115425344,0.008802506177197317,0.07057447935051182,0.003993116837274974,0.019767031415460642,0.0002647370278856336,,0.0031989057536180726,0.02272326156018355,0.006949346981997882,0.002404694669961172,,0.001323685139428168,0.0018531591951994352,0.6790945993646311,0.008008295093540417,0.006949346981997882,0.00454465231203671,,0.0007942110836569008,0.004809389339922344,0.0026694316978468054,0.0007942110836569008,0.0002647370278856336,,0.0302020825979527,0.002934168725732439,0.0010589481115425344,,0.0002647370278856336,0.0002647370278856336
0.0005294740557712672,,0.007897987998588069,,,,0.0021620190610660076,,0.0035298270384751147,0.0010810095305330038,0.004346099541122485,0.0013457465584186374,,0.0054491704906459585,0.0021620190610660076,,,,0.0027135545358277446,,,,,0.0010810095305330038,0.0016325450052947406,0.0002647370278856336,,,,,0.026164842922696788,0.014163430991881398,,,0.0008162725026473703,0.0005294740557712672,,,0.021531944934698198,0.00871426050123544,,,0.0010810095305330038,,,0.0013457465584186374,0.0005294740557712672,0.002448817507942111,0.06677991528415107,0.0016325450052947406,0.02369396399576421,0.0002647370278856336,,0.002448817507942111,0.03243028591599011,0.014979703494528767,0.0027135545358277446,,0.0002647370278856336,0.0002647370278856336,0.6703141546064243,0.012530885986586656,0.004632897987998588,0.002448817507942111,,0.0010810095305330038,0.004346099541122485,0.0002647370278856336,0.0002647370278856336,,,0.04251235439463466,0.002448817507942111,0.0018972820331803742,,0.0002647370278856336,
0.0002647370278856336,,0.007633250970702435,,0.0005294740557712672,,0.0016325450052947406,0.0002647370278856336,0.0018972820331803742,0.0002647370278856336,0.0038166254853512177,0.0010810095305330038,,0.004632897987998588,0.002448817507942111,,,,0.0027135545358277446,,0.0008162725026473703,,,0.0010810095305330038,0.0016325450052947406,0.0002647370278856336,,,,,0.018553653370984823,0.014737027885633604,,,0.0002647370278856336,0.0002647370278856336,,,0.036577832686198374,0.008449523473349806,0.0002647370278856336,0.0002647370278856336,0.0010810095305330038,0.0005294740557712672,,0.0008162725026473703,0.0010810095305330038,0.004632897987998588,0.06991263678079775,0.0013457465584186374,0.025392693258030355,,,0.0030003529827038475,0.03412901517825626,0.008449523473349806,0.0021840804800564773,,0.0002647370278856336,0.0002647370278856336,0.6657033180374161,0.009817331450758913,0.0038166254853512177,0.0035298270384751147,,,0.006265442993293328,0.0027135545358277446,0.0002647370278856336,0.0002647370278856336,,0.0406812566184257,0.0013457465584186374,0.0016325450052947406,,0.0002647370278856336,0.0002647370278856336
,,0.012266148958701024,,0.0002647370278856336,,0.003993116837274974,0.0002647370278856336,0.0005294740557712672,0.0018531591951994352,0.003463642781503706,0.0023826332509707024,,0.009067243205082951,0.002117896223085069,0.0007942110836569008,,0.0005294740557712672,0.0031989057536180726,,0.0005294740557712672,0.0002647370278856336,,0.001323685139428168,0.0002647370278856336,0.0002647370278856336,,,,,0.029606424285210025,0.014384045181786093,0.0002647370278856336,,0.0007942110836569008,0.0007942110836569008,,,0.02693699258736322,0.009067243205082951,0.0005294740557712672,0.0007942110836569008,0.0002647370278856336,,0.0005294740557712672,0.0010589481115425344,0.0010589481115425344,0.003463642781503706,0.06666960818919873,0.002117896223085069,0.01945817154959407,,,0.0023826332509707024,0.030400635368866925,0.009596717260854218,0.0018531591951994352,0.0002647370278856336,,0.0002647370278856336,0.6658798093893399,0.009331980232968584,0.003993116837274974,0.001323685139428168,,0.0005294740557712672,0.0031989057536180726,0.001323685139428168,0.0005294740557712672,,,0.042931521355453583,0.002647370278856336,0.002117896223085069,,0.0002647370278856336,
,,0.008603953406283091,,0.0005074126367807977,,0.005735968937522061,,0.0023385104129897633,0.002603247440875397,0.0039048711613130956,0.0013016237204376984,,0.009640840098835157,0.0015442993293328627,0.00024267560889516414,,0.00024267560889516414,0.0015442993293328627,0.0010368866925520648,0.0013016237204376984,,,0.0015442993293328627,,,,,,,0.02111277797387928,0.011471937875044122,,,0.0010368866925520648,0.0005074126367807977,,,0.022171726085421815,0.006508118602188493,0.0007721496646664313,,0.0018090363572184963,,0.0013016237204376984,0.0010368866925520648,0.0005074126367807977,0.0020737733851041297,0.06444140487116132,0.0023385104129897633,0.021377515001764914,,,0.0013016237204376984,0.03287151429579951,0.009640840098835157,0.0013016237204376984,,0.00024267560889516414,0.00024267560889516414,0.6853600423579245,0.006772855630074126,0.003640134133427462,0.004677020825979527,,0.0007721496646664313,0.003640134133427462,0.0033753971055418283,0.0005074126367807977,,,0.041982880338863396,0.0028679844687610305,0.00024267560889516414,,,
0.0004853512177903283,0.0004853512177903283,0.011891104835863043,,,,0.0046108365690081185,,0.0021840804800564773,0.001941404871161313,0.004853512177903282,0.0012133780444758206,,0.008978997529121072,0.002426756088951641,0.0009707024355806565,,0.00024267560889516414,0.0026694316978468054,0.0009707024355806565,0.002426756088951641,,,0.0021840804800564773,0.00024267560889516414,0.0004853512177903283,,,,,0.02647370278856336,0.010677726791387222,,,0.0012133780444758206,0.0009707024355806565,,0.00024267560889516414,0.024532297917402048,0.006552241440169432,,,0.00024267560889516414,0.00024267560889516414,0.0026694316978468054,0.0009707024355806565,0.0012133780444758206,0.003154782915637134,0.08089922343805153,0.0016987292622661489,0.03423932227320861,0.00024267560889516414,0.0004853512177903283,0.003154782915637134,0.025745675961877868,0.009464348746911402,0.0014560536533709848,,0.0004853512177903283,0.0016987292622661489,0.6270296505471231,0.011891104835863043,0.005824214613483939,0.006552241440169432,,0.0014560536533709848,0.003154782915637134,0.004853512177903282,0.001941404871161313,0.0004853512177903283,,0.04348305683021532,0.003154782915637134,0.0007280268266854924,,,0.0014560536533709848
0.0005074126367807977,0.00024267560889516414,0.014119308153900459,,0.0005074126367807977,0.0005074126367807977,0.006662548535121779,,0.0020517119661136603,0.00743469819978821,0.0033312742675608896,0.001279562301447229,0.00024267560889516414,0.004346099541122485,0.0015222379103423931,0.001279562301447229,,0.0007500882456759619,0.0020517119661136603,0.0017869749382280267,0.0020517119661136603,0.0005074126367807977,,0.0022943875750088246,0.0017869749382280267,0.0010148252735615955,,,,,0.03878397458524532,0.011030709495234733,0.00024267560889516414,,0.001279562301447229,0.001279562301447229,,0.00024267560889516414,0.02234821743734557,0.012067596187786798,0.00024267560889516414,0.0007500882456759619,0.002559124602894458,,0.0028238616307800918,0.00024267560889516414,0.0007500882456759619,0.009751147193787505,0.0855541828450406,0.003838686904341687,0.02850335333568655,,0.00024267560889516414,0.002559124602894458,0.02618690434168726,0.013347158489234028,0.0007500882456759619,,0.0010148252735615955,0.006155135898340981,0.5608453935757147,0.011560183551006001,0.005118249205788916,0.006927285563007412,,0.0046108365690081185,0.004346099541122485,0.00743469819978821,0.005118249205788916,0.0017869749382280267,,0.05420490645958348,0.006155135898340981,0.001279562301447229,,,0.0017869749382280267
,0.00024267560889516414,0.011074832333215672,,,,0.005537416166607836,0.0004853512177903283,0.0027576773738086833,0.004279915284151076,0.0022502647370278854,0.0012575008824567595,,0.0020075891281327216,0.0020075891281327216,0.0020075891281327216,,,0.0022502647370278854,0.000992763854571126,0.0012575008824567595,,,0.0007500882456759619,0.000992763854571126,,,,,,0.02064948817507942,0.011317507942110836,,,0.0007500882456759619,0.000992763854571126,,0.00024267560889516414,0.024929403459230497,0.009817331450758913,,0.00024267560889516414,0.00024267560889516414,,0.0022502647370278854,0.00024267560889516414,0.000992763854571126,0.008052417931521356,0.07529562301447229,0.0015001764913519238,0.017627073773385103,0.0004853512177903283,0.00024267560889516414,0.000992763854571126,0.029959406989057535,0.006530180021178962,0.0020075891281327216,,0.0017428521002470878,0.0030003529827038475,0.6796902576773738,0.005537416166607836,0.007545005294740558,0.005272679138722203,,0.0017428521002470878,0.002515001764913519,0.0022502647370278854,0.00024267560889516414,0.0007500882456759619,,0.03145958348040946,0.0022502647370278854,0.00024267560889516414,0.00024267560889516414,,
0.00024267560889516414,,0.008206847864454641,,0.0007280268266854924,,0.00372837980938934,,0.0014781150723614542,0.0014781150723614542,0.0017428521002470878,0.0004853512177903283,,0.005471231909636428,0.0004853512177903283,0.000992763854571126,,0.0004853512177903283,0.0007280268266854924,0.00024267560889516414,0.004235792446170138,,,0.0007280268266854924,0.0014781150723614542,0.00024267560889516414,,0.00024267560889516414,,,0.01619308153900459,0.010214436992587363,,,0.000992763854571126,0.0007280268266854924,0.00024267560889516414,0.00024267560889516414,0.01370014119308154,0.005471231909636428,0.000992763854571126,0.00024267560889516414,0.0004853512177903283,,0.000992763854571126,0.00024267560889516414,0.002228203318037416,0.0062213201553123895,0.05058683374514649,0.0017428521002470878,0.02241440169431698,,0.00024267560889516414,0.002735615954818214,0.021664313448641018,0.008471584892340275,0.0004853512177903283,,0.00024267560889516414,0.0014781150723614542,0.7456097776208965,0.0044784680550653015,0.010699788210377691,0.0044784680550653015,,0.0012354394634662902,0.003220967172608542,0.002228203318037416,,,,0.02241440169431698,0.001985527709142252,0.0007280268266854924,0.00024267560889516414,,
0.00024267560889516414,,0.005735968937522061,,,,0.0039048711613130956,,0.0013016237204376984,0.0007721496646664313,0.0031106600776561947,0.0007721496646664313,,0.005206494881750794,0.0015442993293328627,0.0005074126367807977,,0.00024267560889516414,0.0013016237204376984,,0.0039048711613130956,,,0.0005074126367807977,0.0013016237204376984,0.00024267560889516414,,0.00024267560889516414,,,0.01981115425344158,0.012244087539710555,,,0.00024267560889516414,0.0007721496646664313,0.0007721496646664313,0.00024267560889516414,0.025811860218849278,0.010170314154606425,0.0010368866925520648,0.0010368866925520648,0.00024267560889516414,,,0.0015442993293328627,0.0013016237204376984,0.0023385104129897633,0.05998499823508648,0.0007721496646664313,0.01773738086833745,0.00024267560889516414,,0.00416960818919873,0.032606777267913875,0.012244087539710555,0.0007721496646664313,,0.0005074126367807977,0.0018090363572184963,0.6896620190610661,0.011736674902929756,0.00416960818919873,0.0033753971055418283,,0.0018090363572184963,0.0031106600776561947,0.0023385104129897633,0.00024267560889516414,,,0.04094599364631133,0.0028679844687610305,0.00024267560889516414,0.00024267560889516414,,
,,0.00822890928344511,0.0002647370278856336,,0.0002647370278856336,0.0037063183903988705,,0.003441581362513237,0.004235792446170138,0.004235792446170138,0.002117896223085069,0.0005294740557712672,0.006111013060360043,0.0015884221673138016,,,,0.0010589481115425344,,,,,0.0015884221673138016,0.0007942110836569008,0.0010589481115425344,,0.0002647370278856336,,,0.015134133427462055,0.011692552064948817,,,0.0002647370278856336,0.0005294740557712672,0.0010589481115425344,,0.022039357571479,0.005846276032474409,0.0005294740557712672,0.001323685139428168,0.0007942110836569008,,0.0007942110836569008,0.0005294740557712672,0.0007942110836569008,0.002647370278856336,0.0635148252735616,0.001323685139428168,0.020980409459936462,0.0005294740557712672,,0.004765266501941405,0.030025591246028945,0.013016237204376986,0.0029121073067419696,0.0002647370278856336,,0.002647370278856336,0.6925961877867983,0.007699435227673844,0.003971055418284504,0.003441581362513237,,0.0018531591951994352,0.002647370278856336,0.0007942110836569008,0.0002647370278856336,,,0.039048711613130956,0.0029121073067419696,0.0010589481115425344,0.0002647370278856336,,
,,0.011493999294034593,,,,0.005228556300741264,,0.0039048711613130956,0.0036621955524179313,0.004434345217084363,0.0010368866925520648,0.0005074126367807977,0.008096540769502295,0.003132721496646664,0.00024267560889516414,0.00024267560889516414,0.0010368866925520648,0.0007721496646664313,,0.0007721496646664313,0.00024267560889516414,,0.0010368866925520648,0.0007721496646664313,0.0018310977762089657,,0.00024267560889516414,,,0.020914225202965056,0.010192375573596894,,0.0010368866925520648,0.0005074126367807977,0.0013016237204376984,0.0007721496646664313,,0.026672255559477585,0.009398164489939994,0.00024267560889516414,0.00024267560889516414,0.0005074126367807977,,0.0005074126367807977,0.0013016237204376984,0.001566360748323332,0.003132721496646664,0.06750794211083656,0.0028679844687610305,0.02144369925873632,0.0005074126367807977,,0.0036621955524179313,0.03532033180374162,0.011493999294034593,0.0007721496646664313,,,0.0023385104129897633,0.6463995764207554,0.010192375573596894,0.006265442993293328,0.0028679844687610305,,0.0005074126367807977,0.005735968937522061,0.0013016237204376984,0.00024267560889516414,,,0.048667490292975644,0.0039048711613130956,0.0005074126367807977,,0.0005074126367807977,
0.0002647370278856336,,0.013876632545005294,0.0005294740557712672,,,0.006662548535121779,0.0002647370278856336,0.002404694669961172,0.006133074479350512,0.004809389339922344,0.001323685139428168,0.0005294740557712672,0.012552947405577128,0.005603600423579245,,,,0.001323685139428168,0.0002647370278856336,0.002117896223085069,,,0.0010589481115425344,0.0010589481115425344,0.0031989057536180726,,0.0002647370278856336,,,0.029121073067419696,0.0165460642428521,,0.0002647370278856336,0.0005294740557712672,0.0007942110836569008,0.0002647370278856336,,0.029650547123190964,0.010412989763501588,0.0005294740557712672,0.0007942110836569008,0.0005294740557712672,,0.0015884221673138016,,0.002404694669961172,0.003993116837274974,0.08442905047652666,0.0018531591951994352,0.028040063536886692,0.0002647370278856336,,0.003463642781503706,0.038188316272502645,0.014692905047652666,0.0007942110836569008,,0.0007942110836569008,0.002404694669961172,0.5667578538651605,0.013082421461348394,0.007478821037769149,0.005338863395693611,,0.001323685139428168,0.004809389339922344,0.002404694669961172,0.0005294740557712672,0.0002647370278856336,,0.056102188492763855,0.002934168725732439,0.0002647370278856336,0.0002647370278856336,0.0010589481115425344,0.0007942110836569008
,0.00024267560889516414,0.015244440522414401,0.0005074126367807977,0.00024267560889516414,,0.010258559830568302,0.0005074126367807977,0.005780091775503001,0.003154782915637134,0.006574302859159901,0.0018310977762089657,0.0007721496646664313,0.024995587716201906,0.004985880691846099,,,0.0005074126367807977,0.0018310977762089657,0.00024267560889516414,0.0034195199435227675,,,0.0010368866925520648,0.001566360748323332,0.002360571831980233,,0.00024267560889516414,,,0.02867984468761031,0.014737027885633604,,,0.0013016237204376984,0.0007721496646664313,0.0007721496646664313,,0.027620896576067772,0.013413342746205436,0.0005074126367807977,0.0018310977762089657,0.00024267560889516414,0.00024267560889516414,0.002360571831980233,0.0007721496646664313,0.0034195199435227675,0.008934874691140134,0.09237116131309565,0.0055153547476173665,0.038673667490292975,0.00024267560889516414,,0.004985880691846099,0.06764031062477939,0.009199611719025768,0.003926932580303565,0.00024267560889516414,0.001566360748323332,0.004191669608189199,0.47151870808330376,0.012619131662548536,0.009993822802682668,0.009464348746911402,,0.003684256971408401,0.004191669608189199,0.003926932580303565,0.0005074126367807977,0.0007721496646664313,,0.05552859159901165,0.005250617719731733,0.0007721496646664313,,0.0013016237204376984,
0.0005294740557712672,,0.014273738086833744,0.0002647370278856336,,,0.00456671373102718,,0.006993469819978821,0.004037239675255913,0.006463995764207554,0.001610483586304271,0.0002647370278856336,0.018862513236851394,0.0010589481115425344,,,,0.0013457465584186374,,0.003220967172608542,0.0002647370278856336,,0.0010589481115425344,0.0018752206141899046,0.0010589481115425344,,0.0002647370278856336,,,0.020495058242146137,0.010765972467349099,,,0.0010589481115425344,0.0005294740557712672,0.0005294740557712672,,0.018333039181080125,0.010501235439463467,0.0005294740557712672,0.0005294740557712672,0.0002647370278856336,,0.0010589481115425344,0.001610483586304271,0.002139957642075538,0.004301976703141546,0.0703759265795976,0.0018752206141899046,0.015090010589481116,0.0002647370278856336,0.0002647370278856336,0.002139957642075538,0.0493513942816802,0.005912460289445817,0.0026914931168372748,,0.0010589481115425344,0.003220967172608542,0.6268752206141899,0.011846981997882105,0.0029562301447229084,0.005912460289445817,,0.0013457465584186374,0.004037239675255913,0.0034857042004941756,0.0005294740557712672,0.0002647370278856336,,0.04555683021531945,0.0026914931168372748,0.0005294740557712672,,0.0010589481115425344,
,,0.01197935051182492,,,,0.003463642781503706,0.0005294740557712672,0.0031989057536180726,0.0010589481115425344,0.003993116837274974,0.0007942110836569008,0.0002647370278856336,0.009861454288739852,0.002117896223085069,0.0007942110836569008,,,0.0029121073067419696,,,,,0.0007942110836569008,0.001323685139428168,0.0018531591951994352,,,,,0.028790151782562654,0.0170534768796329,,,0.0005294740557712672,0.0007942110836569008,0.0002647370278856336,,0.02532650900105895,0.00825097070243558,0.0010589481115425344,0.0002647370278856336,0.0005294740557712672,,0.0002647370278856336,0.0010589481115425344,0.001323685139428168,0.0010589481115425344,0.0687875044122838,0.0010589481115425344,0.01945817154959407,,,0.002117896223085069,0.03412901517825626,0.008515707730321214,0.0010589481115425344,,0.0002647370278856336,0.001323685139428168,0.6577391457818567,0.016788739851747263,0.003463642781503706,0.002117896223085069,,0.0010589481115425344,0.0029121073067419696,0.001323685139428168,0.0002647370278856336,0.0002647370278856336,,0.04132103776914931,0.003993116837274974,0.0002647370278856336,,,0.0002647370278856336
,,0.012773561595481821,,0.0005294740557712672,0.0002647370278856336,0.0021620190610660076,0.0005294740557712672,0.0037945640663607483,0.0016325450052947406,0.006243381574302859,0.0008162725026473703,,0.009243734557006706,0.0027135545358277446,,0.0002647370278856336,0.0002647370278856336,0.0010810095305330038,,,,,0.0018972820331803742,0.0013457465584186374,0.002978291563713378,,,,,0.023385104129897635,0.012244087539710555,,,0.0010810095305330038,0.0005294740557712672,,0.0002647370278856336,0.027466466643134485,0.0078759265795976,0.0002647370278856336,,0.0005294740557712672,0.0018972820331803742,,0.0005294740557712672,0.002448817507942111,0.0018972820331803742,0.05740381221320155,0.0008162725026473703,0.022568831627250263,,,0.0021620190610660076,0.03509971761383692,0.011141016590187082,0.0005294740557712672,,,,0.6831980232968585,0.011692552064948817,0.004346099541122485,0.003265090010589481,,0.0008162725026473703,0.002978291563713378,0.0002647370278856336,0.0005294740557712672,0.0005294740557712672,,0.03183462760324744,0.0013457465584186374,,,,0.0005294740557712672
,,0.01202347334980586,,,0.0005294740557712672,0.004368160960112955,0.0005294740557712672,0.006000705965407695,0.0018972820331803742,0.006000705965407695,0.0005294740557712672,,0.007920049417578538,0.003551888457465584,,,0.0002647370278856336,0.002448817507942111,,,,,0.0016325450052947406,0.0013457465584186374,0.0016325450052947406,,,,,0.02567949170490646,0.014759089304624074,,,0.0010810095305330038,0.0008162725026473703,,0.0002647370278856336,0.029518178609248148,0.008471584892340275,0.0010810095305330038,,0.0005294740557712672,0.0005294740557712672,0.0005294740557712672,0.0002647370278856336,0.0021840804800564773,0.0021840804800564773,0.06395605365337098,0.0016325450052947406,0.020208259795270033,,0.0010810095305330038,0.003265090010589481,0.03798976350158842,0.009839392869749383,0.0002647370278856336,,0.0002647370278856336,,0.667247617366749,0.010920402400282386,0.0038166254853512177,0.003265090010589481,,0.0016325450052947406,0.003551888457465584,0.0021840804800564773,,,,0.02815037063183904,0.0016325450052947406,0.0005294740557712672,,,
,,0.011560183551006001,,0.0005294740557712672,,0.007787680903635722,0.0007942110836569008,0.0053829862336745495,0.004037239675255913,0.008868690434168726,0.0010589481115425344,,0.008603953406283091,0.003750441228379809,,,,0.002404694669961172,0.0002647370278856336,0.001610483586304271,,,0.002139957642075538,0.0007942110836569008,0.001610483586304271,,0.0002647370278856336,,,0.02931962583833392,0.012376456053653371,,,0.0013457465584186374,,0.0002647370278856336,0.0002647370278856336,0.024752912107306742,0.011824920578891633,0.001610483586304271,0.0002647370278856336,0.0002647370278856336,,0.0002647370278856336,0.0002647370278856336,0.0013457465584186374,0.004301976703141546,0.06728732792093188,0.0010589481115425344,0.02314242852100247,,0.0002647370278856336,0.0053829862336745495,0.032827391457818565,0.008074479350511825,0.0002647370278856336,,,0.0010589481115425344,0.6313757500882456,0.01614895870102365,0.006993469819978821,0.00456671373102718,,0.0018752206141899046,0.004037239675255913,0.0013457465584186374,,,,0.04143134486410166,0.002404694669961172,0.0005294740557712672,,,
0.0002647370278856336,,0.010854218143310978,0.0002647370278856336,,,0.007324391104835863,0.0021620190610660076,0.0037945640663607483,0.0021620190610660076,0.013567772679138721,,,0.005691846099541122,0.0013457465584186374,,,,0.0018972820331803742,0.0002647370278856336,0.0032430285915990118,,,0.0027135545358277446,0.0005294740557712672,0.0007942110836569008,,0.0002647370278856336,,,0.02603247440875397,0.011648429226967879,,,0.0013457465584186374,0.0010810095305330038,,,0.034195199435227676,0.010037945640663607,0.0010810095305330038,0.001610483586304271,0.0002647370278856336,,0.001610483586304271,0.0005294740557712672,0.0010810095305330038,0.005956583127426756,0.09170931874338158,0.002978291563713378,0.0320111189551712,0.0002647370278856336,0.0010810095305330038,0.004059301094246382,0.04286533709848218,0.013832509707024356,0.0018972820331803742,0.0005294740557712672,0.0002647370278856336,0.0037945640663607483,0.5678609248146841,0.007324391104835863,0.0062213201553123895,0.004324038122132015,,0.0010810095305330038,0.0048755735968937525,0.0013457465584186374,,,,0.05129279915284151,0.0046108365690081185,0.0021620190610660076,,,
0.0013457465584186374,,0.012376456053653371,0.0002647370278856336,,,0.00833921637839746,0.0002647370278856336,0.0034857042004941756,0.0005294740557712672,0.013170667137310271,0.0010589481115425344,,0.004831450758912813,0.0010589481115425344,,,,0.0026914931168372748,,0.001610483586304271,,,0.0026914931168372748,0.0002647370278856336,0.003220967172608542,0.0002647370278856336,0.0002647370278856336,,,0.05140310624779386,0.00913342746205436,,,0.0010589481115425344,0.0010589481115425344,0.0007942110836569008,0.0002647370278856336,0.02314242852100247,0.00994969996470173,0.0005294740557712672,0.0029562301447229084,0.0005294740557712672,0.0002647370278856336,0.0013457465584186374,0.002404694669961172,0.0018752206141899046,0.006441934345217084,0.09797476173667491,0.007787680903635722,0.037945640663607484,,0.0013457465584186374,0.002404694669961172,0.04736586657253795,0.012905930109424639,0.0005294740557712672,,0.0005294740557712672,0.0034857042004941756,0.5202965054712319,0.014516413695728909,0.006993469819978821,0.004301976703141546,,0.001610483586304271,0.004831450758912813,0.0034857042004941756,0.0002647370278856336,,,0.05409459936463113,0.004037239675255913,0.002404694669961172,,,
0.001610483586304271,,0.01030268266854924,,,,0.00869219908224497,0.0005294740557712672,0.0027135545358277446,,0.004346099541122485,0.0010810095305330038,0.0002647370278856336,0.008140663607483233,0.001610483586304271,,,0.0002647370278856336,0.0005294740557712672,,0.0007942110836569008,0.0002647370278856336,,0.006243381574302859,0.0013457465584186374,0.0021620190610660076,,0.0002647370278856336,,,0.04617454994705259,0.010037945640663607,,,0.002426756088951641,0.0002647370278856336,,0.0002647370278856336,0.020627426756088953,0.008140663607483233,0.0010810095305330038,0.0005294740557712672,0.0002647370278856336,0.0005294740557712672,0.0010810095305330038,0.0013457465584186374,0.0021620190610660076,0.008140663607483233,0.07335421814331097,0.002978291563713378,0.014670843628662196,,0.0007942110836569008,0.0046108365690081185,0.03313625132368514,0.0078759265795976,0.0007942110836569008,,0.0005294740557712672,0.0035298270384751147,0.6356777267913873,0.0078759265795976,0.006508118602188493,0.008956936110130603,,0.0007942110836569008,0.0035298270384751147,0.0007942110836569008,0.0002647370278856336,,,0.03693081539004589,0.0021620190610660076,,,,
,,0.013722202612072009,,0.00024267560889516414,,0.0044784680550653015,0.00024267560889516414,0.0013016237204376984,0.001566360748323332,0.004213731027179668,0.002360571831980233,0.00024267560889516414,0.009773208612777974,0.0018310977762089657,0.0010368866925520648,,0.0010368866925520648,0.0010368866925520648,,0.0018310977762089657,,,0.003154782915637134,0.0020958348040945995,0.0026253088598658667,,,,,0.028790151782562654,0.01319272855630074,,,0.0007721496646664313,0.0005074126367807977,,0.0005074126367807977,0.02404694669961172,0.006066890222379103,0.0005074126367807977,0.0007721496646664313,0.0005074126367807977,0.0013016237204376984,0.00024267560889516414,0.0007721496646664313,0.0013016237204376984,0.005537416166607836,0.06684609954112249,0.002360571831980233,0.01901694316978468,,,0.001566360748323332,0.03064331097776209,0.01030268266854924,0.0010368866925520648,0.00024267560889516414,0.00024267560889516414,0.0013016237204376984,0.6568346276032474,0.012663254500529474,0.0026253088598658667,0.003154782915637134,,0.0018310977762089657,0.004213731027179668,0.0018310977762089657,0.0005074126367807977,,,0.042799152841510764,0.002360571831980233,,,,
,,0.012354394634662902,,,,0.006177197317331451,0.0002647370278856336,0.0029562301447229084,0.001610483586304271,0.004279915284151076,0.0007942110836569008,,0.005912460289445817,0.002404694669961172,0.001323685139428168,,0.0002647370278856336,0.001610483586304271,,0.0010589481115425344,,,0.003220967172608542,0.0029562301447229084,0.0002647370278856336,,,,,0.025525061771973175,0.01531062477938581,,,0.0005294740557712672,0.0002647370278856336,,0.0002647370278856336,0.02660607130250618,0.010479174020472997,0.0007942110836569008,0.0010589481115425344,0.0002647370278856336,0.001323685139428168,,0.0018752206141899046,0.0010589481115425344,0.00536092481468408,0.060735086480762444,0.002404694669961172,0.023914578185668903,0.0002647370278856336,,0.0034857042004941756,0.02929756441934345,0.013964878220967173,0.0007942110836569008,0.0002647370278856336,,0.0002647370278856336,0.6483189198729262,0.012354394634662902,0.004279915284151076,0.0018752206141899046,,0.002404694669961172,0.006441934345217084,0.002139957642075538,0.0002647370278856336,,,0.04299770561242499,0.004831450758912813,0.0002647370278856336,,0.0002647370278856336,
0.0002647370278856336,0.0005294740557712672,0.010082068478644547,,,,0.007169961171902577,0.0007942110836569008,0.0029121073067419696,0.001323685139428168,0.005030003529827038,0.0015884221673138016,,0.00664048711613131,0.0029121073067419696,0.0010589481115425344,0.0002647370278856336,0.0007942110836569008,0.0010589481115425344,,0.0029121073067419696,,,0.0018531591951994352,0.0007942110836569008,0.0005294740557712672,0.0002647370278856336,,,,0.02071567243205083,0.015928344511118957,,,0.0015884221673138016,0.0002647370278856336,,0.0002647370278856336,0.023385104129897635,0.010876279562301448,,,,0.0002647370278856336,0.0002647370278856336,0.0015884221673138016,0.001323685139428168,0.002647370278856336,0.06989057536180728,0.0018531591951994352,0.02603247440875397,,,0.0023826332509707024,0.03240822449699965,0.011692552064948817,0.0010589481115425344,0.0005294740557712672,,,0.6447670314154605,0.012486763148605718,0.004765266501941405,0.003971055418284504,,0.0023826332509707024,0.003441581362513237,0.0018531591951994352,0.0002647370278856336,,,0.04835863042710907,0.002647370278856336,0.0010589481115425344,,0.0002647370278856336,
0.0002647370278856336,0.0005294740557712672,0.010170314154606425,,,,0.006419872926226615,0.0002647370278856336,0.004279915284151076,0.0002647370278856336,0.003750441228379809,0.0015884221673138016,,0.012597070243558066,0.002139957642075538,,,0.0007942110836569008,0.0010589481115425344,,,,,0.002404694669961172,0.0007942110836569008,0.0005294740557712672,,,,,0.02144369925873632,0.012332333215672432,,,0.0010589481115425344,0.0005294740557712672,,,0.023054182845040593,0.01661224849982351,0.001323685139428168,0.0007942110836569008,,0.0005294740557712672,0.0002647370278856336,0.0015884221673138016,0.001323685139428168,0.003750441228379809,0.07187610307094952,0.005890398870455347,0.028966643134486412,0.0005294740557712672,,0.00536092481468408,0.03754853512177903,0.00990557712672079,0.0007942110836569008,0.0005294740557712672,,0.0007942110836569008,0.6268752206141899,0.016347511471937876,0.006684609954112249,0.00454465231203671,,0.002139957642075538,0.00536092481468408,0.001323685139428168,0.0002647370278856336,,,0.0388722202612072,0.0026694316978468054,,,0.0002647370278856336,
0.0002647370278856336,0.0005294740557712672,0.014604659371690787,,,,0.012177903282739145,,0.0029562301447229084,0.0018752206141899046,0.015972467349099895,0.0010810095305330038,,0.01650194140487116,0.0032430285915990118,,,0.0005294740557712672,0.0007942110836569008,,0.0002647370278856336,,,0.0007942110836569008,0.0010810095305330038,0.0010810095305330038,,,,,0.024885280621249558,0.01974496999647017,,,0.0010810095305330038,0.0007942110836569008,,,0.023010060007059654,0.008383339216378398,0.0010810095305330038,,,0.0002647370278856336,0.001610483586304271,0.0007942110836569008,0.0021620190610660076,0.0032430285915990118,0.08608365690081186,0.0007942110836569008,0.033290681256618423,,,0.004059301094246382,0.039776738439816446,0.015156194846452524,0.0007942110836569008,,0.0002647370278856336,0.0002647370278856336,0.5594334627603247,0.015972467349099895,0.00783180374161666,0.00540504765266502,,0.0035077656194846454,0.009199611719025768,0.0013457465584186374,,,,0.05089569361101306,0.0035077656194846454,0.0010810095305330038,,0.0002647370278856336,0.0002647370278856336
,0.0005074126367807977,0.01072184962936816,,0.0005074126367807977,,0.006530180021178962,0.0010368866925520648,0.0028679844687610305,0.0020958348040945995,0.017274091069537593,0.0028679844687610305,,0.027510589481115424,0.0023385104129897633,,,,0.0010368866925520648,,0.0028679844687610305,,,0.0023385104129897633,0.0018310977762089657,0.0010368866925520648,,,,,0.033798093893399224,0.01072184962936816,,,0.0007721496646664313,0.00024267560889516414,,0.00024267560889516414,0.030378573949876458,0.008118602188492764,0.0020958348040945995,0.001566360748323332,0.0005074126367807977,0.0010368866925520648,0.0018310977762089657,0.0005074126367807977,0.0023385104129897633,0.0036621955524179313,0.09980585951288387,0.005758030356512531,0.03170225908930462,,,0.0018310977762089657,0.039291387222026124,0.015972467349099895,0.0010368866925520648,0.0005074126367807977,0.0010368866925520648,0.0028679844687610305,0.4952126720790683,0.01650194140487116,0.003926932580303565,0.0070596540769502295,,0.003926932580303565,0.005493293328626897,0.005493293328626897,0.0005074126367807977,,,0.07648693963995765,0.0036621955524179313,0.00024267560889516414,0.00024267560889516414,0.00024267560889516414,
0.0007942110836569008,0.0005294740557712672,0.010236498411577833,,0.0005294740557712672,0.0005294740557712672,0.004831450758912813,,0.002404694669961172,0.0007942110836569008,0.018046240734204026,0.0013457465584186374,,0.01857571478997529,0.001610483586304271,0.0002647370278856336,,0.0005294740557712672,0.0013457465584186374,,0.001610483586304271,,,,0.0005294740557712672,0.0010589481115425344,,,,,0.021267207906812566,0.008890751853159195,,,,0.0007942110836569008,,,0.018046240734204026,0.00456671373102718,0.0010589481115425344,0.0007942110836569008,0.0002647370278856336,0.0007942110836569008,0.001610483586304271,0.0005294740557712672,0.003750441228379809,0.0026914931168372748,0.07328803388633957,0.002139957642075538,0.023429226967878573,,,0.0034857042004941756,0.030709495234733496,0.01939198729262266,0.0010589481115425344,0.0007942110836569008,0.0005294740557712672,0.0018752206141899046,0.6324567596187787,0.007809742322626191,0.00456671373102718,0.004301976703141546,,0.001610483586304271,0.0053829862336745495,0.003220967172608542,,,,0.04957200847158489,0.003220967172608542,0.0005294740557712672,,,
0.00165460642428521,,0.010876279562301448,,,,0.010876279562301448,0.0002647370278856336,0.0036180727144369926,0.0008162725026473703,0.005007942110836569,0.0011030709495234734,,0.00864807624426403,0.0011030709495234734,0.0002647370278856336,,0.0008162725026473703,0.00165460642428521,,0.0013898693963995763,,,,0.002228203318037416,0.0024929403459230497,,,,,0.03183462760324744,0.012552947405577128,,,0.0002647370278856336,0.0002647370278856336,,,0.021223085068831627,0.009486410165901871,0.0013898693963995763,0.0013898693963995763,0.0005515354747617367,0.0011030709495234734,,0.002228203318037416,0.0024929403459230497,0.0027797387927991526,0.06340451817860925,0.0002647370278856336,0.024289622308506884,,,0.0027797387927991526,0.02735615954818214,0.01367807977409107,0.00165460642428521,0.0011030709495234734,0.0002647370278856336,,0.6523782209671726,0.015067949170490647,0.00416960818919873,0.0033312742675608896,,0.004456406636074832,0.00416960818919873,0.0008162725026473703,0.0002647370278856336,,,0.03434962936816096,0.00416960818919873,0.0013898693963995763,,,0.0002647370278856336
0.0014119308153900459,,0.01656812566184257,,,0.0002647370278856336,0.008559830568302153,0.0005515354747617367,0.002559124602894458,0.0005515354747617367,0.00456671373102718,0.0008383339216378397,,0.009707024355806565,0.0037063183903988705,,,0.0002647370278856336,0.0005515354747617367,0.0011251323685139427,0.0005515354747617367,,,0.0002647370278856336,0.0014119308153900459,0.001985527709142252,,,,,0.027422343805153546,0.014560536533709848,,,0.0002647370278856336,0.0005515354747617367,,,0.022855630074126367,0.009420225908930463,0.0005515354747617367,0.0008383339216378397,,,,0.0002647370278856336,0.002559124602894458,0.003993116837274974,0.06258824567596188,0.0002647370278856336,0.021421637839745853,,,0.0011251323685139427,0.03885015884221673,0.012288210377691493,0.0014119308153900459,,0.0016987292622661489,,0.6514516413695729,0.011427815037063183,0.005427109071655489,0.003993116837274974,,0.003132721496646664,0.00456671373102718,0.002845923049770561,0.0002647370278856336,,,0.03543063889869397,0.002272326156018355,0.0002647370278856336,0.0005515354747617367,,
0.0024708789269325803,,0.006044828803388634,,0.0005294740557712672,,0.002735615954818214,0.0002647370278856336,0.004941757853865161,0.0016325450052947406,0.006861101306036004,0.0016325450052947406,,0.006861101306036004,0.0024708789269325803,,,0.0010810095305330038,0.0008162725026473703,0.0005294740557712672,0.0016325450052947406,,,,0.0008162725026473703,0.0008162725026473703,,,,,0.020362689728203317,0.01319272855630074,,,0.0005294740557712672,0.0002647370278856336,,,0.027797387927991527,0.010457112601482528,0.0008162725026473703,0.0005294740557712672,,0.0005294740557712672,0.0005294740557712672,,0.0010810095305330038,0.009067243205082951,0.07017737380868337,0.001367807977409107,0.026694316978468056,,,0.00412548535121779,0.042093187433815744,0.015134133427462055,0.0002647370278856336,0.0005294740557712672,,,0.624669078715143,0.014295799505824214,0.003838686904341687,0.003022414401694317,,0.0032871514295799505,0.006044828803388634,0.004390222379103424,,,,0.04842481468408048,0.0016325450052947406,0.0021840804800564773,0.0005294740557712672,,
0.0008383339216378397,0.0002647370278856336,0.012332333215672432,,0.0005515354747617367,,0.005603600423579245,0.0005515354747617367,0.003353335686551359,0.0013898693963995763,0.0053168019767031414,0.0044784680550653015,,0.010655665372396752,0.0028018002117896224,0.0005515354747617367,,0.0005515354747617367,0.0016766678432756795,0.0002647370278856336,0.003353335686551359,0.0002647370278856336,,0.0016766678432756795,0.0002647370278856336,0.0011030709495234734,,,,,0.025811860218849278,0.011493999294034593,,,0.0013898693963995763,0.0002647370278856336,,0.0002647370278856336,0.02777532650900106,0.012332333215672432,0.0011030709495234734,0.0008383339216378397,,,0.0002647370278856336,0.0005515354747617367,0.0016766678432756795,0.0053168019767031414,0.07214084009883516,0.0011030709495234734,0.01936992587363219,,0.0005515354747617367,0.003640134133427462,0.032827391457818565,0.009817331450758913,,0.0005515354747617367,0.0002647370278856336,,0.6301403106247794,0.012905930109424639,0.003066537239675256,0.003926932580303565,,0.004191669608189199,0.006728732792093187,0.0016766678432756795,0.0016766678432756795,,,0.04350511824920579,0.004191669608189199,0.0002647370278856336,0.0002647370278856336,,0.0002647370278856336
0.0002647370278856336,0.0005515354747617367,0.015553300388280974,,,0.0002647370278856336,0.008890751853159195,0.0005515354747617367,0.004985880691846099,0.0008162725026473703,0.00831715495940699,0.001367807977409107,,0.011383692199082245,0.0011030709495234734,0.0002647370278856336,,0.001367807977409107,0.0022061418990469467,,0.004147546770208259,,,0.0005515354747617367,,0.004721143663960466,,0.0002647370278856336,,,0.020561242499117543,0.015553300388280974,0.0005515354747617367,,0.0011030709495234734,0.0002647370278856336,0.0002647370278856336,0.0002647370278856336,0.023340981291916696,0.011096893752206141,0.0008162725026473703,,0.0002647370278856336,0.0002647370278856336,0.0024929403459230497,0.0002647370278856336,0.0030444758206847862,0.0030444758206847862,0.08308330391810802,0.0022061418990469467,0.036114542887398515,,,0.0024929403459230497,0.034173138016237205,0.01694316978468055,0.0002647370278856336,0.0005515354747617367,0.0005515354747617367,0.0005515354747617367,0.5632280268266854,0.012486763148605718,0.007214084009883516,0.009442287327920932,,0.001941404871161313,0.004985880691846099,0.0033312742675608896,0.001367807977409107,,0.0002647370278856336,0.0627867984468761,0.004434345217084363,,,0.0005515354747617367,0.0002647370278856336
0.0005515354747617367,0.0002647370278856336,0.018906636074832332,,0.0022061418990469467,0.0002647370278856336,0.010280621249558771,0.0005515354747617367,0.006111013060360043,0.003882809742322626,0.006662548535121779,0.0002647370278856336,,0.008603953406283091,0.0022061418990469467,0.007500882456759618,,0.0002647370278856336,0.0013898693963995763,0.0005515354747617367,0.0027797387927991526,0.0002647370278856336,,0.0005515354747617367,0.0022061418990469467,0.0033312742675608896,,,,,0.03948993999294034,0.008890751853159195,,,0.0011030709495234734,0.0011030709495234734,,0.0002647370278856336,0.022524708789269324,0.009729085774797036,0.0022061418990469467,0.0008162725026473703,0.0022061418990469467,,0.005559477585598305,0.0008162725026473703,0.004721143663960466,0.004434345217084363,0.10571831980232968,0.004434345217084363,0.040041475467702085,0.0008162725026473703,0.0005515354747617367,0.005272679138722203,0.03448199788210378,0.008890751853159195,0.0011030709495234734,0.0008162725026473703,0.0002647370278856336,0.001941404871161313,0.4993822802682669,0.008890751853159195,0.007500882456759618,0.007787680903635722,,0.0022061418990469467,0.0033312742675608896,0.003882809742322626,0.010832156724320509,,,0.06397811507236145,0.0035960112954465232,0.0002647370278856336,,0.0005515354747617367,
,0.0005515354747617367,0.02069361101306036,,0.0005515354747617367,0.0011251323685139427,0.0053829862336745495,0.0005515354747617367,0.003971055418284504,0.003971055418284504,0.007368513942816802,0.0011251323685139427,,0.01162636780797741,0.002537063183903989,0.0002647370278856336,,0.0008383339216378397,,,0.0011251323685139427,,,0.0014119308153900459,0.0011251323685139427,0.0011251323685139427,,,,,0.025525061771973175,0.013038298623367455,,,0.0008383339216378397,0.0002647370278856336,,0.0002647370278856336,0.022965937169078715,0.006794917049064595,0.0002647370278856336,0.003684256971408401,0.0005515354747617367,0.0005515354747617367,0.0014119308153900459,0.0014119308153900459,0.004522590893046241,0.002537063183903989,0.06865513589834098,0.001985527709142252,0.02892252029650547,,,0.0016987292622661489,0.03289357571478998,0.009067243205082951,0.0005515354747617367,0.0011251323685139427,0.0005515354747617367,0.0011251323685139427,0.6431124249911754,0.004809389339922344,0.003971055418284504,0.003971055418284504,,0.001985527709142252,0.004522590893046241,0.0028238616307800918,0.0002647370278856336,,,0.03289357571478998,0.003684256971408401,0.0014119308153900459,,,
0.0010589481115425344,,0.01034680550653018,,0.0005294740557712672,,0.006375750088245676,0.0002647370278856336,0.005030003529827038,0.0007942110836569008,0.004235792446170138,0.0015884221673138016,,0.011141016590187082,0.0018531591951994352,0.0018531591951994352,,0.0005294740557712672,0.0007942110836569008,,0.0010589481115425344,,,0.0005294740557712672,0.0018531591951994352,0.0018531591951994352,,,,,0.02603247440875397,0.009287857394987645,,,0.0007942110836569008,0.0002647370278856336,,,0.024708789269325803,0.012222026120720085,0.0010589481115425344,0.0007942110836569008,0.0010589481115425344,,,0.0010589481115425344,0.0037063183903988705,0.003441581362513237,0.07068478644546418,0.0015884221673138016,0.02230409459936463,0.0002647370278856336,,0.0018531591951994352,0.03346717260854218,0.016722555594775857,,0.0005294740557712672,0.0002647370278856336,,0.6482747970349453,0.012486763148605718,0.004765266501941405,0.005559477585598305,,0.0015884221673138016,0.010611542534415814,0.002117896223085069,,,,0.028415107659724673,0.002117896223085069,0.0002647370278856336,,,
0.002934168725732439,,0.006971408400988351,,,0.0002647370278856336,0.008846629015178256,0.0002647370278856336,0.0034857042004941756,0.0010589481115425344,0.00536092481468408,0.0018752206141899046,,0.00911136604306389,0.0018752206141899046,0.0018752206141899046,,0.0005294740557712672,0.0010589481115425344,,0.0015884221673138016,,,0.0005294740557712672,0.0015884221673138016,0.00454465231203671,,,,,0.025745675961877868,0.012332333215672432,,,0.0010589481115425344,0.0005294740557712672,,,0.025480938933992236,0.011251323685139428,0.0002647370278856336,0.0005294740557712672,0.0005294740557712672,,,0.0007942110836569008,0.0034857042004941756,0.0005294740557712672,0.06302947405577126,0.0007942110836569008,0.025480938933992236,,0.0002647370278856336,0.002404694669961172,0.027620896576067772,0.01367807977409107,,,0.0002647370278856336,,0.6604968231556654,0.007236145428873985,0.00536092481468408,0.0026694316978468054,,0.0034857042004941756,0.004809389339922344,0.002139957642075538,0.0002647370278856336,,,0.04103423932227321,0.002139957642075538,0.0005294740557712672,,,
,,0.010258559830568302,,0.0002647370278856336,,0.009155488881044829,,0.004985880691846099,0.0011030709495234734,0.0035960112954465232,0.00165460642428521,,0.010832156724320509,0.00165460642428521,0.0024929403459230497,,0.0011030709495234734,0.0027576773738086833,,0.001367807977409107,0.0002647370278856336,,0.0005515354747617367,0.0022061418990469467,0.001941404871161313,,,,,0.019722908577479704,0.012486763148605718,,,0.001367807977409107,0.0008162725026473703,,,0.025833921637839746,0.008052417931521356,0.0002647370278856336,0.0005515354747617367,,,0.0005515354747617367,,0.001367807977409107,0.00165460642428521,0.07556036004235793,0.0005515354747617367,0.018884574655841865,0.0002647370278856336,,0.005824214613483939,0.03304800564772326,0.010832156724320509,0.0011030709495234734,,,0.0005515354747617367,0.6449214613483939,0.011648429226967879,0.010545358277444405,0.0035960112954465232,,0.0030444758206847862,0.004147546770208259,0.001367807977409107,0.0002647370278856336,,,0.04028415107659725,0.0030444758206847862,0.0011030709495234734,,,0.0005515354747617367
,0.0002647370278856336,0.006662548535121779,,0.0002647370278856336,,0.006662548535121779,0.0002647370278856336,0.00416960818919873,0.0024929403459230497,0.004721143663960466,0.0008162725026473703,,0.01111895517119661,0.0033312742675608896,0.00165460642428521,,0.0011030709495234734,0.0008162725026473703,,0.0013898693963995763,,,0.001941404871161313,0.0011030709495234734,0.0008162725026473703,,0.0005515354747617367,,,0.022502647370278857,0.010832156724320509,,,0.0008162725026473703,0.0002647370278856336,,,0.025833921637839746,0.015553300388280974,0.0002647370278856336,0.0024929403459230497,0.0005515354747617367,,0.0002647370278856336,0.0005515354747617367,0.0024929403459230497,0.004434345217084363,0.07004500529474056,0.0011030709495234734,0.02389251676667843,,0.0002647370278856336,0.0022061418990469467,0.026407518531591952,0.008603953406283091,0.0013898693963995763,,,0.0002647370278856336,0.658599541122485,0.011935227673843982,0.005824214613483939,0.003882809742322626,,0.003882809742322626,0.0027797387927991526,0.0024929403459230497,,,,0.03640134133427462,0.0024929403459230497,0.0002647370278856336,,,0.0002647370278856336
0.0002647370278856336,,0.009839392869749383,,,0.0005294740557712672,0.007655312389692905,,0.004632897987998588,0.004103423932227321,0.005184433462760324,0.0021840804800564773,,0.0073905753618072716,0.0038166254853512177,0.003551888457465584,,0.0002647370278856336,0.0018972820331803742,0.0002647370278856336,0.0010810095305330038,,,0.0005294740557712672,0.0005294740557712672,0.0005294740557712672,,0.0010810095305330038,,0.0002647370278856336,0.02517207906812566,0.010942463819272856,,,0.002448817507942111,0.0010810095305330038,,,0.02162019061066008,0.012310271796681963,0.0005294740557712672,0.0008162725026473703,0.0005294740557712672,0.0002647370278856336,0.0008162725026473703,0.0016325450052947406,0.002448817507942111,0.007103776914931168,0.07827391457818567,0.0005294740557712672,0.027091422520296504,,0.0005294740557712672,0.001367807977409107,0.024620543593363926,0.012575008824567597,0.0008162725026473703,0.001367807977409107,0.0002647370278856336,0.0030003529827038475,0.6261692552064949,0.013391281327214967,0.006287504412283798,0.0018972820331803742,,0.0016325450052947406,0.003265090010589481,0.002735615954818214,0.0002647370278856336,,,0.04760854218143311,0.0030003529827038475,,,,
0.0005515354747617367,,0.011405753618072714,,,,0.006397811507236145,,0.005272679138722203,0.006397811507236145,0.00833921637839746,0.0013898693963995763,,0.018663960465937168,0.00165460642428521,0.0011030709495234734,,0.0008162725026473703,0.0008162725026473703,,0.003882809742322626,,,,,0.0013898693963995763,,,,,0.01782562654429933,0.007236145428873985,,0.0002647370278856336,0.0036180727144369926,0.00165460642428521,,,0.05180021178962231,0.010015884221673137,0.001941404871161313,0.0002647370278856336,0.0002647370278856336,,0.0002647370278856336,0.0013898693963995763,0.0024929403459230497,0.00416960818919873,0.08273032121426051,0.0005515354747617367,0.06128662195552418,,0.0008162725026473703,0.00165460642428521,0.031194846452523826,0.01197935051182492,0.002228203318037416,0.0013898693963995763,0.0005515354747617367,0.00165460642428521,0.5246867278503353,0.01030268266854924,0.007236145428873985,0.0027797387927991526,0.0002647370278856336,0.0027797387927991526,0.007500882456759618,0.00416960818919873,0.0005515354747617367,,,0.06936110130603601,0.002228203318037416,0.0008162725026473703,,,
,0.0002647370278856336,0.008890751853159195,,,,0.006111013060360043,0.0002647370278856336,0.007787680903635722,0.003882809742322626,0.005846276032474409,0.0027797387927991526,0.0002647370278856336,0.017538828097423225,0.00165460642428521,,,0.00165460642428521,0.001941404871161313,,0.0011030709495234734,0.0002647370278856336,,0.009177550300035298,0.0005515354747617367,0.0011030709495234734,0.0002647370278856336,,,,0.019767031415460642,0.010567419696434875,,,0.00165460642428521,0.005272679138722203,,,0.027003176844334627,0.00833921637839746,0.00165460642428521,0.0008162725026473703,,,0.0024929403459230497,,0.0030444758206847862,0.005559477585598305,0.07878132721496647,0.0008162725026473703,0.027003176844334627,0.0002647370278856336,0.0002647370278856336,0.0022061418990469467,0.030908048005647722,0.009729085774797036,0.0008162725026473703,0.0005515354747617367,0.0005515354747617367,,0.6130427109071654,0.009177550300035298,0.006662548535121779,0.001941404871161313,0.0002647370278856336,0.0013898693963995763,0.005846276032474409,0.00165460642428521,0.0008162725026473703,0.0002647370278856336,,0.04564507589128133,0.003882809742322626,,,,
0.0005515354747617367,,0.016722555594775857,,0.0005515354747617367,,0.005846276032474409,,0.005294740557712672,0.002228203318037416,0.008074479350511825,0.0013898693963995763,0.0005515354747617367,0.004721143663960466,0.001941404871161313,,,0.002228203318037416,0.0008162725026473703,,0.0002647370278856336,0.0002647370278856336,,0.0005515354747617367,0.0013898693963995763,0.00165460642428521,,,,,0.02898870455347688,0.010589481115425344,,,0.0011030709495234734,0.0002647370278856336,,,0.026760501235439462,0.009464348746911402,0.0005515354747617367,0.0011030709495234734,,,,0.0013898693963995763,0.0024929403459230497,0.00416960818919873,0.06803741616660784,0.0011030709495234734,0.025370631839039887,0.0002647370278856336,0.0005515354747617367,0.0024929403459230497,0.033180374161666075,0.010589481115425344,,0.0005515354747617367,,,0.6390751853159196,0.013942816801976702,0.005294740557712672,0.0005515354747617367,0.0002647370278856336,0.0024929403459230497,0.005559477585598305,0.003066537239675256,,,,0.04154165195905401,0.0033312742675608896,0.0002647370278856336,,,0.0005515354747617367
0.001367807977409107,,0.014648782209671725,0.0008162725026473703,0.0005515354747617367,,0.0035739498764560534,0.0002647370278856336,0.00330921284857042,0.0008162725026473703,0.00496381927285563,0.0011030709495234734,0.0005515354747617367,0.00827303212142605,0.001367807977409107,0.0008162725026473703,,0.001367807977409107,0.0008162725026473703,0.0002647370278856336,0.0005515354747617367,0.0002647370278856336,,,0.001367807977409107,0.001367807977409107,,,,,0.0268046240734204,0.012155841863748676,,,0.0008162725026473703,0.0002647370278856336,,,0.02596629015178256,0.01242057889163431,0.0002647370278856336,0.0005515354747617367,0.0002647370278856336,0.0002647370278856336,,0.001367807977409107,0.001367807977409107,0.008008295093540417,0.06384574655841864,0.0011030709495234734,0.01989939992940346,0.0002647370278856336,0.0005515354747617367,0.00165460642428521,0.0425564772326156,0.01325891281327215,0.0002647370278856336,,,0.0002647370278856336,0.6537019061066007,0.009662901517825626,0.0055153547476173665,0.0019193434521708435,0.0002647370278856336,0.001367807977409107,0.00412548535121779,0.003022414401694317,,0.0002647370278856336,,0.03205524179315213,0.003860748323332157,0.0008162725026473703,,,0.0008162725026473703
,,0.013347158489234028,0.0005515354747617367,0.0002647370278856336,,0.0073905753618072716,,0.00994969996470173,0.0014119308153900459,0.0033974585245322977,0.0016987292622661489,0.0008383339216378397,0.012222026120720085,0.0028238616307800918,0.0016987292622661489,,,0.0002647370278856336,,0.0005515354747617367,0.0002647370278856336,,,0.0002647370278856336,0.002272326156018355,,,,,0.02728997529121073,0.013060360042357924,,,0.0005515354747617367,0.0002647370278856336,0.0011251323685139427,,0.030135898340981293,0.008515707730321214,0.0005515354747617367,0.0002647370278856336,,0.0002647370278856336,,0.0014119308153900459,0.0014119308153900459,0.007103776914931168,0.07447935051182492,0.0002647370278856336,0.027003176844334627,0.0002647370278856336,,0.002272326156018355,0.04207112601482527,0.011648429226967879,,,,0.0008383339216378397,0.6258824567596187,0.010214436992587363,0.008515707730321214,0.0008383339216378397,0.0002647370278856336,0.002272326156018355,0.004257853865160607,0.001985527709142252,,0.0005515354747617367,,0.02984909989410519,0.00454465231203671,0.0002647370278856336,,,0.0005515354747617367
,0.00028679844687610307,0.01996558418637487,,0.0005735968937522061,,0.007809742322626191,,0.009839392869749383,0.0031768443346276033,0.0028900458877515003,0.0031768443346276033,0.00028679844687610307,0.007236145428873985,0.004324038122132015,,,,0.002316448993999294,0.0005735968937522061,,0.00028679844687610307,,0.0005735968937522061,,0.0017207906812566184,,,,,0.022282033180374163,0.010986586657253794,0.0028900458877515003,,0.00028679844687610307,0.00028679844687610307,0.00028679844687610307,,0.028370984821743734,0.010412989763501588,0.00028679844687610307,0.00028679844687610307,,,0.0005735968937522061,0.0017207906812566184,0.0017207906812566184,0.01158224496999647,0.08078891634309919,0.00028679844687610307,0.026628132721496646,0.00028679844687610307,,0.0028900458877515003,0.03154782915637134,0.006949346981997882,0.0005735968937522061,,,0.0008603953406283092,0.6008206847864455,0.015619484645252382,0.008670137663254501,0.010126191316625486,0.00028679844687610307,0.0014339922343805152,0.004037239675255913,0.004324038122132015,0.0005735968937522061,0.0014339922343805152,,0.0390928344511119,0.004324038122132015,0.0005735968937522061,0.0005735968937522061,,0.00028679844687610307
0.0002647370278856336,0.0005515354747617367,0.01323685139428168,,,0.0005515354747617367,0.003926932580303565,0.0002647370278856336,0.00619925873632192,0.0033753971055418283,0.003926932580303565,0.0030885986586657254,0.0002647370278856336,0.010699788210377691,0.002515001764913519,0.0033753971055418283,,,0.0019634662901517825,0.0005515354747617367,0.0005515354747617367,0.0002647370278856336,,,0.0002647370278856336,0.0028018002117896224,,,,,0.030422696787857396,0.011824920578891633,0.0016766678432756795,,0.0008383339216378397,0.0002647370278856336,0.0005515354747617367,,0.02113483939286975,0.006463995764207554,0.0008383339216378397,0.0016766678432756795,0.0005515354747617367,0.0016766678432756795,0.0008383339216378397,0.0008383339216378397,0.0036621955524179313,0.00703759265795976,0.09837186727850335,0.0028018002117896224,0.0309962936816096,0.0002647370278856336,,0.002515001764913519,0.030422696787857396,0.010699788210377691,0.0019634662901517825,0.0005515354747617367,,0.0008383339216378397,0.5951288386869044,0.008449523473349806,0.0078759265795976,0.0033753971055418283,,0.0005515354747617367,0.004500529474055771,0.0036621955524179313,0.0002647370278856336,0.0005515354747617367,,0.04114454641722556,0.004213731027179668,0.0008383339216378397,0.0005515354747617367,0.0002647370278856336,0.0002647370278856336
0.0005294740557712672,0.0005294740557712672,0.006552241440169432,,0.001367807977409107,0.0008162725026473703,0.003551888457465584,0.0002647370278856336,0.004919696434874691,0.003551888457465584,0.008758383339216379,0.003265090010589481,,0.003551888457465584,0.002448817507942111,0.0010810095305330038,,,0.0018972820331803742,0.002448817507942111,0.0005294740557712672,,,,0.0005294740557712672,0.0016325450052947406,,,,,0.027091422520296504,0.015045887751500177,0.0008162725026473703,,0.0002647370278856336,0.0002647370278856336,,,0.0194361101306036,0.008471584892340275,0.0002647370278856336,0.0008162725026473703,0.0005294740557712672,,0.001367807977409107,0.001367807977409107,0.001367807977409107,0.006839039887045535,0.11471937875044123,0.0030003529827038475,0.015332686198376279,0.0002647370278856336,,0.001367807977409107,0.03311418990469467,0.007655312389692905,0.0008162725026473703,0.001367807977409107,,0.0008162725026473703,0.6268531591951993,0.006552241440169432,0.007103776914931168,0.004632897987998588,,0.0018972820331803742,0.003551888457465584,0.0018972820331803742,0.0005294740557712672,,,0.031194846452523826,0.004368160960112955,0.0002647370278856336,0.0005294740557712672,,
,0.0002647370278856336,0.00994969996470173,,0.00165460642428521,0.0011030709495234734,0.004412283798093893,0.0002647370278856336,0.0055153547476173665,0.004147546770208259,0.005250617719731733,0.00330921284857042,,0.006066890222379103,0.0011030709495234734,0.0005515354747617367,,0.0011030709495234734,0.001367807977409107,0.0008162725026473703,0.001367807977409107,,,0.0005515354747617367,,0.00165460642428521,,,,,0.021840804800564773,0.04727762089657607,0.0008162725026473703,,0.0008162725026473703,0.0002647370278856336,,,0.015487116131309566,0.0063536886692552065,0.0005515354747617367,0.0008162725026473703,0.0002647370278856336,,0.001367807977409107,0.0022061418990469467,0.001367807977409107,0.0055153547476173665,0.06746381927285564,0.0008162725026473703,0.012707377338510413,,,0.0019193434521708435,0.01989939992940346,0.010501235439463467,0.001367807977409107,0.0002647370278856336,0.0002647370278856336,0.0008162725026473703,0.671196611366043,0.007169961171902577,0.006066890222379103,0.003022414401694317,,0.003860748323332157,0.006066890222379103,0.00165460642428521,0.0005515354747617367,0.0002647370278856336,,0.02267913872220261,0.003860748323332157,0.001367807977409107,0.0005515354747617367,,0.0002647370278856336
0.0005515354747617367,,0.00827303212142605,,0.0002647370278856336,0.0005515354747617367,0.0035739498764560534,,0.00412548535121779,0.0011030709495234734,0.0027576773738086833,0.0002647370278856336,,0.00496381927285563,0.003022414401694317,0.0002647370278856336,,0.0008162725026473703,0.00165460642428521,,,0.0005515354747617367,,0.0002647370278856336,0.0011030709495234734,0.0022061418990469467,,,,,0.019590540063536888,0.012133780444758206,,,0.001367807977409107,0.0002647370278856336,0.0005515354747617367,,0.024289622308506884,0.00745675961877868,0.0008162725026473703,0.0002647370278856336,,0.0005515354747617367,0.0005515354747617367,0.0011030709495234734,0.001367807977409107,0.0011030709495234734,0.07097158489234028,0.0005515354747617367,0.021245146487822098,,,0.0024708789269325803,0.015465054712319097,0.013523649841157783,0.0002647370278856336,0.0002647370278856336,0.0002647370278856336,0.0002647370278856336,0.6833965760677726,0.01572979174020473,0.0055153547476173665,0.00165460642428521,,0.003022414401694317,0.004412283798093893,0.0027576773738086833,,0.0011030709495234734,,0.04445375926579598,0.00330921284857042,0.0002647370278856336,0.0002647370278856336,,0.0011030709495234734
,,0.010104129897635017,,,,0.004368160960112955,,0.003265090010589481,0.0010810095305330038,0.004919696434874691,0.0005294740557712672,,0.007368513942816802,0.0030003529827038475,,,0.0002647370278856336,0.0016325450052947406,,0.0010810095305330038,,,,0.0008162725026473703,0.0018972820331803742,,,,,0.018840451817860926,0.010655665372396752,,,0.0010810095305330038,0.0002647370278856336,0.0005294740557712672,,0.028701906106600776,0.006265442993293328,0.0005294740557712672,0.0005294740557712672,,,0.0002647370278856336,0.0008162725026473703,0.0010810095305330038,,0.06450758912813272,0.0002647370278856336,0.015840098835157076,0.0002647370278856336,,0.003551888457465584,0.02241440169431698,0.00873632192022591,0.0005294740557712672,0.0002647370278856336,,0.0005294740557712672,0.6995455347687963,0.01120720084715849,0.004081362513236851,0.002448817507942111,,0.0018972820331803742,0.003551888457465584,0.003265090010589481,0.0002647370278856336,0.0008162725026473703,,0.04043858100953053,0.003265090010589481,0.0016325450052947406,0.0005294740557712672,,0.0002647370278856336
0.0002647370278856336,0.0002647370278856336,0.008184786445464172,,,0.0002647370278856336,0.003551888457465584,0.0002647370278856336,0.004919696434874691,0.0008162725026473703,0.0038166254853512177,0.0002647370278856336,,0.011471937875044122,0.0016325450052947406,,,0.0005294740557712672,0.0016325450052947406,0.0005294740557712672,0.0002647370278856336,,,0.0016325450052947406,0.0005294740557712672,0.002448817507942111,,,,,0.02486321920225909,0.011736674902929756,,,0.0013457465584186374,0.0005294740557712672,0.0008162725026473703,,0.02649576420755383,0.007103776914931168,0.0002647370278856336,,0.0002647370278856336,,,0.0002647370278856336,0.0008162725026473703,0.0016325450052947406,0.06861101306036005,0.0002647370278856336,0.019678785739498765,0.0002647370278856336,0.0002647370278856336,0.0021840804800564773,0.02733409812919167,0.010655665372396752,,,0.0002647370278856336,0.0013457465584186374,0.6796020120014119,0.01283974585245323,0.006000705965407695,0.0027135545358277446,,0.0013457465584186374,0.0038166254853512177,0.003265090010589481,0.0002647370278856336,0.0021840804800564773,,0.03307006706671373,0.0016325450052947406,0.0008162725026473703,0.0005294740557712672,,0.0016325450052947406
0.0005294740557712672,0.0005294740557712672,0.007346452523826333,,,,0.002978291563713378,,0.005978644546417226,0.0013457465584186374,0.006265442993293328,0.0002647370278856336,,0.01034680550653018,0.002448817507942111,0.0002647370278856336,,0.0002647370278856336,0.0010810095305330038,0.0008162725026473703,0.0002647370278856336,,,0.0027135545358277446,0.0002647370278856336,0.0008162725026473703,,,,,0.022061418990469466,0.010898340981291917,,,0.0005294740557712672,0.0005294740557712672,0.0008162725026473703,,0.025613307447935052,0.00953053300388281,0.0002647370278856336,0.0016325450052947406,,0.0002647370278856336,0.0005294740557712672,0.0002647370278856336,0.0016325450052947406,0.0021620190610660076,0.0629412283798094,0.0027135545358277446,0.01987733851041299,0.0002647370278856336,,0.002978291563713378,0.026959054006353688,0.006794917049064595,0.0008162725026473703,,0.0010810095305330038,0.0002647370278856336,0.6634309918813978,0.014979703494528767,0.004081362513236851,0.0018972820331803742,,0.0035298270384751147,0.004346099541122485,0.002448817507942111,,0.0008162725026473703,,0.052307624426403104,0.003265090010589481,0.0013457465584186374,0.0005294740557712672,0.0002647370278856336,0.0008162725026473703
0.0002647370278856336,0.0007942110836569008,0.010942463819272856,,0.0005294740557712672,,0.007478821037769149,,0.003993116837274974,0.0002647370278856336,0.002934168725732439,0.0005294740557712672,,0.012552947405577128,0.002404694669961172,,,0.0002647370278856336,0.0007942110836569008,0.0005294740557712672,0.0005294740557712672,,,0.0015884221673138016,0.0005294740557712672,0.0018531591951994352,,,,,0.023782209671726087,0.010412989763501588,,,0.0002647370278856336,0.0010589481115425344,0.0010589481115425344,,0.02724585245322979,0.009067243205082951,0.0002647370278856336,0.0010589481115425344,,0.0007942110836569008,0.0005294740557712672,0.0005294740557712672,0.002404694669961172,0.0026694316978468054,0.08577479703494528,0.0005294740557712672,0.029915284151076596,,,0.00372837980938934,0.028062124955877163,0.011758736321920225,0.0005294740557712672,,0.0010589481115425344,0.001323685139428168,0.6241616660783622,0.010942463819272856,0.004257853865160607,0.004522590893046241,,0.0018531591951994352,0.005074126367807978,0.006397811507236145,,,,0.043813978115072365,0.0031989057536180726,0.001323685139428168,,0.001323685139428168,0.0005294740557712672
0.001323685139428168,0.001323685139428168,0.015928344511118957,,0.0010589481115425344,,0.003971055418284504,,0.003971055418284504,0.0010589481115425344,0.00661842569714084,0.0007942110836569008,,0.0236277797387928,0.0005294740557712672,0.0007942110836569008,,,0.0018531591951994352,0.0002647370278856336,0.0002647370278856336,,,0.0007942110836569008,0.0023826332509707024,0.0010589481115425344,,,,,0.022568831627250263,0.011141016590187082,,0.0002647370278856336,0.0010589481115425344,0.0010589481115425344,0.0007942110836569008,,0.03185668902223791,0.008493646311330745,0.0002647370278856336,0.0005294740557712672,0.0002647370278856336,0.0010589481115425344,0.0005294740557712672,0.0010589481115425344,0.0010589481115425344,0.005030003529827038,0.08445111189551711,0.002117896223085069,0.039291387222026124,,,0.0031768443346276033,0.036114542887398515,0.009817331450758913,0.0002647370278856336,,0.0007942110836569008,0.004235792446170138,0.5602717966819626,0.00822890928344511,0.00822890928344511,0.0031768443346276033,,0.002117896223085069,0.0060889516413695725,0.0060889516413695725,0.0002647370278856336,0.0005294740557712672,,0.061088069184609954,0.00661842569714084,0.0015884221673138016,0.0002647370278856336,0.0005294740557712672,
0.0002647370278856336,0.0007942110836569008,0.007214084009883516,,0.0005294740557712672,,0.005603600423579245,,0.002934168725732439,0.0015884221673138016,0.005603600423579245,0.0010589481115425344,,0.013104482880338863,0.0007942110836569008,0.0018531591951994352,,0.0002647370278856336,0.0010589481115425344,0.0002647370278856336,,,,0.0005294740557712672,0.0010589481115425344,0.0010589481115425344,,,,,0.019524355806565478,0.009354041651959053,,,0.0002647370278856336,0.0018531591951994352,0.0002647370278856336,,0.021399576420755382,0.005603600423579245,0.0010589481115425344,0.0007942110836569008,0.0002647370278856336,0.001323685139428168,0.0002647370278856336,0.0005294740557712672,0.0010589481115425344,0.002404694669961172,0.050013236851394284,0.0007942110836569008,0.018708083303918106,0.0007942110836569008,,0.0018531591951994352,0.03236410165901871,0.011229262266148959,0.0005294740557712672,,0.0002647370278856336,0.002404694669961172,0.7016413695728909,0.005074126367807978,0.006419872926226615,0.002404694669961172,,0.0018531591951994352,0.00372837980938934,0.005074126367807978,0.0002647370278856336,,,0.03851923755735969,0.003463642781503706,0.0010589481115425344,,,
,0.00024267560889516414,0.009309918813978114,,,,0.004897635015884222,,0.0036180727144369926,0.0020517119661136603,0.002316448993999294,0.0007721496646664313,,0.009817331450758913,0.002316448993999294,0.0007721496646664313,,0.0030885986586657254,0.0007721496646664313,,0.0005074126367807977,,,0.00024267560889516414,0.001279562301447229,0.0005074126367807977,,,,,0.018377162019061068,0.012927991528415108,,,0.0010148252735615955,0.0005074126367807977,,,0.025105894811154255,0.005427109071655489,0.001279562301447229,0.00024267560889516414,,,0.0005074126367807977,0.002845923049770561,0.00024267560889516414,0.0025811860218849275,0.05590363572184963,0.0005074126367807977,0.02199523473349806,0.00024267560889516414,0.0007721496646664313,0.0036180727144369926,0.023539534062830922,0.009817331450758913,0.00024267560889516414,,0.0007721496646664313,0.001279562301447229,0.711988175079421,0.009309918813978114,0.005934521708436287,0.0020517119661136603,,0.0030885986586657254,0.002316448993999294,0.0010148252735615955,0.0005074126367807977,,,0.02691493116837275,0.0030885986586657254,0.001279562301447229,0.00024267560889516414,,
0.0002647370278856336,,0.008162725026473703,,0.0002647370278856336,,0.0070596540769502295,,0.0021620190610660076,0.0013457465584186374,0.0018972820331803742,0.0005294740557712672,,0.008427462054359337,0.003265090010589481,,,0.0005294740557712672,0.0005294740557712672,0.0002647370278856336,0.0005294740557712672,0.0002647370278856336,,0.0002647370278856336,0.0010810095305330038,,,,,,0.014692905047652666,0.011427815037063183,,,0.0018972820331803742,0.0008162725026473703,,,0.025039710554182845,0.00953053300388281,0.0002647370278856336,0.0005294740557712672,0.0002647370278856336,,0.0002647370278856336,0.0002647370278856336,0.0008162725026473703,0.0021620190610660076,0.0591025414754677,,0.017141722555594777,0.0002647370278856336,0.0005294740557712672,0.0016325450052947406,0.025855983056830217,0.008162725026473703,0.0005294740557712672,,0.0002647370278856336,0.002448817507942111,0.7139957642075538,0.010611542534415814,0.004081362513236851,0.0013457465584186374,,0.0037945640663607483,0.0027135545358277446,0.0027135545358277446,0.0002647370278856336,,,0.034040769502294385,0.0035298270384751147,0.0016325450052947406,0.0002647370278856336,,0.0002647370278856336
,,0.00703759265795976,,0.0007942110836569008,,0.007589128132721497,,0.005956583127426756,0.0007942110836569008,0.002978291563713378,0.001610483586304271,,0.012464701729615248,0.0018972820331803742,0.0010810095305330038,,0.0005294740557712672,0.0021620190610660076,0.0005294740557712672,,,,0.0007942110836569008,0.0013457465584186374,0.0010810095305330038,,,,,0.020870102364984117,0.010567419696434875,,,0.0010810095305330038,0.0007942110836569008,0.0002647370278856336,,0.02358365690081186,0.01328097423226262,0.0007942110836569008,,0.0002647370278856336,,,0.0010810095305330038,0.0007942110836569008,0.001610483586304271,0.06616219555241794,,0.026848746911401343,,0.0010810095305330038,0.0026914931168372748,0.024399929403459232,0.01409724673490999,0.0005294740557712672,,0.0002647370278856336,0.0010810095305330038,0.6552682668549241,0.012729438757500882,0.011913166254853513,0.0035077656194846454,,0.0032430285915990118,0.002426756088951641,0.0035077656194846454,,0.0002647370278856336,,0.03960024708789269,0.0046108365690081185,0.001610483586304271,0.0002647370278856336,,0.0002647370278856336
0.0005294740557712672,0.0002647370278856336,0.009883515707730321,,0.0002647370278856336,0.0002647370278856336,0.006949346981997882,0.0002647370278856336,0.005868337451464878,0.001323685139428168,0.002404694669961172,0.0010589481115425344,,0.009883515707730321,0.004015178256265443,0.0010589481115425344,,0.0002647370278856336,0.0015884221673138016,0.0002647370278856336,0.001323685139428168,0.0002647370278856336,,0.0007942110836569008,0.0026694316978468054,0.0007942110836569008,,0.0005294740557712672,,,0.025414754677020826,0.013104482880338863,,,0.0007942110836569008,0.0007942110836569008,,0.0005294740557712672,0.023274797034945286,0.006155135898340981,0.0015884221673138016,0.0007942110836569008,0.0002647370278856336,0.0002647370278856336,,0.0005294740557712672,0.0010589481115425344,0.002139957642075538,0.05861719025767737,0.0005294740557712672,0.02435580656547829,,0.0007942110836569008,0.0031989057536180726,0.03399664666431345,0.00908930462407342,0.0010589481115425344,0.0007942110836569008,0.0015884221673138016,0.001323685139428168,0.6522679138722203,0.013104482880338863,0.011493999294034593,0.002139957642075538,,0.0031989057536180726,0.004279915284151076,0.003463642781503706,,,,0.03719555241793152,0.006155135898340981,0.0005294740557712672,0.0005294740557712672,0.0010589481115425344,
0.0027135545358277446,0.0005294740557712672,0.014670843628662196,,0.0013457465584186374,0.0005294740557712672,0.0078759265795976,0.0002647370278856336,0.006243381574302859,0.0021620190610660076,0.0035298270384751147,0.0007942110836569008,,0.014406106600776562,0.005427109071655489,0.0010810095305330038,,0.0010810095305330038,0.0010810095305330038,0.0005294740557712672,0.0005294740557712672,0.0002647370278856336,,0.0021620190610660076,0.0018972820331803742,0.0005294740557712672,,0.0005294740557712672,,,0.02528238616307801,0.013038298623367455,,,0.0013457465584186374,0.0007942110836569008,,0.0005294740557712672,0.02446611366043064,0.008140663607483233,0.0021620190610660076,0.001610483586304271,,0.0002647370278856336,0.0010810095305330038,0.0013457465584186374,0.0013457465584186374,0.009243734557006706,0.08134045181786093,0.0005294740557712672,0.03671020120014119,,0.0007942110836569008,0.0035298270384751147,0.046240734204024005,0.008956936110130603,0.0007942110836569008,0.001610483586304271,0.0007942110836569008,0.0010810095305330038,0.5630515354747618,0.011957289092834451,0.009243734557006706,0.005162372043769855,,0.0035298270384751147,0.0035298270384751147,0.010876279562301448,,0.0002647370278856336,,0.04134309918813978,0.004346099541122485,0.0005294740557712672,0.0005294740557712672,0.0018972820331803742,0.0005294740557712672
0.002228203318037416,0.0002647370278856336,0.013920755382986233,,0.0002647370278856336,0.0008162725026473703,0.006949346981997882,0.0002647370278856336,0.006111013060360043,0.00416960818919873,0.007522943875750089,0.0013898693963995763,,0.01281768443346276,0.002228203318037416,0.0008162725026473703,,0.0008162725026473703,0.002228203318037416,0.0005515354747617367,0.00165460642428521,,,0.0008162725026473703,0.0024929403459230497,0.0024929403459230497,,,,,0.025922167313801623,0.007787680903635722,0.0005515354747617367,,0.0008162725026473703,0.0005515354747617367,,,0.02898870455347688,0.00862601482527356,0.002228203318037416,0.0027797387927991526,0.0008162725026473703,0.0005515354747617367,0.002228203318037416,0.00165460642428521,0.0011030709495234734,0.010589481115425344,0.09726879632897988,0.004721143663960466,0.03873985174726438,0.0005515354747617367,0.0005515354747617367,0.0033312742675608896,0.0546240734204024,0.009464348746911402,0.0002647370278856336,0.001941404871161313,0.0005515354747617367,0.00165460642428521,0.5343275679491706,0.009177550300035298,0.010015884221673137,0.005294740557712672,,0.0024929403459230497,0.0030444758206847862,0.009177550300035298,,,,0.04012972114366396,0.005559477585598305,,0.0005515354747617367,,0.0005515354747617367
0.0008162725026473703,0.0002647370278856336,0.007986233674549948,,,0.0008162725026473703,0.009376103070949524,,0.00496381927285563,0.0027576773738086833,0.007721496646664314,0.0005515354747617367,,0.009662901517825626,0.00165460642428521,0.001367807977409107,,0.001367807977409107,0.0019193434521708435,0.0008162725026473703,0.0011030709495234734,,,0.0005515354747617367,0.0011030709495234734,0.0022061418990469467,,,,,0.016832862689728202,0.007721496646664314,0.001367807977409107,,0.001367807977409107,0.0002647370278856336,,,0.023451288386869044,0.004677020825979527,0.0022061418990469467,0.0005515354747617367,,0.0005515354747617367,0.0027576773738086833,0.0008162725026473703,0.00165460642428521,0.00743469819978821,0.06790504765266502,0.0002647370278856336,0.01822273208612778,0.0002647370278856336,0.0002647370278856336,0.003022414401694317,0.03340098835157077,0.00827303212142605,,,0.0005515354747617367,0.003022414401694317,0.6863086833745147,0.00412548535121779,0.007721496646664314,0.0035739498764560534,,0.0024708789269325803,0.00412548535121779,0.0019193434521708435,,,,0.02234821743734557,0.003022414401694317,0.0002647370278856336,0.0002647370278856336,,
0.0002647370278856336,,0.01072184962936816,,0.0005294740557712672,,0.009067243205082951,0.0002647370278856336,0.0032871514295799505,0.0008162725026473703,0.004103423932227321,0.0008162725026473703,,0.00822890928344511,0.0010810095305330038,0.0016325450052947406,,0.0010810095305330038,0.0008162725026473703,0.0002647370278856336,0.0002647370278856336,0.0002647370278856336,0.0002647370278856336,0.0002647370278856336,0.0008162725026473703,0.0008162725026473703,,,,,0.02034062830921285,0.007412636780797741,0.0005294740557712672,,0.0008162725026473703,0.0005294740557712672,0.0005294740557712672,,0.02638545711260148,0.006309565831274268,0.0002647370278856336,,0.0002647370278856336,0.0002647370278856336,0.0005294740557712672,0.0010810095305330038,0.0002647370278856336,0.007964172255559478,0.055263854571126016,0.001367807977409107,0.021156900811860217,,0.0005294740557712672,0.002735615954818214,0.02693699258736322,0.009883515707730321,,,0.0005294740557712672,0.003838686904341687,0.6963025061771972,0.006044828803388634,0.004941757853865161,0.0019193434521708435,,0.0021840804800564773,0.005206494881750794,0.0032871514295799505,,0.0002647370278856336,,0.03629103423932227,0.001367807977409107,0.0002647370278856336,0.0002647370278856336,,0.0002647370278856336
0.0007942110836569008,,0.01242057889163431,,,0.0007942110836569008,0.0026914931168372748,0.0005294740557712672,0.003772502647370279,0.002139957642075538,0.007809742322626191,0.0010589481115425344,0.0002647370278856336,0.009442287327920932,0.0013457465584186374,0.0010589481115425344,,,0.0010589481115425344,0.007280268266854924,,0.0005294740557712672,,,0.001610483586304271,0.0005294740557712672,,,,,0.019700847158489233,0.01160430638898694,,,0.0002647370278856336,0.0002647370278856336,0.0007942110836569008,,0.024554359336392516,0.008096540769502295,0.0002647370278856336,0.0002647370278856336,0.0002647370278856336,0.0010589481115425344,0.0007942110836569008,0.0013457465584186374,0.0010589481115425344,0.011339569361101306,0.06400017649135192,0.0002647370278856336,0.024289622308506884,,,0.0029562301447229084,0.024554359336392516,0.011339569361101306,,,0.0005294740557712672,0.0018752206141899046,0.6703141546064243,0.008096540769502295,0.0053829862336745495,0.002426756088951641,,0.0018752206141899046,0.0053829862336745495,0.001610483586304271,,0.0002647370278856336,,0.03428344511118955,0.0029562301447229084,,0.0002647370278856336,,0.0005294740557712672
0.00024267560889516414,,0.009773208612777974,,0.0007721496646664313,,0.004213731027179668,,0.003948993999294034,0.003154782915637134,0.0044784680550653015,0.0010368866925520648,0.00024267560889516414,0.008184786445464172,0.0007721496646664313,0.0007721496646664313,,0.0005074126367807977,0.0010368866925520648,0.007920049417578538,,,,0.00024267560889516414,0.0020958348040945995,0.0007721496646664313,,,,,0.023010060007059654,0.014803212142605012,,,0.0010368866925520648,0.0010368866925520648,0.0005074126367807977,,0.03384221673138016,0.017450582421461348,0.0007721496646664313,0.00024267560889516414,,0.00024267560889516414,0.0005074126367807977,0.0005074126367807977,0.0005074126367807977,0.00580215319449347,0.06214701729615249,0.0005074126367807977,0.02856953759265796,0.00024267560889516414,,0.004213731027179668,0.02724585245322979,0.011361630780091775,0.0028900458877515003,0.00024267560889516414,0.00024267560889516414,0.0013016237204376984,0.6404429932933287,0.0073905753618072716,0.0073905753618072716,0.001566360748323332,,0.0018310977762089657,0.003948993999294034,0.002360571831980233,,0.002360571831980233,,0.0380780091775503,0.0020958348040945995,,0.0005074126367807977,,0.0026253088598658667
0.00024267560889516414,0.0005074126367807977,0.009221673138016237,,,0.00024267560889516414,0.008162725026473703,,0.0028900458877515003,0.003684256971408401,0.0026253088598658667,0.0005074126367807977,0.0005074126367807977,0.007368513942816802,0.0010368866925520648,0.0010368866925520648,,0.0010368866925520648,0.002360571831980233,0.005250617719731733,0.0020958348040945995,,,0.0018310977762089657,0.0010368866925520648,0.00024267560889516414,,,,0.00024267560889516414,0.020009707024355807,0.013435404165195905,,,0.0010368866925520648,0.0007721496646664313,,,0.03476879632897988,0.00869219908224497,0.00024267560889516414,0.0010368866925520648,,0.00024267560889516414,0.0007721496646664313,0.001566360748323332,0.00024267560889516414,0.004721143663960466,0.07350864807624427,0.0010368866925520648,0.03134927638545711,0.00024267560889516414,0.0010368866925520648,0.0028900458877515003,0.033180374161666075,0.013435404165195905,0.0010368866925520648,0.00024267560889516414,0.00024267560889516414,0.0007721496646664313,0.6279782915637134,0.00869219908224497,0.004721143663960466,0.003684256971408401,,0.0013016237204376984,0.003948993999294034,0.0013016237204376984,,0.0010368866925520648,,0.04372573243911048,0.0020958348040945995,0.0007721496646664313,,,0.0020958348040945995
0.0005294740557712672,0.0005294740557712672,0.014295799505824214,,0.0007942110836569008,,0.007677373808683374,,0.004235792446170138,0.0029121073067419696,0.006883162725026474,0.0010589481115425344,0.0002647370278856336,0.012442640310624779,0.0007942110836569008,0.0010589481115425344,,0.0002647370278856336,0.002117896223085069,0.005030003529827038,0.002117896223085069,,,,0.0015884221673138016,0.0002647370278856336,,,,,0.020914225202965056,0.010060007059654076,,,0.0010589481115425344,0.0007942110836569008,,,0.025944228732792094,0.011383692199082245,0.0007942110836569008,0.0002647370278856336,,0.0002647370278856336,0.0002647370278856336,0.0010589481115425344,0.0010589481115425344,0.003441581362513237,0.09239322273208612,0.0018531591951994352,0.03891634309918814,,0.0007942110836569008,0.0023826332509707024,0.030709495234733496,0.014031062477938581,0.002117896223085069,0.0005294740557712672,0.0005294740557712672,0.001323685139428168,0.5862160254147547,0.012177903282739145,0.009265795975997176,0.003441581362513237,,0.0015884221673138016,0.003441581362513237,0.0037063183903988705,,0.0005294740557712672,,0.04791740204729968,0.002647370278856336,0.001323685139428168,,,
0.0002647370278856336,0.0005294740557712672,0.00661842569714084,,0.0007942110836569008,,0.003971055418284504,,0.005824214613483939,0.002647370278856336,0.013788386869043417,0.0007942110836569008,,0.011670490645958348,0.0023826332509707024,0.0015884221673138016,,0.0002647370278856336,0.0023826332509707024,0.005030003529827038,0.002117896223085069,,,,0.0015884221673138016,0.0005294740557712672,,,,,0.025458877515001765,0.01111895517119661,,,0.0005294740557712672,0.0002647370278856336,,,0.019612601482527355,0.011935227673843982,0.0005294740557712672,0.0010589481115425344,0.0002647370278856336,0.0002647370278856336,0.0005294740557712672,0.0015884221673138016,0.002647370278856336,0.009001058948111542,0.09415813625132369,0.0037063183903988705,0.047476173667490296,,0.0015884221673138016,0.002647370278856336,0.04827038475114719,0.014317860924814685,0.0018531591951994352,0.0010589481115425344,0.0015884221673138016,0.0031768443346276033,0.536092481468408,0.012994175785386516,0.00953053300388281,0.006883162725026474,,0.002117896223085069,0.003971055418284504,0.006883162725026474,0.0002647370278856336,,,0.04774091069537593,0.0023826332509707024,0.0031768443346276033,,,0.0005294740557712672
,0.0002647370278856336,0.007677373808683374,,,,0.002647370278856336,,0.00661842569714084,0.003441581362513237,0.0063536886692552065,0.0007942110836569008,,0.008471584892340275,0.0010589481115425344,0.0010589481115425344,,0.0002647370278856336,0.0010589481115425344,,0.002117896223085069,,,0.001323685139428168,0.0010589481115425344,0.0007942110836569008,,,,,0.02120102364984116,0.009001058948111542,,,0.0002647370278856336,0.0005294740557712672,,,0.02358365690081186,0.00661842569714084,0.001323685139428168,0.0002647370278856336,0.0002647370278856336,0.0002647370278856336,0.0005294740557712672,0.001323685139428168,0.002647370278856336,0.007147899752912107,0.061220437698552774,0.0023826332509707024,0.023054182845040593,,0.0002647370278856336,0.0031768443346276033,0.040019414048711614,0.010060007059654076,0.0007942110836569008,,0.0010589481115425344,0.001323685139428168,0.6654385810095305,0.009001058948111542,0.007147899752912107,0.001323685139428168,,0.0023826332509707024,0.004500529474055771,0.0037063183903988705,0.0007942110836569008,0.0002647370278856336,,0.035761560183551006,0.004765266501941405,0.0005294740557712672,,,0.0010589481115425344
,,0.009993822802682668,,0.0005074126367807977,0.00024267560889516414,0.006044828803388634,0.00024267560889516414,0.0026253088598658667,0.0010368866925520648,0.003154782915637134,0.0007721496646664313,,0.00869219908224497,0.001566360748323332,0.0010368866925520648,,0.0007721496646664313,0.0018310977762089657,0.00024267560889516414,0.0018310977762089657,,,0.0010368866925520648,0.001566360748323332,0.0010368866925520648,,,,,0.01950229438757501,0.015531238969290505,,,0.0010368866925520648,0.0005074126367807977,,,0.02398076244264031,0.008162725026473703,0.0020958348040945995,0.0013016237204376984,0.0005074126367807977,0.0005074126367807977,,0.002360571831980233,0.0020958348040945995,0.006574302859159901,0.05533003882809742,0.0013016237204376984,0.02528238616307801,0.0005074126367807977,0.0005074126367807977,0.0007721496646664313,0.018972820331803742,0.017119661136604306,0.00024267560889516414,,0.0007721496646664313,0.0020958348040945995,0.6924196964348747,0.007368513942816802,0.005780091775503001,0.0028900458877515003,,0.002360571831980233,0.004213731027179668,0.003684256971408401,0.00024267560889516414,,,0.02766501941404871,0.0018310977762089657,,0.00024267560889516414,,
0.0015001764913519238,,0.010037945640663607,,,0.0004853512177903283,0.005007942110836569,0.00024267560889516414,0.0022502647370278854,0.0012354394634662902,0.0027576773738086833,0.0015001764913519238,,0.013810448288033886,0.0020075891281327216,0.00024267560889516414,,,0.0007500882456759619,,0.000992763854571126,0.00024267560889516414,,0.0004853512177903283,0.000992763854571126,0.00024267560889516414,,,,,0.019833215672432052,0.011538122132015532,,,0.000992763854571126,0.00024267560889516414,,,0.02435580656547829,0.007015531238969291,0.0012354394634662902,0.0004853512177903283,0.0012354394634662902,0.0004853512177903283,,0.0030003529827038475,0.000992763854571126,0.007015531238969291,0.04972643840451818,0.0007500882456759619,0.025613307447935052,,0.000992763854571126,0.0022502647370278854,0.023340981291916696,0.01279562301447229,0.00024267560889516414,,0.00024267560889516414,0.000992763854571126,0.6976703141546065,0.008030356512530886,0.007015531238969291,0.0017428521002470878,,0.0017428521002470878,0.004015178256265443,0.004765266501941405,,0.0004853512177903283,,0.030135898340981293,0.003265090010589481,,0.0004853512177903283,,0.0004853512177903283
,,0.010104129897635017,,,0.00024267560889516414,0.004919696434874691,,0.003948993999294034,0.002448817507942111,0.004919696434874691,0.0007280268266854924,0.00024267560889516414,0.007655312389692905,0.002448817507942111,,0.00024267560889516414,,0.00024267560889516414,,0.0007280268266854924,,,,0.0007280268266854924,0.00024267560889516414,,,,,0.022215848923402753,0.01160430638898694,,,0.0007280268266854924,0.00024267560889516414,0.00024267560889516414,,0.023451288386869044,0.011846981997882105,0.0012133780444758206,0.0004853512177903283,0.0009707024355806565,0.0004853512177903283,0.00024267560889516414,0.0009707024355806565,0.0009707024355806565,0.005669784680550653,0.061970525944228735,0.0014781150723614542,0.02517207906812566,0.0004853512177903283,0.0007280268266854924,0.0031989057536180726,0.020495058242146137,0.015795975997176137,0.00024267560889516414,,0.00024267560889516414,0.0014781150723614542,0.6829332862689729,0.0073905753618072716,0.006419872926226615,0.0017207906812566184,0.00024267560889516414,0.0029562301447229084,0.0019634662901517825,0.0031989057536180726,0.00024267560889516414,0.00024267560889516414,,0.03457024355806566,0.004919696434874691,0.00024267560889516414,0.0004853512177903283,,
,0.0004853512177903283,0.010501235439463467,,0.00024267560889516414,0.00024267560889516414,0.00659636427815037,0.00024267560889516414,0.0039048711613130956,0.0009707024355806565,0.005118249205788916,0.0009707024355806565,,0.007081715495940699,0.0039048711613130956,,,,0.0007280268266854924,0.00024267560889516414,0.00024267560889516414,,,,0.0014560536533709848,0.00024267560889516414,,,,,0.02027444405224144,0.012464701729615248,,0.00024267560889516414,0.0004853512177903283,0.0004853512177903283,,,0.02320861277797388,0.015398870455347689,0.0007280268266854924,0.0004853512177903283,0.0012133780444758206,0.0007280268266854924,,0.0007280268266854924,0.0021840804800564773,0.009773208612777974,0.05548446876103071,0.0014560536533709848,0.02444405224144017,,0.00024267560889516414,0.001941404871161313,0.019303741616660784,0.015134133427462055,0.0004853512177903283,,,0.0029121073067419696,0.6899046946699611,0.006111013060360043,0.004390222379103424,0.0026694316978468054,,0.0021840804800564773,0.0029121073067419696,0.0009707024355806565,0.00024267560889516414,,,0.03397458524532298,0.0031768443346276033,0.00024267560889516414,0.00024267560889516414,,
0.0007500882456759619,0.00024267560889516414,0.015442993293328627,,0.0004853512177903283,0.0007500882456759619,0.006331627250264737,0.00024267560889516414,0.005559477585598305,0.003022414401694317,0.005824214613483939,0.0027797387927991526,,0.009376103070949524,0.0035298270384751147,0.00024267560889516414,,0.00024267560889516414,0.000992763854571126,0.00024267560889516414,0.000992763854571126,0.00024267560889516414,,0.00024267560889516414,0.000992763854571126,0.0007500882456759619,0.00024267560889516414,,,,0.02863572184962937,0.013170667137310271,0.00024267560889516414,,0.0007500882456759619,0.0007500882456759619,,,0.023826332509707025,0.008096540769502295,0.0004853512177903283,0.00024267560889516414,0.00024267560889516414,0.00024267560889516414,0.00024267560889516414,0.002515001764913519,0.0012575008824567595,0.008361277797387929,0.07172167313801624,0.0007500882456759619,0.021531944934698198,,0.00024267560889516414,0.0035298270384751147,0.03801182492057889,0.015950405930109424,0.00024267560889516414,0.00024267560889516414,0.00024267560889516414,0.0017649135192375574,0.6152047299682315,0.009883515707730321,0.006574302859159901,0.0032871514295799505,,0.0015001764913519238,0.0035298270384751147,0.003022414401694317,0.0004853512177903283,,,0.05018972820331804,0.0020075891281327216,0.0012575008824567595,0.00024267560889516414,,
0.0005074126367807977,0.00024267560889516414,0.01162636780797741,,0.00024267560889516414,,0.004897635015884222,0.0005074126367807977,0.004390222379103424,0.0015442993293328627,0.009045181786092482,0.001279562301447229,,0.007236145428873985,0.0030885986586657254,,,0.0005074126367807977,0.0025811860218849275,0.0007721496646664313,0.0010148252735615955,,,0.0010148252735615955,0.0010148252735615955,0.0005074126367807977,,,,,0.0317905047652665,0.01032474408753971,0.001279562301447229,,0.0007721496646664313,0.0005074126367807977,0.0007721496646664313,0.0010148252735615955,0.023760148252735615,0.009045181786092482,0.0007721496646664313,,,,0.00024267560889516414,0.003353335686551359,0.001279562301447229,0.005669784680550653,0.09148870455347688,0.0018090363572184963,0.034879103423932224,0.00024267560889516414,,0.0030885986586657254,0.03565125308859866,0.01447229085774797,0.0005074126367807977,0.0005074126367807977,0.00024267560889516414,0.004390222379103424,0.5575582421461349,0.011361630780091775,0.00825097070243558,0.004632897987998588,,0.002316448993999294,0.003353335686551359,0.007743558065654783,,0.0010148252735615955,,0.06900811860218849,0.0025811860218849275,0.0020517119661136603,,0.00024267560889516414,
,0.0004853512177903283,0.01034680550653018,0.0004853512177903283,0.0004853512177903283,,0.005912460289445817,,0.003684256971408401,0.0012133780444758206,0.006883162725026474,0.0019634662901517825,,0.009354041651959053,0.0026914931168372748,,,,0.0009707024355806565,0.00024267560889516414,0.0007280268266854924,,,0.0009707024355806565,0.0009707024355806565,0.00024267560889516414,,,,,0.019215495940698907,0.01034680550653018,0.0004853512177903283,,0.0007280268266854924,0.00024267560889516414,0.00024267560889516414,,0.02316448993999294,0.003926932580303565,0.0007280268266854924,,,,0.0004853512177903283,0.0004853512177903283,0.0014781150723614542,0.0031989057536180726,0.0648164489939993,0.0014781150723614542,0.018487469114013413,,,0.003926932580303565,0.02267913872220261,0.012310271796681963,,,0.0004853512177903283,0.00416960818919873,0.6930815390045888,0.011074832333215672,0.010589481115425344,0.0014781150723614542,,0.0017207906812566184,0.0031989057536180726,0.004434345217084363,0.0004853512177903283,0.00024267560889516414,,0.029562301447229086,0.0022061418990469467,0.0009707024355806565,,,0.00024267560889516414
,,0.01283974585245323,,,,0.0035077656194846454,0.0004853512177903283,0.0035077656194846454,0.0012575008824567595,0.004765266501941405,0.0020075891281327216,,0.009552594422873279,0.0017428521002470878,,,0.00024267560889516414,0.0012575008824567595,,0.000992763854571126,,,0.0017428521002470878,0.0007500882456759619,0.000992763854571126,,,,,0.02064948817507942,0.014847334980585951,,,0.0012575008824567595,0.00024267560889516414,0.0012575008824567595,,0.02567949170490646,0.006044828803388634,0.0007500882456759619,0.0004853512177903283,0.00024267560889516414,0.00024267560889516414,0.00024267560889516414,0.000992763854571126,0.0007500882456759619,0.002515001764913519,0.060955700670667134,0.000992763854571126,0.022657077303212144,0.00024267560889516414,,0.003265090010589481,0.02618690434168726,0.012575008824567597,,,,0.0027576773738086833,0.6927064948817507,0.010060007059654076,0.007545005294740558,0.0020075891281327216,,0.0020075891281327216,0.004522590893046241,0.0022502647370278854,,0.0007500882456759619,,0.023671902576773738,0.0022502647370278854,0.0007500882456759619,,,
,,0.009751147193787505,,0.0004853512177903283,0.0004853512177903283,0.0024929403459230497,0.0007500882456759619,0.005007942110836569,0.001985527709142252,0.005493293328626897,0.00024267560889516414,,0.009243734557006706,0.0030003529827038475,0.000992763854571126,,,0.0012354394634662902,,0.000992763854571126,,,0.0007500882456759619,0.0007500882456759619,0.0012354394634662902,,,,,0.023032121426050125,0.012266148958701024,,,0.0007500882456759619,0.0017428521002470878,0.0012354394634662902,,0.025789798799858807,0.005250617719731733,0.0017428521002470878,0.0015001764913519238,0.00024267560889516414,,0.0004853512177903283,0.00024267560889516414,0.000992763854571126,0.005493293328626897,0.07386163078009178,0.0015001764913519238,0.033290681256618423,0.0007500882456759619,,0.002735615954818214,0.02929756441934345,0.011758736321920225,0.0004853512177903283,,0.0004853512177903283,0.0034857042004941756,0.6319493469819979,0.013501588422167313,0.009001058948111542,0.0030003529827038475,,0.0017428521002470878,0.004235792446170138,0.0012354394634662902,0.00024267560889516414,0.0004853512177903283,,0.049064595834804096,0.000992763854571126,0.0012354394634662902,,,
,,0.008162725026473703,0.00024267560889516414,0.0009707024355806565,0.00024267560889516414,0.0024708789269325803,,0.0029562301447229084,0.0024708789269325803,0.0029562301447229084,0.0022061418990469467,,0.009883515707730321,0.0014781150723614542,,0.00024267560889516414,,0.0009707024355806565,0.0004853512177903283,0.0007280268266854924,,,0.00024267560889516414,0.00024267560889516414,0.0004853512177903283,,,,,0.028437169078715144,0.01358983409812919,,,0.0004853512177903283,0.0007280268266854924,0.00024267560889516414,0.00024267560889516414,0.018796328979879987,0.005934521708436287,0.0012354394634662902,0.0019634662901517825,0.00024267560889516414,,,0.00024267560889516414,0.0004853512177903283,0.0019634662901517825,0.07569272855630074,0.0004853512177903283,0.030422696787857396,,,0.0022061418990469467,0.0333789269325803,0.015332686198376279,0.0004853512177903283,,,0.005427109071655489,0.6348393928697493,0.009883515707730321,0.007169961171902577,0.0014781150723614542,,0.0012354394634662902,0.0037063183903988705,0.0027135545358277446,0.0004853512177903283,,,0.05837451464878221,0.003441581362513237,0.0009707024355806565,,0.00024267560889516414,
,0.00024267560889516414,0.008206847864454641,,,,0.004721143663960466,0.00024267560889516414,0.002228203318037416,0.0014781150723614542,0.0034857042004941756,0.0012354394634662902,,0.011957289092834451,0.002978291563713378,,,,0.002735615954818214,0.000992763854571126,0.000992763854571126,,,,0.0007280268266854924,0.00024267560889516414,,,,,0.02067154959406989,0.015950405930109424,,,0.0007280268266854924,0.0014781150723614542,,,0.028900458877515002,0.010457112601482528,0.000992763854571126,0.0012354394634662902,,,0.00024267560889516414,0.0004853512177903283,0.0007280268266854924,0.0034857042004941756,0.07900194140487116,0.0004853512177903283,0.03289357571478998,0.00024267560889516414,,0.002735615954818214,0.022921814331097776,0.01319272855630074,0.00024267560889516414,,,0.004235792446170138,0.631066890222379,0.007721496646664314,0.007964172255559478,0.0017428521002470878,,0.002735615954818214,0.004721143663960466,0.003220967172608542,,,,0.05259442287327921,0.002978291563713378,0.0014781150723614542,,,
0.0004853512177903283,0.00024267560889516414,0.015332686198376279,,0.0004853512177903283,0.0004853512177903283,0.005669784680550653,,0.0012354394634662902,0.0031989057536180726,0.009155488881044829,0.0029562301447229084,,0.012354394634662902,0.0012354394634662902,,,0.00024267560889516414,0.0007280268266854924,0.00024267560889516414,0.0007280268266854924,0.00024267560889516414,,,,0.0012354394634662902,,,,,0.02596629015178256,0.013854571126014825,,,0.0022061418990469467,0.0012354394634662902,,0.00024267560889516414,0.022259971761383692,0.01111895517119661,0.0009707024355806565,0.0014781150723614542,0.00024267560889516414,,0.0004853512177903283,0.00024267560889516414,,0.004699082244969997,0.08288475114719379,0.0009707024355806565,0.03933551006000706,,,0.0031989057536180726,0.04081362513236851,0.013854571126014825,0.0004853512177903283,,0.0004853512177903283,0.005184433462760324,0.5924594069890574,0.012861807271443699,0.010390928344511118,0.0037063183903988705,,0.0009707024355806565,0.004191669608189199,0.0029562301447229084,,,,0.04057094952347335,0.0022061418990469467,0.0009707024355806565,0.00024267560889516414,,
0.00024267560889516414,0.0005074126367807977,0.010920402400282386,,0.0007500882456759619,0.00024267560889516414,0.00456671373102718,0.00024267560889516414,0.002029650547123191,0.004809389339922344,0.0157518531591952,0.0027797387927991526,0.00024267560889516414,0.014979703494528767,0.0007500882456759619,0.0005074126367807977,,,0.0017649135192375574,0.0007500882456759619,0.0017649135192375574,,,,,0.0005074126367807977,,,,,0.024885280621249558,0.010920402400282386,,,0.002537063183903989,0.0007500882456759619,,0.00024267560889516414,0.01981115425344158,0.012177903282739145,0.0012575008824567595,0.0007500882456759619,,,0.0005074126367807977,0.002029650547123191,0.0007500882456759619,0.0055815390045887755,0.0802815037063184,0.0007500882456759619,0.031238969290504764,,,0.0027797387927991526,0.07723702788563361,0.011163078009177551,0.0005074126367807977,,0.0007500882456759619,0.014979703494528767,0.5052947405577126,0.01370014119308154,0.016766678432756796,0.0078759265795976,,0.0037945640663607483,0.00659636427815037,0.0037945640663607483,,,,0.0698685139428168,0.004809389339922344,0.0007500882456759619,,0.0005074126367807977,0.00024267560889516414
,0.00024267560889516414,0.008427462054359337,,,,0.0055153547476173665,,0.0026253088598658667,0.003154782915637134,0.009993822802682668,0.0013016237204376984,,0.009729085774797036,0.0007721496646664313,0.00024267560889516414,,0.0007721496646664313,0.0007721496646664313,0.00024267560889516414,0.0007721496646664313,,,0.00024267560889516414,,0.00024267560889516414,,,,,0.020009707024355807,0.009464348746911402,,,0.0010368866925520648,0.0013016237204376984,,0.00024267560889516414,0.017649135192375574,0.009221673138016237,0.0007721496646664313,,0.0007721496646664313,,0.001566360748323332,0.0005074126367807977,0.0013016237204376984,0.0044784680550653015,0.06455171196611366,0.001566360748323332,0.02687080833039181,,,0.0028900458877515003,0.05085157077303212,0.009993822802682668,0.0005074126367807977,0.0005074126367807977,0.00024267560889516414,0.007103776914931168,0.6334274620543594,0.007103776914931168,0.011052770914225202,0.005780091775503001,,0.001566360748323332,0.006839039887045535,0.0034195199435227675,,0.00024267560889516414,,0.05032209671726085,0.0010368866925520648,0.00024267560889516414,,,0.0005074126367807977
0.0007280268266854924,0.00024267560889516414,0.006397811507236145,,,0.0004853512177903283,0.008868690434168726,,0.002448817507942111,0.003684256971408401,0.0078759265795976,0.0014781150723614542,,0.006905224144016943,0.0031989057536180726,,0.0017207906812566184,,0.0017207906812566184,0.0012133780444758206,0.0004853512177903283,,,0.0014781150723614542,0.0004853512177903283,0.0007280268266854924,,,,,0.022193787504412282,0.014781150723614543,,,0.00024267560889516414,0.0017207906812566184,,,0.02563536886692552,0.010104129897635017,0.0012133780444758206,0.002448817507942111,,,,0.0017207906812566184,0.00024267560889516414,0.00024267560889516414,0.06238969290504765,0.002448817507942111,0.026628132721496646,,,0.0026914931168372748,0.024157253794564067,0.011824920578891633,0.0004853512177903283,,0.00024267560889516414,0.00911136604306389,0.6591731380162371,0.01773738086833745,0.008118602188492764,0.0026914931168372748,,0.0026914931168372748,0.0026914931168372748,0.003684256971408401,,0.00024267560889516414,,0.027378220967172608,0.0029562301447229084,0.0017207906812566184,,,0.00024267560889516414
,,0.00862601482527356,,0.00022061418990469467,,0.00911136604306389,0.00022061418990469467,0.003838686904341687,0.0019193434521708435,0.0035960112954465232,0.002139957642075538,,0.015354747617366748,0.005758030356512531,,,0.00022061418990469467,0.0009486410165901871,0.0009486410165901871,,,,0.0004632897987998588,0.0016766678432756795,0.0011913166254853512,,,,,0.018708083303918106,0.014626720790681256,,,0.0014339922343805152,0.0011913166254853512,,,0.025436816096011297,0.004059301094246382,0.0009486410165901871,0.0009486410165901871,,0.00022061418990469467,,0.00022061418990469467,0.0004632897987998588,0.0019193434521708435,0.06168372749735263,0.0007059654076950229,0.025922167313801623,,0.00022061418990469467,0.0026253088598658667,0.02230409459936463,0.009354041651959053,0.00022061418990469467,,0.00022061418990469467,0.00743469819978821,0.6631000705965409,0.0165460642428521,0.011030709495234733,0.0031106600776561947,,0.002139957642075538,0.0035960112954465232,0.0011913166254853512,,,,0.03671020120014119,0.0028679844687610305,0.0016766678432756795,0.0004632897987998588,,0.0004632897987998588
0.00024267560889516414,0.00024267560889516414,0.006706671373102718,,,0.0004853512177903283,0.005228556300741264,0.00024267560889516414,0.003220967172608542,0.002735615954818214,0.003971055418284504,0.002978291563713378,,0.008956936110130603,0.002735615954818214,0.0007280268266854924,,,0.000992763854571126,0.0014781150723614542,0.0004853512177903283,,,,0.0017428521002470878,0.0004853512177903283,,,,,0.024664666431344864,0.013942816801976702,,,0.0017428521002470878,0.0014781150723614542,,,0.03187875044122838,0.00745675961877868,0.0007280268266854924,0.0007280268266854924,,,0.00024267560889516414,,0.0007280268266854924,0.0017428521002470878,0.06825803035651253,0.0007280268266854924,0.022171726085421815,0.0004853512177903283,,0.0034857042004941756,0.020914225202965056,0.012442640310624779,,,,0.007964172255559478,0.6614454641722556,0.009707024355806565,0.010699788210377691,0.0024708789269325803,,0.0004853512177903283,0.004721143663960466,0.003220967172608542,,,,0.03885015884221673,0.0007280268266854924,0.0017428521002470878,,,0.0004853512177903283
,0.00024267560889516414,0.004368160960112955,,0.0012133780444758206,0.0009707024355806565,0.009464348746911402,0.0004853512177903283,0.004853512177903282,0.0016987292622661489,0.004368160960112955,0.0009707024355806565,,0.008008295093540417,0.0016987292622661489,0.003882809742322626,,0.00024267560889516414,0.0021840804800564773,0.0012133780444758206,0.0004853512177903283,,,0.0004853512177903283,0.0004853512177903283,0.0016987292622661489,,,,,0.02331891987292623,0.016259265795976,0.00024267560889516414,,0.0016987292622661489,0.0012133780444758206,,,0.025017649135192374,0.010677726791387222,0.0007280268266854924,0.0009707024355806565,,,,0.0009707024355806565,0.001941404871161313,0.0007280268266854924,0.056852276738439816,0.0009707024355806565,0.01895075891281327,0.00024267560889516414,0.00024267560889516414,0.002426756088951641,0.024289622308506884,0.013347158489234028,0.00024267560889516414,0.002426756088951641,0.00024267560889516414,0.010677726791387222,0.6615116484292269,0.01725202965054712,0.009707024355806565,0.00412548535121779,,0.0012133780444758206,0.003882809742322626,0.0016987292622661489,0.0004853512177903283,,,0.029628485704200493,0.005096187786798447,0.0007280268266854924,,0.0007280268266854924,0.00024267560889516414
0.00024267560889516414,0.0007280268266854924,0.010126191316625486,,0.0004853512177903283,0.0007280268266854924,0.01409724673490999,0.0004853512177903283,0.0037063183903988705,0.0017207906812566184,0.006419872926226615,0.0031989057536180726,,0.013832509707024356,0.0017207906812566184,,,,0.0012354394634662902,0.0019634662901517825,0.00024267560889516414,,,0.0004853512177903283,0.0004853512177903283,0.0014781150723614542,,,,,0.02596629015178256,0.01409724673490999,0.00024267560889516414,,0.0017207906812566184,0.0012354394634662902,,,0.024973526297211435,0.011869043416872574,0.0014781150723614542,0.00024267560889516414,,,0.0012354394634662902,0.0014781150723614542,0.0017207906812566184,0.0029562301447229084,0.08654694669961172,0.00024267560889516414,0.02570155312389693,,,0.004941757853865161,0.03238616307800918,0.013347158489234028,,0.0012354394634662902,0.0004853512177903283,0.012354394634662902,0.5696258383339217,0.022259971761383692,0.01111895517119661,0.0031989057536180726,,0.0027135545358277446,0.005669784680550653,0.0031989057536180726,,,,0.044012530885986584,0.005184433462760324,0.0009707024355806565,0.00024267560889516414,0.0019634662901517825,
0.0004853512177903283,0.0012354394634662902,0.011295446523120367,,0.0004853512177903283,,0.013810448288033886,0.00024267560889516414,0.005758030356512531,0.0015001764913519238,0.005758030356512531,0.0024929403459230497,,0.010280621249558771,0.000992763854571126,0.0004853512177903283,,,0.006022767384398164,0.0022502647370278854,0.00024267560889516414,0.00024267560889516414,,0.0004853512177903283,,0.0007500882456759619,,,,,0.02234821743734557,0.013810448288033886,0.00024267560889516414,,0.0017428521002470878,0.000992763854571126,0.00024267560889516414,,0.027620896576067772,0.013545711260148252,0.000992763854571126,0.000992763854571126,0.00024267560889516414,,0.0024929403459230497,0.0007500882456759619,0.0015001764913519238,0.006265442993293328,0.07862689728203318,0.0012354394634662902,0.038188316272502645,0.00024267560889516414,0.00024267560889516414,0.0030003529827038475,0.02989322273208613,0.015067949170490647,0.000992763854571126,0.0004853512177903283,0.000992763854571126,0.014803212142605012,0.4969775855983055,0.03265090010589481,0.009023120367102013,0.0035077656194846454,,0.0017428521002470878,0.009795270031768444,0.009023120367102013,0.0007500882456759619,,,0.08868690434168726,0.0017428521002470878,0.00024267560889516414,0.00024267560889516414,0.0027576773738086833,0.0004853512177903283
,0.0007280268266854924,0.007611189551711966,0.00024267560889516414,,,0.009596717260854218,0.00024267560889516414,0.003926932580303565,0.0009707024355806565,0.005162372043769855,0.0019634662901517825,,0.010832156724320509,0.0004853512177903283,,,0.0004853512177903283,0.0009707024355806565,0.0017207906812566184,0.00024267560889516414,,,0.0017207906812566184,,0.0019634662901517825,,,,,0.021664313448641018,0.011317507942110836,,,0.0022061418990469467,0.0007280268266854924,,,0.020186198376279562,0.0078759265795976,0.0007280268266854924,0.0007280268266854924,0.00024267560889516414,,0.0022061418990469467,0.0004853512177903283,0.0014560536533709848,0.0026914931168372748,0.05956583127426756,0.0004853512177903283,0.021399576420755382,,0.00024267560889516414,0.0026914931168372748,0.028304800564772328,0.009596717260854218,0.0012133780444758206,0.0009707024355806565,0.0017207906812566184,0.01328097423226262,0.6607394987645605,0.010082068478644547,0.010082068478644547,0.002934168725732439,,0.0022061418990469467,0.0056477232615601836,0.003926932580303565,0.0004853512177903283,0.00024267560889516414,,0.03840893046240734,0.002448817507942111,0.0007280268266854924,,0.0007280268266854924,0.0004853512177903283
,0.0004853512177903283,0.00496381927285563,,0.00024267560889516414,0.0004853512177903283,0.005206494881750794,0.00024267560889516414,0.004456406636074832,0.0012354394634662902,0.00619925873632192,0.001985527709142252,,0.010170314154606425,0.001985527709142252,,,0.0014781150723614542,0.0014781150723614542,0.0014781150723614542,0.000992763854571126,,,0.003220967172608542,0.000992763854571126,0.0014781150723614542,,,,,0.015398870455347689,0.013898693963995764,,,0.0007280268266854924,0.0012354394634662902,,,0.02905488881044829,0.010412989763501588,0.0012354394634662902,0.00024267560889516414,0.00024267560889516414,,,0.004213731027179668,0.000992763854571126,0.0017207906812566184,0.06779474055771267,,0.023340981291916696,,,0.003220967172608542,0.027819449346981998,0.0136560183551006,,0.000992763854571126,0.0004853512177903283,0.00869219908224497,0.6417666784327567,0.023826332509707025,0.008427462054359337,0.0012354394634662902,,0.0014781150723614542,0.003971055418284504,0.003220967172608542,,0.00024267560889516414,,0.0375044122837981,0.0027135545358277446,0.00024267560889516414,0.00024267560889516414,0.0007280268266854924,0.00024267560889516414
0.0009707024355806565,0.00024267560889516414,0.006397811507236145,,,,0.00664048711613131,0.00024267560889516414,0.004434345217084363,0.003441581362513237,0.008118602188492764,0.0017207906812566184,,0.01281768443346276,0.003441581362513237,0.0007280268266854924,,0.00024267560889516414,0.0014781150723614542,0.0012133780444758206,0.00024267560889516414,,,0.0022061418990469467,0.0017207906812566184,0.0017207906812566184,0.00024267560889516414,,,,0.020208259795270033,0.01725202965054712,,,0.0014781150723614542,0.0007280268266854924,0.00024267560889516414,,0.03130515354747617,0.00911136604306389,0.0009707024355806565,0.0017207906812566184,0.0004853512177903283,,0.0004853512177903283,,0.0012133780444758206,0.0014781150723614542,0.06585333568655136,0.00024267560889516414,0.024399929403459232,,,0.0026914931168372748,0.02982703847511472,0.013060360042357924,0.00024267560889516414,0.0014781150723614542,0.0017207906812566184,0.011096893752206141,0.6325450052947406,0.01948023296858454,0.008868690434168726,0.002448817507942111,,0.0014781150723614542,0.0031989057536180726,0.0022061418990469467,0.00024267560889516414,0.0009707024355806565,,0.030069714084009883,0.0019634662901517825,0.00024267560889516414,,0.0007280268266854924,
,,0.006000705965407695,,,,0.006993469819978821,,0.0032430285915990118,0.0007500882456759619,0.004985880691846099,0.0032430285915990118,,0.011251323685139428,0.002735615954818214,,,,0.000992763854571126,0.0012354394634662902,0.00024267560889516414,,,0.0012354394634662902,0.0007500882456759619,0.000992763854571126,,,,,0.024267560889516412,0.01526650194140487,,,0.0017428521002470878,0.0004853512177903283,,,0.03227585598305683,0.011493999294034593,0.0004853512177903283,0.00024267560889516414,,,,0.00024267560889516414,,0.002735615954818214,0.06532386163078009,0.00024267560889516414,0.02351747264384045,,,0.0024929403459230497,0.019767031415460642,0.015001764913519237,0.0012354394634662902,0.0007500882456759619,0.00024267560889516414,0.009001058948111542,0.6545843628662196,0.016766678432756796,0.007743558065654783,0.001985527709142252,0.0004853512177903283,0.000992763854571126,0.0030003529827038475,0.0034857042004941756,0.0004853512177903283,,,0.03704112248499823,0.0004853512177903283,0.0004853512177903283,,0.0007500882456759619,0.00024267560889516414
0.00024267560889516414,,0.009023120367102013,,0.0004853512177903283,,0.010523296858453936,,0.0015001764913519238,0.0007500882456759619,0.004015178256265443,0.0024929403459230497,,0.012288210377691493,0.004500529474055771,0.0004853512177903283,,0.0007500882456759619,0.0020075891281327216,0.0007500882456759619,0.00024267560889516414,,,0.0012354394634662902,,0.0012354394634662902,,,,,0.022326156018355102,0.018068302153194493,0.0004853512177903283,,0.003750441228379809,0.000992763854571126,,0.00024267560889516414,0.03437169078715143,0.00827303212142605,0.0007500882456759619,,,,,0.00024267560889516414,,0.004015178256265443,0.0667578538651606,,0.029606424285210025,,0.00024267560889516414,0.0030003529827038475,0.031371337804447584,0.013545711260148252,0.0007500882456759619,0.0004853512177903283,0.0007500882456759619,0.011780797740910695,0.6174770561242499,0.014803212142605012,0.00953053300388281,0.0017428521002470878,0.00024267560889516414,0.0007500882456759619,0.005250617719731733,0.0030003529827038475,0.00024267560889516414,,,0.03838686904341687,0.0024929403459230497,0.0007500882456759619,,0.0007500882456759619,0.00024267560889516414
,0.00024267560889516414,0.007368513942816802,,0.0007500882456759619,,0.008118602188492764,,0.002537063183903989,0.004324038122132015,0.005338863395693611,0.0017649135192375574,,0.012972114366396047,0.002029650547123191,0.0005074126367807977,,,0.0017649135192375574,0.0017649135192375574,0.00024267560889516414,,,0.0017649135192375574,0.002029650547123191,0.002029650547123191,,,,,0.02162019061066008,0.018818390398870455,,,0.002537063183903989,0.0005074126367807977,0.0005074126367807977,,0.032805330038828094,0.01780356512530886,0.0017649135192375574,0.0010148252735615955,0.0007500882456759619,,0.0010148252735615955,0.0010148252735615955,0.0005074126367807977,0.005846276032474409,0.08111983762795623,0.00024267560889516414,0.03838686904341687,0.00024267560889516414,,0.0037945640663607483,0.030775679491704906,0.011935227673843982,0.0012575008824567595,0.0010148252735615955,0.0010148252735615955,0.016766678432756796,0.5731556653723967,0.016259265795976,0.0078759265795976,0.004831450758912813,,0.0007500882456759619,0.0055815390045887755,0.0015222379103423931,0.0007500882456759619,,,0.036621955524179316,0.0030444758206847862,0.00024267560889516414,,0.0007500882456759619,
,0.00024267560889516414,0.00913342746205436,0.0005074126367807977,,,0.00703759265795976,,0.0023385104129897633,0.004434345217084363,0.008074479350511825,0.0018090363572184963,,0.01486939639957642,0.0028679844687610305,0.0007721496646664313,,0.0007721496646664313,0.0028679844687610305,0.0005074126367807977,0.002603247440875397,,,0.0007721496646664313,0.0018090363572184963,0.0007721496646664313,,,,,0.02532650900105895,0.012530885986586656,,,0.0018090363572184963,0.0005074126367807977,0.00024267560889516414,,0.03289357571478998,0.008868690434168726,0.001566360748323332,0.0013016237204376984,0.0005074126367807977,,0.0005074126367807977,0.0010368866925520648,0.0007721496646664313,0.00783180374161666,0.07622220261207201,0.001566360748323332,0.035761560183551006,0.00024267560889516414,,0.005471231909636428,0.0425564772326156,0.00990557712672079,0.0007721496646664313,0.0010368866925520648,0.0005074126367807977,0.01120720084715849,0.5345261207200847,0.008603953406283091,0.00703759265795976,0.00833921637839746,,0.004434345217084363,0.005471231909636428,0.004941757853865161,0.0013016237204376984,,,0.07754588775150018,0.002603247440875397,0.0007721496646664313,,0.0007721496646664313,0.0005074126367807977
,,0.007655312389692905,0.0007721496646664313,,0.00024267560889516414,0.008449523473349806,0.0007721496646664313,0.0026253088598658667,0.0034195199435227675,0.0047432050829509355,0.0010368866925520648,,0.01321478997529121,0.0007721496646664313,0.0013016237204376984,,,0.0013016237204376984,0.0007721496646664313,0.0018310977762089657,0.00024267560889516414,0.00024267560889516414,0.002360571831980233,0.001566360748323332,0.0007721496646664313,,,,,0.023274797034945286,0.015067949170490647,,,0.0010368866925520648,0.00024267560889516414,,,0.020892163783974585,0.006331627250264737,0.0013016237204376984,0.00024267560889516414,,,0.0005074126367807977,0.0007721496646664313,,0.006861101306036004,0.06347070243558066,0.0007721496646664313,0.015332686198376279,,,0.003154782915637134,0.025922167313801623,0.00950847158489234,,0.0013016237204376984,0.0005074126367807977,0.01242057889163431,0.6853379809389339,0.005537416166607836,0.007655312389692905,0.0020958348040945995,,0.0026253088598658667,0.003948993999294034,0.0026253088598658667,0.00024267560889516414,,,0.024598482174373455,0.0010368866925520648,0.0005074126367807977,,0.0007721496646664313,
0.0005294740557712672,,0.0060889516413695725,0.0005294740557712672,,0.0005294740557712672,0.009795270031768444,,0.0031768443346276033,0.0010589481115425344,0.002647370278856336,0.005294740557712672,,0.015906283092128486,0.002117896223085069,,,,0.0015884221673138016,0.0010589481115425344,,,,0.001323685139428168,0.001323685139428168,0.001323685139428168,,,,,0.01989939992940346,0.019612601482527355,,,0.0007942110836569008,0.0002647370278856336,,,0.03104041651959054,0.00661842569714084,0.001323685139428168,0.0002647370278856336,0.0005294740557712672,,0.0002647370278856336,0.003441581362513237,,0.003441581362513237,0.05649929403459231,0.0002647370278856336,0.027576773738086834,,,0.0029121073067419696,0.02942993293328627,0.012994175785386516,0.0002647370278856336,0.0005294740557712672,0.0002647370278856336,0.009001058948111542,0.6461127779738793,0.014582597952700317,0.007147899752912107,0.0015884221673138016,,0.0029121073067419696,0.0031768443346276033,0.0018531591951994352,,,,0.03580568302153195,0.0031768443346276033,0.001323685139428168,,0.0007942110836569008,
0.00024267560889516414,,0.006265442993293328,0.00024267560889516414,,,0.005758030356512531,,0.0033974585245322977,0.0007721496646664313,0.0039048711613130956,0.0023385104129897633,,0.01491351923755736,0.002603247440875397,,,0.0005074126367807977,0.0010368866925520648,0.0007721496646664313,,,,0.0013016237204376984,0.001566360748323332,0.002603247440875397,,,,,0.017274091069537593,0.019105188845746558,,,0.0005074126367807977,,0.0010368866925520648,,0.025900105894811155,0.009155488881044829,0.0007721496646664313,0.0005074126367807977,0.00024267560889516414,0.00024267560889516414,,0.00024267560889516414,0.0005074126367807977,0.0023385104129897633,0.05625661842569714,0.00024267560889516414,0.02197317331450759,0.0005074126367807977,0.00024267560889516414,0.0020737733851041297,0.023539534062830922,0.010457112601482528,0.00024267560889516414,0.0013016237204376984,,0.01202347334980586,0.6755868337451465,0.019612601482527355,0.006794917049064595,0.0028679844687610305,,0.0013016237204376984,0.00416960818919873,0.001566360748323332,,,,0.029032827391457818,0.0018310977762089657,0.0013016237204376984,,0.0007721496646664313,0.00024267560889516414
,0.0005074126367807977,0.005735968937522061,0.00024267560889516414,,0.00024267560889516414,0.005228556300741264,0.0005074126367807977,0.003640134133427462,0.0005074126367807977,0.0039048711613130956,0.0023385104129897633,,0.013060360042357924,0.003132721496646664,,,0.00024267560889516414,0.0007721496646664313,0.0007721496646664313,,0.00024267560889516414,,0.002603247440875397,0.0018090363572184963,0.0010368866925520648,,,,,0.02325273561595482,0.018553653370984823,,,0.0007721496646664313,0.00024267560889516414,0.0007721496646664313,,0.028216554888810447,0.00703759265795976,0.0007721496646664313,0.0010368866925520648,0.00024267560889516414,,,0.0007721496646664313,0.0010368866925520648,0.0018090363572184963,0.0541166607836216,0.00024267560889516414,0.021156900811860217,,0.00024267560889516414,0.002603247440875397,0.025878044475820684,0.009398164489939994,0.0010368866925520648,0.0007721496646664313,,0.00992763854571126,0.67810183551006,0.013060360042357924,0.005735968937522061,0.0018090363572184963,,0.0007721496646664313,0.005735968937522061,0.0018090363572184963,,,,0.033202435580656546,0.001566360748323332,0.0007721496646664313,,0.0007721496646664313,0.00024267560889516414
0.0005074126367807977,0.00024267560889516414,0.006574302859159901,,,0.00024267560889516414,0.011560183551006001,0.00024267560889516414,0.0026253088598658667,0.0005074126367807977,0.004721143663960466,0.001566360748323332,,0.016038651606071302,0.003154782915637134,,,0.0020958348040945995,0.0010368866925520648,0.0010368866925520648,,0.00024267560889516414,,0.002360571831980233,0.0005074126367807977,0.002360571831980233,,,,,0.019722908577479704,0.020252382633250972,,,0.0010368866925520648,0.00024267560889516414,0.0010368866925520648,,0.027863572184962937,0.010258559830568302,0.0007721496646664313,0.0005074126367807977,0.00024267560889516414,,0.0005074126367807977,0.0005074126367807977,0.0010368866925520648,0.0010368866925520648,0.058661313095658314,0.0010368866925520648,0.02155400635368867,,,0.0018310977762089657,0.02444405224144017,0.013413342746205436,0.0005074126367807977,0.0005074126367807977,,0.010765972467349099,0.6566360748323332,0.013148605718319802,0.006044828803388634,0.0018310977762089657,,0.0013016237204376984,0.0078759265795976,0.001566360748323332,,,,0.03128309212848571,0.0026253088598658667,,0.00024267560889516414,0.0007721496646664313,0.0013016237204376984
0.0002647370278856336,0.0002647370278856336,0.013832509707024356,,0.0007942110836569008,0.0005294740557712672,0.011957289092834451,0.0002647370278856336,0.004257853865160607,0.0005294740557712672,0.006111013060360043,0.0015884221673138016,,0.012508824567596187,0.0029121073067419696,,0.0002647370278856336,0.0002647370278856336,0.0018531591951994352,0.0015884221673138016,,,,0.004257853865160607,0.0007942110836569008,0.002117896223085069,,,,,0.02687080833039181,0.01650194140487116,,,0.002117896223085069,,0.0002647370278856336,,0.027135545358277443,0.009309918813978114,0.001323685139428168,,0.0002647370278856336,0.0002647370278856336,,0.0015884221673138016,0.002117896223085069,0.0023826332509707024,0.07719290504765267,0.0002647370278856336,0.030334451111895516,,,0.0018531591951994352,0.02687080833039181,0.017031415460642428,0.0005294740557712672,0.0010589481115425344,0.0005294740557712672,0.009839392869749383,0.5955480056477233,0.013832509707024356,0.00743469819978821,0.0031768443346276033,,0.002117896223085069,0.010633603953406283,0.0037063183903988705,,,,0.03618072714436993,0.003971055418284504,,,0.0002647370278856336,0.0005294740557712672
0.0010589481115425344,0.0002647370278856336,0.016038651606071302,,0.0015884221673138016,0.0005294740557712672,0.009883515707730321,0.0005294740557712672,0.005074126367807978,0.001323685139428168,0.005868337451464878,0.0010589481115425344,,0.01120720084715849,0.005074126367807978,,,0.0002647370278856336,0.0026694316978468054,0.0007942110836569008,0.0002647370278856336,0.0005294740557712672,,0.001323685139428168,0.0002647370278856336,0.0018531591951994352,,,,,0.02325273561595482,0.007478821037769149,,,0.00372837980938934,0.0007942110836569008,0.0002647370278856336,,0.020583303918108014,0.009883515707730321,0.0010589481115425344,0.002117896223085069,0.0005294740557712672,0.0002647370278856336,0.0005294740557712672,0.00454465231203671,0.002117896223085069,0.005603600423579245,0.07511913166254854,0.0002647370278856336,0.029121073067419696,,,0.0026694316978468054,0.03421726085421814,0.018708083303918106,0.002404694669961172,0.0010589481115425344,0.0002647370278856336,0.00908930462407342,0.5328494528768091,0.01202347334980586,0.01789181080127074,0.001323685139428168,,0.00454465231203671,0.004809389339922344,0.004809389339922344,,,,0.09356247793858101,0.0031989057536180726,0.0018531591951994352,,,
0.0002647370278856336,0.0002647370278856336,0.008405400635368867,,,,0.008405400635368867,,0.0026914931168372748,0.0018972820331803742,0.005956583127426756,0.0010810095305330038,,0.01491351923755736,0.0005294740557712672,,,,0.0005294740557712672,0.0010810095305330038,,0.0005294740557712672,,0.0021620190610660076,,0.0010810095305330038,,,,,0.023054182845040593,0.012199964701729616,,,0.0010810095305330038,0.0005294740557712672,,,0.019524355806565478,0.0062213201553123895,0.0018972820331803742,0.0005294740557712672,0.0005294740557712672,,0.0005294740557712672,0.0007942110836569008,0.001610483586304271,0.005140310624779386,0.04718937522061419,0.0005294740557712672,0.02276738439816449,,,0.0021620190610660076,0.027378220967172608,0.013545711260148252,0.0005294740557712672,0.0010810095305330038,0.0002647370278856336,0.008670137663254501,0.6885810095305329,0.008934874691140134,0.008670137663254501,0.0026914931168372748,,0.0026914931168372748,0.0021620190610660076,0.001610483586304271,,,,0.03362160254147547,0.0013457465584186374,0.0010810095305330038,0.0002647370278856336,0.0007942110836569008,
,,0.007280268266854924,,,0.00024267560889516414,0.006530180021178962,,0.0027576773738086833,,0.005272679138722203,0.0015001764913519238,,0.013832509707024356,0.003265090010589481,0.00024267560889516414,,0.0004853512177903283,0.000992763854571126,0.0012575008824567595,0.0020075891281327216,,,0.0017428521002470878,0.0007500882456759619,0.000992763854571126,,,,,0.017097599717613838,0.018862513236851394,,,0.0007500882456759619,0.0007500882456759619,0.00024267560889516414,,0.025414754677020826,0.005780091775503001,0.00024267560889516414,0.0012575008824567595,0.00024267560889516414,,0.0007500882456759619,0.003265090010589481,0.0015001764913519238,0.0030003529827038475,0.05409459936463113,0.00024267560889516414,0.024135192375573596,,,0.003265090010589481,0.026407518531591952,0.011560183551006001,0.0004853512177903283,0.0004853512177903283,0.00024267560889516414,0.006772855630074126,0.6791607836216026,0.018112424991175432,0.009309918813978114,0.002515001764913519,,0.0017428521002470878,0.003265090010589481,0.0015001764913519238,,,,0.025414754677020826,0.0017428521002470878,,0.0004853512177903283,0.0007500882456759619,
0.00024267560889516414,,0.008802506177197317,,0.000992763854571126,0.0007500882456759619,0.005030003529827038,0.0007500882456759619,0.003772502647370279,0.00024267560889516414,0.0027576773738086833,0.0015001764913519238,,0.007809742322626191,0.0017428521002470878,0.0004853512177903283,,,0.00024267560889516414,0.0007500882456759619,0.0007500882456759619,0.0004853512177903283,,0.003772502647370279,0.000992763854571126,0.0007500882456759619,,,,,0.0186418990469467,0.011824920578891633,0.00024267560889516414,0.00024267560889516414,0.0007500882456759619,0.0004853512177903283,0.0004853512177903283,,0.02241440169431698,0.006794917049064595,0.00024267560889516414,0.0012575008824567595,0.00024267560889516414,,,,0.00024267560889516414,0.0012575008824567595,0.05113836921990823,0.0007500882456759619,0.01610483586304271,,,0.002515001764913519,0.01409724673490999,0.010060007059654076,0.0012575008824567595,0.00024267560889516414,0.00024267560889516414,0.003772502647370279,0.7306962583833392,0.010832156724320509,0.005537416166607836,0.003265090010589481,0.00024267560889516414,0.0012575008824567595,0.002515001764913519,0.000992763854571126,,,,0.03324655841863749,0.0017428521002470878,,,0.0007500882456759619,0.000992763854571126
,,0.006949346981997882,,,0.00024267560889516414,0.0071920225908930465,,0.0020517119661136603,0.0015442993293328627,0.002316448993999294,0.0015442993293328627,,0.011317507942110836,0.002559124602894458,,,0.001279562301447229,0.0007721496646664313,0.0007721496646664313,0.00024267560889516414,,,0.0020517119661136603,0.0017869749382280267,0.0005074126367807977,,,,,0.018774267560889516,0.015950405930109424,,,0.00024267560889516414,0.0007721496646664313,0.0007721496646664313,,0.027532650900105895,0.006949346981997882,0.0010148252735615955,0.0005074126367807977,0.00024267560889516414,,,,,0.0017869749382280267,0.05945552417931521,0.0005074126367807977,0.02239234027532651,,,0.003860748323332157,0.024179315213554535,0.011052770914225202,0.0005074126367807977,0.00024267560889516414,0.0007721496646664313,0.002559124602894458,0.6953318037416167,0.012089657606777268,0.007721496646664314,0.0030885986586657254,0.00024267560889516414,0.0015442993293328627,0.003860748323332157,0.0020517119661136603,0.00024267560889516414,,,0.027797387927991527,0.0020517119661136603,,,0.0007721496646664313,
0.0015222379103423931,,0.010964525238263325,0.00024267560889516414,0.0007500882456759619,0.0005074126367807977,0.008405400635368867,0.0010148252735615955,0.0012575008824567595,0.0005074126367807977,0.0035739498764560534,0.0035739498764560534,,0.005603600423579245,0.004588775150017649,0.00024267560889516414,,0.002537063183903989,0.002029650547123191,,0.0007500882456759619,0.00024267560889516414,,0.0022943875750088246,0.002537063183903989,0.0005074126367807977,,,,,0.019656724320508294,0.015818037416166608,,0.0010148252735615955,0.0007500882456759619,,0.0007500882456759619,,0.023230674196964347,0.01197935051182492,0.0005074126367807977,0.0005074126367807977,0.00024267560889516414,0.00024267560889516414,0.00024267560889516414,0.002537063183903989,0.00024267560889516414,0.0007500882456759619,0.08065654782915638,0.00024267560889516414,0.028591599011648428,0.00024267560889516414,,0.0038166254853512177,0.014295799505824214,0.013016237204376986,0.0005074126367807977,0.00024267560889516414,0.00024267560889516414,0.0035739498764560534,0.6201906106600776,0.01325891281327215,0.005603600423579245,0.00536092481468408,0.00024267560889516414,0.0007500882456759619,0.00330921284857042,0.004081362513236851,0.00024267560889516414,,,0.06305153547476174,0.005603600423579245,0.00024267560889516414,,0.0005074126367807977,
0.00024267560889516414,,0.015795975997176137,0.0005074126367807977,,0.00024267560889516414,0.010192375573596894,,0.00330921284857042,0.0012575008824567595,0.004831450758912813,0.00330921284857042,,0.0071258383339216375,0.002537063183903989,0.00024267560889516414,,0.0005074126367807977,0.0015222379103423931,,0.00024267560889516414,,0.00024267560889516414,0.0012575008824567595,0.0017649135192375574,0.0010148252735615955,0.00024267560889516414,,,,0.02854747617366749,0.022171726085421815,0.0007500882456759619,,0.0005074126367807977,0.0010148252735615955,0.0015222379103423931,,0.028040063536886692,0.008140663607483233,0.0005074126367807977,0.0005074126367807977,0.00024267560889516414,0.00024267560889516414,0.0005074126367807977,0.0012575008824567595,0.0007500882456759619,0.0028018002117896224,0.0805683021531945,0.0005074126367807977,0.029562301447229086,0.0005074126367807977,,0.005846276032474409,0.022171726085421815,0.015553300388280974,0.0010148252735615955,0.00024267560889516414,0.0005074126367807977,0.0017649135192375574,0.5926138369219908,0.009684962936816095,0.009177550300035298,0.0063536886692552065,0.00024267560889516414,0.0022943875750088246,0.005603600423579245,0.005846276032474409,0.00024267560889516414,,,0.047432050829509353,0.005096187786798447,0.0017649135192375574,,0.0012575008824567595,0.00024267560889516414
0.00024267560889516414,0.00024267560889516414,0.025613307447935052,0.0005074126367807977,,,0.00783180374161666,,0.00496381927285563,0.0013016237204376984,0.005471231909636428,0.0020737733851041297,,0.006794917049064595,0.0020737733851041297,0.00024267560889516414,,0.0005074126367807977,0.006000705965407695,,0.0010368866925520648,,,0.003132721496646664,0.0013016237204376984,0.0013016237204376984,,,,,0.028481291916696082,0.009398164489939994,0.0007721496646664313,0.00024267560889516414,0.0007721496646664313,0.0010368866925520648,0.001566360748323332,,0.022215848923402753,0.006000705965407695,0.0005074126367807977,0.0007721496646664313,0.0005074126367807977,0.00024267560889516414,0.001566360748323332,0.001566360748323332,0.001566360748323332,0.006000705965407695,0.10271796681962583,0.0018090363572184963,0.03607042004941758,,0.0013016237204376984,0.00783180374161666,0.018553653370984823,0.01985527709142252,0.0018090363572184963,,0.0010368866925520648,0.0018090363572184963,0.5353644546417227,0.006000705965407695,0.005735968937522061,0.00913342746205436,0.00024267560889516414,0.0028679844687610305,0.006000705965407695,0.006000705965407695,0.0007721496646664313,,,0.0695155312389693,0.004434345217084363,0.003640134133427462,,0.0033974585245322977,0.00024267560889516414
0.0007500882456759619,,0.00871426050123544,0.00024267560889516414,0.0010148252735615955,,0.007942110836569007,,0.0048755735968937525,0.0028018002117896224,0.0053829862336745495,,,0.006662548535121779,0.004346099541122485,0.002559124602894458,,0.00024267560889516414,0.0015222379103423931,0.00024267560889516414,0.0007500882456759619,,,0.0015222379103423931,0.0007500882456759619,0.0007500882456759619,,,,,0.022568831627250263,0.010765972467349099,0.0010148252735615955,0.00024267560889516414,0.0007500882456759619,0.00024267560889516414,0.0005074126367807977,,0.022061418990469466,0.006155135898340981,0.0005074126367807977,0.0005074126367807977,0.00024267560889516414,,0.0017869749382280267,0.0010148252735615955,0.002559124602894458,0.0046108365690081185,0.07004500529474056,0.001279562301447229,0.0210245322979174,,0.0010148252735615955,0.003066537239675256,0.020781856689022236,0.012045534768796329,0.003066537239675256,,0.0010148252735615955,0.001279562301447229,0.6685933639251675,0.00743469819978821,0.006662548535121779,0.00743469819978821,0.00024267560889516414,0.003066537239675256,0.004346099541122485,0.003838686904341687,0.00024267560889516414,,,0.029253441581362512,0.0022943875750088246,0.0017869749382280267,,0.0033312742675608896,0.00024267560889516414
,,0.008405400635368867,0.00024267560889516414,0.0005074126367807977,,0.008670137663254501,0.0007500882456759619,0.0028018002117896224,0.0012575008824567595,0.004588775150017649,0.0022943875750088246,,0.005603600423579245,0.002029650547123191,0.0007500882456759619,,0.00024267560889516414,0.0017649135192375574,,0.00024267560889516414,,,0.00024267560889516414,0.0005074126367807977,,,,,,0.01861983762795623,0.011714613483939287,0.0005074126367807977,,0.0007500882456759619,0.00024267560889516414,0.0005074126367807977,,0.027025238263325098,0.006375750088245676,0.0005074126367807977,0.0007500882456759619,,,0.0017649135192375574,0.0015222379103423931,0.0015222379103423931,0.0028018002117896224,0.05508736321920226,0.00024267560889516414,0.03265090010589481,0.0005074126367807977,,0.0028018002117896224,0.01987733851041299,0.011714613483939287,0.0010148252735615955,0.00024267560889516414,0.0007500882456759619,0.0028018002117896224,0.6798888104482881,0.009177550300035298,0.008912813272149664,0.005096187786798447,0.00024267560889516414,0.0017649135192375574,0.005096187786798447,0.002029650547123191,0.0010148252735615955,,,0.03825450052947406,0.0015222379103423931,0.0005074126367807977,,0.0030444758206847862,0.00024267560889516414
,,0.011913166254853513,,0.0005074126367807977,,0.006331627250264737,0.00024267560889516414,0.0032871514295799505,0.0015222379103423931,0.003551888457465584,0.0012575008824567595,,0.006839039887045535,0.002029650547123191,,,0.00024267560889516414,0.0027797387927991526,0.0015222379103423931,0.0007500882456759619,,,0.0005074126367807977,0.0037945640663607483,0.00024267560889516414,,,,,0.020539181080127075,0.017494705259442286,,,0.00024267560889516414,,0.0010148252735615955,,0.03068743381574303,0.011913166254853513,0.0010148252735615955,0.0007500882456759619,0.00024267560889516414,0.00024267560889516414,,0.0010148252735615955,0.0010148252735615955,0.0010148252735615955,0.06369131662548536,0.0005074126367807977,0.023848393928697493,,,0.0027797387927991526,0.016237204376985528,0.013435404165195905,0.0005074126367807977,0.00024267560889516414,0.0010148252735615955,0.002537063183903989,0.6608498058595129,0.015222379103423932,0.005824214613483939,0.00659636427815037,0.00024267560889516414,0.0032871514295799505,0.00456671373102718,0.0017649135192375574,0.00024267560889516414,,,0.03754853512177903,0.0030444758206847862,0.0005074126367807977,,0.0007500882456759619,0.00024267560889516414
,,0.007500882456759618,,0.0004853512177903283,,0.003750441228379809,0.00024267560889516414,0.0030003529827038475,0.0017428521002470878,0.002735615954818214,0.0017428521002470878,,0.009001058948111542,0.0024929403459230497,,,0.00024267560889516414,0.0024929403459230497,0.0004853512177903283,0.00024267560889516414,0.00024267560889516414,,,0.0015001764913519238,,,,,,0.02150988351570773,0.015509177550300035,,,0.0007500882456759619,0.0007500882456759619,0.0007500882456759619,,0.03227585598305683,0.011251323685139428,0.0004853512177903283,0.0007500882456759619,0.00024267560889516414,,0.0004853512177903283,0.00024267560889516414,0.0012354394634662902,0.0012354394634662902,0.058308330391810805,,0.020252382633250972,0.00024267560889516414,,0.0032430285915990118,0.01700935404165196,0.010501235439463467,,,0.0012354394634662902,0.001985527709142252,0.6873896929050476,0.012751500176491352,0.00950847158489234,0.0034857042004941756,0.00024267560889516414,0.0004853512177903283,0.005735968937522061,0.0022502647370278854,0.0007500882456759619,,,0.03578362160254148,0.0007500882456759619,0.0012354394634662902,,0.0012354394634662902,0.00024267560889516414
0.0004853512177903283,,0.00664048711613131,,0.0007280268266854924,0.00024267560889516414,0.005669784680550653,0.00024267560889516414,0.0022061418990469467,0.0004853512177903283,0.004191669608189199,0.0022061418990469467,,0.0078759265795976,0.002448817507942111,0.0004853512177903283,,0.0004853512177903283,0.0017207906812566184,0.0004853512177903283,,,,0.00024267560889516414,0.0022061418990469467,,,,,,0.02638545711260148,0.01330303565125309,,0.00024267560889516414,0.0007280268266854924,0.0004853512177903283,0.0009707024355806565,,0.0286136604306389,0.004191669608189199,0.0004853512177903283,,0.00024267560889516414,,,0.0009707024355806565,0.00024267560889516414,0.0004853512177903283,0.06042622661489587,,0.027620896576067772,,,0.0031989057536180726,0.0244219908224497,0.011096893752206141,0.0009707024355806565,0.0004853512177903283,0.0009707024355806565,0.0019634662901517825,0.6748808683374514,0.015531238969290505,0.006397811507236145,0.0031989057536180726,0.00024267560889516414,0.002448817507942111,0.0031989057536180726,0.0009707024355806565,0.0014781150723614542,,,0.037482350864807626,0.004434345217084363,0.0007280268266854924,0.00024267560889516414,0.0012133780444758206,
0.00024267560889516414,,0.011317507942110836,,0.00024267560889516414,0.00024267560889516414,0.008030356512530886,0.00024267560889516414,0.002515001764913519,0.000992763854571126,0.005780091775503001,0.002515001764913519,,0.007787680903635722,0.0027576773738086833,,,0.0007500882456759619,0.0017428521002470878,0.0007500882456759619,0.0004853512177903283,,0.00024267560889516414,,0.0017428521002470878,0.0007500882456759619,,,,,0.02565743028591599,0.01081009530533004,,,0.000992763854571126,0.0007500882456759619,0.000992763854571126,,0.025150017649135194,0.009045181786092482,0.0004853512177903283,0.0004853512177903283,0.000992763854571126,,0.0015001764913519238,0.0012575008824567595,0.0012575008824567595,0.000992763854571126,0.07169961171902577,0.0007500882456759619,0.030180021178962232,0.00024267560889516414,,0.0035077656194846454,0.027929756441934347,0.020362689728203317,0.0007500882456759619,0.0015001764913519238,0.000992763854571126,0.0030003529827038475,0.6253750441228381,0.007787680903635722,0.008802506177197317,0.004522590893046241,0.00024267560889516414,0.003265090010589481,0.006287504412283798,0.011824920578891633,0.00024267560889516414,,,0.03521002470878927,0.005030003529827038,0.00024267560889516414,,0.0007500882456759619,
,,0.012619131662548536,,0.00024267560889516414,0.00024267560889516414,0.011096893752206141,0.00024267560889516414,0.005537416166607836,0.003022414401694317,0.007324391104835863,0.0012575008824567595,,0.012619131662548536,0.008074479350511825,,,,0.003022414401694317,0.0007500882456759619,,0.00024267560889516414,0.00024267560889516414,0.0004853512177903283,0.002272326156018355,0.002272326156018355,,,,,0.02448817507942111,0.012883868690434168,,,0.003022414401694317,0.00024267560889516414,,,0.0260104129897635,0.014384045181786093,0.0007500882456759619,0.0007500882456759619,0.000992763854571126,,0.0012575008824567595,0.0012575008824567595,0.0012575008824567595,0.004037239675255913,0.06417666784327568,0.00024267560889516414,0.030819802329685845,0.00024267560889516414,,0.011361630780091775,0.039666431344864105,0.014384045181786093,0.0020075891281327216,,0.0015001764913519238,0.006552241440169432,0.5197229085774796,0.01034680550653018,0.05533003882809742,0.006309565831274268,0.00024267560889516414,0.0020075891281327216,0.011869043416872574,0.002272326156018355,,0.00024267560889516414,,0.054050476526650196,0.003265090010589481,0.00024267560889516414,,,0.00024267560889516414
,,0.006816978468055066,,,0.00024267560889516414,0.008118602188492764,0.00024267560889516414,0.005493293328626897,0.0005074126367807977,0.005493293328626897,0.0010368866925520648,0.00024267560889516414,0.012310271796681963,0.0010368866925520648,,,0.00024267560889516414,0.003132721496646664,0.0010368866925520648,0.0007721496646664313,,,0.0005074126367807977,0.0013016237204376984,0.00024267560889516414,,,,,0.029628485704200493,0.01729615248852806,,0.00024267560889516414,0.0020958348040945995,0.00024267560889516414,,,0.02517207906812566,0.010479174020472997,0.0005074126367807977,,0.00024267560889516414,,0.0010368866925520648,0.0010368866925520648,0.0010368866925520648,0.0007721496646664313,0.05034415813625132,0.001566360748323332,0.014670843628662196,,,0.004721143663960466,0.025436816096011297,0.012045534768796329,0.0010368866925520648,0.0005074126367807977,0.0010368866925520648,0.0020958348040945995,0.6867719731733145,0.00496381927285563,0.007324391104835863,0.0020958348040945995,0.00024267560889516414,0.0010368866925520648,0.007324391104835863,0.001566360748323332,,,,0.031989057536180726,0.003132721496646664,0.0005074126367807977,0.00024267560889516414,0.0007721496646664313,
,,0.006530180021178962,,0.00024267560889516414,,0.006265442993293328,0.0007721496646664313,0.001566360748323332,0.0010368866925520648,0.00496381927285563,0.0018310977762089657,,0.0070596540769502295,0.0028679844687610305,0.0005074126367807977,,0.00024267560889516414,0.0018310977762089657,0.0007721496646664313,0.00024267560889516414,,,0.0018310977762089657,0.0007721496646664313,0.0007721496646664313,,,,,0.025922167313801623,0.015178256265442993,,,0.00024267560889516414,,,0.00024267560889516414,0.02826067772679139,0.007324391104835863,0.0007721496646664313,,0.00024267560889516414,,,0.0010368866925520648,,0.0013016237204376984,0.06625044122837981,,0.02565743028591599,0.00024267560889516414,,0.004434345217084363,0.025922167313801623,0.008361277797387929,0.0005074126367807977,0.0013016237204376984,0.0013016237204376984,0.001566360748323332,0.6819405224144017,0.02067154959406989,0.006530180021178962,0.0013016237204376984,0.0005074126367807977,0.001566360748323332,0.00416960818919873,0.0010368866925520648,,0.00024267560889516414,,0.02199523473349806,0.0023385104129897633,0.0005074126367807977,0.00024267560889516414,0.0007721496646664313,
,,0.011295446523120367,,0.0002647370278856336,0.0002647370278856336,0.0072582068478644545,0.0002647370278856336,0.0018752206141899046,0.0013457465584186374,0.002404694669961172,0.0010589481115425344,,0.011295446523120367,0.003750441228379809,0.0007942110836569008,,,0.002404694669961172,0.0005294740557712672,0.0007942110836569008,,,0.001610483586304271,0.0010589481115425344,0.0005294740557712672,,,,,0.021002470878926933,0.015884221673138015,,,0.0007942110836569008,0.0005294740557712672,0.0002647370278856336,,0.03311418990469467,0.012111719025767737,0.0010589481115425344,0.0010589481115425344,0.0002647370278856336,,0.0002647370278856336,0.001610483586304271,0.0002647370278856336,0.003750441228379809,0.04928521002470879,0.0007942110836569008,0.016413695728909283,0.0002647370278856336,,0.003220967172608542,0.018840451817860926,0.013986939639957643,0.0007942110836569008,0.002139957642075538,0.0007942110836569008,0.0013457465584186374,0.6846540769502294,0.014538475114719378,0.006463995764207554,0.002404694669961172,0.0002647370278856336,0.0026914931168372748,0.006463995764207554,0.0010589481115425344,0.0007942110836569008,,,0.021267207906812566,0.008074479350511825,0.001610483586304271,0.0002647370278856336,0.0007942110836569008,
0.00024267560889516414,0.00024267560889516414,0.007236145428873985,,0.00024267560889516414,,0.007765619484645252,,0.0010148252735615955,0.0005074126367807977,0.0025811860218849275,0.001279562301447229,,0.005427109071655489,0.003882809742322626,,,0.00024267560889516414,0.0025811860218849275,0.0005074126367807977,0.0010148252735615955,,,0.0007721496646664313,0.001279562301447229,0.00024267560889516414,,,0.00024267560889516414,,0.024333745146487822,0.015531238969290505,0.00024267560889516414,,0.00024267560889516414,,,,0.028216554888810447,0.007236145428873985,0.0015442993293328627,0.0007721496646664313,0.0010148252735615955,,,0.0015442993293328627,0.0010148252735615955,0.002845923049770561,0.061088069184609954,0.0007721496646664313,0.019656724320508294,,,0.003353335686551359,0.02276738439816449,0.009045181786092482,0.0005074126367807977,0.0007721496646664313,0.0007721496646664313,0.0018090363572184963,0.6847864454641722,0.011891104835863043,0.008802506177197317,0.0030885986586657254,0.00024267560889516414,0.0015442993293328627,0.005162372043769855,0.0010148252735615955,,0.0005074126367807977,,0.0333789269325803,0.0025811860218849275,0.0020517119661136603,,0.0015442993293328627,0.0010148252735615955
0.0005074126367807977,0.00024267560889516414,0.009001058948111542,,0.0007721496646664313,,0.006949346981997882,,0.0030885986586657254,0.0010148252735615955,0.0017869749382280267,0.002559124602894458,,0.009001058948111542,0.0035960112954465232,,,,0.004632897987998588,,0.001279562301447229,,,0.001279562301447229,0.0015442993293328627,,,,0.0005074126367807977,,0.02395870102364984,0.01698729262266149,,,0.001279562301447229,0.0005074126367807977,,,0.028856336039534063,0.009001058948111542,0.001279562301447229,0.00024267560889516414,0.0005074126367807977,,0.00024267560889516414,0.0007721496646664313,0.0010148252735615955,0.0020517119661136603,0.06596364278150371,0.00024267560889516414,0.020097952700317685,0.00024267560889516414,,0.0030885986586657254,0.024730850688316274,0.012354394634662902,0.0017869749382280267,,0.0007721496646664313,0.0007721496646664313,0.6328097423226261,0.024201376632545006,0.013126544299329333,0.005140310624779386,0.00024267560889516414,0.0015442993293328627,0.004632897987998588,0.0033312742675608896,,,,0.04301976703141546,0.0048755735968937525,0.0017869749382280267,,0.0007721496646664313,
0.0005074126367807977,,0.012442640310624779,,0.001279562301447229,,0.005956583127426756,0.00024267560889516414,0.003353335686551359,0.0036180727144369926,0.04101217790328274,0.0020737733851041297,,0.008559830568302153,0.0072582068478644545,0.002845923049770561,,,0.004147546770208259,0.00024267560889516414,0.0010368866925520648,,,0.0007721496646664313,0.001279562301447229,0.00024267560889516414,,,0.00024267560889516414,,0.02230409459936463,0.019987645605365336,,,0.001279562301447229,,0.0005074126367807977,,0.02647370278856336,0.008030356512530886,0.0007721496646664313,,0.00024267560889516414,,0.0007721496646664313,,0.0010368866925520648,0.004412283798093893,0.0840981291916696,0.0005074126367807977,0.036599894105188845,,,0.0018090363572184963,0.02777532650900106,0.01738439816448994,0.0005074126367807977,,0.0015442993293328627,0.0005074126367807977,0.5288342746205437,0.01945817154959407,0.01738439816448994,0.005956583127426756,0.00024267560889516414,0.004147546770208259,0.007522943875750089,0.0031106600776561947,0.0031106600776561947,,,0.048799858806918464,0.004919696434874691,0.0018090363572184963,,0.0010368866925520648,
0.00024267560889516414,0.00024267560889516414,0.008449523473349806,,0.001566360748323332,0.00024267560889516414,0.01242057889163431,0.00024267560889516414,0.0047432050829509355,0.00580215319449347,0.005272679138722203,0.001566360748323332,,0.011096893752206141,0.004213731027179668,0.002360571831980233,,0.00024267560889516414,0.0028900458877515003,,0.001566360748323332,,,0.00024267560889516414,0.0018310977762089657,,,,,,0.025392693258030355,0.01903900458877515,,,0.0010368866925520648,,0.0007721496646664313,,0.025922167313801623,0.010037945640663607,0.0018310977762089657,0.001566360748323332,,0.0005074126367807977,0.0010368866925520648,,0.003154782915637134,0.006331627250264737,0.07834009883515708,0.0018310977762089657,0.03545270031768443,0.00024267560889516414,,0.003154782915637134,0.03412901517825626,0.014803212142605012,0.00024267560889516414,,0.0018310977762089657,0.00580215319449347,0.4958083303918108,0.01162636780797741,0.021156900811860217,0.00659636427815037,0.00024267560889516414,0.0020958348040945995,0.00871426050123544,0.0047432050829509355,0.0028900458877515003,0.00024267560889516414,,0.10137222026120721,0.004213731027179668,0.001566360748323332,,0.0010368866925520648,
,,0.0078759265795976,,0.0013457465584186374,,0.005978644546417226,,0.0037945640663607483,0.0027135545358277446,0.0027135545358277446,0.002426756088951641,,0.007611189551711966,0.0005294740557712672,0.0021620190610660076,,,0.0021620190610660076,0.0002647370278856336,0.0007942110836569008,,,,0.0007942110836569008,,,,,,0.0309962936816096,0.014957642075538298,,,0.0013457465584186374,0.001610483586304271,0.0013457465584186374,,0.024201376632545006,0.005162372043769855,0.0021620190610660076,0.0010810095305330038,0.0005294740557712672,,0.0002647370278856336,0.0010810095305330038,0.0032430285915990118,0.002426756088951641,0.0609115778326862,0.0010810095305330038,0.017671196611366045,0.0002647370278856336,,0.004346099541122485,0.021465760677726792,0.013038298623367455,0.0018972820331803742,,0.0007942110836569008,0.0021620190610660076,0.6674902929756441,0.005427109071655489,0.008956936110130603,0.0032430285915990118,0.0002647370278856336,0.0007942110836569008,0.0078759265795976,0.0027135545358277446,0.0005294740557712672,0.0007942110836569008,,0.04105630074126368,0.0021620190610660076,0.001610483586304271,,0.0010810095305330038,0.0007942110836569008
,,0.007302329685845393,,,0.0005735968937522061,0.005537416166607836,,0.002316448993999294,0.0029121073067419696,0.002316448993999294,0.0017428521002470878,,0.006706671373102718,0.016656371337804447,,,0.00028679844687610307,0.0026253088598658667,,,,,0.0005735968937522061,0.002316448993999294,0.0017428521002470878,,,,,0.030665372396752558,0.01577391457818567,,,0.00028679844687610307,0.00028679844687610307,0.00028679844687610307,,0.03243028591599011,0.010501235439463467,0.0005735968937522061,,0.00028679844687610307,,0.00028679844687610307,0.00028679844687610307,0.0014560536533709848,0.0014560536533709848,0.06719908224497,0.0008603953406283092,0.016656371337804447,,,0.0034857042004941756,0.026297211436639604,0.01283974585245323,0.0011471937875044123,,0.0011471937875044123,0.0011471937875044123,0.6454950582421461,0.0210245322979174,0.00992763854571126,0.0026253088598658667,0.0005735968937522061,0.00028679844687610307,0.0031989057536180726,0.0008603953406283092,,0.00028679844687610307,,0.03183462760324744,0.0029121073067419696,0.0011471937875044123,,0.0008603953406283092,
,,0.008074479350511825,,,0.0002647370278856336,0.00862601482527356,,0.0024929403459230497,0.0013898693963995763,0.0030444758206847862,0.0002647370278856336,,0.01030268266854924,0.003882809742322626,,,0.0005515354747617367,0.0011030709495234734,0.0002647370278856336,,,,,0.0022061418990469467,0.00165460642428521,,,,,0.01614895870102365,0.011957289092834451,,,0.0005515354747617367,0.0008162725026473703,0.0005515354747617367,,0.028393046240734205,0.005846276032474409,0.0005515354747617367,0.0005515354747617367,0.0005515354747617367,,,0.0005515354747617367,0.0002647370278856336,0.0013898693963995763,0.06152929756441934,0.00165460642428521,0.023385104129897635,,,0.005007942110836569,0.023385104129897635,0.011692552064948817,0.0005515354747617367,,0.0005515354747617367,0.0008162725026473703,0.6905224144016944,0.010015884221673137,0.004721143663960466,0.0022061418990469467,0.0002647370278856336,0.0013898693963995763,0.008074479350511825,0.0011030709495234734,,,,0.03646752559124603,0.0024929403459230497,0.0011030709495234734,,0.0008162725026473703,
,,0.0072582068478644545,,0.0005294740557712672,0.0002647370278856336,0.006728732792093187,0.0005294740557712672,0.0034857042004941756,0.0026914931168372748,0.0034857042004941756,0.001610483586304271,,0.006993469819978821,0.0018752206141899046,,,0.0002647370278856336,0.004037239675255913,0.0005294740557712672,0.0002647370278856336,,,0.0002647370278856336,0.0029562301447229084,0.0005294740557712672,,,,,0.02395870102364984,0.013722202612072009,,,0.0005294740557712672,0.0005294740557712672,0.0007942110836569008,,0.029076950229438757,0.006177197317331451,0.0007942110836569008,0.0002647370278856336,0.0005294740557712672,,0.0005294740557712672,0.0010589481115425344,0.0005294740557712672,0.0018752206141899046,0.06944934698199788,0.0010589481115425344,0.025017649135192374,,,0.0026914931168372748,0.025304447582068477,0.006728732792093187,0.0007942110836569008,,0.0002647370278856336,0.003220967172608542,0.6706671373102718,0.018840451817860926,0.007787680903635722,0.002139957642075538,0.0002647370278856336,0.002139957642075538,0.005096187786798447,0.001610483586304271,0.0005294740557712672,,,0.027444405224144017,0.0026914931168372748,0.0002647370278856336,0.0005294740557712672,0.0007942110836569008,
,,0.00992763854571126,,0.0005294740557712672,0.0005294740557712672,0.009398164489939994,0.0005294740557712672,0.003750441228379809,0.001610483586304271,0.002139957642075538,0.002139957642075538,,0.010479174020472997,0.001610483586304271,,,0.0002647370278856336,0.002404694669961172,0.0010589481115425344,,0.0002647370278856336,,0.0005294740557712672,0.0010589481115425344,0.001610483586304271,,,,,0.025789798799858807,0.022017296152488527,,,0.0010589481115425344,0.0007942110836569008,0.0005294740557712672,,0.02687080833039181,0.00831715495940699,0.0007942110836569008,0.0007942110836569008,0.0002647370278856336,,,0.0018752206141899046,0.0002647370278856336,0.002404694669961172,0.06717702082597952,0.0010589481115425344,0.0351879632897988,,,0.0034857042004941756,0.024973526297211435,0.010192375573596894,0.0018752206141899046,,0.0007942110836569008,0.0018752206141899046,0.6315522414401694,0.01692110836569008,0.012089657606777268,0.003750441228379809,0.0002647370278856336,0.001323685139428168,0.003750441228379809,0.001323685139428168,,0.0002647370278856336,,0.03304800564772326,0.005890398870455347,0.0002647370278856336,,0.001323685139428168,
0.0002647370278856336,,0.005868337451464878,,,0.0002647370278856336,0.007478821037769149,0.0002647370278856336,0.005338863395693611,0.0010589481115425344,0.004809389339922344,0.003463642781503706,,0.009883515707730321,0.002117896223085069,,,,0.001323685139428168,,0.0005294740557712672,,,0.004809389339922344,0.0015884221673138016,0.0007942110836569008,,,,,0.019767031415460642,0.01950229438757501,,,0.0010589481115425344,0.0005294740557712672,0.0005294740557712672,,0.032342040240028236,0.014692905047652666,0.0010589481115425344,0.0005294740557712672,0.0007942110836569008,,0.0002647370278856336,0.002117896223085069,0.0010589481115425344,0.0010589481115425344,0.09519502294387575,0.0005294740557712672,0.030731556653723967,0.0002647370278856336,0.0002647370278856336,0.0018531591951994352,0.0294078715142958,0.00908930462407342,0.0007942110836569008,,0.002404694669961172,0.0007942110836569008,0.5940698905753617,0.010412989763501588,0.010942463819272856,0.0031989057536180726,0.0002647370278856336,0.0018531591951994352,0.005868337451464878,0.003463642781503706,,0.0005294740557712672,,0.04838069184609954,0.002404694669961172,,,0.0018531591951994352,0.0002647370278856336
,,0.01367807977409107,,0.0008162725026473703,0.0010810095305330038,0.007655312389692905,,0.009574655841863748,0.001367807977409107,0.0021840804800564773,0.001367807977409107,,0.023826332509707025,0.002735615954818214,,,0.0002647370278856336,0.0018972820331803742,,0.0010810095305330038,0.0002647370278856336,,0.006022767384398164,0.0018972820331803742,0.0008162725026473703,,,,,0.023274797034945286,0.016413695728909283,,,0.0002647370278856336,0.0010810095305330038,0.0002647370278856336,,0.0322979174020473,0.01367807977409107,0.001367807977409107,0.0010810095305330038,,0.0008162725026473703,0.0010810095305330038,0.0073905753618072716,0.0018972820331803742,0.0010810095305330038,0.06900811860218849,0.002448817507942111,0.03450405930109424,0.0002647370278856336,0.0002647370278856336,0.002735615954818214,0.03340098835157077,0.013413342746205436,0.002448817507942111,,0.0021840804800564773,0.0018972820331803742,0.5563448641016591,0.009839392869749383,0.009574655841863748,0.004368160960112955,0.0002647370278856336,0.003551888457465584,0.005184433462760324,0.004654959406989057,,,,0.05969819978821038,0.003551888457465584,0.0010810095305330038,,0.0005294740557712672,0.0002647370278856336
,,0.011516060713025062,,,0.0002647370278856336,0.00990557712672079,0.0002647370278856336,0.006419872926226615,0.0034857042004941756,0.0034857042004941756,0.0007942110836569008,,0.011251323685139428,0.0026694316978468054,,,0.0002647370278856336,0.001323685139428168,0.001323685139428168,0.0002647370278856336,,,0.005074126367807978,0.0010589481115425344,0.0010589481115425344,,,,,0.028415107659724673,0.00911136604306389,,,0.0010589481115425344,,0.0002647370278856336,,0.025988351570773033,0.007500882456759618,0.0007942110836569008,0.0005294740557712672,,,0.0018752206141899046,0.0007942110836569008,0.0007942110836569008,0.002404694669961172,0.04985880691846099,0.0002647370278856336,0.015001764913519237,0.0005294740557712672,,0.0018752206141899046,0.03216554888810448,0.009376103070949524,0.002404694669961172,,0.002139957642075538,0.0005294740557712672,0.6862204376985528,0.007765619484645252,0.006155135898340981,0.0018752206141899046,0.0002647370278856336,0.001323685139428168,0.005890398870455347,0.0005294740557712672,,,,0.03216554888810448,0.0015884221673138016,0.0002647370278856336,0.0002647370278856336,0.0015884221673138016,
,,0.009331980232968584,,0.0008162725026473703,0.0005294740557712672,0.00822890928344511,0.0002647370278856336,0.003022414401694317,0.0024708789269325803,0.003022414401694317,0.0024708789269325803,,0.009067243205082951,0.002735615954818214,,0.001367807977409107,0.0002647370278856336,0.001367807977409107,0.0002647370278856336,0.0002647370278856336,,0.0002647370278856336,0.001367807977409107,0.0008162725026473703,,,,,,0.027201729615248853,0.01537680903635722,,,0.0010810095305330038,0.0005294740557712672,0.0005294740557712672,,0.04065919519943523,0.006861101306036004,0.001367807977409107,0.0005294740557712672,0.0002647370278856336,0.0002647370278856336,,0.0010810095305330038,0.0002647370278856336,0.0008162725026473703,0.06786092481468409,0.0002647370278856336,0.02444405224144017,,,0.002735615954818214,0.020053829862336746,0.011251323685139428,0.0019193434521708435,,0.0021840804800564773,0.0005294740557712672,0.6515840098835157,0.016744617013766325,0.007964172255559478,0.0024708789269325803,0.0002647370278856336,0.0002647370278856336,0.003551888457465584,0.0010810095305330038,0.0002647370278856336,,,0.03543063889869397,0.002735615954818214,0.0002647370278856336,,0.001367807977409107,
,,0.010655665372396752,,0.0005294740557712672,0.0002647370278856336,0.006927285563007412,0.0002647370278856336,0.002934168725732439,0.002647370278856336,0.002934168725732439,0.002117896223085069,,0.0165460642428521,0.002117896223085069,0.0002647370278856336,0.0002647370278856336,0.0007942110836569008,0.0010589481115425344,0.0002647370278856336,0.0005294740557712672,,,0.002117896223085069,0.002117896223085069,0.0002647370278856336,,,,,0.025083833392163784,0.01279562301447229,0.0007942110836569008,0.0002647370278856336,0.0007942110836569008,0.0002647370278856336,0.0007942110836569008,,0.03335686551358984,0.010655665372396752,0.0005294740557712672,0.0002647370278856336,0.0002647370278856336,,0.0002647370278856336,0.0005294740557712672,,0.0005294740557712672,0.05897017296152489,0.0002647370278856336,0.027223791034239324,,,0.002647370278856336,0.02267913872220261,0.00745675961877868,0.0005294740557712672,0.001323685139428168,0.0010589481115425344,0.0007942110836569008,0.667622661489587,0.017869749382280267,0.006397811507236145,0.0015884221673138016,0.0002647370278856336,0.0007942110836569008,0.004257853865160607,0.0018531591951994352,,,,0.02989322273208613,0.0015884221673138016,0.0005294740557712672,,0.0015884221673138016,
,0.0005074126367807977,0.008074479350511825,,0.00024267560889516414,,0.007545005294740558,,0.0033753971055418283,0.0013016237204376984,0.0039048711613130956,0.0031106600776561947,,0.00831715495940699,0.0023385104129897633,0.00024267560889516414,,0.00024267560889516414,0.0015442993293328627,,,,,0.0013016237204376984,0.0007721496646664313,0.00024267560889516414,,,,,0.020583303918108014,0.016413695728909283,0.00024267560889516414,0.00024267560889516414,0.0005074126367807977,0.0020737733851041297,0.0010368866925520648,,0.027863572184962937,0.005978644546417226,0.0010368866925520648,0.00024267560889516414,0.00024267560889516414,,0.00024267560889516414,0.0010368866925520648,,0.0005074126367807977,0.0692949170490646,0.0007721496646664313,0.02526032474408754,,,0.0015442993293328627,0.026297211436639604,0.01328097423226262,0.0005074126367807977,0.0005074126367807977,0.0005074126367807977,0.0013016237204376984,0.656437522061419,0.01197935051182492,0.00831715495940699,0.002603247440875397,0.00024267560889516414,0.0013016237204376984,0.007015531238969291,0.0010368866925520648,,,,0.04688051535474762,0.0015442993293328627,0.0005074126367807977,,0.0015442993293328627,
0.0002647370278856336,0.0002647370278856336,0.011692552064948817,0.0002647370278856336,0.0002647370278856336,,0.009023120367102013,0.0037063183903988705,0.0023826332509707024,0.0018531591951994352,0.004235792446170138,0.0023826332509707024,,0.007964172255559478,0.002647370278856336,0.0010589481115425344,,0.0002647370278856336,0.0005294740557712672,,0.0007942110836569008,,,0.0018531591951994352,0.0029121073067419696,0.010611542534415814,0.0002647370278856336,,,,0.020980409459936462,0.013016237204376986,,0.0002647370278856336,0.0005294740557712672,0.002117896223085069,0.001323685139428168,,0.029496117190257676,0.012751500176491352,0.0005294740557712672,0.0002647370278856336,,0.0002647370278856336,0.0005294740557712672,0.0005294740557712672,0.001323685139428168,0.0010589481115425344,0.060602717966819625,0.0007942110836569008,0.025767737380868336,,,0.002117896223085069,0.023914578185668903,0.011163078009177551,0.0007942110836569008,0.0005294740557712672,0.0005294740557712672,0.0010589481115425344,0.6192419696434874,0.015134133427462055,0.009023120367102013,0.005030003529827038,0.0002647370278856336,0.0007942110836569008,0.004500529474055771,0.005030003529827038,0.0002647370278856336,0.0007942110836569008,,0.05555065301800212,0.004500529474055771,0.0005294740557712672,,0.0018531591951994352,
0.00024267560889516414,,0.011339569361101306,,,,0.006331627250264737,0.0018310977762089657,0.0026253088598658667,0.00024267560889516414,0.0044784680550653015,0.003154782915637134,,0.009486410165901871,0.0026253088598658667,0.0007721496646664313,,0.0005074126367807977,0.0005074126367807977,0.00024267560889516414,0.00024267560889516414,,,0.002360571831980233,0.003154782915637134,0.008427462054359337,0.00024267560889516414,,,,0.026098658665725378,0.012133780444758206,,,0.0010368866925520648,0.0010368866925520648,,,0.030863925167666784,0.007633250970702435,0.0007721496646664313,0.0007721496646664313,0.00024267560889516414,,0.0013016237204376984,,0.002360571831980233,0.003154782915637134,0.08337010236498411,0.0007721496646664313,0.03216554888810448,0.00024267560889516414,,0.004213731027179668,0.02188492763854571,0.014759089304624074,0.00024267560889516414,0.0010368866925520648,0.0005074126367807977,0.005537416166607836,0.562830921284857,0.01370014119308154,0.005537416166607836,0.0044784680550653015,,0.0010368866925520648,0.007368513942816802,0.0010368866925520648,,,,0.08546593716907872,0.006839039887045535,,,0.0005074126367807977,0.00024267560889516414
,,0.011493999294034593,,,,0.005735968937522061,,0.00416960818919873,0.0007721496646664313,0.0070596540769502295,0.002603247440875397,,0.008096540769502295,0.001566360748323332,0.0005074126367807977,,0.00024267560889516414,0.001566360748323332,,0.00024267560889516414,,,0.0033974585245322977,0.0007721496646664313,0.0005074126367807977,,,,,0.019612601482527355,0.00992763854571126,,,0.0005074126367807977,0.0007721496646664313,,,0.025105894811154255,0.009398164489939994,0.0007721496646664313,0.0005074126367807977,0.0013016237204376984,,0.0007721496646664313,0.002603247440875397,0.0007721496646664313,0.0018090363572184963,0.08078891634309919,0.0010368866925520648,0.04888810448288034,0.00024267560889516414,0.00024267560889516414,0.0020737733851041297,0.03686463113307448,0.010964525238263325,0.0005074126367807977,0.0023385104129897633,0.0005074126367807977,0.005228556300741264,0.5515795975997175,0.014626720790681256,0.0070596540769502295,0.0020737733851041297,,0.003132721496646664,0.0039048711613130956,0.005228556300741264,,,,0.09309918813978114,0.00496381927285563,0.0010368866925520648,,0.0007721496646664313,0.00024267560889516414
,,0.008515707730321214,0.0007942110836569008,0.0002647370278856336,,0.0071920225908930465,,0.0031768443346276033,0.0002647370278856336,0.004522590893046241,0.00372837980938934,,0.003463642781503706,0.002647370278856336,0.0002647370278856336,,0.0002647370278856336,0.0015884221673138016,,0.0002647370278856336,,,0.0029121073067419696,0.0010589481115425344,0.0005294740557712672,,,,,0.03170225908930462,0.01197935051182492,,,0.0002647370278856336,0.0005294740557712672,,,0.02237027885633604,0.00745675961877868,,0.0005294740557712672,0.0002647370278856336,0.0002647370278856336,0.002117896223085069,0.0002647370278856336,0.0005294740557712672,0.0007942110836569008,0.05702876809036357,0.0007942110836569008,0.021046593716907872,0.0002647370278856336,0.0002647370278856336,0.0023826332509707024,0.019987645605365336,0.009574655841863748,0.0005294740557712672,0.0005294740557712672,0.0007942110836569008,0.00372837980938934,0.688294211083657,0.005052064948817508,0.00825097070243558,0.002117896223085069,,0.0002647370278856336,0.006662548535121779,0.002117896223085069,,,,0.04529209318743382,0.0023826332509707024,0.001323685139428168,,0.0005294740557712672,0.0002647370278856336
,,0.005250617719731733,0.00024267560889516414,,,0.008140663607483233,0.00024267560889516414,0.0020958348040945995,0.0020958348040945995,0.002360571831980233,0.0013016237204376984,,0.0026253088598658667,0.0018310977762089657,,,,0.0010368866925520648,0.00024267560889516414,,,,0.0010368866925520648,0.0018310977762089657,0.0005074126367807977,,,,,0.027863572184962937,0.013148605718319802,,,,0.001566360748323332,,,0.03313625132368514,0.012354394634662902,,0.00024267560889516414,0.00024267560889516414,0.00024267560889516414,0.001566360748323332,0.0018310977762089657,,0.0010368866925520648,0.05601394281680198,,0.02735615954818214,,,0.003154782915637134,0.022083480409459937,0.007611189551711966,0.0010368866925520648,0.00024267560889516414,0.0005074126367807977,,0.7020164136957289,0.008140663607483233,0.0020958348040945995,0.002360571831980233,,0.0007721496646664313,0.0055153547476173665,0.003154782915637134,,,,0.030246205435933638,0.0028900458877515003,0.00024267560889516414,0.00024267560889516414,,0.00024267560889516414
0.0013016237204376984,,0.006243381574302859,,,0.00024267560889516414,0.005978644546417226,0.0007721496646664313,0.0033753971055418283,0.0023385104129897633,0.00416960818919873,0.0007721496646664313,,0.004412283798093893,0.0023385104129897633,0.0018090363572184963,,,0.00024267560889516414,,0.0007721496646664313,,,0.00024267560889516414,0.0020737733851041297,0.0005074126367807977,,,,,0.02892252029650547,0.014317860924814685,,,0.0005074126367807977,0.0007721496646664313,,,0.027885633603953405,0.005713907518531592,0.0007721496646664313,0.00024267560889516414,0.0007721496646664313,,0.00024267560889516414,0.0005074126367807977,0.0005074126367807977,0.0015442993293328627,0.05603600423579245,,0.020053829862336746,,0.00024267560889516414,0.0015442993293328627,0.013810448288033886,0.008846629015178256,0.0015442993293328627,0.00024267560889516414,0.00024267560889516414,0.0010368866925520648,0.7063625132368514,0.01197935051182492,0.005978644546417226,0.002603247440875397,,0.0013016237204376984,0.006772855630074126,0.004412283798093893,,,,0.0330921284857042,0.0018090363572184963,0.00024267560889516414,,,0.0015442993293328627
0.001279562301447229,,0.007986233674549948,,,,0.006706671373102718,0.00024267560889516414,0.0017869749382280267,0.0007721496646664313,0.003353335686551359,0.0015442993293328627,,0.005162372043769855,0.0028238616307800918,0.0017869749382280267,,0.00024267560889516414,0.001279562301447229,,,,,0.001279562301447229,0.0025811860218849275,,0.0005074126367807977,,,,0.024774973526297213,0.016259265795976,,,0.0005074126367807977,0.0017869749382280267,0.00024267560889516414,,0.0320111189551712,0.00540504765266502,0.00024267560889516414,0.0005074126367807977,0.001279562301447229,0.00024267560889516414,0.0010148252735615955,0.00024267560889516414,0.00024267560889516414,0.0005074126367807977,0.06607394987645605,0.00024267560889516414,0.023230674196964347,0.0005074126367807977,,0.0017869749382280267,0.018840451817860926,0.009795270031768444,0.0010148252735615955,0.00024267560889516414,,0.0007721496646664313,0.6866837274973526,0.013413342746205436,0.00953053300388281,0.0030885986586657254,,0.0007721496646664313,0.00412548535121779,0.0017869749382280267,0.00024267560889516414,,,0.02863572184962937,0.0030885986586657254,0.0005074126367807977,,,0.0010148252735615955
0.0007500882456759619,0.00024267560889516414,0.00831715495940699,,,,0.009839392869749383,,0.002515001764913519,0.00024267560889516414,0.010854218143310978,0.002272326156018355,,0.004279915284151076,0.0027576773738086833,0.000992763854571126,,,0.0004853512177903283,0.00024267560889516414,0.00024267560889516414,,,0.0015001764913519238,0.0007500882456759619,0.0004853512177903283,,,,,0.019700847158489233,0.01566360748323332,,,,0.00024267560889516414,0.0004853512177903283,,0.0265178256265443,0.00783180374161666,0.00024267560889516414,0.0007500882456759619,0.0004853512177903283,0.0004853512177903283,0.00024267560889516414,0.0015001764913519238,0.00024267560889516414,0.0007500882456759619,0.06238969290504765,0.0004853512177903283,0.032584715848923404,,0.0004853512177903283,0.0035298270384751147,0.036114542887398515,0.011361630780091775,0.0007500882456759619,0.00024267560889516414,0.00024267560889516414,0.0017649135192375574,0.6236542534415814,0.01034680550653018,0.02929756441934345,0.00454465231203671,,0.0027576773738086833,0.00783180374161666,0.0015001764913519238,0.00024267560889516414,,,0.0330921284857042,0.014384045181786093,0.0004853512177903283,,,
0.0007500882456759619,,0.024730850688316274,,,,0.05100600070596541,0.00024267560889516414,0.005603600423579245,0.0015222379103423931,0.004831450758912813,0.0038166254853512177,,0.005096187786798447,0.0017649135192375574,0.0017649135192375574,,0.0005074126367807977,0.00661842569714084,,0.0005074126367807977,,,0.0007500882456759619,0.002029650547123191,0.0015222379103423931,,,,,0.026782562654429933,0.0073905753618072716,0.0005074126367807977,,0.00024267560889516414,0.0005074126367807977,0.0005074126367807977,0.00024267560889516414,0.027025238263325098,0.007633250970702435,0.0005074126367807977,0.0005074126367807977,0.0010148252735615955,,0.004081362513236851,0.0010148252735615955,0.0010148252735615955,0.009177550300035298,0.08442905047652666,0.0017649135192375574,0.03646752559124603,,0.00024267560889516414,0.00330921284857042,0.03620278856336039,0.013766325450052947,0.0005074126367807977,0.0010148252735615955,0.0005074126367807977,0.0015222379103423931,0.5290990116484292,0.008912813272149664,0.020142075538298623,0.003551888457465584,,0.0028018002117896224,0.004588775150017649,0.002537063183903989,,,,0.0438581009530533,0.00330921284857042,0.00024267560889516414,,,
,,0.011427815037063183,,,,0.0062213201553123895,,0.007015531238969291,0.001279562301447229,0.007522943875750089,0.0023385104129897633,,0.012994175785386516,0.0033753971055418283,0.0010368866925520648,,,0.004147546770208259,0.00024267560889516414,,,,0.0010368866925520648,0.0005074126367807977,0.0015442993293328627,,,,,0.019237557359689374,0.008559830568302153,,0.0005074126367807977,0.00024267560889516414,0.0007721496646664313,0.0007721496646664313,,0.024686727850335332,0.011957289092834451,0.004412283798093893,0.001279562301447229,0.00024267560889516414,,0.0007721496646664313,0.0023385104129897633,0.0015442993293328627,0.0010368866925520648,0.08579685845393575,0.0015442993293328627,0.04262266148958701,,0.00024267560889516414,0.004677020825979527,0.04522590893046241,0.012729438757500882,0.0010368866925520648,0.0010368866925520648,0.0010368866925520648,0.002845923049770561,0.5255030003529828,0.013766325450052947,0.01663430991881398,0.002845923049770561,,0.0023385104129897633,0.008052417931521356,0.0062213201553123895,,,,0.08032562654429933,0.005713907518531592,,0.00024267560889516414,,0.0005074126367807977
0.00024267560889516414,,0.010898340981291917,,0.001279562301447229,,0.0064860571831980235,0.00024267560889516414,0.007015531238969291,0.0015442993293328627,0.005184433462760324,0.002845923049770561,,0.005184433462760324,0.0007721496646664313,0.00024267560889516414,0.00024267560889516414,,0.0020737733851041297,0.00024267560889516414,,0.00024267560889516414,,0.0007721496646664313,0.0015442993293328627,0.0010368866925520648,,,,,0.018708083303918106,0.010390928344511118,,,0.00024267560889516414,,0.0007721496646664313,,0.0218187433815743,0.011427815037063183,0.0010368866925520648,0.0005074126367807977,,,0.0020737733851041297,0.0005074126367807977,0.0023385104129897633,0.0007721496646664313,0.05588157430285916,0.0015442993293328627,0.020517119661136604,,0.00024267560889516414,0.004147546770208259,0.025194140487116132,0.013766325450052947,0.0010368866925520648,0.0018090363572184963,0.0007721496646664313,0.0005074126367807977,0.6798446876103071,0.004677020825979527,0.007787680903635722,0.003882809742322626,,0.0018090363572184963,0.0015442993293328627,0.0023385104129897633,,,,0.0522414401694317,0.001279562301447229,0.00024267560889516414,,,0.00024267560889516414
0.0005074126367807977,,0.008603953406283091,,,0.0005074126367807977,0.007302329685845393,0.00024267560889516414,0.003640134133427462,0.0020737733851041297,0.0023385104129897633,0.0028679844687610305,,0.0039048711613130956,0.0033753971055418283,0.00024267560889516414,,,0.001566360748323332,,0.0005074126367807977,,,0.0010368866925520648,0.002603247440875397,,,,,,0.02766501941404871,0.012266148958701024,,,0.00024267560889516414,0.0005074126367807977,0.0020737733851041297,,0.03340098835157077,0.008603953406283091,,0.00024267560889516414,0.00024267560889516414,,0.00024267560889516414,,0.001566360748323332,0.0010368866925520648,0.059521708436286624,0.00024267560889516414,0.02060536533709848,,,0.0028679844687610305,0.020870102364984117,0.009640840098835157,0.00024267560889516414,0.00024267560889516414,0.00024267560889516414,0.00024267560889516414,0.696192199082245,0.016171020120014118,0.004941757853865161,0.0023385104129897633,,0.0005074126367807977,0.0013016237204376984,0.0010368866925520648,,,,0.03289357571478998,0.00024267560889516414,0.00024267560889516414,,,
,,0.011074832333215672,,,0.0005074126367807977,0.004103423932227321,0.00024267560889516414,0.003860748323332157,0.0010148252735615955,0.0017869749382280267,0.0028238616307800918,,0.0033312742675608896,0.0020517119661136603,0.00024267560889516414,,,0.002559124602894458,0.0005074126367807977,,,0.00024267560889516414,0.0015442993293328627,0.0010148252735615955,0.0005074126367807977,,,,,0.02241440169431698,0.017516766678432757,,,0.00024267560889516414,0.001279562301447229,0.0010148252735615955,,0.03143752206141899,0.010545358277444405,0.0005074126367807977,0.0005074126367807977,0.0007721496646664313,,0.0007721496646664313,0.0010148252735615955,0.0007721496646664313,0.0020517119661136603,0.057447935051182494,0.0017869749382280267,0.01853159195199435,,,0.0028238616307800918,0.018024179315213554,0.012883868690434168,0.0015442993293328627,0.00024267560889516414,0.0015442993293328627,,0.6889781150723615,0.012089657606777268,0.0056477232615601836,0.0020517119661136603,,0.002559124602894458,0.0020517119661136603,0.0005074126367807977,,,,0.03993116837274974,0.0030885986586657254,,,,
,,0.007787680903635722,,0.00024267560889516414,,0.009883515707730321,,0.003882809742322626,0.0020737733851041297,0.003882809742322626,0.0018090363572184963,,0.006750794211083657,0.0023385104129897633,0.0005074126367807977,,,0.0020737733851041297,0.001279562301447229,0.0015442993293328627,,,0.0015442993293328627,0.0020737733851041297,0.00024267560889516414,,,,,0.01950229438757501,0.01742852100247088,,,,0.0010368866925520648,0.0007721496646664313,,0.03615866572537946,0.008581891987292622,0.0005074126367807977,0.0005074126367807977,0.0007721496646664313,,0.00024267560889516414,0.0020737733851041297,0.0015442993293328627,0.003640134133427462,0.06532386163078009,0.0015442993293328627,0.029915284151076596,,,0.0025811860218849275,0.021333392163783976,0.008052417931521356,0.0020737733851041297,0.00024267560889516414,,,0.6552462054359336,0.010920402400282386,0.004147546770208259,0.003882809742322626,,0.0031106600776561947,0.005978644546417226,0.0010368866925520648,0.00024267560889516414,0.00024267560889516414,,0.041629897635015886,0.0010368866925520648,0.0007721496646664313,,,
,,0.021311330744793505,0.00024267560889516414,0.0005074126367807977,,0.0064860571831980235,,0.004919696434874691,0.002845923049770561,0.0031106600776561947,0.0033753971055418283,,0.012994175785386516,0.0015442993293328627,0.0005074126367807977,,0.0007721496646664313,0.001279562301447229,0.0007721496646664313,0.003882809742322626,,,0.0005074126367807977,0.0018090363572184963,0.00024267560889516414,,,,,0.022855630074126367,0.015575361807271444,,,,0.001279562301447229,0.0007721496646664313,,0.028591599011648428,0.009861454288739852,0.0010368866925520648,0.001279562301447229,0.0005074126367807977,0.0005074126367807977,0.0005074126367807977,0.0018090363572184963,0.0010368866925520648,0.005184433462760324,0.06887575008824567,0.00024267560889516414,0.03273914578185669,,,0.0020737733851041297,0.025458877515001765,0.014295799505824214,0.0031106600776561947,,0.0007721496646664313,0.0020737733851041297,0.6107042004941758,0.009354041651959053,0.005956583127426756,0.005184433462760324,,0.0015442993293328627,0.0036180727144369926,0.0020737733851041297,,0.00024267560889516414,,0.049373455700670664,0.004147546770208259,0.00024267560889516414,,,
0.0005074126367807977,,0.012994175785386516,,0.0005074126367807977,,0.008581891987292622,0.0005074126367807977,0.0054491704906459585,0.0033753971055418283,0.0025811860218849275,0.0025811860218849275,,0.017693258030356512,0.0023385104129897633,0.00024267560889516414,,0.0010368866925520648,0.003882809742322626,0.0010368866925520648,0.0020737733851041297,,,0.0015442993293328627,0.003640134133427462,0.0020737733851041297,,,0.00024267560889516414,,0.027047299682315565,0.014560536533709848,,,0.00024267560889516414,0.0005074126367807977,0.00024267560889516414,,0.03432756794917049,0.011427815037063183,0.0010368866925520648,0.00024267560889516414,0.00024267560889516414,,0.0018090363572184963,0.001279562301447229,0.0018090363572184963,0.008052417931521356,0.07284680550653018,0.0015442993293328627,0.04240204729968232,,,0.004147546770208259,0.05021178962230851,0.012994175785386516,0.0007721496646664313,,0.00024267560889516414,0.0018090363572184963,0.533886339569361,0.015597423226261913,0.007545005294740558,0.005713907518531592,,0.00024267560889516414,0.0023385104129897633,0.00024267560889516414,0.0005074126367807977,,,0.06452965054712319,0.003882809742322626,0.0025811860218849275,,,0.00024267560889516414
0.00024267560889516414,,0.015862160254147547,,0.0007721496646664313,,0.008978997529121072,0.0005074126367807977,0.0073905753618072716,0.0044784680550653015,0.008184786445464172,0.0044784680550653015,,0.008184786445464172,0.004213731027179668,0.0010368866925520648,,0.0005074126367807977,0.0026253088598658667,0.0007721496646664313,0.0010368866925520648,,,0.001566360748323332,0.0010368866925520648,0.0007721496646664313,,,0.00024267560889516414,,0.019281680197670313,0.007655312389692905,,,0.0010368866925520648,0.0007721496646664313,0.00024267560889516414,,0.039909106953759266,0.011891104835863043,0.0007721496646664313,0.0010368866925520648,0.0010368866925520648,,0.0013016237204376984,0.0013016237204376984,0.0013016237204376984,0.006331627250264737,0.08195817154959407,0.0010368866925520648,0.05049858806918461,,,0.0028900458877515003,0.05206494881750794,0.01030268266854924,0.0018310977762089657,,0.0007721496646664313,0.0028900458877515003,0.5287019061066007,0.018487469114013413,0.008184786445464172,0.004213731027179668,,0.003154782915637134,0.004213731027179668,0.003154782915637134,0.00024267560889516414,,,0.053918108012707376,0.003154782915637134,0.001566360748323332,,,
0.0005074126367807977,,0.010037945640663607,,,,0.007655312389692905,,0.002360571831980233,0.0013016237204376984,0.003684256971408401,0.0034195199435227675,,0.0028900458877515003,0.003948993999294034,0.0005074126367807977,,0.0010368866925520648,0.00024267560889516414,0.0007721496646664313,0.0010368866925520648,,,0.0013016237204376984,0.0007721496646664313,0.0010368866925520648,,,,,0.026164842922696788,0.011096893752206141,,,0.0005074126367807977,,0.00024267560889516414,,0.030665372396752558,0.0047432050829509355,0.0007721496646664313,0.0005074126367807977,0.00024267560889516414,,0.0013016237204376984,0.0013016237204376984,0.0007721496646664313,0.005007942110836569,0.044409636427815036,0.006331627250264737,0.014803212142605012,,,0.002360571831980233,0.02775326509001059,0.010832156724320509,0.00024267560889516414,,0.0005074126367807977,0.001566360748323332,0.7031194846452524,0.008449523473349806,0.00659636427815037,0.005007942110836569,,0.0007721496646664313,0.0044784680550653015,0.002360571831980233,0.0005074126367807977,,,0.03145958348040946,0.0020958348040945995,0.0005074126367807977,,,
,,0.009729085774797036,,0.00024267560889516414,,0.005250617719731733,0.00024267560889516414,0.003154782915637134,0.0010368866925520648,0.003926932580303565,0.0018310977762089657,,0.0036621955524179313,0.0036621955524179313,0.0005074126367807977,,0.00024267560889516414,0.0010368866925520648,0.0007721496646664313,,,,0.0013016237204376984,0.0018310977762089657,0.00024267560889516414,,,,,0.01996558418637487,0.014450229438757501,,,0.0005074126367807977,,0.0010368866925520648,0.00024267560889516414,0.026297211436639604,0.006309565831274268,0.00024267560889516414,0.00024267560889516414,,,0.00024267560889516414,0.0013016237204376984,0.0013016237204376984,0.002360571831980233,0.05495499470525944,,0.023649841157783267,0.00024267560889516414,,0.0028900458877515003,0.019193434521708436,0.010765972467349099,,0.00024267560889516414,0.0005074126367807977,0.002360571831980233,0.7200405930109424,0.012619131662548536,0.002360571831980233,0.0028900458877515003,,0.0005074126367807977,0.0013016237204376984,0.0028900458877515003,,,,0.02812830921284857,0.0010368866925520648,0.00024267560889516414,,,
0.0005074126367807977,,0.00869219908224497,,0.0007721496646664313,,0.003948993999294034,0.0010368866925520648,0.004213731027179668,0.0020958348040945995,0.003948993999294034,0.0007721496646664313,,0.0028900458877515003,0.0034195199435227675,0.001566360748323332,,0.00024267560889516414,0.0013016237204376984,0.0010368866925520648,,,,0.0005074126367807977,0.0013016237204376984,0.00024267560889516414,,,,,0.018708083303918106,0.014229615248852806,,,,0.00024267560889516414,0.0010368866925520648,,0.03214348746911402,0.005250617719731733,0.0005074126367807977,0.00024267560889516414,0.00024267560889516414,0.00024267560889516414,,0.0007721496646664313,0.00024267560889516414,0.0020958348040945995,0.054028415107659725,0.00024267560889516414,0.02687080833039181,,0.00024267560889516414,0.002360571831980233,0.016325450052947405,0.010015884221673137,,0.0005074126367807977,0.00024267560889516414,0.00024267560889516414,0.7192905047652665,0.011052770914225202,0.0010368866925520648,0.0028900458877515003,,0.0005074126367807977,0.001566360748323332,0.0005074126367807977,0.00024267560889516414,,,0.03558506883162725,0.0007721496646664313,,0.00024267560889516414,,0.0007721496646664313
0.00024267560889516414,,0.010832156724320509,,,,0.005272679138722203,0.00024267560889516414,0.004213731027179668,0.0020958348040945995,0.0026253088598658667,0.0020958348040945995,,0.005272679138722203,0.003948993999294034,0.00024267560889516414,,0.0005074126367807977,0.0005074126367807977,0.0007721496646664313,,,,0.001566360748323332,0.0018310977762089657,,,,,,0.020870102364984117,0.015575361807271444,,,0.00024267560889516414,0.0007721496646664313,0.0010368866925520648,,0.02931962583833392,0.008978997529121072,0.0005074126367807977,0.0005074126367807977,0.0007721496646664313,0.00024267560889516414,,0.0005074126367807977,0.0010368866925520648,0.002360571831980233,0.06393399223438051,0.0005074126367807977,0.025878044475820684,,0.0007721496646664313,0.0026253088598658667,0.015575361807271444,0.009773208612777974,0.00024267560889516414,0.0005074126367807977,0.00024267560889516414,,0.7043549241087186,0.00871426050123544,0.005007942110836569,0.003154782915637134,,0.0010368866925520648,0.0026253088598658667,0.00024267560889516414,0.00024267560889516414,,,0.02773120367102012,0.0018310977762089657,,,,
0.00024267560889516414,,0.00992763854571126,,,0.00024267560889516414,0.0070596540769502295,0.00024267560889516414,0.002603247440875397,0.0023385104129897633,0.002603247440875397,0.001566360748323332,,0.00416960818919873,0.003132721496646664,0.0007721496646664313,,0.0005074126367807977,0.00024267560889516414,,,,,0.0007721496646664313,0.003132721496646664,0.0005074126367807977,,,,,0.018818390398870455,0.01698729262266149,,0.00024267560889516414,0.0007721496646664313,0.0007721496646664313,0.0013016237204376984,0.00024267560889516414,0.03346717260854218,0.009155488881044829,0.00024267560889516414,,0.00024267560889516414,0.00024267560889516414,0.00024267560889516414,0.0010368866925520648,0.0007721496646664313,0.003132721496646664,0.05727144369925874,0.0010368866925520648,0.02770914225202965,0.00024267560889516414,,0.0033974585245322977,0.02144369925873632,0.00783180374161666,0.00024267560889516414,0.00024267560889516414,0.00024267560889516414,0.0007721496646664313,0.6768443346276032,0.013854571126014825,0.0070596540769502295,0.006530180021178962,,0.001566360748323332,0.004434345217084363,0.0028679844687610305,0.00024267560889516414,,,0.03582774444052241,0.002603247440875397,,,,
0.00024267560889516414,0.0010368866925520648,0.008405400635368867,,0.00024267560889516414,,0.004456406636074832,0.0005074126367807977,0.004191669608189199,0.0013016237204376984,0.0036621955524179313,0.0020958348040945995,0.00024267560889516414,0.011295446523120367,0.0036621955524179313,,,,0.0013016237204376984,0.0005074126367807977,,0.00024267560889516414,,0.0007721496646664313,0.0013016237204376984,0.0013016237204376984,,,,,0.023914578185668903,0.018663960465937168,,,0.0010368866925520648,0.0007721496646664313,0.00024267560889516414,,0.029165195905400634,0.006044828803388634,0.0005074126367807977,0.0007721496646664313,0.0005074126367807977,0.0005074126367807977,0.0010368866925520648,0.0005074126367807977,0.001566360748323332,0.0036621955524179313,0.08017119661136604,0.00024267560889516414,0.028393046240734205,0.00024267560889516414,,0.0020958348040945995,0.022590893046240734,0.0210245322979174,0.0007721496646664313,0.00024267560889516414,0.0010368866925520648,0.0013016237204376984,0.5895914225202965,0.011030709495234733,0.004985880691846099,0.0028900458877515003,,,0.003154782915637134,0.005250617719731733,0.0010368866925520648,,,0.08385545358277445,0.0036621955524179313,0.0005074126367807977,0.00024267560889516414,,
0.0005074126367807977,0.0005074126367807977,0.010501235439463467,,0.0005074126367807977,0.0007721496646664313,0.007081715495940699,0.0007721496646664313,0.004191669608189199,0.0007721496646664313,0.0028900458877515003,0.003154782915637134,0.00024267560889516414,0.011030709495234733,0.0028900458877515003,0.00024267560889516414,,0.00024267560889516414,0.005780091775503001,0.0005074126367807977,0.0010368866925520648,,,0.0020958348040945995,0.00024267560889516414,0.0020958348040945995,,,,,0.022590893046240734,0.012089657606777268,,,0.0010368866925520648,0.0007721496646664313,,,0.02733409812919167,0.012089657606777268,0.0005074126367807977,0.0028900458877515003,0.0007721496646664313,,0.0010368866925520648,0.0007721496646664313,0.0033974585245322977,0.001566360748323332,0.06966996117190258,,0.05363130956583127,0.0005074126367807977,0.0005074126367807977,0.0026253088598658667,0.04520384751147194,0.013126544299329333,0.0010368866925520648,,0.0005074126367807977,0.0036621955524179313,0.5061992587363219,0.009464348746911402,0.006816978468055066,0.0020958348040945995,,0.0136560183551006,0.004721143663960466,0.011030709495234733,0.00024267560889516414,,,0.10357836216025415,0.003154782915637134,0.0028900458877515003,0.00024267560889516414,0.0005074126367807977,
0.0002647370278856336,,0.008493646311330745,,,0.0005294740557712672,0.00664048711613131,0.0002647370278856336,0.0018531591951994352,0.0005294740557712672,0.005052064948817508,0.0015884221673138016,0.0002647370278856336,0.004787327920931874,0.0023826332509707024,0.0007942110836569008,,0.0002647370278856336,0.0007942110836569008,0.0005294740557712672,,,,0.0010589481115425344,0.0002647370278856336,0.0031768443346276033,0.0002647370278856336,,,,0.021796681962583834,0.011163078009177551,,,0.0007942110836569008,0.0007942110836569008,0.0002647370278856336,,0.023649841157783267,0.0055815390045887755,0.0002647370278856336,0.0010589481115425344,,,0.0007942110836569008,,0.001323685139428168,0.001323685139428168,0.0441448993999294,0.001323685139428168,0.022061418990469466,,0.0010589481115425344,0.0015884221673138016,0.021002470878926933,0.006905224144016943,0.001323685139428168,0.0007942110836569008,0.001323685139428168,0.002117896223085069,0.7144369925873632,0.007169961171902577,0.0031768443346276033,0.0037063183903988705,,0.0007942110836569008,0.0031768443346276033,0.0055815390045887755,0.0005294740557712672,,,0.04015178256265443,0.006375750088245676,0.0010589481115425344,,0.001323685139428168,0.0002647370278856336
0.0002647370278856336,,0.003441581362513237,,,,0.004235792446170138,0.0002647370278856336,0.0018531591951994352,0.0023826332509707024,0.0015884221673138016,0.001323685139428168,,0.0031768443346276033,0.0037063183903988705,0.0010589481115425344,,,0.0007942110836569008,0.0005294740557712672,,,,0.0015884221673138016,0.0007942110836569008,,,,0.0002647370278856336,,0.019612601482527355,0.01537680903635722,,,0.0002647370278856336,,0.0005294740557712672,,0.029959406989057535,0.0029121073067419696,,0.0010589481115425344,0.0007942110836569008,,,0.0005294740557712672,0.0007942110836569008,0.0010589481115425344,0.05409459936463113,,0.020142075538298623,,0.0002647370278856336,0.004235792446170138,0.018288916343099187,0.007942110836569007,,0.0002647370278856336,0.0002647370278856336,0.0007942110836569008,0.746381927285563,0.00873632192022591,0.002117896223085069,0.0010589481115425344,,0.0023826332509707024,0.0023826332509707024,0.0007942110836569008,0.0002647370278856336,,,0.0273120367102012,0.0018531591951994352,0.0002647370278856336,,,
0.00024267560889516414,,0.006861101306036004,,,,0.0028900458877515003,,0.002360571831980233,0.0010368866925520648,0.0026253088598658667,0.0007721496646664313,,0.0010368866925520648,0.0020958348040945995,0.0005074126367807977,0.00024267560889516414,0.00024267560889516414,,0.0007721496646664313,0.00024267560889516414,,,0.002360571831980233,0.0010368866925520648,0.00024267560889516414,,,,,0.029871161313095657,0.015597423226261913,,,0.0005074126367807977,,,,0.031989057536180726,0.003154782915637134,0.0007721496646664313,0.0005074126367807977,0.0007721496646664313,,0.0005074126367807977,0.00024267560889516414,0.0010368866925520648,0.0005074126367807977,0.05788916343099188,,0.022458524532297918,,0.00024267560889516414,0.003948993999294034,0.010567419696434875,0.008978997529121072,,,,,0.7422343805153548,0.006066890222379103,0.0028900458877515003,0.0007721496646664313,,0.001566360748323332,0.0020958348040945995,0.0010368866925520648,0.0005074126367807977,,,0.02431168372749735,0.0020958348040945995,0.0013016237204376984,,,
0.0002647370278856336,,0.006133074479350512,,,0.0005294740557712672,0.002404694669961172,,0.001323685139428168,0.0010589481115425344,0.002404694669961172,0.001323685139428168,,0.002117896223085069,0.002404694669961172,0.0007942110836569008,0.0002647370278856336,,0.0007942110836569008,,,,,0.0007942110836569008,0.0005294740557712672,0.0005294740557712672,,,,,0.019524355806565478,0.015244440522414401,,,0.0002647370278856336,0.0005294740557712672,,0.0005294740557712672,0.027532650900105895,0.005338863395693611,0.0005294740557712672,0.0002647370278856336,0.0002647370278856336,,0.0002647370278856336,0.0005294740557712672,0.0015884221673138016,0.0002647370278856336,0.059896752559124605,0.0002647370278856336,0.028348923402753266,,0.0002647370278856336,0.004257853865160607,0.014957642075538298,0.005868337451464878,,,,,0.7339834098129192,0.006684609954112249,0.005338863395693611,0.0010589481115425344,,0.0018531591951994352,0.0026694316978468054,0.002934168725732439,0.0002647370278856336,,,0.03342304977056124,0.001323685139428168,,0.0002647370278856336,,
0.00024267560889516414,,0.009574655841863748,,0.00024267560889516414,,0.003353335686551359,,0.001279562301447229,0.002845923049770561,0.0015442993293328627,0.0007721496646664313,,0.0030885986586657254,0.0030885986586657254,0.0005074126367807977,,0.0007721496646664313,0.0015442993293328627,0.0007721496646664313,0.0007721496646664313,,,0.0015442993293328627,0.0005074126367807977,0.0010148252735615955,,,,,0.02071567243205083,0.01242057889163431,,,0.0005074126367807977,0.001279562301447229,,,0.027201729615248853,0.010876279562301448,0.0005074126367807977,0.0005074126367807977,0.00024267560889516414,,0.0005074126367807977,,0.00024267560889516414,0.001279562301447229,0.05753618072714437,,0.030047652665019416,,0.0007721496646664313,0.009309918813978114,0.019943522767384397,0.01034680550653018,0.0007721496646664313,,0.0005074126367807977,,0.711657253794564,0.008537769149311683,0.00619925873632192,0.0020517119661136603,,0.00024267560889516414,0.002316448993999294,0.001279562301447229,,,,0.025127956230144723,0.0030885986586657254,0.0005074126367807977,,,
0.001566360748323332,,0.013391281327214967,0.0005074126367807977,0.00024267560889516414,,0.007081715495940699,,0.002360571831980233,0.003926932580303565,0.004721143663960466,0.0036621955524179313,,0.0078759265795976,0.002360571831980233,0.0007721496646664313,,0.0007721496646664313,0.0026253088598658667,0.00024267560889516414,0.001566360748323332,,,0.0010368866925520648,0.0010368866925520648,0.0013016237204376984,,,,,0.024973526297211435,0.014450229438757501,,,0.0018310977762089657,0.00024267560889516414,0.00024267560889516414,,0.03313625132368514,0.012089657606777268,0.0007721496646664313,,0.0007721496646664313,,0.0007721496646664313,0.0005074126367807977,0.0018310977762089657,0.0036621955524179313,0.07547211436639605,,0.04970437698552771,0.00024267560889516414,,0.006816978468055066,0.028657783268619837,0.010236498411577833,,,0.00024267560889516414,0.001566360748323332,0.5730453582774444,0.016810801270737735,0.011824920578891633,0.011824920578891633,,0.0018310977762089657,0.004191669608189199,0.006574302859159901,,,,0.04496117190257677,0.0026253088598658667,0.0010368866925520648,,,
0.0002647370278856336,,0.01279562301447229,0.0002647370278856336,0.0008162725026473703,,0.00871426050123544,,0.004081362513236851,0.00871426050123544,0.004632897987998588,0.002978291563713378,,0.010082068478644547,0.002978291563713378,0.0008162725026473703,,0.0002647370278856336,0.0021620190610660076,,,,,,0.0016325450052947406,0.0037945640663607483,,,,,0.02234821743734557,0.014163430991881398,,,0.0008162725026473703,,,,0.02724585245322979,0.011427815037063183,0.0005294740557712672,0.0002647370278856336,,,0.0005294740557712672,0.0002647370278856336,0.003265090010589481,0.003265090010589481,0.07522943875750088,0.0008162725026473703,0.03543063889869397,,,0.002448817507942111,0.02698111542534416,0.010082068478644547,0.0010810095305330038,,0.0008162725026473703,0.004632897987998588,0.6233895164136958,0.010898340981291917,0.0054491704906459585,0.003265090010589481,,0.004346099541122485,0.0035298270384751147,0.0016325450052947406,,,,0.038695728909283446,0.0013457465584186374,0.0008162725026473703,,,
0.0002647370278856336,,0.00953053300388281,0.0002647370278856336,0.0002647370278856336,0.0002647370278856336,0.004500529474055771,,0.002117896223085069,0.002647370278856336,0.003971055418284504,0.002117896223085069,,0.0063536886692552065,0.0029121073067419696,0.0002647370278856336,,,0.0023826332509707024,0.0002647370278856336,0.0007942110836569008,,,0.0002647370278856336,0.0005294740557712672,0.0031768443346276033,,,,,0.02567949170490646,0.011913166254853513,,,0.001323685139428168,,,,0.028326861983762795,0.00873632192022591,0.0005294740557712672,0.0005294740557712672,,,0.001323685139428168,,0.0029121073067419696,0.002117896223085069,0.04632897987998588,0.001323685139428168,0.01985527709142252,,,0.003441581362513237,0.02197317331450759,0.010060007059654076,0.0007942110836569008,,0.0002647370278856336,0.003441581362513237,0.7069361101306035,0.00661842569714084,0.0060889516413695725,0.0018531591951994352,,0.002117896223085069,0.0031768443346276033,0.004500529474055771,,,,0.032827391457818565,0.002117896223085069,,,,
0.00024267560889516414,,0.013413342746205436,,0.00024267560889516414,,0.007214084009883516,,0.0025811860218849275,0.0007721496646664313,0.003860748323332157,0.0007721496646664313,,0.0015442993293328627,0.003353335686551359,,,,0.0010148252735615955,0.00024267560889516414,,,,,0.00024267560889516414,0.0005074126367807977,,0.00024267560889516414,,,0.026848746911401343,0.012905930109424639,0.00024267560889516414,,0.001279562301447229,0.0010148252735615955,,0.00024267560889516414,0.025039710554182845,0.005162372043769855,0.00024267560889516414,0.00024267560889516414,0.0005074126367807977,,0.0005074126367807977,0.0010148252735615955,0.0005074126367807977,0.0015442993293328627,0.06247793858100953,0.00024267560889516414,0.023230674196964347,,0.0005074126367807977,0.003860748323332157,0.028900458877515002,0.009023120367102013,,,0.00024267560889516414,0.0010148252735615955,0.6757192022590893,0.025811860218849278,0.004368160960112955,0.0017869749382280267,,0.0010148252735615955,0.001279562301447229,0.005934521708436287,,,,0.040262089657606775,0.0007721496646664313,,,,
0.0007500882456759619,,0.006397811507236145,,0.00024267560889516414,,0.0046108365690081185,,0.013325097070243559,0.0017869749382280267,0.0033312742675608896,0.0017869749382280267,,0.002029650547123191,0.0033312742675608896,,,0.00024267560889516414,0.003838686904341687,,0.00024267560889516414,,,0.00024267560889516414,0.00024267560889516414,0.0005074126367807977,,,,,0.02331891987292623,0.015884221673138015,,,0.0005074126367807977,0.0007500882456759619,,,0.02894458171549594,0.00869219908224497,,0.0005074126367807977,0.0005074126367807977,,0.00024267560889516414,0.0005074126367807977,0.0007500882456759619,0.00024267560889516414,0.05687433815743029,,0.016656371337804447,0.00024267560889516414,,0.004081362513236851,0.02484115778326862,0.01612689728203318,0.0005074126367807977,0.0010148252735615955,0.00024267560889516414,0.001279562301447229,0.688625132368514,0.017935933639251677,0.006133074479350512,0.004081362513236851,,0.0005074126367807977,0.004081362513236851,0.0010148252735615955,,,,0.028701906106600776,0.002029650547123191,0.0010148252735615955,,,0.00024267560889516414
0.00024267560889516414,,0.007478821037769149,,,,0.006463995764207554,,0.00619925873632192,0.0028238616307800918,0.0030885986586657254,0.0007721496646664313,,0.004390222379103424,0.0020517119661136603,0.0005074126367807977,,,0.0015442993293328627,,0.00024267560889516414,,,0.00024267560889516414,0.00024267560889516414,0.0007721496646664313,,,,,0.02197317331450759,0.01370014119308154,,,0.001279562301447229,0.00024267560889516414,0.00024267560889516414,,0.03154782915637134,0.007478821037769149,0.0005074126367807977,,0.0007721496646664313,0.00024267560889516414,0.0005074126367807977,0.0018090363572184963,0.0018090363572184963,0.002316448993999294,0.0692949170490646,,0.024554359336392516,,0.00024267560889516414,0.0028238616307800918,0.03982086127779739,0.007743558065654783,0.0007721496646664313,0.00024267560889516414,,0.0005074126367807977,0.6661445464172255,0.01447229085774797,0.005934521708436287,0.004897635015884222,,0.0020517119661136603,0.002316448993999294,0.0015442993293328627,,,,0.032584715848923404,0.001279562301447229,0.0007721496646664313,0.0005074126367807977,,
0.0002647370278856336,,0.011339569361101306,,,,0.005250617719731733,0.0002647370278856336,0.003860748323332157,0.0022061418990469467,0.003860748323332157,0.001367807977409107,,0.00496381927285563,0.0027576773738086833,0.001367807977409107,0.0002647370278856336,0.0011030709495234734,0.0008162725026473703,0.0002647370278856336,,,,,0.0008162725026473703,0.001367807977409107,,,,,0.021840804800564773,0.015487116131309566,,,0.0002647370278856336,0.0002647370278856336,0.0002647370278856336,,0.032342040240028236,0.008295093540416519,0.0008162725026473703,,0.0005515354747617367,0.0002647370278856336,,0.0019193434521708435,0.0011030709495234734,0.00165460642428521,0.06276473702788564,0.0011030709495234734,0.036489587010236496,,,0.004147546770208259,0.027642957995058243,0.015487116131309566,0.0008162725026473703,,0.0002647370278856336,0.0005515354747617367,0.6619528768090364,0.012707377338510413,0.0027576773738086833,0.00330921284857042,,0.0011030709495234734,0.003860748323332157,0.0022061418990469467,,,,0.03262883868690434,0.0019193434521708435,0.0008162725026473703,,,0.0002647370278856336
0.0011030709495234734,,0.012486763148605718,,0.0002647370278856336,,0.005537416166607836,0.0002647370278856336,0.008603953406283091,0.00165460642428521,0.0024929403459230497,0.0008162725026473703,,0.007765619484645252,0.004147546770208259,0.00165460642428521,,0.0002647370278856336,0.0008162725026473703,0.0008162725026473703,,0.0002647370278856336,,,0.0002647370278856336,0.0002647370278856336,,,,,0.03554094599364631,0.017759442287327922,,,0.001941404871161313,0.0002647370278856336,,,0.043306565478291564,0.006375750088245676,0.0002647370278856336,,0.0002647370278856336,0.0002647370278856336,0.0011030709495234734,,0.0002647370278856336,0.00165460642428521,0.07995058242146134,0.0005515354747617367,0.025525061771973175,,0.0002647370278856336,0.003882809742322626,0.028304800564772328,0.028856336039534063,0.0002647370278856336,0.0002647370278856336,0.0002647370278856336,0.001941404871161313,0.5532783268619836,0.011383692199082245,0.006927285563007412,0.007214084009883516,,0.0008162725026473703,0.008030356512530886,0.005537416166607836,0.0002647370278856336,,,0.07357483233321567,0.003882809742322626,0.0002647370278856336,,,0.0002647370278856336
0.0005294740557712672,,0.011560183551006001,,0.0002647370278856336,,0.00743469819978821,,0.008802506177197317,0.0008162725026473703,0.00412548535121779,0.007699435227673844,,0.012663254500529474,0.0024708789269325803,0.002735615954818214,,0.0010810095305330038,0.001367807977409107,0.001367807977409107,0.0002647370278856336,,,0.0016325450052947406,0.0016325450052947406,0.0005294740557712672,,,,,0.029496117190257676,0.011846981997882105,,,0.0010810095305330038,0.0005294740557712672,,,0.03170225908930462,0.01405312389692905,0.003022414401694317,0.001367807977409107,0.0002647370278856336,0.0002647370278856336,0.0032871514295799505,0.0019193434521708435,0.0008162725026473703,0.0016325450052947406,0.06700052947405577,,0.03582774444052241,,0.0008162725026473703,0.00412548535121779,0.054866749029297564,0.011560183551006001,0.0019193434521708435,0.0008162725026473703,0.0005294740557712672,0.0024708789269325803,0.5430418284504059,0.00990557712672079,0.011560183551006001,0.002735615954818214,,0.0010810095305330038,0.008802506177197317,0.004677020825979527,,,0.0002647370278856336,0.06424285210024709,0.004677020825979527,0.0008162725026473703,,,
,,0.006022767384398164,,,,0.006309565831274268,,0.0030003529827038475,0.0024708789269325803,0.001367807977409107,0.0019193434521708435,,0.009331980232968584,0.0019193434521708435,0.004103423932227321,0.0005294740557712672,0.0005294740557712672,0.0016325450052947406,,,,,0.0010810095305330038,0.0024708789269325803,,,,,,0.019767031415460642,0.010699788210377691,,,0.0002647370278856336,0.0002647370278856336,,,0.027995940698905753,0.008493646311330745,0.0002647370278856336,0.001367807977409107,0.0002647370278856336,,0.0016325450052947406,0.0002647370278856336,,0.0032871514295799505,0.053543063889869395,0.001367807977409107,0.034040769502294385,,0.0002647370278856336,0.0021840804800564773,0.05080744793505118,0.012905930109424639,,0.0019193434521708435,0.0005294740557712672,0.0005294740557712672,0.6659680550653018,0.009331980232968584,0.004390222379103424,0.0008162725026473703,,0.0008162725026473703,0.002735615954818214,0.004390222379103424,0.0010810095305330038,,0.0002647370278856336,0.03240822449699965,0.0021840804800564773,,,0.0002647370278856336,
0.0005735968937522061,,0.006949346981997882,,,,0.003772502647370279,,0.0017207906812566184,0.0014339922343805152,0.002029650547123191,0.0011471937875044123,,0.00580215319449347,0.004632897987998588,,,0.00028679844687610307,0.002029650547123191,,,,,,0.0017207906812566184,,,,,0.00028679844687610307,0.023230674196964347,0.0165460642428521,,,0.0005735968937522061,0.0008603953406283092,,,0.032518531591952,0.01160430638898694,0.00028679844687610307,,0.00028679844687610307,,0.0008603953406283092,0.0011471937875044123,0.0008603953406283092,0.0011471937875044123,0.06475026473702788,,0.024973526297211435,,,0.0031768443346276033,0.01740645958348041,0.01740645958348041,,,0.0005735968937522061,0.00028679844687610307,0.6804182845040594,0.017715319449346983,0.0031768443346276033,0.0028900458877515003,,0.0017207906812566184,0.0031768443346276033,0.003463642781503706,0.0005735968937522061,,,0.03483498058595129,0.0011471937875044123,,,,
0.0002647370278856336,,0.008978997529121072,,,,0.0046108365690081185,0.0002647370278856336,0.003265090010589481,0.0010810095305330038,0.002978291563713378,0.0010810095305330038,,0.0037945640663607483,0.0010810095305330038,0.0005294740557712672,,0.0005294740557712672,0.0008162725026473703,0.0002647370278856336,0.0002647370278856336,,,,0.0002647370278856336,0.0002647370278856336,,,,0.0002647370278856336,0.02612072008471585,0.020142075538298623,,,0.0013457465584186374,0.0005294740557712672,0.0005294740557712672,,0.029121073067419696,0.006530180021178962,0.0013457465584186374,0.0005294740557712672,0.0002647370278856336,,0.0005294740557712672,,0.0005294740557712672,0.0005294740557712672,0.06124249911754324,0.0002647370278856336,0.023671902576773738,,,0.0027135545358277446,0.01577391457818567,0.010611542534415814,0.0005294740557712672,,,0.0010810095305330038,0.7072670314154607,0.009795270031768444,0.008978997529121072,0.0016325450052947406,,0.0010810095305330038,0.0027135545358277446,0.0027135545358277446,,,,0.0302020825979527,0.0008162725026473703,0.0002647370278856336,,,
,,0.006022767384398164,,,,0.00496381927285563,0.0007721496646664313,0.0028679844687610305,0.001566360748323332,0.002360571831980233,0.002360571831980233,,0.0028679844687610305,0.001566360748323332,0.0005074126367807977,,0.0007721496646664313,,,,0.00024267560889516414,0.00024267560889516414,,0.0010368866925520648,0.00024267560889516414,,,,,0.021752559124602895,0.01572979174020473,,,0.0007721496646664313,0.00024267560889516414,,,0.030422696787857396,0.007324391104835863,0.0005074126367807977,0.0005074126367807977,0.00024267560889516414,,,0.00024267560889516414,0.00024267560889516414,0.0007721496646664313,0.055859512883868694,0.0005074126367807977,0.027003176844334627,,0.00024267560889516414,0.0010368866925520648,0.021752559124602895,0.012575008824567597,0.00024267560889516414,,0.00024267560889516414,0.001566360748323332,0.7040240028238616,0.010214436992587363,0.006022767384398164,0.002360571831980233,,0.002603247440875397,0.003132721496646664,0.0018310977762089657,0.00024267560889516414,,,0.03827656194846452,0.0028679844687610305,0.00024267560889516414,,,
0.00024267560889516414,,0.008868690434168726,,0.00024267560889516414,0.00024267560889516414,0.005735968937522061,0.0005074126367807977,0.0023385104129897633,0.0013016237204376984,0.0028679844687610305,0.001566360748323332,,0.00833921637839746,0.0013016237204376984,0.00024267560889516414,0.00024267560889516414,,0.0023385104129897633,0.00024267560889516414,,,,,0.001566360748323332,0.00024267560889516414,,,,,0.023495411224849983,0.012530885986586656,,,0.00024267560889516414,0.0005074126367807977,,,0.030555065301800213,0.006772855630074126,,0.0005074126367807977,0.0005074126367807977,,,0.0010368866925520648,0.0010368866925520648,0.003132721496646664,0.05171196611366043,0.0007721496646664313,0.03132721496646664,,,0.0033753971055418283,0.019568478644546417,0.014361983762795624,0.00024267560889516414,,,0.0013016237204376984,0.6879191669608189,0.017229968231556654,0.009662901517825626,0.002603247440875397,,0.0013016237204376984,0.0023385104129897633,0.0018090363572184963,0.00024267560889516414,,,0.03262883868690434,0.002603247440875397,0.00024267560889516414,,,
0.00024267560889516414,,0.014626720790681256,,,0.00024267560889516414,0.011538122132015532,,0.003066537239675256,0.003066537239675256,0.0035739498764560534,0.0033312742675608896,,0.006397811507236145,0.0010148252735615955,,,0.0010148252735615955,0.0017869749382280267,,0.00024267560889516414,,,,0.001279562301447229,0.0005074126367807977,0.00024267560889516414,,,,0.022326156018355102,0.014361983762795624,,,0.0005074126367807977,0.0007500882456759619,,,0.027444405224144017,0.007699435227673844,0.0005074126367807977,0.0007500882456759619,0.0005074126367807977,,0.001279562301447229,0.0010148252735615955,0.0005074126367807977,0.003066537239675256,0.06492675608895164,0.00024267560889516414,0.02770914225202965,0.00024267560889516414,,0.005118249205788916,0.025392693258030355,0.010523296858453936,0.00024267560889516414,0.0020517119661136603,0.00024267560889516414,0.00024267560889516414,0.6447890928344511,0.012575008824567597,0.014361983762795624,0.002559124602894458,,0.0015222379103423931,0.009993822802682668,0.0020517119661136603,0.0010148252735615955,,,0.03772502647370279,0.0033312742675608896,0.00024267560889516414,,,
0.0005074126367807977,,0.011913166254853513,,0.00024267560889516414,0.0007721496646664313,0.012685315919519944,,0.003353335686551359,0.0015442993293328627,0.00412548535121779,0.00412548535121779,,0.016060713025061773,0.0020517119661136603,0.0018090363572184963,,0.00024267560889516414,0.0036180727144369926,0.0005074126367807977,,,,,0.0007721496646664313,0.0010148252735615955,0.00024267560889516414,,,,0.02148782209671726,0.009067243205082951,,,0.0010148252735615955,0.0005074126367807977,0.00024267560889516414,,0.020980409459936462,0.008537769149311683,0.0007721496646664313,0.0015442993293328627,,,0.0007721496646664313,0.00024267560889516414,0.0018090363572184963,0.0036180727144369926,0.07046417225555948,0.002316448993999294,0.0380780091775503,,,0.00412548535121779,0.03262883868690434,0.013986939639957643,0.00024267560889516414,0.0005074126367807977,0.0005074126367807977,0.002316448993999294,0.5841863748676315,0.016832862689728202,0.011383692199082245,0.003353335686551359,,0.0018090363572184963,0.004919696434874691,0.0036180727144369926,,,,0.06891987292622662,0.0036180727144369926,,,,
0.0010368866925520648,,0.00869219908224497,,,0.0005074126367807977,0.006309565831274268,,0.0034195199435227675,0.0018310977762089657,0.0026253088598658667,0.001566360748323332,,0.005250617719731733,0.0010368866925520648,0.0005074126367807977,,0.0005074126367807977,0.0013016237204376984,,,,,0.00024267560889516414,0.00024267560889516414,0.0007721496646664313,0.0005074126367807977,,,,0.020539181080127075,0.012905930109424639,,,0.0005074126367807977,0.0013016237204376984,0.00024267560889516414,,0.023716025414754677,0.005780091775503001,0.00024267560889516414,0.0007721496646664313,,,0.0010368866925520648,,0.0010368866925520648,0.0028900458877515003,0.041365160607130254,0.0018310977762089657,0.015001764913519237,0.00024267560889516414,,0.0034195199435227675,0.022657077303212144,0.009221673138016237,0.0005074126367807977,,0.0007721496646664313,0.0018310977762089657,0.731909636427815,0.007103776914931168,0.004985880691846099,0.0044784680550653015,,0.0007721496646664313,0.001566360748323332,0.004985880691846099,,,,0.036621955524179316,0.003154782915637134,0.00024267560889516414,,,
0.0005515354747617367,,0.01242057889163431,,0.0002647370278856336,,0.0064860571831980235,,0.002537063183903989,0.0016766678432756795,0.0016766678432756795,0.009045181786092482,,0.002537063183903989,0.002537063183903989,,,0.0002647370278856336,0.0016766678432756795,0.0002647370278856336,0.0002647370278856336,,,,0.0008383339216378397,0.0011251323685139427,,,,,0.022612954465231205,0.016391634309918815,,,0.0005515354747617367,0.0008383339216378397,,,0.026848746911401343,0.0056477232615601836,0.0002647370278856336,,0.0002647370278856336,,0.0002647370278856336,0.0022502647370278854,0.0005515354747617367,0.0014119308153900459,0.054271090716554886,,0.026848746911401343,0.0002647370278856336,,0.002537063183903989,0.013832509707024356,0.01328097423226262,,0.0002647370278856336,,0.0002647370278856336,0.6782783268619837,0.01610483586304271,0.004522590893046241,0.006772855630074126,,0.0016766678432756795,0.0022502647370278854,0.0011251323685139427,,,,0.05199876456053654,0.0030885986586657254,0.0005515354747617367,,,
0.0005515354747617367,,0.008008295093540417,,0.00165460642428521,0.0002647370278856336,0.00496381927285563,0.0005515354747617367,0.0035960112954465232,0.0008162725026473703,0.004699082244969997,0.0005515354747617367,,0.00165460642428521,0.0030444758206847862,0.0002647370278856336,,0.0002647370278856336,0.00165460642428521,,,,,,0.00165460642428521,0.0005515354747617367,,,,,0.02075979527003177,0.022701200141193083,,,0.0005515354747617367,0.0002647370278856336,0.0005515354747617367,,0.02989322273208613,0.00580215319449347,0.0008162725026473703,0.0005515354747617367,0.0002647370278856336,,0.0002647370278856336,0.0008162725026473703,,0.0011030709495234734,0.05204288739851747,0.0005515354747617367,0.02435580656547829,,,0.0022061418990469467,0.017980056477232616,0.010236498411577833,0.0005515354747617367,0.0002647370278856336,,0.0002647370278856336,0.7060977762089657,0.013545711260148252,0.004147546770208259,0.0022061418990469467,,0.0011030709495234734,0.0011030709495234734,0.0019193434521708435,0.0011030709495234734,,,0.03876191316625485,0.0022061418990469467,0.0002647370278856336,,,
0.0002647370278856336,,0.01072184962936816,,0.0007942110836569008,0.0002647370278856336,0.006706671373102718,0.0005294740557712672,0.0026694316978468054,0.001323685139428168,0.00536092481468408,0.0005294740557712672,,0.00536092481468408,0.0034857042004941756,0.0002647370278856336,,0.0007942110836569008,0.0026694316978468054,0.0002647370278856336,0.0005294740557712672,,,,0.0026694316978468054,0.0005294740557712672,,,,,0.0252162019061066,0.01610483586304271,,,0.0007942110836569008,,,,0.028701906106600776,0.00536092481468408,,0.0002647370278856336,0.0005294740557712672,,0.0005294740557712672,0.0005294740557712672,0.0002647370278856336,0.001323685139428168,0.05581539004588775,0.0007942110836569008,0.028172432050829508,,,0.002139957642075538,0.018509530533003884,0.010986586657253794,0.0002647370278856336,0.0002647370278856336,0.0005294740557712672,0.002139957642075538,0.6880074126367808,0.011802859159901164,0.008581891987292622,0.004015178256265443,,0.0026694316978468054,0.003750441228379809,0.0018752206141899046,0.0010589481115425344,,,0.03059918813978115,0.0026694316978468054,,,,
0.0010368866925520648,,0.011935227673843982,,0.00024267560889516414,,0.007522943875750089,,0.0036180727144369926,0.0010368866925520648,0.005184433462760324,0.0036180727144369926,,0.003882809742322626,0.001279562301447229,,,0.00024267560889516414,0.0015442993293328627,,,,,0.00024267560889516414,0.0007721496646664313,0.0007721496646664313,,,,,0.025436816096011297,0.015575361807271444,,,0.00024267560889516414,,,,0.037107306741969645,0.0064860571831980235,0.00024267560889516414,0.00024267560889516414,0.0010368866925520648,,0.0007721496646664313,0.001279562301447229,0.0005074126367807977,0.0007721496646664313,0.05164578185668902,0.0010368866925520648,0.02854747617366749,,,0.002845923049770561,0.024642605012354393,0.012707377338510413,0.0005074126367807977,0.00024267560889516414,0.001279562301447229,0.0020737733851041297,0.6661445464172255,0.013479527003176844,0.004654959406989057,0.0018090363572184963,,0.0007721496646664313,0.004147546770208259,0.0025811860218849275,,,,0.04463025061771973,0.0036180727144369926,,,,
0.0007942110836569008,,0.01736233674549947,,0.0002647370278856336,,0.008802506177197317,,0.004787327920931874,,0.004257853865160607,0.0015884221673138016,,0.006397811507236145,0.003463642781503706,0.0010589481115425344,,0.0002647370278856336,0.0023826332509707024,,0.0007942110836569008,0.0002647370278856336,,0.0010589481115425344,0.0015884221673138016,0.0010589481115425344,,,,,0.02484115778326862,0.009596717260854218,,,0.0005294740557712672,0.0018531591951994352,,,0.03871779032827392,0.008008295093540417,0.0007942110836569008,0.0015884221673138016,0.0007942110836569008,,0.0010589481115425344,0.034173138016237205,0.0010589481115425344,0.001323685139428168,0.07077303212142605,0.001323685139428168,0.04220349452876809,,,0.004522590893046241,0.024554359336392516,0.016810801270737735,0.0007942110836569008,0.0002647370278856336,0.0002647370278856336,0.0023826332509707024,0.5811418990469467,0.010412989763501588,0.006133074479350512,0.0015884221673138016,,0.001323685139428168,0.0031989057536180726,0.002117896223085069,,,,0.04220349452876809,0.004257853865160607,0.0026694316978468054,0.0002647370278856336,,0.0002647370278856336
0.0002647370278856336,,0.013325097070243559,,0.0007942110836569008,,0.005052064948817508,0.0002647370278856336,0.0031989057536180726,0.002647370278856336,0.005868337451464878,0.00372837980938934,,0.009596717260854218,0.0018531591951994352,0.0010589481115425344,,0.0002647370278856336,0.0015884221673138016,,0.0010589481115425344,,,,0.0007942110836569008,0.0002647370278856336,,,,,0.027201729615248853,0.007986233674549948,,0.0002647370278856336,0.0007942110836569008,0.001323685139428168,,,0.02773120367102012,0.011736674902929756,0.0005294740557712672,0.0015884221673138016,0.0002647370278856336,0.0002647370278856336,0.003463642781503706,0.0015884221673138016,0.001323685139428168,0.0015884221673138016,0.05630074126367808,0.002934168725732439,0.03975467702082598,,,0.004787327920931874,0.030400635368866925,0.01118513942816802,0.0015884221673138016,,0.0002647370278856336,0.0053168019767031414,0.6015707730321214,0.009067243205082951,0.004257853865160607,0.0031989057536180726,,0.001323685139428168,0.001323685139428168,0.003993116837274974,0.0002647370278856336,,,0.07496470172961525,0.002117896223085069,0.0055815390045887755,0.0002647370278856336,,0.0002647370278856336
0.00024267560889516414,,0.00992763854571126,,,,0.003640134133427462,0.00024267560889516414,0.001566360748323332,0.00024267560889516414,0.0039048711613130956,0.0023385104129897633,,0.00496381927285563,0.001566360748323332,0.0005074126367807977,,,0.0018090363572184963,0.0005074126367807977,,,,,0.00024267560889516414,0.00024267560889516414,,,,,0.020120014119308152,0.00783180374161666,,0.00024267560889516414,0.0005074126367807977,0.0013016237204376984,,,0.022480585951288386,0.004699082244969997,0.001566360748323332,0.0018090363572184963,0.0005074126367807977,,0.0028679844687610305,0.0005074126367807977,0.0010368866925520648,0.0020737733851041297,0.038430991881397814,0.002603247440875397,0.018024179315213554,,,0.0023385104129897633,0.02274532297917402,0.007302329685845393,0.0013016237204376984,,0.0007721496646664313,0.0028679844687610305,0.7519414048711612,0.002603247440875397,0.003640134133427462,0.0020737733851041297,,0.00024267560889516414,0.0010368866925520648,0.0028679844687610305,,,,0.03556300741263678,0.0023385104129897633,0.001566360748323332,0.00024267560889516414,,
,,0.010611542534415814,,0.0010589481115425344,,0.0029121073067419696,0.0002647370278856336,0.002117896223085069,0.0002647370278856336,0.0031768443346276033,0.0023826332509707024,,0.005030003529827038,0.0015884221673138016,,,0.0005294740557712672,0.0015884221673138016,,,,,0.0002647370278856336,0.0007942110836569008,0.001323685139428168,,,,,0.0236277797387928,0.009287857394987645,,,0.0002647370278856336,0.0010589481115425344,,,0.024973526297211435,0.0060889516413695725,0.001323685139428168,0.001323685139428168,0.0007942110836569008,,0.0010589481115425344,0.0005294740557712672,0.0010589481115425344,0.0015884221673138016,0.05180021178962231,0.0002647370278856336,0.02735615954818214,,0.0002647370278856336,0.003971055418284504,0.022039357571479,0.010876279562301448,0.0010589481115425344,0.0007942110836569008,0.0005294740557712672,0.0010589481115425344,0.7014648782209671,0.011141016590187082,0.005030003529827038,0.0031768443346276033,,0.0007942110836569008,0.0018531591951994352,0.005559477585598305,,0.0002647370278856336,,0.03984292269678786,0.002647370278856336,0.001323685139428168,,,
0.0005515354747617367,,0.012244087539710555,,0.0008162725026473703,,0.0022061418990469467,0.0002647370278856336,0.0013898693963995763,0.0005515354747617367,0.0024929403459230497,0.0022061418990469467,,0.004434345217084363,0.0024929403459230497,0.0002647370278856336,,0.0005515354747617367,0.001941404871161313,,,,,0.0005515354747617367,0.0008162725026473703,0.0005515354747617367,,,,,0.01780356512530886,0.011692552064948817,,,0.0002647370278856336,0.0008162725026473703,,0.0002647370278856336,0.029496117190257676,0.006662548535121779,0.0002647370278856336,0.0011030709495234734,0.0011030709495234734,,0.0008162725026473703,0.0011030709495234734,0.0005515354747617367,0.0022061418990469467,0.05985262972114366,0.0011030709495234734,0.019193434521708436,,,0.0033312742675608896,0.026716378397458523,0.013347158489234028,0.0002647370278856336,0.0002647370278856336,0.0002647370278856336,0.00165460642428521,0.677351747264384,0.01948023296858454,0.006397811507236145,0.0036180727144369926,,0.0002647370278856336,0.0027797387927991526,0.00165460642428521,,,,0.05345481821390752,0.0002647370278856336,0.0002647370278856336,,,
0.0002647370278856336,,0.010368866925520649,,0.0002647370278856336,0.0005294740557712672,0.004632897987998588,,0.0027135545358277446,0.002448817507942111,0.0016325450052947406,0.002448817507942111,,0.0035298270384751147,0.003265090010589481,0.0002647370278856336,,0.0002647370278856336,0.002448817507942111,,,0.0002647370278856336,,0.0002647370278856336,0.0005294740557712672,0.0013457465584186374,,,,,0.021002470878926933,0.011736674902929756,,,0.0002647370278856336,0.0008162725026473703,0.0005294740557712672,0.0002647370278856336,0.0281062477938581,0.004632897987998588,0.0002647370278856336,0.0018972820331803742,0.0013457465584186374,,0.0005294740557712672,0.0010810095305330038,0.0008162725026473703,0.0030003529827038475,0.05131486057183198,0.002448817507942111,0.020737733851041298,,,0.0027135545358277446,0.01692110836569008,0.010082068478644547,0.0002647370278856336,0.0002647370278856336,0.0002647370278856336,0.0013457465584186374,0.7191140134133427,0.011449876456053653,0.004081362513236851,0.004897635015884222,,,0.004081362513236851,0.0021620190610660076,,0.0002647370278856336,,0.030841863748676316,0.002448817507942111,0.0002647370278856336,,,0.0002647370278856336
,,0.009574655841863748,,0.0007942110836569008,0.0007942110836569008,0.0031768443346276033,,0.003441581362513237,0.002647370278856336,0.0010589481115425344,0.0015884221673138016,,0.007169961171902577,0.002647370278856336,0.0005294740557712672,,0.0007942110836569008,0.002117896223085069,,,0.0002647370278856336,,0.0002647370278856336,0.0010589481115425344,0.002117896223085069,,,,,0.01941404871161313,0.008758383339216379,0.0005294740557712672,,0.002117896223085069,,0.0005294740557712672,0.0002647370278856336,0.029518178609248148,0.00664048711613131,0.0015884221673138016,0.0015884221673138016,0.0015884221673138016,0.0002647370278856336,0.0010589481115425344,0.002117896223085069,0.0010589481115425344,0.0031768443346276033,0.030841863748676316,0.0018531591951994352,0.01780356512530886,0.0005294740557712672,,0.003971055418284504,0.012751500176491352,0.007964172255559478,0.0029121073067419696,,0.0007942110836569008,0.0031768443346276033,0.7528459230497706,0.002647370278856336,0.0037063183903988705,0.0055815390045887755,0.0002647370278856336,0.0015884221673138016,0.004235792446170138,0.0018531591951994352,,,,0.01780356512530886,0.0037063183903988705,0.0029121073067419696,,,
0.0002647370278856336,,0.012927991528415108,,0.0007942110836569008,0.0002647370278856336,0.0029562301447229084,,0.042578538651606074,0.0029562301447229084,0.002404694669961172,0.0005294740557712672,,0.007545005294740558,0.0018752206141899046,0.0005294740557712672,,0.0010589481115425344,0.004037239675255913,,0.0005294740557712672,0.0005294740557712672,,0.006993469819978821,0.0018752206141899046,0.004037239675255913,,,,,0.020208259795270033,0.008603953406283091,,,,,0.0005294740557712672,0.0007942110836569008,0.027488528062124956,0.006993469819978821,0.0007942110836569008,0.001610483586304271,0.0007942110836569008,,0.0018752206141899046,0.0013457465584186374,0.001610483586304271,0.00619925873632192,0.06547829156371338,0.0013457465584186374,0.04688051535474762,0.0005294740557712672,0.0002647370278856336,0.00456671373102718,0.030709495234733496,0.011846981997882105,0.0013457465584186374,,0.0007942110836569008,0.005912460289445817,0.557712672079068,0.014803212142605012,0.016435757147899754,0.0018752206141899046,0.0005294740557712672,0.0007942110836569008,0.0034857042004941756,0.0026914931168372748,0.0002647370278856336,,,0.05605806565478291,0.0018752206141899046,0.0002647370278856336,,,
0.00024267560889516414,,0.010258559830568302,,0.0005074126367807977,,0.0034195199435227675,,0.006839039887045535,0.0034195199435227675,0.003154782915637134,0.002360571831980233,,0.006574302859159901,0.0007721496646664313,,,0.0005074126367807977,0.0026253088598658667,0.0005074126367807977,0.00024267560889516414,0.00024267560889516414,,0.0010368866925520648,0.0010368866925520648,0.0034195199435227675,,,,,0.01815654782915637,0.008934874691140134,,,0.0005074126367807977,0.00024267560889516414,,0.00024267560889516414,0.021311330744793505,0.004191669608189199,0.0007721496646664313,0.001566360748323332,0.00024267560889516414,,0.0007721496646664313,0.00024267560889516414,0.0013016237204376984,0.005780091775503001,0.05290328273914578,0.003684256971408401,0.05343275679491705,,,0.0028900458877515003,0.024201376632545006,0.009993822802682668,0.0005074126367807977,,0.0020958348040945995,0.006044828803388634,0.637641193081539,0.01526650194140487,0.006839039887045535,0.0013016237204376984,0.00024267560889516414,0.0010368866925520648,0.002360571831980233,0.0013016237204376984,,,,0.06291916696081892,0.003154782915637134,0.0005074126367807977,,,0.00024267560889516414
0.00024267560889516414,,0.006177197317331451,,0.0007721496646664313,,0.0035960112954465232,,0.0017869749382280267,0.0005074126367807977,0.0028238616307800918,0.0015442993293328627,,0.0028238616307800918,,,,0.0005074126367807977,0.00412548535121779,0.0010148252735615955,,0.00024267560889516414,,,0.0007721496646664313,0.0010148252735615955,,,,0.0007721496646664313,0.02398076244264031,0.013148605718319802,,,0.0005074126367807977,,,,0.01650194140487116,0.006949346981997882,0.0005074126367807977,0.0005074126367807977,0.00024267560889516414,0.0005074126367807977,0.0007721496646664313,0.0005074126367807977,0.0010148252735615955,0.00412548535121779,0.029121073067419696,0.001279562301447229,0.023451288386869044,,,0.002316448993999294,0.018553653370984823,0.010037945640663607,,0.00024267560889516414,0.0005074126367807977,0.0035960112954465232,0.7488307447935052,0.011846981997882105,0.004368160960112955,0.0017869749382280267,0.00024267560889516414,0.0007721496646664313,0.0033312742675608896,0.0005074126367807977,,0.0007721496646664313,,0.03428344511118955,0.003860748323332157,,0.00024267560889516414,,0.0020517119661136603
0.0002647370278856336,,0.015023826332509708,,,,0.0026694316978468054,,0.0026694316978468054,0.0010589481115425344,0.002404694669961172,0.004279915284151076,0.0005294740557712672,0.00454465231203671,0.001323685139428168,,,0.0002647370278856336,0.0015884221673138016,,,,,,0.0010589481115425344,0.0007942110836569008,,,,,0.023340981291916696,0.025480938933992236,,,0.001323685139428168,0.0002647370278856336,0.0005294740557712672,,0.024135192375573596,0.008030356512530886,,,0.0010589481115425344,,0.0007942110836569008,,0.0007942110836569008,0.0005294740557712672,0.05204288739851747,0.002934168725732439,0.02978291563713378,,,0.004015178256265443,0.012597070243558066,0.008581891987292622,,0.0007942110836569008,0.0005294740557712672,0.001323685139428168,0.7066493116837275,0.012332333215672432,0.003750441228379809,0.0005294740557712672,,0.0007942110836569008,0.0031989057536180726,0.002139957642075538,,,,0.03218761030709495,0.0007942110836569008,0.0002647370278856336,,,
0.00024267560889516414,,0.012067596187786798,,,,0.006022767384398164,,0.003926932580303565,0.0007721496646664313,0.002360571831980233,0.011030709495234733,0.0010368866925520648,0.004191669608189199,0.0013016237204376984,0.00024267560889516414,,0.00024267560889516414,0.0010368866925520648,,,,,,0.0013016237204376984,0.0007721496646664313,,,,,0.0202303212142605,0.014185492410871867,,,,0.00024267560889516414,0.0005074126367807977,,0.02863572184962937,0.0078759265795976,0.0010368866925520648,,0.001566360748323332,,0.0005074126367807977,0.0013016237204376984,0.0010368866925520648,0.0036621955524179313,0.05674196964348747,0.0033974585245322977,0.029165195905400634,,0.00024267560889516414,0.0055153547476173665,0.013391281327214967,0.012597070243558066,0.0007721496646664313,0.0010368866925520648,,0.0028900458877515003,0.680307977409107,0.010501235439463467,0.003926932580303565,0.0028900458877515003,,0.0010368866925520648,0.0010368866925520648,0.0005074126367807977,0.00024267560889516414,0.00024267560889516414,,0.0441448993999294,0.001566360748323332,0.0005074126367807977,,,
0.0002647370278856336,,0.009618778679844687,,0.0005294740557712672,,0.004279915284151076,,0.0026694316978468054,0.0007942110836569008,0.0015884221673138016,0.0005294740557712672,0.0005294740557712672,0.005338863395693611,0.0010589481115425344,,,0.0002647370278856336,0.0026694316978468054,,0.0002647370278856336,,,,0.002934168725732439,0.0005294740557712672,,,,,0.020870102364984117,0.017119661136604306,,,,0.0002647370278856336,0.0010589481115425344,,0.029451994352276738,0.006684609954112249,,0.0005294740557712672,0.001323685139428168,,0.001323685139428168,,0.0010589481115425344,0.001323685139428168,0.04926314860571832,0.004809389339922344,0.029716731380162374,0.0002647370278856336,,0.0031989057536180726,0.017671196611366045,0.014714966466643135,0.0005294740557712672,0.0015884221673138016,0.0002647370278856336,0.002139957642075538,0.6954641722555595,0.014979703494528767,0.005338863395693611,0.002404694669961172,,0.0002647370278856336,0.002934168725732439,0.0018531591951994352,,,,0.03507765619484645,0.001323685139428168,0.0010589481115425344,,,0.0002647370278856336
0.00024267560889516414,,0.00871426050123544,,0.00024267560889516414,0.00024267560889516414,0.0047432050829509355,,0.0044784680550653015,0.00024267560889516414,0.0018310977762089657,0.001566360748323332,0.001566360748323332,0.006861101306036004,0.001566360748323332,0.0010368866925520648,,0.00024267560889516414,0.0026253088598658667,,0.0007721496646664313,,,,0.0005074126367807977,0.0005074126367807977,,,,,0.021156900811860217,0.01612689728203318,,0.00024267560889516414,,0.00024267560889516414,0.0005074126367807977,,0.02272326156018355,0.00950847158489234,,0.0007721496646664313,0.00024267560889516414,,0.00024267560889516414,0.0007721496646664313,0.00024267560889516414,0.0026253088598658667,0.05314595834804094,,0.029341687257324393,,0.0007721496646664313,0.002360571831980233,0.021686374867631485,0.011891104835863043,0.00024267560889516414,0.0013016237204376984,,0.003948993999294034,0.7020825979527003,0.01162636780797741,0.0020958348040945995,0.0026253088598658667,,0.0005074126367807977,0.001566360748323332,0.00024267560889516414,0.0005074126367807977,,,0.036754324038122135,0.0028900458877515003,0.0007721496646664313,0.00024267560889516414,,
0.0005074126367807977,,0.009883515707730321,,,,0.005184433462760324,0.00024267560889516414,0.006243381574302859,0.0005074126367807977,0.0031106600776561947,0.002845923049770561,0.0010368866925520648,0.009354041651959053,0.0023385104129897633,0.0005074126367807977,,0.00024267560889516414,0.0031106600776561947,0.0010368866925520648,0.0005074126367807977,,,0.00024267560889516414,0.0015442993293328627,0.0015442993293328627,0.0007721496646664313,,,,0.022635015884221673,0.01612689728203318,,,0.0007721496646664313,,0.0005074126367807977,,0.028348923402753266,0.00831715495940699,,0.0010368866925520648,0.0007721496646664313,,0.0010368866925520648,0.0007721496646664313,0.001279562301447229,0.004941757853865161,0.07754588775150018,0.00024267560889516414,0.039026650194140484,,0.0025811860218849275,0.004412283798093893,0.07858277444405225,0.017163783974585244,0.00024267560889516414,0.0007721496646664313,,0.004941757853865161,0.5495499470525944,0.01405312389692905,0.012751500176491352,0.008846629015178256,,0.0010368866925520648,0.00831715495940699,0.003640134133427462,0.00024267560889516414,,,0.03461436639604659,0.0025811860218849275,0.0010368866925520648,0.0005074126367807977,,
0.0010368866925520648,,0.010633603953406283,,,0.0005074126367807977,0.005184433462760324,0.0010368866925520648,0.005184433462760324,,0.002845923049770561,0.001279562301447229,0.0015442993293328627,0.018443346276032474,0.0010368866925520648,0.00024267560889516414,,0.00024267560889516414,0.0025811860218849275,0.00024267560889516414,0.00024267560889516414,,,,0.0015442993293328627,0.0010368866925520648,0.0005074126367807977,,,,0.022061418990469466,0.00908930462407342,0.00024267560889516414,,0.0010368866925520648,0.00024267560889516414,,0.00024267560889516414,0.025194140487116132,0.005956583127426756,0.0007721496646664313,0.0015442993293328627,0.00024267560889516414,0.0005074126367807977,0.0005074126367807977,0.0005074126367807977,0.0005074126367807977,0.004919696434874691,0.0654562301447229,0.0015442993293328627,0.07013325097070243,,0.0007721496646664313,0.0031106600776561947,0.04882192022590893,0.017141722555594777,0.001279562301447229,,,0.0031106600776561947,0.5193037416166608,0.009331980232968584,0.008824567596187787,0.0025811860218849275,,0.001279562301447229,0.009596717260854218,0.0036180727144369926,,,,0.10207818566890223,0.0020737733851041297,0.0005074126367807977,0.00024267560889516414,,0.00024267560889516414
0.00024267560889516414,,0.00659636427815037,,,,0.005007942110836569,0.00024267560889516414,0.0026253088598658667,0.0005074126367807977,0.003948993999294034,0.002360571831980233,0.0007721496646664313,0.02060536533709848,0.00024267560889516414,0.001566360748323332,,,0.0018310977762089657,,,0.00024267560889516414,,,0.0013016237204376984,0.0013016237204376984,,,,,0.02113483939286975,0.01239851747264384,,,0.001566360748323332,0.00024267560889516414,0.00024267560889516414,0.0010368866925520648,0.018487469114013413,0.003684256971408401,0.0010368866925520648,0.0005074126367807977,,,0.00024267560889516414,0.00024267560889516414,0.0010368866925520648,0.0028900458877515003,0.0483365690081186,0.0018310977762089657,0.022436463113307447,,0.0005074126367807977,0.003948993999294034,0.025613307447935052,0.00950847158489234,0.0007721496646664313,0.0010368866925520648,0.00024267560889516414,0.003684256971408401,0.6983762795623015,0.0073905753618072716,0.008978997529121072,0.0007721496646664313,,,0.003684256971408401,0.0013016237204376984,0.0007721496646664313,,,0.043306565478291564,0.0020958348040945995,0.0005074126367807977,0.0005074126367807977,,0.00024267560889516414
0.00024267560889516414,,0.006022767384398164,,0.00024267560889516414,,0.004434345217084363,,0.0033974585245322977,0.0005074126367807977,0.003132721496646664,0.0018310977762089657,0.0010368866925520648,0.005493293328626897,0.0010368866925520648,0.003132721496646664,,0.0005074126367807977,0.002603247440875397,,,,,0.0005074126367807977,0.0013016237204376984,0.00024267560889516414,,,,,0.017538828097423225,0.014935580656547829,,,0.00024267560889516414,0.00024267560889516414,0.0007721496646664313,,0.02724585245322979,0.004191669608189199,0.0005074126367807977,0.00024267560889516414,0.00024267560889516414,0.00024267560889516414,0.00024267560889516414,0.001566360748323332,0.001566360748323332,0.004434345217084363,0.047939463466290154,,0.022259971761383692,,0.0005074126367807977,0.0007721496646664313,0.017538828097423225,0.00785386516060713,0.0013016237204376984,0.0007721496646664313,0.00024267560889516414,0.0023385104129897633,0.7218937522061419,0.008118602188492764,0.005758030356512531,0.0028679844687610305,,0.0013016237204376984,0.004699082244969997,0.002603247440875397,0.0005074126367807977,,,0.03719555241793152,0.0018310977762089657,0.0013016237204376984,,,0.0005074126367807977
0.00024267560889516414,,0.008890751853159195,,0.00024267560889516414,0.0013016237204376984,0.006265442993293328,,0.0033974585245322977,0.0023385104129897633,0.0033974585245322977,0.0013016237204376984,0.0010368866925520648,0.005228556300741264,0.002603247440875397,0.0023385104129897633,,0.00024267560889516414,0.0028679844687610305,,0.00024267560889516414,,,0.0005074126367807977,0.0018310977762089657,0.0010368866925520648,0.00024267560889516414,,,,0.02274532297917402,0.02563536886692552,,,0.00024267560889516414,0.0005074126367807977,0.0005074126367807977,,0.02064948817507942,0.006794917049064595,0.0005074126367807977,,0.0010368866925520648,,0.00024267560889516414,0.0013016237204376984,0.00024267560889516414,0.00416960818919873,0.047343805153547476,,0.028238616307800918,0.00024267560889516414,0.00024267560889516414,0.0010368866925520648,0.016479879985880692,0.010457112601482528,0.0007721496646664313,0.0005074126367807977,0.0005074126367807977,0.0028679844687610305,0.6919343452170843,0.008890751853159195,0.00496381927285563,0.0028679844687610305,,0.002603247440875397,0.0005074126367807977,0.001566360748323332,0.00024267560889516414,,,0.045247970349452875,0.0007721496646664313,0.001566360748323332,,,
0.0002647370278856336,,0.010082068478644547,,0.0010589481115425344,0.001323685139428168,0.004765266501941405,0.0002647370278856336,0.004235792446170138,0.0005294740557712672,0.004235792446170138,0.001323685139428168,0.0005294740557712672,0.005030003529827038,0.005030003529827038,0.0029121073067419696,0.0002647370278856336,0.0005294740557712672,0.0023826332509707024,,,,,0.0002647370278856336,0.0010589481115425344,0.0007942110836569008,,,,,0.025503000352982703,0.014339922343805154,,,0.0005294740557712672,,0.0007942110836569008,,0.030797740910695377,0.007964172255559478,0.0005294740557712672,0.0002647370278856336,0.0005294740557712672,,,0.001323685139428168,,0.0018531591951994352,0.05870543593363925,0.0005294740557712672,0.02735615954818214,,0.0005294740557712672,0.0018531591951994352,0.01912725026473703,0.010611542534415814,0.0005294740557712672,,,0.0029121073067419696,0.6735351217790329,0.01407518531591952,0.006375750088245676,0.0029121073067419696,,0.001323685139428168,0.0015884221673138016,0.0015884221673138016,0.0010589481115425344,,,0.03798976350158842,0.003971055418284504,0.002117896223085069,,,
0.0002647370278856336,,0.010236498411577833,,0.0007942110836569008,0.0010589481115425344,0.006993469819978821,0.0002647370278856336,0.002139957642075538,0.001610483586304271,0.0053829862336745495,0.0005294740557712672,,0.005118249205788916,0.001610483586304271,,,0.0007942110836569008,0.003772502647370279,0.0002647370278856336,0.0013457465584186374,,,,,,,,,,0.019678785739498765,0.013479527003176844,,,0.0007942110836569008,0.0010589481115425344,0.0007942110836569008,,0.02479703494528768,0.00862601482527356,0.0002647370278856336,0.0002647370278856336,0.0005294740557712672,,,0.0007942110836569008,0.0005294740557712672,0.00456671373102718,0.05420490645958348,0.0005294740557712672,0.03693081539004589,,0.0013457465584186374,0.0034857042004941756,0.016435757147899754,0.015906283092128486,0.0010589481115425344,,,0.0018752206141899046,0.6898385104129898,0.010765972467349099,0.003772502647370279,0.0018752206141899046,,0.0007942110836569008,0.0007942110836569008,0.002139957642075538,,,,0.035055594775855986,0.003220967172608542,0.0013457465584186374,0.0002647370278856336,,
0.0007721496646664313,,0.009640840098835157,,0.0005074126367807977,0.00024267560889516414,0.00833921637839746,,0.005471231909636428,0.0007721496646664313,0.007015531238969291,0.0023385104129897633,,0.010148252735615955,0.0039048711613130956,0.0005074126367807977,,0.0007721496646664313,0.003640134133427462,0.0007721496646664313,,,0.00024267560889516414,,0.0007721496646664313,0.0005074126367807977,,,,,0.02448817507942111,0.01328097423226262,0.0005074126367807977,,0.00024267560889516414,0.0007721496646664313,0.0007721496646664313,,0.02656194846452524,0.006243381574302859,0.0007721496646664313,0.0005074126367807977,0.00024267560889516414,,0.00024267560889516414,0.0013016237204376984,0.0010368866925520648,0.0033753971055418283,0.06905224144016943,0.00024267560889516414,0.048204200494175786,,0.0005074126367807977,0.0013016237204376984,0.027620896576067772,0.012751500176491352,0.00024267560889516414,0.00024267560889516414,,0.0039048711613130956,0.628198905753618,0.010148252735615955,0.0033753971055418283,0.002603247440875397,0.00024267560889516414,0.0005074126367807977,0.00416960818919873,0.00416960818919873,,,,0.041938757500882454,0.0020737733851041297,0.0010368866925520648,0.0005074126367807977,,0.00024267560889516414
0.0005074126367807977,,0.011824920578891633,,0.0007500882456759619,0.0005074126367807977,0.00950847158489234,,0.004103423932227321,,0.010545358277444405,0.0015222379103423931,,0.006155135898340981,0.0015222379103423931,,,0.0005074126367807977,0.0035960112954465232,,0.00024267560889516414,,0.00024267560889516414,,0.0005074126367807977,0.0015222379103423931,,,,,0.02186286621955524,0.011052770914225202,,,0.0017869749382280267,0.0020517119661136603,0.0005074126367807977,,0.027003176844334627,0.0053829862336745495,0.0010148252735615955,0.0022943875750088246,0.00024267560889516414,,0.0005074126367807977,0.0015222379103423931,0.0007500882456759619,0.0048755735968937525,0.058881927285563004,0.0017869749382280267,0.07767825626544299,,0.0015222379103423931,0.001279562301447229,0.028790151782562654,0.012332333215672432,0.0005074126367807977,,0.0010148252735615955,0.004368160960112955,0.5561463113307448,0.007699435227673844,0.006155135898340981,0.002559124602894458,0.0005074126367807977,0.0020517119661136603,0.006927285563007412,0.0056477232615601836,0.00024267560889516414,,,0.08614984115778326,0.0033312742675608896,,,,
0.00024267560889516414,,0.005118249205788916,0.00024267560889516414,,,0.004346099541122485,,0.0010148252735615955,0.0007500882456759619,0.004346099541122485,,,0.0028018002117896224,0.0007500882456759619,,,0.0017869749382280267,0.0028018002117896224,,0.00024267560889516414,,,,0.00024267560889516414,,,,,,0.013060360042357924,0.007412636780797741,,,0.00024267560889516414,0.002029650547123191,,,0.01537680903635722,0.0033312742675608896,0.00024267560889516414,0.0010148252735615955,,,0.0005074126367807977,,0.0007500882456759619,0.002559124602894458,0.02740028238616308,0.00024267560889516414,0.016656371337804447,0.00024267560889516414,0.0007500882456759619,0.0015222379103423931,0.014847334980585951,0.00536092481468408,0.00024267560889516414,,0.0005074126367807977,0.002559124602894458,0.8254941757853865,0.0033312742675608896,0.0022943875750088246,0.0015222379103423931,0.0005074126367807977,0.0005074126367807977,0.0015222379103423931,0.0010148252735615955,,,,0.019722908577479704,0.0017869749382280267,0.0005074126367807977,,,0.00024267560889516414
0.0005074126367807977,,0.010986586657253794,,0.00024267560889516414,0.00024267560889516414,0.003066537239675256,,0.0017869749382280267,0.00024267560889516414,0.003066537239675256,0.0010148252735615955,,0.0017869749382280267,0.0015222379103423931,0.0007500882456759619,,,0.0022943875750088246,,0.00024267560889516414,0.0005074126367807977,,,0.002537063183903989,0.0015222379103423931,,,,,0.018663960465937168,0.00869219908224497,,,,0.0007500882456759619,,,0.02223791034239322,0.005603600423579245,0.0005074126367807977,0.0005074126367807977,0.0005074126367807977,0.0007500882456759619,,,0.0005074126367807977,0.00330921284857042,0.04012972114366396,,0.018906636074832332,,0.00024267560889516414,0.0007500882456759619,0.01328097423226262,0.009707024355806565,0.00024267560889516414,,,0.0022943875750088246,0.768046240734204,0.012266148958701024,0.0035739498764560534,0.0038166254853512177,,0.00024267560889516414,0.0005074126367807977,0.0007500882456759619,0.00024267560889516414,,,0.027091422520296504,0.0022943875750088246,0.0012575008824567595,,,
,,0.00825097070243558,,0.00024267560889516414,0.0005074126367807977,0.007986233674549948,0.0005074126367807977,0.003860748323332157,0.00024267560889516414,0.003353335686551359,0.002559124602894458,,0.0017869749382280267,0.001279562301447229,,,0.0005074126367807977,0.0020517119661136603,,0.0005074126367807977,0.00024267560889516414,,0.0005074126367807977,0.0017869749382280267,0.0007721496646664313,,,,,0.016237204376985528,0.020120014119308152,,,,0.0007721496646664313,,,0.020627426756088953,0.003860748323332157,0.00024267560889516414,0.00024267560889516414,0.0007721496646664313,,0.00024267560889516414,0.0005074126367807977,0.0005074126367807977,0.0010148252735615955,0.05908048005647723,,0.03068743381574303,,0.0010148252735615955,0.001279562301447229,0.012641193081539005,0.012376456053653371,,0.0007721496646664313,,0.0010148252735615955,0.7249382280268267,0.014692905047652666,0.0020517119661136603,0.002559124602894458,,0.0010148252735615955,0.0007721496646664313,0.0015442993293328627,,,,0.030180021178962232,0.0005074126367807977,0.0007721496646664313,,,
0.0005074126367807977,,0.00869219908224497,,,,0.007897987998588069,0.00024267560889516414,0.0044784680550653015,0.0007721496646664313,0.0020958348040945995,0.0013016237204376984,,0.0034195199435227675,0.0020958348040945995,,,0.00024267560889516414,0.003948993999294034,,0.00024267560889516414,,,0.0005074126367807977,0.0005074126367807977,0.0010368866925520648,,,,,0.021598129191669608,0.016060713025061773,,,0.00024267560889516414,0.0010368866925520648,,,0.024245499470525945,0.005780091775503001,0.00024267560889516414,0.0013016237204376984,0.0010368866925520648,,0.00024267560889516414,0.0013016237204376984,0.0005074126367807977,,0.05296946699611719,0.00024267560889516414,0.030025591246028945,,0.00024267560889516414,0.001566360748323332,0.02740028238616308,0.009751147193787505,0.00024267560889516414,,0.00024267560889516414,0.001566360748323332,0.6973393928697493,0.004985880691846099,0.0055153547476173665,0.0044784680550653015,,0.0013016237204376984,0.002360571831980233,0.0007721496646664313,,,,0.04215937169078715,0.003684256971408401,0.001566360748323332,,,
0.00024267560889516414,,0.010258559830568302,,,0.0005074126367807977,0.007368513942816802,0.00024267560889516414,0.004191669608189199,0.0010368866925520648,0.0020958348040945995,0.0013016237204376984,,0.003948993999294034,0.0034195199435227675,,,0.0013016237204376984,0.001566360748323332,0.0007721496646664313,,0.00024267560889516414,,,0.0005074126367807977,0.0007721496646664313,,,,,0.028437169078715144,0.014207553829862336,,0.00024267560889516414,0.0005074126367807977,,0.0005074126367807977,,0.02369396399576421,0.0055153547476173665,0.00024267560889516414,0.0007721496646664313,0.0005074126367807977,,0.00024267560889516414,0.0005074126367807977,0.0010368866925520648,0.002360571831980233,0.0695155312389693,,0.03896046593716908,,,0.0010368866925520648,0.01736233674549947,0.008405400635368867,0.0005074126367807977,,,0.0005074126367807977,0.6855144722908577,0.007368513942816802,0.004456406636074832,0.005250617719731733,,0.0007721496646664313,0.0005074126367807977,0.0010368866925520648,,,,0.035011471937875044,0.003684256971408401,0.0013016237204376984,,0.00024267560889516414,
0.0005074126367807977,,0.010876279562301448,,0.0005074126367807977,0.001279562301447229,0.006463995764207554,0.00024267560889516414,0.004919696434874691,0.0018090363572184963,0.002845923049770561,0.001279562301447229,,0.004919696434874691,0.0018090363572184963,,,0.00024267560889516414,0.004654959406989057,0.0010148252735615955,,0.00024267560889516414,,0.00024267560889516414,0.0005074126367807977,0.001279562301447229,,0.00024267560889516414,,,0.025105894811154255,0.016038651606071302,,,0.0007721496646664313,0.00024267560889516414,0.00024267560889516414,,0.02071567243205083,0.008008295093540417,0.0015442993293328627,0.0018090363572184963,0.001279562301447229,,,0.0020517119661136603,0.0005074126367807977,0.0018090363572184963,0.0802815037063184,,0.04970437698552771,0.00024267560889516414,0.0007721496646664313,0.0025811860218849275,0.027444405224144017,0.015531238969290505,0.0010148252735615955,,0.0005074126367807977,0.002845923049770561,0.5799947052594423,0.00827303212142605,0.00827303212142605,0.003882809742322626,,0.0030885986586657254,0.0015442993293328627,0.002316448993999294,,,,0.08001676667843276,0.0036180727144369926,0.0015442993293328627,0.0005074126367807977,,
0.00024267560889516414,,0.010082068478644547,,0.00024267560889516414,0.00024267560889516414,0.00827303212142605,,0.012685315919519944,0.0010148252735615955,0.0030885986586657254,0.0018090363572184963,,0.00619925873632192,0.0007721496646664313,0.0010148252735615955,,0.0007721496646664313,0.0015442993293328627,0.0005074126367807977,0.00024267560889516414,,,0.00024267560889516414,0.0020517119661136603,0.002845923049770561,,0.00024267560889516414,,,0.017340275326509003,0.01034680550653018,,,0.00024267560889516414,0.00024267560889516414,0.0005074126367807977,,0.015795975997176137,0.0030885986586657254,0.002316448993999294,0.00024267560889516414,0.0005074126367807977,0.00024267560889516414,,,0.0015442993293328627,,0.05826420755382986,0.00024267560889516414,0.06812566184256971,0.0005074126367807977,0.0005074126367807977,0.0018090363572184963,0.044034592304977055,0.015023826332509708,0.0010148252735615955,,,0.0015442993293328627,0.5657650900105895,0.010611542534415814,0.01242057889163431,0.0036180727144369926,,0.0020517119661136603,0.0030885986586657254,0.003353335686551359,,,,0.0947979174020473,0.002845923049770561,0.002316448993999294,0.0007721496646664313,0.00024267560889516414,0.0005074126367807977
0.0002647370278856336,,0.006111013060360043,,0.0002647370278856336,,0.0023826332509707024,0.0002647370278856336,0.0053168019767031414,0.001323685139428168,0.003441581362513237,0.0018531591951994352,,0.00664048711613131,0.0007942110836569008,,,0.0010589481115425344,0.002117896223085069,,,0.0002647370278856336,,0.0002647370278856336,0.0007942110836569008,0.0007942110836569008,,0.0002647370278856336,,,0.016479879985880692,0.015420931874338158,,,0.0002647370278856336,0.0002647370278856336,0.0005294740557712672,,0.015685668902223792,0.0053168019767031414,0.0002647370278856336,0.0018531591951994352,0.0005294740557712672,,0.0002647370278856336,0.0010589481115425344,0.0010589481115425344,0.0007942110836569008,0.051844334627603246,,0.04015178256265443,,0.0005294740557712672,0.004787327920931874,0.03668813978115072,0.01780356512530886,0.0005294740557712672,,,0.001323685139428168,0.6705568302153194,0.009287857394987645,0.003971055418284504,0.002647370278856336,,0.002117896223085069,0.003971055418284504,0.0029121073067419696,,,,0.05078538651606071,0.0037063183903988705,0.002117896223085069,0.0002647370278856336,,
,,0.012177903282739145,,,0.0007942110836569008,0.0063536886692552065,,0.004500529474055771,0.001323685139428168,0.0023826332509707024,0.0018531591951994352,0.0005294740557712672,0.005294740557712672,0.0037063183903988705,,,,0.002647370278856336,,,0.0005294740557712672,,0.0002647370278856336,0.001323685139428168,0.002117896223085069,,,,,0.023054182845040593,0.009001058948111542,,,,,0.0005294740557712672,,0.019612601482527355,0.0063536886692552065,0.0005294740557712672,0.0005294740557712672,0.0005294740557712672,,0.0002647370278856336,0.0010589481115425344,0.0010589481115425344,0.0007942110836569008,0.0572273208612778,,0.03523208612777974,,0.0002647370278856336,0.0015884221673138016,0.02437786798446876,0.01032474408753971,0.001323685139428168,0.0002647370278856336,0.0005294740557712672,0.0005294740557712672,0.6749911754324038,0.014825273561595482,0.0063536886692552065,0.0023826332509707024,0.0005294740557712672,0.0007942110836569008,0.0015884221673138016,0.0029121073067419696,0.0005294740557712672,,,0.05193258030356512,0.0005294740557712672,0.0018531591951994352,,,
,,0.012905930109424639,,0.0007942110836569008,0.0018752206141899046,0.007787680903635722,0.0002647370278856336,0.004037239675255913,,0.0018752206141899046,0.0007942110836569008,0.0007942110836569008,0.006441934345217084,0.0026914931168372748,,,0.0002647370278856336,0.003750441228379809,,,,,0.0002647370278856336,0.0018752206141899046,0.0034857042004941756,,,,,0.022326156018355102,0.011560183551006001,,,,0.0005294740557712672,,,0.021531944934698198,0.0056477232615601836,0.0013457465584186374,0.0007942110836569008,0.0007942110836569008,,,0.0013457465584186374,0.0010589481115425344,0.0005294740557712672,0.062191140134133426,,0.03607042004941758,,0.0002647370278856336,0.0010589481115425344,0.024752912107306742,0.012641193081539005,0.0013457465584186374,0.0002647370278856336,0.0002647370278856336,0.002404694669961172,0.6520693611013061,0.008074479350511825,0.006728732792093187,0.003220967172608542,0.0007942110836569008,0.0029562301447229084,0.0029562301447229084,0.0034857042004941756,0.0002647370278856336,,,0.055727144369925874,0.0029562301447229084,0.002139957642075538,,,
,,0.01078803388633957,,0.0007942110836569008,0.001610483586304271,0.0053829862336745495,0.0005294740557712672,0.00619925873632192,0.0002647370278856336,0.0018752206141899046,0.0013457465584186374,,0.004301976703141546,0.003772502647370279,,,,0.0018752206141899046,,0.0013457465584186374,,,0.0005294740557712672,0.002139957642075538,0.0035077656194846454,,,,,0.03240822449699965,0.009177550300035298,,,,,0.0005294740557712672,,0.023760148252735615,0.004588775150017649,0.0007942110836569008,0.0013457465584186374,0.0007942110836569008,0.0002647370278856336,,0.001610483586304271,0.0013457465584186374,0.001610483586304271,0.07939904694669961,,0.0472555594775856,,0.0002647370278856336,0.002426756088951641,0.02645164136957289,0.011339569361101306,0.0007942110836569008,,0.0013457465584186374,0.002426756088951641,0.6147635015884221,0.008912813272149664,0.004037239675255913,0.0035077656194846454,,0.0029562301447229084,0.002139957642075538,0.0026914931168372748,0.0005294740557712672,,,0.059146664313448644,0.003772502647370279,0.0013457465584186374,,,
,,0.011074832333215672,0.0002647370278856336,,0.0010810095305330038,0.00540504765266502,,0.009177550300035298,0.0007942110836569008,0.0032430285915990118,0.0013457465584186374,,0.0062213201553123895,0.001610483586304271,,,0.0002647370278856336,0.0032430285915990118,,0.0005294740557712672,0.0005294740557712672,,,0.0005294740557712672,0.0010810095305330038,,,,,0.02812830921284857,0.012972114366396047,,,0.0007942110836569008,,0.0002647370278856336,,0.02406900811860219,0.004037239675255913,0.0010810095305330038,0.0007942110836569008,0.0005294740557712672,,,0.0007942110836569008,0.0010810095305330038,0.0018752206141899046,0.057072890928344513,0.0005294740557712672,0.031371337804447584,,,0.0035077656194846454,0.021642252029650547,0.01323685139428168,0.0007942110836569008,,0.0002647370278856336,0.001610483586304271,0.6912283798093893,0.00783180374161666,0.0035077656194846454,0.005669784680550653,,0.002426756088951641,0.0010810095305330038,0.0035077656194846454,,,,0.027047299682315565,0.0035077656194846454,0.0010810095305330038,,,0.0002647370278856336
,,0.007280268266854924,0.0002647370278856336,,0.0013457465584186374,0.005118249205788916,,0.005118249205788916,0.0002647370278856336,0.0026914931168372748,0.0005294740557712672,,0.004324038122132015,0.0021620190610660076,,,,0.0021620190610660076,0.0002647370278856336,,,,,0.0010810095305330038,0.001610483586304271,,,,,0.02404694669961172,0.007567066713731027,,,,0.0007942110836569008,0.0002647370278856336,,0.02188492763854571,0.0064860571831980235,0.0010810095305330038,0.0013457465584186374,0.0010810095305330038,,,,0.0018752206141899046,0.002426756088951641,0.022149664666431344,0.0010810095305330038,0.012685315919519944,,0.0002647370278856336,0.0018752206141899046,0.017031415460642428,0.007280268266854924,0.0005294740557712672,0.0002647370278856336,0.002426756088951641,0.0021620190610660076,0.7922255559477586,0.0035077656194846454,0.005669784680550653,0.004037239675255913,,0.001610483586304271,0.0013457465584186374,0.0032430285915990118,,,,0.014317860924814685,0.002426756088951641,0.0007942110836569008,,,
,,0.004919696434874691,0.0005074126367807977,0.0005074126367807977,0.0007721496646664313,0.007500882456759618,0.00024267560889516414,0.007500882456759618,0.0010368866925520648,0.004919696434874691,0.0005074126367807977,,0.005184433462760324,0.0018090363572184963,,,,0.0036180727144369926,0.0010368866925520648,0.00024267560889516414,,,,0.002845923049770561,0.004919696434874691,,,,,0.022039357571479,0.012685315919519944,0.0005074126367807977,,0.0010368866925520648,0.0007721496646664313,0.0005074126367807977,,0.019700847158489233,0.004919696434874691,0.0005074126367807977,0.0005074126367807977,0.00024267560889516414,,,,0.0010368866925520648,0.003882809742322626,0.05652135545358278,0.0007721496646664313,0.04485086480762443,0.00024267560889516414,0.00024267560889516414,0.0015442993293328627,0.03498941051888457,0.007500882456759618,0.0015442993293328627,,0.0005074126367807977,0.003882809742322626,0.6452303212142605,0.011405753618072714,0.0072582068478644545,0.005691846099541122,,0.0018090363572184963,0.0025811860218849275,0.004654959406989057,,,,0.04511560183551006,0.002316448993999294,0.0031106600776561947,,,0.0018090363572184963
0.0007500882456759619,,0.005846276032474409,0.00024267560889516414,,0.0005074126367807977,0.00456671373102718,0.0005074126367807977,0.0037945640663607483,0.002029650547123191,0.004301976703141546,0.0012575008824567595,,0.005846276032474409,,,,0.00024267560889516414,0.0017649135192375574,0.002029650547123191,0.00024267560889516414,0.00024267560889516414,,,0.0010148252735615955,0.0053168019767031414,,,,,0.021333392163783976,0.010920402400282386,0.0005074126367807977,,0.0010148252735615955,0.00024267560889516414,0.00024267560889516414,,0.022105541828450405,0.007611189551711966,0.0012575008824567595,0.0010148252735615955,0.00024267560889516414,,,,0.0010148252735615955,0.0055815390045887755,0.042953582774444055,0.0005074126367807977,0.025150017649135194,0.0005074126367807977,0.002029650547123191,0.005074126367807978,0.02109071655488881,0.00659636427815037,0.0005074126367807977,,,0.0030444758206847862,0.730497705612425,0.0037945640663607483,0.007103776914931168,0.004809389339922344,,0.0012575008824567595,0.0030444758206847862,0.00456671373102718,,,,0.020825979527003175,0.002029650547123191,,,,0.0010148252735615955
0.00024267560889516414,,0.009287857394987645,0.00024267560889516414,0.00024267560889516414,0.00024267560889516414,0.006441934345217084,0.0007721496646664313,0.007478821037769149,0.0007721496646664313,0.004632897987998588,0.0020517119661136603,,0.0020517119661136603,0.0017869749382280267,,,0.0007721496646664313,0.002559124602894458,,0.00024267560889516414,,,,0.002559124602894458,0.0015442993293328627,,,,,0.01857571478997529,0.010832156724320509,0.0005074126367807977,,0.0010148252735615955,0.00024267560889516414,,,0.027863572184962937,0.006441934345217084,0.0017869749382280267,0.0005074126367807977,,,,0.0007721496646664313,0.0020517119661136603,0.00540504765266502,0.05985262972114366,0.0007721496646664313,0.031216907871514297,,0.0005074126367807977,,0.015465054712319097,0.008758383339216379,0.0007721496646664313,,,0.0017869749382280267,0.6856689022237911,0.010060007059654076,0.0030885986586657254,0.003353335686551359,,0.0005074126367807977,0.0028238616307800918,0.0028238616307800918,,,,0.04798358630427109,0.00412548535121779,,,,0.0005074126367807977
0.0007500882456759619,,0.010236498411577833,,,0.0007500882456759619,0.004346099541122485,0.0007500882456759619,0.009199611719025768,0.0007500882456759619,0.0035739498764560534,0.0015222379103423931,,0.0035739498764560534,0.0035739498764560534,0.0005074126367807977,,,0.0015222379103423931,,0.00024267560889516414,,,0.00024267560889516414,0.003066537239675256,0.0007500882456759619,,,,,0.025083833392163784,0.014847334980585951,,,,0.00024267560889516414,0.0028018002117896224,,0.027378220967172608,0.005118249205788916,0.0010148252735615955,0.0010148252735615955,,,,0.002029650547123191,0.00024267560889516414,0.004853512177903282,0.05374161666078362,0.00024267560889516414,0.031724320508295094,,0.00024267560889516414,0.0010148252735615955,0.017649135192375574,0.006905224144016943,0.0005074126367807977,,,0.0007500882456759619,0.6994572890928344,0.007412636780797741,0.005868337451464878,0.003838686904341687,,0.0010148252735615955,0.002559124602894458,0.004588775150017649,,,,0.030974232262619132,0.0015222379103423931,,,,
0.00024267560889516414,,0.009354041651959053,,0.0004853512177903283,,0.004809389339922344,0.0012575008824567595,0.005824214613483939,,0.0032871514295799505,0.000992763854571126,,0.005052064948817508,0.002515001764913519,0.0004853512177903283,,0.0004853512177903283,0.0020075891281327216,,0.0007500882456759619,,,0.0007500882456759619,0.0027797387927991526,0.00024267560889516414,,,,,0.021774620543593363,0.00783180374161666,,,,0.00024267560889516414,,,0.02278944581715496,0.00911136604306389,,0.000992763854571126,0.0004853512177903283,,0.000992763854571126,0.0015001764913519238,0.0004853512177903283,0.00454465231203671,0.0562124955877162,0.00024267560889516414,0.02479703494528768,,0.00024267560889516414,0.0017649135192375574,0.018972820331803742,0.010633603953406283,0.0012575008824567595,0.00024267560889516414,0.0004853512177903283,0.002272326156018355,0.7111498411577832,0.010126191316625486,0.00454465231203671,0.0012575008824567595,,0.0017649135192375574,0.0004853512177903283,0.004301976703141546,0.00024267560889516414,,,0.0356953759265796,0.000992763854571126,0.00024267560889516414,,,
0.0004853512177903283,,0.007015531238969291,,0.0004853512177903283,,0.008008295093540417,0.000992763854571126,0.006000705965407695,0.0022502647370278854,0.0017428521002470878,0.0015001764913519238,0.00024267560889516414,0.0032430285915990118,0.0027576773738086833,0.0004853512177903283,,0.00024267560889516414,0.004257853865160607,0.00024267560889516414,,,,0.00024267560889516414,0.0032430285915990118,0.0007500882456759619,,,,,0.025569184609954113,0.011273385104129898,0.0004853512177903283,,0.00024267560889516414,0.00024267560889516414,,,0.023804271090716554,0.0055153547476173665,0.00024267560889516414,0.0004853512177903283,,,0.001985527709142252,0.0007500882456759619,0.0012354394634662902,0.0022502647370278854,0.058661313095658314,0.0004853512177903283,0.032342040240028236,,0.0004853512177903283,0.0015001764913519238,0.014781150723614543,0.012773561595481821,0.0024929403459230497,,,0.0015001764913519238,0.6878529827038475,0.013788386869043417,0.0072582068478644545,0.0035077656194846454,,0.0027576773738086833,0.001985527709142252,0.0022502647370278854,0.0007500882456759619,,,0.032584715848923404,0.0024929403459230497,0.000992763854571126,0.0004853512177903283,,
