Adair County,Alfalfa County,Atoka County,Beaver County,Beckham County,Blaine County,Bryan County,Caddo County,Canadian County,Carter County,Cherokee County,Choctaw County,Cimarron County,Cleveland County,Coal County,Comanche County,Cotton County,Craig County,Creek County,Custer County,Delaware County,Dewey County,Ellis County,Garfield County,Garvin County,Grady County,Grant County,Greer County,Harmon County,Harper County,Haskell County,Hughes County,Jackson County,Jefferson County,Johnston County,Kay County,Kingfisher County,Kiowa County,Latimer County,Le Flore County,Lincoln County,Logan County,Love County,Major County,Marshall County,Mayes County,McClain County,McCurtain County,McIntosh County,Murray County,Muskogee County,Noble County,Nowata County,Okfuskee County,Oklahoma County,Okmulgee County,Osage County,Ottawa County,Pawnee County,Payne County,Pittsburg County,Pontotoc County,Pottawatomie County,Pushmataha County,Roger Mills County,Rogers County,Seminole County,Sequoyah County,Stephens County,Texas County,Tillman County,Tulsa County,Wagoner County,Washington County,Washita County,Woods County,Woodward County
,,0.0043331111225065385,,0.0008461104558740578,0.00028203681862468594,0.0051792215783805955,0.00028203681862468594,0.008666222245013077,0.022819342597815498,0.0005640736372493719,0.0005640736372493719,,0.02917799087226296,0.012127583200861495,0.0019998974411568637,,,0.002307573970565612,0.0005640736372493719,,,,0.00028203681862468594,0.028024203886980154,0.001153786985282806,,,,,0.00028203681862468594,0.01153786985282806,,0.00028203681862468594,0.00402543459309779,,0.00028203681862468594,,0.001435823803907492,0.001435823803907492,0.002871647607814984,0.0005640736372493719,0.001153786985282806,,0.0043331111225065385,0.002307573970565612,0.01066611968616994,0.00315368442643967,0.001153786985282806,0.01935798164196708,0.0005640736372493719,0.0005640736372493719,0.0005640736372493719,0.002307573970565612,0.053151120455361266,0.001435823803907492,,0.0005640736372493719,0.001435823803907492,0.002871647607814984,0.00489718475975591,0.6720168196502743,0.032357315009486694,0.0019998974411568637,,0.0005640736372493719,0.023691092764473617,,0.003461360955848418,,,0.007794472078354956,0.0005640736372493719,0.00028203681862468594,,0.00489718475975591,
,,0.007435516127378083,,0.0005897133480334342,,0.007153479308753397,,0.002666529921542485,0.027716527357571408,,0.0005897133480334342,,0.03728013948002667,0.01458899543613148,0.00028203681862468594,,,0.0005897133480334342,0.00028203681862468594,,,0.0005897133480334342,0.00028203681862468594,0.032485513563407,0.0029742064509512335,,,,,0.00028203681862468594,0.01133275216655556,,0.00028203681862468594,0.007743192656786832,,,0.00028203681862468594,0.00028203681862468594,0.0011794266960668683,0.002384493102917799,0.00087175016665812,0.0011794266960668683,,0.004768986205835598,0.0005897133480334342,0.008332906004820265,0.003871596328393416,0.0017691400441003026,0.0331008666222245,0.00087175016665812,0.0005897133480334342,,0.002384493102917799,0.06948361622480899,0.003256243269575919,0.00087175016665812,0.00028203681862468594,,0.0050510230244602845,0.005948412901902467,0.628736987846777,0.02653710066150454,0.0017691400441003026,,,0.027126814009537974,0.00028203681862468594,0.0029742064509512335,0.00028203681862468594,,0.00805086918619558,0.00028203681862468594,,,0.0005897133480334342,0.00087175016665812
,,0.0062560894313112144,,0.0011794266960668683,,0.0029742064509512335,0.00028203681862468594,0.004768986205835598,0.022357827803702376,,0.0005897133480334342,,0.05397159120045126,0.011025075637146813,0.0005897133480334342,0.00028203681862468594,,0.0011794266960668683,0.00028203681862468594,,,0.0014871032254756167,,0.041433772627044764,0.003871596328393416,,,,,0.00028203681862468594,0.012204502333213681,,,0.011025075637146813,0.0011794266960668683,0.00087175016665812,,,0.0017691400441003026,0.002666529921542485,0.00028203681862468594,0.003871596328393416,,0.004768986205835598,0.0017691400441003026,0.016691451720424594,0.003256243269575919,0.002384493102917799,0.03161376339674889,0.0014871032254756167,,0.00028203681862468594,0.002384493102917799,0.10289215937644224,0.002076816573509051,0.0005897133480334342,0.002384493102917799,,0.0017691400441003026,0.01043536228911338,0.5424850007691913,0.04204912568586226,0.002076816573509051,0.00028203681862468594,0.00028203681862468594,0.028024203886980154,,0.002666529921542485,0.00087175016665812,,0.009230295882262448,0.00028203681862468594,0.00028203681862468594,,,
0.00028203681862468594,,0.004768986205835598,,0.002384493102917799,,0.00566637608327778,0.00028203681862468594,0.007153479308753397,0.02058868775960207,0.0011794266960668683,0.0014871032254756167,0.00028203681862468594,0.09309778985693042,0.014306958617506794,0.0017691400441003026,,,0.002076816573509051,0.00028203681862468594,,,0.0014871032254756167,0.0011794266960668683,0.04774114147992411,0.0029742064509512335,,,,,,0.009537972411671196,,0.00028203681862468594,0.01012768575970463,0.0017691400441003026,0.0005897133480334342,,0.0050510230244602845,0.0014871032254756167,0.0017691400441003026,0.0005897133480334342,0.002384493102917799,,0.003871596328393416,0.0017691400441003026,0.02176811445566894,0.002384493102917799,0.0017691400441003026,0.035510999435926366,0.0029742064509512335,0.0011794266960668683,,0.004153633147018102,0.09368750320496384,0.0014871032254756167,0.00087175016665812,0.0005897133480334342,0.00028203681862468594,0.002076816573509051,0.014306958617506794,0.4880006153530587,0.033126506333008565,0.002076816573509051,0.00028203681862468594,0.002384493102917799,0.02625506384287985,0.00028203681862468594,0.0017691400441003026,,,0.011922465514588995,0.0005897133480334342,0.0017691400441003026,,,0.00028203681862468594
,,0.004486949387210912,,0.0005897133480334342,0.00028203681862468594,0.002384493102917799,0.0005897133480334342,0.0059996923234705915,0.01740936362237834,0.0008973898774421825,0.00028203681862468594,,0.031844520793805446,0.009896928362648069,0.00028203681862468594,,,0.0014871032254756167,,,,,0.00028203681862468594,0.031844520793805446,0.001794779754884365,,,,,,0.013819804112609609,,0.00028203681862468594,0.005102302446028409,0.002384493102917799,0.0005897133480334342,,0.0029998461617352958,0.0021024562842931133,0.0032818829803599814,0.0008973898774421825,0.0008973898774421825,0.0005897133480334342,0.003897236039177478,0.0011794266960668683,0.00630736885287934,0.0021024562842931133,0.0014871032254756167,0.03453669042613199,0.0008973898774421825,,,0.0029998461617352958,0.0426388390338957,0.0014871032254756167,0.0005897133480334342,0.0005897133480334342,0.00028203681862468594,0.001794779754884365,0.005102302446028409,0.6833495718168299,0.031844520793805446,0.0005897133480334342,0.00028203681862468594,0.0014871032254756167,0.023716732475257678,0.00028203681862468594,0.0008973898774421825,0.00028203681862468594,,0.007204758730321522,,,,0.0005897133480334342,0.00028203681862468594
,,0.003615199220552792,,0.0012050664068509306,,0.017588841597866774,,0.0024101328137018613,0.022127070406645813,,,,0.026075585867391417,0.012717296548894929,0.0005897133480334342,,0.00028203681862468594,0.001512742936259679,0.0005897133480334342,0.0005897133480334342,,,,0.037305779190810726,0.0042305522793702885,,,,,,0.011512230142043998,,,0.013640326137121173,0.00028203681862468594,,,0.001794779754884365,0.0021024562842931133,0.0012050664068509306,0.0005897133480334342,0.001512742936259679,,0.009999487205784318,,0.008794420798933387,0.0012050664068509306,0.0012050664068509306,0.029101071739910774,0.00392287574996154,,0.001512742936259679,0.0021024562842931133,0.04668991333777755,0.001794779754884365,,0.0005897133480334342,0.00028203681862468594,0.001794779754884365,0.0063586482744474645,0.6642736269934875,0.023050099994872057,0.0012050664068509306,,0.00028203681862468594,0.02363981334290549,,0.0027178093431106097,0.00028203681862468594,,0.004538228808779037,0.00028203681862468594,0.0008973898774421825,,,
,,0.0033588021127121687,,0.001512742936259679,0.0005897133480334342,0.005486898107789344,0.00028203681862468594,0.002743449053894672,0.0219988718527255,,,,0.02751140967129891,0.012819855392031178,0.00028203681862468594,,,0.00028203681862468594,0.00028203681862468594,,0.00028203681862468594,0.00028203681862468594,0.00028203681862468594,0.033305984308497,0.0018204194656684272,,,,,,0.010076406338136506,,0.0012050664068509306,0.010384082867545254,,0.00028203681862468594,,0.0005897133480334342,0.0018204194656684272,0.0018204194656684272,0.00028203681862468594,0.0012050664068509306,0.00028203681862468594,0.002743449053894672,0.00028203681862468594,0.00915337674991026,0.0005897133480334342,0.001512742936259679,0.02689605661248141,0.0018204194656684272,0.0008973898774421825,0.0012050664068509306,0.002743449053894672,0.05440746628378032,0.0008973898774421825,,0.0008973898774421825,,0.0021280959950771756,0.0051792215783805955,0.6920927131941952,0.021075842264499257,0.0005897133480334342,,0.00028203681862468594,0.025049997436028922,,0.002435772524485924,0.0005897133480334342,,0.0051792215783805955,0.00028203681862468594,,,,
,,0.005563817240141531,,0.0027690887646787342,,0.007102199887185272,0.0009230295882262449,0.0027690887646787342,0.016383775191015845,0.0003076765294087483,,0.0003076765294087483,0.02381929131839393,0.014537716014563355,0.0012307061176349931,,,,0.0024614122352699863,,,,,0.0380749705143326,0.0018460591764524897,,,,,,0.008332906004820265,0.0003076765294087483,0.0006153530588174966,0.008025229475411517,0.0009230295882262449,0.0003076765294087483,,0.0018460591764524897,0.0024614122352699863,0.0018460591764524897,0.0015383826470437413,0.0009230295882262449,,0.0024614122352699863,0.0006153530588174966,0.009896928362648069,0.0009230295882262449,0.0012307061176349931,0.034357212450643555,0.0024614122352699863,0.0003076765294087483,0.0003076765294087483,0.0018460591764524897,0.044254140813291626,0.0009230295882262449,0.0003076765294087483,0.0003076765294087483,,0.0030767652940874826,0.005563817240141531,0.6847084764883852,0.02166555561253269,0.0009230295882262449,,0.0003076765294087483,0.02938310855853546,,0.0018460591764524897,,,0.005563817240141531,0.0009230295882262449,0.0006153530588174966,,,
0.0003076765294087483,,0.009845648941079945,,0.0015383826470437413,0.0003076765294087483,0.008922619352853699,0.0003076765294087483,0.002153735705861238,0.027126814009537974,,,,0.0311266088918517,0.011691708117532434,0.0003076765294087483,,,0.0003076765294087483,0.0006153530588174966,,0.0009230295882262449,0.0003076765294087483,,0.04376698630839444,0.006768883646992462,,,,,0.0003076765294087483,0.01261473770575868,,,0.013563407004768987,0.0009230295882262449,,,0.0012307061176349931,0.0009230295882262449,0.0024614122352699863,0.0006153530588174966,0.0036921183529049794,0.0003076765294087483,0.02774216706835547,,0.009845648941079945,0.0012307061176349931,0.0012307061176349931,0.03204963848007795,0.002153735705861238,0.0009230295882262449,,0.0027690887646787342,0.05825342290138967,0.002153735705861238,,0.0003076765294087483,,0.004615147941131224,0.007999589764627455,0.5961489154402337,0.03081893236244295,0.0006153530588174966,,0.002153735705861238,0.024024409004666427,0.0006153530588174966,0.0030767652940874826,,,0.007999589764627455,,,,0.0003076765294087483,
,,0.009563612122455259,,0.0008973898774421825,,0.009871288651864006,0.0005897133480334342,0.0026921696323265474,0.014973591097892416,0.00028203681862468594,,,0.024537203220347675,0.01197374493615712,0.0008973898774421825,,,0.00028203681862468594,0.0005897133480334342,0.00028203681862468594,0.00028203681862468594,,,0.03353674170555356,0.012255781754781807,,,,,0.00028203681862468594,0.00717911901953746,,0.00028203681862468594,0.01676837085277678,0.0008973898774421825,,,0.0005897133480334342,0.0011794266960668683,0.0026921696323265474,0.00028203681862468594,0.0014871032254756167,0.0005897133480334342,0.026639659504640787,,0.007768832367570894,0.002076816573509051,0.00028203681862468594,0.026049946156607353,0.0008973898774421825,0.0005897133480334342,,0.0026921696323265474,0.06707348341110712,0.002384493102917799,,0.00028203681862468594,,0.004179272857802164,0.008973898774421825,0.6210707143223424,0.02753704938208297,,0.00028203681862468594,0.002076816573509051,0.026357622686016102,0.0008973898774421825,0.007486795548946208,,,0.00838418542638839,,,,0.00028203681862468594,
,,0.009666170965591508,0.0003076765294087483,,,0.006845802779344649,,0.0024870519460540486,0.021511717347828318,0.0006153530588174966,0.0006153530588174966,,0.04056202246038665,0.018101635813548022,0.0021793754166453,,,0.0006153530588174966,0.0006153530588174966,,,0.0003076765294087483,,0.03276755038203169,0.012794215681247115,,,0.0003076765294087483,,,0.006230449720527153,0.0009230295882262449,0.0003076765294087483,0.005922773191118404,0.0003076765294087483,0.0006153530588174966,,0.0012307061176349931,0.0009230295882262449,0.0009230295882262449,0.001871698887236552,0.0009230295882262449,0.0003076765294087483,0.031203528024203887,0.0009230295882262449,0.0052817804215168455,0.002794728475462797,0.0006153530588174966,0.02089636428901082,0.0015383826470437413,,,0.0009230295882262449,0.07707297061689145,0.0003076765294087483,,,,0.0012307061176349931,0.007486795548946208,0.6144043895184862,0.029639505666376083,0.0006153530588174966,0.0003076765294087483,0.0003076765294087483,0.022152710117429874,0.0003076765294087483,0.0052817804215168455,0.0003076765294087483,,0.005615096661709656,,,,,
,,0.0018460591764524897,,0.0009230295882262449,,0.0030767652940874826,,0.006486846828367776,0.015178708784164914,0.0006153530588174966,,,0.05425362801907595,0.007435516127378083,0.0009230295882262449,,,0.0006153530588174966,0.0003076765294087483,,,,,0.026639659504640787,0.0006153530588174966,,,,,,0.009896928362648069,,,0.006820163068560587,,0.0009230295882262449,,0.0012307061176349931,0.0018460591764524897,0.0024614122352699863,0.0003076765294087483,0.0012307061176349931,0.0003076765294087483,0.0037177580636890417,0.0009230295882262449,0.008973898774421825,0.0012307061176349931,0.0012307061176349931,0.023870570739962054,0.0009230295882262449,,,0.0012307061176349931,0.039356956053535716,0.0012307061176349931,,0.0006153530588174966,,0.00587149376955028,0.0043331111225065385,0.6978103686990411,0.03222911645556638,,0.0003076765294087483,,0.0219988718527255,0.0006153530588174966,0.0015383826470437413,0.0003076765294087483,,0.007435516127378083,0.0003076765294087483,,,,
,0.0006153530588174966,0.004768986205835598,,0.0012563458284190554,,0.010178965181272755,0.0006153530588174966,0.0009486692990103071,0.02448592379877955,0.0006153530588174966,0.0006153530588174966,,0.022280908671350186,0.01207630377929337,0.0003076765294087483,0.0006153530588174966,0.0012563458284190554,0.0009486692990103071,0.0003076765294087483,,,,,0.026408902107584228,0.0022050151274293625,,,,,,0.006666324803856213,,,0.01143531100969181,0.0003076765294087483,0.0012563458284190554,,0.0018973385980206143,0.0018973385980206143,0.0022050151274293625,0.002538331367622173,0.0012563458284190554,,0.004127993436234039,,0.0037946771960412286,0.0006153530588174966,0.0009486692990103071,0.023229577970360495,0.0003076765294087483,,0.0006153530588174966,0.0015896620686118661,0.03817752935746885,0.0006153530588174966,,0.0015896620686118661,,0.0073073175734577715,0.008589303112660889,0.7155274088508281,0.01907594482334239,0.0003076765294087483,,0.0006153530588174966,0.02448592379877955,0.0009486692990103071,0.0015896620686118661,0.0018973385980206143,0.0006153530588174966,0.0028460078970309216,0.0006153530588174966,,,,
,,0.0021280959950771756,,0.0008973898774421825,,0.007973950053843392,,0.0018204194656684272,0.023665453053689556,0.0005897133480334342,0.00028203681862468594,,0.03228039587713451,0.01905030511255833,0.00028203681862468594,,,0.0012050664068509306,,0.00028203681862468594,,,,0.02951130711245577,0.0021280959950771756,,,,,,0.009204656171478386,,,0.0076662735244346445,0.00028203681862468594,0.0008973898774421825,,0.001512742936259679,0.0021280959950771756,0.001512742936259679,0.0018204194656684272,0.001512742936259679,0.00028203681862468594,0.02058868775960207,,0.005512537818573407,0.0008973898774421825,0.0012050664068509306,0.021511717347828318,0.0012050664068509306,,0.0005897133480334342,0.002743449053894672,0.04704886928875442,0.0018204194656684272,,0.0018204194656684272,,0.010743038818522127,0.007050920465617148,0.667350392287575,0.018127275524332086,0.0008973898774421825,,0.00028203681862468594,0.03012666017127327,0.00028203681862468594,0.004281831700938413,0.0012050664068509306,,0.005512537818573407,0.00028203681862468594,,,,
,0.0003076765294087483,0.0042305522793702885,,0.001948618019588739,,0.00782011178913902,0.0003076765294087483,0.0016153017793959284,0.020204092097841138,,0.0003076765294087483,,0.025101276857597048,0.011409671298907749,0.0006409927696015589,,,0.0003076765294087483,,,,,,0.03128044715655608,0.003256243269575919,,,,,,0.011409671298907749,,,0.014332598328290857,0.0003076765294087483,0.0009743090097943696,,0.0006409927696015589,0.00228193425978155,0.00228193425978155,0.001948618019588739,0.00228193425978155,,0.0029229270293831084,0.0003076765294087483,0.006845802779344649,,0.0006409927696015589,0.029331829136967334,0.003256243269575919,,0.0009743090097943696,0.001948618019588739,0.041074816676067896,0.0009743090097943696,,0.0006409927696015589,,0.010743038818522127,0.008127788318547767,0.6868109327726782,0.020537408338033948,,,0.0006409927696015589,0.029665145377160147,0.0003076765294087483,0.0025896107891902977,0.0003076765294087483,,0.0045638685195631,0.0009743090097943696,0.0003076765294087483,,0.0003076765294087483,
,,0.0031793241372237322,,0.0022050151274293625,,0.010178965181272755,0.0003076765294087483,0.00348700066663248,0.01907594482334239,,,,0.03243423414183888,0.01143531100969181,0.0003076765294087483,,,0.0003076765294087483,0.0015896620686118661,0.0003076765294087483,,,,0.03720322034767448,0.0009486692990103071,,,,,,0.010178965181272755,,0.0009486692990103071,0.009845648941079945,,0.0012563458284190554,,0.0015896620686118661,0.0022050151274293625,0.0018973385980206143,0.0003076765294087483,0.0028460078970309216,0.0003076765294087483,0.0031793241372237322,0.0003076765294087483,0.008255986872468079,,0.0022050151274293625,0.0247936003281883,0.0012563458284190554,,,0.0031793241372237322,0.04674119275934568,0.0018973385980206143,,0.0015896620686118661,0.0003076765294087483,0.009204656171478386,0.010178965181272755,0.6732218860571253,0.023203938259576434,0.0003076765294087483,,0.0012563458284190554,0.022896261730167684,0.0006153530588174966,0.0022050151274293625,0.0015896620686118661,,0.005384339264653095,,,,0.0012563458284190554,0.0006153530588174966
,,0.0012563458284190554,,0.0015896620686118661,,0.007332957284241833,0.0006153530588174966,0.003820316906825291,0.018537510896877083,,,0.0003076765294087483,0.033562381416337626,0.013742884980257422,0.0006153530588174966,,,0.0006153530588174966,0.0003076765294087483,,,0.0003076765294087483,,0.03102405004871545,0.0018973385980206143,,,,,,0.009896928362648069,,,0.011819906671452746,,0.0006153530588174966,,0.003820316906825291,0.0003076765294087483,0.002871647607814984,0.0006153530588174966,0.0022306548382134248,,0.0031793241372237322,0.0003076765294087483,0.009255935593046511,0.0022306548382134248,0.0003076765294087483,0.028767755499717964,0.002538331367622173,,,0.0031793241372237322,0.07930362545510487,0.0009486692990103071,0.0009486692990103071,0.0006153530588174966,,0.009589251833239321,0.011819906671452746,0.614378749807702,0.03261371211732732,0.002538331367622173,,0.002538331367622173,0.03292138864673606,,0.0015896620686118661,0.0018973385980206143,,0.009896928362648069,0.0003076765294087483,,,0.0003076765294087483,0.0003076765294087483
,,0.004871545048971848,,0.0006409927696015589,,0.006179170298959028,0.0012819855392031177,0.010743038818522127,0.019204143377262704,0.0009743090097943696,,,0.06481718886210963,0.011076355058714937,0.003897236039177478,,0.0003076765294087483,0.0012819855392031177,0.0009743090097943696,,0.0003076765294087483,0.0003076765294087483,,0.029639505666376083,0.004538228808779037,,,,,,0.009102097328342136,0.0003076765294087483,,0.011384031588123686,,0.0009743090097943696,,0.006179170298959028,0.0009743090097943696,0.0016153017793959284,0.0025896107891902977,0.0029229270293831084,,0.004871545048971848,,0.013665965847905236,0.0029229270293831084,0.0022562945489974875,0.032895748935952006,0.0009743090097943696,,,0.003897236039177478,0.12999333367519614,0.0016153017793959284,0.0006409927696015589,0.0022562945489974875,,0.008794420798933387,0.012358340597918056,0.4750525614071074,0.04397210399466694,0.0009743090097943696,,0.003256243269575919,0.028998512896774523,,0.0022562945489974875,,,0.026049946156607353,0.0042305522793702885,,,,0.0009743090097943696
0.0003076765294087483,,0.0019229783088046766,,0.0012819855392031177,,0.005153581867596534,0.0012819855392031177,0.006435567406799651,0.019973334700784575,0.0012819855392031177,,,0.039638992872160404,0.010948156504794625,0.0019229783088046766,,,0.0009486692990103071,0.0003076765294087483,,,0.0012819855392031177,,0.03381877852417825,0.0012819855392031177,,,,0.0003076765294087483,,0.009332854725398698,0.0006409927696015589,,0.010307163735193067,0.0003076765294087483,0.0006409927696015589,0.0003076765294087483,0.0025639710784062355,0.0009486692990103071,0.0019229783088046766,0.0009486692990103071,0.0025639710784062355,0.0003076765294087483,0.0009486692990103071,,0.011589149274396185,0.003845956617609353,0.002897287318599046,0.027383211117378597,0.0012819855392031177,,,0.0022306548382134248,0.06671452746013025,0.0032049638480077945,0.0012819855392031177,0.0009486692990103071,,0.009666170965591508,0.009973847495000257,0.6319163119840008,0.02351161478898518,0.0006409927696015589,,0.0019229783088046766,0.020614327470386135,0.0003076765294087483,0.0025639710784062355,0.0006409927696015589,,0.01576842213219835,0.0003076765294087483,,,,0.0009486692990103071
,,0.004845905338187785,0.0003076765294087483,0.0022562945489974875,,0.005486898107789344,,0.004512589097994975,0.023588533921337366,0.0019229783088046766,0.0009486692990103071,,0.04394646428388288,0.012255781754781807,0.002897287318599046,,0.0006409927696015589,0.0003076765294087483,,,,0.0006409927696015589,,0.02938310855853546,0.0009486692990103071,,,,,,0.011948105225373058,,,0.01646069432336803,0.0009486692990103071,0.0016153017793959284,,0.003230603558791857,0.0025639710784062355,0.0022562945489974875,0.0003076765294087483,0.0009486692990103071,0.0003076765294087483,0.005794574637198092,0.0003076765294087483,0.00902517819598995,0.003230603558791857,0.0016153017793959284,0.02907543202912671,0.0019229783088046766,,0.0006409927696015589,0.0025639710784062355,0.06138146761704528,0.002897287318599046,,0.0012819855392031177,,0.007409876416594021,0.005153581867596534,0.6312753192143992,0.0200246141223527,0.011614788985180247,,,0.02066560689195426,,0.0003076765294087483,0.0012819855392031177,,0.005794574637198092,0.0003076765294087483,,,,0.0009486692990103071
,,0.0022050151274293625,,0.0018973385980206143,0.0003076765294087483,0.01394800266652992,,0.004435669965642788,0.03238295472027076,0.0009486692990103071,0.0006153530588174966,,0.025075637146812983,0.02284498230859956,0.0003076765294087483,,0.0003076765294087483,0.0009486692990103071,,,,0.0006153530588174966,,0.027280652274242347,0.0015640223578278036,,,,,0.0003076765294087483,0.011101994769499,,,0.009204656171478386,0.0012563458284190554,0.0015640223578278036,,0.0015640223578278036,0.005384339264653095,0.0028460078970309216,0.0003076765294087483,0.0022050151274293625,0.0003076765294087483,0.002538331367622173,,0.007922670632275268,0.0003076765294087483,0.0009486692990103071,0.01776831957335521,0.0022050151274293625,,0.0006153530588174966,0.002538331367622173,0.05617660632788062,0.0018973385980206143,0.0003076765294087483,0.0003076765294087483,,0.008563663401876826,0.009204656171478386,0.6628378031895801,0.022203989538998,0.0006153530588174966,,,0.020947643710578945,0.0003076765294087483,0.0022050151274293625,0.0015640223578278036,,0.004435669965642788,0.0006153530588174966,0.0006153530588174966,,,0.0006153530588174966
,,0.0018460591764524897,,0.0037177580636890417,0.0003076765294087483,0.008076508896979641,,0.0024870519460540486,0.02361417363212143,0.0006153530588174966,0.0006153530588174966,,0.01958873903902364,0.01707604738218553,0.0012307061176349931,,,0.0015383826470437413,,,,0.0006153530588174966,,0.02797292446541203,0.0018460591764524897,,,,,,0.004974103892108097,,,0.012101943490077432,0.0006153530588174966,0.0006153530588174966,0.0003076765294087483,0.0006153530588174966,0.002794728475462797,0.0012307061176349931,0.0006153530588174966,0.0018460591764524897,0.0003076765294087483,0.0037177580636890417,,0.006820163068560587,,0.0012307061176349931,0.024870519460540485,0.0012307061176349931,,0.0009230295882262449,0.0009230295882262449,0.05127942156812471,0.0009230295882262449,,0.0006153530588174966,,0.007127839597969335,0.007461155838162145,0.7038869801548638,0.020204092097841138,0.0003076765294087483,0.0003076765294087483,,0.01989641556843239,,0.0012307061176349931,0.0018460591764524897,,0.0015383826470437413,0.0006153530588174966,0.0009230295882262449,,0.0037177580636890417,0.0012307061176349931
,,0.016922209117481154,,0.0018973385980206143,0.0003076765294087483,0.004794625916619661,,0.004153633147018102,0.023332136813496742,,0.0009486692990103071,,0.028434439259525154,0.01597353981847085,0.0009486692990103071,,,0.0009486692990103071,0.0018973385980206143,,,0.0006153530588174966,0.0006153530588174966,0.026844777190913285,0.0012563458284190554,,,,,,0.009896928362648069,,,0.008307266294036204,0.0015896620686118661,0.0006153530588174966,,0.0009486692990103071,0.0022306548382134248,0.0015896620686118661,0.0012563458284190554,0.0006153530588174966,0.0006153530588174966,0.002871647607814984,,0.037408338033946976,,0.0012563458284190554,0.027485769960514845,0.0009486692990103071,0.0003076765294087483,,0.0015896620686118661,0.04730526639659505,0.0009486692990103071,0.0003076765294087483,0.0009486692990103071,,0.008307266294036204,0.006050971745038716,0.6384800779447208,0.02907543202912671,0.0003076765294087483,,0.0003076765294087483,0.028434439259525154,,0.0018973385980206143,0.0018973385980206143,,0.003512640377416543,0.0006153530588174966,0.0006153530588174966,,0.0003076765294087483,0.0012563458284190554
,,0.022793702887031433,,0.0009743090097943696,,0.006820163068560587,,0.0029229270293831084,0.022152710117429874,0.0003076765294087483,0.001948618019588739,,0.03420337418593918,0.021819393877237064,0.0006409927696015589,,,0.0003076765294087483,0.0003076765294087483,,,0.0009743090097943696,,0.03517768319573355,0.0022562945489974875,,,,,,0.007153479308753397,0.0003076765294087483,0.0003076765294087483,0.009435413568534947,0.0003076765294087483,0.0006409927696015589,,0.0012819855392031177,0.0022562945489974875,0.0029229270293831084,0.0012819855392031177,0.0012819855392031177,,0.003897236039177478,,0.04627967796523255,0.0006409927696015589,0.0016153017793959284,0.03161376339674889,0.0006409927696015589,0.0006409927696015589,,0.003897236039177478,0.07658581611199426,0.0022562945489974875,0.0009743090097943696,0.0003076765294087483,,0.011076355058714937,0.010102046048920569,0.5382031690682529,0.0374596174555151,0.0016153017793959284,,,0.029972821906568893,0.0003076765294087483,0.0016153017793959284,0.0016153017793959284,,0.01694784882826522,0.0003076765294087483,,,,0.0006409927696015589
,,0.03328034459771294,,,,0.008563663401876826,0.0009743090097943696,0.002307573970565612,0.015486385313573664,0.0026152504999743605,0.0016409414901799907,,0.06261217373468027,0.022742423465463308,0.003615199220552792,,,0.0003076765294087483,0.0003076765294087483,,,0.0009743090097943696,,0.030639454386954514,0.003615199220552792,,,,0.0003076765294087483,,0.014486436592995231,0.0003076765294087483,0.0009743090097943696,0.008230347161684016,0.0016409414901799907,0.0009743090097943696,,0.0019742577303728014,0.0009743090097943696,0.002307573970565612,0.0006409927696015589,0.0009743090097943696,,0.004615147941131224,0.0003076765294087483,0.041203015229988205,0.002307573970565612,0.0019742577303728014,0.030972770627147327,0.0009743090097943696,0.0003076765294087483,,0.0029485667401671707,0.08043177272960361,0.0019742577303728014,0.0013076252499871802,0.0003076765294087483,,0.0049228244705399726,0.0049228244705399726,0.48900056407363723,0.04581816317111943,0.0019742577303728014,,,0.027690887646787343,0.0006409927696015589,0.004615147941131224,,,0.025690990205630482,0.0006409927696015589,,,,0.0009743090097943696
,,0.0026152504999743605,,0.0006409927696015589,,0.006897082200912774,0.0009743090097943696,0.0013076252499871802,0.01776831957335521,0.0016409414901799907,0.0003076765294087483,,0.033229065176144816,0.012486539151838368,0.0016409414901799907,,,0.0006409927696015589,0.0009743090097943696,,,0.0003076765294087483,,0.03222911645556638,0.004256191990154351,,,,,,0.010845597661658376,,0.0003076765294087483,0.007897030921491206,0.0006409927696015589,0.0003076765294087483,,0.0016409414901799907,,0.00228193425978155,,0.0003076765294087483,,0.006230449720527153,,0.005589456950925594,0.0006409927696015589,0.00228193425978155,0.029613865955592022,0.0006409927696015589,,,0.00228193425978155,0.050330752269114404,0.0019742577303728014,,0.0006409927696015589,,0.006563765960719963,0.005589456950925594,0.6807599610276396,0.01610173837239116,0.0009743090097943696,,,0.026639659504640787,0.0006409927696015589,0.0016409414901799907,,,0.01807599610276396,,,,,0.0006409927696015589
,,0.004871545048971848,,0.0022562945489974875,,0.007486795548946208,0.0003076765294087483,0.0016153017793959284,0.018563150607661144,,0.0016153017793959284,,0.022460386646838623,0.008461104558740577,0.0003076765294087483,,,0.0009743090097943696,,0.0003076765294087483,,0.0003076765294087483,0.0003076765294087483,0.03125480744577201,0.0012819855392031177,,,,,,0.009102097328342136,0.0003076765294087483,,0.010743038818522127,0.0009743090097943696,0.0006409927696015589,,0.0016153017793959284,0.0012819855392031177,0.0016153017793959284,,0.0009743090097943696,,0.0035639197989846675,,0.003256243269575919,0.0003076765294087483,0.0016153017793959284,0.027998564176196093,0.0009743090097943696,0.0003076765294087483,0.0006409927696015589,0.0012819855392031177,0.04266447874467976,0.0022562945489974875,0.0003076765294087483,0.0003076765294087483,0.0003076765294087483,0.011717347828316496,0.0042305522793702885,0.6931439413363417,0.03353674170555356,0.0016153017793959284,,,0.026383262396800163,0.0003076765294087483,0.0016153017793959284,0.001948618019588739,,0.008461104558740577,0.0006409927696015589,,,,0.0009743090097943696
,,0.0019998974411568637,,0.0019998974411568637,,0.008743141377365263,0.0006666324803856213,0.0016665812009640532,0.014794113122403979,0.00033331624019281063,0.0006666324803856213,,0.027255012563458286,0.009076457617558074,0.00033331624019281063,,,0.0006666324803856213,,0.00033331624019281063,,0.0006666324803856213,0.0009999487205784318,0.03533152146043793,0.0019998974411568637,,,,,,0.01512742936259679,,0.00033331624019281063,0.0067176042254243375,0.0023332136813496744,,,0.0013332649607712425,0.0019998974411568637,0.0019998974411568637,0.00033331624019281063,,,0.0026921696323265474,0.0006666324803856213,0.006050971745038716,,0.0033588021127121687,0.030613814676170453,0.0016665812009640532,,0.0006666324803856213,0.0026921696323265474,0.037690374852571665,0.0019998974411568637,0.00033331624019281063,0.0019998974411568637,,0.009409773857750884,0.013794164401825548,0.6854263883903389,0.012794215681247115,0.0006666324803856213,,,0.037023742372186044,,0.0013332649607712425,0.0019998974411568637,,0.008409825137172453,0.00033331624019281063,,,,0.0006666324803856213
0.0009999487205784318,,0.003743397774473104,,0.003743397774473104,,0.008512383980308702,0.0009999487205784318,0.0009999487205784318,0.020793805445874572,0.0016922209117481155,,,0.029306189426183273,0.015332547048869289,0.00033331624019281063,,,0.0016922209117481155,0.00033331624019281063,,,0.0016922209117481155,0.00033331624019281063,0.029306189426183273,0.002384493102917799,,,,,,0.011230193323419312,0.00033331624019281063,0.0006666324803856213,0.009871288651864006,0.0006666324803856213,,,0.0016922209117481155,0.003384441823496231,0.0027178093431106097,,0.002025537151940926,0.00033331624019281063,0.004410030254858725,,0.005794574637198092,,0.002025537151940926,0.03099841033793139,0.002025537151940926,,0.0006666324803856213,0.002384493102917799,0.05317676016614532,0.004410030254858725,,0.0006666324803856213,,0.009537972411671196,0.004768986205835598,0.6576585816111995,0.02384493102917799,0.0009999487205784318,,0.00033331624019281063,0.030331777857545768,0.00033331624019281063,0.002025537151940926,0.0027178093431106097,,0.003743397774473104,0.00033331624019281063,,,,0.0016922209117481155
0.0006666324803856213,,0.003025485872519358,,0.004717706784267473,,0.010794318240090252,0.0016665812009640532,0.0033588021127121687,0.026306343264447977,0.003025485872519358,,,0.03238295472027076,0.007743192656786832,0.0006666324803856213,,0.0013332649607712425,,0.00033331624019281063,,,0.0009999487205784318,0.00033331624019281063,0.034741808112404494,0.003025485872519358,,,,,,0.008768781088149326,0.0006666324803856213,0.0013332649607712425,0.009435413568534947,0.0006666324803856213,0.0006666324803856213,0.00033331624019281063,0.0019998974411568637,0.003025485872519358,0.0009999487205784318,,0.0009999487205784318,0.00033331624019281063,0.00402543459309779,,0.007743192656786832,,0.0006666324803856213,0.036075073073175735,0.0016665812009640532,0.00033331624019281063,0.00033331624019281063,0.0023588533921337367,0.0485616122250141,0.0013332649607712425,,0.00033331624019281063,,0.01043536228911338,0.0050510230244602845,0.6513512127583201,0.028998512896774523,0.00033331624019281063,,0.00033331624019281063,0.021588636480180504,0.00033331624019281063,0.0026921696323265474,0.0019998974411568637,,0.006409927696015589,0.00033331624019281063,,,,0.0023588533921337367
,,0.02056304804881801,,0.0033588021127121687,,0.013819804112609609,0.0009999487205784318,0.004717706784267473,0.022255268960566125,0.0009999487205784318,0.00033331624019281063,,0.04451053792113225,0.016845289985128967,0.003025485872519358,,,0.0016665812009640532,0.0016665812009640532,,,0.0006666324803856213,0.0006666324803856213,0.036075073073175735,0.0019998974411568637,,,,,,0.013153171632223988,,0.00033331624019281063,0.010102046048920569,,0.00033331624019281063,,0.003025485872519358,0.0006666324803856213,0.0026921696323265474,0.0006666324803856213,0.0026921696323265474,0.00033331624019281063,0.004717706784267473,0.0006666324803856213,0.008409825137172453,,0.0019998974411568637,0.035741756832982925,0.0009999487205784318,,,0.0013332649607712425,0.07386800676888365,0.0033588021127121687,0.00033331624019281063,0.0013332649607712425,0.00033331624019281063,0.006743243936208399,0.013153171632223988,0.5424593610584072,0.04317727296036101,0.0006666324803856213,0.00033331624019281063,0.0006666324803856213,0.03169068252910107,,0.005384339264653095,,,0.011460950720475873,0.0009999487205784318,0.0006666324803856213,,,0.0013332649607712425
,,0.004435669965642788,,0.00025639710784062353,,0.01776831957335521,0.0010255884313624941,0.004435669965642788,0.026408902107584228,0.0007691913235218707,0.00025639710784062353,,0.0638172401415312,0.015409466181221475,0.0018204194656684272,,0.00025639710784062353,0.0018204194656684272,0.00025639710784062353,,,0.0007691913235218707,0.0007691913235218707,0.045484846930926616,0.0013076252499871802,,,,,,0.00915337674991026,0.00025639710784062353,,0.007563714681298395,0.00025639710784062353,0.00025639710784062353,,0.0046920670734834115,0.0005127942156812471,0.0013076252499871802,0.0007691913235218707,0.0023332136813496744,0.0018204194656684272,0.006794523357776524,0.0010255884313624941,0.006794523357776524,0.0031280447156556072,0.0013076252499871802,0.043920824573098816,0.0018204194656684272,0.0013076252499871802,0.0007691913235218707,0.0015640223578278036,0.0894313112148095,0.0007691913235218707,0.0010255884313624941,0.00025639710784062353,,0.0059996923234705915,0.00915337674991026,0.5112301933234193,0.04994615660735347,0.0013076252499871802,0.0005127942156812471,0.0018204194656684272,0.019332341931183016,0.00025639710784062353,0.0013076252499871802,,,0.020922003999794884,0.0007691913235218707,0.0007691913235218707,,,0.0007691913235218707
,,0.0018460591764524897,,0.00025639710784062353,,0.007717552946002769,0.0007948310343059331,0.00664068509307215,0.012512178862622429,0.0010512281421465566,,,0.03648530844572073,0.014896671965540228,0.0015896620686118661,,0.0005127942156812471,0.0010512281421465566,0.00025639710784062353,,,0.0005127942156812471,0.00025639710784062353,0.03648530844572073,0.0013076252499871802,,,,,,0.010384082867545254,0.00025639710784062353,,0.0050510230244602845,0.0005127942156812471,0.00025639710784062353,,0.0031793241372237322,0.0010512281421465566,0.0013076252499871802,0.00025639710784062353,0.0013076252499871802,0.00025639710784062353,0.0039741551715296655,0.0010512281421465566,0.00664068509307215,0.0029229270293831084,0.0013076252499871802,0.03648530844572073,0.0021280959950771756,,,0.0010512281421465566,0.05302292190144095,0.0026408902107584228,0.0010512281421465566,0.00025639710784062353,,0.004256191990154351,0.005589456950925594,0.6674016717091431,0.019178503666478643,0.0007948310343059331,0.00025639710784062353,0.0013076252499871802,0.029306189426183273,0.00025639710784062353,0.0010512281421465566,,,0.007973950053843392,0.0013076252499871802,,,,0.0007948310343059331
,,0.00174350033331624,,,0.0004871545048971848,0.006794523357776524,0.0009999487205784318,0.0052817804215168455,0.02089636428901082,0.0014871032254756167,,,0.024691041485052048,0.014614635146915543,0.0004871545048971848,,0.0004871545048971848,0.0014871032254756167,0.0004871545048971848,,0.00023075739705656121,0.0007435516127378084,0.0009999487205784318,0.027460130249730784,0.0014871032254756167,0.00023075739705656121,,,,,0.015870980975334598,0.0004871545048971848,,0.007794472078354956,0.0007435516127378084,0.00023075739705656121,,0.0012563458284190554,0.0009999487205784318,0.0004871545048971848,0.00023075739705656121,0.0014871032254756167,0.00023075739705656121,0.005025383313676222,0.00023075739705656121,0.006025332034254653,0.00023075739705656121,,0.03451105071534793,0.0009999487205784318,,0.0004871545048971848,0.0009999487205784318,0.039305676631967594,0.0019998974411568637,0.00023075739705656121,0.0007435516127378084,,0.00402543459309779,0.004281831700938413,0.6981693246500179,0.02392185016153018,0.00023075739705656121,0.00023075739705656121,0.0007435516127378084,0.03099841033793139,0.00023075739705656121,0.0009999487205784318,,,0.0029998461617352958,0.00023075739705656121,,0.0004871545048971848,,0.0007435516127378084
0.00025639710784062353,,0.002897287318599046,,,0.0007948310343059331,0.004486949387210912,,0.005563817240141531,0.016691451720424594,,0.00025639710784062353,,0.023332136813496742,0.013768524691041485,0.00025639710784062353,,0.00025639710784062353,0.0005127942156812471,,,0.00025639710784062353,0.0007948310343059331,0.0010512281421465566,0.03471616840162043,0.0018460591764524897,,,,,,0.0063586482744474645,0.0010512281421465566,,0.006615045382288087,0.0007948310343059331,0.0010512281421465566,,,0.0005127942156812471,0.002384493102917799,,0.0026408902107584228,,0.005025383313676222,,0.007153479308753397,0.0010512281421465566,0.00025639710784062353,0.03604943336239167,0.0018460591764524897,0.0005127942156812471,0.0010512281421465566,0.0015896620686118661,0.04612583970052818,0.0005127942156812471,0.00025639710784062353,0.00025639710784062353,,0.0039741551715296655,0.0039741551715296655,0.7109635403312651,0.01907594482334239,,0.00025639710784062353,0.0005127942156812471,0.023050099994872057,0.0005127942156812471,0.0026408902107584228,0.00025639710784062353,,0.0021024562842931133,0.0007948310343059331,0.00025639710784062353,,,0.0007948310343059331
,,0.0016409414901799907,,,0.00025639710784062353,0.001076867852930619,,0.0032818829803599814,0.006871442490128711,,,,0.006871442490128711,0.00576893492641403,,,,0.00025639710784062353,,,,0.0008204707450899954,0.0013589046715553048,0.01458899543613148,0.0013589046715553048,,,,,,0.002743449053894672,0.00025639710784062353,,0.003025485872519358,0.0005384339264653095,0.0013589046715553048,,,0.0005384339264653095,,,,,0.001076867852930619,,0.0008204707450899954,0.00025639710784062353,,0.007691913235218706,0.0008204707450899954,,0.00025639710784062353,0.0005384339264653095,0.016229936926311472,0.0005384339264653095,0.00025639710784062353,,,0.0024614122352699863,0.0005384339264653095,0.9019537459617456,0.003845956617609353,,,,0.004666427362699349,,0.00025639710784062353,,,0.003845956617609353,0.00025639710784062353,,,0.0008204707450899954,0.00025639710784062353
,,0.001435823803907492,,,0.00028203681862468594,0.006999641044049023,,0.0023332136813496744,0.017229885646889903,,,,0.01694784882826522,0.006999641044049023,0.00028203681862468594,,,0.00028203681862468594,0.00028203681862468594,0.00028203681862468594,,0.001153786985282806,0.0005640736372493719,0.0426388390338957,0.00087175016665812,,,,,,0.007281677862673709,0.00087175016665812,,0.005256140710732783,0.0005640736372493719,0.0026152504999743605,,0.00028203681862468594,0.0005640736372493719,0.00087175016665812,0.00028203681862468594,0.001435823803907492,0.00028203681862468594,0.002025537151940926,,0.004076714014665915,0.001435823803907492,0.0005640736372493719,0.022486026357622688,0.00087175016665812,0.00028203681862468594,0.00028203681862468594,0.002025537151940926,0.04615147941131224,0.001153786985282806,0.00028203681862468594,,,0.006409927696015589,0.004666427362699349,0.7435003333162401,0.016358135480231784,0.002025537151940926,,,0.018691349161581456,0.00028203681862468594,0.0023332136813496744,,,0.0032049638480077945,0.00028203681862468594,,,0.00028203681862468594,0.001435823803907492
,,0.0021793754166453,,0.00025639710784062353,0.00025639710784062353,0.009589251833239321,0.0016409414901799907,0.006025332034254653,0.0243833649556433,0.0018973385980206143,0.00025639710784062353,,0.031793241372237324,0.013409568740064612,0.0005384339264653095,0.0005384339264653095,,0.0013589046715553048,0.0029998461617352958,0.00025639710784062353,0.0005384339264653095,0.0008204707450899954,0.0008204707450899954,0.03397261678888262,0.0035382800882006052,,,,,,0.009307215014614635,0.0032818829803599814,0.0008204707450899954,0.007384236705809959,0.00025639710784062353,0.0005384339264653095,,0.0008204707450899954,0.00025639710784062353,0.0024614122352699863,0.0008204707450899954,0.0024614122352699863,0.0005384339264653095,0.0076662735244346445,,0.008204707450899953,0.0016409414901799907,0.0013589046715553048,0.03753653658786729,0.0016409414901799907,0.00025639710784062353,,0.0018973385980206143,0.07399620532280396,0.001076867852930619,,,,0.009589251833239321,0.008204707450899953,0.6037126301215322,0.02904979231834265,0.0013589046715553048,0.00025639710784062353,0.0008204707450899954,0.034793087533972616,0.00025639710784062353,0.0013589046715553048,,,0.006845802779344649,0.0008204707450899954,0.0008204707450899954,,,0.0008204707450899954
,,0.0028460078970309216,,,,0.009332854725398698,0.0005127942156812471,0.011691708117532434,0.019486180195887392,0.001794779754884365,,,0.05507409876416594,0.018178554945900212,0.002076816573509051,0.00025639710784062353,0.00025639710784062353,0.0015383826470437413,0.0012819855392031177,0.00025639710784062353,0.00025639710784062353,0.0012819855392031177,0.0025896107891902977,0.027793446489923594,0.0023332136813496744,,,,,,0.009332854725398698,0.001794779754884365,0.00025639710784062353,0.004153633147018102,0.00025639710784062353,0.0010255884313624941,,0.001794779754884365,0.00025639710784062353,0.003102405004871545,,0.004410030254858725,0.0005127942156812471,0.007256038151889647,0.00025639710784062353,0.008307266294036204,0.0023332136813496744,0.0007691913235218707,0.04235680221527101,0.0007691913235218707,0.0007691913235218707,,0.0023332136813496744,0.1252499871801446,0.0012819855392031177,,,,0.006230449720527153,0.014281318906722733,0.5044869493872108,0.04363878775447413,0.001794779754884365,0.00025639710784062353,0.0005127942156812471,0.0267678580585611,,0.0023332136813496744,,,0.01894774626942208,0.0010255884313624941,0.0007691913235218707,,,0.0015383826470437413
,0.00025639710784062353,0.0007691913235218707,,,,0.0054099789754371574,0.0005127942156812471,0.00566637608327778,0.010307163735193067,0.0020511768627249883,0.00025639710784062353,,0.04930516383775191,0.006691964514640275,,,,0.0015383826470437413,0.0005127942156812471,0.0005127942156812471,,0.0007691913235218707,0.0007691913235218707,0.0291523511614789,0.0020511768627249883,,,,,,0.00979436951951182,,0.00025639710784062353,0.004127993436234039,0.00025639710784062353,0.0012819855392031177,,0.0007691913235218707,0.00025639710784062353,0.0028203681862468593,0.0005127942156812471,0.0020511768627249883,,0.004384390544074663,0.00025639710784062353,0.006691964514640275,0.0015383826470437413,,0.029947182195784832,,0.0010255884313624941,,0.0025639710784062355,0.08079072868058049,0.0025639710784062355,,,,0.004640787651915286,0.0030767652940874826,0.6495820727142199,0.0343315727398595,0.00025639710784062353,0.00025639710784062353,0.0010255884313624941,0.023229577970360495,,0.0015383826470437413,,,0.010563560843033691,0.0010255884313624941,0.0007691913235218707,,0.00025639710784062353,0.0010255884313624941
,0.00025639710784062353,0.002076816573509051,,,0.00025639710784062353,0.004179272857802164,0.00025639710784062353,0.0031280447156556072,0.026639659504640787,0.0015640223578278036,0.0007691913235218707,,0.02558843136249423,0.0062560894313112144,,,,,0.0005127942156812471,0.0005127942156812471,,0.0007691913235218707,0.0010255884313624941,0.026639659504640787,0.0010255884313624941,,,,,,0.009922568073432132,0.0005127942156812471,,0.010178965181272755,0.00025639710784062353,0.0012819855392031177,,0.0010255884313624941,0.0005127942156812471,0.0010255884313624941,0.0010255884313624941,0.0018204194656684272,,0.0031280447156556072,0.00025639710784062353,0.004435669965642788,0.0005127942156812471,0.0005127942156812471,0.03681862468591354,0.0012819855392031177,0.00025639710784062353,0.0005127942156812471,0.0012819855392031177,0.04727962668581098,0.0010255884313624941,,,0.00025639710784062353,0.006512486539151838,0.0031280447156556072,0.720014358238039,0.013563407004768987,0.0010255884313624941,,0.0010255884313624941,0.021152761396851443,,0.0007691913235218707,,,0.004179272857802164,0.0007691913235218707,,,,0.0012819855392031177
,0.00028203681862468594,0.0032049638480077945,,,0.00028203681862468594,0.006999641044049023,0.00028203681862468594,0.002025537151940926,0.021280959950771755,0.00087175016665812,0.0005640736372493719,,0.027126814009537974,0.00902517819598995,0.00028203681862468594,,,0.001153786985282806,,,,0.00087175016665812,0.0023332136813496744,0.030639454386954514,0.002025537151940926,,,,,0.00028203681862468594,0.011358391877339623,0.00087175016665812,0.00087175016665812,0.011076355058714937,0.00028203681862468594,0.00087175016665812,,,0.00087175016665812,0.001435823803907492,0.00028203681862468594,0.002897287318599046,,0.01925542279883083,,0.009614891544023384,0.00028203681862468594,0.0005640736372493719,0.06186862212194246,0.00087175016665812,0.00028203681862468594,0.0005640736372493719,0.002897287318599046,0.042305522793702886,0.00028203681862468594,,,,0.006409927696015589,0.004666427362699349,0.6549920516896569,0.023332136813496742,0.00028203681862468594,,0.00087175016665812,0.024511563509563614,,0.00087175016665812,,,0.002897287318599046,0.00087175016665812,,,0.00028203681862468594,0.00087175016665812
,0.00028203681862468594,0.0032049638480077945,,0.00087175016665812,0.0005640736372493719,0.006409927696015589,,0.00087175016665812,0.02099892313214707,0.001153786985282806,,,0.025690990205630482,0.009614891544023384,0.00087175016665812,,0.00028203681862468594,0.00028203681862468594,,,,,0.001153786985282806,0.028895954053638276,0.00174350033331624,,,,,,0.00815342802933183,0.0005640736372493719,0.00028203681862468594,0.006691964514640275,0.00028203681862468594,0.001153786985282806,,0.00028203681862468594,0.0005640736372493719,0.0023332136813496744,0.00087175016665812,0.00174350033331624,,0.002025537151940926,,0.006127890877390903,0.0005640736372493719,,0.03415209476437106,0.00087175016665812,,,0.00087175016665812,0.04992051689656941,0.00087175016665812,,,,0.006409927696015589,0.007281677862673709,0.7185272550125634,0.014871032254756167,0.00087175016665812,,0.00028203681862468594,0.025383313676221732,,0.0005640736372493719,0.00028203681862468594,,0.002897287318599046,0.0005640736372493719,,,0.00028203681862468594,0.0005640736372493719
,0.00025639710784062353,0.0016665812009640532,,0.00025639710784062353,0.00025639710784062353,0.005563817240141531,0.00025639710784062353,,0.018434952053740832,0.00025639710784062353,,,0.04022870622019384,0.008922619352853699,0.0013845443823393671,0.00025639710784062353,0.0005384339264653095,0.0005384339264653095,0.0008204707450899954,,0.00025639710784062353,0.0005384339264653095,0.003897236039177478,0.03604943336239167,0.0030511255833034203,,,,,,0.010614840264601815,,,0.008922619352853699,0.0005384339264653095,0.0011025075637146812,,,0.00025639710784062353,0.0016665812009640532,0.0008204707450899954,0.001948618019588739,,0.0022306548382134248,,0.010614840264601815,0.00025639710784062353,0.0008204707450899954,0.027921645043843906,0.0011025075637146812,0.00025639710784062353,,0.0005384339264653095,0.04694631044561817,0.0011025075637146812,0.0005384339264653095,0.00025639710784062353,,0.006409927696015589,0.003897236039177478,0.687887800625609,0.02233218809291831,0.0005384339264653095,,,0.027383211117378597,,0.0030511255833034203,0.00025639710784062353,,0.0044613096764268495,0.0008204707450899954,,,0.0005384339264653095,0.0005384339264653095
,0.00025639710784062353,0.0021793754166453,,0.00025639710784062353,0.0005384339264653095,0.010076406338136506,0.00025639710784062353,0.0051792215783805955,0.01797343725962771,0.0007948310343059331,0.0013589046715553048,,0.04907440644069535,0.011717347828316496,0.0016153017793959284,0.00025639710784062353,0.00025639710784062353,0.00025639710784062353,0.0007948310343059331,,,,0.0029742064509512335,0.03515204348494949,0.0029742064509512335,,,,,,0.01197374493615712,,0.00025639710784062353,0.013896723244961797,0.00025639710784062353,0.0013589046715553048,,0.0005384339264653095,,0.0035382800882006052,0.00025639710784062353,0.0051792215783805955,,0.0035382800882006052,,0.008179067740115892,0.001076867852930619,0.0018973385980206143,0.044972052715245375,0.0021793754166453,0.00025639710784062353,,0.001076867852930619,0.05343315727398595,0.0007948310343059331,,0.00025639710784062353,,0.006538126249935901,0.01197374493615712,0.6083021383518794,0.028357520127172964,0.0005384339264653095,0.00025639710784062353,,0.030536895543818266,0.001076867852930619,0.005717655504845905,0.0007948310343059331,,0.0062560894313112144,0.0005384339264653095,,,0.00025639710784062353,
,0.00025639710784062353,0.0016409414901799907,,0.0005384339264653095,0.0005384339264653095,0.009666170965591508,0.0019229783088046766,0.010204604892056818,0.025690990205630482,0.0022050151274293625,0.0013589046715553048,,0.06938105738167273,0.01076867852930619,0.005230500999948721,,,0.0011025075637146812,0.00025639710784062353,0.00025639710784062353,,0.00025639710784062353,0.00025639710784062353,0.037023742372186044,0.0016409414901799907,,,,,,0.01740936362237834,,,0.007461155838162145,0.0005384339264653095,0.0011025075637146812,0.0005384339264653095,0.0016409414901799907,0.0013589046715553048,0.0033075226911440437,,0.0022050151274293625,0.00025639710784062353,0.004410030254858725,0.00025639710784062353,0.007717552946002769,0.002743449053894672,0.0033075226911440437,0.03676734526434542,0.004127993436234039,0.0005384339264653095,,0.00025639710784062353,0.11748115481257372,0.0013589046715553048,0.00025639710784062353,0.0008204707450899954,,0.0008204707450899954,0.011589149274396185,0.4440541510691759,0.07463719809240552,0.00025639710784062353,0.0005384339264653095,0.00025639710784062353,0.02348597507820112,0.0011025075637146812,0.006333008563663402,0.00025639710784062353,,0.038972360391774784,0.0016409414901799907,,,,
,,0.0025639710784062355,,,0.0005640736372493719,0.007127839597969335,0.0014101840931234296,0.008255986872468079,0.024229526690938925,0.0016922209117481155,0.0008461104558740578,,0.06299676939644121,0.006820163068560587,0.0014101840931234296,,0.00028203681862468594,0.0016922209117481155,0.0005640736372493719,,,0.00028203681862468594,0.00028203681862468594,0.028229321573252655,0.0019742577303728014,,,,,,0.013665965847905236,0.00028203681862468594,,0.0062560894313112144,0.00028203681862468594,0.0008461104558740578,0.00028203681862468594,0.0016922209117481155,0.0008461104558740578,0.004845905338187785,0.0005640736372493719,0.0005640736372493719,,0.0036921183529049794,0.0008461104558740578,0.007127839597969335,0.0019742577303728014,0.0034100815342802933,0.03676734526434542,0.0025639710784062355,,,0.0019742577303728014,0.08040613301881955,0.0011281472744987437,,0.0011281472744987437,,0.007973950053843392,0.005127942156812471,0.5807907286805805,0.031075329470283575,0.0005640736372493719,0.00028203681862468594,0.0005640736372493719,0.02166555561253269,0.0016922209117481155,0.0028460078970309216,0.0005640736372493719,,0.023357776524280807,0.0008461104558740578,,,0.00028203681862468594,
,,0.0019742577303728014,,,0.0005640736372493719,0.005974052612686529,,0.0016922209117481155,0.023127019127224244,0.0014101840931234296,0.0008461104558740578,,0.04712578842110661,0.010563560843033691,0.0008461104558740578,,0.00028203681862468594,0.00028203681862468594,0.0005640736372493719,,,0.00028203681862468594,0.0014101840931234296,0.030562535254602327,0.00228193425978155,,,,,,0.00969181067637557,0.0005640736372493719,0.00028203681862468594,0.011127634480283062,0.0005640736372493719,0.0011281472744987437,,0.0014101840931234296,0.0005640736372493719,0.0028460078970309216,0.00028203681862468594,0.0005640736372493719,,0.0034100815342802933,0.0005640736372493719,0.006563765960719963,0.0008461104558740578,0.0008461104558740578,0.04084405927901133,0.00228193425978155,0.00028203681862468594,0.0005640736372493719,0.0016922209117481155,0.07768832367570894,0.0039741551715296655,0.0005640736372493719,,,0.010563560843033691,0.009409773857750884,0.6129429260037946,0.031972719347725755,,,0.0005640736372493719,0.02425516640172299,0.0011281472744987437,0.0031280447156556072,0.0008461104558740578,,0.005127942156812471,0.0008461104558740578,,,0.00028203681862468594,
,,0.002153735705861238,,,,0.02428080611250705,0.0006153530588174966,0.0009230295882262449,0.02176811445566894,,,,0.0354853597251423,0.010871237372442439,,,0.0003076765294087483,,0.0009230295882262449,,0.0003076765294087483,,0.0003076765294087483,0.03453669042613199,0.003102405004871545,,,,,,0.007768832367570894,0.0003076765294087483,0.0003076765294087483,0.010563560843033691,0.0006153530588174966,0.0009230295882262449,,0.0003076765294087483,0.0003076765294087483,0.0015383826470437413,,0.0024870519460540486,0.0003076765294087483,0.002794728475462797,,0.007768832367570894,,,0.029870263063432646,0.0018460591764524897,,0.0006153530588174966,0.003102405004871545,0.0681759909748218,0.0018460591764524897,,,0.0003076765294087483,0.008076508896979641,0.004666427362699349,0.6567611917337572,0.016794010563560842,,,0.0003076765294087483,0.0245884826419158,,0.0024870519460540486,0.0006153530588174966,,0.006512486539151838,0.0009230295882262449,,,0.0006153530588174966,0.0003076765294087483
,0.00028203681862468594,0.0019998974411568637,,0.00028203681862468594,,0.008281626583252141,,0.0016922209117481155,0.01687092969591303,,0.00028203681862468594,,0.028306240705604842,0.010281524024409005,0.00028203681862468594,,0.00028203681862468594,,0.00028203681862468594,,,0.0005640736372493719,0.0008461104558740578,0.028588277524229527,0.00228193425978155,,,,,0.00028203681862468594,0.008281626583252141,,,0.011717347828316496,0.00028203681862468594,0.0008461104558740578,,,0.0005640736372493719,0.0028460078970309216,,0.0014101840931234296,0.00028203681862468594,0.0036921183529049794,0.0005640736372493719,0.0091277370391262,0.00028203681862468594,0.0008461104558740578,0.028588277524229527,0.0025639710784062355,0.00028203681862468594,0.0008461104558740578,0.0014101840931234296,0.060330239474898725,0.0019998974411568637,0.00028203681862468594,,,0.0091277370391262,0.0059996923234705915,0.6921696323265474,0.019998974411568636,,,0.0008461104558740578,0.024306445823291112,0.0005640736372493719,0.0031280447156556072,,,0.004845905338187785,0.00028203681862468594,,,,
,,0.005820214347982155,,0.0005384339264653095,0.0005384339264653095,0.005820214347982155,0.00025639710784062353,0.00358955950976873,0.023562894210553305,0.0008204707450899954,0.0008204707450899954,,0.03161376339674889,0.011358391877339623,0.0008204707450899954,,,0.0005384339264653095,0.0005384339264653095,,0.0008204707450899954,0.0005384339264653095,0.0005384339264653095,0.03743397774473104,0.0022050151274293625,,,,,,0.012460899441054305,0.00025639710784062353,,0.009409773857750884,0.0005384339264653095,0.0011025075637146812,,0.0005384339264653095,0.0011025075637146812,0.0008204707450899954,0.00025639710784062353,0.0019229783088046766,0.00025639710784062353,0.00358955950976873,0.0008204707450899954,0.011922465514588995,0.0013845443823393671,0.0005384339264653095,0.027998564176196093,0.0024870519460540486,,,0.0022050151274293625,0.05684323880826624,0.0005384339264653095,0.00025639710784062353,,,0.007486795548946208,0.019409261063535202,0.6490179990769704,0.02217834982821394,,,0.0008204707450899954,0.026331982975232038,,0.003025485872519358,,,0.004974103892108097,0.00025639710784062353,,,0.0005384339264653095,0.0005384339264653095
,,0.003384441823496231,,0.00028203681862468594,0.0005640736372493719,0.007922670632275268,0.0005640736372493719,0.005922773191118404,0.022357827803702376,0.0014101840931234296,0.0008461104558740578,,0.040767140146659143,0.008768781088149326,0.00028203681862468594,,0.00028203681862468594,0.0019742577303728014,0.0008461104558740578,,0.0005640736372493719,0.00028203681862468594,,0.031972719347725755,0.004512589097994975,,,,,0.00028203681862468594,0.009896928362648069,0.0016922209117481155,,0.009896928362648069,0.0014101840931234296,0.0011281472744987437,,0.0011281472744987437,0.0014101840931234296,0.0022562945489974875,,0.0028203681862468593,0.00028203681862468594,0.005922773191118404,0.0011281472744987437,0.010743038818522127,0.0028203681862468593,0.003384441823496231,0.03851084559766166,0.0016922209117481155,0.00028203681862468594,,0.002538331367622173,0.08635454592072202,0.0008461104558740578,,0.00028203681862468594,,0.007922670632275268,0.0070765601764012104,0.5714322342443978,0.033126506333008565,0.0016922209117481155,0.00028203681862468594,0.0008461104558740578,0.029998461617352958,,0.004512589097994975,,,0.017537562176298652,0.0005640736372493719,0.00028203681862468594,,0.0028203681862468593,0.0016922209117481155
,,0.0016922209117481155,,0.00028203681862468594,0.00028203681862468594,0.006512486539151838,0.0019742577303728014,0.010461001999897442,0.04307471411722476,0.003102405004871545,0.00028203681862468594,,0.05525357673965438,0.013024973078303676,0.0028203681862468593,,,0.0005640736372493719,0.0011281472744987437,,,0.00028203681862468594,0.0005640736372493719,0.037690374852571665,0.002538331367622173,,,,,,0.010461001999897442,0.0014101840931234296,,0.009896928362648069,0.0011281472744987437,0.00028203681862468594,,0.002538331367622173,0.0005640736372493719,0.0036664786421209167,0.0011281472744987437,0.003102405004871545,0.00028203681862468594,0.005076662735244346,0.0014101840931234296,0.011896825803804934,0.0022562945489974875,0.0011281472744987437,0.04251064047997539,0.003384441823496231,0.00028203681862468594,,0.0014101840931234296,0.08558535459720014,0.0005640736372493719,0.00028203681862468594,,0.0005640736372493719,0.01133275216655556,0.007922670632275268,0.4951284549510281,0.06289421055330496,0.0016922209117481155,0.0008461104558740578,0.00028203681862468594,0.02266550433311112,0.0008461104558740578,0.0028203681862468593,,,0.020101533254704887,0.0005640736372493719,,,0.00028203681862468594,0.00028203681862468594
,,0.0022562945489974875,,,0.0005640736372493719,0.0028460078970309216,0.0008461104558740578,0.0028460078970309216,0.023050099994872057,0.0014101840931234296,,,0.03643402902415261,0.007973950053843392,0.0011281472744987437,,,0.0008461104558740578,,,,0.00028203681862468594,0.0014101840931234296,0.025049997436028922,0.0008461104558740578,,,,,,0.009948207784216194,0.0014101840931234296,,0.009102097328342136,0.0014101840931234296,,,0.002538331367622173,0.00028203681862468594,0.0019742577303728014,,0.0028460078970309216,0.00028203681862468594,0.0048202656274037225,0.0008461104558740578,0.006820163068560587,0.0022562945489974875,0.0028460078970309216,0.03102405004871545,0.004256191990154351,0.0005640736372493719,,0.0014101840931234296,0.05268960566124814,0.0011281472744987437,,,0.00028203681862468594,0.00882006050971745,0.0048202656274037225,0.6658632890620992,0.034459771293779806,0.00028203681862468594,0.00028203681862468594,,0.026485821239936414,0.0011281472744987437,0.002538331367622173,0.00028203681862468594,,0.0076662735244346445,0.0005640736372493719,,,0.00028203681862468594,
,0.0005384339264653095,0.002743449053894672,,,0.00025639710784062353,0.007948310343059331,0.00025639710784062353,0.0035639197989846675,0.02251166606840675,0.00025639710784062353,,,0.027460130249730784,0.009332854725398698,0.0005384339264653095,,0.0005384339264653095,0.0008204707450899954,,0.00025639710784062353,0.00025639710784062353,0.00025639710784062353,0.0013589046715553048,0.02938310855853546,0.005204861289164658,,,0.00025639710784062353,,,0.009050817906774011,0.0008204707450899954,0.00025639710784062353,0.009332854725398698,0.0008204707450899954,,,0.001076867852930619,0.0005384339264653095,0.0016409414901799907,,0.0013589046715553048,0.00025639710784062353,0.004666427362699349,0.0005384339264653095,0.007127839597969335,0.00025639710784062353,0.00025639710784062353,0.030203579303625456,0.0021793754166453,,0.0005384339264653095,0.0013589046715553048,0.04035690477411415,0.0008204707450899954,0.00025639710784062353,,,0.0065894056715040256,0.0032818829803599814,0.7193990051792215,0.019486180195887392,0.00025639710784062353,,0.0008204707450899954,0.018127275524332086,,0.001076867852930619,,,0.0029998461617352958,0.00025639710784062353,,,,0.00025639710784062353
0.0005384339264653095,0.00025639710784062353,0.008640582534229014,,0.0005384339264653095,0.00025639710784062353,0.003230603558791857,0.00025639710784062353,0.0016153017793959284,0.010819957950874315,0.00025639710784062353,0.00025639710784062353,,0.021101481975283318,0.007281677862673709,0.0016153017793959284,,,0.001076867852930619,0.00025639710784062353,,,0.00025639710784062353,0.001871698887236552,0.01892210655863802,0.002153735705861238,,,,0.00025639710784062353,0.00025639710784062353,0.0054099789754371574,0.001076867852930619,0.00025639710784062353,0.007025280754833086,0.00025639710784062353,,,0.00025639710784062353,0.00025639710784062353,0.0007948310343059331,0.00025639710784062353,0.001871698887236552,0.0005384339264653095,0.003230603558791857,0.00025639710784062353,0.004051074303881852,0.00025639710784062353,,0.019460540485103327,0.0007948310343059331,0.00025639710784062353,0.0007948310343059331,0.00025639710784062353,0.03571611712219886,0.0005384339264653095,,,,0.004051074303881852,0.003230603558791857,0.7885493051638377,0.012153222911645556,0.00025639710784062353,,0.0005384339264653095,0.017845238705707398,0.001076867852930619,0.003230603558791857,,,0.003230603558791857,0.00025639710784062353,,,0.00025639710784062353,
0.00025639710784062353,0.0005384339264653095,0.0021793754166453,,0.0005384339264653095,0.00025639710784062353,0.007435516127378083,0.00025639710784062353,0.002743449053894672,0.014871032254756167,0.001076867852930619,0.00025639710784062353,,0.03304958720065638,0.009896928362648069,0.0008204707450899954,,0.00025639710784062353,0.0013589046715553048,0.00025639710784062353,,0.00025639710784062353,0.00025639710784062353,0.0016409414901799907,0.023409055945848932,0.003845956617609353,,,,,,0.011819906671452746,0.0008204707450899954,0.00025639710784062353,0.023409055945848932,0.0008204707450899954,,,0.0008204707450899954,0.00025639710784062353,0.0019229783088046766,0.00025639710784062353,0.0013589046715553048,0.00025639710784062353,0.0024614122352699863,0.0005384339264653095,0.005486898107789344,0.00025639710784062353,0.00025639710784062353,0.03304958720065638,0.001076867852930619,0.0008204707450899954,0.001076867852930619,0.0005384339264653095,0.051766576073021896,0.0013589046715553048,0.00025639710784062353,,,0.008538023691092765,0.0065894056715040256,0.6700425619199015,0.029460027690887645,0.0005384339264653095,,0.0016409414901799907,0.028357520127172964,0.0008204707450899954,0.0016409414901799907,,,0.004384390544074663,0.00025639710784062353,,0.00025639710784062353,0.001076867852930619,
0.00025639710784062353,,0.0024870519460540486,,0.00025639710784062353,0.00025639710784062353,0.0069483616224808985,0.0005384339264653095,0.0033331624019281064,0.020614327470386135,0.0011025075637146812,0.00025639710784062353,,0.02589610789190298,0.00946105327931901,0.0022050151274293625,,0.00025639710784062353,0.0005384339264653095,,,,0.00025639710784062353,0.0022050151274293625,0.031203528024203887,0.004179272857802164,,,,,0.00025639710784062353,0.014204399774370545,,0.0005384339264653095,0.01392236295574586,0.0005384339264653095,,,0.010845597661658376,0.00025639710784062353,0.02535767396543767,,0.0011025075637146812,0.00025639710784062353,0.003615199220552792,0.0008204707450899954,0.01197374493615712,0.0013845443823393671,0.00025639710784062353,0.03258807240654325,0.0008204707450899954,0.0008204707450899954,0.00025639710784062353,0.0011025075637146812,0.050433311112250655,0.0016665812009640532,0.0005384339264653095,,,0.008358545715604328,0.010307163735193067,0.6221219424644889,0.03453669042613199,0.0005384339264653095,,0.0013845443823393671,0.029793343931080456,0.0008204707450899954,0.0022050151274293625,,,0.0030511255833034203,0.0008204707450899954,,,0.00025639710784062353,
,,0.005256140710732783,,0.00028203681862468594,,0.006999641044049023,0.00087175016665812,0.002897287318599046,0.028331880416388903,0.001153786985282806,0.0005640736372493719,,0.04935644325932004,0.007871391210707143,0.00087175016665812,,,,,0.00028203681862468594,0.00028203681862468594,0.00028203681862468594,0.0026152504999743605,0.04117737551920414,0.0023332136813496744,,,,,0.00028203681862468594,0.013999282088098046,,0.00028203681862468594,0.013435208450848675,0.00028203681862468594,,0.00028203681862468594,0.0005640736372493719,0.00087175016665812,0.011076355058714937,0.00028203681862468594,0.004666427362699349,0.00028203681862468594,0.007589354392082457,0.00028203681862468594,0.0067176042254243375,0.00348700066663248,0.0026152504999743605,0.03504948464181324,0.004076714014665915,,0.0005640736372493719,0.0026152504999743605,0.10017435003333162,0.00087175016665812,,,,0.007281677862673709,0.008743141377365263,0.5110250756371467,0.06630429208758525,0.0023332136813496744,0.00028203681862468594,0.0005640736372493719,0.030075380749705144,0.00087175016665812,0.002025537151940926,,,0.007871391210707143,0.00028203681862468594,,0.00028203681862468594,,0.00028203681862468594
,,0.0041023537254499766,,0.0005640736372493719,,0.015537664735141787,0.00174350033331624,0.011717347828316496,0.019665658171375826,0.0020511768627249883,,,0.07130403569047741,0.009076457617558074,0.001153786985282806,,,0.001153786985282806,,,,0.00028203681862468594,,0.03256243269575919,0.004974103892108097,,,,,0.0005640736372493719,0.010845597661658376,0.00028203681862468594,0.00028203681862468594,0.010255884313624942,0.0005640736372493719,0.0005640736372493719,0.0005640736372493719,0.014665914568483667,0.0026408902107584228,0.03784421311727604,0.0029229270293831084,0.0026408902107584228,0.00028203681862468594,0.005563817240141531,0.0005640736372493719,0.01143531100969181,0.009076457617558074,0.0014614635146915542,0.03579303625455105,0.0005640736372493719,,,0.0037946771960412286,0.15232552176811445,0.0023332136813496744,,,,0.0023332136813496744,0.019665658171375826,0.3315214604379263,0.08481616327367827,0.0032049638480077945,0.0005640736372493719,0.00087175016665812,0.05253576739654377,0.00028203681862468594,0.003512640377416543,,,0.015537664735141787,0.00087175016665812,,,0.00028203681862468594,0.00028203681862468594
,,0.004384390544074663,,0.00025639710784062353,,0.00566637608327778,0.0007691913235218707,0.003871596328393416,0.022742423465463308,0.0012819855392031177,0.0005127942156812471,,0.05225373057791908,0.010076406338136506,0.003615199220552792,0.00025639710784062353,0.00025639710784062353,0.00025639710784062353,0.00025639710784062353,0.0015383826470437413,0.00025639710784062353,,,0.03284446951438388,0.007486795548946208,,,,,0.0007691913235218707,0.014204399774370545,,0.00025639710784062353,0.00566637608327778,0.0015383826470437413,0.00025639710784062353,0.00025639710784062353,0.002307573970565612,0.0015383826470437413,0.004640787651915286,0.0012819855392031177,0.0020511768627249883,0.00025639710784062353,0.0054099789754371574,,0.007230398441105584,0.003615199220552792,0.0010255884313624941,0.03594687451925542,0.001794779754884365,0.00025639710784062353,,0.00489718475975591,0.08925183323932107,0.00566637608327778,0.00025639710784062353,0.0005127942156812471,,0.0020511768627249883,0.009050817906774011,0.5568945182298343,0.034408491872211684,0.0033588021127121687,0.00025639710784062353,0.0005127942156812471,0.03128044715655608,0.00025639710784062353,0.007230398441105584,,,0.014204399774370545,0.00025639710784062353,0.00025639710784062353,,0.00025639710784062353,0.00025639710784062353
,,0.0025639710784062355,,0.00025639710784062353,,0.009281575303830572,0.0007691913235218707,0.001794779754884365,0.02089636428901082,0.0012819855392031177,,,0.02710117429875391,0.007230398441105584,0.0007691913235218707,,,0.0005127942156812471,0.00025639710784062353,0.0015383826470437413,0.00025639710784062353,,,0.0343315727398595,0.0028203681862468593,,,,,0.0012819855392031177,0.022203989538998,,0.00025639710784062353,0.007486795548946208,0.0005127942156812471,0.00025639710784062353,0.0007691913235218707,0.0012819855392031177,0.00025639710784062353,0.0010255884313624941,0.00025639710784062353,0.001794779754884365,0.00025639710784062353,0.0054099789754371574,,0.005922773191118404,,0.0010255884313624941,0.02710117429875391,0.002307573970565612,0.00025639710784062353,0.0005127942156812471,0.002307573970565612,0.044407979077996,0.003615199220552792,0.0007691913235218707,0.00025639710784062353,,0.001794779754884365,0.0054099789754371574,0.7008358545715605,0.01522998820573304,0.0007691913235218707,,,0.02348597507820112,0.0005127942156812471,0.003615199220552792,,,0.00489718475975591,0.00025639710784062353,,,,
,,0.0043331111225065385,,,,0.0063586482744474645,0.00023075739705656121,0.0048202656274037225,0.027255012563458286,,0.00023075739705656121,,0.02394748987231424,0.009666170965591508,0.0004871545048971848,,,0.002538331367622173,0.0004871545048971848,,,,0.00023075739705656121,0.032357315009486694,0.002538331367622173,,,,,0.0004871545048971848,0.010948156504794625,,,0.010691759396954003,0.0009999487205784318,,0.00023075739705656121,0.0007435516127378084,,0.00228193425978155,0.00023075739705656121,0.003820316906825291,,0.008666222245013077,,0.005589456950925594,0.0004871545048971848,0.001512742936259679,0.029306189426183273,0.002794728475462797,0.00023075739705656121,0.0007435516127378084,0.002538331367622173,0.04968975949951285,0.001512742936259679,0.00023075739705656121,,,0.0009999487205784318,0.0063586482744474645,0.6813753140864571,0.022434746936054562,0.00023075739705656121,,0.00023075739705656121,0.02904979231834265,0.0004871545048971848,0.0033075226911440437,,,0.0043331111225065385,0.001512742936259679,0.00023075739705656121,,0.00023075739705656121,
,,0.0018204194656684272,,,,0.0046920670734834115,0.00025639710784062353,0.004179272857802164,0.02481924003897236,0.00025639710784062353,0.00025639710784062353,,0.026921696323265472,0.006794523357776524,0.0012819855392031177,0.00025639710784062353,,0.0007691913235218707,0.0005127942156812471,,,,,0.03058817496538639,0.0010255884313624941,,,,,0.00025639710784062353,0.0073073175734577715,,,0.008871339931285575,0.0007691913235218707,0.00025639710784062353,0.0007691913235218707,0.0005127942156812471,,0.0018204194656684272,0.0005127942156812471,0.0010255884313624941,,0.0031280447156556072,0.00025639710784062353,0.008871339931285575,,0.0015640223578278036,0.035023844931029176,0.0007691913235218707,,0.0007691913235218707,0.0015640223578278036,0.04235680221527101,0.0012819855392031177,0.0005127942156812471,,,0.0012819855392031177,0.004948464181324034,0.7207835495615609,0.015947900107686784,0.0012819855392031177,,,0.024562842931131736,,0.0036408389313368544,,,0.003384441823496231,0.0012819855392031177,0.00025639710784062353,,,
,0.0010255884313624941,0.007435516127378083,,0.00025639710784062353,,0.00717911901953746,0.0012819855392031177,0.005127942156812471,0.024870519460540485,0.0005127942156812471,0.00025639710784062353,,0.03128044715655608,0.009999487205784318,0.0012819855392031177,,,0.0010255884313624941,0.005127942156812471,,,,0.010255884313624942,0.035639197989846674,0.0030767652940874826,,,,,,0.009743090097943696,0.0005127942156812471,0.00025639710784062353,0.007948310343059331,0.0015383826470437413,0.0005127942156812471,0.0007691913235218707,0.0010255884313624941,,,0.0015383826470437413,0.00358955950976873,,0.00358955950976873,,0.010255884313624942,0.0012819855392031177,0.0010255884313624941,0.02820368186246859,0.0020511768627249883,0.0010255884313624941,0.0007691913235218707,0.0020511768627249883,0.06153530588174965,0.0012819855392031177,0.00025639710784062353,,,0.0020511768627249883,0.0025639710784062355,0.6495051535818677,0.025639710784062356,0.0007691913235218707,,0.0005127942156812471,0.02307573970565612,0.00025639710784062353,0.0030767652940874826,,,0.0028203681862468593,0.0010255884313624941,0.0015383826470437413,0.00025639710784062353,0.0005127942156812471,
0.00025639710784062353,0.0012819855392031177,0.004666427362699349,0.00025639710784062353,0.00025639710784062353,,0.012691656838110866,0.0005127942156812471,0.004127993436234039,0.024357725244859237,0.0028460078970309216,0.0005127942156812471,,0.043023434695656636,0.009332854725398698,0.0012819855392031177,,,0.0012819855392031177,0.008794420798933387,,,,0.02928054971539921,0.03810061022511666,0.0033588021127121687,,,,,0.0015383826470437413,0.010358443156761191,,,0.010871237372442439,0.0020511768627249883,,0.00025639710784062353,0.00025639710784062353,0.0012819855392031177,0.0033588021127121687,0.0025896107891902977,0.0023332136813496744,,0.00751243525973027,,0.0067176042254243375,0.0028460078970309216,0.0015383826470437413,0.03525460232808574,0.0023332136813496744,0.00025639710784062353,,0.005435618686221219,0.13324957694477207,0.0049228244705399726,,0.00025639710784062353,,0.0033588021127121687,0.008025229475411517,0.4786164812060919,0.04174144915645352,0.001794779754884365,0.00025639710784062353,0.0007691913235218707,0.027460130249730784,0.00025639710784062353,0.0051792215783805955,,,0.008025229475411517,0.0005127942156812471,0.001794779754884365,,0.00025639710784062353,0.0005127942156812471
,0.0012819855392031177,0.005127942156812471,,0.0007691913235218707,,0.009999487205784318,,0.006922721911696836,0.02230654838213425,0.006409927696015589,0.0030767652940874826,,0.07617558073944926,0.012050664068509307,0.0020511768627249883,0.0005127942156812471,,0.0015383826470437413,0.001794779754884365,,,,0.0030767652940874826,0.029229270293831086,0.004615147941131224,,,0.00025639710784062353,,0.001794779754884365,0.013332649607712426,,,0.008461104558740577,0.0015383826470437413,0.00025639710784062353,0.0007691913235218707,0.0007691913235218707,0.0028203681862468593,0.0041023537254499766,0.0007691913235218707,0.0025639710784062355,0.0007691913235218707,0.006666324803856213,,0.014871032254756167,0.0020511768627249883,0.0041023537254499766,0.027690887646787343,0.0020511768627249883,0.0010255884313624941,0.00025639710784062353,0.0020511768627249883,0.21260448182144506,0.0043587508332906,0.0005127942156812471,0.00025639710784062353,,0.005127942156812471,0.011794266960668683,0.37585252038357,0.05102302446028409,0.0005127942156812471,0.0005127942156812471,0.0010255884313624941,0.027947284754627967,0.0005127942156812471,0.00358955950976873,,,0.016922209117481154,0.0007691913235218707,0.00025639710784062353,,0.0005127942156812471,
,,0.0028460078970309216,,0.00025639710784062353,,0.0049228244705399726,0.00025639710784062353,0.005692015794061843,0.021280959950771755,0.0023332136813496744,0.0007691913235218707,,0.03712630121532229,0.009332854725398698,0.0007691913235218707,0.0007691913235218707,0.00025639710784062353,0.0010255884313624941,0.00025639710784062353,0.0005127942156812471,,,0.0007691913235218707,0.02881903492128609,0.003102405004871545,,,,,0.0010255884313624941,0.009845648941079945,,0.00025639710784062353,0.0049228244705399726,0.001794779754884365,0.00025639710784062353,0.0010255884313624941,0.002076816573509051,0.0010255884313624941,0.0028460078970309216,0.00025639710784062353,0.0012819855392031177,0.0005127942156812471,0.0033588021127121687,,0.00882006050971745,0.002076816573509051,0.0028460078970309216,0.02751140967129891,0.0007691913235218707,0.0005127942156812471,,0.003871596328393416,0.10571252756268909,0.005974052612686529,0.0005127942156812471,0.0005127942156812471,,0.004410030254858725,0.006486846828367776,0.6047382185528947,0.03712630121532229,0.00025639710784062353,0.00025639710784062353,0.0010255884313624941,0.022588585200758935,0.0007691913235218707,0.0015383826470437413,0.00025639710784062353,,0.00882006050971745,0.0007691913235218707,,,,0.00025639710784062353
,,0.0031280447156556072,,0.0005127942156812471,,0.01174298753910056,0.0007691913235218707,0.0023332136813496744,0.02610122557817548,0.00025639710784062353,,,0.02348597507820112,0.008614942823444952,0.00025639710784062353,0.0005127942156812471,,0.0018204194656684272,0.0007691913235218707,0.0010255884313624941,,,0.0018204194656684272,0.03522896261730168,0.002076816573509051,,0.00025639710784062353,,,0.0010255884313624941,0.008871339931285575,,,0.009384134146966823,0.0012819855392031177,0.00025639710784062353,0.0005127942156812471,0.00025639710784062353,,0.0007691913235218707,0.00025639710784062353,0.0023332136813496744,,0.003384441823496231,,0.008076508896979641,0.0015640223578278036,0.0010255884313624941,0.035510999435926366,0.0012819855392031177,0.0007691913235218707,0.0005127942156812471,0.002076816573509051,0.039151838367263214,0.006768883646992462,0.0010255884313624941,,0.00025639710784062353,0.0036408389313368544,0.003897236039177478,0.6919901543510589,0.01905030511255833,0.0023332136813496744,,0.0010255884313624941,0.021921952720373315,0.00025639710784062353,0.0005127942156812471,,,0.007025280754833086,,,,0.0010255884313624941,0.00025639710784062353
,,0.0027690887646787342,,,0.00025639710784062353,0.012512178862622429,0.0005384339264653095,0.0024870519460540486,0.021716835034100816,,0.0005384339264653095,,0.025614071073278292,0.00946105327931901,0.0005384339264653095,,,0.0013845443823393671,,,0.00025639710784062353,,0.0008204707450899954,0.027819086200707655,0.0027690887646787342,,,,,,0.013640326137121173,,0.00025639710784062353,0.013076252499871802,0.0016665812009640532,0.0005384339264653095,0.0008204707450899954,0.0005384339264653095,,0.0016665812009640532,0.00025639710784062353,0.003897236039177478,,0.00946105327931901,,0.022255268960566125,0.0011025075637146812,0.0011025075637146812,0.03422901389672325,0.0011025075637146812,,0.0005384339264653095,0.0033331624019281064,0.044536177631916314,0.0013845443823393671,0.00025639710784062353,,,0.0013845443823393671,0.003615199220552792,0.6687862160914824,0.014178760063586482,0.0024870519460540486,,0.0008204707450899954,0.025332034254653607,0.00025639710784062353,0.0022050151274293625,,,0.01502487051946054,0.00025639710784062353,0.00025639710784062353,,,0.00025639710784062353
,,0.004076714014665915,,,,0.004974103892108097,0.0005640736372493719,0.004974103892108097,0.0245884826419158,0.001153786985282806,0.0023332136813496744,,0.028383159837957028,0.011101994769499,0.003512640377416543,0.00028203681862468594,,0.0005640736372493719,0.0005640736372493719,,0.00028203681862468594,,0.0005640736372493719,0.03453669042613199,0.002025537151940926,,,,0.0005640736372493719,0.00028203681862468594,0.010230244602840879,,0.00028203681862468594,0.011409671298907749,0.0014614635146915542,0.0014614635146915542,0.001153786985282806,,,0.0014614635146915542,0.0005640736372493719,0.004076714014665915,0.00028203681862468594,0.007025280754833086,,0.011101994769499,0.004974103892108097,0.0014614635146915542,0.036869904107481664,0.00087175016665812,0.00028203681862468594,0.0005640736372493719,0.0023332136813496744,0.051535818675965336,0.0014614635146915542,0.00028203681862468594,,,0.0023332136813496744,0.005256140710732783,0.6489923593661863,0.018434952053740832,0.0005640736372493719,,,0.03161376339674889,0.0005640736372493719,0.0029229270293831084,,,0.011999384646941183,0.00028203681862468594,,0.00028203681862468594,0.00028203681862468594,
,,0.00358955950976873,,,,0.006076611455822778,0.0016409414901799907,0.013845443823393672,0.024075688426234552,0.0016409414901799907,0.0016409414901799907,,0.03933131634275165,0.010794318240090252,0.0016409414901799907,0.0005384339264653095,,0.0008204707450899954,0.0005384339264653095,0.00025639710784062353,,,,0.03156248397518076,0.003025485872519358,,,,,,0.014383877749858982,,0.0013845443823393671,0.008307266294036204,0.0016409414901799907,0.0005384339264653095,0.0008204707450899954,0.0008204707450899954,0.00025639710784062353,0.0063586482744474645,0.00025639710784062353,0.0013845443823393671,,0.0132813701861443,0.00025639710784062353,0.018537510896877083,0.00025639710784062353,,0.026024306445823292,0.0011025075637146812,0.0005384339264653095,,0.0019229783088046766,0.07007332957284242,0.0005384339264653095,,,,0.0019229783088046766,0.010230244602840879,0.609814881288139,0.025742269627198604,0.0011025075637146812,,,0.03294702835752013,0.0005384339264653095,0.0022050151274293625,,,0.004974103892108097,0.0008204707450899954,,,,
,,0.0045638685195631,0.001076867852930619,0.0007948310343059331,,0.006461207117583714,0.0007948310343059331,0.0037690374852571663,0.025306394543869546,0.001871698887236552,0.0007948310343059331,,0.04038254448489821,0.008332906004820265,0.0005384339264653095,0.00025639710784062353,0.0013332649607712425,0.001871698887236552,0.002153735705861238,0.00025639710784062353,,,,0.03471616840162043,0.00348700066663248,,,,,0.00025639710784062353,0.010486641710681503,0.0007948310343059331,0.0007948310343059331,0.01076867852930619,0.0016153017793959284,0.00025639710784062353,0.0007948310343059331,,0.0013332649607712425,0.001076867852930619,0.0005384339264653095,0.00348700066663248,,0.010486641710681503,0.0016153017793959284,0.011307112455771498,0.001076867852930619,0.0016153017793959284,0.0398441105584329,0.003230603558791857,,,0.0024101328137018613,0.07107327829342085,0.00348700066663248,0.0007948310343059331,,0.00025639710784062353,0.0013332649607712425,0.004845905338187785,0.6068150351264037,0.020460489205681758,0.0007948310343059331,0.00025639710784062353,0.00025639710784062353,0.03471616840162043,,0.0016153017793959284,,,0.00969181067637557,0.0005384339264653095,,,0.00025639710784062353,0.00025639710784062353
,,0.0017178606225321778,0.0017178606225321778,0.0005640736372493719,0.0005640736372493719,0.004871545048971848,0.00028203681862468594,0.005153581867596534,0.024101328137018613,0.0025639710784062355,0.0005640736372493719,,0.05253576739654377,0.011768627249884622,0.0065894056715040256,0.00028203681862468594,0.0011281472744987437,0.0011281472744987437,0.0008461104558740578,0.0017178606225321778,,,,0.030716373519306703,0.00228193425978155,,,,,0.0008461104558740578,0.008589303112660889,0.00028203681862468594,0.00028203681862468594,0.004281831700938413,0.0019998974411568637,0.0005640736372493719,0.0005640736372493719,0.0011281472744987437,0.00315368442643967,0.00315368442643967,0.0019998974411568637,0.00228193425978155,0.00028203681862468594,0.008307266294036204,0.0011281472744987437,0.010614840264601815,0.0045895082303471614,0.0037177580636890417,0.03443413158299574,0.00315368442643967,,,0.0014101840931234296,0.1050971745038716,0.0025639710784062355,0.00028203681862468594,0.0008461104558740578,0.00028203681862468594,,0.008589303112660889,0.5507922670632275,0.033305984308497,0.0025639710784062355,0.0008461104558740578,0.0008461104558740578,0.028126762730116404,0.0008461104558740578,0.0005640736372493719,,,0.014332598328290857,0.0011281472744987437,0.0011281472744987437,,,
,,0.005358699553869032,0.0014101840931234296,0.0014101840931234296,,0.005076662735244346,0.0011281472744987437,0.003948515460745603,0.028767755499717964,0.0016922209117481155,0.0008461104558740578,,0.027075534587969848,0.00761499410286652,0.003384441823496231,0.00028203681862468594,,0.0019742577303728014,0.00028203681862468594,0.0011281472744987437,,,,0.03187016050458951,0.003102405004871545,,,,,0.00028203681862468594,0.01099943592636275,0.0008461104558740578,0.00028203681862468594,0.004794625916619661,0.002538331367622173,0.0008461104558740578,0.0008461104558740578,0.002538331367622173,0.0016922209117481155,0.0008461104558740578,0.0016922209117481155,0.0042305522793702885,,0.009871288651864006,0.0005640736372493719,0.006768883646992462,0.021716835034100816,0.004512589097994975,0.026793497769345163,0.0022562945489974875,,,0.0019742577303728014,0.07530383057279114,0.003102405004871545,0.0008461104558740578,0.00028203681862468594,0.00028203681862468594,,0.008743141377365263,0.6144556689400544,0.026793497769345163,0.0036664786421209167,0.0005640736372493719,0.0008461104558740578,0.022562945489974874,,0.0016922209117481155,,,0.0042305522793702885,0.0016922209117481155,0.0014101840931234296,,,0.00028203681862468594
,,0.0028460078970309216,,,0.00028203681862468594,0.008255986872468079,0.0014101840931234296,0.004256191990154351,0.024511563509563614,0.0014101840931234296,0.0008461104558740578,,0.032485513563407,0.007102199887185272,0.0016922209117481155,0.00028203681862468594,0.00028203681862468594,0.0022562945489974875,,0.0005640736372493719,,,,0.03220347674478232,0.0022562945489974875,,,,,0.0011281472744987437,0.01394800266652992,0.00028203681862468594,0.00028203681862468594,0.0062560894313112144,0.0016922209117481155,0.0008461104558740578,0.0005640736372493719,0.0005640736372493719,0.0028460078970309216,0.0025639710784062355,0.00028203681862468594,0.0028460078970309216,,0.005692015794061843,,0.010537921132249628,0.0202297318086252,0.0025639710784062355,0.02535767396543767,0.0031280447156556072,0.00028203681862468594,,0.0028460078970309216,0.058714937695502796,0.004538228808779037,0.0005640736372493719,0.00028203681862468594,,0.0016922209117481155,0.007409876416594021,0.6393518281113789,0.016229936926311472,0.0019742577303728014,,0.0005640736372493719,0.029357468847751398,0.0005640736372493719,0.0019742577303728014,,,0.007409876416594021,0.0005640736372493719,0.0008461104558740578,,0.00028203681862468594,
,,0.0034100815342802933,,0.0016922209117481155,0.0005640736372493719,0.004256191990154351,0.0016922209117481155,0.0048202656274037225,0.020768165735090507,0.00028203681862468594,0.0016922209117481155,,0.023896210450746115,0.012230142043997744,0.0011281472744987437,0.00028203681862468594,0.00028203681862468594,0.0031280447156556072,0.0005640736372493719,0.00028203681862468594,0.00028203681862468594,,,0.031306086867340134,0.0034100815342802933,,,,,0.00028203681862468594,0.011384031588123686,,0.0005640736372493719,0.007948310343059331,0.0028460078970309216,0.0014101840931234296,0.0008461104558740578,0.0008461104558740578,0.0005640736372493719,0.0011281472744987437,0.0005640736372493719,0.0016922209117481155,,0.007384236705809959,,0.008255986872468079,0.01935798164196708,0.0019742577303728014,0.025614071073278292,0.0014101840931234296,0.00028203681862468594,,0.0016922209117481155,0.03443413158299574,0.004256191990154351,0.0011281472744987437,,,0.0019742577303728014,0.005974052612686529,0.6802471668119583,0.018486231475308958,0.0019742577303728014,,0.0008461104558740578,0.0287421157889339,,0.0022562945489974875,,,0.005692015794061843,0.0005640736372493719,0.0008461104558740578,,0.0005640736372493719,
0.0005640736372493719,,0.004281831700938413,,,0.0011281472744987437,0.005717655504845905,0.0011281472744987437,0.004281831700938413,0.026383262396800163,0.0008461104558740578,0.0011281472744987437,,0.024665401774267987,0.010896877083226501,0.00228193425978155,0.00028203681862468594,0.0005640736372493719,0.0019998974411568637,0.00028203681862468594,0.00028203681862468594,,,0.00028203681862468594,0.029254910004615147,0.00228193425978155,,,,,0.0008461104558740578,0.01633249576944772,0.00028203681862468594,0.00028203681862468594,0.007435516127378083,0.0011281472744987437,,0.0008461104558740578,0.0005640736372493719,0.0008461104558740578,0.0011281472744987437,0.00028203681862468594,0.003999794882313727,0.00028203681862468594,0.005717655504845905,,0.011178913901851188,0.017486282754730527,0.0028460078970309216,0.027255012563458286,0.0019998974411568637,,,0.0019998974411568637,0.02981898364186452,0.00228193425978155,0.00028203681862468594,,,0.0019998974411568637,0.003999794882313727,0.6802215271011742,0.018358032921388646,0.0025639710784062355,,0.0008461104558740578,0.028383159837957028,,0.00315368442643967,0.0005640736372493719,,0.003999794882313727,0.0008461104558740578,0.00028203681862468594,,0.0008461104558740578,0.00028203681862468594
0.0005384339264653095,,0.004486949387210912,,0.0005384339264653095,0.0005384339264653095,0.005307420132300907,0.0008204707450899954,0.00392287574996154,0.02384493102917799,0.0008204707450899954,0.0011025075637146812,0.00025639710784062353,0.020742526024306446,0.011768627249884622,0.0008204707450899954,0.0005384339264653095,0.00025639710784062353,0.002512691656838111,0.0005384339264653095,,,,0.00025639710784062353,0.028049843597764218,0.0022306548382134248,,,,,0.00025639710784062353,0.01512742936259679,0.00025639710784062353,0.00025639710784062353,0.006435567406799651,0.0013845443823393671,,0.0011025075637146812,,0.0011025075637146812,0.0008204707450899954,0.0005384339264653095,0.002794728475462797,0.0008204707450899954,0.012050664068509307,,0.007563714681298395,0.017383723911594276,0.0016665812009640532,0.02522947541151736,0.001948618019588739,0.0008204707450899954,,0.0008204707450899954,0.02328085739192862,0.002512691656838111,0.0011025075637146812,,,0.0013845443823393671,0.005025383313676222,0.7081431721450182,0.012050664068509307,0.0013845443823393671,0.00025639710784062353,0.0008204707450899954,0.02328085739192862,0.0005384339264653095,0.0036408389313368544,0.00025639710784062353,,0.005589456950925594,0.0008204707450899954,,,0.0008204707450899954,0.0008204707450899954
0.0008461104558740578,,0.002307573970565612,,0.0005640736372493719,0.00028203681862468594,0.004615147941131224,,0.0063586482744474645,0.02515255627916517,0.001153786985282806,0.00028203681862468594,,0.01502487051946054,0.007230398441105584,0.0005640736372493719,0.00028203681862468594,,0.002307573970565612,,0.00028203681862468594,,,0.00028203681862468594,0.028331880416388903,0.00489718475975591,,0.00028203681862468594,,,0.0005640736372493719,0.010973796215578688,,0.00028203681862468594,0.007794472078354956,0.001153786985282806,0.00028203681862468594,0.00028203681862468594,0.0005640736372493719,0.0019998974411568637,0.001153786985282806,0.00028203681862468594,0.001153786985282806,,0.010973796215578688,0.001153786985282806,0.006922721911696836,0.011845546382236808,0.0025896107891902977,0.02920363058304702,0.0019998974411568637,0.00028203681862468594,,0.0008461104558740578,0.019947694990000514,0.002307573970565612,0.00028203681862468594,,0.001153786985282806,0.001153786985282806,0.004615147941131224,0.7347571919388749,0.012717296548894929,0.001153786985282806,0.00028203681862468594,0.001153786985282806,0.019947694990000514,0.00028203681862468594,0.001153786985282806,,,0.003743397774473104,0.001435823803907492,0.0005640736372493719,,,
,,0.001794779754884365,,,,0.004204912568586227,0.0005897133480334342,0.004204912568586227,0.016845289985128967,,0.00028203681862468594,,0.01261473770575868,0.011717347828316496,0.0011794266960668683,0.00028203681862468594,,0.0014871032254756167,,0.00028203681862468594,,,,0.019229783088046768,0.001794779754884365,,0.00028203681862468594,,,0.0005897133480334342,0.009614891544023384,0.00028203681862468594,,0.0059996923234705915,0.0014871032254756167,0.00028203681862468594,0.0008973898774421825,0.0014871032254756167,0.0021024562842931133,0.0021024562842931133,0.00028203681862468594,0.0008973898774421825,,0.007204758730321522,0.0005897133480334342,0.0054099789754371574,0.01261473770575868,0.0021024562842931133,0.016845289985128967,0.0005897133480334342,0.00028203681862468594,,0.0014871032254756167,0.015922260396902723,0.00358955950976873,0.00028203681862468594,0.00028203681862468594,0.0005897133480334342,0.0029998461617352958,0.0029998461617352958,0.7832162453207528,0.011717347828316496,0.0021024562842931133,0.0005897133480334342,0.0011794266960668683,0.019537459617455514,,0.0005897133480334342,,,0.0029998461617352958,0.0005897133480334342,0.0005897133480334342,,,0.00028203681862468594
,,0.003615199220552792,,0.00028203681862468594,,0.003615199220552792,,0.0024101328137018613,0.017178606225321778,0.0008973898774421825,,,0.01294805394595149,0.00902517819598995,0.001794779754884365,0.00028203681862468594,,0.0008973898774421825,0.00028203681862468594,,,,,0.01989641556843239,0.0024101328137018613,,,,,0.0012050664068509306,0.00902517819598995,,,0.0033075226911440437,0.001794779754884365,,,0.0021024562842931133,0.0012050664068509306,0.0005897133480334342,0.00028203681862468594,0.0014871032254756167,,0.005717655504845905,0.00028203681862468594,0.005717655504845905,0.010537921132249628,0.0021024562842931133,0.01807599610276396,0.001794779754884365,,,0.001794779754884365,0.021101481975283318,0.0048202656274037225,0.0005897133480334342,0.00028203681862468594,0.00028203681862468594,0.0026921696323265474,0.0054099789754371574,0.7838315983795703,0.00782011178913902,0.003615199220552792,0.00028203681862468594,0.0012050664068509306,0.018691349161581456,0.00028203681862468594,0.0014871032254756167,0.00028203681862468594,,0.003897236039177478,0.0005897133480334342,,,,0.00028203681862468594
,,0.0014871032254756167,,,,0.008025229475411517,0.00028203681862468594,0.003871596328393416,0.02233218809291831,0.00087175016665812,,,0.016076098661607096,0.008640582534229014,0.00087175016665812,0.00028203681862468594,,0.0011794266960668683,,0.00087175016665812,,,,0.023537254499769244,0.002384493102917799,,,,,0.0005897133480334342,0.013999282088098046,,,0.008640582534229014,0.003256243269575919,,0.00087175016665812,0.0011794266960668683,0.00028203681862468594,0.002076816573509051,0.0011794266960668683,0.0044613096764268495,,0.008640582534229014,,0.0050510230244602845,0.0014871032254756167,0.002384493102917799,0.023229577970360495,0.0017691400441003026,0.0005897133480334342,,0.002666529921542485,0.02592174760268704,0.0044613096764268495,0.00028203681862468594,0.00028203681862468594,0.00028203681862468594,0.002666529921542485,0.005358699553869032,0.7457566278652377,0.013691605558689299,0.0005897133480334342,,0.00087175016665812,0.020845084867442694,,0.0005897133480334342,0.00028203681862468594,,0.002666529921542485,0.002384493102917799,,,,
,,0.002076816573509051,,0.00028203681862468594,,0.005358699553869032,,0.0017691400441003026,0.024409004666427363,0.00028203681862468594,0.00028203681862468594,,0.019332341931183016,0.009820009230295882,0.0011794266960668683,0.00028203681862468594,0.0005897133480334342,0.0014871032254756167,,0.0014871032254756167,,,,0.03363930054868981,0.002076816573509051,,,,,0.00028203681862468594,0.01338392902928055,0.00028203681862468594,,0.009512332700887133,0.002076816573509051,,0.0011794266960668683,0.0011794266960668683,0.00028203681862468594,0.0005897133480334342,0.00028203681862468594,0.002666529921542485,,0.009820009230295882,0.0005897133480334342,0.004743346495051536,0.0023588533921337367,0.0017691400441003026,0.023203938259576434,0.0011794266960668683,0.00028203681862468594,,0.002666529921542485,0.02917799087226296,0.005358699553869032,,0.0005897133480334342,0.00028203681862468594,0.0017691400441003026,0.007127839597969335,0.7272703963899285,0.015178708784164914,0.00087175016665812,,0.0005897133480334342,0.020845084867442694,,0.00028203681862468594,0.002076816573509051,,0.0029742064509512335,0.0023588533921337367,,,0.00028203681862468594,0.00028203681862468594
,,0.0032049638480077945,,,,0.006435567406799651,,0.004974103892108097,0.020793805445874572,0.00028203681862468594,,,0.016691451720424594,0.013178811343008051,0.00087175016665812,0.00028203681862468594,0.0005640736372493719,0.002025537151940926,,0.00174350033331624,,,,0.024306445823291112,0.0026152504999743605,,,,,0.00174350033331624,0.013178811343008051,,0.00028203681862468594,0.014050561509666172,0.0023332136813496744,0.0005640736372493719,0.001153786985282806,0.0014614635146915542,0.00028203681862468594,0.001153786985282806,0.0005640736372493719,0.004076714014665915,,0.007025280754833086,0.0005640736372493719,0.0067176042254243375,0.0029229270293831084,0.00174350033331624,0.02197323214194144,0.0026152504999743605,0.0005640736372493719,,0.0026152504999743605,0.029870263063432646,0.004974103892108097,0.00028203681862468594,0.00028203681862468594,0.00028203681862468594,0.001153786985282806,0.005845854058766217,0.7246807856007383,0.014332598328290857,0.00087175016665812,,0.00087175016665812,0.026639659504640787,,0.00087175016665812,,,0.0029229270293831084,0.00028203681862468594,,,0.00028203681862468594,
,,0.0018204194656684272,,,,0.005204861289164658,,0.005512537818573407,0.019665658171375826,0.00028203681862468594,0.0008973898774421825,,0.017511922465514588,0.008896979642069638,0.0005897133480334342,0.00028203681862468594,0.0005897133480334342,0.002743449053894672,0.0012050664068509306,0.00028203681862468594,,,,0.030101020460489205,0.0018204194656684272,,,,,0.0018204194656684272,0.014742833700835855,,0.00028203681862468594,0.013512127583200861,0.0008973898774421825,,0.0012050664068509306,0.00028203681862468594,0.001512742936259679,0.0008973898774421825,0.0012050664068509306,0.0036664786421209167,,0.012281421465565868,0.0012050664068509306,0.007973950053843392,0.002435772524485924,0.002435772524485924,0.020281011230193324,0.002435772524485924,,0.00028203681862468594,0.0033588021127121687,0.019973334700784575,0.005512537818573407,0.00028203681862468594,,0.00028203681862468594,0.0018204194656684272,0.006435567406799651,0.7232449617968308,0.016281216347879594,0.0005897133480334342,,0.0012050664068509306,0.028562637813445466,0.00028203681862468594,0.0012050664068509306,,,0.0033588021127121687,0.00028203681862468594,0.00028203681862468594,,0.00028203681862468594,
,,0.003461360955848418,,,,0.00566637608327778,0.0009230295882262449,0.004076714014665915,0.019204143377262704,0.0006153530588174966,0.0015640223578278036,,0.014486436592995231,0.009768729808727757,0.001871698887236552,0.0003076765294087483,,0.0003076765294087483,0.0028203681862468593,0.0003076765294087483,,,0.0012563458284190554,0.029947182195784832,0.002512691656838111,,,,,0.0006153530588174966,0.016691451720424594,0.0003076765294087483,0.0003076765294087483,0.009768729808727757,0.0028203681862468593,,0.0006153530588174966,0.0022050151274293625,0.0022050151274293625,0.0009230295882262449,0.0009230295882262449,0.004076714014665915,,0.014178760063586482,0.0009230295882262449,0.009435413568534947,0.00566637608327778,0.004076714014665915,0.021434798215476128,0.002512691656838111,,0.0003076765294087483,0.002512691656838111,0.019845136146864263,0.005974052612686529,0.0003076765294087483,0.0006153530588174966,,0.0012563458284190554,0.004076714014665915,0.70973283421363,0.01794779754884365,0.0022050151274293625,0.0003076765294087483,0.0009230295882262449,0.02646018152915235,,0.001871698887236552,0.0022050151274293625,,0.0031280447156556072,0.0009230295882262449,0.0003076765294087483,,,0.0003076765294087483
,,0.004948464181324034,,,,0.007102199887185272,,0.0036921183529049794,0.01794779754884365,0.0015383826470437413,0.0012307061176349931,,0.018870827137069893,0.015153069073380852,0.0009230295882262449,0.0003076765294087483,,0.0009230295882262449,0.0015383826470437413,0.0003076765294087483,,,0.0003076765294087483,0.024742320906620173,0.0024614122352699863,,,,,0.0006153530588174966,0.016383775191015845,0.0009230295882262449,0.0009230295882262449,0.007102199887185272,0.002153735705861238,,0.0012307061176349931,0.002153735705861238,0.0012307061176349931,0.0006153530588174966,0.0003076765294087483,0.007717552946002769,,0.015460745602789601,0.0006153530588174966,0.00587149376955028,0.007102199887185272,0.005256140710732783,0.024126967847802678,0.0015383826470437413,0.0003076765294087483,0.0006153530588174966,0.002153735705861238,0.019178503666478643,0.0024614122352699863,,0.0003076765294087483,,0.0015383826470437413,0.005256140710732783,0.7033485462283986,0.01576842213219835,0.0009230295882262449,0.0003076765294087483,0.0009230295882262449,0.0358955950976873,0.0003076765294087483,0.0006153530588174966,0.0024614122352699863,,0.0036921183529049794,0.0006153530588174966,,,,
,,,,,,0.008076508896979641,0.0003076765294087483,0.0024870519460540486,0.01522998820573304,0.0012307061176349931,0.0003076765294087483,,0.014614635146915543,0.010871237372442439,0.0009230295882262449,0.0006153530588174966,,0.0006153530588174966,0.0009230295882262449,0.0015383826470437413,,,0.0003076765294087483,0.02394748987231424,0.002794728475462797,,,,,0.0012307061176349931,0.011819906671452746,0.0003076765294087483,0.0006153530588174966,0.009332854725398698,0.0015383826470437413,,0.0006153530588174966,0.0012307061176349931,0.0009230295882262449,0.0009230295882262449,0.0003076765294087483,0.00402543459309779,,0.01522998820573304,0.0006153530588174966,0.0052817804215168455,0.008999538485205887,0.005589456950925594,0.01958873903902364,0.002153735705861238,,0.0003076765294087483,0.0034100815342802933,0.018024716681195836,0.002794728475462797,0.0003076765294087483,0.0003076765294087483,,0.0018460591764524897,0.004666427362699349,0.7497564227475515,0.010563560843033691,0.0018460591764524897,0.0003076765294087483,0.0003076765294087483,0.02176811445566894,,0.002794728475462797,0.002153735705861238,,0.003102405004871545,0.0006153530588174966,,,,
,,0.001153786985282806,0.00028203681862468594,,,0.005820214347982155,,0.00348700066663248,0.015460745602789601,0.00028203681862468594,0.00174350033331624,,0.013999282088098046,0.009614891544023384,0.0005640736372493719,0.0005640736372493719,0.00028203681862468594,0.00087175016665812,0.00028203681862468594,0.00174350033331624,,,,0.025383313676221732,0.0023332136813496744,,,,,0.00174350033331624,0.013409568740064612,0.00028203681862468594,0.00028203681862468594,0.006999641044049023,0.0023332136813496744,,0.0005640736372493719,0.0005640736372493719,0.00028203681862468594,0.001153786985282806,0.001435823803907492,0.004076714014665915,,0.006691964514640275,0.00087175016665812,0.004076714014665915,0.00348700066663248,0.00174350033331624,0.016050458950823035,0.002897287318599046,0.00028203681862468594,0.00087175016665812,0.0032049638480077945,0.020716886313522382,0.002897287318599046,0.0005640736372493719,0.00028203681862468594,,0.0005640736372493719,0.004076714014665915,0.7747295010512282,0.013409568740064612,0.001435823803907492,,0.00028203681862468594,0.01925542279883083,,0.00087175016665812,0.00028203681862468594,,0.0026152504999743605,0.00028203681862468594,0.00028203681862468594,,,0.00028203681862468594
,,0.0020511768627249883,,,,0.005615096661709656,,0.003256243269575919,0.02133223937233988,0.00028203681862468594,0.0017691400441003026,,0.014512076303779294,0.009768729808727757,0.0005897133480334342,0.00028203681862468594,0.0005897133480334342,0.00087175016665812,0.00028203681862468594,0.0014614635146915542,,,0.00028203681862468594,0.03258807240654325,0.0017691400441003026,,,,,0.0020511768627249883,0.012153222911645556,0.00028203681862468594,0.00028203681862468594,0.007409876416594021,0.002666529921542485,,0.0005897133480334342,,0.0005897133480334342,0.0005897133480334342,0.00087175016665812,0.003256243269575919,0.00028203681862468594,0.008871339931285575,0.00087175016665812,0.008281626583252141,0.0029485667401671707,0.0011794266960668683,0.023101379416440183,0.0020511768627249883,,0.00087175016665812,0.003845956617609353,0.02133223937233988,0.002666529921542485,,0.0005897133480334342,,0.0005897133480334342,0.004435669965642788,0.7540126147377058,0.007691913235218706,0.0011794266960668683,,0.00028203681862468594,0.02251166606840675,,0.00087175016665812,,,0.0020511768627249883,0.00087175016665812,0.00028203681862468594,0.00028203681862468594,,
,,0.002666529921542485,,,0.00025639710784062353,0.0032049638480077945,0.00025639710784062353,0.0029485667401671707,0.01774267986257115,0.0007948310343059331,0.0007948310343059331,,0.014768473411619918,0.010461001999897442,0.00025639710784062353,,0.00025639710784062353,0.0015896620686118661,0.00025639710784062353,0.00025639710784062353,,,0.0005127942156812471,0.027947284754627967,0.001871698887236552,,,,,,0.015845341264550537,,,0.01153786985282806,0.00025639710784062353,0.0005127942156812471,,0.00025639710784062353,0.0007948310343059331,0.0010512281421465566,0.0005127942156812471,0.0015896620686118661,,0.00805086918619558,,0.0067176042254243375,0.0013332649607712425,0.0007948310343059331,0.02740885082816266,0.0013332649607712425,,,0.0015896620686118661,0.017204245936105842,0.0013332649607712425,0.00025639710784062353,,,,0.0029485667401671707,0.7646274550023076,0.013973642377313984,0.0010512281421465566,,0.0007948310343059331,0.026075585867391417,,0.0010512281421465566,,,0.002666529921542485,0.0015896620686118661,,,,
,,0.0037177580636890417,,,,0.005820214347982155,,0.002384493102917799,0.01992205527921645,0.0007948310343059331,0.00025639710784062353,,0.0132813701861443,0.008743141377365263,0.0005127942156812471,,0.00025639710784062353,0.0013076252499871802,0.0007948310343059331,0.0013076252499871802,,,0.00025639710784062353,0.029742064509512334,0.0013076252499871802,,,,,,0.012204502333213681,,0.0007948310343059331,0.009563612122455259,0.0007948310343059331,0.0013076252499871802,,0.0010512281421465566,0.00025639710784062353,,0.00025639710784062353,0.0010512281421465566,,0.007153479308753397,0.0013076252499871802,0.005563817240141531,0.0007948310343059331,0.002384493102917799,0.025767909337982668,0.0013076252499871802,,,0.0026408902107584228,0.014871032254756167,0.0015896620686118661,0.00025639710784062353,0.00025639710784062353,,0.00025639710784062353,0.0034357212450643556,0.7661914773601354,0.012999333367519614,0.0007948310343059331,,0.00025639710784062353,0.023896210450746115,,0.0031793241372237322,,,0.005307420132300907,0.0021024562842931133,,,,
,,0.00348700066663248,,0.00025639710784062353,,0.0024101328137018613,,0.0032049638480077945,0.019870775857648324,0.0007948310343059331,0.00025639710784062353,,0.012871134813599302,0.006153530588174965,0.0007948310343059331,,0.00025639710784062353,0.001871698887236552,0.0005127942156812471,0.0010512281421465566,0.0005127942156812471,0.0005127942156812471,0.00025639710784062353,0.0241782472693708,0.0015896620686118661,0.00025639710784062353,,,,0.00025639710784062353,0.01099943592636275,,0.0007948310343059331,0.010204604892056818,0.00025639710784062353,0.0013332649607712425,,0.0007948310343059331,0.0007948310343059331,0.00025639710784062353,0.0007948310343059331,0.002666529921542485,,0.00805086918619558,,0.007230398441105584,0.0021280959950771756,0.0045638685195631,0.02658838008307266,0.0007948310343059331,,,0.0013332649607712425,0.019332341931183016,0.0024101328137018613,0.00025639710784062353,,,0.0013332649607712425,0.0045638685195631,0.7696784780267678,0.01099943592636275,0.0005127942156812471,0.00025639710784062353,0.0007948310343059331,0.020127172965488948,0.0005127942156812471,0.0013332649607712425,,,0.005102302446028409,0.0015896620686118661,,,,0.00025639710784062353
,,0.0024870519460540486,,,,0.0019229783088046766,0.00025639710784062353,0.0024870519460540486,0.013307009896928363,,0.0011025075637146812,,0.013024973078303676,0.008589303112660889,0.00025639710784062353,,0.00025639710784062353,0.0005384339264653095,0.0005384339264653095,0.00025639710784062353,,0.0005384339264653095,0.00025639710784062353,0.022486026357622688,0.0027690887646787342,,,,,0.0011025075637146812,0.011358391877339623,,0.00025639710784062353,0.007768832367570894,0.0011025075637146812,0.00025639710784062353,,0.0005384339264653095,0.00025639710784062353,0.0005384339264653095,0.00025639710784062353,0.0008204707450899954,,0.00664068509307215,,0.004717706784267473,0.0013845443823393671,0.004717706784267473,0.018024716681195836,0.0008204707450899954,,,0.0013845443823393671,0.020537408338033948,0.0011025075637146812,,0.00025639710784062353,,0.0019229783088046766,0.0019229783088046766,0.8027793446489924,0.014435157171427106,,0.0005384339264653095,0.00025639710784062353,0.01830675349982052,0.00025639710784062353,0.0008204707450899954,,,0.0024870519460540486,0.0011025075637146812,,,,0.00025639710784062353
,,0.004179272857802164,,,0.00025639710784062353,0.005025383313676222,,0.0036408389313368544,0.014563355725347418,0.00025639710784062353,0.0008204707450899954,,0.010922516794010564,0.011768627249884622,,,,0.002512691656838111,0.00025639710784062353,,,0.0008204707450899954,0.00025639710784062353,0.02099892313214707,0.0016665812009640532,,,,,,0.012589097994974617,,0.00025639710784062353,0.00838418542638839,0.0008204707450899954,0.0008204707450899954,,0.0008204707450899954,,0.00025639710784062353,0.0005384339264653095,0.0011025075637146812,0.00025639710784062353,0.0044613096764268495,0.0005384339264653095,0.006435567406799651,0.0008204707450899954,0.006435567406799651,0.022127070406645813,0.0016665812009640532,,,0.001948618019588739,0.013435208450848675,0.0008204707450899954,,,,0.0008204707450899954,0.005025383313676222,0.7928311368647761,0.013999282088098046,,0.00025639710784062353,0.0005384339264653095,0.0176401210194349,0.00025639710784062353,,,,0.00392287574996154,0.0022306548382134248,,,,
,,0.002871647607814984,,,,0.0034357212450643556,0.00028203681862468594,0.00228193425978155,0.016717091431208655,0.0008461104558740578,0.0005640736372493719,,0.015281267627301164,0.011512230142043998,0.00028203681862468594,,,0.0005640736372493719,0.0005640736372493719,0.0008461104558740578,0.00028203681862468594,,,0.027383211117378597,0.0011281472744987437,,,,0.00028203681862468594,0.0005640736372493719,0.011230193323419312,,0.0005640736372493719,0.008922619352853699,0.0011281472744987437,0.0005640736372493719,,,0.00028203681862468594,0.0005640736372493719,,0.0034357212450643556,,0.007768832367570894,,0.006615045382288087,0.0017178606225321778,0.0011281472744987437,0.023050099994872057,0.00028203681862468594,,0.00028203681862468594,0.001435823803907492,0.017588841597866774,0.0008461104558740578,,,,0.0008461104558740578,0.00489718475975591,0.7768832367570894,0.013819804112609609,,,0.0011281472744987437,0.023050099994872057,,0.0008461104558740578,,,0.00228193425978155,0.002871647607814984,,,0.00028203681862468594,
,,0.005127942156812471,,,0.00028203681862468594,0.0025639710784062355,0.0008461104558740578,0.004281831700938413,0.020281011230193324,,0.0011281472744987437,,0.015717142710630225,0.012563458284190554,0.0005640736372493719,,,0.0008461104558740578,0.0008461104558740578,0.0008461104558740578,,,,0.02687041690169735,0.0028460078970309216,,,,,0.00028203681862468594,0.008845700220501513,0.00028203681862468594,0.00028203681862468594,0.011717347828316496,0.0008461104558740578,0.0011281472744987437,,0.0014101840931234296,0.0005640736372493719,0.0008461104558740578,0.00028203681862468594,0.0008461104558740578,,0.005717655504845905,,0.006281729142095277,0.0016922209117481155,0.0011281472744987437,0.02743449053894672,0.00028203681862468594,0.00028203681862468594,0.00028203681862468594,0.004281831700938413,0.010845597661658376,0.0011281472744987437,,0.00028203681862468594,,0.00028203681862468594,0.0034100815342802933,0.7666273524434644,0.013435208450848675,0.0005640736372493719,,0.0011281472744987437,0.02687041690169735,,0.0014101840931234296,,,0.0016922209117481155,0.0019998974411568637,,,,
,,0.0034357212450643556,,,0.00028203681862468594,0.0065894056715040256,0.0005640736372493719,0.00315368442643967,0.019537459617455514,,0.0011281472744987437,0.00028203681862468594,0.01579406184298241,0.009486692990103072,,,,0.0005640736372493719,0.00028203681862468594,0.0011281472744987437,,,0.00028203681862468594,0.025870468181118916,0.0045895082303471614,,,,,0.00028203681862468594,0.01579406184298241,,0.0005640736372493719,0.009486692990103072,0.00028203681862468594,0.0008461104558740578,,0.00028203681862468594,0.00028203681862468594,0.0017178606225321778,0.0005640736372493719,0.002871647607814984,,0.0045895082303471614,0.00028203681862468594,0.010050766627352443,0.0019998974411568637,0.0011281472744987437,0.042254243372134764,0.001435823803907492,,,0.0017178606225321778,0.018691349161581456,0.0011281472744987437,,,,0.0005640736372493719,0.0065894056715040256,0.7253730577919082,0.021845033588021128,0.00228193425978155,,0.0008461104558740578,0.026152504999743604,0.0011281472744987437,0.0019998974411568637,,,0.0019998974411568637,0.0019998974411568637,,,,
,,0.003102405004871545,,,,0.005358699553869032,0.0008461104558740578,0.003102405004871545,0.014973591097892416,,0.0008461104558740578,0.00028203681862468594,0.011871186093020871,0.00902517819598995,,,,0.00028203681862468594,0.0005640736372493719,0.0005640736372493719,,,0.0005640736372493719,0.030536895543818266,0.0019742577303728014,,,,,0.0005640736372493719,0.011871186093020871,,0.00028203681862468594,0.009871288651864006,0.00028203681862468594,0.0011281472744987437,,0.0022562945489974875,0.0008461104558740578,0.0014101840931234296,0.0005640736372493719,0.0014101840931234296,,0.006486846828367776,0.00028203681862468594,0.008743141377365263,0.003948515460745603,0.003384441823496231,0.03081893236244295,0.0008461104558740578,0.0011281472744987437,,0.0019742577303728014,0.017793959284139276,0.0014101840931234296,,0.00028203681862468594,,0.0016922209117481155,0.008743141377365263,0.7472437310907133,0.015819701553766472,0.0014101840931234296,,0.0008461104558740578,0.024306445823291112,0.00028203681862468594,0.0028203681862468593,,,0.002538331367622173,0.002538331367622173,,,,0.00028203681862468594
,,0.0011281472744987437,,0.00028203681862468594,0.00028203681862468594,0.005076662735244346,0.0014101840931234296,0.0028203681862468593,0.017819598994923337,0.00028203681862468594,0.0011281472744987437,,0.02176811445566894,0.008768781088149326,0.0022562945489974875,,,0.0005640736372493719,0.0008461104558740578,0.0005640736372493719,,,0.0005640736372493719,0.03820316906825291,0.0014101840931234296,,0.00028203681862468594,,,0.0008461104558740578,0.017537562176298652,,0.00028203681862468594,0.010461001999897442,0.0005640736372493719,0.0014101840931234296,,0.0019742577303728014,0.00028203681862468594,0.003102405004871545,0.0005640736372493719,0.0019742577303728014,,0.011307112455771498,,0.011589149274396185,0.007050920465617148,0.0042305522793702885,0.035639197989846674,0.0014101840931234296,,,0.0022562945489974875,0.027152453720322035,0.0008461104558740578,,,,0.003102405004871545,0.006486846828367776,0.690759448233424,0.01838367263217271,0.0005640736372493719,0.0005640736372493719,0.0008461104558740578,0.025178195989949234,0.00028203681862468594,0.0016922209117481155,,,0.003948515460745603,0.0016922209117481155,0.0005640736372493719,,,
,,0.0011025075637146812,,,0.0008204707450899954,0.004127993436234039,0.0013589046715553048,0.00358955950976873,0.015204348494948977,0.0005384339264653095,0.0013589046715553048,,0.01133275216655556,0.012717296548894929,0.0005384339264653095,,,0.0019229783088046766,0.0008204707450899954,0.0008204707450899954,,,0.00025639710784062353,0.02625506384287985,0.0019229783088046766,0.00025639710784062353,0.00025639710784062353,,,0.00025639710784062353,0.012717296548894929,,0.00025639710784062353,0.005230500999948721,0.0008204707450899954,0.0005384339264653095,,0.0019229783088046766,0.0008204707450899954,0.0022050151274293625,,0.0016409414901799907,,0.01133275216655556,0.0005384339264653095,0.005230500999948721,0.004974103892108097,0.006076611455822778,0.024332085534075176,0.0005384339264653095,0.0005384339264653095,0.0008204707450899954,0.0016409414901799907,0.021280959950771755,0.0005384339264653095,,,,0.003025485872519358,0.006615045382288087,0.7603712630121533,0.012999333367519614,0.0008204707450899954,0.00025639710784062353,0.00025639710784062353,0.021280959950771755,0.0011025075637146812,0.0005384339264653095,,,0.0019229783088046766,0.0011025075637146812,0.00025639710784062353,,,
,,0.0019742577303728014,,,0.0011281472744987437,0.002538331367622173,0.00028203681862468594,0.004256191990154351,0.008230347161684016,,0.0008461104558740578,,0.009948207784216194,0.01164042869596431,0.0005640736372493719,,0.0005640736372493719,0.0005640736372493719,,0.0008461104558740578,,,0.00028203681862468594,0.019614378749807704,0.0011281472744987437,,,,,0.00028203681862468594,0.009076457617558074,,0.00028203681862468594,0.005948412901902467,0.0005640736372493719,0.0011281472744987437,,0.0005640736372493719,0.00028203681862468594,0.0005640736372493719,0.00028203681862468594,0.0008461104558740578,,0.007948310343059331,0.0005640736372493719,0.006538126249935901,0.0022562945489974875,0.0036921183529049794,0.025024357725244858,0.00028203681862468594,,0.0005640736372493719,0.0019742577303728014,0.018178554945900212,0.0016922209117481155,0.00028203681862468594,,,0.0028203681862468593,0.0028203681862468593,0.7999846161735296,0.013358289318496487,0.0011281472744987437,0.00028203681862468594,0.0008461104558740578,0.01905030511255833,0.0011281472744987437,0.0008461104558740578,,,0.0019742577303728014,0.002538331367622173,,,,
,,0.0023588533921337367,,,0.00028203681862468594,0.006486846828367776,0.0005897133480334342,0.003820316906825291,0.019204143377262704,0.00028203681862468594,0.0005897133480334342,,0.00915337674991026,0.011230193323419312,,,,0.00087175016665812,,0.00087175016665812,,,0.00028203681862468594,0.024537203220347675,0.0020511768627249883,,,,,,0.011230193323419312,,0.00087175016665812,0.007384236705809959,,0.0014614635146915542,,0.0005897133480334342,0.00028203681862468594,0.00087175016665812,,0.0023588533921337367,,0.005025383313676222,0.00028203681862468594,0.007384236705809959,0.0020511768627249883,0.0005897133480334342,0.016563253166504283,0.0014614635146915542,,,0.0020511768627249883,0.013589046715553048,0.0011794266960668683,0.00028203681862468594,,,0.0023588533921337367,0.005307420132300907,0.7929336957079125,0.01240962001948618,0.00087175016665812,,0.00087175016665812,0.016255576637095533,0.00028203681862468594,0.0020511768627249883,,,0.004717706784267473,0.003230603558791857,,,0.0005897133480334342,
,,0.0018973385980206143,,,,0.00630736885287934,0.0006153530588174966,0.002512691656838111,0.01674273114199272,0.0022050151274293625,0.0018973385980206143,,0.014230039485154607,0.011384031588123686,,0.0003076765294087483,,0.0012563458284190554,,0.0009486692990103071,,,0.0003076765294087483,0.02622942413209579,0.0022050151274293625,,,,,,0.010743038818522127,,0.0006153530588174966,0.0132813701861443,0.0003076765294087483,0.0015640223578278036,,0.0003076765294087483,0.0003076765294087483,0.0012563458284190554,,0.0012563458284190554,,0.0069483616224808985,,0.0069483616224808985,0.0009486692990103071,0.0009486692990103071,0.02528075483308548,0.0012563458284190554,,,0.0018973385980206143,0.01579406184298241,0.0009486692990103071,,0.0003076765294087483,0.0003076765294087483,0.0012563458284190554,0.0037946771960412286,0.7670119481052253,0.01612737808317522,0.0015640223578278036,,0.0015640223578278036,0.01992205527921645,0.0009486692990103071,0.0015640223578278036,0.0003076765294087483,,0.0018973385980206143,0.00315368442643967,,,0.0006153530588174966,
,,0.0028460078970309216,,,,0.008255986872468079,0.0003076765294087483,0.002538331367622173,0.017819598994923337,0.0012563458284190554,0.0028460078970309216,,0.015588944156709913,0.011460950720475873,,,,0.0003076765294087483,0.0003076765294087483,0.0006153530588174966,,,,0.028972873185990462,0.0022050151274293625,,,,,,0.011768627249884622,,0.0003076765294087483,0.008255986872468079,,0.0006153530588174966,,0.0003076765294087483,0.0003076765294087483,0.0006153530588174966,,0.0022050151274293625,,0.004127993436234039,0.0003076765294087483,0.007640633813650582,0.0015896620686118661,0.0012563458284190554,0.028024203886980154,0.0015896620686118661,,0.0003076765294087483,0.0028460078970309216,0.02197323214194144,0.0018973385980206143,,,0.0006153530588174966,0.0028460078970309216,0.009230295882262448,0.7445515614583867,0.014640274857699606,0.0003076765294087483,0.0003076765294087483,0.0009486692990103071,0.023562894210553305,0.0006153530588174966,0.004127993436234039,,,0.003820316906825291,0.0028460078970309216,,,0.0003076765294087483,
,,0.004512589097994975,,0.0003076765294087483,0.0003076765294087483,0.005486898107789344,0.0003076765294087483,0.0035382800882006052,0.02135787908312394,0.0012819855392031177,0.0009486692990103071,,0.016178657504743347,0.01294805394595149,0.0003076765294087483,,0.0003076765294087483,0.0003076765294087483,0.0006409927696015589,0.0003076765294087483,,0.0009486692990103071,,0.026203784421311726,0.0012819855392031177,,,,,,0.017460643043946466,,0.0006409927696015589,0.01002512691656838,0.0003076765294087483,0.0003076765294087483,,0.0003076765294087483,0.0003076765294087483,0.0012819855392031177,,0.0009486692990103071,,0.010358443156761191,0.0003076765294087483,0.009050817906774011,0.0009486692990103071,0.0019229783088046766,0.03722886005845854,0.0025896107891902977,0.0009486692990103071,,0.0012819855392031177,0.030101020460489205,0.003230603558791857,,0.0003076765294087483,0.0016153017793959284,0.0025896107891902977,0.006461207117583714,0.6963745448951335,0.017460643043946466,0.0012819855392031177,0.0006409927696015589,0.0016153017793959284,0.032357315009486694,0.0006409927696015589,0.002897287318599046,,,0.004204912568586227,0.004204912568586227,,,,0.0003076765294087483
,,0.005076662735244346,,,0.0006153530588174966,0.008255986872468079,0.0003076765294087483,0.005076662735244346,0.02481924003897236,0.0003076765294087483,0.0015896620686118661,,0.023537254499769244,0.007640633813650582,0.0006153530588174966,0.0003076765294087483,,,0.0003076765294087483,0.0003076765294087483,,0.0012563458284190554,0.0003076765294087483,0.028972873185990462,0.0018973385980206143,,,,,,0.014306958617506794,,0.0003076765294087483,0.01240962001948618,0.0015896620686118661,0.0006153530588174966,,0.0003076765294087483,0.0003076765294087483,0.0006153530588174966,0.0003076765294087483,0.004127993436234039,,0.011127634480283062,,0.006666324803856213,0.0009486692990103071,0.0054099789754371574,0.03215219732321419,0.0022050151274293625,,,0.0028460078970309216,0.028972873185990462,0.0018973385980206143,,,0.0003076765294087483,0.0012563458284190554,0.008896979642069638,0.6908620070765601,0.02035793036254551,0.0012563458284190554,0.0006153530588174966,0.0009486692990103071,0.02481924003897236,0.0003076765294087483,0.0031793241372237322,,,0.006999641044049023,0.0012563458284190554,,,,0.0006153530588174966
,,0.0054099789754371574,,,,0.009896928362648069,0.0012563458284190554,0.0076662735244346445,0.018845187426285832,,0.002871647607814984,,0.01435823803907492,0.015947900107686784,0.0012563458284190554,,,0.0003076765294087483,0.0015896620686118661,,0.0003076765294087483,0.0003076765294087483,0.0003076765294087483,0.028101123019332343,0.002538331367622173,,,,,0.0006153530588174966,0.01435823803907492,,0.0003076765294087483,0.007025280754833086,0.0003076765294087483,,0.0003076765294087483,0.0022306548382134248,0.0015896620686118661,0.0006153530588174966,0.0009486692990103071,0.0006153530588174966,,0.016281216347879594,0.0003076765294087483,0.007025280754833086,0.0015896620686118661,0.004768986205835598,0.03512640377416543,0.0015896620686118661,,,0.0015896620686118661,0.030331777857545768,0.0015896620686118661,,,,0.0022306548382134248,0.010204604892056818,0.6789651812727552,0.021716835034100816,0.0012563458284190554,0.0003076765294087483,0.0006153530588174966,0.03002410132813702,0.0006153530588174966,0.0031793241372237322,0.0006153530588174966,,0.007332957284241833,0.002538331367622173,,,,0.0003076765294087483
,,0.0067176042254243375,,,,0.003512640377416543,0.0009486692990103071,0.002538331367622173,0.01728116506845803,,0.0012563458284190554,,0.011178913901851188,0.012153222911645556,,0.0003076765294087483,,0.0003076765294087483,0.0006153530588174966,,,,0.0003076765294087483,0.01694784882826522,0.0022306548382134248,,,,,,0.009589251833239321,,0.0003076765294087483,0.009589251833239321,,,,0.0012563458284190554,0.0009486692990103071,0.0012563458284190554,,0.0015896620686118661,,0.013435208450848675,0.0009486692990103071,0.004794625916619661,0.0015896620686118661,0.003512640377416543,0.023665453053689556,0.0018973385980206143,,,0.0009486692990103071,0.021101481975283318,0.0009486692990103071,,,,0.003820316906825291,0.005743295215629968,0.768909286703246,0.018229834367468334,0.0018973385980206143,0.0003076765294087483,0.0012563458284190554,0.018563150607661144,0.0003076765294087483,0.0018973385980206143,0.0006153530588174966,,0.003512640377416543,0.0009486692990103071,,,,0.0003076765294087483
,,0.005435618686221219,,,,0.00392287574996154,0.0021024562842931133,0.0027178093431106097,0.016358135480231784,0.0008973898774421825,0.0012050664068509306,,0.020922003999794884,0.016050458950823035,0.003025485872519358,,,0.0008973898774421825,0.001512742936259679,0.0005897133480334342,,,0.00028203681862468594,0.031229167734987948,0.003025485872519358,,,,,0.0012050664068509306,0.015153069073380852,,0.00028203681862468594,0.011204553612635249,,0.0005897133480334342,,0.00028203681862468594,0.001512742936259679,0.0008973898774421825,0.0012050664068509306,0.0027178093431106097,,0.0063586482744474645,0.00028203681862468594,0.010307163735193067,0.0008973898774421825,0.004845905338187785,0.030613814676170453,0.0012050664068509306,,,0.0012050664068509306,0.022127070406645813,0.001794779754884365,,,0.0008973898774421825,0.003615199220552792,0.005743295215629968,0.7140659453361365,0.018486231475308958,0.001794779754884365,,0.0021024562842931133,0.019998974411568636,0.0005897133480334342,0.0027178093431106097,,,0.0033331624019281064,0.001512742936259679,,,0.00028203681862468594,
,,0.0036664786421209167,0.00028203681862468594,,0.00028203681862468594,0.007358596995025896,0.0016922209117481155,0.0019742577303728014,0.019537459617455514,0.0005640736372493719,0.0016922209117481155,,0.020101533254704887,0.012460899441054305,0.0011281472744987437,0.00028203681862468594,0.00028203681862468594,0.0005640736372493719,,0.00028203681862468594,,,0.00028203681862468594,0.024357725244859237,0.002538331367622173,,,,,0.00028203681862468594,0.018127275524332086,,0.00028203681862468594,0.010461001999897442,0.0005640736372493719,,,0.0005640736372493719,0.0011281472744987437,0.0019742577303728014,0.0005640736372493719,0.0011281472744987437,,0.007640633813650582,,0.005358699553869032,0.0016922209117481155,0.002538331367622173,0.036536587867288854,0.00028203681862468594,0.0005640736372493719,0.00028203681862468594,0.0019742577303728014,0.02122968052920363,0.0016922209117481155,,,0.0005640736372493719,0.0008461104558740578,0.006230449720527153,0.7306548382134248,0.014435157171427106,0.0008461104558740578,,0.0014101840931234296,0.023768011896825803,0.0005640736372493719,0.0016922209117481155,,,0.0019742577303728014,0.0022562945489974875,0.00028203681862468594,,0.00028203681862468594,
,,0.0035382800882006052,,0.00025639710784062353,0.00025639710784062353,0.007102199887185272,0.0013589046715553048,0.003820316906825291,0.014512076303779294,,0.0016409414901799907,,0.013973642377313984,0.007102199887185272,0.0016409414901799907,,,0.00025639710784062353,0.0005384339264653095,0.0008204707450899954,,,0.0005384339264653095,0.02384493102917799,0.0021793754166453,,,,,0.00025639710784062353,0.01012768575970463,,0.0005384339264653095,0.00848674426952464,0.0005384339264653095,0.0005384339264653095,,0.0005384339264653095,0.0016409414901799907,0.0005384339264653095,0.0008204707450899954,0.0018973385980206143,,0.0076662735244346445,,0.0035382800882006052,0.0035382800882006052,0.0018973385980206143,0.027126814009537974,0.0005384339264653095,0.00025639710784062353,,0.0024614122352699863,0.015332547048869289,0.0027178093431106097,,,0.00025639710784062353,0.003820316906825291,0.0049228244705399726,0.778370339982565,0.011768627249884622,0.0029998461617352958,,0.0005384339264653095,0.017255525357673964,,0.001076867852930619,,,0.0027178093431106097,0.0016409414901799907,,,0.00025639710784062353,
,,0.009076457617558074,,,,0.00761499410286652,0.0020511768627249883,0.0046920670734834115,0.021409158504692067,,0.001153786985282806,,0.019665658171375826,0.009384134146966823,0.00087175016665812,,,0.0014614635146915542,0.0005640736372493719,0.00087175016665812,,,0.00028203681862468594,0.03579303625455105,0.0032049638480077945,,,,,0.00028203681862468594,0.0202297318086252,,0.00028203681862468594,0.010845597661658376,0.00174350033331624,,,0.00087175016665812,0.00028203681862468594,0.0023332136813496744,,0.0014614635146915542,,0.01261473770575868,0.00087175016665812,0.006153530588174965,0.0037946771960412286,0.0026408902107584228,0.041972206553510076,0.00174350033331624,0.00087175016665812,0.0005640736372493719,0.001153786985282806,0.021409158504692067,0.0020511768627249883,,,0.0005640736372493719,0.0014614635146915542,0.00761499410286652,0.683016255576637,0.0152556279165171,0.0005640736372493719,,0.001153786985282806,0.028460078970309215,0.00028203681862468594,0.0020511768627249883,,,0.005563817240141531,0.00174350033331624,,,,
,,0.0056407363724937185,,0.00028203681862468594,,0.006845802779344649,0.0017691400441003026,0.004153633147018102,0.021716835034100816,0.00087175016665812,,,0.024101328137018613,0.011589149274396185,0.0035639197989846675,,,0.0017691400441003026,0.0005897133480334342,0.0005897133480334342,,,0.00028203681862468594,0.03215219732321419,0.0017691400441003026,,,,,0.0005897133480334342,0.015460745602789601,,,0.014871032254756167,0.00028203681862468594,,,0.00028203681862468594,0.0014871032254756167,0.0014871032254756167,,0.003256243269575919,,0.024716681195836112,,0.007717552946002769,0.0029742064509512335,0.0056407363724937185,0.03720322034767448,0.002076816573509051,0.00028203681862468594,0.0005897133480334342,0.00087175016665812,0.027383211117378597,0.00028203681862468594,0.00028203681862468594,,0.00028203681862468594,0.0017691400441003026,0.010717399107738064,0.6596841187631404,0.019947694990000514,0.0017691400441003026,0.00028203681862468594,0.0011794266960668683,0.027383211117378597,0.0005897133480334342,0.002076816573509051,0.00028203681862468594,,0.006845802779344649,0.0017691400441003026,,,,
,,0.008025229475411517,,,,0.006179170298959028,0.0003076765294087483,0.003384441823496231,0.021306599661555816,0.002153735705861238,,,0.018537510896877083,0.012973693656735553,0.0024614122352699863,,0.0006153530588174966,0.0009230295882262449,0.0009230295882262449,0.0012307061176349931,,,0.0009230295882262449,0.029024152607558588,0.0024614122352699863,,,,,0.0018460591764524897,0.020383570073329572,0.0024614122352699863,,0.011101994769499,0.0003076765294087483,,,0.0036921183529049794,0.006794523357776524,0.0018460591764524897,,0.0018460591764524897,,0.027178093431106096,,0.014512076303779294,0.006794523357776524,0.011717347828316496,0.05189477462694221,0.0027690887646787342,0.0003076765294087483,0.0003076765294087483,0.0027690887646787342,0.03489564637710887,0.0009230295882262449,0.0009230295882262449,,,0.0055381775293574685,0.010794318240090252,0.5947387313471104,0.025639710784062356,0.0027690887646787342,0.0003076765294087483,0.0009230295882262449,0.032126557612430134,0.0009230295882262449,0.0036921183529049794,0.0003076765294087483,,0.003384441823496231,0.0018460591764524897,0.0003076765294087483,,,
0.00028203681862468594,,0.007640633813650582,,,,0.005820214347982155,0.00028203681862468594,0.005512537818573407,0.021127121686067382,0.0018204194656684272,,,0.011025075637146813,0.01133275216655556,0.0008973898774421825,,0.0005897133480334342,0.00028203681862468594,0.0005897133480334342,0.0005897133480334342,,,0.0005897133480334342,0.020204092097841138,0.0018204194656684272,,,,,0.00028203681862468594,0.016229936926311472,0.002435772524485924,,0.008871339931285575,0.0039741551715296655,,,0.001512742936259679,0.00489718475975591,0.0008973898774421825,,0.0018204194656684272,,0.023588533921337366,0.0012050664068509306,0.0067176042254243375,0.0036664786421209167,0.008255986872468079,0.04779242090149223,0.00028203681862468594,0.0012050664068509306,,0.002743449053894672,0.013768524691041485,0.002435772524485924,0.0005897133480334342,0.0005897133480334342,,0.0033588021127121687,0.008255986872468079,0.688323675708938,0.023896210450746115,0.001512742936259679,0.00028203681862468594,0.0018204194656684272,0.022357827803702376,0.0008973898774421825,0.0018204194656684272,0.00028203681862468594,,0.0018204194656684272,0.0012050664068509306,,,,
,,0.003025485872519358,,,,0.008179067740115892,0.0012050664068509306,0.0033075226911440437,0.022716783754679247,,,,0.016358135480231784,0.013024973078303676,0.00028203681862468594,,,0.0005897133480334342,0.0008973898774421825,,,,0.0008973898774421825,0.026331982975232038,0.0021024562842931133,,,,,,0.014537716014563355,,0.0005897133480334342,0.011794266960668683,0.0008973898774421825,,0.00028203681862468594,0.001794779754884365,0.0042305522793702885,0.0008973898774421825,,0.003025485872519358,0.00028203681862468594,0.008179067740115892,0.0008973898774421825,0.010589200553817752,0.001794779754884365,0.0021024562842931133,0.03543408030357417,0.001794779754884365,0.0012050664068509306,,0.003025485872519358,0.01694784882826522,0.0008973898774421825,,,0.00028203681862468594,0.001794779754884365,0.008179067740115892,0.7188092918311881,0.01392236295574586,0.0008973898774421825,,0.0008973898774421825,0.02756268909286703,,0.0012050664068509306,,,0.004538228808779037,0.001794779754884365,,,,
,,0.00174350033331624,,,,0.005512537818573407,0.002025537151940926,0.0043587508332906,0.025870468181118916,,0.001153786985282806,,0.019178503666478643,0.008999538485205887,0.00087175016665812,,,0.00028203681862468594,0.0005640736372493719,0.00087175016665812,,,0.00087175016665812,0.028485718681093276,0.002025537151940926,,,,,0.00028203681862468594,0.009589251833239321,,0.00087175016665812,0.01133275216655556,0.002025537151940926,0.00028203681862468594,,0.00087175016665812,0.00174350033331624,0.001153786985282806,0.00028203681862468594,0.002025537151940926,0.00028203681862468594,0.008999538485205887,0.00087175016665812,0.00784575149992308,0.001153786985282806,0.002307573970565612,0.03517768319573355,0.001435823803907492,0.001435823803907492,,0.0026152504999743605,0.01861443002922927,0.002025537151940926,0.00028203681862468594,,0.00028203681862468594,0.002307573970565612,0.005230500999948721,0.7331675298702631,0.012204502333213681,0.00028203681862468594,0.00028203681862468594,0.00087175016665812,0.023562894210553305,0.0005640736372493719,0.00087175016665812,,,0.002897287318599046,0.001153786985282806,,,,
,,0.0027178093431106097,,,,0.005153581867596534,0.0008973898774421825,0.0042305522793702885,0.02122968052920363,,,,0.013332649607712426,0.00969181067637557,0.00028203681862468594,,0.00028203681862468594,0.0005897133480334342,0.00028203681862468594,0.00028203681862468594,,,0.00028203681862468594,0.03366494025947387,0.0021024562842931133,,,,,0.0005897133480334342,0.013024973078303676,,,0.01666581200964053,0.0036408389313368544,,,0.00028203681862468594,0.0027178093431106097,0.0012050664068509306,,0.0042305522793702885,,0.008179067740115892,,0.009102097328342136,0.00028203681862468594,0.0033331624019281064,0.03428029331829137,0.001512742936259679,0.0018204194656684272,,0.0042305522793702885,0.020306650940977385,0.0021024562842931133,0.00028203681862468594,,0.0008973898774421825,0.0012050664068509306,0.00848674426952464,0.7139377467822163,0.01697348853904928,0.0005897133480334342,,0.0005897133480334342,0.023050099994872057,0.00028203681862468594,0.001512742936259679,,,0.0063586482744474645,0.0027178093431106097,,,,0.0005897133480334342
,,0.005563817240141531,,,,0.003999794882313727,0.0003076765294087483,0.004640787651915286,0.028460078970309215,,0.002153735705861238,,0.024742320906620173,0.01143531100969181,0.0018460591764524897,,0.0003076765294087483,0.0003076765294087483,0.0006153530588174966,0.0003076765294087483,,,0.0003076765294087483,0.03961335316137634,0.003384441823496231,,,,,,0.015153069073380852,,0.0006153530588174966,0.015153069073380852,0.002153735705861238,,,0.0003076765294087483,0.0006153530588174966,0.0009230295882262449,,0.0018460591764524897,,0.014230039485154607,,0.01174298753910056,0.0006153530588174966,0.0024614122352699863,0.0352802420388698,0.0006153530588174966,0.0015383826470437413,,0.002153735705861238,0.024126967847802678,0.0018460591764524897,,0.0003076765294087483,0.0003076765294087483,0.0006153530588174966,0.007717552946002769,0.6692220911748116,0.021050202553715196,0.0027690887646787342,,0.0006153530588174966,0.028767755499717964,,0.002153735705861238,,,0.0043331111225065385,0.0018460591764524897,,,,0.0009230295882262449
,,0.005461258397005282,,,0.00028203681862468594,0.009230295882262448,0.00028203681862468594,0.0019998974411568637,0.02392185016153018,,0.0019998974411568637,,0.02653710066150454,0.01153786985282806,0.001153786985282806,,0.0005640736372493719,0.00028203681862468594,,,,,0.0008461104558740578,0.03576739654376699,0.001435823803907492,,,,,,0.01469155427926773,,0.00028203681862468594,0.014409517460643045,0.0025896107891902977,,,0.0005640736372493719,,0.001435823803907492,0.00028203681862468594,0.0017178606225321778,0.00028203681862468594,0.022203989538998,,0.012101943490077432,0.006615045382288087,0.006922721911696836,0.041536331470181015,0.0008461104558740578,0.00028203681862468594,0.0005640736372493719,0.002871647607814984,0.03894672068099072,0.003743397774473104,0.00028203681862468594,,0.00028203681862468594,0.00402543459309779,0.008922619352853699,0.6312753192143993,0.020460489205681758,0.0017178606225321778,0.00028203681862468594,0.00028203681862468594,0.027383211117378597,0.00028203681862468594,0.002307573970565612,0.00028203681862468594,0.00028203681862468594,0.006050971745038716,,0.0008461104558740578,,,0.0008461104558740578
0.00087175016665812,,0.009563612122455259,,0.0005897133480334342,,0.00566637608327778,0.0017691400441003026,0.0011794266960668683,0.03079329265165889,0.0005897133480334342,0.00087175016665812,,0.041869647710373825,0.01522998820573304,0.002076816573509051,,,,,,0.0005897133480334342,,0.0005897133480334342,0.03348546228398544,0.0011794266960668683,,,,,0.002666529921542485,0.017922157838059588,,,0.02033229065176145,0.002076816573509051,,,0.003871596328393416,0.0014871032254756167,0.0011794266960668683,0.00087175016665812,0.002076816573509051,0.00028203681862468594,0.03138300599969232,,0.011948105225373058,0.007461155838162145,0.00805086918619558,0.043356750935849446,0.0005897133480334342,0.00028203681862468594,,0.002076816573509051,0.036177631916311986,0.00028203681862468594,0.00028203681862468594,,0.0017691400441003026,0.007461155838162145,0.012537818573406492,0.5736885287933953,0.02361417363212143,0.002384493102917799,0.00028203681862468594,0.00028203681862468594,0.028998512896774523,,0.0029742064509512335,,,0.0035639197989846675,,0.00087175016665812,,,
0.0006153530588174966,,0.0058971334803343415,,,0.0006153530588174966,0.0018460591764524897,0.0015383826470437413,0.002794728475462797,0.018640069740013334,0.0018460591764524897,0.0003076765294087483,,0.021434798215476128,0.015845341264550537,0.0012307061176349931,,,0.0012307061176349931,,,0.0006153530588174966,,0.0003076765294087483,0.02515255627916517,0.002794728475462797,,,,,0.0009230295882262449,0.013665965847905236,,,0.015845341264550537,0.0024614122352699863,,0.0003076765294087483,0.0018460591764524897,0.0006153530588174966,0.0018460591764524897,0.0003076765294087483,0.0024614122352699863,0.0006153530588174966,0.021434798215476128,,0.013973642377313984,0.0024614122352699863,0.0043331111225065385,0.05189477462694221,0.0009230295882262449,0.0006153530588174966,,0.0009230295882262449,0.02797292446541203,0.002153735705861238,,,,0.0024614122352699863,0.004640787651915286,0.6667093995179734,0.017717040151787086,0.0009230295882262449,0.0003076765294087483,0.0003076765294087483,0.026408902107584228,0.0003076765294087483,0.003102405004871545,,0.0003076765294087483,0.006512486539151838,,,,,
0.00025639710784062353,,0.0035382800882006052,,,,0.003820316906825291,0.0007948310343059331,0.0018973385980206143,0.020768165735090507,,,,0.019127224244910517,0.013665965847905236,0.001076867852930619,,0.00025639710784062353,0.0007948310343059331,,,,,,0.021588636480180504,0.002435772524485924,,,,,,0.01338392902928055,,,0.011204553612635249,0.0029998461617352958,,,0.0016153017793959284,0.0013589046715553048,0.0007948310343059331,0.0013589046715553048,0.0005384339264653095,,0.007922670632275268,,0.003820316906825291,0.003256243269575919,0.0021793754166453,0.025690990205630482,,0.0005384339264653095,0.00025639710784062353,0.0007948310343059331,0.03417773447515512,0.0013589046715553048,0.00025639710784062353,0.00025639710784062353,,0.0013589046715553048,0.007358596995025896,0.7408338033946977,0.01858879031844521,0.0016153017793959284,,,0.020768165735090507,,0.0018973385980206143,,0.00025639710784062353,0.0035382800882006052,,,,,
,,0.005204861289164658,,,,0.007794472078354956,0.0008461104558740578,0.003461360955848418,0.024870519460540485,,0.00028203681862468594,,0.023716732475257678,0.015896620686118662,0.002025537151940926,,,0.0008461104558740578,0.00028203681862468594,,,0.0005640736372493719,,0.032126557612430134,0.0017178606225321778,,,,,,0.013024973078303676,,,0.013307009896928363,0.001435823803907492,,,,0.001435823803907492,0.0005640736372493719,0.0008461104558740578,0.001435823803907492,,0.011845546382236808,,0.00751243525973027,0.0031793241372237322,0.0017178606225321778,0.02720373314189016,0.001153786985282806,0.001435823803907492,,0.0008461104558740578,0.036177631916311986,0.002025537151940926,0.00028203681862468594,,,,0.0063586482744474645,0.7005794574637197,0.020819445156658633,0.002025537151940926,,,0.019101584534126456,,0.002025537151940926,,,0.003743397774473104,0.00028203681862468594,,,,
,,0.0020511768627249883,,,,0.006461207117583714,0.0005640736372493719,0.0020511768627249883,0.02556279165171017,0.00028203681862468594,0.00174350033331624,,0.026152504999743604,0.015870980975334598,0.0005640736372493719,0.00028203681862468594,0.0005640736372493719,0.00087175016665812,0.00028203681862468594,,,,0.00028203681862468594,0.03025485872519358,0.004974103892108097,,,,,,0.009973847495000257,0.00028203681862468594,0.00028203681862468594,0.012922414235167427,0.00174350033331624,,0.00028203681862468594,0.001153786985282806,0.0023332136813496744,0.00087175016665812,,0.0020511768627249883,,0.009384134146966823,,0.008512383980308702,0.0029229270293831084,,0.037023742372186044,0.00028203681862468594,0.00028203681862468594,,0.0020511768627249883,0.028793395210502025,0.00174350033331624,0.0005640736372493719,,,0.00087175016665812,0.007332957284241833,0.6931439413363417,0.024101328137018613,0.0020511768627249883,,,0.021742474744884877,0.00028203681862468594,0.0020511768627249883,,,0.006153530588174965,,,,,
,0.00028203681862468594,0.0036921183529049794,,,,0.00228193425978155,0.0008461104558740578,0.0028460078970309216,0.018563150607661144,0.0008461104558740578,0.0005640736372493719,,0.027152453720322035,0.015717142710630225,0.0011281472744987437,,0.00028203681862468594,0.0008461104558740578,0.00028203681862468594,,,,0.00028203681862468594,0.031741961950669195,0.0014101840931234296,,,,,0.00028203681862468594,0.011999384646941183,0.00028203681862468594,,0.007127839597969335,0.0008461104558740578,,,0.0008461104558740578,,0.00228193425978155,0.0008461104558740578,0.0028460078970309216,0.00028203681862468594,0.010281524024409005,,0.007409876416594021,0.0045638685195631,0.00228193425978155,0.026306343264447977,0.0008461104558740578,0.0005640736372493719,,0.0008461104558740578,0.038587764730013845,0.0011281472744987437,0.00028203681862468594,0.00028203681862468594,,0.0019998974411568637,0.007999589764627455,0.6994000307676529,0.022280908671350186,0.0014101840931234296,,,0.0245884826419158,,0.0016922209117481155,0.00028203681862468594,,0.009435413568534947,0.0005640736372493719,,,0.00028203681862468594,0.00028203681862468594
,0.00028203681862468594,0.00489718475975591,,0.00028203681862468594,,0.0025896107891902977,0.00028203681862468594,0.00228193425978155,0.017563201887082713,0.0005640736372493719,,,0.0374596174555151,0.011512230142043998,0.0017178606225321778,0.0011281472744987437,,0.001435823803907492,0.00315368442643967,,,,,0.033126506333008565,0.001435823803907492,,,,,0.0008461104558740578,0.0152556279165171,0.0005640736372493719,,0.00979436951951182,0.0005640736372493719,,,0.0019998974411568637,0.0005640736372493719,0.0045895082303471614,0.0011281472744987437,0.0025896107891902977,,0.01699912824983334,0.0008461104558740578,0.007768832367570894,0.006333008563663402,0.00228193425978155,0.02881903492128609,0.001435823803907492,0.00028203681862468594,,0.0017178606225321778,0.04322855238192913,0.0008461104558740578,0.0005640736372493719,,0.00028203681862468594,0.0011281472744987437,0.010076406338136506,0.65709450797395,0.026793497769345163,0.0019998974411568637,0.00028203681862468594,,0.022460386646838623,,0.0011281472744987437,,,0.006897082200912774,0.001435823803907492,0.0008461104558740578,,0.0008461104558740578,
0.00028203681862468594,0.0011794266960668683,0.0029742064509512335,,0.0005897133480334342,,0.005974052612686529,,0.003897236039177478,0.03387005794574637,0.0005897133480334342,0.0008973898774421825,,0.05515101789651813,0.01707604738218553,0.003897236039177478,0.0005897133480334342,0.00028203681862468594,0.00028203681862468594,0.005076662735244346,,,,,0.029665145377160147,0.0014871032254756167,0.00028203681862468594,,,,0.0005897133480334342,0.018563150607661144,0.0008973898774421825,0.00028203681862468594,0.012589097994974617,0.0008973898774421825,,0.00028203681862468594,0.005076662735244346,0.002384493102917799,0.0065894056715040256,,0.0032818829803599814,0.0005897133480334342,0.020075893543920826,0.0005897133480334342,0.01076867852930619,0.00838418542638839,0.004794625916619661,0.050664068509307214,0.0014871032254756167,0.0005897133480334342,0.00028203681862468594,0.002384493102917799,0.05604840777396031,0.0014871032254756167,0.0005897133480334342,,,0.002384493102917799,0.013178811343008051,0.5374852571662992,0.033254704886928874,0.0032818829803599814,0.0005897133480334342,0.00028203681862468594,0.025767909337982668,,0.0014871032254756167,,,0.006281729142095277,,0.001794779754884365,,,
0.0005897133480334342,0.0008973898774421825,0.005486898107789344,,0.00028203681862468594,,0.0036408389313368544,0.0005897133480334342,0.006691964514640275,0.02166555561253269,0.0008973898774421825,,,0.034793087533972616,0.01892210655863802,0.0021280959950771756,0.00028203681862468594,,0.0005897133480334342,0.002435772524485924,,,,0.00028203681862468594,0.0305112558330342,0.0021280959950771756,,,,,0.00028203681862468594,0.014640274857699606,,0.00028203681862468594,0.014024921798882109,0.0008973898774421825,,,0.0045638685195631,0.003948515460745603,0.003948515460745603,,0.0021280959950771756,0.0005897133480334342,0.014640274857699606,0.001512742936259679,0.008230347161684016,0.006691964514640275,0.0036408389313368544,0.04271575816624788,0.0012050664068509306,,,0.0008973898774421825,0.04394646428388288,0.0051792215783805955,0.0005897133480334342,,,0.006999641044049023,0.011589149274396185,0.6128147274498743,0.021050202553715196,0.0018204194656684272,0.00028203681862468594,,0.029588226244807957,0.0005897133480334342,0.0012050664068509306,,,0.006691964514640275,,,,,
,,0.006076611455822778,,,0.00028203681862468594,0.005512537818573407,0.0005640736372493719,0.002897287318599046,0.019460540485103327,0.00028203681862468594,0.001153786985282806,,0.026716578636992974,0.014512076303779294,0.0005640736372493719,,0.0008461104558740578,0.001435823803907492,,,,,0.00028203681862468594,0.031075329470283575,0.0008461104558740578,,,,,0.0005640736372493719,0.013640326137121173,,,0.012486539151838368,0.0008461104558740578,,,0.001435823803907492,0.002307573970565612,0.0025896107891902977,,0.003461360955848418,0.00028203681862468594,0.006384287985231526,0.0008461104558740578,0.006076611455822778,0.0043331111225065385,0.0008461104558740578,0.029331829136967334,0.0017178606225321778,,,0.00028203681862468594,0.027588328803651096,0.0008461104558740578,,0.0005640736372493719,,0.0005640736372493719,0.005204861289164658,0.7136557099635916,0.018870827137069893,0.0025896107891902977,,0.0005640736372493719,0.02381929131839393,,0.002025537151940926,,,0.0037690374852571663,,,,,
,,0.0034357212450643556,,,,0.004281831700938413,0.0011281472744987437,0.0037177580636890417,0.020075893543920826,0.0005640736372493719,0.0011281472744987437,,0.026383262396800163,0.011178913901851188,0.0005640736372493719,,0.00028203681862468594,0.0025639710784062355,,,,,,0.025511512230142044,0.0011281472744987437,,,,,0.00028203681862468594,0.009743090097943696,,0.00028203681862468594,0.00630736885287934,0.0008461104558740578,,,0.00028203681862468594,0.0037177580636890417,0.0005640736372493719,0.0008461104558740578,0.00228193425978155,,0.0065894056715040256,0.00028203681862468594,0.007153479308753397,0.007153479308753397,,0.030408696989897954,0.0017178606225321778,0.00028203681862468594,,0.0005640736372493719,0.030101020460489205,0.0008461104558740578,0.00028203681862468594,0.0008461104558740578,0.00028203681862468594,0.0005640736372493719,0.0045895082303471614,0.7394492590123583,0.017204245936105842,0.00228193425978155,,,0.017486282754730527,0.0005640736372493719,0.0008461104558740578,,,0.0025639710784062355,,0.0005640736372493719,0.00028203681862468594,,
,,0.003743397774473104,,,,0.00402543459309779,0.0005640736372493719,0.0045895082303471614,0.01874262858314958,,0.0005640736372493719,,0.023357776524280807,0.010076406338136506,0.0011281472744987437,,,0.0017178606225321778,0.0008461104558740578,,,,,0.030844572073227015,0.0011281472744987437,,,,,,0.010076406338136506,,,0.011819906671452746,,,0.00028203681862468594,0.0005640736372493719,0.0019998974411568637,0.0011281472744987437,,0.0034357212450643556,,0.008922619352853699,,0.008922619352853699,0.0034357212450643556,0.0008461104558740578,0.03776729398492385,0.001435823803907492,0.00028203681862468594,0.00028203681862468594,0.0017178606225321778,0.030844572073227015,0.001435823803907492,,,,0.0017178606225321778,0.006897082200912774,0.7168093943900313,0.01469155427926773,0.0019998974411568637,,0.0005640736372493719,0.021614276190964565,,0.0025896107891902977,,,0.0045895082303471614,,0.0017178606225321778,,,0.00028203681862468594
,,0.004974103892108097,0.00028203681862468594,,,0.005256140710732783,0.0005640736372493719,0.005256140710732783,0.02548587251935798,,,,0.023742372186041742,0.013768524691041485,0.0023332136813496744,,0.0005640736372493719,0.0005640736372493719,0.00028203681862468594,0.00028203681862468594,,0.00028203681862468594,,0.044254140813291626,0.0026152504999743605,,,,,0.00028203681862468594,0.013768524691041485,0.0005640736372493719,,0.008794420798933387,0.00087175016665812,,,0.0005640736372493719,0.0014614635146915542,0.0014614635146915542,0.00028203681862468594,0.0037946771960412286,0.00028203681862468594,0.01435823803907492,,0.009076457617558074,0.004666427362699349,0.0020511768627249883,0.0319470796369417,0.0020511768627249883,0.00028203681862468594,,0.001153786985282806,0.029306189426183273,0.00087175016665812,,,,0.004974103892108097,0.006153530588174965,0.6704784370032306,0.01874262858314958,0.0020511768627249883,0.00028203681862468594,,0.02666529921542485,0.001153786985282806,0.0023332136813496744,,,0.004974103892108097,,,,0.00028203681862468594,0.003512640377416543
,,0.004281831700938413,,,,0.0037177580636890417,0.0005640736372493719,0.006025332034254653,0.02035793036254551,0.00028203681862468594,0.00028203681862468594,,0.03012666017127327,0.011178913901851188,0.003999794882313727,,0.0005640736372493719,0.00028203681862468594,0.00028203681862468594,0.0005640736372493719,,0.0005640736372493719,0.00028203681862468594,0.02984462335264858,0.00228193425978155,,,,,0.00028203681862468594,0.010896877083226501,0.0011281472744987437,,0.008896979642069638,0.00028203681862468594,0.00028203681862468594,,0.0017178606225321778,0.0008461104558740578,0.0014101840931234296,0.0008461104558740578,0.005153581867596534,,0.020947643710578945,,0.006025332034254653,0.005717655504845905,0.0017178606225321778,0.03128044715655608,0.0017178606225321778,0.00028203681862468594,,0.0034357212450643556,0.039305676631967594,0.004871545048971848,,,,0.0017178606225321778,0.006871442490128711,0.6615558176503769,0.02610122557817548,0.00228193425978155,0.0005640736372493719,,0.02122968052920363,0.0008461104558740578,0.0008461104558740578,,,0.008589303112660889,,,0.00028203681862468594,0.00028203681862468594,0.00630736885287934
0.00028203681862468594,,0.0046920670734834115,,,0.00028203681862468594,0.0026408902107584228,0.00087175016665812,0.00882006050971745,0.018563150607661144,0.0005640736372493719,0.0020511768627249883,,0.05717655504845905,0.013537767293984924,0.004410030254858725,,0.0005640736372493719,0.0005640736372493719,0.001153786985282806,0.0005640736372493719,,0.0005640736372493719,,0.02740885082816266,0.0020511768627249883,,,,,0.0005640736372493719,0.0052817804215168455,0.00087175016665812,,0.0091277370391262,0.00087175016665812,,,0.0029229270293831084,0.0020511768627249883,0.00174350033331624,0.0005640736372493719,0.00087175016665812,,0.018563150607661144,,0.01707604738218553,0.004999743602892159,0.003820316906825291,0.024460284087995488,,0.00028203681862468594,,0.0014614635146915542,0.060125121788626223,0.001153786985282806,,,,0.0020511768627249883,0.005589456950925594,0.6161478898518025,0.03476744782318855,0.0023332136813496744,0.00028203681862468594,0.0005640736372493719,0.018845187426285832,0.00087175016665812,0.0005640736372493719,,,0.007050920465617148,,,,,0.007358596995025896
0.00028203681862468594,,0.004051074303881852,,0.00028203681862468594,,0.005512537818573407,0.0005640736372493719,0.0037690374852571663,0.019204143377262704,0.001153786985282806,,,0.036357109891800424,0.010178965181272755,0.0049228244705399726,,0.0005640736372493719,,,0.00028203681862468594,,,,0.02384493102917799,0.004640787651915286,,,,,0.00028203681862468594,0.01338392902928055,0.00028203681862468594,,0.010743038818522127,0.00028203681862468594,,,0.0031793241372237322,0.001435823803907492,0.002897287318599046,0.002307573970565612,0.005512537818573407,0.0005640736372493719,0.016563253166504283,0.00028203681862468594,0.009589251833239321,0.00784575149992308,0.005794574637198092,0.04974103892108097,0.0005640736372493719,,,0.002025537151940926,0.06284293113173683,0.00028203681862468594,,0.0005640736372493719,0.00028203681862468594,0.002897287318599046,0.0043587508332906,0.6089944105430491,0.02820368186246859,0.00348700066663248,,0.00028203681862468594,0.025306394543869546,0.0005640736372493719,0.002897287318599046,,,0.004640787651915286,0.00087175016665812,,,,0.004640787651915286
,,0.005717655504845905,0.00028203681862468594,,,0.005153581867596534,0.00028203681862468594,0.0028460078970309216,0.017486282754730527,0.0008461104558740578,0.0008461104558740578,,0.039869750269216964,0.01261473770575868,0.00028203681862468594,,,0.0005640736372493719,,,,,0.00028203681862468594,0.03128044715655608,0.0019998974411568637,,,,,0.0005640736372493719,0.02266550433311112,0.00028203681862468594,0.0008461104558740578,0.014050561509666172,0.00028203681862468594,,,0.00315368442643967,0.0019998974411568637,0.0019998974411568637,0.00028203681862468594,0.005153581867596534,,0.013486487872416799,,0.016358135480231784,0.003999794882313727,0.0045895082303471614,0.031844520793805446,0.0011281472744987437,0.0008461104558740578,,0.0019998974411568637,0.04935644325932004,0.0011281472744987437,,,0.00028203681862468594,0.00315368442643967,0.006025332034254653,0.6136095584841803,0.03156248397518076,0.00315368442643967,,0.0014101840931234296,0.03328034459771294,0.00028203681862468594,0.003999794882313727,,0.00028203681862468594,0.00630736885287934,,,,,0.00028203681862468594
,,0.0031793241372237322,,0.00028203681862468594,,0.00576893492641403,0.0005640736372493719,0.002307573970565612,0.01794779754884365,0.0005640736372493719,0.0008461104558740578,,0.034741808112404494,0.012435259730270242,0.002307573970565612,,,0.0025896107891902977,,,,,,0.03299830777908825,0.001435823803907492,,,,,,0.01794779754884365,0.0005640736372493719,0.00028203681862468594,0.01099943592636275,0.00028203681862468594,,,0.003743397774473104,0.002307573970565612,0.002871647607814984,,0.0049228244705399726,,0.009255935593046511,,0.013589046715553048,0.003461360955848418,0.001435823803907492,0.03271627096046357,0.002025537151940926,0.0005640736372493719,0.00028203681862468594,0.002025537151940926,0.03851084559766166,0.0017178606225321778,0.00028203681862468594,,,0.0043331111225065385,0.009255935593046511,0.639428747243731,0.03125480744577201,0.0017178606225321778,0.00028203681862468594,0.00028203681862468594,0.035023844931029176,0.00028203681862468594,0.004051074303881852,,,0.0031793241372237322,0.00028203681862468594,,,,0.002871647607814984
,,0.005743295215629968,,0.00028203681862468594,,0.007204758730321522,0.00028203681862468594,0.001435823803907492,0.01958873903902364,,0.00028203681862468594,,0.03976719142608071,0.0152556279165171,0.00228193425978155,,,0.0008461104558740578,0.00028203681862468594,0.00028203681862468594,,,0.0008461104558740578,0.031408645710476385,0.00228193425978155,,,,,,0.019306702220398955,0.0005640736372493719,0.0005640736372493719,0.01612737808317522,,,0.00028203681862468594,0.001435823803907492,0.001435823803907492,0.0025896107891902977,,0.0051792215783805955,,0.011794266960668683,,0.01728116506845803,0.005461258397005282,0.00315368442643967,0.04322855238192913,0.0008461104558740578,,,0.0017178606225321778,0.03976719142608071,0.0011281472744987437,,,0.00028203681862468594,0.001435823803907492,0.010358443156761191,0.6295574585918671,0.023332136813496742,0.0019998974411568637,0.0005640736372493719,,0.025639710784062356,,0.004307471411722476,,,0.0025896107891902977,,,,,
,,0.007025280754833086,,0.0005384339264653095,,0.0036408389313368544,0.00025639710784062353,0.0013845443823393671,0.026485821239936414,,,,0.03156248397518076,0.009845648941079945,0.001948618019588739,,,0.0008204707450899954,0.00025639710784062353,0.00025639710784062353,,,0.0005384339264653095,0.03099841033793139,0.0016665812009640532,,,0.00025639710784062353,,0.0008204707450899954,0.016896569406697093,,0.0008204707450899954,0.009281575303830572,0.00025639710784062353,,,0.0008204707450899954,0.0005384339264653095,0.002512691656838111,0.0005384339264653095,0.002794728475462797,,0.023383416235064867,0.0008204707450899954,0.013512127583200861,0.007025280754833086,0.0050510230244602845,0.036075073073175735,0.0022306548382134248,,,0.0022306548382134248,0.04622839854366443,0.0030767652940874826,,,,0.0011025075637146812,0.010409722578329316,0.6455309984103379,0.018870827137069893,0.0016665812009640532,0.00025639710784062353,0.0005384339264653095,0.023383416235064867,,0.0016665812009640532,,,0.0036408389313368544,0.0005384339264653095,,,,
0.00025639710784062353,,0.0024101328137018613,,0.0007948310343059331,,0.009666170965591508,0.0005127942156812471,0.004281831700938413,0.029306189426183273,0.00348700066663248,0.00025639710784062353,,0.045151530690733806,0.010204604892056818,0.001871698887236552,,0.0005127942156812471,0.00025639710784062353,0.00025639710784062353,,0.0005127942156812471,,0.0010512281421465566,0.03871596328393416,0.0013332649607712425,,,,,0.001871698887236552,0.015306907338085226,,0.0007948310343059331,0.011819906671452746,0.0010512281421465566,,,0.0024101328137018613,0.002666529921542485,0.0032049638480077945,0.00025639710784062353,0.005358699553869032,0.00025639710784062353,0.03225475616635044,0.0010512281421465566,0.011281472744987437,0.008332906004820265,0.009409773857750884,0.040587662171170706,0.0024101328137018613,,,0.0013332649607712425,0.04704886928875442,0.0007948310343059331,,,,0.0010512281421465566,0.013691605558689299,0.5570483564945388,0.029306189426183273,0.0032049638480077945,0.00025639710784062353,0.00025639710784062353,0.029024152607558588,0.0013332649607712425,0.00348700066663248,,,0.010204604892056818,,,,,0.0007948310343059331
,0.0005384339264653095,0.006461207117583714,,0.0022306548382134248,,0.010409722578329316,0.0005384339264653095,0.0030767652940874826,0.032075278190862005,0.007589354392082457,0.00025639710784062353,,0.05458694425926876,0.011819906671452746,0.002512691656838111,,0.0008204707450899954,0.0008204707450899954,0.0008204707450899954,0.0016665812009640532,,,0.0005384339264653095,0.03658786728885698,0.0033588021127121687,,,,,0.0013845443823393671,0.02392185016153018,,,0.020537408338033948,0.0008204707450899954,,,0.0036408389313368544,0.0050510230244602845,0.0016665812009640532,0.0016665812009640532,0.004204912568586227,,0.045869442592687555,0.0008204707450899954,0.01969129788215989,0.007589354392082457,0.015460745602789601,0.0469975898671863,0.0005384339264653095,0.0005384339264653095,,0.002794728475462797,0.0644325932003487,0.004486949387210912,,0.0013845443823393671,0.0005384339264653095,0.0013845443823393671,0.015178708784164914,0.43546484795651497,0.03966463258294446,0.0036408389313368544,0.0005384339264653095,,0.032357315009486694,0.0013845443823393671,0.006179170298959028,,,0.009281575303830572,0.0008204707450899954,,,,0.0033588021127121687
0.00025639710784062353,0.0013845443823393671,0.003897236039177478,,0.0016665812009640532,,0.008896979642069638,0.0008204707450899954,0.0030511255833034203,0.015870980975334598,0.004999743602892159,0.00025639710784062353,,0.032306035587918565,0.01197374493615712,0.005845854058766217,,0.0013845443823393671,,0.0011025075637146812,0.0011025075637146812,0.0005384339264653095,,0.001948618019588739,0.0219988718527255,0.0013845443823393671,0.0005384339264653095,,,,0.0016665812009640532,0.017537562176298652,0.0008204707450899954,,0.012794215681247115,0.0005384339264653095,,,0.001948618019588739,0.0030511255833034203,0.0024870519460540486,0.00025639710784062353,0.0030511255833034203,,0.0378698528280601,0.0005384339264653095,0.008076508896979641,0.0069483616224808985,0.013358289318496487,0.04594636172503974,,,,0.0030511255833034203,0.04845905338187785,0.0008204707450899954,,0.0008204707450899954,0.0008204707450899954,0.0011025075637146812,0.010845597661658376,0.5742526024306446,0.0289472334752064,0.005845854058766217,0.00025639710784062353,,0.02253730577919081,0.0005384339264653095,0.0030511255833034203,,,0.014178760063586482,0.0013845443823393671,,,0.0022050151274293625,0.0027690887646787342
0.00025639710784062353,0.0013845443823393671,0.002794728475462797,0.0005384339264653095,0.001948618019588739,,0.0030767652940874826,0.0005384339264653095,0.00392287574996154,0.016896569406697093,0.004204912568586227,,,0.04171580944566945,0.009563612122455259,0.0022306548382134248,,0.0005384339264653095,0.0005384339264653095,,0.0008204707450899954,0.00025639710784062353,,0.0005384339264653095,0.02056304804881801,0.0016665812009640532,,,,,0.0011025075637146812,0.009563612122455259,0.0005384339264653095,,0.012666017127326804,,,,0.001948618019588739,0.0005384339264653095,0.0011025075637146812,,0.002512691656838111,,0.019998974411568636,0.00025639710784062353,0.006461207117583714,0.0050510230244602845,0.007871391210707143,0.02253730577919081,0.0022306548382134248,,0.00025639710784062353,0.002794728475462797,0.040587662171170706,0.001948618019588739,,0.00025639710784062353,0.0005384339264653095,0.001948618019588739,0.011819906671452746,0.6761191733757244,0.0287421157889339,0.0036408389313368544,,,0.018024716681195836,0.0011025075637146812,0.0008204707450899954,,,0.0022306548382134248,,,0.00025639710784062353,,0.0005384339264653095
,0.00028203681862468594,0.002538331367622173,0.0005640736372493719,0.00028203681862468594,,0.004256191990154351,0.00028203681862468594,0.002538331367622173,0.021614276190964565,0.0028460078970309216,0.0014101840931234296,,0.026178144710527665,0.010512281421465566,0.0008461104558740578,,0.00028203681862468594,0.002538331367622173,,,0.00028203681862468594,,,0.0287421157889339,0.0016922209117481155,,,,,,0.011101994769499,,0.00028203681862468594,0.008255986872468079,0.0008461104558740578,0.00028203681862468594,,0.0019742577303728014,0.0028460078970309216,0.0014101840931234296,0.00028203681862468594,0.0016922209117481155,,0.009102097328342136,,0.011948105225373058,0.002538331367622173,0.0034100815342802933,0.03499820522024512,0.0016922209117481155,,0.0005640736372493719,0.0031280447156556072,0.04156197118096508,0.0011281472744987437,,0.00028203681862468594,,0.0028460078970309216,0.005692015794061843,0.6824778216501717,0.02448592379877955,0.0016922209117481155,,0.00028203681862468594,0.02646018152915235,0.00028203681862468594,0.0014101840931234296,,,0.0048202656274037225,0.00028203681862468594,,,,0.0022562945489974875
,0.00028203681862468594,0.0025639710784062355,0.00028203681862468594,0.0005640736372493719,,0.0034100815342802933,0.0005640736372493719,0.0019998974411568637,0.02058868775960207,0.0008461104558740578,0.0005640736372493719,,0.031177888313419826,0.014306958617506794,0.0008461104558740578,,0.00028203681862468594,0.0005640736372493719,,,0.00028203681862468594,,0.00028203681862468594,0.03317778575457669,0.0016922209117481155,,,,,,0.010563560843033691,,0.0005640736372493719,0.01630685605866366,0.00028203681862468594,,,0.0014101840931234296,0.00228193425978155,0.0016922209117481155,0.00028203681862468594,0.0037177580636890417,,0.008563663401876826,0.00028203681862468594,0.014871032254756167,0.005127942156812471,0.0016922209117481155,0.04463873647505256,0.0016922209117481155,,,0.00228193425978155,0.030306138146761703,0.0019998974411568637,,0.00028203681862468594,0.00028203681862468594,0.0034100815342802933,0.007999589764627455,0.6637608327778062,0.024024409004666427,0.0016922209117481155,,,0.029460027690887645,0.00028203681862468594,0.0005640736372493719,,,0.004281831700938413,0.00028203681862468594,0.00028203681862468594,0.00028203681862468594,,0.00028203681862468594
,0.00028203681862468594,0.004256191990154351,,,,0.0036921183529049794,0.00028203681862468594,0.004538228808779037,0.02556279165171017,,0.00028203681862468594,,0.03266499153889544,0.010794318240090252,0.0011281472744987437,,,0.00028203681862468594,,,,,,0.02753704938208297,0.0019742577303728014,,,,,0.00028203681862468594,0.012486539151838368,,0.0005640736372493719,0.013332649607712426,0.0005640736372493719,,,0.0019742577303728014,0.0008461104558740578,0.0028203681862468593,,0.002538331367622173,,0.01674273114199272,0.0005640736372493719,0.01730680477924209,0.008230347161684016,0.0019742577303728014,0.030947130916363263,0.0019742577303728014,,0.00028203681862468594,0.0011281472744987437,0.042587559612327575,0.003102405004871545,,0.0005640736372493719,,0.0019742577303728014,0.006512486539151838,0.6416594020819444,0.033793138813394186,0.0014101840931234296,,0.00028203681862468594,0.024973078303676736,,0.0019742577303728014,0.00028203681862468594,,0.010794318240090252,,,,,0.0022562945489974875
0.00028203681862468594,0.00028203681862468594,0.009640531254807445,,0.0005640736372493719,0.00028203681862468594,0.009922568073432132,0.0005640736372493719,0.0028203681862468593,0.02381929131839393,0.0008461104558740578,0.0019742577303728014,,0.04366442746525819,0.01502487051946054,0.00028203681862468594,,,0.0011281472744987437,0.0005640736372493719,0.0005640736372493719,,,0.0042305522793702885,0.041408132916260706,0.006794523357776524,,,,,0.0005640736372493719,0.015306907338085226,,0.00028203681862468594,0.01076867852930619,0.0005640736372493719,,,0.0014101840931234296,0.0005640736372493719,0.0016922209117481155,0.0005640736372493719,0.003102405004871545,0.00028203681862468594,0.020973283421363006,0.00028203681862468594,0.01928106250961489,0.008204707450899953,0.003102405004871545,0.03658786728885698,0.002538331367622173,,,0.0022562945489974875,0.06550946105327932,0.0016922209117481155,,0.00028203681862468594,0.0005640736372493719,0.0016922209117481155,0.009640531254807445,0.536639146710425,0.04310035382800882,0.0016922209117481155,0.00028203681862468594,0.0005640736372493719,0.027793446489923594,0.00028203681862468594,0.0016922209117481155,,,0.009922568073432132,0.0008461104558740578,,,0.00028203681862468594,0.004538228808779037
,0.00028203681862468594,0.008230347161684016,,0.00028203681862468594,0.00028203681862468594,0.009076457617558074,,0.013640326137121173,0.02102456284293113,0.0011281472744987437,0.0011281472744987437,,0.07450899953848521,0.019614378749807704,0.005102302446028409,,,0.0011281472744987437,0.0005640736372493719,0.0008461104558740578,,,0.008512383980308702,0.04038254448489821,0.005384339264653095,,,,,0.0005640736372493719,0.014486436592995231,,0.0005640736372493719,0.017896518127275524,0.002538331367622173,,,0.0028203681862468593,0.0008461104558740578,0.0019742577303728014,0.0005640736372493719,0.0022562945489974875,,0.023870570739962054,0.0005640736372493719,0.018486231475308958,0.0076662735244346445,0.005384339264653095,0.05345879698477001,0.0014101840931234296,,,0.004256191990154351,0.1020973283421363,0.0008461104558740578,,,,0.0016922209117481155,0.009666170965591508,0.42436285318701594,0.04094661812214758,0.0019742577303728014,0.00028203681862468594,0.0005640736372493719,0.027280652274242347,,0.0034100815342802933,,,0.009076457617558074,0.0008461104558740578,,0.00028203681862468594,,0.005948412901902467
,0.00028203681862468594,0.0025896107891902977,,,0.00028203681862468594,0.007230398441105584,,0.007794472078354956,0.019947694990000514,0.0008461104558740578,0.001435823803907492,,0.044536177631916314,0.009820009230295882,0.002871647607814984,,0.0008461104558740578,0.0005640736372493719,0.0005640736372493719,0.0008461104558740578,,,0.006922721911696836,0.02920363058304702,0.0025896107891902977,0.00028203681862468594,,,,0.0025896107891902977,0.015896620686118662,,0.00028203681862468594,0.010973796215578688,0.0017178606225321778,,,0.001153786985282806,0.001153786985282806,0.00028203681862468594,0.001153786985282806,0.001153786985282806,,0.01676837085277678,0.0008461104558740578,0.01935798164196708,0.00489718475975591,0.00664068509307215,0.047151428131890674,0.001153786985282806,0.00028203681862468594,,0.0019998974411568637,0.07258602122968053,0.0031793241372237322,0.001435823803907492,0.0008461104558740578,0.00028203681862468594,0.001153786985282806,0.012435259730270242,0.5563048048818009,0.03181888108302138,0.0025896107891902977,0.00028203681862468594,,0.026024306445823292,0.00028203681862468594,0.003743397774473104,,,0.00751243525973027,0.00028203681862468594,,,,0.0043331111225065385
,,0.0036664786421209167,,0.0005640736372493719,0.00028203681862468594,0.005076662735244346,0.0005640736372493719,0.0014101840931234296,0.020306650940977385,0.0005640736372493719,0.0019742577303728014,,0.03271627096046357,0.010717399107738064,0.0016922209117481155,,0.0008461104558740578,0.0016922209117481155,,0.0014101840931234296,,0.0005640736372493719,0.005358699553869032,0.03215219732321419,0.0011281472744987437,,,,,0.0005640736372493719,0.017204245936105842,,0.0005640736372493719,0.012127583200861495,,,,0.0019742577303728014,0.0005640736372493719,0.0016922209117481155,0.0005640736372493719,0.0019742577303728014,,0.009307215014614635,0.0008461104558740578,0.007897030921491206,0.0056407363724937185,0.002538331367622173,0.034690528690836366,0.002538331367622173,0.00028203681862468594,,0.0005640736372493719,0.057279113891595304,0.0019742577303728014,,0.00028203681862468594,,0.0036664786421209167,0.008179067740115892,0.6463001897338598,0.019460540485103327,0.0016922209117481155,,0.00028203681862468594,0.02622942413209579,,0.0005640736372493719,,,0.009307215014614635,0.0005640736372493719,,,,
,,0.004974103892108097,0.00028203681862468594,0.00028203681862468594,0.00028203681862468594,0.005563817240141531,0.00087175016665812,0.0046920670734834115,0.01612737808317522,0.0014614635146915542,0.0005640736372493719,,0.024639762063483926,0.01435823803907492,0.001153786985282806,,,0.00174350033331624,0.0005640736372493719,0.00087175016665812,,0.00028203681862468594,0.00761499410286652,0.033459822573201375,0.0014614635146915542,,,,,,0.014076201220450233,,0.00087175016665812,0.010563560843033691,0.00028203681862468594,0.00028203681862468594,,0.001153786985282806,0.00087175016665812,0.00087175016665812,0.0005640736372493719,0.001153786985282806,0.00028203681862468594,0.008794420798933387,0.001153786985282806,0.01143531100969181,0.004384390544074663,0.0029229270293831084,0.03933131634275165,0.0023332136813496744,0.00087175016665812,0.00028203681862468594,0.00087175016665812,0.047536023793651606,0.001153786985282806,0.0005640736372493719,0.00028203681862468594,,0.0023332136813496744,0.009076457617558074,0.6593508025229475,0.01730680477924209,0.00087175016665812,,0.00028203681862468594,0.021716835034100816,0.00087175016665812,0.0052817804215168455,,,0.006153530588174965,0.00028203681862468594,,,,0.0023332136813496744
,,0.006025332034254653,,,,0.003999794882313727,0.00028203681862468594,0.0034357212450643556,0.02122968052920363,0.00028203681862468594,0.0011281472744987437,,0.030408696989897954,0.012896774524383365,0.0008461104558740578,,0.00028203681862468594,0.0008461104558740578,0.00028203681862468594,0.0005640736372493719,,0.00028203681862468594,0.00028203681862468594,0.03961335316137634,0.0014101840931234296,,,,,,0.014640274857699606,,0.0005640736372493719,0.017204245936105842,0.0008461104558740578,,,0.00228193425978155,0.0019998974411568637,0.0014101840931234296,0.0008461104558740578,0.0028460078970309216,,0.008307266294036204,0.0005640736372493719,0.015486385313573664,0.003999794882313727,0.0034357212450643556,0.044202861391723504,0.00228193425978155,0.0005640736372493719,,0.0014101840931234296,0.043920824573098816,0.0011281472744987437,,0.00028203681862468594,,0.00228193425978155,0.008307266294036204,0.6343520845084868,0.02381929131839393,0.0014101840931234296,,0.00028203681862468594,0.02753704938208297,0.00028203681862468594,0.0008461104558740578,0.00028203681862468594,,0.0065894056715040256,0.0005640736372493719,,,0.0005640736372493719,0.0005640736372493719
,,0.0025639710784062355,0.00028203681862468594,0.0011281472744987437,,0.009435413568534947,0.00028203681862468594,0.0016922209117481155,0.021178401107635504,0.0005640736372493719,0.0005640736372493719,,0.03804933080354853,0.01143531100969181,0.0005640736372493719,,0.0005640736372493719,0.0008461104558740578,,0.0008461104558740578,,0.0005640736372493719,0.00028203681862468594,0.03748525716629916,0.0019998974411568637,,,,,,0.01230706117634993,,0.0008461104558740578,0.01458899543613148,0.0005640736372493719,,,0.0008461104558740578,0.0005640736372493719,0.0025639710784062355,0.0005640736372493719,0.0037177580636890417,,0.01230706117634993,0.00028203681862468594,0.011153274191067125,0.00228193425978155,0.005127942156812471,0.0354853597251423,0.00228193425978155,0.0005640736372493719,,0.0014101840931234296,0.04551048664171068,0.0025639710784062355,,,,0.0037177580636890417,0.008871339931285575,0.6326085841751705,0.02461412235269986,0.0019998974411568637,,,0.026331982975232038,,0.0011281472744987437,,,0.014306958617506794,,0.00028203681862468594,,,0.00028203681862468594
,,0.006897082200912774,0.00028203681862468594,,0.0011281472744987437,0.006615045382288087,0.00028203681862468594,0.008640582534229014,0.024767960617404234,0.003743397774473104,0.0011281472744987437,0.00028203681862468594,0.03428029331829137,0.010640479975385878,0.0005640736372493719,,0.00028203681862468594,0.0017178606225321778,,,,0.0005640736372493719,,0.03917747807804728,0.0025896107891902977,,,,,0.0017178606225321778,0.015819701553766472,0.00028203681862468594,0.00028203681862468594,0.018127275524332086,0.00028203681862468594,,,0.0034357212450643556,0.0008461104558740578,0.002871647607814984,0.0017178606225321778,0.0034357212450643556,,0.018127275524332086,0.0011281472744987437,0.015819701553766472,0.00402543459309779,0.006333008563663402,0.04261319932311163,0.005743295215629968,0.00028203681862468594,,0.007486795548946208,0.05876621711707092,0.001435823803907492,,0.0005640736372493719,0.0011281472744987437,0.010076406338136506,0.010358443156761191,0.5212809599507717,0.03456233013691606,0.00315368442643967,0.0008461104558740578,,0.033690579970257935,0.0005640736372493719,0.00402543459309779,,,0.01871698887236552,0.00028203681862468594,0.0005640736372493719,,,0.006025332034254653
0.0020511768627249883,,0.003512640377416543,0.00028203681862468594,0.00028203681862468594,0.00028203681862468594,0.010871237372442439,0.00028203681862468594,0.00587149376955028,0.030844572073227015,0.009973847495000257,0.00028203681862468594,,0.06376596071996309,0.01174298753910056,0.003230603558791857,,0.00174350033331624,0.0014614635146915542,0.00028203681862468594,0.00087175016665812,0.00028203681862468594,,,0.03438285216142762,0.0046920670734834115,,,,,0.007332957284241833,0.018511871186093022,,0.00028203681862468594,0.018204194656684273,0.0014614635146915542,,0.0005640736372493719,0.0026408902107584228,0.00174350033331624,0.0029229270293831084,0.0014614635146915542,0.004974103892108097,0.00028203681862468594,0.021434798215476128,0.003820316906825291,0.012332700887133993,0.008230347161684016,0.010281524024409005,0.06084303369057997,0.0052817804215168455,0.0005640736372493719,,0.0014614635146915542,0.09053381877852418,0.0014614635146915542,,,0.00087175016665812,0.012332700887133993,0.017332444490026154,0.38139069791292757,0.04407466283780319,0.0029229270293831084,0.00087175016665812,0.0023332136813496744,0.032023998769293884,0.0005640736372493719,0.005563817240141531,,,0.027331931695810472,0.00028203681862468594,0.00087175016665812,,0.00028203681862468594,0.007332957284241833
0.00087175016665812,0.00087175016665812,0.0058971334803343415,,0.00028203681862468594,0.00028203681862468594,0.005307420132300907,0.00028203681862468594,0.0017691400441003026,0.020922003999794884,0.004127993436234039,0.00028203681862468594,,0.04925388441618379,0.015332547048869289,0.0023588533921337367,,0.0011794266960668683,0.0029485667401671707,,0.00028203681862468594,,0.00028203681862468594,,0.02948566740167171,0.0029485667401671707,0.00028203681862468594,,,,0.004999743602892159,0.012973693656735553,,0.00028203681862468594,0.012383980308702117,0.0011794266960668683,,,0.0020511768627249883,0.0005897133480334342,0.00087175016665812,,0.0014614635146915542,,0.022101430695861752,0.003820316906825291,0.011204553612635249,0.004717706784267473,0.004410030254858725,0.05279216450438439,0.005307420132300907,0.0005897133480334342,,0.0020511768627249883,0.06340700476898621,0.0014614635146915542,,0.00028203681862468594,,0.006768883646992462,0.014435157171427106,0.513563407004769,0.040972257832931645,0.0020511768627249883,0.0005897133480334342,,0.03625455104866417,0.0014614635146915542,0.0020511768627249883,,,0.024460284087995488,0.0005897133480334342,0.00087175016665812,,0.00028203681862468594,0.0014614635146915542
0.0005640736372493719,,0.0036664786421209167,,0.00028203681862468594,,0.005102302446028409,0.0005640736372493719,0.004256191990154351,0.01958873903902364,0.0022562945489974875,,,0.03292138864673606,0.012768575970463053,0.0014101840931234296,,,0.003102405004871545,,,,0.00028203681862468594,0.0005640736372493719,0.031511204553612636,0.0014101840931234296,,,,,0.0005640736372493719,0.014742833700835855,,,0.010204604892056818,0.0019742577303728014,,,0.0019742577303728014,0.0008461104558740578,0.0005640736372493719,0.0005640736372493719,0.004256191990154351,,0.014460796882211168,,0.01076867852930619,,0.0016922209117481155,0.03661350699964104,0.0016922209117481155,0.0005640736372493719,,0.0014101840931234296,0.04768986205835598,0.0016922209117481155,0.00028203681862468594,,,0.0028203681862468593,0.007948310343059331,0.6560176401210194,0.02156299676939644,0.0014101840931234296,,0.00028203681862468594,0.029229270293831086,0.0014101840931234296,,,,0.006512486539151838,,,,,
,,0.002871647607814984,,0.0005640736372493719,,0.008922619352853699,0.00028203681862468594,0.0025896107891902977,0.022768063176247372,,,,0.04527972924465412,0.010948156504794625,,,0.00028203681862468594,0.001435823803907492,,,,,0.0017178606225321778,0.036639146710425105,0.0017178606225321778,,,,,0.001153786985282806,0.013537767293984924,,0.0005640736372493719,0.011230193323419312,0.001153786985282806,,,0.0008461104558740578,0.001153786985282806,0.001153786985282806,,0.002871647607814984,0.00028203681862468594,0.010384082867545254,0.00028203681862468594,0.012383980308702117,0.00028203681862468594,0.0008461104558740578,0.041254294651556334,0.002307573970565612,,,0.0005640736372493719,0.04240808163683914,0.001153786985282806,0.00028203681862468594,,,0.004615147941131224,0.01066611968616994,0.6417876006358647,0.021921952720373315,0.001153786985282806,,0.0008461104558740578,0.02797292446541203,,0.001153786985282806,,,0.007204758730321522,0.00028203681862468594,,,,0.00028203681862468594
,,0.003461360955848418,,0.00028203681862468594,,0.007230398441105584,0.0008461104558740578,0.002897287318599046,0.025537151940926105,,,,0.0426388390338957,0.012768575970463053,0.0008461104558740578,,0.0005640736372493719,0.0017178606225321778,,,,,0.0008461104558740578,0.03799805138198041,0.0005640736372493719,,,,,0.0005640736372493719,0.012178862622429619,0.001153786985282806,,0.014204399774370545,0.00028203681862468594,,,0.001435823803907492,0.0008461104558740578,0.002025537151940926,0.0005640736372493719,0.0031793241372237322,0.00028203681862468594,0.010153325470488693,0.00028203681862468594,0.012460899441054305,0.00028203681862468594,0.0008461104558740578,0.03481872724475668,0.001153786985282806,,,0.002307573970565612,0.04845905338187785,0.0005640736372493719,,,,0.002897287318599046,0.008102148607763704,0.6224808984154658,0.03538280088200605,,0.00028203681862468594,0.0008461104558740578,0.038305727911389156,0.00028203681862468594,0.0017178606225321778,,,0.003461360955848418,,,,,
,,0.005845854058766217,,0.0023332136813496744,,0.006435567406799651,0.0005640736372493719,0.005563817240141531,0.0202297318086252,0.0026152504999743605,,,0.03253679298497513,0.013486487872416799,,,0.00087175016665812,0.00087175016665812,,0.0005640736372493719,,,0.00028203681862468594,0.03781857340649197,0.0026152504999743605,,,,,0.0005640736372493719,0.016691451720424594,0.0005640736372493719,0.00087175016665812,0.010845597661658376,0.00028203681862468594,,,0.00087175016665812,,0.00174350033331624,0.001153786985282806,0.0032049638480077945,,0.013486487872416799,,0.01435823803907492,0.0014614635146915542,0.0014614635146915542,0.03253679298497513,0.0020511768627249883,,0.00087175016665812,0.0029229270293831084,0.04104917696528383,0.001153786985282806,,0.00028203681862468594,,0.0032049638480077945,0.009666170965591508,0.6314547971898876,0.027255012563458286,0.0005640736372493719,0.00028203681862468594,0.00028203681862468594,0.0404594636172504,0.001153786985282806,0.001153786985282806,,,0.0026152504999743605,0.00028203681862468594,0.00028203681862468594,,,0.00028203681862468594
0.00028203681862468594,,0.007691913235218706,,0.0005897133480334342,,0.013307009896928363,0.0023588533921337367,0.005025383313676222,0.018332393210604585,0.005025383313676222,0.0023588533921337367,,0.044972052715245375,0.011230193323419312,0.0020511768627249883,0.00087175016665812,,0.003845956617609353,0.00028203681862468594,0.0011794266960668683,,,0.00087175016665812,0.043202912671145066,0.0011794266960668683,,,,,0.0011794266960668683,0.01597353981847085,,0.00028203681862468594,0.0156658632890621,0.0011794266960668683,0.0005897133480334342,,0.0011794266960668683,0.00028203681862468594,0.0020511768627249883,0.00087175016665812,0.0026408902107584228,0.0005897133480334342,0.019819496436080202,0.0005897133480334342,0.012127583200861495,0.006486846828367776,0.006794523357776524,0.04112609609763602,0.0014614635146915542,,0.00087175016665812,0.0026408902107584228,0.05474078252397313,0.003230603558791857,0.0011794266960668683,0.00028203681862468594,,0.004127993436234039,0.010948156504794625,0.537818573406492,0.025434593097789858,0.0014614635146915542,0.00028203681862468594,0.0020511768627249883,0.030767652940874825,,0.005307420132300907,,,0.013589046715553048,,0.0014614635146915542,,0.00028203681862468594,0.007973950053843392
0.0008461104558740578,,0.0043331111225065385,,,,0.009537972411671196,0.001435823803907492,0.005204861289164658,0.02253730577919081,0.00576893492641403,0.001435823803907492,0.00028203681862468594,0.07661145582277831,0.018486231475308958,0.00402543459309779,,0.0008461104558740578,0.003743397774473104,,0.0005640736372493719,,,0.0008461104558740578,0.03353674170555356,0.001153786985282806,,,,,,0.0176401210194349,,,0.019947694990000514,0.001153786985282806,0.0008461104558740578,,0.001435823803907492,0.0008461104558740578,0.005204861289164658,0.0005640736372493719,0.0019998974411568637,0.00028203681862468594,0.03035741756832983,0.0008461104558740578,0.023998769293882366,0.009537972411671196,0.00576893492641403,0.05463822368083688,0.0017178606225321778,,,0.0008461104558740578,0.09627711399415415,0.0008461104558740578,0.0017178606225321778,,0.00028203681862468594,0.002871647607814984,0.005486898107789344,0.38705707399620526,0.03874160299471822,0.002871647607814984,0.00028203681862468594,0.0025896107891902977,0.03643402902415261,0.0008461104558740578,0.017332444490026154,,,0.027460130249730784,0.0017178606225321778,0.002307573970565612,,,0.006050971745038716
,0.00028203681862468594,0.0023332136813496744,,0.00028203681862468594,,0.005845854058766217,,0.001153786985282806,0.01871698887236552,0.0029229270293831084,,,0.049766678631865034,0.012871134813599302,0.00174350033331624,,0.0014614635146915542,0.0037946771960412286,0.0005640736372493719,0.00028203681862468594,,,0.00087175016665812,0.03015229988205733,0.00028203681862468594,,,,,0.00028203681862468594,0.012589097994974617,0.00087175016665812,,0.014050561509666172,0.002025537151940926,0.00087175016665812,,0.00028203681862468594,,0.0029229270293831084,0.00087175016665812,0.00174350033331624,,0.02135787908312394,0.0014614635146915542,0.019024665401774266,0.006435567406799651,0.0029229270293831084,0.05035639197989847,,0.00028203681862468594,,0.0005640736372493719,0.05650992256807343,0.0055381775293574685,0.001153786985282806,0.00028203681862468594,,0.0032049638480077945,0.007025280754833086,0.5654325419209271,0.023409055945848932,0.00174350033331624,0.00028203681862468594,0.0032049638480077945,0.03512640377416543,,0.009076457617558074,,,0.014050561509666172,0.00087175016665812,0.00028203681862468594,0.0005640736372493719,,
,,0.004127993436234039,,,,0.006512486539151838,0.00028203681862468594,0.00087175016665812,0.021614276190964565,0.00028203681862468594,0.0020511768627249883,,0.03317778575457669,0.010358443156761191,0.0017691400441003026,0.00028203681862468594,0.0005897133480334342,0.0014614635146915542,0.0005897133480334342,,,,,0.035844315676119176,0.003845956617609353,,,0.00028203681862468594,,0.00087175016665812,0.013332649607712426,0.00028203681862468594,,0.014204399774370545,0.0029485667401671707,,,0.0011794266960668683,0.00087175016665812,0.0029485667401671707,0.0011794266960668683,0.003256243269575919,,0.012127583200861495,,0.010358443156761191,0.008281626583252141,0.0023588533921337367,0.03615199220552792,0.00087175016665812,,,0.0020511768627249883,0.043254192092713195,0.0023588533921337367,,0.00028203681862468594,,0.004717706784267473,0.006794523357776524,0.634890518434952,0.022819342597815498,0.003256243269575919,,0.0011794266960668683,0.03494692579867699,,0.0011794266960668683,,,0.006512486539151838,0.0005897133480334342,,,,
0.00028203681862468594,,0.005435618686221219,,0.0005897133480334342,,0.006050971745038716,0.00028203681862468594,0.0033075226911440437,0.014230039485154607,0.00028203681862468594,0.001512742936259679,,0.03694682323983386,0.011794266960668683,0.0008973898774421825,0.00028203681862468594,,0.001512742936259679,,,,,,0.031203528024203887,,,,,,0.0008973898774421825,0.013024973078303676,,,0.010281524024409005,0.0008973898774421825,0.00028203681862468594,,0.0012050664068509306,0.0012050664068509306,0.0005897133480334342,0.00028203681862468594,0.0012050664068509306,,0.008179067740115892,,0.008461104558740577,0.006050971745038716,0.003025485872519358,0.03633147018101636,0.001794779754884365,,0.00028203681862468594,0.0012050664068509306,0.04117737551920414,0.003025485872519358,,,,0.001794779754884365,0.0063586482744474645,0.6867596533511102,0.01392236295574586,0.0012050664068509306,,0.00028203681862468594,0.029665145377160147,0.0005897133480334342,0.0008973898774421825,,,0.0042305522793702885,0.00028203681862468594,,,,
,,0.003820316906825291,,0.00028203681862468594,,0.0076662735244346445,0.0005897133480334342,0.0029485667401671707,0.016845289985128967,0.0020511768627249883,0.00028203681862468594,,0.04522844982308599,0.012101943490077432,0.00087175016665812,0.00028203681862468594,,0.0011794266960668683,0.00028203681862468594,,,,0.00087175016665812,0.03753653658786729,0.0014614635146915542,,,,,0.00028203681862468594,0.014178760063586482,,0.0005897133480334342,0.012691656838110866,0.0011794266960668683,0.00028203681862468594,,0.0023588533921337367,0.003820316906825291,0.0017691400441003026,0.00028203681862468594,0.003820316906825291,,0.00946105327931901,0.0005897133480334342,0.008871339931285575,0.004717706784267473,0.0023588533921337367,0.04079277985744321,0.0035382800882006052,,,0.0014614635146915542,0.05943284959745654,0.004127993436234039,,,,0.00087175016665812,0.006794523357776524,0.614712066047895,0.020383570073329572,0.0023588533921337367,,0.00028203681862468594,0.0331008666222245,0.00087175016665812,0.0020511768627249883,,,0.007384236705809959,0.00028203681862468594,,,,
,,0.003025485872519358,,0.0012050664068509306,,0.007922670632275268,0.001512742936259679,0.003025485872519358,0.021614276190964565,0.0027178093431106097,0.0012050664068509306,,0.039921029690785086,0.012794215681247115,0.0005897133480334342,,0.00028203681862468594,0.003025485872519358,0.0005897133480334342,,,,0.001512742936259679,0.03625455104866417,0.001512742936259679,,,,,,0.012794215681247115,,0.00028203681862468594,0.01492231167632429,0.0005897133480334342,0.00028203681862468594,,0.001512742936259679,0.00028203681862468594,0.002435772524485924,0.0012050664068509306,0.0021280959950771756,,0.012794215681247115,0.0005897133480334342,0.013999282088098046,0.002435772524485924,0.002435772524485924,0.040203066509409774,0.004256191990154351,,,0.0018204194656684272,0.05604840777396031,0.0036408389313368544,,,,0.0018204194656684272,0.0091277370391262,0.5886621198912876,0.03138300599969232,0.003025485872519358,,0.0005897133480334342,0.04294651556330445,0.0027178093431106097,0.0045638685195631,,,0.001512742936259679,0.00028203681862468594,,,,
0.00028203681862468594,,0.008845700220501513,,0.0021280959950771756,,0.011589149274396185,0.0012050664068509306,0.0073073175734577715,0.021383518793908006,0.003948515460745603,0.0021280959950771756,,0.03910055894569509,0.01435823803907492,0.0021280959950771756,,0.0005897133480334342,0.001512742936259679,0.00028203681862468594,0.0021280959950771756,0.0018204194656684272,,0.0012050664068509306,0.03999794882313727,0.002435772524485924,,0.0005897133480334342,,,0.00028203681862468594,0.016486334034152096,0.0018204194656684272,,0.017717040151787086,0.0008973898774421825,0.00028203681862468594,,0.0018204194656684272,0.001512742936259679,0.0012050664068509306,0.001512742936259679,0.0021280959950771756,,0.021691195323316752,0.0008973898774421825,0.010384082867545254,0.0033588021127121687,0.008845700220501513,0.038485205886877594,0.004256191990154351,,,0.0008973898774421825,0.0610994307984206,0.0045638685195631,,,,0.001512742936259679,0.013742884980257422,0.5266652992154248,0.029306189426183273,0.0033588021127121687,0.00028203681862468594,0.0008973898774421825,0.0378698528280601,0.0036408389313368544,0.0012050664068509306,0.00028203681862468594,,0.011589149274396185,0.0021280959950771756,,0.00028203681862468594,,0.0021280959950771756
0.0012050664068509306,0.0027178093431106097,0.0069483616224808985,,0.0027178093431106097,0.00028203681862468594,0.014230039485154607,0.00028203681862468594,0.006050971745038716,0.032408594431054816,0.006050971745038716,0.0012050664068509306,,0.06725296138659556,0.01664017229885647,0.001794779754884365,,,0.003025485872519358,0.00028203681862468594,0.00392287574996154,,,0.004845905338187785,0.036639146710425105,0.0008973898774421825,,0.0008973898774421825,,,0.0033075226911440437,0.02089636428901082,0.0008973898774421825,,0.018152915235116147,0.0021024562842931133,0.0012050664068509306,,0.003025485872519358,0.003025485872519358,0.0027178093431106097,0.0027178093431106097,0.003025485872519358,,0.021793754166453003,0.003615199220552792,0.023024460284087996,0.00392287574996154,0.018460591764524897,0.04997179631813753,0.001794779754884365,,,0.001512742936259679,0.09632839341572227,0.006050971745038716,0.00028203681862468594,0.0005897133480334342,0.00028203681862468594,0.003615199220552792,0.016358135480231784,0.33026511460950725,0.06450951233270089,0.0024101328137018613,0.0012050664068509306,0.0008973898774421825,0.037254499769242604,0.004845905338187785,0.001512742936259679,,,0.033305984308497,0.0012050664068509306,,,,0.003615199220552792
0.0005897133480334342,0.00028203681862468594,0.0063586482744474645,,0.0021024562842931133,0.0012050664068509306,0.003025485872519358,0.0012050664068509306,0.0036408389313368544,0.03128044715655608,0.001512742936259679,0.0005897133480334342,,0.037075021793754166,0.015178708784164914,0.0021024562842931133,,0.00028203681862468594,0.0024101328137018613,0.00028203681862468594,0.0021024562842931133,0.00028203681862468594,,0.007897030921491206,0.027639608225219218,0.0036408389313368544,,,,,0.0018204194656684272,0.01610173837239116,0.0005897133480334342,,0.013358289318496487,0.001512742936259679,0.0005897133480334342,0.00028203681862468594,0.0036408389313368544,0.0018204194656684272,0.003025485872519358,0.003948515460745603,0.0018204194656684272,0.0018204194656684272,0.013665965847905236,0.0027178093431106097,0.019434900774319266,0.0036408389313368544,0.003025485872519358,0.05681759909748218,0.003025485872519358,0.00028203681862468594,,0.003025485872519358,0.062278857494487465,0.003025485872519358,,0.0008973898774421825,0.00028203681862468594,0.0018204194656684272,0.015486385313573664,0.5039485154607455,0.0416132506025332,0.0008973898774421825,0.0008973898774421825,,0.03917747807804728,0.0021024562842931133,0.0036408389313368544,,,0.01153786985282806,0.001512742936259679,,,0.00028203681862468594,0.003948515460745603
,,0.004051074303881852,,0.0008461104558740578,,0.0063586482744474645,0.0005640736372493719,0.002897287318599046,0.02230654838213425,0.0017178606225321778,0.001153786985282806,,0.022896261730167684,0.010717399107738064,,,,0.002307573970565612,0.00028203681862468594,,,,,0.028101123019332343,0.001153786985282806,,,,,0.00028203681862468594,0.014486436592995231,,0.00028203681862468594,0.01012768575970463,0.001435823803907492,0.00028203681862468594,,0.0031793241372237322,0.0005640736372493719,0.002897287318599046,0.001153786985282806,0.004615147941131224,,0.0069483616224808985,0.00028203681862468594,0.0049228244705399726,0.00028203681862468594,0.0017178606225321778,0.03710066150453823,0.0008461104558740578,0.00028203681862468594,,0.0008461104558740578,0.04233116250448695,0.0025896107891902977,,,,0.00028203681862468594,0.009845648941079945,0.6915029998461617,0.01971693759294395,0.0005640736372493719,,0.00028203681862468594,0.026947336034049536,0.0005640736372493719,0.002307573970565612,,,0.004051074303881852,0.0005640736372493719,,,,0.0005640736372493719
0.00028203681862468594,,0.006384287985231526,,0.00174350033331624,,0.006666324803856213,,0.002897287318599046,0.01687092969591303,0.005230500999948721,0.001153786985282806,,0.03199835905850982,0.009871288651864006,,,0.00028203681862468594,0.00174350033331624,0.00028203681862468594,0.0005640736372493719,,,,0.03722886005845854,0.00087175016665812,,,,,0.00028203681862468594,0.01133275216655556,,,0.009589251833239321,0.00087175016665812,0.0005640736372493719,,0.001435823803907492,0.0005640736372493719,0.0026152504999743605,0.0005640736372493719,0.002025537151940926,,0.008999538485205887,0.001153786985282806,0.00697400133326496,0.001153786985282806,0.001153786985282806,0.03374185939182606,0.00174350033331624,,,0.001153786985282806,0.043920824573098816,0.00174350033331624,,0.00028203681862468594,0.00028203681862468594,0.0026152504999743605,0.008435464847956514,0.6639146710425107,0.02820368186246859,0.001435823803907492,,0.0005640736372493719,0.02820368186246859,0.0005640736372493719,0.001153786985282806,,,0.007256038151889647,0.001153786985282806,,,,0.00028203681862468594
,,0.00751243525973027,,0.0008973898774421825,,0.005717655504845905,,0.0024101328137018613,0.027716527357571408,0.003897236039177478,,,0.03494692579867699,0.01143531100969181,0.00028203681862468594,0.00028203681862468594,0.00028203681862468594,0.0024101328137018613,0.0005897133480334342,0.0008973898774421825,,,,0.02981898364186452,0.001794779754884365,,,,0.00028203681862468594,0.00028203681862468594,0.0156658632890621,,,0.015947900107686784,0.00028203681862468594,,,0.0008973898774421825,,0.0021024562842931133,0.00028203681862468594,0.0029998461617352958,,0.006025332034254653,0.0005897133480334342,0.015050510230244602,0.0048202656274037225,0.0012050664068509306,0.030408696989897954,0.0024101328137018613,,0.00028203681862468594,0.0014871032254756167,0.04727962668581098,0.0014871032254756167,,0.00028203681862468594,,0.0024101328137018613,0.006025332034254653,0.6360443054202348,0.03374185939182606,0.001794779754884365,0.00028203681862468594,0.00028203681862468594,0.030408696989897954,0.00028203681862468594,0.0008973898774421825,,,0.005102302446028409,0.0014871032254756167,0.00028203681862468594,,,
,0.00028203681862468594,0.009563612122455259,,,0.0008973898774421825,0.007768832367570894,0.00028203681862468594,0.007461155838162145,0.021255320239987694,0.003871596328393416,0.00028203681862468594,,0.04968975949951285,0.013768524691041485,0.012563458284190554,,0.00028203681862468594,0.0008973898774421825,0.0032818829803599814,0.0005897133480334342,,,0.001794779754884365,0.03592123480847136,0.0014871032254756167,,,,,0.00028203681862468594,0.013460848161632736,0.0005897133480334342,0.0008973898774421825,0.013768524691041485,,,,0.0005897133480334342,0.00028203681862468594,0.002076816573509051,0.0014871032254756167,0.002384493102917799,,0.011358391877339623,0.0008973898774421825,0.01197374493615712,0.004179272857802164,0.002384493102917799,0.038921080970206655,0.002076816573509051,,,0.0011794266960668683,0.061663504435669966,0.0032818829803599814,,,,0.004486949387210912,0.004768986205835598,0.5688169837444232,0.03143428542126045,0.001794779754884365,,0.00028203681862468594,0.03233167529870263,0.0005897133480334342,0.001794779754884365,0.00028203681862468594,,0.005384339264653095,0.0014871032254756167,,,0.0005897133480334342,0.00028203681862468594
,0.0005897133480334342,0.012204502333213681,0.00028203681862468594,0.00028203681862468594,0.00087175016665812,0.009512332700887133,0.0005897133480334342,0.0050510230244602845,0.022614224911542996,0.003256243269575919,0.0011794266960668683,,0.05358699553869033,0.017255525357673964,0.010717399107738064,,0.0005897133480334342,0.0017691400441003026,0.0029742064509512335,0.00028203681862468594,0.00028203681862468594,,0.00087175016665812,0.04702322957797036,0.004153633147018102,,,,0.00028203681862468594,0.00028203681862468594,0.019640018460591765,,0.00028203681862468594,0.023203938259576434,0.0017691400441003026,,,0.0014871032254756167,0.002076816573509051,0.0017691400441003026,0.002076816573509051,0.0044613096764268495,0.0005897133480334342,0.018152915235116147,0.00087175016665812,0.012486539151838368,0.006845802779344649,0.0035639197989846675,0.04256191990154351,0.004153633147018102,,,0.0017691400441003026,0.06607353469052869,0.0014871032254756167,,0.0005897133480334342,,0.005358699553869032,0.009820009230295882,0.4781293267011948,0.040767140146659143,0.0014871032254756167,,0.00087175016665812,0.04048510332803446,0.00028203681862468594,0.0011794266960668683,,,0.008332906004820265,0.00028203681862468594,,,,0.0005897133480334342
0.00028203681862468594,,0.014101840931234295,,,0.00028203681862468594,0.008102148607763704,0.0008973898774421825,0.008691861955797138,0.022793702887031433,0.010486641710681503,0.0005897133480334342,0.0005897133480334342,0.090046664273627,0.014101840931234295,0.011101994769499,0.0005897133480334342,0.00028203681862468594,0.0014871032254756167,0.002076816573509051,0.001794779754884365,,,0.0008973898774421825,0.04802317829854879,0.005102302446028409,,,,,,0.014101840931234295,,0.00028203681862468594,0.01830675349982052,0.001794779754884365,0.00028203681862468594,,0.003897236039177478,0.0026921696323265474,0.005384339264653095,0.001794779754884365,0.004179272857802164,0.0005897133480334342,0.019793856725296138,0.0014871032254756167,0.01230706117634993,0.004794625916619661,0.006897082200912774,0.04651043536228911,0.00838418542638839,,,0.0014871032254756167,0.09063637762166042,0.002076816573509051,0.0008973898774421825,,,0.005102302446028409,0.011691708117532434,0.4017999076970412,0.03781857340649197,0.004179272857802164,,0.0011794266960668683,0.03210091790164607,0.0014871032254756167,0.001794779754884365,,,0.009589251833239321,0.002076816573509051,,,,0.00028203681862468594
0.00028203681862468594,0.00028203681862468594,0.011230193323419312,,0.00028203681862468594,,0.007897030921491206,0.00028203681862468594,0.005153581867596534,0.017024767960617405,0.003025485872519358,0.00028203681862468594,,0.06415055638172401,0.01458899543613148,0.010640479975385878,,,0.0027178093431106097,0.0005897133480334342,0.0005897133480334342,,,0.001512742936259679,0.03556227885749449,0.005461258397005282,,,,,,0.01458899543613148,,,0.013973642377313984,0.001512742936259679,,,0.001512742936259679,0.0012050664068509306,0.0018204194656684272,,0.0021280959950771756,,0.02005025383313676,0.0012050664068509306,0.009717450387159633,0.003025485872519358,0.006384287985231526,0.04925388441618379,0.0033331624019281064,,,0.0024101328137018613,0.059279011332752166,0.0024101328137018613,0.0008973898774421825,,,0.003025485872519358,0.010640479975385878,0.5394082354751037,0.03069073380852264,0.0027178093431106097,0.00028203681862468594,0.0005897133480334342,0.024306445823291112,0.0008973898774421825,0.0027178093431106097,,,0.007897030921491206,0.00028203681862468594,0.00028203681862468594,,,
,0.00028203681862468594,0.0021024562842931133,,,,0.0042305522793702885,,0.001794779754884365,0.021178401107635504,0.0008973898774421825,,,0.026331982975232038,0.012691656838110866,0.0008973898774421825,,,0.0027178093431106097,0.00028203681862468594,,,,0.001794779754884365,0.035690477411414796,0.0021024562842931133,,,,,,0.01664017229885647,,0.00028203681862468594,0.011794266960668683,0.0005897133480334342,,,0.0008973898774421825,0.0008973898774421825,0.001794779754884365,0.0008973898774421825,0.0042305522793702885,0.00028203681862468594,0.005127942156812471,0.0005897133480334342,0.008461104558740577,0.003615199220552792,0.0021024562842931133,0.03843392646530947,0.0024101328137018613,0.0012050664068509306,,0.0008973898774421825,0.043869545151530694,0.004538228808779037,,,,0.003025485872519358,0.00784575149992308,0.6591969642582431,0.02328085739192862,0.0012050664068509306,,0.00028203681862468594,0.03297266806830419,0.0005897133480334342,0.001794779754884365,,,0.007256038151889647,,,,,
,0.00028203681862468594,0.00566637608327778,,,,0.004768986205835598,0.00028203681862468594,0.002076816573509051,0.019101584534126456,0.00087175016665812,0.0029742064509512335,,0.036741705553561356,0.011050715347930876,0.0017691400441003026,,,0.0014871032254756167,,,,,0.00087175016665812,0.033459822573201375,0.0011794266960668683,,,0.0005897133480334342,0.00028203681862468594,,0.018511871186093022,,,0.010743038818522127,,0.00028203681862468594,,0.0011794266960668683,0.0035639197989846675,0.0011794266960668683,0.0011794266960668683,0.002384493102917799,,0.010743038818522127,0.00028203681862468594,0.011050715347930876,0.005358699553869032,0.002076816573509051,0.037639095431003536,0.0011794266960668683,0.0005897133480334342,,0.0017691400441003026,0.04361314804369007,0.0011794266960668683,,0.00028203681862468594,,0.002384493102917799,0.005974052612686529,0.6522486026357623,0.023588533921337366,0.0011794266960668683,,,0.026280703553663916,0.00028203681862468594,0.0029742064509512335,,,0.0062560894313112144,0.0005897133480334342,,,,
,,0.003948515460745603,,,,0.004871545048971848,0.0008973898774421825,0.00028203681862468594,0.02984462335264858,0.0012050664068509306,0.001512742936259679,,0.03928003692118353,0.01033280344597713,0.0005897133480334342,,0.0008973898774421825,0.0008973898774421825,0.0005897133480334342,,,,0.0021280959950771756,0.04356186862212194,0.001512742936259679,,,,,0.00028203681862468594,0.019178503666478643,,,0.01338392902928055,0.0005897133480334342,0.0008973898774421825,,0.001512742936259679,0.00028203681862468594,0.0021280959950771756,0.0005897133480334342,0.005153581867596534,,0.011255833034203374,,0.0091277370391262,0.001512742936259679,0.0045638685195631,0.04356186862212194,0.001512742936259679,,0.00028203681862468594,0.0012050664068509306,0.05481770165632532,0.0012050664068509306,,0.00028203681862468594,,0.0033331624019281064,0.00576893492641403,0.6110455874057741,0.026178144710527665,0.0012050664068509306,,0.0008973898774421825,0.023152658838008308,0.0005897133480334342,0.0021280959950771756,,,0.0073073175734577715,0.002435772524485924,,,,0.00028203681862468594
0.0003076765294087483,0.0003076765294087483,0.005358699553869032,,0.0012563458284190554,,0.00946105327931901,0.0003076765294087483,0.0012563458284190554,0.027126814009537974,0.0028203681862468593,0.0022050151274293625,,0.031844520793805446,0.012281421465565868,,,0.0003076765294087483,0.0012563458284190554,0.0009230295882262449,,,,0.003461360955848418,0.0400492282447054,0.0037690374852571663,0.0003076765294087483,,,,0.0009230295882262449,0.02428080611250705,,0.0009230295882262449,0.023332136813496742,0.0003076765294087483,0.0012563458284190554,,0.002512691656838111,0.0003076765294087483,0.0012563458284190554,0.0006153530588174966,0.0022050151274293625,,0.026178144710527665,,0.009768729808727757,0.0028203681862468593,0.00630736885287934,0.038459566176093536,0.0009230295882262449,0.0003076765294087483,0.0006153530588174966,0.0015640223578278036,0.041305574073124456,0.0022050151274293625,,,,0.0012563458284190554,0.010384082867545254,0.582636787857033,0.027126814009537974,0.0012563458284190554,,0.0006153530588174966,0.029639505666376083,0.0009230295882262449,0.0028203681862468593,,,0.008512383980308702,0.0009230295882262449,0.0006153530588174966,,,0.0003076765294087483
0.00028203681862468594,0.0005897133480334342,0.00761499410286652,,,,0.013409568740064612,,0.003948515460745603,0.01858879031844521,0.005486898107789344,0.0018204194656684272,,0.046664273626993484,0.014640274857699606,0.002743449053894672,,,0.001512742936259679,0.0018204194656684272,0.0018204194656684272,,,0.002435772524485924,0.035075124352597305,0.0033331624019281064,,,,,0.002743449053894672,0.025306394543869546,0.00028203681862468594,,0.02622942413209579,,0.0008973898774421825,,0.002743449053894672,0.0012050664068509306,0.0012050664068509306,0.0008973898774421825,0.0036408389313368544,,0.03720322034767448,0.0008973898774421825,0.014332598328290857,0.005486898107789344,0.010358443156761191,0.05856109943079842,0.0018204194656684272,,0.001512742936259679,0.002743449053894672,0.04330547151428132,0.0012050664068509306,0.00028203681862468594,0.00028203681862468594,0.0012050664068509306,0.0012050664068509306,0.012486539151838368,0.519306702220399,0.02287062201938362,0.0018204194656684272,0.00028203681862468594,0.00028203681862468594,0.019204143377262704,0.0008973898774421825,0.002743449053894672,,,0.011281472744987437,0.0005897133480334342,0.0008973898774421825,,,
0.0005897133480334342,,0.007358596995025896,,,,0.009820009230295882,,0.006127890877390903,0.012896774524383365,0.002435772524485924,0.0005897133480334342,,0.016588892877288344,0.02120404081841957,0.002743449053894672,,0.00028203681862468594,0.001512742936259679,0.0012050664068509306,0.0018204194656684272,,,0.00028203681862468594,0.035639197989846674,0.001512742936259679,,,,,0.0018204194656684272,0.047920619455412546,0.0008973898774421825,,0.014742833700835855,0.0008973898774421825,,,0.0033588021127121687,0.001512742936259679,0.0045895082303471614,0.0021280959950771756,0.0018204194656684272,,0.04117737551920414,0.0005897133480334342,0.015050510230244602,0.006435567406799651,0.012896774524383365,0.05745859186708374,0.0018204194656684272,0.00028203681862468594,0.00028203681862468594,0.0030511255833034203,0.03256243269575919,0.001512742936259679,,,0.0005897133480334342,0.0005897133480334342,0.015050510230244602,0.5292292702938312,0.022434746936054562,,0.00028203681862468594,0.00028203681862468594,0.035639197989846674,0.0005897133480334342,0.007973950053843392,,,0.009512332700887133,0.0012050664068509306,0.0012050664068509306,,,
0.0008973898774421825,0.0008973898774421825,0.005076662735244346,,0.00028203681862468594,0.00028203681862468594,0.005974052612686529,0.0026921696323265474,0.0032818829803599814,0.011948105225373058,0.003871596328393416,0.002076816573509051,,0.018229834367468334,0.013460848161632736,0.00566637608327778,,0.00028203681862468594,0.0005897133480334342,0.0011794266960668683,0.0029742064509512335,,,0.0026921696323265474,0.02512691656838111,0.0008973898774421825,,,,,0.001794779754884365,0.023332136813496742,,,0.011358391877339623,0.00028203681862468594,,,0.004179272857802164,0.0008973898774421825,0.002384493102917799,0.0032818829803599814,0.0029742064509512335,,0.02722937285267422,0.0008973898774421825,0.008666222245013077,0.006281729142095277,0.007461155838162145,0.04756166350443567,0.0008973898774421825,,0.00028203681862468594,0.0029742064509512335,0.034690528690836366,0.004179272857802164,0.0005897133480334342,,0.0008973898774421825,0.0008973898774421825,0.009871288651864006,0.6253269063124969,0.0176401210194349,0.00028203681862468594,0.0005897133480334342,0.002076816573509051,0.023332136813496742,0.0005897133480334342,0.0026921696323265474,,,0.013460848161632736,0.0011794266960668683,0.0005897133480334342,,,
,0.00087175016665812,0.00587149376955028,,0.001153786985282806,,0.00969181067637557,0.0005640736372493719,0.001153786985282806,0.013512127583200861,0.00028203681862468594,0.00028203681862468594,,0.03381877852417825,0.012050664068509307,0.0041023537254499766,0.0005640736372493719,0.00028203681862468594,0.0020511768627249883,,0.00174350033331624,,,0.0005640736372493719,0.03233167529870263,0.00174350033331624,,,,,,0.007332957284241833,,,0.009409773857750884,0.00087175016665812,0.0005640736372493719,,0.001153786985282806,0.00028203681862468594,0.001153786985282806,0.0023332136813496744,0.00087175016665812,,0.007332957284241833,0.0005640736372493719,0.007640633813650582,0.00587149376955028,0.0026408902107584228,0.03381877852417825,0.00087175016665812,0.00028203681862468594,,0.0029229270293831084,0.0352802420388698,0.0023332136813496744,0.0020511768627249883,,,0.0029229270293831084,0.0052817804215168455,0.6822470642531153,0.015281267627301164,0.0005640736372493719,0.00028203681862468594,0.00087175016665812,0.03204963848007795,0.00028203681862468594,0.0020511768627249883,,0.0005640736372493719,0.00882006050971745,0.0005640736372493719,,,,
,,0.007589354392082457,,0.00028203681862468594,,0.0037946771960412286,0.00028203681862468594,0.0026152504999743605,0.018999025690990205,0.0014614635146915542,,,0.032177837033998256,0.011409671298907749,0.0023332136813496744,,0.00028203681862468594,0.0023332136813496744,0.0005640736372493719,0.0029229270293831084,,,,0.030434336700682015,0.001153786985282806,,,,,,0.010819957950874315,,,0.009948207784216194,0.002025537151940926,0.0005640736372493719,0.00028203681862468594,0.0029229270293831084,0.0005640736372493719,0.00087175016665812,0.0014614635146915542,0.0037946771960412286,,0.006127890877390903,0.00087175016665812,0.008461104558740577,0.0055381775293574685,0.0014614635146915542,0.03510076406338136,0.0023332136813496744,0.0005640736372493719,,0.00174350033331624,0.054997179631813754,0.001153786985282806,0.0005640736372493719,0.00028203681862468594,0.00028203681862468594,0.0014614635146915542,0.007589354392082457,0.6637608327778062,0.019306702220398955,0.0005640736372493719,0.00028203681862468594,,0.027793446489923594,,0.00087175016665812,,,0.006127890877390903,0.00087175016665812,,,,
,,0.00915337674991026,,0.0005897133480334342,,0.006486846828367776,,0.0026408902107584228,0.025690990205630482,0.0011794266960668683,0.0005897133480334342,,0.032485513563407,0.01002512691656838,0.0005897133480334342,,0.0005897133480334342,0.0023588533921337367,,0.0011794266960668683,,,0.005307420132300907,0.03366494025947387,0.0014614635146915542,,,,,,0.01564022357827804,,,0.01002512691656838,0.00087175016665812,0.0011794266960668683,,0.00087175016665812,,0.0023588533921337367,0.0020511768627249883,0.0026408902107584228,,0.007384236705809959,,0.013589046715553048,0.004127993436234039,0.0014614635146915542,0.03543408030357417,0.0011794266960668683,0.0005897133480334342,,0.0020511768627249883,0.0463822368083688,0.0011794266960668683,,,,0.0017691400441003026,0.009435413568534947,0.6420439977437055,0.02658838008307266,0.0005897133480334342,0.00028203681862468594,,0.024511563509563614,0.00028203681862468594,0.0017691400441003026,,,0.009435413568534947,,,,,0.00028203681862468594
,,0.007332957284241833,,0.00028203681862468594,,0.010255884313624942,,0.0014614635146915542,0.018486231475308958,0.00087175016665812,0.00087175016665812,0.00028203681862468594,0.03489564637710887,0.010845597661658376,0.00087175016665812,,0.00028203681862468594,0.0020511768627249883,0.00028203681862468594,0.0005640736372493719,0.00028203681862468594,,0.0041023537254499766,0.0343315727398595,0.00174350033331624,,,,,,0.01699912824983334,,0.00087175016665812,0.009076457617558074,0.0005640736372493719,0.0005640736372493719,,0.0005640736372493719,,0.0026408902107584228,0.003512640377416543,0.00087175016665812,0.0005640736372493719,0.011127634480283062,,0.012025024357725244,0.0029229270293831084,0.0020511768627249883,0.03579303625455105,0.001153786985282806,,0.0005640736372493719,0.00087175016665812,0.0507409876416594,0.001153786985282806,,,,0.0023332136813496744,0.005563817240141531,0.6344546433516229,0.024050048715450488,0.0014614635146915542,0.00028203681862468594,0.00174350033331624,0.026690938926208913,0.00028203681862468594,0.0014614635146915542,0.0005640736372493719,,0.014947951387108353,0.00028203681862468594,0.00028203681862468594,,,0.00087175016665812
,,0.005204861289164658,,0.00028203681862468594,,0.009820009230295882,,0.002307573970565612,0.030947130916363263,0.002871647607814984,0.00028203681862468594,,0.04279267729860007,0.012127583200861495,0.00028203681862468594,,0.0008461104558740578,0.001153786985282806,0.0017178606225321778,0.00028203681862468594,,,0.0031793241372237322,0.04279267729860007,0.00402543459309779,,,,,,0.012435259730270242,,,0.012999333367519614,,0.00028203681862468594,,0.001153786985282806,,0.0025896107891902977,0.002871647607814984,0.002307573970565612,0.00028203681862468594,0.0176401210194349,0.001435823803907492,0.012435259730270242,0.001153786985282806,0.00402543459309779,0.03671606584277729,0.001435823803907492,0.00028203681862468594,0.00028203681862468594,0.0008461104558740578,0.06507358596995026,0.0008461104558740578,0.0008461104558740578,0.0005640736372493719,,0.0019998974411568637,0.010102046048920569,0.5597918055484334,0.0378698528280601,0.001435823803907492,0.00028203681862468594,0.0031793241372237322,0.026024306445823292,0.0008461104558740578,0.001435823803907492,,,0.015896620686118662,0.0017178606225321778,,,,
,,0.004717706784267473,,0.003256243269575919,0.00087175016665812,0.009768729808727757,0.00028203681862468594,0.010358443156761191,0.023691092764473617,0.004717706784267473,0.0005897133480334342,,0.05451002512691657,0.013307009896928363,0.0011794266960668683,,,0.0029485667401671707,0.0020511768627249883,0.0005897133480334342,,,0.007691913235218706,0.039690272293728526,0.003256243269575919,,,,,0.00028203681862468594,0.012127583200861495,,,0.012435259730270242,0.00028203681862468594,0.00028203681862468594,,0.0011794266960668683,0.0005897133480334342,0.004717706784267473,0.0026408902107584228,0.0020511768627249883,,0.02102456284293113,0.00087175016665812,0.017460643043946466,0.0026408902107584228,0.008281626583252141,0.05330495872006564,0.0014614635146915542,,,0.0014614635146915542,0.08827752422952669,0.005922773191118404,0.0011794266960668683,0.00087175016665812,0.0005897133480334342,0.0023588533921337367,0.009179016460694323,0.4748218040100508,0.034639249269268244,0.0017691400441003026,0.00028203681862468594,0.0026408902107584228,0.022203989538998,0.00087175016665812,0.0005897133480334342,,,0.025767909337982668,0.0014614635146915542,,,,
,,0.0063586482744474645,,0.00028203681862468594,,0.0063586482744474645,0.00028203681862468594,0.0043331111225065385,0.02197323214194144,0.0019998974411568637,0.001435823803907492,,0.03556227885749449,0.009537972411671196,,,,0.001153786985282806,0.002307573970565612,0.00028203681862468594,,,0.007204758730321522,0.024844879749756424,0.001153786985282806,,,,,,0.011563509563612122,,,0.007794472078354956,0.00028203681862468594,0.00028203681862468594,,0.0017178606225321778,0.0008461104558740578,0.0043331111225065385,0.0017178606225321778,0.0019998974411568637,,0.01676837085277678,0.0019998974411568637,0.010691759396954003,0.0019998974411568637,0.0019998974411568637,0.045972001435823806,0.001435823803907492,0.0008461104558740578,,0.0005640736372493719,0.05117686272498846,0.0008461104558740578,0.0005640736372493719,0.0008461104558740578,0.00028203681862468594,0.002307573970565612,0.007794472078354956,0.6316342751653761,0.025716629916414543,0.0019998974411568637,0.0005640736372493719,0.002871647607814984,0.017050407671401466,0.0005640736372493719,0.0005640736372493719,,,0.01676837085277678,0.0005640736372493719,,,,
,,0.006230449720527153,0.00028203681862468594,,,0.00848674426952464,,0.003384441823496231,0.019845136146864263,0.0028203681862468593,0.0005640736372493719,,0.03886980154863853,0.00935849443618276,0.0005640736372493719,,0.0005640736372493719,0.0011281472744987437,0.0016922209117481155,0.0005640736372493719,,,0.00028203681862468594,0.030921491205579202,0.0019742577303728014,,,,,,0.01305061278908774,,0.0005640736372493719,0.00848674426952464,,,,0.0019742577303728014,0.0011281472744987437,0.0022562945489974875,,0.0019742577303728014,0.00028203681862468594,0.008204707450899953,,0.009640531254807445,0.0036664786421209167,0.0014101840931234296,0.04594636172503974,0.0016922209117481155,0.0005640736372493719,,0.0011281472744987437,0.04963848007794472,0.0016922209117481155,0.0005640736372493719,0.0005640736372493719,,0.003948515460745603,0.006512486539151838,0.6511717347828316,0.02156299676939644,0.0014101840931234296,0.00028203681862468594,0.00028203681862468594,0.02297318086251987,0.0005640736372493719,0.00028203681862468594,,,0.007358596995025896,0.0014101840931234296,,,,0.00028203681862468594
,,0.007050920465617148,0.0005640736372493719,,,0.004974103892108097,0.0005640736372493719,0.003512640377416543,0.027639608225219218,0.0014614635146915542,0.001153786985282806,,0.029101071739910774,0.009102097328342136,0.0023332136813496744,,,0.00087175016665812,0.0014614635146915542,0.00028203681862468594,,,0.00028203681862468594,0.034690528690836366,0.0029229270293831084,,,,,,0.013512127583200861,,0.0005640736372493719,0.006743243936208399,0.001153786985282806,,,0.00087175016665812,0.001153786985282806,0.00174350033331624,,0.0020511768627249883,0.0005640736372493719,0.008512383980308702,0.00028203681862468594,0.01174298753910056,0.0046920670734834115,0.00087175016665812,0.036741705553561356,0.0014614635146915542,0.00087175016665812,,0.00087175016665812,0.04027998564176196,0.0023332136813496744,0.00028203681862468594,0.0005640736372493719,,0.004974103892108097,0.0046920670734834115,0.6658632890620994,0.0243833649556433,0.001153786985282806,,0.00028203681862468594,0.024973078303676736,0.0005640736372493719,0.001153786985282806,0.0005640736372493719,,0.0046920670734834115,0.00087175016665812,,,,
,,0.010845597661658376,0.00087175016665812,,,0.00761499410286652,,0.003512640377416543,0.022280908671350186,0.0014614635146915542,,0.00028203681862468594,0.029331829136967334,0.009384134146966823,0.00028203681862468594,,,0.0005640736372493719,0.0020511768627249883,0.0005640736372493719,,,0.0026408902107584228,0.03871596328393416,0.0020511768627249883,,,,,,0.013486487872416799,,,0.013768524691041485,0.00087175016665812,0.00028203681862468594,,0.0020511768627249883,0.0005640736372493719,0.00174350033331624,0.00028203681862468594,0.0029229270293831084,,0.00761499410286652,0.00028203681862468594,0.013204451053792114,0.005563817240141531,0.0014614635146915542,0.03374185939182606,0.0014614635146915542,0.00087175016665812,,0.001153786985282806,0.042818317009384134,0.0029229270293831084,0.00028203681862468594,0.00028203681862468594,,0.00174350033331624,0.005563817240141531,0.6496589918465719,0.02317829854879237,0.0005640736372493719,,0.0005640736372493719,0.03110096918106764,0.0014614635146915542,,0.0005640736372493719,,0.004384390544074663,0.0005640736372493719,,0.0005640736372493719,,
,,0.008794420798933387,0.0005640736372493719,0.0005640736372493719,,0.00848674426952464,,0.0023332136813496744,0.020537408338033948,0.001153786985282806,0.0005640736372493719,,0.0361007127839598,0.010845597661658376,0.00087175016665812,,,0.00087175016665812,0.00761499410286652,0.0023332136813496744,,,0.005845854058766217,0.040203066509409774,0.007332957284241833,,,,,0.0005640736372493719,0.018768268293933646,0.00028203681862468594,0.0005640736372493719,0.009666170965591508,0.00087175016665812,0.00028203681862468594,,,0.0005640736372493719,0.007025280754833086,0.00028203681862468594,0.001153786985282806,,0.014665914568483667,,0.012025024357725244,0.008204707450899953,0.00087175016665812,0.0428439567201682,0.0014614635146915542,0.0005640736372493719,0.00028203681862468594,0.0005640736372493719,0.048715450489718475,0.0046920670734834115,0.00028203681862468594,0.00028203681862468594,,0.0023332136813496744,0.006153530588174965,0.591303010102046,0.02787036562227578,0.00028203681862468594,0.00028203681862468594,0.0005640736372493719,0.0287421157889339,0.0020511768627249883,0.00028203681862468594,,,0.007922670632275268,0.0005640736372493719,0.00087175016665812,0.00028203681862468594,,
0.00028203681862468594,,0.011691708117532434,0.0008973898774421825,,,0.00838418542638839,0.0008973898774421825,0.005076662735244346,0.027306291985026408,0.010794318240090252,0.002384493102917799,,0.042587559612327575,0.011691708117532434,0.0026921696323265474,,,0.0014871032254756167,0.004794625916619661,0.0032818829803599814,,,0.006281729142095277,0.05671504025434593,0.002384493102917799,,,,,0.0032818829803599814,0.015588944156709913,,,0.016794010563560842,,0.0008973898774421825,,0.0008973898774421825,0.001794779754884365,0.007486795548946208,0.0005897133480334342,0.0032818829803599814,0.00028203681862468594,0.014999230808676479,0.001794779754884365,0.012281421465565868,0.010486641710681503,0.0032818829803599814,0.03599815394082355,0.003897236039177478,0.0011794266960668683,0.0008973898774421825,0.002076816573509051,0.06330444592584995,0.005076662735244346,0.0008973898774421825,0.00028203681862468594,,0.003897236039177478,0.011101994769499,0.49800010255884297,0.03299830777908825,0.0026921696323265474,0.00028203681862468594,0.0008973898774421825,0.031203528024203887,0.0011794266960668683,0.0008973898774421825,,,0.008691861955797138,0.0005897133480334342,0.0005897133480334342,,,
,0.0003076765294087483,0.009255935593046511,0.0006153530588174966,0.0006153530588174966,,0.010486641710681503,0.0009230295882262449,0.006153530588174965,0.018819547715501768,0.014178760063586482,0.004615147941131224,,0.052484487974975645,0.014178760063586482,0.0024614122352699863,0.0003076765294087483,,0.0012307061176349931,0.0030767652940874826,0.004307471411722476,,,0.004615147941131224,0.06822727039638993,0.003384441823496231,,,,,0.0030767652940874826,0.017896518127275524,,,0.01264037741654274,,0.0006153530588174966,,0.0009230295882262449,0.0030767652940874826,0.0049228244705399726,0.0018460591764524897,0.0006153530588174966,,0.02653710066150454,0.0015383826470437413,0.01512742936259679,0.005845854058766217,0.0055381775293574685,0.047536023793651606,0.0024614122352699863,0.002153735705861238,,0.0030767652940874826,0.09417465770986103,0.0012307061176349931,0.0006153530588174966,0.0003076765294087483,,0.007409876416594021,0.017588841597866774,0.41197887287831403,0.03643402902415261,0.0015383826470437413,0.0003076765294087483,0.0003076765294087483,0.03517768319573355,0.0015383826470437413,0.0006153530588174966,,,0.012025024357725244,0.002153735705861238,0.0009230295882262449,,,
,,0.0021024562842931133,0.0008973898774421825,,,0.005127942156812471,0.0033075226911440437,0.003615199220552792,0.01633249576944772,0.004538228808779037,0.001794779754884365,,0.03543408030357417,0.011204553612635249,0.003025485872519358,,0.00028203681862468594,,0.00028203681862468594,0.0021024562842931133,,,0.0069483616224808985,0.025434593097789858,0.0024101328137018613,,,,,0.0005897133480334342,0.012999333367519614,,,0.009666170965591508,0.0012050664068509306,0.0005897133480334342,,0.0012050664068509306,0.001794779754884365,0.0008973898774421825,0.0012050664068509306,0.0008973898774421825,,0.020281011230193324,0.00028203681862468594,0.00664068509307215,0.0024101328137018613,0.0069483616224808985,0.05299728219065689,0.0021024562842931133,0.0005897133480334342,,0.001512742936259679,0.06479154915132557,0.0008973898774421825,,0.00028203681862468594,,0.005127942156812471,0.015742782421414286,0.5976360186657095,0.022101430695861752,0.0012050664068509306,0.0005897133480334342,0.0005897133480334342,0.026639659504640787,0.0005897133480334342,0.00028203681862468594,,,0.01240962001948618,0.0005897133480334342,0.0005897133480334342,0.00028203681862468594,,
,,0.004538228808779037,0.00028203681862468594,,0.00028203681862468594,0.005461258397005282,0.0005897133480334342,0.0027178093431106097,0.01425567919593867,0.0008973898774421825,0.0005897133480334342,,0.03794677196041229,0.009409773857750884,0.001512742936259679,0.00028203681862468594,0.0012050664068509306,0.0005897133480334342,0.00028203681862468594,0.0012050664068509306,,,0.00576893492641403,0.024896159171324546,0.0021024562842931133,,,,,,0.021845033588021128,0.0008973898774421825,0.00028203681862468594,0.011819906671452746,0.0008973898774421825,,,0.00028203681862468594,0.0018204194656684272,0.0012050664068509306,0.00028203681862468594,0.0033331624019281064,,0.007871391210707143,0.00028203681862468594,0.009717450387159633,0.0005897133480334342,0.006666324803856213,0.036741705553561356,0.0024101328137018613,,,0.0008973898774421825,0.04433105994564381,0.0033331624019281064,0.00028203681862468594,0.00028203681862468594,,0.0027178093431106097,0.009102097328342136,0.6619147736013538,0.019434900774319266,0.0008973898774421825,0.00028203681862468594,0.00028203681862468594,0.023665453053689556,0.0008973898774421825,0.00028203681862468594,,,0.00848674426952464,0.0005897133480334342,0.00028203681862468594,0.00028203681862468594,,
,,0.003512640377416543,0.00087175016665812,0.00028203681862468594,,0.00848674426952464,0.001153786985282806,0.007897030921491206,0.026921696323265472,0.0005640736372493719,0.001153786985282806,,0.032485513563407,0.009076457617558074,0.001153786985282806,,0.0005640736372493719,0.0005640736372493719,0.0037946771960412286,0.0005640736372493719,,,0.005845854058766217,0.02751140967129891,0.0014614635146915542,,,,,,0.01610173837239116,0.0005640736372493719,0.00028203681862468594,0.011999384646941183,0.0005640736372493719,0.00028203681862468594,,0.0005640736372493719,0.0014614635146915542,0.00028203681862468594,0.00087175016665812,0.00174350033331624,,0.008179067740115892,0.00028203681862468594,0.010819957950874315,0.0014614635146915542,0.0029229270293831084,0.04507461155838162,0.004384390544074663,0.00087175016665812,,0.0005640736372493719,0.06117634993077278,0.002025537151940926,,0.0005640736372493719,,0.004076714014665915,0.009948207784216194,0.6168145223321881,0.01666581200964053,0.00028203681862468594,0.00028203681862468594,0.00087175016665812,0.028972873185990462,0.0014614635146915542,0.00028203681862468594,,,0.012281421465565868,0.00087175016665812,0.00028203681862468594,,,
,,0.004307471411722476,0.0005640736372493719,0.00028203681862468594,,0.006897082200912774,,0.00315368442643967,0.021255320239987694,0.0011281472744987437,0.0008461104558740578,,0.047433464950515355,0.008614942823444952,0.00228193425978155,,,0.0008461104558740578,0.005153581867596534,0.0005640736372493719,,,0.0011281472744987437,0.0313317265781242,0.002871647607814984,,,,,,0.014076201220450233,0.0011281472744987437,0.0005640736372493719,0.009486692990103072,,0.00028203681862468594,,0.0005640736372493719,0.0011281472744987437,0.0019998974411568637,0.001435823803907492,0.0037177580636890417,0.00028203681862468594,0.005153581867596534,0.0005640736372493719,0.011486590431259935,0.00028203681862468594,0.0019998974411568637,0.042536280190759446,0.0017178606225321778,,,,0.04340803035741757,0.0011281472744987437,0.0008461104558740578,0.0005640736372493719,,0.002871647607814984,0.005743295215629968,0.6466591456848367,0.020973283421363006,0.001435823803907492,0.00028203681862468594,,0.02384493102917799,0.0005640736372493719,0.00028203681862468594,,,0.013486487872416799,0.0005640736372493719,0.00028203681862468594,,,
,,0.003461360955848418,0.0008461104558740578,,,0.006076611455822778,0.0005640736372493719,0.006384287985231526,0.0243833649556433,0.001435823803907492,0.00028203681862468594,,0.03397261678888262,0.010743038818522127,0.002897287318599046,,,0.0005640736372493719,0.005794574637198092,0.0008461104558740578,,,0.001153786985282806,0.02612686528895954,0.002307573970565612,,,,,,0.016537613455720218,,0.0017178606225321778,0.009563612122455259,,,,0.0017178606225321778,,0.002897287318599046,0.0008461104558740578,0.0025896107891902977,,0.011614788985180247,0.001435823803907492,0.008691861955797138,0.002307573970565612,0.007538074970514333,0.03917747807804728,0.0031793241372237322,0.0005640736372493719,0.0008461104558740578,0.00028203681862468594,0.04820265627403723,0.0025896107891902977,0.001435823803907492,0.0005640736372493719,,0.0031793241372237322,0.01043536228911338,0.6110455874057741,0.03048561612225014,0.00028203681862468594,0.00028203681862468594,0.00028203681862468594,0.030767652940874825,0.001435823803907492,0.002025537151940926,0.0005640736372493719,,0.0156658632890621,0.00028203681862468594,0.0008461104558740578,,,0.00028203681862468594
0.00028203681862468594,,0.00979436951951182,0.0005640736372493719,,0.0005640736372493719,0.008922619352853699,0.0005640736372493719,0.0051792215783805955,0.029972821906568893,0.0051792215783805955,0.0005640736372493719,,0.0469975898671863,0.010948156504794625,0.00228193425978155,,0.0005640736372493719,0.0008461104558740578,0.0011281472744987437,0.0005640736372493719,,,0.002871647607814984,0.03228039587713451,0.002871647607814984,,,,,0.00028203681862468594,0.01728116506845803,,0.0005640736372493719,0.011819906671452746,0.0008461104558740578,0.00028203681862468594,,0.0025896107891902977,0.0008461104558740578,0.0011281472744987437,0.0008461104558740578,0.00315368442643967,,0.01699912824983334,0.00028203681862468594,0.014127480642018358,0.009204656171478386,0.005461258397005282,0.04410030254858725,0.003743397774473104,0.00028203681862468594,,0.0005640736372493719,0.06343264447977026,0.00228193425978155,0.0008461104558740578,0.0008461104558740578,,0.00402543459309779,0.014973591097892416,0.5333572637300651,0.02881903492128609,0.0005640736372493719,0.0005640736372493719,0.0008461104558740578,0.03228039587713451,0.0008461104558740578,,0.00028203681862468594,,0.01728116506845803,0.0005640736372493719,0.0005640736372493719,,,0.00028203681862468594
0.00028203681862468594,,0.0008461104558740578,,0.0017178606225321778,,0.00805086918619558,0.0005640736372493719,0.00315368442643967,0.029126711450694835,0.0017178606225321778,0.00028203681862468594,,0.06545818163171119,0.012973693656735553,0.001435823803907492,,0.0005640736372493719,0.001435823803907492,0.0005640736372493719,0.0017178606225321778,0.00028203681862468594,,0.00315368442643967,0.025665350494846417,0.001435823803907492,,,,,0.0008461104558740578,0.018152915235116147,,0.0005640736372493719,0.012101943490077432,,,,0.00228193425978155,0.0008461104558740578,0.007204758730321522,0.0005640736372493719,0.001435823803907492,0.00028203681862468594,0.024203886980154864,0.001435823803907492,0.01958873903902364,0.00979436951951182,0.009204656171478386,0.04930516383775191,0.003743397774473104,0.0005640736372493719,,0.0008461104558740578,0.08448284703348546,0.003743397774473104,0.0008461104558740578,0.0008461104558740578,,0.006333008563663402,0.010948156504794625,0.4620019486180197,0.043254192092713195,0.0005640736372493719,0.0005640736372493719,0.0008461104558740578,0.03143428542126045,0.0017178606225321778,,,,0.024203886980154864,0.0008461104558740578,0.00228193425978155,0.00028203681862468594,0.0011281472744987437,0.00028203681862468594
,0.0005640736372493719,0.0005640736372493719,,0.0008461104558740578,,0.004871545048971848,,0.0045895082303471614,0.017486282754730527,0.0019998974411568637,0.0005640736372493719,,0.03384441823496231,0.010614840264601815,0.0008461104558740578,0.00028203681862468594,,0.0005640736372493719,,0.0011281472744987437,,,0.0014101840931234296,0.0243833649556433,0.0025639710784062355,,,,,0.0005640736372493719,0.01576842213219835,,0.00028203681862468594,0.011460950720475873,0.0014101840931234296,,,0.0019998974411568637,0.00315368442643967,0.0019998974411568637,0.00028203681862468594,0.00028203681862468594,,0.016922209117481154,0.00028203681862468594,0.008871339931285575,0.008025229475411517,0.0034357212450643556,0.05594584893082406,0.00228193425978155,,,0.0014101840931234296,0.061663504435669966,0.0011281472744987437,0.0008461104558740578,0.0008461104558740578,,0.0028460078970309216,0.01002512691656838,0.6215578688272396,0.02122968052920363,0.0014101840931234296,0.0005640736372493719,0.00028203681862468594,0.020075893543920826,0.0017178606225321778,,,,0.010614840264601815,0.0011281472744987437,0.0025639710784062355,,,
,,0.003948515460745603,,0.00028203681862468594,,0.008179067740115892,0.00028203681862468594,0.002538331367622173,0.017793959284139276,,0.00028203681862468594,0.00028203681862468594,0.04069022101430696,0.00902517819598995,0.0005640736372493719,0.0005640736372493719,0.00028203681862468594,,,0.00028203681862468594,,,,0.035023844931029176,0.0056407363724937185,,,,,0.00028203681862468594,0.01240962001948618,,,0.009871288651864006,0.0008461104558740578,0.00028203681862468594,,0.0014101840931234296,0.0005640736372493719,0.0014101840931234296,0.00028203681862468594,0.003384441823496231,,0.0056407363724937185,,0.008461104558740577,0.0022562945489974875,,0.029101071739910774,0.0022562945489974875,0.00028203681862468594,0.00028203681862468594,0.0014101840931234296,0.038126249935900726,0.0014101840931234296,,0.00028203681862468594,,0.002538331367622173,0.0042305522793702885,0.6942464489000564,0.019204143377262704,0.00028203681862468594,,,0.02033229065176145,0.0011281472744987437,0.0005640736372493719,,,0.01099943592636275,0.00028203681862468594,,,,0.00028203681862468594
,,0.00348700066663248,,,,0.009179016460694323,0.00025639710784062353,0.0024101328137018613,0.013768524691041485,0.0016153017793959284,0.0007948310343059331,0.00025639710784062353,0.031306086867340134,0.008614942823444952,0.0005384339264653095,,0.0005384339264653095,,,0.00025639710784062353,,,,0.02753704938208297,0.0016153017793959284,,,,,,0.01133275216655556,,,0.009973847495000257,0.00025639710784062353,0.00025639710784062353,,0.0013332649607712425,0.0013332649607712425,0.001076867852930619,0.00025639710784062353,0.002153735705861238,,0.005127942156812471,0.0005384339264653095,0.008896979642069638,0.002153735705861238,0.001076867852930619,0.030767652940874825,0.003230603558791857,0.00025639710784062353,,0.0016153017793959284,0.03481872724475668,0.0016153017793959284,,0.00025639710784062353,,0.004307471411722476,0.006999641044049023,0.7169888723655197,0.018358032921388646,,0.00025639710784062353,,0.02266550433311112,0.0007948310343059331,0.001871698887236552,,,0.006743243936208399,,0.00025639710784062353,,,0.00025639710784062353
,,0.0021280959950771756,,0.00025639710784062353,,0.009640531254807445,0.0005127942156812471,0.0032049638480077945,0.015819701553766472,0.0048202656274037225,0.0005127942156812471,0.00025639710784062353,0.03510076406338136,0.008025229475411517,0.002666529921542485,,,,0.0005127942156812471,0.0005127942156812471,,,,0.03135736628890826,0.0029485667401671707,,,,,0.0010512281421465566,0.014742833700835855,0.0005127942156812471,0.0005127942156812471,0.006409927696015589,0.0005127942156812471,,,,,0.0015896620686118661,0.00025639710784062353,0.003461360955848418,,0.0048202656274037225,,0.007230398441105584,0.0007948310343059331,0.0013332649607712425,0.03966463258294446,0.0015896620686118661,0.0005127942156812471,,0.0007948310343059331,0.05145889954361315,0.0005127942156812471,,0.0005127942156812471,,0.0021280959950771756,0.005615096661709656,0.6789651812727552,0.017152966514537717,,0.00025639710784062353,,0.025998666735039228,0.0007948310343059331,0.0010512281421465566,0.0005127942156812471,,0.010717399107738064,,0.00025639710784062353,,,
,,0.004486949387210912,0.00025639710784062353,,,0.01643505461258397,0.0010512281421465566,0.002384493102917799,0.02066560689195426,0.0010512281421465566,0.00025639710784062353,0.0005127942156812471,0.036305830470232295,0.012973693656735553,0.0018460591764524897,,0.0005127942156812471,0.0007948310343059331,0.0007948310343059331,0.00025639710784062353,,,0.0005127942156812471,0.027024255166401723,0.0015896620686118661,,,,,0.0013076252499871802,0.016153017793959282,,0.0005127942156812471,0.012178862622429619,0.0005127942156812471,0.00025639710784062353,,0.00025639710784062353,,0.0031793241372237322,0.00025639710784062353,0.0021024562842931133,0.00025639710784062353,0.008743141377365263,,0.007153479308753397,0.0015896620686118661,0.0021024562842931133,0.04240808163683914,0.0018460591764524897,0.00025639710784062353,,0.0018460591764524897,0.03499820522024512,0.002384493102917799,,0.00025639710784062353,,0.0018460591764524897,0.0026408902107584228,0.662812163478796,0.023332136813496742,0.0005127942156812471,0.00025639710784062353,0.0005127942156812471,0.022255268960566125,0.0013076252499871802,0.002897287318599046,,,0.008999538485205887,0.00025639710784062353,0.0013076252499871802,,,0.0007948310343059331
,,0.004179272857802164,,0.0011025075637146812,0.0008204707450899954,0.010845597661658376,0.0005384339264653095,0.004179272857802164,0.0219988718527255,0.0016665812009640532,0.0005384339264653095,0.00025639710784062353,0.052946002769088764,0.009179016460694323,0.0024870519460540486,,,0.00025639710784062353,,0.00025639710784062353,0.00025639710784062353,0.0011025075637146812,0.0033331624019281064,0.04122865494077227,0.0022050151274293625,,,,0.00025639710784062353,0.0013845443823393671,0.016153017793959282,,0.00025639710784062353,0.015050510230244602,0.0008204707450899954,0.0005384339264653095,,0.001948618019588739,0.0016665812009640532,0.006127890877390903,0.0008204707450899954,0.0033331624019281064,,0.01643505461258397,0.00025639710784062353,0.010307163735193067,0.0027690887646787342,0.004999743602892159,0.04235680221527101,0.0011025075637146812,,,0.0016665812009640532,0.06912466027383211,0.0005384339264653095,,0.00025639710784062353,,0.0016665812009640532,0.009743090097943696,0.5461771191220963,0.03287010922516794,0.0013845443823393671,0.0005384339264653095,,0.027306291985026408,0.0008204707450899954,0.005563817240141531,,,0.013358289318496487,0.0011025075637146812,0.0005384339264653095,,,0.0013845443823393671
0.00025639710784062353,,0.006102251166606841,,0.0005384339264653095,,0.007768832367570894,0.0027690887646787342,0.0033331624019281064,0.027819086200707655,0.005820214347982155,0.00025639710784062353,0.00025639710784062353,0.06038151889646685,0.015281267627301164,0.0030511255833034203,,0.0005384339264653095,0.0008204707450899954,0.00025639710784062353,0.0019229783088046766,0.00025639710784062353,0.0011025075637146812,0.004435669965642788,0.028639556945797652,0.004717706784267473,,,,,0.0011025075637146812,0.020306650940977385,,,0.014178760063586482,0.00025639710784062353,0.00025639710784062353,0.0005384339264653095,0.004153633147018102,0.003615199220552792,0.0013845443823393671,0.00025639710784062353,0.0016665812009640532,,0.026690938926208913,0.0008204707450899954,0.009179016460694323,0.0027690887646787342,0.01361468642633711,0.05592020922004,0.0016665812009640532,0.0005384339264653095,,0.0024870519460540486,0.11909645659196964,0.0027690887646787342,0.00025639710784062353,0.00025639710784062353,0.00025639710784062353,0.0030511255833034203,0.010563560843033691,0.42823444951540945,0.04033126506333008,0.0016665812009640532,,0.00025639710784062353,0.028921593764422337,0.00025639710784062353,0.0030511255833034203,0.00025639710784062353,,0.019178503666478643,0.0016665812009640532,0.0011025075637146812,,,0.0011025075637146812
,,0.006153530588174965,,0.00025639710784062353,0.00025639710784062353,0.006409927696015589,0.0005127942156812471,0.003461360955848418,0.020639967181170196,0.0024101328137018613,0.0005127942156812471,0.00025639710784062353,0.03215219732321419,0.012050664068509307,0.004281831700938413,0.0005127942156812471,0.00025639710784062353,0.0021280959950771756,,0.0015896620686118661,,,,0.02546023280857392,0.003461360955848418,,,,,0.0015896620686118661,0.010717399107738064,,0.00025639710784062353,0.01633249576944772,0.00025639710784062353,,0.0005127942156812471,0.0015896620686118661,0.001871698887236552,0.003461360955848418,0.00025639710784062353,0.0015896620686118661,0.00025639710784062353,0.01794779754884365,0.00025639710784062353,0.010717399107738064,0.005358699553869032,0.007230398441105584,0.05063842879852315,0.001871698887236552,0.00025639710784062353,,0.0010512281421465566,0.06727860109737963,0.001871698887236552,0.00025639710784062353,0.00025639710784062353,,0.002666529921542485,0.01043536228911338,0.5898671862981386,0.027049894877185784,0.0010512281421465566,,0.00025639710784062353,0.025178195989949234,0.0010512281421465566,0.0048202656274037225,,0.00025639710784062353,0.008845700220501513,0.0010512281421465566,0.0005127942156812471,,,0.0005127942156812471
,0.0005384339264653095,0.0030511255833034203,,0.00025639710784062353,,0.008896979642069638,0.00025639710784062353,0.0024870519460540486,0.017229885646889903,0.0005384339264653095,0.0005384339264653095,0.0005384339264653095,0.025870468181118916,0.013332649607712426,0.0033331624019281064,,0.00025639710784062353,0.0008204707450899954,0.00025639710784062353,0.00025639710784062353,,,,0.03920311778883134,0.0019229783088046766,,,,,,0.017793959284139276,,0.0005384339264653095,0.009999487205784318,0.0024870519460540486,0.00025639710784062353,,0.0008204707450899954,0.0019229783088046766,0.0022050151274293625,0.00025639710784062353,0.0019229783088046766,,0.00805086918619558,,0.009179016460694323,0.0030511255833034203,0.0019229783088046766,0.039485154607456024,0.0024870519460540486,,,0.0027690887646787342,0.051997333470078455,0.0013845443823393671,0.00025639710784062353,0.00025639710784062353,0.00025639710784062353,0.0030511255833034203,0.007486795548946208,0.6434029024152608,0.027255012563458286,0.0011025075637146812,0.0005384339264653095,0.00025639710784062353,0.02392185016153018,0.003871596328393416,0.0005384339264653095,,,0.008332906004820265,0.0008204707450899954,0.0005384339264653095,,,
,0.00025639710784062353,0.005974052612686529,,0.001076867852930619,,0.008409825137172453,0.0013332649607712425,0.003512640377416543,0.014101840931234295,0.0043331111225065385,0.0005384339264653095,0.0005384339264653095,0.03284446951438388,0.007871391210707143,0.0018973385980206143,,0.00025639710784062353,0.001076867852930619,0.00025639710784062353,,,,0.00025639710784062353,0.030408696989897954,0.0007948310343059331,0.00025639710784062353,,,,,0.011666068406748371,,0.00025639710784062353,0.01002512691656838,0.0013332649607712425,,,0.001076867852930619,0.0013332649607712425,0.001076867852930619,0.0005384339264653095,0.00025639710784062353,0.001076867852930619,0.006230449720527153,0.00025639710784062353,0.01002512691656838,0.002435772524485924,,0.04127993436234039,0.001076867852930619,0.00025639710784062353,,0.0026921696323265474,0.05079226706322753,0.002435772524485924,,0.00025639710784062353,0.00025639710784062353,0.0013332649607712425,0.0043331111225065385,0.6644531049689759,0.02525511512230142,0.00025639710784062353,0.00025639710784062353,,0.029331829136967334,0.0018973385980206143,0.0013332649607712425,,,0.005974052612686529,0.0005384339264653095,0.0005384339264653095,,0.00025639710784062353,0.0016153017793959284
,,0.0039741551715296655,0.00025639710784062353,0.0005127942156812471,,0.009845648941079945,,0.0021280959950771756,0.01569150299984616,0.0010512281421465566,0.0005127942156812471,0.0005127942156812471,0.042869596430952256,0.009563612122455259,0.0013076252499871802,,0.0007948310343059331,0.0013076252499871802,,0.00025639710784062353,,,0.0005127942156812471,0.03115224860263576,0.0013076252499871802,,,,,,0.01435823803907492,,0.0007948310343059331,0.010640479975385878,0.0007948310343059331,0.00025639710784062353,,0.0007948310343059331,0.0026408902107584228,0.0013076252499871802,0.0007948310343059331,0.0026408902107584228,,0.006384287985231526,,0.008768781088149326,0.0021280959950771756,0.00025639710784062353,0.03566483770063074,0.0031793241372237322,0.0005127942156812471,,0.0018460591764524897,0.04340803035741757,0.0021280959950771756,,0.00025639710784062353,,0.0039741551715296655,0.004256191990154351,0.6726065329983077,0.021819393877237064,0.00025639710784062353,,,0.023152658838008308,0.0013076252499871802,0.0018460591764524897,,,0.003461360955848418,0.0010512281421465566,0.0005127942156812471,,,0.0026408902107584228
0.00025639710784062353,,0.0043331111225065385,,,,0.010307163735193067,0.0005384339264653095,0.0029742064509512335,0.019537459617455514,0.0007948310343059331,0.0005384339264653095,0.0005384339264653095,0.03069073380852264,0.009486692990103072,0.001076867852930619,,,0.0007948310343059331,,0.00025639710784062353,,,0.0005384339264653095,0.026614019793856726,0.0007948310343059331,,,,,,0.01492231167632429,,0.0018973385980206143,0.011127634480283062,,,,0.0005384339264653095,0.0013332649607712425,0.004051074303881852,0.002153735705861238,0.0007948310343059331,,0.011666068406748371,,0.009768729808727757,0.001076867852930619,0.001076867852930619,0.03394697707809856,0.002153735705861238,0.0005384339264653095,,0.0018973385980206143,0.047253986975026925,0.0005384339264653095,,,,0.003256243269575919,0.006512486539151838,0.6659145684836675,0.023896210450746115,0.001076867852930619,,,0.02851135839187734,0.0007948310343059331,0.0029742064509512335,0.0005384339264653095,,0.0043331111225065385,0.0007948310343059331,0.0018973385980206143,0.00025639710784062353,0.0005384339264653095,0.0018973385980206143
0.00025639710784062353,0.00025639710784062353,0.004871545048971848,,,0.00025639710784062353,0.010281524024409005,0.0005384339264653095,0.003512640377416543,0.024357725244859237,0.0013332649607712425,,0.0005384339264653095,0.04522844982308599,0.015153069073380852,0.002153735705861238,0.0005384339264653095,0.001076867852930619,0.0007948310343059331,0.001076867852930619,0.0007948310343059331,,,0.00025639710784062353,0.02789600533305984,0.0037690374852571663,,,,,,0.014614635146915543,,0.00025639710784062353,0.012717296548894929,0.00025639710784062353,,,0.0013332649607712425,0.0016153017793959284,0.0026921696323265474,0.0037690374852571663,0.003512640377416543,,0.018665709450797395,0.0005384339264653095,0.014614635146915543,0.002153735705861238,0.0037690374852571663,0.049817958053433156,0.004871545048971848,,,0.003230603558791857,0.05579201066611968,0.001076867852930619,0.00025639710784062353,0.00025639710784062353,,0.003230603558791857,0.008102148607763704,0.573560330239475,0.0311266088918517,0.0007948310343059331,,0.0007948310343059331,0.02789600533305984,0.001871698887236552,0.0016153017793959284,,,0.00838418542638839,0.0007948310343059331,0.001076867852930619,,,
0.0005640736372493719,0.00028203681862468594,0.01240962001948618,,0.0011281472744987437,0.00028203681862468594,0.012973693656735553,0.00028203681862468594,0.0042305522793702885,0.02820368186246859,,0.0042305522793702885,0.00028203681862468594,0.09368750320496384,0.014947951387108353,0.0022562945489974875,,,0.003102405004871545,0.00028203681862468594,0.0011281472744987437,,,0.0016922209117481155,0.038357007332957285,0.0042305522793702885,,,,,0.0014101840931234296,0.014383877749858982,,0.0008461104558740578,0.012691656838110866,0.0011281472744987437,0.0005640736372493719,,0.0019742577303728014,0.0042305522793702885,0.003948515460745603,0.0014101840931234296,0.0022562945489974875,,0.023409055945848932,0.00028203681862468594,0.014665914568483667,0.004512589097994975,0.007050920465617148,0.04853597251423004,0.0011281472744987437,0.00028203681862468594,,0.003948515460745603,0.1086354545920722,0.0022562945489974875,0.00028203681862468594,,0.00028203681862468594,0.010153325470488693,0.01240962001948618,0.37851905030511246,0.053048561612225015,0.003102405004871545,,0.0005640736372493719,0.029895902774216707,0.0014101840931234296,0.0056407363724937185,,,0.017204245936105842,0.0019742577303728014,0.0011281472744987437,0.00028203681862468594,,
0.00087175016665812,0.00028203681862468594,0.0032049638480077945,,0.00087175016665812,0.00028203681862468594,0.005563817240141531,,0.0023332136813496744,0.025537151940926105,,0.0005640736372493719,,0.0463822368083688,0.010563560843033691,0.0026408902107584228,,0.0005640736372493719,0.0029229270293831084,,0.00087175016665812,,,0.00028203681862468594,0.02522947541151736,0.001153786985282806,,,,,0.00028203681862468594,0.01730680477924209,,0.00028203681862468594,0.009666170965591508,,,,0.00174350033331624,0.00174350033331624,0.0037946771960412286,0.001153786985282806,0.001153786985282806,,0.018768268293933646,0.00028203681862468594,0.009384134146966823,0.004384390544074663,0.004384390544074663,0.04961284036716066,0.0005640736372493719,0.00028203681862468594,,0.0020511768627249883,0.05079226706322753,0.00028203681862468594,,0.0005640736372493719,0.00028203681862468594,0.007332957284241833,0.008794420798933387,0.5990974821804009,0.03110096918106764,0.001153786985282806,,0.0005640736372493719,0.025819188759550794,0.0014614635146915542,0.0026408902107584228,,,0.01230706117634993,0.0005640736372493719,0.00028203681862468594,,,
0.00025639710784062353,,0.008743141377365263,,,,0.010922516794010564,0.00025639710784062353,0.0027178093431106097,0.023229577970360495,0.00025639710784062353,0.00025639710784062353,,0.03225475616635044,0.011460950720475873,0.0005384339264653095,0.0007948310343059331,,0.0021793754166453,0.0005384339264653095,,,,0.00025639710784062353,0.030331777857545768,0.0007948310343059331,,,,,0.00025639710784062353,0.013665965847905236,,0.0007948310343059331,0.008743141377365263,0.0005384339264653095,,,0.0016153017793959284,0.0007948310343059331,0.003256243269575919,0.001076867852930619,0.0035382800882006052,,0.003820316906825291,,0.009281575303830572,0.0021793754166453,0.002435772524485924,0.0404594636172504,0.002435772524485924,0.0007948310343059331,,0.0018973385980206143,0.04210040510743039,0.0018973385980206143,,0.0005384339264653095,,0.004076714014665915,0.007640633813650582,0.6693759294395158,0.019127224244910517,0.0005384339264653095,,0.00025639710784062353,0.021050202553715196,0.0007948310343059331,0.0007948310343059331,,,0.007922670632275268,0.00025639710784062353,,,,0.00025639710784062353
0.0005127942156812471,,0.007384236705809959,0.0007691913235218707,,,0.0087175016665812,0.00025639710784062353,0.0021024562842931133,0.014794113122403979,0.0007691913235218707,0.0007691913235218707,,0.029306189426183273,0.009512332700887133,0.0021024562842931133,,0.0007691913235218707,0.00025639710784062353,,,,,0.0007691913235218707,0.03381877852417825,0.00315368442643967,,,,,0.00025639710784062353,0.011614788985180247,0.0005127942156812471,0.0005127942156812471,0.010281524024409005,0.002897287318599046,,,0.0007691913235218707,0.0023588533921337367,0.00315368442643967,0.0015640223578278036,0.0013076252499871802,,0.008179067740115892,,0.009768729808727757,0.0018460591764524897,0.0018460591764524897,0.032485513563407,0.0021024562842931133,0.0007691913235218707,,0.0015640223578278036,0.041203015229988205,0.0005127942156812471,,0.00025639710784062353,,0.008179067740115892,0.004999743602892159,0.6751448643659299,0.021921952720373315,0.0007691913235218707,,,0.02666529921542485,0.0005127942156812471,0.0010512281421465566,0.0018460591764524897,,0.006076611455822778,0.0010512281421465566,,,,0.00025639710784062353
0.00025639710784062353,,0.005820214347982155,,0.0005384339264653095,,0.005820214347982155,0.0011025075637146812,0.0022050151274293625,0.01666581200964053,0.0033331624019281064,,,0.03810061022511666,0.009717450387159633,0.0013845443823393671,,,0.0011025075637146812,,,,,0.0008204707450899954,0.035869955386903234,0.0030511255833034203,,,,,0.0008204707450899954,0.011384031588123686,,,0.015281267627301164,0.00025639710784062353,,0.00025639710784062353,0.0016665812009640532,0.0019229783088046766,0.0019229783088046766,0.0016665812009640532,0.0022050151274293625,0.00025639710784062353,0.006102251166606841,,0.008614942823444952,0.0008204707450899954,0.0019229783088046766,0.043920824573098816,0.0024870519460540486,0.0019229783088046766,,0.0022050151274293625,0.05061278908773909,0.0011025075637146812,,,,0.00915337674991026,0.007768832367570894,0.6453002410132813,0.018896466847853958,0.0008204707450899954,,0.00025639710784062353,0.020845084867442694,0.0011025075637146812,0.0011025075637146812,0.0011025075637146812,,0.00915337674991026,0.0011025075637146812,,,0.00025639710784062353,
0.00025639710784062353,,0.0069483616224808985,,0.0007948310343059331,,0.01633249576944772,0.00025639710784062353,0.0024101328137018613,0.017665760730218964,0.0007948310343059331,0.0007948310343059331,,0.0358955950976873,0.011768627249884622,0.003461360955848418,,,0.0010512281421465566,0.0005127942156812471,,0.00025639710784062353,,0.0005127942156812471,0.03856212501922978,0.0015896620686118661,,,,,0.0010512281421465566,0.013640326137121173,0.0013332649607712425,0.00025639710784062353,0.019819496436080202,,,,0.0007948310343059331,0.0005127942156812471,0.001871698887236552,0.0007948310343059331,0.0021280959950771756,,0.0069483616224808985,,0.011230193323419312,,0.0029229270293831084,0.0313317265781242,0.0024101328137018613,0.0010512281421465566,,0.0015896620686118661,0.04927952412696785,0.001871698887236552,,0.00025639710784062353,,0.00587149376955028,0.00882006050971745,0.6173016768370854,0.03374185939182606,,,,0.031075329470283575,0.0005127942156812471,0.0010512281421465566,,,0.008563663401876826,0.0010512281421465566,,,,0.0010512281421465566
0.00025639710784062353,0.00025639710784062353,0.005974052612686529,,0.00025639710784062353,,0.01361468642633711,0.0005384339264653095,0.001076867852930619,0.017152966514537717,0.002435772524485924,0.0005384339264653095,0.0005384339264653095,0.04768986205835598,0.01579406184298241,0.004076714014665915,0.0005384339264653095,,0.0016153017793959284,,,,,0.0005384339264653095,0.0343315727398595,0.0027178093431106097,,,,,,0.014435157171427106,0.0007948310343059331,0.0007948310343059331,0.01633249576944772,0.00025639710784062353,,,0.0013589046715553048,0.0005384339264653095,0.002435772524485924,0.0007948310343059331,0.0029742064509512335,,0.016896569406697093,,0.00815342802933183,0.00489718475975591,0.005153581867596534,0.04169016973488539,0.004076714014665915,0.0007948310343059331,0.0007948310343059331,0.002435772524485924,0.05448438541613251,0.0021793754166453,0.00025639710784062353,,,0.0062560894313112144,0.0087175016665812,0.5652017845238706,0.03951079431824009,0.001076867852930619,,0.0007948310343059331,0.028049843597764218,0.001076867852930619,0.004615147941131224,,,0.01033280344597713,0.0005384339264653095,0.0013589046715553048,,,
0.0005384339264653095,,0.0055381775293574685,,,,0.01664017229885647,0.0008204707450899954,0.004435669965642788,0.020793805445874572,0.008025229475411517,0.00025639710784062353,0.0005384339264653095,0.08432900876878109,0.014409517460643045,0.0046920670734834115,0.0005384339264653095,0.0005384339264653095,0.0022050151274293625,,0.0011025075637146812,,,0.00025639710784062353,0.0305112558330342,0.00664068509307215,,,,,,0.011922465514588995,0.0008204707450899954,0.00025639710784062353,0.016358135480231784,0.0013845443823393671,0.0013845443823393671,,0.0005384339264653095,0.0008204707450899954,0.0027690887646787342,0.0022050151274293625,0.0022050151274293625,,0.02135787908312394,0.0013845443823393671,0.01469155427926773,0.00969181067637557,0.0046920670734834115,0.045484846930926616,0.006102251166606841,0.0008204707450899954,0.0005384339264653095,0.0030511255833034203,0.09599507717552946,0.0027690887646787342,0.0008204707450899954,,,0.013871083534177734,0.0063586482744474645,0.43420850212809603,0.03938259576431978,0.00025639710784062353,0.00025639710784062353,0.0011025075637146812,0.029665145377160147,0.0011025075637146812,0.005820214347982155,0.00025639710784062353,,0.014127480642018358,0.0008204707450899954,0.0016409414901799907,0.00025639710784062353,,
0.0005127942156812471,,0.004486949387210912,,0.00025639710784062353,,0.006871442490128711,0.0015640223578278036,0.0034357212450643556,0.013999282088098046,0.0015640223578278036,0.0015640223578278036,0.0005127942156812471,0.04702322957797036,0.01294805394595149,0.004204912568586227,,0.0005127942156812471,0.0013076252499871802,0.0007691913235218707,0.0005127942156812471,,,,0.026947336034049536,0.0021024562842931133,,,,,,0.009512332700887133,0.0010512281421465566,0.00025639710784062353,0.012153222911645556,0.0026408902107584228,0.0007691913235218707,0.00025639710784062353,0.0018460591764524897,0.0015640223578278036,0.0018460591764524897,,0.0007691913235218707,,0.015588944156709913,0.0007691913235218707,0.010819957950874315,0.006871442490128711,0.0013076252499871802,0.037254499769242604,0.004486949387210912,,0.0007691913235218707,0.00315368442643967,0.05602276806317625,0.0013076252499871802,0.00025639710784062353,0.0007691913235218707,,0.0087175016665812,0.0055381775293574685,0.6211989128762626,0.02720373314189016,0.0007691913235218707,0.00025639710784062353,0.0005127942156812471,0.01794779754884365,0.0010512281421465566,0.0026408902107584228,0.00025639710784062353,,0.008179067740115892,0.00025639710784062353,0.0015640223578278036,0.00025639710784062353,0.00025639710784062353,0.00025639710784062353
0.00025639710784062353,,0.004538228808779037,0.00025639710784062353,,,0.00935849443618276,0.0007948310343059331,0.00533305984308497,0.014460796882211168,0.00025639710784062353,0.0005127942156812471,0.00025639710784062353,0.02622942413209579,0.01043536228911338,0.002666529921542485,,0.0005127942156812471,0.00025639710784062353,,,0.0005127942156812471,,,0.0305112558330342,0.0015896620686118661,,,,,,0.013101892210655863,,,0.01043536228911338,0.0007948310343059331,,,0.0007948310343059331,0.0010512281421465566,0.0021280959950771756,,0.0021280959950771756,0.00025639710784062353,0.006153530588174965,,0.008563663401876826,,0.0007948310343059331,0.03774165427413979,0.001871698887236552,0.0010512281421465566,,0.0015896620686118661,0.04256191990154351,0.0010512281421465566,0.00025639710784062353,0.00025639710784062353,,0.008281626583252141,0.003743397774473104,0.6889133890569714,0.028101123019332343,0.00025639710784062353,,0.0007948310343059331,0.022486026357622688,0.00025639710784062353,0.0013332649607712425,,,0.003743397774473104,0.0005127942156812471,,,,0.00025639710784062353
0.0005127942156812471,,0.012486539151838368,,,,0.00717911901953746,0.0005127942156812471,0.0039741551715296655,0.013024973078303676,0.0015896620686118661,0.0005127942156812471,0.00025639710784062353,0.038587764730013845,0.01197374493615712,0.0037177580636890417,,,0.0005127942156812471,,0.00025639710784062353,,,0.00025639710784062353,0.0311266088918517,0.0026408902107584228,,,,,0.00025639710784062353,0.019152863955694578,,0.0005127942156812471,0.013307009896928363,0.0015896620686118661,,,0.00025639710784062353,0.0015896620686118661,0.0018460591764524897,0.00025639710784062353,0.0026408902107584228,,0.008230347161684016,,0.00902517819598995,0.00025639710784062353,0.0021280959950771756,0.037254499769242604,0.0031793241372237322,0.0005127942156812471,0.00025639710784062353,0.004512589097994975,0.0428439567201682,0.0005127942156812471,0.00025639710784062353,,,0.007973950053843392,0.004256191990154351,0.6524537203220347,0.019409261063535202,,,0.0015896620686118661,0.029536946823239835,0.00025639710784062353,0.0010512281421465566,,,0.0037177580636890417,0.00025639710784062353,,,,
0.0013845443823393671,,0.0033331624019281064,,,0.00025639710784062353,0.004743346495051536,0.00025639710784062353,0.001948618019588739,0.015896620686118662,0.0005384339264653095,0.0008204707450899954,0.00025639710784062353,0.03461360955848418,0.011153274191067125,0.0030511255833034203,,,0.0011025075637146812,,,,,0.00025639710784062353,0.025947387313471106,0.0013845443823393671,,,,,,0.01338392902928055,,0.0022306548382134248,0.012819855392031178,0.0016665812009640532,,,0.0005384339264653095,0.0011025075637146812,0.0013845443823393671,0.0022306548382134248,0.0033331624019281064,0.00025639710784062353,0.0030511255833034203,0.00025639710784062353,0.008358545715604328,0.0008204707450899954,0.0008204707450899954,0.03822880877903697,0.001948618019588739,0.0005384339264653095,0.0005384339264653095,0.0022306548382134248,0.04438233936721194,0.0005384339264653095,0.00025639710784062353,,,0.008358545715604328,0.008640582534229014,0.6691195323316752,0.023434695656632993,0.0005384339264653095,,0.0005384339264653095,0.03069073380852264,0.0005384339264653095,0.003615199220552792,0.0005384339264653095,,0.006127890877390903,,,,,
,,0.004743346495051536,,0.00025639710784062353,,0.013973642377313984,0.0008204707450899954,0.004179272857802164,0.01928106250961489,0.0005384339264653095,0.0005384339264653095,0.00025639710784062353,0.03466488898005231,0.013691605558689299,0.00587149376955028,,0.0005384339264653095,0.0005384339264653095,0.0005384339264653095,0.0005384339264653095,,,0.0005384339264653095,0.03579303625455105,0.002512691656838111,,,,,,0.013409568740064612,,0.0011025075637146812,0.01564022357827804,0.0011025075637146812,,0.00025639710784062353,0.002512691656838111,0.00025639710784062353,0.0030511255833034203,,0.0013845443823393671,,0.008102148607763704,,0.013409568740064612,0.00025639710784062353,0.0016665812009640532,0.04304907440644069,0.0044613096764268495,0.0008204707450899954,0.0005384339264653095,0.0016665812009640532,0.048100097430900976,0.0013845443823393671,0.00025639710784062353,0.00025639710784062353,,0.00838418542638839,0.009486692990103072,0.6106609917440131,0.024332085534075176,0.0008204707450899954,,0.0013845443823393671,0.029639505666376083,0.00025639710784062353,0.0022306548382134248,0.00025639710784062353,,0.010050766627352443,,,,,
0.00028203681862468594,,0.006820163068560587,0.00028203681862468594,0.00028203681862468594,0.00028203681862468594,0.021921952720373315,0.0048202656274037225,0.0036921183529049794,0.023357776524280807,,0.0008461104558740578,0.00028203681862468594,0.048715450489718475,0.011101994769499,0.0156658632890621,,,0.0008461104558740578,0.0008461104558740578,0.0005640736372493719,,,0.0005640736372493719,0.0424337213476232,0.0039741551715296655,,,,,0.00028203681862468594,0.01394800266652992,,0.0019742577303728014,0.01707604738218553,0.0011281472744987437,,0.00028203681862468594,0.007691913235218706,,0.006820163068560587,0.0011281472744987437,0.0028460078970309216,,0.010819957950874315,0.0005640736372493719,0.013101892210655863,0.0008461104558740578,0.0028460078970309216,0.0424337213476232,0.004538228808779037,0.0005640736372493719,0.00028203681862468594,0.0028460078970309216,0.06125326906312497,0.0008461104558740578,0.0008461104558740578,0.00028203681862468594,,0.007102199887185272,0.005974052612686529,0.5212809599507717,0.029895902774216707,0.0011281472744987437,,0.0011281472744987437,0.035023844931029176,0.0005640736372493719,0.0025639710784062355,0.0005640736372493719,,0.00882006050971745,0.0028460078970309216,0.00028203681862468594,,,
0.00028203681862468594,,0.006435567406799651,0.00028203681862468594,,0.00028203681862468594,0.016076098661607096,0.00028203681862468594,0.006127890877390903,0.02133223937233988,0.00087175016665812,0.004076714014665915,0.00028203681862468594,0.06668888774934618,0.018999025690990205,0.006435567406799651,,0.0005640736372493719,0.00174350033331624,,0.00087175016665812,,,0.00028203681862468594,0.028357520127172964,0.0026152504999743605,,,,,0.001153786985282806,0.022229629249782064,,0.0005640736372493719,0.01958873903902364,0.0005640736372493719,,,0.006999641044049023,0.00087175016665812,0.01197374493615712,0.0026152504999743605,0.0014614635146915542,,0.016358135480231784,0.001153786985282806,0.01579406184298241,0.002025537151940926,0.0032049638480077945,0.05030511255833034,0.0014614635146915542,0.00028203681862468594,,0.0032049638480077945,0.07371416850417928,0.00174350033331624,0.0005640736372493719,,,0.004076714014665915,0.01579406184298241,0.463848007794472,0.038023691092764475,0.00174350033331624,,0.001153786985282806,0.029254910004615147,0.0005640736372493719,0.0067176042254243375,0.00028203681862468594,,0.01579406184298241,0.0014614635146915542,,,,0.0005640736372493719
0.00028203681862468594,,0.002307573970565612,0.00028203681862468594,0.00028203681862468594,0.00028203681862468594,0.011358391877339623,,0.005512537818573407,0.01338392902928055,0.002025537151940926,0.0005640736372493719,0.00028203681862468594,0.039921029690785086,0.012230142043997744,0.0026152504999743605,,0.00087175016665812,0.001435823803907492,,,,,,0.027383211117378597,0.0026152504999743605,,,,0.00028203681862468594,0.001153786985282806,0.016588892877288344,,0.0005640736372493719,0.015153069073380852,0.001153786985282806,,,0.00174350033331624,,0.0026152504999743605,0.00087175016665812,0.001435823803907492,,0.012819855392031178,0.00028203681862468594,0.009896928362648069,0.001153786985282806,0.0026152504999743605,0.048946207886775034,0.00174350033331624,,0.00028203681862468594,0.00087175016665812,0.05389467206809907,0.002025537151940926,0.0005640736372493719,,,0.005230500999948721,0.004948464181324034,0.6240449207732937,0.02797292446541203,0.00087175016665812,,0.00174350033331624,0.021255320239987694,0.0005640736372493719,0.00174350033331624,,,0.00784575149992308,0.00087175016665812,0.00087175016665812,,,0.00174350033331624
,,0.00533305984308497,,,,0.010691759396954003,0.00028203681862468594,0.003256243269575919,0.011589149274396185,,0.00087175016665812,0.00028203681862468594,0.03510076406338136,0.011896825803804934,0.0023588533921337367,,,0.00028203681862468594,,,,,,0.02797292446541203,0.0023588533921337367,,,,0.00028203681862468594,,0.01576842213219835,,0.0014871032254756167,0.014563355725347418,0.0014871032254756167,,,0.00087175016665812,0.00028203681862468594,0.002076816573509051,,0.0023588533921337367,,0.008922619352853699,,0.009204656171478386,0.0011794266960668683,,0.03481872724475668,0.0029742064509512335,0.00028203681862468594,0.00028203681862468594,0.0017691400441003026,0.03717758063689042,0.0005897133480334342,,,,0.007435516127378083,0.006538126249935901,0.6687605763806984,0.0267678580585611,0.0005897133480334342,,0.0005897133480334342,0.03271627096046357,0.00028203681862468594,0.00087175016665812,0.00028203681862468594,,0.004743346495051536,0.00028203681862468594,,,,0.0014871032254756167
,,0.012383980308702117,,0.00028203681862468594,0.0005897133480334342,0.007973950053843392,0.00087175016665812,0.0035382800882006052,0.01564022357827804,,0.0011794266960668683,0.00028203681862468594,0.04015178708784165,0.014153120352802421,0.0026408902107584228,,,0.0005897133480334342,,,,,,0.03189580021537357,0.0014614635146915542,,,,,,0.011512230142043998,,0.00087175016665812,0.010922516794010564,0.0017691400441003026,,,0.00087175016665812,0.0011794266960668683,0.00087175016665812,0.00028203681862468594,0.0026408902107584228,,0.0076662735244346445,,0.007973950053843392,0.00028203681862468594,0.00028203681862468594,0.04015178708784165,0.0026408902107584228,0.00087175016665812,,0.0014614635146915542,0.04694631044561817,0.0005897133480334342,,,,0.008563663401876826,0.004999743602892159,0.6371980924055177,0.028049843597764218,0.00087175016665812,,,0.034254653607507304,0.0005897133480334342,0.0026408902107584228,0.0005897133480334342,,0.005589456950925594,0.0005897133480334342,,,,0.0026408902107584228
,,0.004666427362699349,,0.0005640736372493719,,0.005845854058766217,0.00028203681862468594,0.00174350033331624,0.014614635146915543,,0.00174350033331624,0.0005640736372493719,0.03189580021537357,0.011691708117532434,0.001153786985282806,,,0.00028203681862468594,0.00028203681862468594,,,,,0.03012666017127327,0.0023332136813496744,,,,,,0.014050561509666172,,0.00087175016665812,0.013460848161632736,0.0014614635146915542,0.00028203681862468594,,0.0014614635146915542,0.00087175016665812,0.001153786985282806,0.002025537151940926,0.004666427362699349,,0.006127890877390903,,0.0073073175734577715,0.00028203681862468594,,0.03363930054868981,0.0023332136813496744,0.0005640736372493719,0.00028203681862468594,0.0014614635146915542,0.04712578842110661,0.00028203681862468594,,,0.0005640736372493719,0.008768781088149326,0.0067176042254243375,0.6820932259884108,0.01958873903902364,0.00028203681862468594,,,0.02720373314189016,,0.002025537151940926,,,0.003512640377416543,0.00028203681862468594,,,,0.0014614635146915542
,,0.006409927696015589,,,,0.004076714014665915,0.00028203681862468594,0.015742782421414286,0.012819855392031178,,0.001153786985282806,0.00028203681862468594,0.0247936003281883,0.016050458950823035,0.00087175016665812,0.00087175016665812,,0.00174350033331624,,,0.00028203681862468594,,,0.033254704886928874,0.002897287318599046,,,,,0.00028203681862468594,0.011666068406748371,,0.00087175016665812,0.010794318240090252,0.0005640736372493719,0.00028203681862468594,,0.001153786985282806,,0.0032049638480077945,0.0005640736372493719,0.001153786985282806,,0.00902517819598995,,0.006691964514640275,0.0005640736372493719,0.00028203681862468594,0.038792882416286346,0.0023332136813496744,,0.00028203681862468594,0.001435823803907492,0.04581816317111943,0.001435823803907492,,,0.0005640736372493719,0.007281677862673709,0.0043587508332906,0.6696579662581406,0.020127172965488948,0.001435823803907492,,,0.026844777190913285,0.0005640736372493719,0.002025537151940926,0.0005640736372493719,,0.005820214347982155,,,0.00028203681862468594,,0.00174350033331624
0.00028203681862468594,,0.008281626583252141,,,,0.010640479975385878,,0.0020511768627249883,0.0180503563919799,0.0005897133480334342,0.0011794266960668683,0.00028203681862468594,0.03253679298497513,0.011819906671452746,0.0005897133480334342,0.00028203681862468594,0.00028203681862468594,0.0014614635146915542,0.0005897133480334342,0.00028203681862468594,,,,0.03253679298497513,0.0023588533921337367,,,,,0.00028203681862468594,0.012717296548894929,,0.0005897133480334342,0.015076149941028665,0.0005897133480334342,0.00028203681862468594,,0.0020511768627249883,0.0026408902107584228,0.0017691400441003026,0.0026408902107584228,0.0014614635146915542,,0.010050766627352443,0.0005897133480334342,0.012717296548894929,0.005615096661709656,0.0011794266960668683,0.042305522793702886,0.0023588533921337367,,,0.0026408902107584228,0.05148453925439721,0.0035382800882006052,0.00028203681862468594,,,0.003845956617609353,0.014794113122403979,0.6111481462489103,0.028690836367365777,0.0017691400441003026,,0.0023588533921337367,0.023357776524280807,0.0005897133480334342,0.0011794266960668683,0.0014614635146915542,,0.00915337674991026,0.0026408902107584228,,,,0.0020511768627249883
0.00028203681862468594,,0.006409927696015589,,0.00028203681862468594,0.001512742936259679,0.00915337674991026,0.00028203681862468594,0.004871545048971848,0.028434439259525154,0.0033588021127121687,0.0030511255833034203,0.00028203681862468594,0.07032972668068305,0.01435823803907492,0.002743449053894672,,0.001512742936259679,0.0012050664068509306,0.00028203681862468594,0.0012050664068509306,,,,0.030870211784011076,0.004281831700938413,,,,,0.0005897133480334342,0.01099943592636275,,0.0005897133480334342,0.015281267627301164,0.0005897133480334342,,,0.002435772524485924,0.0030511255833034203,0.0021280959950771756,0.0012050664068509306,0.004281831700938413,,0.011614788985180247,0.0012050664068509306,0.017127326803753652,0.006409927696015589,0.0051792215783805955,0.055663812112199375,0.001512742936259679,,0.00028203681862468594,0.0030511255833034203,0.07248346238654428,0.0012050664068509306,0.0005897133480334342,0.00028203681862468594,0.0005897133480334342,0.0036664786421209167,0.007332957284241833,0.4891800420491257,0.04494641300446131,0.00028203681862468594,,0.0051792215783805955,0.025998666735039228,0.0005897133480334342,0.0021280959950771756,0.0012050664068509306,,0.013742884980257422,0.00028203681862468594,0.0021280959950771756,,,0.00028203681862468594
,0.00087175016665812,0.002666529921542485,,0.00028203681862468594,0.0011794266960668683,0.00566637608327778,0.0011794266960668683,0.0062560894313112144,0.019973334700784575,0.00087175016665812,0.002384493102917799,,0.050997384749500024,0.013101892210655863,0.002076816573509051,0.00028203681862468594,0.00087175016665812,0.0017691400441003026,0.0005897133480334342,0.00028203681862468594,,,0.0005897133480334342,0.030408696989897954,0.002076816573509051,,,,,0.00028203681862468594,0.015204348494948977,,0.0014871032254756167,0.01133275216655556,0.00087175016665812,,,0.0017691400441003026,0.002384493102917799,0.0014871032254756167,0.0014871032254756167,0.002076816573509051,,0.00805086918619558,0.00087175016665812,0.013409568740064612,0.003871596328393416,0.00087175016665812,0.050099994872057844,0.004768986205835598,,0.0005897133480334342,0.0017691400441003026,0.05279216450438439,0.00028203681862468594,0.00028203681862468594,,0.00087175016665812,0.00566637608327778,0.003256243269575919,0.6045843802881904,0.02415260755858674,0.0005897133480334342,,0.002666529921542485,0.023562894210553305,0.0005897133480334342,0.0035639197989846675,0.0005897133480334342,,0.006538126249935901,0.0011794266960668683,0.00028203681862468594,,,0.0014871032254756167
,0.00025639710784062353,0.005307420132300907,,,0.00025639710784062353,0.004794625916619661,0.0005127942156812471,0.0039741551715296655,0.016255576637095533,,0.0013076252499871802,,0.028767755499717964,0.011178913901851188,0.0013076252499871802,,,0.0005127942156812471,0.0005127942156812471,0.00025639710784062353,,,,0.028254961284036716,0.002384493102917799,,,,,,0.01012768575970463,,0.0010512281421465566,0.01197374493615712,0.00025639710784062353,,,0.0007948310343059331,,0.0018460591764524897,0.0005127942156812471,0.002384493102917799,,0.0037177580636890417,,0.012512178862622429,0.00025639710784062353,0.0005127942156812471,0.04210040510743039,0.0013076252499871802,,,0.0018460591764524897,0.03438285216142762,0.0005127942156812471,0.00025639710784062353,,0.00025639710784062353,0.007717552946002769,0.005845854058766217,0.6911953233167529,0.0247936003281883,0.00025639710784062353,,0.0005127942156812471,0.026639659504640787,0.0005127942156812471,0.0005127942156812471,,,0.007717552946002769,0.0015896620686118661,0.00025639710784062353,,,
,0.00025639710784062353,0.0034357212450643556,,0.0005127942156812471,0.00025639710784062353,0.0052817804215168455,,0.0013076252499871802,0.010050766627352443,,0.0018460591764524897,,0.020101533254704887,0.008461104558740577,0.0036921183529049794,,,0.0005127942156812471,0.00025639710784062353,0.00025639710784062353,,,,0.02512691656838111,0.0013076252499871802,,,,,0.0005127942156812471,0.009255935593046511,,0.0007691913235218707,0.010819957950874315,0.0010512281421465566,,,0.00025639710784062353,,0.0026408902107584228,0.0005127942156812471,0.0007691913235218707,,0.0052817804215168455,0.0005127942156812471,0.0065894056715040256,,0.0005127942156812471,0.03489564637710887,0.0018460591764524897,0.0007691913235218707,0.0007691913235218707,0.0013076252499871802,0.021947592431157376,0.0007691913235218707,,0.00025639710784062353,0.00025639710784062353,0.004743346495051536,0.003948515460745603,0.7553971591200451,0.015588944156709913,,,0.0005127942156812471,0.022203989538998,,0.0023588533921337367,,,0.008973898774421825,0.0010512281421465566,,0.00025639710784062353,,
,0.00025639710784062353,0.0027690887646787342,,0.0005384339264653095,0.0005384339264653095,0.007486795548946208,0.00025639710784062353,0.0016409414901799907,0.017460643043946466,0.0005384339264653095,0.0019229783088046766,,0.030767652940874825,0.007204758730321522,0.0022050151274293625,,,,0.0011025075637146812,0.0005384339264653095,0.0005384339264653095,0.0005384339264653095,,0.030203579303625456,0.0016409414901799907,,,,,0.0008204707450899954,0.008307266294036204,,0.0005384339264653095,0.01164042869596431,0.0005384339264653095,,,0.0005384339264653095,0.0011025075637146812,0.0016409414901799907,0.0005384339264653095,0.0033075226911440437,,0.0046920670734834115,,0.007204758730321522,,0.0005384339264653095,0.039638992872160404,0.0024870519460540486,,0.0008204707450899954,0.0008204707450899954,0.038818522127070404,0.0008204707450899954,,,0.00025639710784062353,0.0027690887646787342,0.007743192656786832,0.6932208604686939,0.02189631300958925,0.00025639710784062353,0.00025639710784062353,0.0011025075637146812,0.027716527357571408,,0.0022050151274293625,,,0.00664068509307215,0.0005384339264653095,0.0019229783088046766,0.00025639710784062353,0.00025639710784062353,
,0.0007948310343059331,0.004051074303881852,,0.0007948310343059331,,0.00838418542638839,,0.0043331111225065385,0.017870878416491463,0.0013332649607712425,0.001871698887236552,,0.0311266088918517,0.011896825803804934,0.0026921696323265474,,0.0005384339264653095,0.0037690374852571663,0.001076867852930619,0.00025639710784062353,,0.0005384339264653095,0.0013332649607712425,0.03492128608789293,0.001871698887236552,,,,,0.002153735705861238,0.014896671965540228,,0.0013332649607712425,0.00946105327931901,0.0016153017793959284,,0.00025639710784062353,,0.0007948310343059331,0.0013332649607712425,0.001076867852930619,0.002153735705861238,,0.007563714681298395,,0.010281524024409005,0.0016153017793959284,0.0005384339264653095,0.042254243372134764,0.0043331111225065385,,0.001076867852930619,0.0005384339264653095,0.039254397210399465,0.0037690374852571663,0.00025639710784062353,,,0.0016153017793959284,0.00784575149992308,0.6326342238859545,0.038459566176093536,0.00025639710784062353,,0.0026921696323265474,0.03058817496538639,0.0005384339264653095,0.00566637608327778,,0.00025639710784062353,0.002153735705861238,0.00025639710784062353,0.00025639710784062353,0.00025639710784062353,0.00025639710784062353,0.00025639710784062353
,0.00025639710784062353,0.017152966514537717,,0.0007948310343059331,0.00025639710784062353,0.010896877083226501,0.001076867852930619,0.002435772524485924,0.08173939797959079,0.0035382800882006052,0.003256243269575919,,0.038972360391774784,0.016076098661607096,0.002435772524485924,,0.0007948310343059331,0.0005384339264653095,0.001076867852930619,0.0005384339264653095,,,0.0013589046715553048,0.0400492282447054,0.0035382800882006052,,,,,0.003256243269575919,0.017152966514537717,0.0005384339264653095,,0.011153274191067125,0.001076867852930619,,0.001076867852930619,0.0005384339264653095,0.0005384339264653095,0.003256243269575919,0.0013589046715553048,0.0013589046715553048,0.00025639710784062353,0.0182554740782524,0.0013589046715553048,0.013896723244961797,0.00815342802933183,0.00815342802933183,0.04930516383775191,0.003256243269575919,0.00025639710784062353,0.00025639710784062353,0.0021793754166453,0.0465873544946413,0.00025639710784062353,0.0013589046715553048,,,0.003256243269575919,0.012255781754781807,0.47412953181888107,0.04033126506333008,0.0043587508332906,0.00025639710784062353,0.001076867852930619,0.027793446489923594,0.0021793754166453,0.0021793754166453,,,0.007897030921491206,0.00025639710784062353,0.001076867852930619,0.0005384339264653095,0.0007948310343059331,
,0.001076867852930619,0.015512025024357725,,0.0007948310343059331,0.00025639710784062353,0.010050766627352443,0.0007948310343059331,0.002153735705861238,0.022024511563509562,0.004076714014665915,0.002435772524485924,,0.04951028152402441,0.014947951387108353,0.003512640377416543,,0.0007948310343059331,0.003512640377416543,0.002435772524485924,0.0005384339264653095,,,0.0005384339264653095,0.03781857340649197,0.005153581867596534,,,,,0.005153581867596534,0.013871083534177734,0.0007948310343059331,0.0007948310343059331,0.01305061278908774,0.0005384339264653095,0.0013589046715553048,0.0007948310343059331,0.002435772524485924,0.0016153017793959284,0.0016153017793959284,0.00025639710784062353,0.002153735705861238,0.00025639710784062353,0.03999794882313727,0.0027178093431106097,0.01197374493615712,0.005692015794061843,0.018229834367468334,0.048715450489718475,0.0027178093431106097,,0.00025639710784062353,0.0018973385980206143,0.05958668786216091,0.0029742064509512335,0.001076867852930619,,0.001076867852930619,0.00489718475975591,0.012230142043997744,0.4543613148043689,0.06040715860725091,0.0013589046715553048,0.0005384339264653095,0.001076867852930619,0.024742320906620173,0.00025639710784062353,0.0018973385980206143,,0.0005384339264653095,0.014409517460643045,0.0016153017793959284,0.001076867852930619,0.00025639710784062353,0.0005384339264653095,0.00025639710784062353
,0.00025639710784062353,0.007204758730321522,,0.0008204707450899954,,0.006102251166606841,0.0005384339264653095,0.0016409414901799907,0.02415260755858674,0.00358955950976873,0.0016409414901799907,,0.04079277985744321,0.015819701553766472,0.004435669965642788,,0.0005384339264653095,0.0019229783088046766,0.0019229783088046766,0.00025639710784062353,,,,0.028024203886980154,0.006922721911696836,,,,,0.00358955950976873,0.014153120352802421,0.00025639710784062353,,0.013589046715553048,0.0013845443823393671,0.00025639710784062353,0.0011025075637146812,0.0027690887646787342,0.0008204707450899954,0.00358955950976873,0.00025639710784062353,0.0024870519460540486,0.00025639710784062353,0.03025485872519358,0.0013845443823393671,0.01610173837239116,0.005820214347982155,0.01164042869596431,0.05330495872006564,0.0033075226911440437,,0.00025639710784062353,0.0008204707450899954,0.0485616122250141,0.0013845443823393671,0.00025639710784062353,,0.0011025075637146812,0.003871596328393416,0.016358135480231784,0.552202451156351,0.021075842264499257,0.0013845443823393671,0.00025639710784062353,0.0005384339264653095,0.020819445156658633,0.0013845443823393671,0.004717706784267473,,,0.00664068509307215,0.00025639710784062353,0.0005384339264653095,0.0005384339264653095,0.00025639710784062353,0.003871596328393416
,,0.005153581867596534,,0.0016153017793959284,0.001076867852930619,0.004615147941131224,0.0005384339264653095,0.003256243269575919,0.015486385313573664,0.0013589046715553048,0.0007948310343059331,,0.04651043536228911,0.011691708117532434,0.002435772524485924,,0.0005384339264653095,0.002435772524485924,0.0007948310343059331,0.0005384339264653095,,,,0.03128044715655608,0.004615147941131224,,,,,0.0018973385980206143,0.01033280344597713,0.00025639710784062353,0.00025639710784062353,0.005974052612686529,0.0007948310343059331,0.00025639710784062353,0.0005384339264653095,0.0027178093431106097,0.0013589046715553048,0.0018973385980206143,0.00025639710784062353,0.002435772524485924,0.0005384339264653095,0.016588892877288344,0.001076867852930619,0.01033280344597713,0.003512640377416543,0.0062560894313112144,0.04625403825444849,0.002435772524485924,,,0.002153735705861238,0.03781857340649197,0.0007948310343059331,0.0005384339264653095,0.00025639710784062353,0.0005384339264653095,0.0029742064509512335,0.009512332700887133,0.6317368340085123,0.023383416235064867,0.002435772524485924,0.00025639710784062353,,0.02448592379877955,0.001076867852930619,0.002435772524485924,,,0.005692015794061843,0.0005384339264653095,0.00025639710784062353,0.0005384339264653095,0.00025639710784062353,0.0016153017793959284
,,0.0052817804215168455,0.00025639710784062353,0.00025639710784062353,,0.009281575303830572,,0.0013076252499871802,0.023332136813496742,0.0007948310343059331,0.0015896620686118661,,0.02120404081841957,0.011384031588123686,0.0015896620686118661,,0.0015896620686118661,0.0018460591764524897,0.0015896620686118661,0.00025639710784062353,,,,0.03315214604379262,0.0026408902107584228,,,,,0.00025639710784062353,0.014050561509666172,0.00025639710784062353,0.0005127942156812471,0.010871237372442439,0.0015896620686118661,,,0.0010512281421465566,0.0007948310343059331,0.0063586482744474645,0.0015896620686118661,0.0015896620686118661,,0.006615045382288087,0.0005127942156812471,0.007409876416594021,0.0007948310343059331,0.0013076252499871802,0.03738269832316291,0.0042305522793702885,0.00025639710784062353,0.00025639710784062353,0.0018460591764524897,0.028895954053638276,0.0005127942156812471,0.00025639710784062353,,0.00025639710784062353,0.0034357212450643556,0.008204707450899953,0.6811445566894005,0.01776831957335521,0.00025639710784062353,,0.00025639710784062353,0.03553663914671042,0.0005127942156812471,0.0031793241372237322,,,0.002384493102917799,,,0.00025639710784062353,0.00025639710784062353,
,,0.0036664786421209167,0.00025639710784062353,,,0.006025332034254653,,0.0013076252499871802,0.016794010563560842,0.0007691913235218707,0.0018204194656684272,,0.02099892313214707,0.009179016460694323,0.0005127942156812471,,,0.0005127942156812471,0.0010255884313624941,0.0005127942156812471,,,,0.030203579303625456,0.0018204194656684272,,,,,0.0005127942156812471,0.008922619352853699,0.00025639710784062353,,0.011281472744987437,0.0010255884313624941,,,0.00025639710784062353,0.0007691913235218707,0.0023588533921337367,0.0007691913235218707,0.0018204194656684272,,0.0044613096764268495,,0.007332957284241833,0.0013076252499871802,0.0005127942156812471,0.04148505204861289,0.0018204194656684272,,0.00025639710784062353,0.0010255884313624941,0.02625506384287985,0.00025639710784062353,0.00025639710784062353,0.0007691913235218707,0.00025639710784062353,0.0034100815342802933,0.00838418542638839,0.7277062714732577,0.017332444490026154,0.0010255884313624941,,,0.02756268909286703,0.0005127942156812471,0.0026152504999743605,0.00025639710784062353,,0.0013076252499871802,,,0.00025639710784062353,0.00025639710784062353,
,,0.0023588533921337367,,,,0.008948259063637762,0.0005127942156812471,0.0021024562842931133,0.01502487051946054,0.0005127942156812471,0.0021024562842931133,,0.03004974103892108,0.017127326803753652,,0.00025639710784062353,,0.0015640223578278036,0.0015640223578278036,0.0005127942156812471,,,,0.026614019793856726,0.0026152504999743605,,,,,0.0005127942156812471,0.009999487205784318,0.00025639710784062353,0.00025639710784062353,0.010281524024409005,0.0015640223578278036,,,0.00025639710784062353,0.0007691913235218707,0.0026152504999743605,0.0013076252499871802,0.0015640223578278036,,0.007102199887185272,,0.007640633813650582,0.0005127942156812471,,0.03504948464181324,0.00315368442643967,0.00025639710784062353,,0.0007691913235218707,0.04692067073483411,0.0005127942156812471,0.0007691913235218707,,0.00025639710784062353,0.00315368442643967,0.005256140710732783,0.6931952207579098,0.026614019793856726,0.0005127942156812471,,0.0005127942156812471,0.02056304804881801,0.0005127942156812471,0.0034100815342802933,,,0.0013076252499871802,0.00025639710784062353,,0.00025639710784062353,0.00025639710784062353,
,,0.004204912568586227,0.00025639710784062353,0.0010512281421465566,,0.02163991590174863,0.0005127942156812471,0.007127839597969335,0.016896569406697093,0.0018460591764524897,0.0015640223578278036,,0.030639454386954514,0.01371724526947336,0.002897287318599046,0.00025639710784062353,0.00025639710784062353,0.0005127942156812471,0.0015640223578278036,0.0015640223578278036,,0.00025639710784062353,0.0007691913235218707,0.038818522127070404,0.004204912568586227,,,,,0.00025639710784062353,0.008435464847956514,0.0005127942156812471,0.00025639710784062353,0.016358135480231784,0.0023588533921337367,0.0007691913235218707,,0.0010512281421465566,0.00025639710784062353,0.004486949387210912,0.0007691913235218707,0.0013076252499871802,,0.009230295882262448,0.0007691913235218707,0.010563560843033691,0.004743346495051536,0.00315368442643967,0.04568996461719912,0.0018460591764524897,0.00025639710784062353,,0.0013076252499871802,0.048587251935798166,0.0010512281421465566,0.0005127942156812471,0.00025639710784062353,0.00025639710784062353,0.0026408902107584228,0.0055381775293574685,0.6058407261166093,0.027716527357571408,0.0021024562842931133,0.0005127942156812471,0.00025639710784062353,0.027460130249730784,0.0005127942156812471,0.004743346495051536,,0.00025639710784062353,0.0052817804215168455,0.00025639710784062353,,0.0005127942156812471,0.0005127942156812471,0.00025639710784062353
0.0005384339264653095,,0.006486846828367776,,0.0026921696323265474,0.00025639710784062353,0.022203989538998,0.0016153017793959284,0.024896159171324546,0.017332444490026154,0.0029742064509512335,0.0026921696323265474,,0.07284241833752116,0.03899800010255884,0.003230603558791857,,0.00025639710784062353,0.002435772524485924,0.003512640377416543,0.001076867852930619,,,0.0005384339264653095,0.032485513563407,0.0029742064509512335,,,0.0005384339264653095,,0.0005384339264653095,0.016511973744936157,0.0007948310343059331,0.0005384339264653095,0.016511973744936157,0.0013332649607712425,0.0007948310343059331,,0.002153735705861238,0.001871698887236552,0.001871698887236552,0.0013332649607712425,0.0026921696323265474,,0.025178195989949234,0.001871698887236552,0.014076201220450233,0.0037690374852571663,0.0045895082303471614,0.047920619455412546,0.0005384339264653095,,,0.002435772524485924,0.078534434131583,0.002153735705861238,0.00025639710784062353,0.0007948310343059331,0.00025639710784062353,0.005127942156812471,0.008102148607763704,0.4325162812163478,0.03953643402902415,0.0026921696323265474,0.0007948310343059331,0.001871698887236552,0.024639762063483926,,0.0045895082303471614,,0.00025639710784062353,0.007563714681298395,,,0.00025639710784062353,0.0005384339264653095,0.0016153017793959284
0.0011025075637146812,,0.0022050151274293625,,0.003897236039177478,0.00025639710784062353,0.003897236039177478,0.0011025075637146812,0.019511819906671453,0.01643505461258397,0.0008204707450899954,0.0016665812009640532,,0.040972257832931645,0.011409671298907749,0.0022050151274293625,,,0.0011025075637146812,0.0016665812009640532,0.0005384339264653095,,,,0.030665094097738578,0.004435669965642788,,,0.0005384339264653095,,,0.012255781754781807,0.00025639710784062353,0.0005384339264653095,0.009743090097943696,0.0013845443823393671,0.0005384339264653095,0.00025639710784062353,0.0005384339264653095,,0.004717706784267473,0.0024870519460540486,0.001948618019588739,,0.00751243525973027,0.0008204707450899954,0.011127634480283062,0.0022050151274293625,0.0022050151274293625,0.03817752935746885,0.0024870519460540486,,0.0005384339264653095,0.0011025075637146812,0.05297164247987283,,0.00025639710784062353,,0.00025639710784062353,0.003897236039177478,0.003897236039177478,0.6356853494692579,0.021742474744884877,0.0005384339264653095,0.0005384339264653095,0.0011025075637146812,0.022024511563509562,0.00025639710784062353,0.0011025075637146812,,0.00025639710784062353,0.006666324803856213,0.00025639710784062353,,0.00025639710784062353,0.00025639710784062353,0.0027690887646787342
,,0.0032818829803599814,,0.00025639710784062353,,0.007384236705809959,,0.0016409414901799907,0.015076149941028665,,0.0024614122352699863,,0.027947284754627967,0.010948156504794625,0.00025639710784062353,,,0.0005384339264653095,0.0005384339264653095,0.00025639710784062353,,,0.00025639710784062353,0.03125480744577201,0.0029998461617352958,,,,,0.0013589046715553048,0.012050664068509307,,,0.012589097994974617,0.0024614122352699863,,,0.0005384339264653095,0.00025639710784062353,0.0005384339264653095,0.0008204707450899954,0.0018973385980206143,0.00025639710784062353,0.005204861289164658,,0.005743295215629968,,0.0013589046715553048,0.02851135839187734,0.0018973385980206143,,0.00025639710784062353,0.001076867852930619,0.04304907440644069,0.0016409414901799907,0.00025639710784062353,,0.00025639710784062353,0.0024614122352699863,0.0035639197989846675,0.703117788831342,0.026306343264447977,0.0008204707450899954,0.00025639710784062353,0.00025639710784062353,0.02658838008307266,0.0005384339264653095,0.0027178093431106097,,,0.005204861289164658,,,0.00025639710784062353,0.0005384339264653095,0.00025639710784062353
,,0.003948515460745603,,,,0.007358596995025896,0.00028203681862468594,0.0008461104558740578,0.02381929131839393,0.0014101840931234296,0.0028203681862468593,,0.023537254499769244,0.00935849443618276,0.0022562945489974875,,0.00028203681862468594,0.00028203681862468594,0.0011281472744987437,0.00028203681862468594,,,0.0005640736372493719,0.028921593764422337,0.003102405004871545,,,,,0.00028203681862468594,0.010486641710681503,0.0008461104558740578,,0.013332649607712426,0.0019742577303728014,0.0008461104558740578,,,,0.0042305522793702885,0.0011281472744987437,0.0011281472744987437,0.00028203681862468594,0.00848674426952464,0.00028203681862468594,0.009640531254807445,0.00028203681862468594,0.0014101840931234296,0.033459822573201375,0.002538331367622173,0.0008461104558740578,,0.0022562945489974875,0.03517768319573355,0.00028203681862468594,0.00028203681862468594,0.00028203681862468594,,0.003384441823496231,0.004538228808779037,0.6869391313265986,0.022409107225270498,0.0011281472744987437,0.00028203681862468594,0.0011281472744987437,0.028639556945797652,,0.0028203681862468593,0.0014101840931234296,,0.005948412901902467,0.00028203681862468594,0.0005640736372493719,0.00028203681862468594,0.00028203681862468594,
,,0.004666427362699349,,0.0005384339264653095,,0.0065894056715040256,0.0005384339264653095,0.001076867852930619,0.019793856725296138,0.001076867852930619,0.0016409414901799907,,0.026690938926208913,0.011819906671452746,,,,0.0008204707450899954,0.0019229783088046766,0.0005384339264653095,,,0.0005384339264653095,0.02448592379877955,0.002743449053894672,0.00025639710784062353,,,,0.0008204707450899954,0.009076457617558074,,0.00025639710784062353,0.011819906671452746,0.0019229783088046766,,,,0.0005384339264653095,0.0024614122352699863,0.0008204707450899954,0.002743449053894672,,0.004384390544074663,0.0005384339264653095,0.006871442490128711,0.0005384339264653095,0.0013589046715553048,0.038254448489821034,0.0016409414901799907,0.0008204707450899954,,0.0013589046715553048,0.04210040510743039,0.0008204707450899954,0.001076867852930619,0.0005384339264653095,,0.002743449053894672,0.00576893492641403,0.6992205527921644,0.01925542279883083,0.001076867852930619,,,0.028895954053638276,,0.0035639197989846675,,,0.0019229783088046766,,,0.00025639710784062353,0.00025639710784062353,0.0005384339264653095
,,0.00838418542638839,,,,0.006743243936208399,,0.00025639710784062353,0.014871032254756167,0.0016153017793959284,0.0007948310343059331,,0.027588328803651096,0.010537921132249628,0.0005384339264653095,,,0.0007948310343059331,0.0013332649607712425,0.00025639710784062353,,,0.00025639710784062353,0.03679298497512948,0.002153735705861238,,,,,0.0007948310343059331,0.01569150299984616,,0.0005384339264653095,0.008640582534229014,0.001871698887236552,,0.00025639710784062353,0.00025639710784062353,0.0005384339264653095,0.003230603558791857,0.001076867852930619,0.002435772524485924,,0.006486846828367776,0.00025639710784062353,0.008640582534229014,0.0013332649607712425,0.003230603558791857,0.03815188964668478,0.004307471411722476,0.00025639710784062353,0.00025639710784062353,0.0013332649607712425,0.048715450489718475,0.0016153017793959284,0.0007948310343059331,0.00025639710784062353,,0.004871545048971848,0.00784575149992308,0.6618378544690016,0.024896159171324546,0.0013332649607712425,,0.0007948310343059331,0.02948566740167171,0.00025639710784062353,0.0026921696323265474,,0.00025639710784062353,0.0013332649607712425,,,0.00025639710784062353,0.00025639710784062353,
,,0.005563817240141531,0.00025639710784062353,0.0005384339264653095,,0.010563560843033691,0.0011025075637146812,0.0030511255833034203,0.02033229065176145,0.0022050151274293625,0.00025639710784062353,,0.03789549253884416,0.013358289318496487,0.0022050151274293625,0.00025639710784062353,0.00025639710784062353,0.0013845443823393671,0.0011025075637146812,0.0005384339264653095,,,0.0011025075637146812,0.04540792779857443,0.005845854058766217,,,,,0.003897236039177478,0.013358289318496487,,0.0011025075637146812,0.013076252499871802,0.0005384339264653095,0.0005384339264653095,,,0.0016665812009640532,0.004717706784267473,0.001948618019588739,0.0024870519460540486,,0.011409671298907749,0.0005384339264653095,0.007794472078354956,0.0022050151274293625,0.0027690887646787342,0.04484385416132506,0.0024870519460540486,0.0005384339264653095,,0.0016665812009640532,0.055433054715142815,0.0022050151274293625,0.00025639710784062353,0.00025639710784062353,,0.008076508896979641,0.00946105327931901,0.561714783857238,0.04430542023485975,0.00025639710784062353,0.0008204707450899954,0.0011025075637146812,0.026742218347777038,0.0011025075637146812,0.008358545715604328,,,0.005563817240141531,0.0005384339264653095,0.0022050151274293625,0.00025639710784062353,0.0005384339264653095,
,0.0005640736372493719,0.0014101840931234296,0.0014101840931234296,0.00028203681862468594,,0.0091277370391262,0.0031280447156556072,0.006563765960719963,0.028588277524229527,0.0019998974411568637,0.0011281472744987437,,0.08032921388646735,0.013127531921439926,0.0034100815342802933,,0.0008461104558740578,0.0008461104558740578,0.0005640736372493719,0.00028203681862468594,,,0.0019998974411568637,0.036305830470232295,0.007409876416594021,0.00028203681862468594,0.0014101840931234296,,,0.003999794882313727,0.021716835034100816,0.0014101840931234296,0.0011281472744987437,0.01599917952925491,0.0016922209117481155,,0.0025639710784062355,0.0008461104558740578,0.0008461104558740578,0.0034100815342802933,0.0016922209117481155,0.0008461104558740578,,0.007127839597969335,0.00028203681862468594,0.018845187426285832,0.0034100815342802933,0.0036921183529049794,0.040305625352546025,0.0005640736372493719,0.0005640736372493719,0.0005640736372493719,0.0014101840931234296,0.07089380031793241,0.0028460078970309216,0.0008461104558740578,,0.00028203681862468594,0.008281626583252141,0.01599917952925491,0.4761294292600379,0.03287010922516794,0.00228193425978155,0.00028203681862468594,0.00028203681862468594,0.029434387980103584,0.0011281472744987437,0.010845597661658376,,,0.007409876416594021,,0.0034100815342802933,0.0005640736372493719,0.0019998974411568637,0.00028203681862468594
,0.00028203681862468594,0.00348700066663248,0.00028203681862468594,,,0.005230500999948721,0.00028203681862468594,0.004051074303881852,0.012768575970463053,0.001435823803907492,0.001435823803907492,,0.05492026049946157,0.009589251833239321,0.002307573970565612,0.0005640736372493719,0.0005640736372493719,0.0005640736372493719,0.0005640736372493719,0.00028203681862468594,,0.00028203681862468594,0.002897287318599046,0.031075329470283575,0.0049228244705399726,,,,,0.002897287318599046,0.012768575970463053,0.001153786985282806,0.00087175016665812,0.008999538485205887,0.00087175016665812,,,0.00087175016665812,0.00087175016665812,0.00174350033331624,0.001435823803907492,0.0005640736372493719,,0.00697400133326496,0.001435823803907492,0.016845289985128967,0.001153786985282806,0.001435823803907492,0.03602379365160761,0.00174350033331624,0.00087175016665812,0.00028203681862468594,0.00087175016665812,0.043869545151530694,0.0037690374852571663,0.0005640736372493719,,0.00028203681862468594,0.0026152504999743605,0.006666324803856213,0.6373262909594379,0.02033229065176145,0.002307573970565612,0.0005640736372493719,0.00087175016665812,0.021486077637044253,0.00087175016665812,0.0087175016665812,,0.0005640736372493719,0.00784575149992308,0.00028203681862468594,0.002025537151940926,0.00028203681862468594,0.00028203681862468594,
,,0.006512486539151838,,,,0.020204092097841138,,0.0012307061176349931,0.01305061278908774,,0.0006153530588174966,,0.02643454181836829,0.01305061278908774,0.0006153530588174966,0.0003076765294087483,,,0.0012307061176349931,0.0003076765294087483,,0.0003076765294087483,,0.03171632223988513,0.002153735705861238,,,,,,0.017717040151787086,,0.0003076765294087483,0.01274293625967899,0.0006153530588174966,0.0003076765294087483,,0.0009230295882262449,0.0003076765294087483,0.0015383826470437413,0.002153735705861238,0.0024870519460540486,,0.0058971334803343415,,0.008999538485205887,0.0009230295882262449,0.0018460591764524897,0.042920875852520385,0.004666427362699349,,,0.0012307061176349931,0.027998564176196093,0.0034100815342802933,,,,0.003102405004871545,0.008999538485205887,0.67350392287575,0.02176811445566894,,0.0003076765294087483,0.0003076765294087483,0.025819188759550794,0.0006153530588174966,0.0034100815342802933,0.0003076765294087483,,0.005589456950925594,0.0009230295882262449,,0.0003076765294087483,0.0003076765294087483,
,,0.0037690374852571663,,0.00028203681862468594,,0.0069483616224808985,,0.001153786985282806,0.011614788985180247,0.00028203681862468594,0.00028203681862468594,,0.025537151940926105,0.010153325470488693,0.0008461104558740578,,,,0.0008461104558740578,0.00028203681862468594,,0.0005640736372493719,,0.031049689759499514,0.005794574637198092,,,,,0.0008461104558740578,0.009871288651864006,0.00028203681862468594,0.00028203681862468594,0.00782011178913902,0.001435823803907492,0.0005640736372493719,,,0.002307573970565612,0.001435823803907492,0.0008461104558740578,0.0031793241372237322,,0.005204861289164658,,0.006384287985231526,0.0017178606225321778,0.0008461104558740578,0.03599815394082355,0.0025896107891902977,,,0.001153786985282806,0.019152863955694578,0.003461360955848418,,,,0.0037690374852571663,0.0017178606225321778,0.7425516640172298,0.012178862622429619,0.0005640736372493719,0.0005640736372493719,0.00028203681862468594,0.025537151940926105,,0.0031793241372237322,,0.00028203681862468594,0.002307573970565612,0.001435823803907492,,0.00028203681862468594,0.0005640736372493719,
,,0.005435618686221219,,0.0008461104558740578,,0.012589097994974617,0.00028203681862468594,0.0017178606225321778,0.01633249576944772,0.0014101840931234296,,,0.02807548330854828,0.013742884980257422,0.0005640736372493719,,,,0.0017178606225321778,0.00028203681862468594,,,,0.025203835700733295,0.003999794882313727,,,,,,0.01230706117634993,,0.00028203681862468594,0.011153274191067125,0.0008461104558740578,0.0005640736372493719,0.0005640736372493719,0.0005640736372493719,0.0008461104558740578,0.0031280447156556072,0.0008461104558740578,0.0014101840931234296,,0.006871442490128711,,0.01002512691656838,0.0031280447156556072,0.0005640736372493719,0.03781857340649197,0.0037177580636890417,,,0.00228193425978155,0.03666478642120917,0.00228193425978155,,0.00028203681862468594,,0.0028460078970309216,0.008589303112660889,0.683016255576637,0.021486077637044253,0.00028203681862468594,0.0005640736372493719,0.0011281472744987437,0.028357520127172964,,0.00228193425978155,,,0.0014101840931234296,0.0011281472744987437,,0.00028203681862468594,0.00028203681862468594,
,0.00028203681862468594,0.00228193425978155,,0.0011281472744987437,,0.021434798215476128,0.00028203681862468594,0.0014101840931234296,0.017717040151787086,0.0011281472744987437,0.00028203681862468594,,0.024844879749756424,0.011717347828316496,0.0005640736372493719,0.00028203681862468594,0.0005640736372493719,0.0008461104558740578,0.0005640736372493719,,,,,0.02743449053894672,0.004281831700938413,,,,,0.0005640736372493719,0.013409568740064612,,0.00028203681862468594,0.014563355725347418,0.0008461104558740578,,0.00028203681862468594,0.0008461104558740578,0.0016922209117481155,0.00228193425978155,0.0008461104558740578,0.0005640736372493719,,0.009999487205784318,0.00028203681862468594,0.014281318906722733,0.0008461104558740578,0.0008461104558740578,0.03171632223988513,0.004845905338187785,,,0.00228193425978155,0.04027998564176196,0.0034100815342802933,,,,0.0031280447156556072,0.0091277370391262,0.6640941490179991,0.020281011230193324,0.0025639710784062355,0.00028203681862468594,0.00028203681862468594,0.02428080611250705,,0.004845905338187785,,0.00028203681862468594,0.004845905338187785,0.0019998974411568637,0.00028203681862468594,0.0005640736372493719,0.0011281472744987437,
,,0.0045895082303471614,,0.0008461104558740578,,0.011230193323419312,0.0008461104558740578,0.0045895082303471614,0.020742526024306446,0.00228193425978155,0.0008461104558740578,,0.03974155171529665,0.013230090764576175,0.001435823803907492,0.00028203681862468594,0.0005640736372493719,0.004307471411722476,0.002871647607814984,0.0005640736372493719,,,,0.036305830470232295,0.0025896107891902977,0.00028203681862468594,0.0005640736372493719,,,0.0011281472744987437,0.016409414901799906,0.001435823803907492,0.001435823803907492,0.012101943490077432,0.0005640736372493719,,,0.0017178606225321778,0.0005640736372493719,0.00228193425978155,0.00228193425978155,0.00315368442643967,,0.011512230142043998,0.00028203681862468594,0.01294805394595149,0.001435823803907492,0.0011281472744987437,0.04407466283780319,0.0017178606225321778,,,0.0008461104558740578,0.06281729142095277,0.006333008563663402,0.00028203681862468594,0.00028203681862468594,,0.00402543459309779,0.00717911901953746,0.5624326957591919,0.03543408030357417,,0.0011281472744987437,0.00028203681862468594,0.038305727911389156,,0.004307471411722476,,,0.007768832367570894,0.0005640736372493719,0.0019998974411568637,0.00028203681862468594,0.0008461104558740578,
,,0.007384236705809959,,,,0.00946105327931901,0.00028203681862468594,0.006486846828367776,0.023357776524280807,0.0005897133480334342,0.0005897133480334342,,0.07363724937182708,0.015076149941028665,0.003820316906825291,0.00028203681862468594,0.00087175016665812,0.00087175016665812,0.00087175016665812,,,,0.0005897133480334342,0.036075073073175735,0.0035382800882006052,,0.00087175016665812,,,0.0005897133480334342,0.021280959950771755,0.00087175016665812,0.0011794266960668683,0.014178760063586482,0.0005897133480334342,,0.0005897133480334342,0.004717706784267473,0.0014614635146915542,0.003820316906825291,0.0014614635146915542,0.003230603558791857,,0.019793856725296138,,0.01033280344597713,0.003230603558791857,0.0029485667401671707,0.04227988308291882,0.0011794266960668683,0.00087175016665812,,0.00087175016665812,0.11709655915081278,0.0017691400441003026,0.0014614635146915542,0.0020511768627249883,0.0005897133480334342,0.008871339931285575,0.0156658632890621,0.4147736013537767,0.052048612891646584,0.0023588533921337367,0.0005897133480334342,0.0014614635146915542,0.029562586534023896,0.00028203681862468594,0.011819906671452746,,,0.014178760063586482,0.0011794266960668683,0.0029485667401671707,,0.00028203681862468594,0.00087175016665812
,,0.0036921183529049794,,,,0.005127942156812471,0.0011281472744987437,0.0019742577303728014,0.014230039485154607,0.0011281472744987437,0.0005640736372493719,,0.04474129531818881,0.017665760730218964,0.0005640736372493719,,0.0008461104558740578,0.0011281472744987437,0.0011281472744987437,0.0005640736372493719,,0.00028203681862468594,,0.02907543202912671,0.0031280447156556072,,0.00028203681862468594,,,0.0005640736372493719,0.015101789651812728,0.0008461104558740578,0.0005640736372493719,0.010255884313624942,0.0005640736372493719,,,0.0014101840931234296,0.0005640736372493719,0.0019742577303728014,0.0005640736372493719,0.0025639710784062355,,0.016794010563560842,0.00028203681862468594,0.010255884313624942,0.0025639710784062355,0.004845905338187785,0.03733141890159479,0.0025639710784062355,,,0.0005640736372493719,0.07240654325419209,0.0036921183529049794,0.00028203681862468594,0.00028203681862468594,0.0005640736372493719,0.0034100815342802933,0.005127942156812471,0.6019691297882159,0.03504948464181324,0.00028203681862468594,0.0005640736372493719,0.00028203681862468594,0.026485821239936414,0.00028203681862468594,0.004256191990154351,,,0.004538228808779037,0.0008461104558740578,0.0014101840931234296,0.00028203681862468594,0.00028203681862468594,0.00028203681862468594
,,0.007409876416594021,,0.0005640736372493719,,0.010281524024409005,0.0008461104558740578,0.00028203681862468594,0.012563458284190554,0.0005640736372493719,0.0005640736372493719,,0.025690990205630482,0.02056304804881801,0.0008461104558740578,,,0.0011281472744987437,0.0014101840931234296,0.0011281472744987437,0.00028203681862468594,0.00028203681862468594,0.00028203681862468594,0.03656222757807292,0.00228193425978155,,,,,0.00028203681862468594,0.014563355725347418,,,0.012845495102815241,0.0011281472744987437,,,0.0011281472744987437,0.0008461104558740578,0.0014101840931234296,0.0008461104558740578,0.0028460078970309216,,0.00969181067637557,0.0005640736372493719,0.007691913235218706,0.0019742577303728014,0.0014101840931234296,0.03712630121532229,0.0028460078970309216,,0.00028203681862468594,0.0014101840931234296,0.035972514230039485,0.0025639710784062355,,0.00028203681862468594,,0.0019742577303728014,0.0034100815342802933,0.6723501358904671,0.02197323214194144,0.0005640736372493719,0.0005640736372493719,0.0005640736372493719,0.030562535254602327,,0.0016922209117481155,,,0.0034100815342802933,0.0008461104558740578,,,0.0008461104558740578,
,,0.0022562945489974875,,,0.00028203681862468594,0.011614788985180247,0.00028203681862468594,0.0022562945489974875,0.01728116506845803,0.0014101840931234296,0.00028203681862468594,,0.015870980975334598,0.013024973078303676,0.0011281472744987437,,,0.0014101840931234296,0.0016922209117481155,0.0005640736372493719,,,,0.03628019075944823,0.0019742577303728014,,,,,0.00028203681862468594,0.012460899441054305,,,0.016717091431208655,0.00028203681862468594,,,0.0005640736372493719,0.0005640736372493719,0.003384441823496231,0.0008461104558740578,0.0011281472744987437,,0.011050715347930876,0.00028203681862468594,0.008204707450899953,0.00028203681862468594,0.0019742577303728014,0.03543408030357417,0.0048202656274037225,0.00028203681862468594,,0.002538331367622173,0.03543408030357417,0.003102405004871545,0.0005640736372493719,,0.0008461104558740578,0.003384441823496231,0.007358596995025896,0.6842213219834881,0.02069124660273832,0.0005640736372493719,0.0005640736372493719,0.00028203681862468594,0.024665401774267987,,0.0048202656274037225,,,0.0042305522793702885,0.0005640736372493719,,,,
,,0.002538331367622173,,,0.00028203681862468594,0.007050920465617148,0.00028203681862468594,0.0011281472744987437,0.012435259730270242,,0.00028203681862468594,,0.027998564176196093,0.009332854725398698,0.0011281472744987437,,0.00028203681862468594,0.0008461104558740578,0.0022562945489974875,0.0005640736372493719,,0.0005640736372493719,0.0011281472744987437,0.0358955950976873,0.003102405004871545,,,,,0.0011281472744987437,0.013563407004768987,,,0.010461001999897442,0.0011281472744987437,,,0.0011281472744987437,,0.0019742577303728014,0.0016922209117481155,0.0016922209117481155,,0.00761499410286652,0.0005640736372493719,0.007897030921491206,0.0005640736372493719,0.0014101840931234296,0.029972821906568893,0.0028203681862468593,0.00028203681862468594,,0.0014101840931234296,0.04807445772011692,0.0022562945489974875,,0.0008461104558740578,,0.002538331367622173,0.005922773191118404,0.6798369314394134,0.019511819906671453,0.0014101840931234296,0.0005640736372493719,0.00028203681862468594,0.03138300599969232,,0.0022562945489974875,0.0008461104558740578,,0.009896928362648069,0.0005640736372493719,,,0.0011281472744987437,0.00028203681862468594
,,0.0043331111225065385,0.00028203681862468594,0.0005640736372493719,,0.009281575303830572,0.007256038151889647,0.0017178606225321778,0.033690579970257935,0.001153786985282806,0.00028203681862468594,,0.03253679298497513,0.011896825803804934,0.0005640736372493719,0.00028203681862468594,0.0005640736372493719,0.002307573970565612,0.001435823803907492,,,,0.0008461104558740578,0.0287421157889339,0.005794574637198092,,,,,0.001153786985282806,0.01392236295574586,,0.0008461104558740578,0.009563612122455259,0.001153786985282806,,,0.0005640736372493719,0.0005640736372493719,0.004051074303881852,0.001435823803907492,0.001435823803907492,,0.009563612122455259,,0.0069483616224808985,0.0008461104558740578,0.003461360955848418,0.03281882980359981,0.0025896107891902977,0.0037690374852571663,,0.0005640736372493719,0.03571611712219886,0.0031793241372237322,0.00028203681862468594,0.001435823803907492,,0.007538074970514333,0.0069483616224808985,0.6257627813958259,0.03776729398492385,,0.00028203681862468594,0.0005640736372493719,0.029921542485000768,,0.002307573970565612,,,0.007256038151889647,0.0008461104558740578,0.0005640736372493719,,0.0008461104558740578,
0.00025639710784062353,,0.006615045382288087,,0.00025639710784062353,,0.011025075637146813,0.00576893492641403,0.003025485872519358,0.0176401210194349,0.0013589046715553048,0.0011025075637146812,0.00025639710784062353,0.04079277985744321,0.012383980308702117,0.0005384339264653095,,,0.0019229783088046766,0.0013589046715553048,0.0005384339264653095,,,0.0005384339264653095,0.04879236962207066,0.004948464181324034,,,,,0.0022050151274293625,0.019024665401774266,0.0005384339264653095,0.0008204707450899954,0.00882006050971745,0.00025639710784062353,,0.0005384339264653095,0.0016409414901799907,0.0033075226911440437,0.004410030254858725,0.0008204707450899954,0.0013589046715553048,,0.011281472744987437,,0.04494641300446131,0.0022050151274293625,0.003025485872519358,0.04384390544074663,0.0035639197989846675,0.0024614122352699863,,0.0011025075637146812,0.039151838367263214,0.004666427362699349,0.0008204707450899954,,,0.008538023691092765,0.00882006050971745,0.5371775806368904,0.025075637146812983,0.003845956617609353,0.00025639710784062353,0.0019229783088046766,0.029767704220296395,0.0005384339264653095,0.0035639197989846675,0.00025639710784062353,,0.01597353981847085,0.00025639710784062353,0.0035639197989846675,,0.00025639710784062353,0.00025639710784062353
0.0007948310343059331,0.00025639710784062353,0.0054099789754371574,,0.00025639710784062353,,0.006486846828367776,0.0007948310343059331,0.006768883646992462,0.019793856725296138,0.0016153017793959284,0.0016153017793959284,0.00025639710784062353,0.059663606994513105,0.013819804112609609,0.002435772524485924,,,0.0026921696323265474,0.0026921696323265474,0.00025639710784062353,,,0.0005384339264653095,0.037690374852571665,0.0073073175734577715,0.00025639710784062353,,,,0.004051074303881852,0.021152761396851443,0.0007948310343059331,0.0013332649607712425,0.005948412901902467,0.0007948310343059331,,,0.0018973385980206143,0.0029742064509512335,0.0054099789754371574,0.0016153017793959284,0.0018973385980206143,0.00025639710784062353,0.015178708784164914,0.00025639710784062353,0.009743090097943696,0.0054099789754371574,0.004871545048971848,0.046100199989744114,0.004871545048971848,,0.00025639710784062353,0.0018973385980206143,0.10225116660684068,0.005153581867596534,0.001076867852930619,,,0.010845597661658376,0.013537767293984924,0.45879698477001174,0.037972411671196346,0.0013332649607712425,,0.002153735705861238,0.03633147018101636,0.0013332649607712425,0.0043331111225065385,,,0.01599917952925491,0.00025639710784062353,0.00025639710784062353,,,0.00025639710784062353
0.0005384339264653095,,0.004948464181324034,,0.0005384339264653095,,0.004127993436234039,0.0005384339264653095,0.0016409414901799907,0.01569150299984616,0.0008204707450899954,0.001076867852930619,0.00025639710784062353,0.05068970822009128,0.012666017127326804,0.001076867852930619,,0.00025639710784062353,0.0024614122352699863,0.0013589046715553048,0.0005384339264653095,,,,0.028383159837957028,0.002743449053894672,,0.00025639710784062353,,,0.0021793754166453,0.009896928362648069,0.0005384339264653095,0.0016409414901799907,0.008255986872468079,0.0005384339264653095,,,0.005230500999948721,0.001076867852930619,0.0035639197989846675,0.001076867852930619,0.0016409414901799907,,0.010461001999897442,0.00025639710784062353,0.008538023691092765,0.004948464181324034,0.002743449053894672,0.03389569765653044,0.001076867852930619,,,0.0013589046715553048,0.0600738423670581,0.0032818829803599814,0.00025639710784062353,,,0.008538023691092765,0.007435516127378083,0.6133275216655556,0.03222911645556638,0.001076867852930619,0.00025639710784062353,0.0005384339264653095,0.024511563509563614,0.0013589046715553048,0.006333008563663402,,,0.010461001999897442,0.0005384339264653095,,0.00025639710784062353,,
,,0.0048202656274037225,,0.0007948310343059331,0.00025639710784062353,0.008307266294036204,0.0007948310343059331,0.0029229270293831084,0.01740936362237834,,0.0007948310343059331,,0.02384493102917799,0.012589097994974617,0.00025639710784062353,0.0005127942156812471,,0.0021280959950771756,0.0007948310343059331,,,0.00025639710784062353,0.00025639710784062353,0.03294702835752013,0.0013332649607712425,,,,,0.0010512281421465566,0.018204194656684273,,0.00025639710784062353,0.008307266294036204,0.0010512281421465566,,,0.0007948310343059331,0.00025639710784062353,0.003999794882313727,0.0005127942156812471,0.003743397774473104,,0.0069483616224808985,,0.00587149376955028,0.0015896620686118661,0.0005127942156812471,0.0358955950976873,0.00025639710784062353,0.0005127942156812471,,0.0010512281421465566,0.023562894210553305,0.003999794882313727,0.0005127942156812471,0.00025639710784062353,,0.0021280959950771756,0.005358699553869032,0.7120404081841957,0.016614532588072408,0.0013332649607712425,0.0005127942156812471,0.00025639710784062353,0.028665196656581713,,0.0007948310343059331,,,0.001871698887236552,0.00025639710784062353,,,,
,,0.0015896620686118661,,0.00025639710784062353,,0.004281831700938413,0.0007948310343059331,0.0024101328137018613,0.013127531921439926,0.0005127942156812471,0.0005127942156812471,,0.021716835034100816,0.008563663401876826,,,0.00025639710784062353,0.0010512281421465566,0.00025639710784062353,,,0.00025639710784062353,,0.028690836367365777,0.001871698887236552,,,,,0.0005127942156812471,0.01394800266652992,,0.00025639710784062353,0.009640531254807445,0.00025639710784062353,,0.00025639710784062353,0.0005127942156812471,0.0015896620686118661,0.0032049638480077945,0.00025639710784062353,0.001871698887236552,0.00025639710784062353,0.0058971334803343415,,0.007230398441105584,0.0010512281421465566,0.0013332649607712425,0.031639403107532944,0.0013332649607712425,0.0007948310343059331,,0.001871698887236552,0.03192143992615763,0.0021280959950771756,,,0.00025639710784062353,0.0024101328137018613,0.0048202656274037225,0.734782831649659,0.019024665401774266,,0.0005127942156812471,,0.028152402440900465,,0.0015896620686118661,,,0.004281831700938413,0.00025639710784062353,,,,
,,0.0029742064509512335,,,,0.004871545048971848,0.00025639710784062353,0.0005384339264653095,0.018434952053740832,0.0005384339264653095,0.0007948310343059331,,0.024665401774267987,0.009486692990103072,0.0013332649607712425,,,0.002435772524485924,0.002435772524485924,,0.00025639710784062353,,0.00025639710784062353,0.024665401774267987,0.001076867852930619,,,,,0.0013332649607712425,0.01164042869596431,,0.0005384339264653095,0.010563560843033691,0.0005384339264653095,,,,,0.003230603558791857,0.0007948310343059331,0.003230603558791857,,0.006486846828367776,0.00025639710784062353,0.005692015794061843,0.001076867852930619,0.0007948310343059331,0.03876724270550228,0.001076867852930619,0.0005384339264653095,0.00025639710784062353,,0.03822880877903697,0.0026921696323265474,0.0005384339264653095,0.00025639710784062353,0.0005384339264653095,0.0018973385980206143,0.003512640377416543,0.7073996205322803,0.01925542279883083,0.0007948310343059331,0.0005384339264653095,0.0005384339264653095,0.030101020460489205,,0.0016153017793959284,0.00025639710784062353,,0.0054099789754371574,0.0043331111225065385,,,,0.00025639710784062353
,,0.0026152504999743605,,0.0007691913235218707,,0.008179067740115892,0.00025639710784062353,0.0026152504999743605,0.015819701553766472,0.0007691913235218707,0.0007691913235218707,,0.03192143992615763,0.010281524024409005,0.0005127942156812471,,0.00025639710784062353,0.0023588533921337367,0.0015640223578278036,,,0.0005127942156812471,,0.03484436695554074,0.005794574637198092,,,,,0.00025639710784062353,0.013178811343008051,,0.0010512281421465566,0.009230295882262448,0.00025639710784062353,,,0.00025639710784062353,,0.003948515460745603,0.0015640223578278036,0.0026152504999743605,,0.01556330444592585,,0.011871186093020871,0.0005127942156812471,0.00025639710784062353,0.030075380749705144,0.0010512281421465566,0.0010512281421465566,0.00025639710784062353,0.0010512281421465566,0.08340597918055484,0.003948515460745603,,,0.0005127942156812471,0.0010512281421465566,0.004486949387210912,0.6096866827342187,0.03933131634275165,0.0005127942156812471,0.0005127942156812471,0.0005127942156812471,0.02928054971539921,,0.00315368442643967,,,0.0055381775293574685,0.00315368442643967,,0.00025639710784062353,,0.0007691913235218707
,,0.004743346495051536,,0.0007691913235218707,,0.01133275216655556,0.00025639710784062353,0.002897287318599046,0.02005025383313676,0.0005127942156812471,0.0010512281421465566,,0.05145889954361315,0.01002512691656838,0.0007691913235218707,,,0.0034100815342802933,0.0018460591764524897,,,,,0.041433772627044764,0.0021024562842931133,,,,,0.0026152504999743605,0.016614532588072408,,0.00025639710784062353,0.012127583200861495,0.0010512281421465566,,0.00025639710784062353,0.0015640223578278036,0.0005127942156812471,0.00315368442643967,0.0013076252499871802,0.00315368442643967,0.00025639710784062353,0.010537921132249628,0.00025639710784062353,0.011871186093020871,0.0013076252499871802,0.004204912568586227,0.03271627096046357,0.0023588533921337367,0.0013076252499871802,,0.0023588533921337367,0.09578995948925696,0.005256140710732783,0.00025639710784062353,,0.00025639710784062353,0.0021024562842931133,0.003948515460745603,0.5266140197938567,0.044587457053484436,0.00025639710784062353,0.00025639710784062353,0.0010512281421465566,0.03666478642120917,,0.004204912568586227,,,0.011076355058714937,0.0005127942156812471,0.0021024562842931133,0.00025639710784062353,,0.0023588533921337367
,,0.005127942156812471,,0.0007948310343059331,,0.006486846828367776,,0.008640582534229014,0.023537254499769244,0.0007948310343059331,0.002153735705861238,,0.05899697451412748,0.012973693656735553,0.0029742064509512335,,0.001076867852930619,0.0054099789754371574,0.0007948310343059331,,0.0007948310343059331,0.0005384339264653095,0.00025639710784062353,0.03353674170555356,0.0029742064509512335,,,,,0.002153735705861238,0.018665709450797395,,,0.011358391877339623,0.0007948310343059331,0.00025639710784062353,,0.0013332649607712425,0.002153735705861238,0.0029742064509512335,0.0016153017793959284,0.0029742064509512335,,0.010819957950874315,,0.014050561509666172,0.001871698887236552,0.00784575149992308,0.03761345572021948,0.0016153017793959284,,,0.001871698887236552,0.18106763755704836,0.0029742064509512335,0.00025639710784062353,0.0005384339264653095,,0.002435772524485924,0.011614788985180247,0.3875442285011025,0.05899697451412748,0.0013332649607712425,,0.0026921696323265474,0.0378698528280601,0.0005384339264653095,0.0026921696323265474,,,0.017588841597866774,0.0007948310343059331,0.0005384339264653095,,,0.0026921696323265474
,,0.004538228808779037,0.00025639710784062353,0.0013332649607712425,0.00025639710784062353,0.0032049638480077945,0.00025639710784062353,0.003743397774473104,0.023024460284087996,0.00025639710784062353,0.0032049638480077945,0.00025639710784062353,0.04499769242602943,0.0152556279165171,0.0007948310343059331,,0.00025639710784062353,0.0024101328137018613,0.0010512281421465566,0.0005127942156812471,0.0007948310343059331,0.00025639710784062353,,0.029998461617352958,0.002666529921542485,,,,,0.0010512281421465566,0.014999230808676479,,0.0005127942156812471,0.008025229475411517,0.0005127942156812471,0.00025639710784062353,,0.0021280959950771756,0.0005127942156812471,0.0007948310343059331,0.0007948310343059331,0.003999794882313727,0.0007948310343059331,0.00587149376955028,,0.011768627249884622,0.002666529921542485,0.003999794882313727,0.04312599353879288,0.0005127942156812471,,,0.0013332649607712425,0.04340803035741757,0.005358699553869032,,0.00025639710784062353,,0.0032049638480077945,0.008025229475411517,0.6116865801753757,0.030536895543818266,0.0015896620686118661,0.00025639710784062353,0.0024101328137018613,0.030536895543818266,0.00025639710784062353,0.0015896620686118661,0.00025639710784062353,,0.012589097994974617,0.0024101328137018613,0.0005127942156812471,,,0.0021280959950771756
,,0.004307471411722476,,,,0.005384339264653095,0.0005384339264653095,0.0016153017793959284,0.019640018460591765,0.0013332649607712425,0.002153735705861238,,0.034741808112404494,0.015076149941028665,0.001076867852930619,0.00025639710784062353,,0.0016153017793959284,,,,0.00025639710784062353,,0.033126506333008565,0.00348700066663248,,,,,,0.013178811343008051,,0.00025639710784062353,0.011025075637146813,,,0.00025639710784062353,0.001076867852930619,,0.00402543459309779,0.0005384339264653095,0.0024101328137018613,,0.007538074970514333,0.0005384339264653095,0.007538074970514333,0.0029485667401671707,0.00025639710784062353,0.03743397774473104,0.001076867852930619,,,0.0007948310343059331,0.03176760166145326,0.0029485667401671707,0.0005384339264653095,0.0007948310343059331,,0.003230603558791857,0.0024101328137018613,0.6736577611404543,0.02907543202912671,0.0007948310343059331,0.0005384339264653095,0.0016153017793959284,0.03204963848007795,,0.0007948310343059331,,,0.0029485667401671707,0.0005384339264653095,0.00025639710784062353,,,0.0005384339264653095
,,0.0024101328137018613,,0.0005127942156812471,,0.00697400133326496,0.0005127942156812471,0.0021280959950771756,0.01394800266652992,0.0013332649607712425,0.0013332649607712425,0.0005127942156812471,0.02522947541151736,0.008307266294036204,0.0005127942156812471,,0.0005127942156812471,0.0013332649607712425,0.00025639710784062353,,,0.00025639710784062353,,0.02789600533305984,0.0015896620686118661,,,,,,0.015819701553766472,,0.00025639710784062353,0.01153786985282806,0.0010512281421465566,,,0.0007948310343059331,0.0005127942156812471,0.0015896620686118661,0.0005127942156812471,0.00025639710784062353,,0.01207630377929337,0.00025639710784062353,0.010461001999897442,0.0029485667401671707,0.0015896620686118661,0.028434439259525154,0.0015896620686118661,,,0.0010512281421465566,0.028972873185990462,0.0024101328137018613,0.00025639710784062353,,,0.0015896620686118661,0.004281831700938413,0.71301471719399,0.02253730577919081,0.0007948310343059331,0.0005127942156812471,0.0005127942156812471,0.028972873185990462,,0.0015896620686118661,0.0005127942156812471,,0.006435567406799651,0.0010512281421465566,,,,0.00025639710784062353
,0.00025639710784062353,0.007127839597969335,,0.0005384339264653095,,0.009589251833239321,0.001076867852930619,0.0032818829803599814,0.013691605558689299,0.00025639710784062353,0.0024614122352699863,0.0005384339264653095,0.03645966873493667,0.010409722578329316,0.0008204707450899954,,0.0008204707450899954,0.0013589046715553048,0.0005384339264653095,,,,,0.040023588533921337,0.0029998461617352958,0.00025639710784062353,,,,0.0021793754166453,0.015076149941028665,,0.00025639710784062353,0.016178657504743347,0.0016409414901799907,,,0.0008204707450899954,0.0024614122352699863,0.0035639197989846675,0.00025639710784062353,0.0024614122352699863,,0.012332700887133993,,0.010691759396954003,0.007948310343059331,0.001076867852930619,0.032895748935952006,0.0018973385980206143,0.00025639710784062353,,0.0016409414901799907,0.046869391313265986,0.005204861289164658,,0.00025639710784062353,,0.0027178093431106097,0.0049228244705399726,0.6114814624891031,0.028229321573252655,0.0016409414901799907,0.0008204707450899954,0.00025639710784062353,0.035075124352597305,0.0005384339264653095,0.0035639197989846675,0.0013589046715553048,,0.010409722578329316,0.00025639710784062353,0.00025639710784062353,,,
,0.00025639710784062353,0.00784575149992308,0.00025639710784062353,0.0005384339264653095,,0.006486846828367776,,0.005127942156812471,0.02625506384287985,0.001871698887236552,0.0029742064509512335,,0.0311266088918517,0.017870878416491463,0.001076867852930619,0.00025639710784062353,0.0005384339264653095,0.0043331111225065385,0.00025639710784062353,,0.0005384339264653095,0.00025639710784062353,,0.03817752935746885,0.0037690374852571663,,,,,0.0016153017793959284,0.016794010563560842,0.0007948310343059331,0.0005384339264653095,0.014896671965540228,0.002435772524485924,,,0.0016153017793959284,0.0043331111225065385,0.002435772524485924,0.0013332649607712425,0.001076867852930619,,0.017332444490026154,,0.013255730475360238,0.008102148607763704,0.003512640377416543,0.03169068252910107,0.0029742064509512335,,0.00025639710784062353,0.002153735705861238,0.051715296651453774,0.004051074303881852,0.0013332649607712425,,,0.001871698887236552,0.0043331111225065385,0.565355622788575,0.030870211784011076,0.002153735705861238,0.0005384339264653095,0.0005384339264653095,0.034126455053586996,0.003230603558791857,0.005127942156812471,0.001076867852930619,,0.013255730475360238,0.001076867852930619,0.001871698887236552,,0.00025639710784062353,0.00025639710784062353
,0.00025639710784062353,0.00969181067637557,0.00025639710784062353,,,0.007538074970514333,0.0005384339264653095,0.005922773191118404,0.025306394543869546,0.005384339264653095,0.003230603558791857,,0.05117686272498846,0.012383980308702117,0.0013332649607712425,0.00025639710784062353,0.0005384339264653095,0.0029485667401671707,0.00025639710784062353,0.00025639710784062353,0.0005384339264653095,,,0.03715194092610635,0.00348700066663248,0.00025639710784062353,,,,0.0029485667401671707,0.013178811343008051,0.0007948310343059331,0.00025639710784062353,0.01830675349982052,0.0013332649607712425,,,0.0037690374852571663,0.0037690374852571663,0.0013332649607712425,0.001871698887236552,0.00348700066663248,,0.015332547048869289,0.00025639710784062353,0.011563509563612122,0.007256038151889647,0.0026921696323265474,0.039305676631967594,0.006999641044049023,,0.0005384339264653095,0.001076867852930619,0.06061227629352341,0.004307471411722476,0.00348700066663248,,,0.0029485667401671707,0.008614942823444952,0.5200246141223527,0.034459771293779806,0.0026921696323265474,0.00025639710784062353,0.0005384339264653095,0.03069073380852264,0.002153735705861238,0.002153735705861238,0.0007948310343059331,0.00025639710784062353,0.018024716681195836,0.0013332649607712425,0.001871698887236552,,,
0.0005384339264653095,0.00025639710784062353,0.010230244602840879,,0.00025639710784062353,,0.01133275216655556,0.00025639710784062353,0.00664068509307215,0.026844777190913285,0.007743192656786832,0.004127993436234039,0.0008204707450899954,0.07720116917081175,0.011614788985180247,0.0011025075637146812,0.00025639710784062353,0.0013589046715553048,0.00358955950976873,,0.00025639710784062353,0.0005384339264653095,,,0.03512640377416543,0.0033075226911440437,,,,,0.002743449053894672,0.012999333367519614,0.0013589046715553048,0.0008204707450899954,0.014383877749858982,0.0008204707450899954,,,0.0033075226911440437,0.00664068509307215,0.00358955950976873,0.0022050151274293625,0.0019229783088046766,,0.015204348494948977,0.0019229783088046766,0.01576842213219835,0.008281626583252141,0.00358955950976873,0.03181888108302138,0.0022050151274293625,,,0.0022050151274293625,0.07361160966104302,0.0019229783088046766,0.002743449053894672,,,0.002743449053894672,0.008025229475411517,0.47571919388749295,0.028229321573252655,0.0046920670734834115,0.00025639710784062353,0.0008204707450899954,0.03430593302907543,0.0016409414901799907,0.004410030254858725,0.0008204707450899954,,0.02156299676939644,0.0008204707450899954,0.0024870519460540486,,,
0.00025639710784062353,0.00025639710784062353,0.008127788318547767,0.0005384339264653095,,,0.0043331111225065385,0.0007948310343059331,0.0043331111225065385,0.02035793036254551,0.0018973385980206143,0.002435772524485924,0.0005384339264653095,0.03717758063689042,0.011384031588123686,0.0013332649607712425,0.00025639710784062353,,0.0029742064509512335,0.0007948310343059331,0.00025639710784062353,,,,0.026331982975232038,0.0043331111225065385,0.00025639710784062353,,,,0.0013332649607712425,0.010589200553817752,0.00025639710784062353,0.0005384339264653095,0.013024973078303676,0.0007948310343059331,,,0.0026921696323265474,0.0016153017793959284,0.0018973385980206143,0.001076867852930619,0.002435772524485924,,0.011127634480283062,0.0007948310343059331,0.010307163735193067,0.004615147941131224,0.004615147941131224,0.032306035587918565,0.0026921696323265474,,,0.0043331111225065385,0.036639146710425105,0.0037946771960412286,0.001076867852930619,,,0.0016153017793959284,0.008666222245013077,0.6354802317829855,0.02307573970565612,0.0043331111225065385,0.00025639710784062353,0.0016153017793959284,0.02687041690169735,0.001076867852930619,0.0043331111225065385,,,0.011384031588123686,,0.003256243269575919,0.00025639710784062353,,0.00025639710784062353
0.0007948310343059331,,0.0029998461617352958,,,0.00025639710784062353,0.004076714014665915,0.00025639710784062353,0.00489718475975591,0.013101892210655863,0.0005384339264653095,0.0007948310343059331,,0.027306291985026408,0.011999384646941183,0.0013589046715553048,,,0.0005384339264653095,,,0.0005384339264653095,0.0005384339264653095,,0.025947387313471106,0.0016153017793959284,,,,,0.0007948310343059331,0.013640326137121173,0.00025639710784062353,0.00025639710784062353,0.014742833700835855,0.0005384339264653095,,,0.001076867852930619,,0.0027178093431106097,0.0005384339264653095,0.0018973385980206143,,0.01556330444592585,0.00025639710784062353,0.0087175016665812,,0.00025639710784062353,0.03276755038203169,0.0007948310343059331,0.0007948310343059331,,0.0018973385980206143,0.032485513563407,0.0029998461617352958,0.0016153017793959284,0.00025639710784062353,,0.002435772524485924,0.0059996923234705915,0.7089892826008922,0.016383775191015845,0.0007948310343059331,0.0005384339264653095,,0.024844879749756424,0.0005384339264653095,0.0027178093431106097,,,0.003820316906825291,0.00025639710784062353,,,,0.00025639710784062353
0.00025639710784062353,,0.0032818829803599814,,,,0.006820163068560587,0.00025639710784062353,0.0029998461617352958,0.01174298753910056,0.0008204707450899954,0.00025639710784062353,,0.019973334700784575,0.012845495102815241,0.0041023537254499766,,0.00025639710784062353,0.0005384339264653095,,,0.0005384339264653095,0.0005384339264653095,,0.02351161478898518,0.001076867852930619,,,,,0.0005384339264653095,0.01230706117634993,,0.00025639710784062353,0.011486590431259935,0.0005384339264653095,0.00025639710784062353,,0.0008204707450899954,0.00025639710784062353,0.0032818829803599814,0.00025639710784062353,0.0027178093431106097,,0.0049228244705399726,0.00025639710784062353,0.007640633813650582,0.00025639710784062353,0.0005384339264653095,0.03884416183785447,0.001076867852930619,0.0008204707450899954,,0.0013589046715553048,0.02789600533305984,0.0021793754166453,,,0.00025639710784062353,0.0018973385980206143,0.0051792215783805955,0.729449771806574,0.019152863955694578,0.00025639710784062353,0.0005384339264653095,0.00025639710784062353,0.02871647607814984,,0.001076867852930619,,,0.003820316906825291,0.00025639710784062353,,,,0.0008204707450899954
0.00025639710784062353,,0.0027178093431106097,,,,0.004076714014665915,0.0005384339264653095,0.002435772524485924,0.01556330444592585,0.0016153017793959284,0.001076867852930619,,0.022383467514486437,0.011460950720475873,0.0007948310343059331,,,0.0007948310343059331,,0.00025639710784062353,0.0005384339264653095,0.0005384339264653095,,0.02920363058304702,0.001076867852930619,,,,,,0.011178913901851188,,0.00025639710784062353,0.009537972411671196,0.0007948310343059331,,,0.0005384339264653095,,0.005461258397005282,,0.001076867852930619,,0.0051792215783805955,0.00025639710784062353,0.0070765601764012104,0.0007948310343059331,0.00025639710784062353,0.03438285216142762,0.0013589046715553048,0.001076867852930619,0.00025639710784062353,0.0016153017793959284,0.03384441823496231,0.0018973385980206143,,,0.00025639710784062353,0.0018973385980206143,0.005461258397005282,0.7208091892723449,0.02263986462232706,0.001076867852930619,0.0005384339264653095,,0.025665350494846417,0.00025639710784062353,0.0016153017793959284,,,0.006820163068560587,0.00025639710784062353,,,,0.0005384339264653095
0.00025639710784062353,,0.002384493102917799,0.0005127942156812471,,,0.004256191990154351,,0.0005127942156812471,0.01840931234295677,0.0007948310343059331,0.0013332649607712425,,0.02481924003897236,0.011460950720475873,0.0005127942156812471,,0.00025639710784062353,0.0007948310343059331,0.0005127942156812471,,0.0005127942156812471,0.0005127942156812471,0.00025639710784062353,0.030434336700682015,0.0007948310343059331,,,,,0.0007948310343059331,0.01361468642633711,,0.0010512281421465566,0.01174298753910056,0.0007948310343059331,,,0.0005127942156812471,0.00025639710784062353,0.003999794882313727,,0.0029229270293831084,,0.006127890877390903,,0.006127890877390903,0.003461360955848418,0.0005127942156812471,0.036305830470232295,0.0007948310343059331,0.0005127942156812471,,0.0013332649607712425,0.028024203886980154,0.0005127942156812471,0.0018460591764524897,,0.0013332649607712425,0.002666529921542485,0.003999794882313727,0.710117429875391,0.024024409004666427,0.0007948310343059331,0.00025639710784062353,,0.026972975744833597,,0.0021280959950771756,0.0005127942156812471,,0.003461360955848418,0.0005127942156812471,0.0010512281421465566,,,0.0015896620686118661
0.00025639710784062353,,0.0048202656274037225,0.00025639710784062353,,0.00025639710784062353,0.0048202656274037225,0.001871698887236552,0.005102302446028409,0.02689605661248141,0.0005127942156812471,0.0015896620686118661,,0.04438233936721194,0.011025075637146813,,,,0.0010512281421465566,0.0007948310343059331,,0.0005127942156812471,0.0005127942156812471,0.00025639710784062353,0.034690528690836366,0.01935798164196708,,,,,0.0021280959950771756,0.018819547715501768,,0.0005127942156812471,0.013435208450848675,0.0010512281421465566,,,0.0005127942156812471,0.0007948310343059331,0.0024101328137018613,0.0005127942156812471,0.0021280959950771756,,0.007794472078354956,,0.013435208450848675,0.00348700066663248,0.0024101328137018613,0.03871596328393416,0.0015896620686118661,0.00025639710784062353,,0.0010512281421465566,0.05325367929849751,0.0024101328137018613,0.002666529921542485,0.00025639710784062353,0.00025639710784062353,0.0032049638480077945,0.010743038818522127,0.5680734321316856,0.041408132916260706,0.0005127942156812471,0.00025639710784062353,,0.0354853597251423,0.0005127942156812471,0.00348700066663248,,,0.0045638685195631,0.0005127942156812471,0.001871698887236552,,,0.0005127942156812471
0.0005384339264653095,,0.007948310343059331,0.0005384339264653095,,0.00025639710784062353,0.0041023537254499766,0.0013589046715553048,0.012871134813599302,0.03428029331829137,0.00025639710784062353,0.0021793754166453,,0.06663760832777807,0.016178657504743347,0.004384390544074663,,0.00025639710784062353,0.0029998461617352958,0.0005384339264653095,0.001076867852930619,,0.0005384339264653095,0.0018973385980206143,0.032357315009486694,0.006563765960719963,,,,,0.0016409414901799907,0.015614583867493974,,0.006845802779344649,0.009589251833239321,0.0027178093431106097,0.0005384339264653095,,0.0029998461617352958,0.0035639197989846675,0.0013589046715553048,0.0024614122352699863,0.0024614122352699863,,0.006563765960719963,0.00025639710784062353,0.013691605558689299,0.004384390544074663,0.007127839597969335,0.035639197989846674,0.0027178093431106097,0.00025639710784062353,,0.001076867852930619,0.10832777806266346,0.0032818829803599814,0.0032818829803599814,,0.0005384339264653095,0.008768781088149326,0.009589251833239321,0.446977078098559,0.04799753858776473,0.0024614122352699863,,0.00025639710784062353,0.028793395210502025,0.00025639710784062353,0.0029998461617352958,,,0.013153171632223988,0.001076867852930619,0.0018973385980206143,,,0.001076867852930619
0.0005384339264653095,,0.003820316906825291,0.001076867852930619,0.0005384339264653095,,0.003256243269575919,0.0018973385980206143,0.012281421465565868,0.01830675349982052,,0.0027178093431106097,,0.04043382390646633,0.013640326137121173,0.00025639710784062353,,0.00025639710784062353,0.001076867852930619,0.0005384339264653095,,,0.0005384339264653095,,0.025665350494846417,0.0043587508332906,,,,,0.0021793754166453,0.01338392902928055,,0.00025639710784062353,0.009281575303830572,0.001076867852930619,,,0.0021793754166453,0.0018973385980206143,0.00489718475975591,0.0029998461617352958,0.0013589046715553048,,0.005461258397005282,,0.010102046048920569,0.005717655504845905,0.0035382800882006052,0.03058817496538639,0.0007948310343059331,0.00025639710784062353,,0.0018973385980206143,0.0754063894159274,0.001076867852930619,,0.00025639710784062353,0.00025639710784062353,0.0035382800882006052,0.003820316906825291,0.615147941131224,0.030870211784011076,0.0018973385980206143,0.0005384339264653095,0.00025639710784062353,0.0267678580585611,,0.002435772524485924,,,0.005717655504845905,0.0007948310343059331,0.00025639710784062353,,,0.0018973385980206143
0.0005384339264653095,,0.0026921696323265474,0.001076867852930619,,,0.002435772524485924,,0.0005384339264653095,0.00838418542638839,0.0007948310343059331,0.0016153017793959284,,0.015409466181221475,0.010819957950874315,0.00025639710784062353,,,0.001076867852930619,,,0.00025639710784062353,0.0005384339264653095,,0.02948566740167171,0.0007948310343059331,,,,,0.0005384339264653095,0.009204656171478386,,0.00025639710784062353,0.006743243936208399,,,,0.001076867852930619,0.0007948310343059331,0.0016153017793959284,0.00025639710784062353,0.0016153017793959284,0.00025639710784062353,0.006486846828367776,,0.00620481000974309,0.002153735705861238,0.0007948310343059331,0.02787036562227578,0.0007948310343059331,0.001076867852930619,,0.00025639710784062353,0.015947900107686784,0.0013332649607712425,,,,0.0026921696323265474,0.003512640377416543,0.7950874314137737,0.011358391877339623,0.00025639710784062353,0.00025639710784062353,,0.021383518793908006,,0.0007948310343059331,,,0.001871698887236552,,,,,0.0007948310343059331
0.00025639710784062353,,0.002743449053894672,0.0011025075637146812,,,0.003025485872519358,,0.0005384339264653095,0.01076867852930619,0.0016409414901799907,0.0005384339264653095,,0.006897082200912774,0.007743192656786832,0.0005384339264653095,,,0.0016409414901799907,,,,0.00025639710784062353,,0.01907594482334239,0.0005384339264653095,,,,,0.00025639710784062353,0.008563663401876826,,0.0005384339264653095,0.009948207784216194,0.0005384339264653095,,,0.0005384339264653095,0.0008204707450899954,0.0005384339264653095,0.0008204707450899954,0.0005384339264653095,,0.005794574637198092,,0.0046920670734834115,0.00025639710784062353,,0.029613865955592022,0.0005384339264653095,0.00025639710784062353,,0.00025639710784062353,0.014383877749858982,0.0016409414901799907,,,,0.0016409414901799907,0.0033075226911440437,0.8197015537664736,0.008025229475411517,0.0005384339264653095,0.00025639710784062353,0.00025639710784062353,0.02294754115173581,,0.0005384339264653095,,,0.00358955950976873,0.0005384339264653095,,,,0.0008204707450899954
0.00025639710784062353,,0.002512691656838111,0.0011025075637146812,,0.00025639710784062353,0.002794728475462797,,0.0022306548382134248,0.01371724526947336,0.0008204707450899954,0.0008204707450899954,,0.014281318906722733,0.012871134813599302,0.0005384339264653095,,,0.0011025075637146812,,,0.00025639710784062353,0.0008204707450899954,,0.025203835700733295,0.0013845443823393671,,,,,0.0005384339264653095,0.013153171632223988,,0.00025639710784062353,0.009512332700887133,,,,0.0013845443823393671,0.0008204707450899954,0.001948618019588739,0.00025639710784062353,0.0016665812009640532,,0.005025383313676222,,0.008666222245013077,0.0022306548382134248,0.00025639710784062353,0.03276755038203169,0.0008204707450899954,0.00025639710784062353,,0.0005384339264653095,0.020434849494897697,0.00025639710784062353,,,,0.0011025075637146812,0.006153530588174965,0.7581406081739398,0.01512742936259679,0.0016665812009640532,0.0005384339264653095,0.00025639710784062353,0.02774216706835547,,0.0016665812009640532,,,0.0030767652940874826,0.0005384339264653095,,,,0.0022306548382134248
0.00025639710784062353,,0.003025485872519358,0.0019229783088046766,0.0005384339264653095,,0.00576893492641403,,0.0013589046715553048,0.016511973744936157,0.0008204707450899954,0.0013589046715553048,,0.03720322034767448,0.01099943592636275,0.001076867852930619,,0.0005384339264653095,0.0024614122352699863,,,,0.0005384339264653095,,0.03720322034767448,0.0019229783088046766,,,,,0.001076867852930619,0.01294805394595149,,0.0008204707450899954,0.010743038818522127,,,,0.0016409414901799907,0.0016409414901799907,0.002743449053894672,0.0005384339264653095,0.0016409414901799907,,0.005486898107789344,,0.007973950053843392,0.002743449053894672,0.00025639710784062353,0.03553663914671042,0.001076867852930619,0.0005384339264653095,,0.001076867852930619,0.03222911645556638,0.0008204707450899954,,,,0.0013589046715553048,0.0065894056715040256,0.6909132864981282,0.018460591764524897,0.0008204707450899954,0.0005384339264653095,,0.028383159837957028,0.00025639710784062353,0.0019229783088046766,,,0.003025485872519358,0.00025639710784062353,0.00025639710784062353,,,0.0021793754166453
0.0005384339264653095,,0.008281626583252141,0.0016409414901799907,0.0008204707450899954,,0.006615045382288087,,0.002743449053894672,0.019332341931183016,0.0005384339264653095,0.0024614122352699863,,0.04061330188195477,0.016563253166504283,,,,0.0005384339264653095,0.00025639710784062353,,,0.0005384339264653095,,0.042254243372134764,0.004410030254858725,,,,,0.0008204707450899954,0.011307112455771498,,0.0008204707450899954,0.014896671965540228,,,,0.0008204707450899954,0.004410030254858725,0.0024614122352699863,0.0005384339264653095,0.002743449053894672,,0.009384134146966823,0.0008204707450899954,0.01076867852930619,0.0033075226911440437,0.0024614122352699863,0.044202861391723504,0.0046920670734834115,,,0.0008204707450899954,0.04807445772011692,0.0022050151274293625,0.00025639710784062353,0.00025639710784062353,,0.0033075226911440437,0.011589149274396185,0.5906107379108764,0.035357161171221986,0.0024614122352699863,0.0005384339264653095,0.00025639710784062353,0.030665094097738578,0.0005384339264653095,0.0019229783088046766,,,0.006076611455822778,,0.00025639710784062353,,,0.0022050151274293625
0.0005640736372493719,,0.0045638685195631,0.0014101840931234296,0.0008461104558740578,,0.0034100815342802933,0.00028203681862468594,0.004845905338187785,0.018537510896877083,,0.0025639710784062355,,0.061663504435669966,0.014537716014563355,0.00028203681862468594,,0.00028203681862468594,0.0016922209117481155,0.00028203681862468594,0.0005640736372493719,0.00028203681862468594,0.0005640736372493719,0.0008461104558740578,0.0376647351417876,0.007691913235218706,,,,,0.0011281472744987437,0.020819445156658633,,0.00028203681862468594,0.009973847495000257,0.0011281472744987437,,,0.0034100815342802933,0.005127942156812471,0.0034100815342802933,0.0008461104558740578,0.0025639710784062355,,0.0091277370391262,0.0025639710784062355,0.014819752833188041,0.0039741551715296655,0.0036921183529049794,0.04451053792113225,0.0028460078970309216,,0.0005640736372493719,0.0025639710784062355,0.06050971745038716,0.0039741551715296655,0.0008461104558740578,,0.00028203681862468594,0.007691913235218706,0.011409671298907749,0.5198964155684324,0.038818522127070404,0.005127942156812471,0.00028203681862468594,0.0008461104558740578,0.03166504281831701,0.00028203681862468594,0.004845905338187785,,,0.01197374493615712,0.0005640736372493719,0.0019742577303728014,,,0.00228193425978155
0.0005384339264653095,,0.003025485872519358,0.0013589046715553048,,,0.003025485872519358,0.00025639710784062353,0.0016409414901799907,0.02153735705861238,0.0005384339264653095,0.0024614122352699863,,0.03728013948002667,0.011589149274396185,0.0008204707450899954,,0.0011025075637146812,0.0008204707450899954,0.00025639710784062353,,,0.0005384339264653095,0.00025639710784062353,0.02622942413209579,0.00882006050971745,,,,,0.00025639710784062353,0.011589149274396185,,0.0011025075637146812,0.008281626583252141,0.0019229783088046766,,,0.002743449053894672,0.003025485872519358,0.003025485872519358,0.00025639710784062353,0.0005384339264653095,0.00025639710784062353,0.006333008563663402,0.0008204707450899954,0.013537767293984924,0.002743449053894672,0.00358955950976873,0.036741705553561356,0.00025639710784062353,,0.0011025075637146812,0.0011025075637146812,0.043356750935849446,0.00358955950976873,0.0005384339264653095,,0.0008204707450899954,0.0024614122352699863,0.007435516127378083,0.634429003640839,0.025947387313471106,0.00358955950976873,0.00025639710784062353,0.0011025075637146812,0.02981898364186452,0.00025639710784062353,0.003845956617609353,,,0.016845289985128967,0.0011025075637146812,0.0005384339264653095,,,0.002743449053894672
0.0005384339264653095,,0.002435772524485924,0.00025639710784062353,,0.00025639710784062353,0.0035382800882006052,0.0005384339264653095,0.0005384339264653095,0.01338392902928055,0.00025639710784062353,0.0027178093431106097,,0.020768165735090507,0.010922516794010564,,,0.0005384339264653095,0.001076867852930619,,,,0.0005384339264653095,0.001076867852930619,0.03115224860263576,0.0016153017793959284,,,,,0.00025639710784062353,0.017204245936105842,,,0.012281421465565868,0.00025639710784062353,,,0.0007948310343059331,0.0021793754166453,0.002435772524485924,0.0013589046715553048,0.0027178093431106097,,0.003820316906825291,,0.006281729142095277,0.0007948310343059331,0.00025639710784062353,0.03222911645556638,0.002435772524485924,0.0007948310343059331,,0.0005384339264653095,0.03169068252910107,0.0005384339264653095,0.0016153017793959284,0.00025639710784062353,0.00025639710784062353,0.0005384339264653095,0.0043587508332906,0.7255525357673965,0.02348597507820112,0.00025639710784062353,,,0.024306445823291112,0.00025639710784062353,0.002435772524485924,,,0.0027178093431106097,0.0007948310343059331,0.0005384339264653095,,,0.0016153017793959284
0.00025639710784062353,,0.003230603558791857,0.00025639710784062353,,,0.00402543459309779,0.00025639710784062353,0.0007948310343059331,0.022896261730167684,0.001076867852930619,0.0016153017793959284,,0.023434695656632993,0.011307112455771498,0.00025639710784062353,,,0.0007948310343059331,0.0005384339264653095,,,0.0005384339264653095,,0.03558791856827855,0.002153735705861238,,,,,0.00025639710784062353,0.015076149941028665,,,0.011589149274396185,,,,0.0007948310343059331,0.0016153017793959284,0.002153735705861238,0.0029485667401671707,0.0005384339264653095,,0.006999641044049023,,0.00969181067637557,0.001076867852930619,0.0016153017793959284,0.03558791856827855,0.0016153017793959284,0.00025639710784062353,,0.001076867852930619,0.02884467463207015,0.00402543459309779,,,,0.0005384339264653095,0.007538074970514333,0.6938362135275113,0.026690938926208913,0.0005384339264653095,,,0.026408902107584228,,0.0037690374852571663,,,0.0037690374852571663,0.0007948310343059331,,,,0.0013332649607712425
,,0.004615147941131224,0.00025639710784062353,0.0005384339264653095,,0.004615147941131224,0.0005384339264653095,0.002435772524485924,0.015512025024357725,0.0007948310343059331,0.001076867852930619,,0.022588585200758935,0.009512332700887133,0.0007948310343059331,,0.00025639710784062353,0.001076867852930619,,,0.00025639710784062353,0.0005384339264653095,0.001076867852930619,0.029665145377160147,0.0007948310343059331,,,,,0.0005384339264653095,0.012230142043997744,,,0.013871083534177734,0.0005384339264653095,,,0.0005384339264653095,0.0013589046715553048,0.001076867852930619,0.003256243269575919,0.0018973385980206143,0.00025639710784062353,0.004615147941131224,,0.005435618686221219,0.001076867852930619,0.00025639710784062353,0.03430593302907543,0.0027178093431106097,0.00025639710784062353,,0.0005384339264653095,0.05335623814163376,0.0016153017793959284,,,,0.00025639710784062353,0.006512486539151838,0.699425670478437,0.020947643710578945,0.0005384339264653095,,,0.023409055945848932,,0.0035382800882006052,,,0.005435618686221219,0.0005384339264653095,,,,0.0027178093431106097
0.00028203681862468594,,0.004127993436234039,0.00028203681862468594,0.00087175016665812,0.00028203681862468594,0.006512486539151838,0.00028203681862468594,0.0011794266960668683,0.021050202553715196,0.00028203681862468594,0.0005897133480334342,,0.024306445823291112,0.008589303112660889,0.00087175016665812,,0.0005897133480334342,0.0014614635146915542,,,,0.0005897133480334342,0.00028203681862468594,0.032023998769293884,0.003256243269575919,,,,,0.0005897133480334342,0.013332649607712426,,0.00028203681862468594,0.009486692990103072,0.0005897133480334342,,,0.00028203681862468594,0.0005897133480334342,0.00087175016665812,0.0017691400441003026,0.0011794266960668683,,0.005922773191118404,,0.007999589764627455,0.0023588533921337367,0.0005897133480334342,0.0394338751858879,0.0023588533921337367,,,0.0005897133480334342,0.03645966873493667,0.0017691400441003026,,,,0.0017691400441003026,0.007409876416594021,0.6820419465668427,0.028152402440900465,,,0.00028203681862468594,0.031408645710476385,,0.00533305984308497,,,0.005025383313676222,0.0005897133480334342,0.0005897133480334342,0.00028203681862468594,0.00028203681862468594,0.002666529921542485
,,0.006461207117583714,,0.0005640736372493719,,0.007948310343059331,0.001153786985282806,0.0023332136813496744,0.024742320906620173,0.00028203681862468594,0.0014614635146915542,,0.038305727911389156,0.018563150607661144,0.001153786985282806,,,0.0005640736372493719,0.0005640736372493719,,,0.0005640736372493719,,0.03566483770063074,0.007050920465617148,,,,,0.0023332136813496744,0.012358340597918056,,0.00028203681862468594,0.013255730475360238,0.0029229270293831084,,,0.0020511768627249883,0.001153786985282806,0.003230603558791857,0.004410030254858725,0.0026408902107584228,,0.010307163735193067,,0.012666017127326804,0.004999743602892159,0.0023332136813496744,0.043023434695656636,0.00174350033331624,0.00028203681862468594,0.00028203681862468594,0.00174350033331624,0.05186913491615815,0.005589456950925594,,,,0.0005640736372493719,0.008230347161684016,0.5813804420286139,0.032408594431054816,0.00174350033331624,0.00028203681862468594,0.0005640736372493719,0.03743397774473104,,0.003230603558791857,,,0.004999743602892159,,0.00087175016665812,0.0005640736372493719,,0.00087175016665812
,,0.005204861289164658,0.00028203681862468594,0.0005640736372493719,,0.006922721911696836,0.001435823803907492,0.006922721911696836,0.023691092764473617,0.001153786985282806,0.002307573970565612,,0.0922260396902723,0.015306907338085226,0.00751243525973027,,,0.0005640736372493719,,,,,,0.031229167734987948,0.01502487051946054,,,,0.0005640736372493719,0.002871647607814984,0.016178657504743347,,0.0005640736372493719,0.013589046715553048,0.0025896107891902977,,,0.00402543459309779,0.007204758730321522,0.008666222245013077,0.003461360955848418,0.00028203681862468594,,0.010102046048920569,,0.011255833034203374,0.0063586482744474645,0.003461360955848418,0.04568996461719912,0.00576893492641403,0.0005640736372493719,,0.0025896107891902977,0.0977385775088457,0.003461360955848418,0.0008461104558740578,,,0.002307573970565612,0.012999333367519614,0.4080559971283523,0.06071483513665966,0.0031793241372237322,0.00028203681862468594,0.00028203681862468594,0.03266499153889544,0.0005640736372493719,0.0019998974411568637,,,0.013589046715553048,,0.001153786985282806,0.00028203681862468594,0.0005640736372493719,0.0031793241372237322
,,0.007153479308753397,0.00028203681862468594,,,0.004871545048971848,0.0017178606225321778,0.00228193425978155,0.01892210655863802,0.0017178606225321778,0.00315368442643967,,0.030383057279113893,0.012025024357725244,0.00315368442643967,,0.0005640736372493719,0.0017178606225321778,,,,,,0.022075790985077687,0.0037177580636890417,,,,0.00028203681862468594,0.0011281472744987437,0.014896671965540228,,,0.01261473770575868,0.0005640736372493719,,,0.00228193425978155,0.006871442490128711,0.0011281472744987437,0.005435618686221219,0.0005640736372493719,,0.008589303112660889,,0.008589303112660889,0.0037177580636890417,0.0017178606225321778,0.043587508332906005,0.0014101840931234296,,,0.0025639710784062355,0.07140659453361366,0.006871442490128711,0.0008461104558740578,,,0.0017178606225321778,0.005717655504845905,0.6133275216655556,0.02981898364186452,0.0025639710784062355,0.00028203681862468594,,0.02120404081841957,0.0017178606225321778,0.0028460078970309216,,,0.008871339931285575,,0.0008461104558740578,0.00028203681862468594,,0.0019998974411568637
,,0.002435772524485924,0.00028203681862468594,0.00028203681862468594,,0.004256191990154351,0.00028203681862468594,0.0012050664068509306,0.018024716681195836,0.0012050664068509306,0.001512742936259679,,0.03238295472027076,0.010076406338136506,0.00028203681862468594,,,0.0005897133480334342,0.00028203681862468594,,,0.0005897133480334342,,0.029024152607558588,0.0021280959950771756,,,,,0.0008973898774421825,0.012819855392031178,0.00028203681862468594,,0.014665914568483667,0.0008973898774421825,0.00028203681862468594,,0.0018204194656684272,0.001512742936259679,0.001512742936259679,0.001512742936259679,0.0018204194656684272,,0.0045638685195631,,0.011589149274396185,0.001512742936259679,0.00028203681862468594,0.03115224860263576,0.0036664786421209167,,,0.0012050664068509306,0.036972462950617915,0.002435772524485924,,,,0.0012050664068509306,0.004871545048971848,0.7007076560176402,0.02381929131839393,0.0005897133480334342,,,0.02381929131839393,0.0005897133480334342,0.0008973898774421825,,0.00028203681862468594,0.005486898107789344,,,0.00028203681862468594,,0.0012050664068509306
,,0.004615147941131224,,0.00028203681862468594,0.00028203681862468594,0.007204758730321522,,0.0019998974411568637,0.022486026357622688,0.0005640736372493719,0.0019998974411568637,,0.019614378749807704,0.01153786985282806,0.00028203681862468594,,,0.001153786985282806,,,,0.0005640736372493719,0.00028203681862468594,0.02797292446541203,0.002307573970565612,,,,,0.001435823803907492,0.014717193990051792,0.0005640736372493719,,0.012101943490077432,0.0005640736372493719,0.00028203681862468594,,0.001435823803907492,0.003743397774473104,0.0017178606225321778,0.0008461104558740578,0.0017178606225321778,,0.006050971745038716,0.00028203681862468594,0.00576893492641403,0.0008461104558740578,,0.032895748935952006,0.001435823803907492,0.0005640736372493719,,0.0019998974411568637,0.0354853597251423,0.003743397774473104,,,,0.001435823803907492,0.003743397774473104,0.7026819137480129,0.021921952720373315,0.00028203681862468594,,0.0005640736372493719,0.02625506384287985,0.0005640736372493719,0.002307573970565612,,0.0005640736372493719,0.006922721911696836,0.00028203681862468594,,0.00028203681862468594,,0.0008461104558740578
,0.00025639710784062353,0.0022306548382134248,,0.0011025075637146812,0.00025639710784062353,0.002512691656838111,0.0005384339264653095,0.0008204707450899954,0.017896518127275524,0.0005384339264653095,0.001948618019588739,,0.032459873852622945,0.010076406338136506,0.0005384339264653095,,0.0008204707450899954,0.0011025075637146812,0.0005384339264653095,,,0.0005384339264653095,0.0005384339264653095,0.03189580021537357,0.002794728475462797,,,,,0.0005384339264653095,0.012025024357725244,0.00025639710784062353,,0.013435208450848675,0.0008204707450899954,,,0.0011025075637146812,0.0016665812009640532,0.0033588021127121687,0.00025639710784062353,0.0013845443823393671,,0.005025383313676222,0.00025639710784062353,0.00697400133326496,0.0011025075637146812,0.00025639710784062353,0.03776729398492385,0.0016665812009640532,0.00025639710784062353,0.00025639710784062353,0.001948618019588739,0.03974155171529665,0.002512691656838111,,,,0.002512691656838111,0.005307420132300907,0.6832213732629095,0.02740885082816266,0.00025639710784062353,,0.00025639710784062353,0.025178195989949234,0.0005384339264653095,0.0011025075637146812,,0.00025639710784062353,0.01033280344597713,0.0005384339264653095,,0.00025639710784062353,,0.0008204707450899954
0.00025639710784062353,0.00025639710784062353,0.0019229783088046766,,0.0024870519460540486,,0.006102251166606841,0.00025639710784062353,0.0016665812009640532,0.015281267627301164,0.00025639710784062353,0.0005384339264653095,,0.026408902107584228,0.008332906004820265,0.0008204707450899954,0.0005384339264653095,,0.0024870519460540486,,,,0.00025639710784062353,0.0005384339264653095,0.03920311778883134,0.0011025075637146812,,,,,0.0022050151274293625,0.012512178862622429,,0.00025639710784062353,0.010845597661658376,0.0008204707450899954,,,0.0011025075637146812,0.0011025075637146812,0.0022050151274293625,0.0008204707450899954,0.0019229783088046766,,0.007230398441105584,,0.009435413568534947,0.0013845443823393671,0.00025639710784062353,0.03253679298497513,0.0019229783088046766,0.00025639710784062353,0.00025639710784062353,0.0019229783088046766,0.029742064509512334,0.0024870519460540486,,,,0.0008204707450899954,0.003871596328393416,0.7090149223116763,0.021409158504692067,0.0005384339264653095,,,0.024742320906620173,0.0005384339264653095,0.003615199220552792,0.0005384339264653095,,0.0027690887646787342,,,0.0005384339264653095,,0.0016665812009640532
,,0.004640787651915286,,0.0027178093431106097,,0.0076662735244346445,0.0005384339264653095,0.0024614122352699863,0.02546023280857392,0.001076867852930619,0.001076867852930619,,0.032023998769293884,0.011204553612635249,0.0032818829803599814,0.00025639710784062353,,0.0008204707450899954,0.0005384339264653095,,,0.0008204707450899954,0.00025639710784062353,0.03694682323983386,0.0016409414901799907,,0.0005384339264653095,,,0.0018973385980206143,0.02025537151940926,,,0.01230706117634993,0.0016409414901799907,,,0.00025639710784062353,0.0018973385980206143,0.0013589046715553048,0.0016409414901799907,0.0027178093431106097,,0.008743141377365263,,0.011486590431259935,0.0029998461617352958,0.0016409414901799907,0.031203528024203887,0.0029998461617352958,0.00025639710784062353,,0.0021793754166453,0.056663760832777806,0.0018973385980206143,,,,0.0018973385980206143,0.004640787651915286,0.6178144710527665,0.030101020460489205,0.0018973385980206143,0.0005384339264653095,,0.030101020460489205,0.0005384339264653095,0.0049228244705399726,0.0005384339264653095,,0.006563765960719963,0.0005384339264653095,0.0008204707450899954,,,0.001076867852930619
,,0.00392287574996154,,0.0022306548382134248,,0.007281677862673709,0.0005384339264653095,0.004768986205835598,0.023562894210553305,0.0005384339264653095,0.0016665812009640532,0.0005384339264653095,0.0715860725091021,0.009820009230295882,0.0030767652940874826,,0.0005384339264653095,0.0013845443823393671,0.0013845443823393671,,0.00025639710784062353,0.0005384339264653095,0.0013845443823393671,0.035357161171221986,0.00587149376955028,,,,,0.0016665812009640532,0.015153069073380852,,,0.007281677862673709,,,,0.0011025075637146812,0.00392287574996154,0.0033588021127121687,0.0008204707450899954,0.0005384339264653095,,0.008127788318547767,0.0005384339264653095,0.011768627249884622,0.006999641044049023,0.0022306548382134248,0.03171632223988513,0.0011025075637146812,0.0005384339264653095,,0.0022306548382134248,0.08281626583252141,0.0036408389313368544,0.0016665812009640532,,0.0011025075637146812,0.001948618019588739,0.004204912568586227,0.5177426798625713,0.04012614737705759,0.0013845443823393671,0.0005384339264653095,0.00025639710784062353,0.02525511512230142,,0.004486949387210912,0.0008204707450899954,,0.03256243269575919,0.0011025075637146812,0.0013845443823393671,0.0005384339264653095,,0.0030767652940874826
,,0.0028203681862468593,,0.0008461104558740578,,0.004538228808779037,0.0008461104558740578,0.0048202656274037225,0.015076149941028665,0.0008461104558740578,0.0014101840931234296,,0.05263832623968002,0.012794215681247115,0.002538331367622173,,0.0005640736372493719,0.0011281472744987437,0.0016922209117481155,,0.00028203681862468594,0.0011281472744987437,0.0008461104558740578,0.03099841033793139,0.0039741551715296655,,,,,0.0005640736372493719,0.011358391877339623,,,0.010230244602840879,0.00028203681862468594,,,0.0014101840931234296,0.0019742577303728014,0.00028203681862468594,0.0019742577303728014,0.0008461104558740578,,0.007948310343059331,0.0008461104558740578,0.009666170965591508,0.0048202656274037225,0.0034100815342802933,0.02787036562227578,0.0016922209117481155,0.0011281472744987437,,0.0008461104558740578,0.05035639197989847,0.004538228808779037,,0.00028203681862468594,,0.0011281472744987437,0.0062560894313112144,0.6258140608173939,0.025870468181118916,0.0019742577303728014,0.0005640736372493719,0.0005640736372493719,0.02361417363212143,,0.004538228808779037,,,0.025306394543869546,0.00028203681862468594,,,,0.0019742577303728014
,,0.002025537151940926,,,,0.0029229270293831084,,0.0032049638480077945,0.015178708784164914,,0.00087175016665812,,0.018127275524332086,0.008179067740115892,0.002025537151940926,,0.0005640736372493719,0.00174350033331624,,,,0.00028203681862468594,0.00028203681862468594,0.03594687451925542,0.0014614635146915542,,,,,,0.016358135480231784,,,0.01197374493615712,0.0005640736372493719,,,0.0014614635146915542,0.001153786985282806,0.0023332136813496744,0.0014614635146915542,0.001153786985282806,,0.005256140710732783,0.00028203681862468594,0.0073073175734577715,0.00028203681862468594,0.0005640736372493719,0.0400492282447054,0.0014614635146915542,0.00028203681862468594,0.0005640736372493719,0.0026152504999743605,0.03917747807804728,0.00348700066663248,,,0.00028203681862468594,0.00174350033331624,0.0073073175734577715,0.7096046356597098,0.01576842213219835,,0.00028203681862468594,,0.02425516640172299,,0.002025537151940926,,,0.0055381775293574685,0.0005640736372493719,0.001153786985282806,,,0.00087175016665812
,,0.0029229270293831084,,,0.00028203681862468594,0.004999743602892159,,0.0014614635146915542,0.012050664068509307,,0.0005640736372493719,,0.023255217681144556,0.009999487205784318,0.0026408902107584228,,0.00028203681862468594,0.00087175016665812,0.0005640736372493719,,0.00028203681862468594,0.00028203681862468594,0.00087175016665812,0.03002410132813702,0.001153786985282806,,,,,,0.015896620686118662,,,0.013230090764576175,0.0005640736372493719,,,0.0005640736372493719,0.00028203681862468594,0.003230603558791857,0.0014614635146915542,0.0023332136813496744,0.00028203681862468594,0.004999743602892159,,0.006179170298959028,0.00028203681862468594,,0.04266447874467976,0.0014614635146915542,0.0005640736372493719,0.00028203681862468594,0.001153786985282806,0.03297266806830419,0.0029229270293831084,,,0.00028203681862468594,0.003230603558791857,0.010281524024409005,0.7042459361058407,0.02294754115173581,0.0005640736372493719,0.00028203681862468594,0.0005640736372493719,0.023255217681144556,,0.0026408902107584228,,,0.006461207117583714,0.0005640736372493719,,0.00028203681862468594,,0.0005640736372493719
,,0.0025896107891902977,,,,0.00489718475975591,,0.0008461104558740578,0.015614583867493974,0.00028203681862468594,0.00028203681862468594,,0.024870519460540485,0.008076508896979641,0.002871647607814984,,0.00028203681862468594,0.00028203681862468594,0.00028203681862468594,,0.00028203681862468594,0.00028203681862468594,0.0005640736372493719,0.03035741756832983,0.001435823803907492,,,,,0.00028203681862468594,0.011281472744987437,,,0.011281472744987437,0.0005640736372493719,,,0.0005640736372493719,,0.002871647607814984,0.0008461104558740578,0.002307573970565612,,0.00489718475975591,,0.006922721911696836,0.0005640736372493719,0.002307573970565612,0.037587816009435414,0.0017178606225321778,0.00028203681862468594,0.00028203681862468594,0.002871647607814984,0.034408491872211684,0.0043331111225065385,,,0.00028203681862468594,0.002871647607814984,0.0043331111225065385,0.7098610327675504,0.0202297318086252,,,,0.028331880416388903,,0.003743397774473104,0.00028203681862468594,,0.006922721911696836,0.001153786985282806,,0.00028203681862468594,,0.001435823803907492
,,0.006409927696015589,,,,0.0069483616224808985,,0.0011025075637146812,0.015050510230244602,,,,0.029536946823239835,0.012819855392031178,0.0016665812009640532,,,0.00025639710784062353,0.00025639710784062353,,0.00025639710784062353,0.00025639710784062353,0.00025639710784062353,0.037357058612378855,0.0022050151274293625,,,,,0.00025639710784062353,0.019511819906671453,,0.0008204707450899954,0.011409671298907749,0.0011025075637146812,,,0.0008204707450899954,0.00025639710784062353,0.0005384339264653095,0.0011025075637146812,0.0011025075637146812,,0.006409927696015589,,0.00946105327931901,0.0005384339264653095,0.0011025075637146812,0.03566483770063074,0.0022050151274293625,0.00025639710784062353,0.0005384339264653095,0.0013845443823393671,0.039305676631967594,0.0027690887646787342,0.00025639710784062353,,,0.003897236039177478,0.004999743602892159,0.6842726014050562,0.018665709450797395,0.0011025075637146812,,,0.026485821239936414,,0.0024870519460540486,0.00025639710784062353,,0.0052817804215168455,0.00025639710784062353,,,,0.0011025075637146812
0.0005640736372493719,,0.003948515460745603,,,,0.0070765601764012104,0.0005640736372493719,0.0036664786421209167,0.01556330444592585,0.0008461104558740578,0.0022562945489974875,,0.03907491923491103,0.007922670632275268,0.0008461104558740578,,,0.002538331367622173,0.0016922209117481155,0.0005640736372493719,0.00028203681862468594,,0.0008461104558740578,0.03738269832316291,0.0014101840931234296,,,,,0.0011281472744987437,0.023203938259576434,,0.0005640736372493719,0.011589149274396185,0.0008461104558740578,,0.00028203681862468594,0.003384441823496231,0.0008461104558740578,0.0005640736372493719,0.0019742577303728014,0.0016922209117481155,0.00028203681862468594,0.005076662735244346,,0.009332854725398698,0.0005640736372493719,0.003384441823496231,0.040767140146659143,0.0014101840931234296,,0.00028203681862468594,0.0028203681862468593,0.055227937028870314,0.006794523357776524,0.00028203681862468594,,,0.004794625916619661,0.007358596995025896,0.6121224552587047,0.03199835905850982,0.0022562945489974875,0.00028203681862468594,0.0014101840931234296,0.027178093431106096,0.0036664786421209167,0.003384441823496231,,,0.0042305522793702885,,,,,0.0019742577303728014
,,0.004743346495051536,,0.0005384339264653095,,0.007794472078354956,0.0008204707450899954,0.004179272857802164,0.02035793036254551,0.0008204707450899954,0.0033331624019281064,,0.062227578072919336,0.015896620686118662,0.0008204707450899954,,,0.0027690887646787342,0.0008204707450899954,,0.00025639710784062353,0.00025639710784062353,0.001948618019588739,0.030408696989897954,0.0033331624019281064,0.00025639710784062353,,,,0.001948618019588739,0.016178657504743347,0.00025639710784062353,,0.011153274191067125,0.0005384339264653095,0.00025639710784062353,,0.0030511255833034203,0.0008204707450899954,0.0022306548382134248,0.001948618019588739,0.0027690887646787342,0.0005384339264653095,0.003615199220552792,0.0008204707450899954,0.011153274191067125,0.0024870519460540486,0.0030511255833034203,0.03684426439669761,0.00025639710784062353,,,0.0030511255833034203,0.06474026972975745,0.001948618019588739,,0.0011025075637146812,,0.0030511255833034203,0.008076508896979641,0.5670991231218911,0.03348546228398544,0.0016665812009640532,0.00025639710784062353,0.0005384339264653095,0.029024152607558588,0.00025639710784062353,0.003615199220552792,,,0.018127275524332086,0.0005384339264653095,0.00025639710784062353,,,0.0016665812009640532
0.00025639710784062353,,0.0013589046715553048,,,,0.0024614122352699863,0.0008204707450899954,0.0024614122352699863,0.01958873903902364,,0.002743449053894672,,0.03917747807804728,0.00935849443618276,0.003025485872519358,,0.0005384339264653095,0.0019229783088046766,0.00025639710784062353,,0.00025639710784062353,,0.0016409414901799907,0.023716732475257678,0.0016409414901799907,,,,,0.0016409414901799907,0.014614635146915543,0.00025639710784062353,,0.007435516127378083,0.00025639710784062353,,,0.0016409414901799907,0.0008204707450899954,0.0008204707450899954,0.0011025075637146812,0.0024614122352699863,,0.004127993436234039,0.0013589046715553048,0.011307112455771498,0.0022050151274293625,0.0035639197989846675,0.028126762730116404,0.00025639710784062353,,,0.0016409414901799907,0.04717706784267473,0.002743449053894672,,0.0019229783088046766,,0.0024614122352699863,0.003025485872519358,0.6952207579098507,0.020127172965488948,0.0013589046715553048,0.00025639710784062353,,0.020973283421363006,,0.0019229783088046766,,,0.006615045382288087,0.00025639710784062353,,0.00025639710784062353,,0.0008204707450899954
,,0.0013845443823393671,,,,0.0033075226911440437,0.0011025075637146812,0.0011025075637146812,0.021075842264499257,,0.0016409414901799907,,0.03466488898005231,0.00969181067637557,0.0016409414901799907,,0.00025639710784062353,0.0011025075637146812,0.00025639710784062353,,,,0.0011025075637146812,0.03522896261730168,0.0027690887646787342,,,,,0.0005384339264653095,0.011358391877339623,0.00025639710784062353,0.00025639710784062353,0.007743192656786832,0.0005384339264653095,0.00025639710784062353,,0.0011025075637146812,0.0008204707450899954,0.0011025075637146812,0.0008204707450899954,0.0019229783088046766,,0.004974103892108097,0.0008204707450899954,0.008025229475411517,0.0016409414901799907,,0.03938259576431978,0.0033075226911440437,0.0005384339264653095,,0.0019229783088046766,0.04438233936721194,0.0008204707450899954,,0.00025639710784062353,,0.0019229783088046766,0.006102251166606841,0.6833495718168299,0.0202297318086252,0.0016409414901799907,,0.0008204707450899954,0.031049689759499514,,0.0016409414901799907,,,0.0033075226911440437,0.0008204707450899954,,,,
,,0.0023332136813496744,,0.00028203681862468594,,0.00969181067637557,0.00087175016665812,0.0026408902107584228,0.01556330444592585,,0.0014614635146915542,,0.03671606584277729,0.009102097328342136,0.0020511768627249883,,0.00087175016665812,0.001153786985282806,0.00028203681862468594,,,,0.0014614635146915542,0.036408389313368546,0.0026408902107584228,,,,,0.001153786985282806,0.014383877749858982,0.00028203681862468594,0.0005640736372493719,0.008794420798933387,0.00028203681862468594,0.00028203681862468594,,0.00028203681862468594,0.00174350033331624,0.0023332136813496744,0.0014614635146915542,0.00174350033331624,,0.004384390544074663,0.001153786985282806,0.00761499410286652,0.007025280754833086,0.001153786985282806,0.03671606584277729,0.0023332136813496744,0.00087175016665812,,0.00174350033331624,0.045536126352494745,0.004974103892108097,0.00087175016665812,,,0.00087175016665812,0.009384134146966823,0.6631711194297729,0.01674273114199272,0.0023332136813496744,,0.0005640736372493719,0.026716578636992974,0.00028203681862468594,0.00174350033331624,,0.00028203681862468594,0.0046920670734834115,0.00028203681862468594,0.001153786985282806,,,0.0005640736372493719
,,0.003461360955848418,0.00028203681862468594,,,0.006076611455822778,0.0005640736372493719,0.006384287985231526,0.023229577970360495,0.00028203681862468594,0.002025537151940926,0.00028203681862468594,0.028460078970309215,0.010153325470488693,0.001435823803907492,,0.0005640736372493719,0.0017178606225321778,0.0005640736372493719,,,0.00028203681862468594,0.001153786985282806,0.03543408030357417,0.006076611455822778,0.00028203681862468594,,,,0.002897287318599046,0.017127326803753652,0.001153786985282806,0.0005640736372493719,0.014230039485154607,0.0008461104558740578,,,0.001435823803907492,0.0017178606225321778,0.0017178606225321778,0.001435823803907492,0.0025896107891902977,,0.008409825137172453,0.0005640736372493719,0.013358289318496487,0.009871288651864006,0.0037690374852571663,0.03166504281831701,0.002025537151940926,0.0008461104558740578,,0.002307573970565612,0.03602379365160761,0.003461360955848418,0.00028203681862468594,,0.0008461104558740578,0.00028203681862468594,0.0043331111225065385,0.6454797189887698,0.016845289985128967,0.0017178606225321778,,0.00028203681862468594,0.031075329470283575,,0.0043331111225065385,0.00028203681862468594,,0.0049228244705399726,,0.0005640736372493719,,,0.002025537151940926
0.0005384339264653095,,0.0036408389313368544,,,0.00025639710784062353,0.0036408389313368544,0.001948618019588739,0.012383980308702117,0.021691195323316752,0.0008204707450899954,0.002794728475462797,,0.011819906671452746,0.012666017127326804,0.001948618019588739,,0.0011025075637146812,0.002512691656838111,0.0005384339264653095,,,,0.0005384339264653095,0.03297266806830419,0.005615096661709656,0.00025639710784062353,,0.00025639710784062353,,0.0016665812009640532,0.019998974411568636,0.0013845443823393671,0.0008204707450899954,0.01012768575970463,0.0008204707450899954,,,0.0033588021127121687,0.0013845443823393671,0.00533305984308497,0.0022306548382134248,0.0022306548382134248,,0.006743243936208399,0.0011025075637146812,0.01012768575970463,0.010691759396954003,0.0036408389313368544,0.024229526690938925,0.002512691656838111,0.001948618019588739,,0.002512691656838111,0.018870827137069893,0.0050510230244602845,,,0.0005384339264653095,0.004204912568586227,0.01153786985282806,0.6717091431208656,0.016614532588072408,0.0013845443823393671,,0.00025639710784062353,0.023665453053689556,0.0005384339264653095,0.007025280754833086,,,0.00533305984308497,0.0008204707450899954,0.0005384339264653095,,,0.0011025075637146812
0.00028203681862468594,,0.004794625916619661,0.00028203681862468594,,0.00028203681862468594,0.005076662735244346,0.002538331367622173,0.008179067740115892,0.023434695656632993,0.0014101840931234296,0.0014101840931234296,,0.05363827496025845,0.011845546382236808,0.0011281472744987437,0.00028203681862468594,0.0008461104558740578,0.003384441823496231,0.0011281472744987437,,,,0.002538331367622173,0.03161376339674889,0.0036664786421209167,,,,,0.003384441823496231,0.01776831957335521,0.0016922209117481155,0.0014101840931234296,0.014101840931234295,0.002538331367622173,,0.00028203681862468594,0.002538331367622173,0.003384441823496231,0.002538331367622173,0.0028203681862468593,0.0028203681862468593,,0.007332957284241833,0.00028203681862468594,0.013255730475360238,0.012973693656735553,0.003102405004871545,0.03189580021537357,0.003948515460745603,0.0016922209117481155,0.0008461104558740578,0.0019742577303728014,0.06043279831803497,0.006486846828367776,0.00028203681862468594,0.0008461104558740578,0.0005640736372493719,0.0011281472744987437,0.005358699553869032,0.5442285011025076,0.03840828675452541,0.0014101840931234296,0.00028203681862468594,0.002538331367622173,0.023716732475257678,,0.00620481000974309,,,0.014947951387108353,0.0005640736372493719,0.0005640736372493719,,,0.0016922209117481155
0.00025639710784062353,0.0005384339264653095,0.0058971334803343415,0.00025639710784062353,0.0008204707450899954,0.0005384339264653095,0.007025280754833086,0.0011025075637146812,0.008435464847956514,0.02392185016153018,0.0005384339264653095,0.001948618019588739,,0.042485000769191324,0.01153786985282806,0.0008204707450899954,0.0005384339264653095,0.0008204707450899954,0.001948618019588739,0.0030767652940874826,,,,0.0016665812009640532,0.026716578636992974,0.009281575303830572,,,,,0.0022306548382134248,0.019409261063535202,0.001948618019588739,0.0005384339264653095,0.011819906671452746,0.0013845443823393671,0.00025639710784062353,,0.0013845443823393671,0.0011025075637146812,0.001948618019588739,0.0033588021127121687,0.002512691656838111,0.0005384339264653095,0.0073073175734577715,0.00025639710784062353,0.01264037741654274,0.010691759396954003,0.00392287574996154,0.03743397774473104,0.004486949387210912,0.00025639710784062353,0.0008204707450899954,0.0013845443823393671,0.04784370032306036,0.004486949387210912,0.0005384339264653095,0.0011025075637146812,0.00025639710784062353,0.002794728475462797,0.008999538485205887,0.5711245577149889,0.03404953592123481,0.0033588021127121687,0.00025639710784062353,0.0016665812009640532,0.029536946823239835,0.00025639710784062353,0.0036408389313368544,,,0.010691759396954003,0.0005384339264653095,0.00025639710784062353,,0.00025639710784062353,0.0005384339264653095
,,0.0033331624019281064,,0.0005384339264653095,0.00025639710784062353,0.004153633147018102,0.0024870519460540486,0.007768832367570894,0.01861443002922927,0.0005384339264653095,0.0008204707450899954,,0.028921593764422337,0.011666068406748371,0.0027690887646787342,,0.00025639710784062353,0.00025639710784062353,0.0011025075637146812,,,,0.0016665812009640532,0.027793446489923594,0.0027690887646787342,,,,,0.0011025075637146812,0.012512178862622429,0.0005384339264653095,,0.0055381775293574685,0.0005384339264653095,,,0.0008204707450899954,0.0011025075637146812,0.0022050151274293625,0.0005384339264653095,0.0016665812009640532,,0.003871596328393416,0.0005384339264653095,0.0069483616224808985,0.005820214347982155,0.0022050151274293625,0.034459771293779806,0.0019229783088046766,,0.0008204707450899954,0.0013845443823393671,0.03781857340649197,0.004153633147018102,0.0005384339264653095,0.0005384339264653095,0.00025639710784062353,0.0016665812009640532,0.0027690887646787342,0.697374493615712,0.021947592431157376,0.0011025075637146812,0.00025639710784062353,0.0008204707450899954,0.019178503666478643,,0.0022050151274293625,,,0.0069483616224808985,0.0008204707450899954,0.00025639710784062353,,,0.0011025075637146812
,0.00025639710784062353,0.0030767652940874826,,,0.00025639710784062353,0.0036408389313368544,0.0005384339264653095,0.00025639710784062353,0.01576842213219835,0.0005384339264653095,0.0008204707450899954,,0.0247936003281883,0.020281011230193324,0.00025639710784062353,,0.00025639710784062353,,,,,,0.0022306548382134248,0.030972770627147327,0.0011025075637146812,,,,,0.0008204707450899954,0.01435823803907492,0.00025639710784062353,,0.007871391210707143,,,,0.0011025075637146812,0.0005384339264653095,0.0013845443823393671,0.0011025075637146812,0.0008204707450899954,,0.0030767652940874826,,0.0050510230244602845,0.0036408389313368544,0.00025639710784062353,0.03181888108302138,0.0013845443823393671,0.00025639710784062353,0.00025639710784062353,0.0011025075637146812,0.027331931695810472,0.001948618019588739,,0.0008204707450899954,,0.0011025075637146812,0.00533305984308497,0.7231680426644786,0.023383416235064867,,,,0.030972770627147327,0.00025639710784062353,0.001948618019588739,,,0.001948618019588739,0.00025639710784062353,,,,0.0013845443823393671
,0.00025639710784062353,0.002512691656838111,,,0.00025639710784062353,0.004204912568586227,,0.001948618019588739,0.014332598328290857,0.0008204707450899954,0.00025639710784062353,,0.023332136813496742,0.012358340597918056,0.0005384339264653095,0.00025639710784062353,0.0005384339264653095,0.00025639710784062353,0.00025639710784062353,,,,0.0008204707450899954,0.033459822573201375,0.0008204707450899954,,,,,0.0005384339264653095,0.019947694990000514,0.0008204707450899954,0.0005384339264653095,0.009537972411671196,0.00025639710784062353,,0.00025639710784062353,0.00025639710784062353,0.00025639710784062353,0.001948618019588739,0.0005384339264653095,0.0005384339264653095,0.00025639710784062353,0.0033588021127121687,,0.009537972411671196,0.0016665812009640532,0.00025639710784062353,0.0376647351417876,0.002794728475462797,0.00025639710784062353,,0.0011025075637146812,0.029229270293831086,0.0013845443823393671,0.0005384339264653095,,,0.0016665812009640532,0.004768986205835598,0.7209373878262654,0.0174350033331624,,,,0.023332136813496742,0.0008204707450899954,0.0050510230244602845,0.00025639710784062353,,0.00392287574996154,,,,,0.0011025075637146812
0.0008204707450899954,0.00025639710784062353,0.0022306548382134248,,,,0.003615199220552792,0.00025639710784062353,0.0008204707450899954,0.017870878416491463,,,,0.02512691656838111,0.01033280344597713,0.0011025075637146812,,0.00025639710784062353,0.00025639710784062353,,,,,0.0013845443823393671,0.03156248397518076,0.0011025075637146812,,,,,0.0005384339264653095,0.014230039485154607,0.0005384339264653095,0.00025639710784062353,0.009768729808727757,0.00025639710784062353,,0.0005384339264653095,0.0005384339264653095,0.0008204707450899954,0.0022306548382134248,0.0008204707450899954,0.0005384339264653095,,0.003897236039177478,0.0008204707450899954,0.010614840264601815,0.0027690887646787342,0.0011025075637146812,0.03156248397518076,0.0016665812009640532,0.00025639710784062353,0.00025639710784062353,0.0011025075637146812,0.034075175632018874,0.0013845443823393671,,0.00025639710784062353,,0.0016665812009640532,0.005025383313676222,0.7266806830418953,0.017024767960617405,0.0011025075637146812,,,0.024562842931131736,0.0008204707450899954,0.0016665812009640532,,,0.0022306548382134248,,,,,0.0013845443823393671
,,0.003948515460745603,,0.0005640736372493719,,0.012717296548894929,0.00028203681862468594,0.0016922209117481155,0.014973591097892416,,,,0.023460335367417054,0.010461001999897442,0.0011281472744987437,,,0.00028203681862468594,0.00028203681862468594,,,,0.0005640736372493719,0.03394697707809856,0.0036664786421209167,,,,,0.0008461104558740578,0.01610173837239116,,0.00028203681862468594,0.009332854725398698,0.00028203681862468594,,0.00028203681862468594,0.00028203681862468594,0.0008461104558740578,0.003102405004871545,0.0008461104558740578,0.002538331367622173,,0.007332957284241833,0.0011281472744987437,0.011025075637146813,0.0008461104558740578,0.00028203681862468594,0.03281882980359981,0.0022562945489974875,0.00028203681862468594,0.00028203681862468594,0.0014101840931234296,0.024024409004666427,0.0028203681862468593,,,,0.0022562945489974875,0.007332957284241833,0.7049638480077944,0.022050151274293626,0.0005640736372493719,,0.0011281472744987437,0.02546023280857392,0.0005640736372493719,0.0036664786421209167,0.0005640736372493719,,0.003948515460745603,0.00028203681862468594,,,,
,,0.003025485872519358,,,0.00025639710784062353,0.0055381775293574685,0.0011025075637146812,0.0055381775293574685,0.0243833649556433,0.0011025075637146812,0.0008204707450899954,,0.03794677196041229,0.011614788985180247,0.003025485872519358,,,0.0005384339264653095,,,,0.0005384339264653095,0.0005384339264653095,0.03738269832316291,0.010512281421465566,,,,,0.00025639710784062353,0.01828111378903646,0.00025639710784062353,0.0005384339264653095,0.011896825803804934,0.0005384339264653095,,0.0011025075637146812,0.0008204707450899954,0.0016409414901799907,0.0046920670734834115,0.0008204707450899954,0.0024870519460540486,,0.003025485872519358,,0.014127480642018358,0.0005384339264653095,0.0024870519460540486,0.03876724270550228,0.0033075226911440437,0.00025639710784062353,,0.0013845443823393671,0.04820265627403723,0.0027690887646787342,,,,0.00717911901953746,0.008845700220501513,0.5984308497000155,0.0376647351417876,0.0019229783088046766,0.00025639710784062353,0.0005384339264653095,0.030742013230090764,0.0008204707450899954,0.003025485872519358,0.00025639710784062353,,0.005794574637198092,0.00025639710784062353,0.0011025075637146812,,,0.0011025075637146812
,,0.0039741551715296655,,,,0.010255884313624942,0.0005640736372493719,0.006820163068560587,0.024767960617404234,0.0039741551715296655,0.0031280447156556072,,0.07550894825906364,0.019947694990000514,0.0034100815342802933,,,0.0008461104558740578,,,,0.0005640736372493719,0.00028203681862468594,0.04102353725449977,0.0156658632890621,,,,,0.0005640736372493719,0.018793908004717707,,0.00028203681862468594,0.008538023691092765,0.0005640736372493719,0.0008461104558740578,0.00028203681862468594,0.00028203681862468594,0.0011281472744987437,0.0031280447156556072,0.0028460078970309216,0.0034100815342802933,,0.004538228808779037,0.0005640736372493719,0.019947694990000514,0.0022562945489974875,0.0034100815342802933,0.04615147941131224,0.004538228808779037,,0.0005640736372493719,0.0016922209117481155,0.10543049074406441,0.0016922209117481155,,,,0.005692015794061843,0.009102097328342136,0.46336085328957477,0.0358955950976873,0.0016922209117481155,0.00028203681862468594,0.0011281472744987437,0.024767960617404234,0.0008461104558740578,0.0031280447156556072,0.0005640736372493719,,0.007691913235218706,0.0005640736372493719,0.0011281472744987437,,,0.0019742577303728014
0.00028203681862468594,,0.0011281472744987437,,,,0.008871339931285575,0.0005640736372493719,0.0045638685195631,0.010307163735193067,0.0019998974411568637,0.0014101840931234296,,0.047587303215219735,0.012025024357725244,0.0017178606225321778,,,0.0014101840931234296,0.00028203681862468594,,,0.00028203681862468594,0.00028203681862468594,0.03525460232808574,0.008871339931285575,,0.00028203681862468594,,,0.0005640736372493719,0.016614532588072408,,,0.01002512691656838,0.00028203681862468594,,0.0005640736372493719,0.00028203681862468594,0.0011281472744987437,0.0017178606225321778,,0.0019998974411568637,,0.0045638685195631,0.00028203681862468594,0.012896774524383365,0.0011281472744987437,0.0019998974411568637,0.03612635249474386,0.00315368442643967,,,0.0017178606225321778,0.04212604481821445,0.0014101840931234296,0.0005640736372493719,,,0.0011281472744987437,0.0034357212450643556,0.6633249576944772,0.02120404081841957,0.0019998974411568637,,,0.022075790985077687,,0.0034357212450643556,0.00028203681862468594,,0.0059996923234705915,,0.0005640736372493719,,,0.00028203681862468594
,,0.0016922209117481155,,,0.00028203681862468594,0.005076662735244346,0.00028203681862468594,0.002538331367622173,0.013563407004768987,0.0005640736372493719,0.0008461104558740578,0.00028203681862468594,0.02743449053894672,0.010178965181272755,0.0016922209117481155,0.00028203681862468594,,0.0011281472744987437,0.0005640736372493719,,,,0.0005640736372493719,0.03366494025947387,0.0014101840931234296,,0.00028203681862468594,,,0.0008461104558740578,0.013563407004768987,0.00028203681862468594,,0.011589149274396185,,,,0.00028203681862468594,,0.0019742577303728014,,0.0042305522793702885,,0.0036664786421209167,0.00028203681862468594,0.006768883646992462,0.0014101840931234296,0.0005640736372493719,0.02884467463207015,0.0016922209117481155,,,0.0022562945489974875,0.03789549253884416,0.0014101840931234296,0.0005640736372493719,,,0.0008461104558740578,0.00848674426952464,0.7179375416645299,0.013563407004768987,,,0.00028203681862468594,0.027152453720322035,,0.0042305522793702885,0.0005640736372493719,,0.006486846828367776,,,,,
,,0.0016922209117481155,,,,0.006538126249935901,,0.0019742577303728014,0.015922260396902723,,0.0014101840931234296,0.00028203681862468594,0.022460386646838623,0.009384134146966823,0.0014101840931234296,0.0005640736372493719,,,0.0005640736372493719,,,,0.0011281472744987437,0.03553663914671042,0.002538331367622173,,0.00028203681862468594,,,0.0005640736372493719,0.014486436592995231,0.00028203681862468594,0.00028203681862468594,0.010230244602840879,,,,0.00028203681862468594,0.00028203681862468594,0.0008461104558740578,0.0005640736372493719,0.0022562945489974875,,0.0031280447156556072,0.0005640736372493719,0.008230347161684016,0.0005640736372493719,0.0005640736372493719,0.03612635249474386,0.0008461104558740578,,,0.0034100815342802933,0.03753653658786729,0.0008461104558740578,0.00028203681862468594,0.0005640736372493719,,0.0016922209117481155,0.0039741551715296655,0.7213219834880262,0.018204194656684273,,,,0.020460489205681758,,0.0076662735244346445,0.00028203681862468594,,0.0011281472744987437,0.0005640736372493719,0.00028203681862468594,,,
,,0.003102405004871545,,,,0.005922773191118404,,0.0022562945489974875,0.014101840931234295,,0.0011281472744987437,0.00028203681862468594,0.030767652940874825,0.011563509563612122,0.0014101840931234296,0.00028203681862468594,0.00028203681862468594,0.0016922209117481155,,,,,0.0005640736372493719,0.03471616840162043,0.0056407363724937185,,,,,0.0005640736372493719,0.014665914568483667,0.0005640736372493719,0.0005640736372493719,0.014665914568483667,0.00028203681862468594,,,0.00028203681862468594,,0.0028203681862468593,0.00028203681862468594,0.0028203681862468593,,0.003948515460745603,,0.008743141377365263,0.0014101840931234296,0.0011281472744987437,0.03443413158299574,0.0022562945489974875,,,0.0022562945489974875,0.03048561612225014,0.0014101840931234296,0.0011281472744987437,,0.0005640736372493719,0.002538331367622173,0.0056407363724937185,0.696118147787293,0.0180503563919799,,,,0.026819137480129224,,0.0014101840931234296,0.0008461104558740578,,0.008179067740115892,0.0011281472744987437,0.00028203681862468594,,,
0.0005640736372493719,,0.0029229270293831084,,0.00028203681862468594,,0.0046920670734834115,,0.004410030254858725,0.020614327470386135,0.00028203681862468594,0.0005640736372493719,,0.023562894210553305,0.00882006050971745,0.0005640736372493719,,0.0005640736372493719,,,,,,0.0005640736372493719,0.03771601456335572,0.003230603558791857,,,,,,0.016204297215527408,0.0005640736372493719,0.0005640736372493719,0.009409773857750884,0.00028203681862468594,,,0.0014614635146915542,0.0020511768627249883,0.0023332136813496744,,0.0020511768627249883,,0.003512640377416543,0.0005640736372493719,0.0091277370391262,0.0005640736372493719,0.00087175016665812,0.03566483770063074,0.00087175016665812,0.00028203681862468594,,0.0020511768627249883,0.03566483770063074,0.0020511768627249883,0.00028203681862468594,,0.00028203681862468594,0.00028203681862468594,0.007358596995025896,0.6824521819393876,0.02622942413209579,0.0005640736372493719,,0.00028203681862468594,0.033305984308497,0.0005640736372493719,0.004999743602892159,0.00028203681862468594,,0.007050920465617148,0.00028203681862468594,,,0.00028203681862468594,
,,0.0022306548382134248,,0.00025639710784062353,0.00025639710784062353,0.004486949387210912,0.0008204707450899954,0.00533305984308497,0.025049997436028922,,0.0013845443823393671,,0.04251064047997539,0.007589354392082457,0.001948618019588739,,,0.0005384339264653095,0.0008204707450899954,0.00025639710784062353,0.00025639710784062353,,0.0011025075637146812,0.03715194092610635,0.0033588021127121687,,,,,0.00025639710784062353,0.01294805394595149,,0.00025639710784062353,0.01012768575970463,,,,0.0022306548382134248,0.0005384339264653095,0.004204912568586227,0.00025639710784062353,0.001948618019588739,,0.0036408389313368544,,0.01294805394595149,0.0036408389313368544,,0.03884416183785447,0.004768986205835598,,0.00025639710784062353,0.0022306548382134248,0.046433516229936925,0.004204912568586227,0.0008204707450899954,0.00025639710784062353,,0.0016665812009640532,0.007025280754833086,0.6265063330085636,0.03489564637710887,0.0013845443823393671,,0.0005384339264653095,0.027306291985026408,,0.00533305984308497,0.0005384339264653095,,0.0073073175734577715,,0.0005384339264653095,0.00025639710784062353,,0.0005384339264653095
,,0.001948618019588739,,,0.00025639710784062353,0.007871391210707143,0.0013845443823393671,0.0087175016665812,0.025024357725244858,0.00025639710784062353,0.001948618019588739,,0.09084149530793292,0.008999538485205887,0.00392287574996154,,0.0005384339264653095,0.0005384339264653095,0.0016665812009640532,0.00025639710784062353,,,0.001948618019588739,0.03684426439669761,0.017999076970411775,,,,,0.0011025075637146812,0.014332598328290857,,,0.009820009230295882,0.00025639710784062353,,,0.0033588021127121687,0.0005384339264653095,0.0013845443823393671,0.00025639710784062353,0.0016665812009640532,,0.004486949387210912,,0.020511768627249884,0.00392287574996154,0.0013845443823393671,0.039921029690785086,0.0036408389313368544,,0.00025639710784062353,0.0005384339264653095,0.08353417773447515,0.0036408389313368544,0.0005384339264653095,0.0011025075637146812,0.00025639710784062353,0.0033588021127121687,0.005615096661709656,0.4904363878775446,0.03599815394082355,0.0011025075637146812,,0.001948618019588739,0.024742320906620173,0.0011025075637146812,0.0073073175734577715,0.0008204707450899954,,0.018845187426285832,0.00025639710784062353,0.0005384339264653095,0.00025639710784062353,,0.00025639710784062353
,,0.0013589046715553048,,,,0.0021793754166453,0.0008204707450899954,0.0018973385980206143,0.01643505461258397,,0.0005384339264653095,,0.015614583867493974,0.006025332034254653,0.001076867852930619,,,0.00025639710784062353,0.001076867852930619,,,,0.00025639710784062353,0.020819445156658633,0.0018973385980206143,,,,,0.0005384339264653095,0.011768627249884622,,,0.007102199887185272,,,,0.001076867852930619,0.0005384339264653095,0.0008204707450899954,,0.0024614122352699863,,0.0035382800882006052,,0.004640787651915286,0.0029998461617352958,0.0005384339264653095,0.028485718681093276,0.0013589046715553048,,,0.0016409414901799907,0.02135787908312394,0.0016409414901799907,,,,0.0027178093431106097,0.0021793754166453,0.7900876878108816,0.018896466847853958,0.0018973385980206143,,0.001076867852930619,0.013973642377313984,0.00025639710784062353,0.0029998461617352958,,,0.004640787651915286,,0.00025639710784062353,,,0.00025639710784062353
,,0.0037946771960412286,,0.00025639710784062353,,0.0062560894313112144,0.0013589046715553048,0.0016153017793959284,0.016050458950823035,,0.0007948310343059331,,0.02394748987231424,0.00815342802933183,0.001076867852930619,,,0.00025639710784062353,,,,,0.00025639710784062353,0.03428029331829137,0.002435772524485924,,,,,0.0013589046715553048,0.009512332700887133,0.0013589046715553048,,0.009512332700887133,,,0.00025639710784062353,0.0007948310343059331,,0.0013589046715553048,,0.0016153017793959284,,0.005435618686221219,0.00025639710784062353,0.008973898774421825,,0.0007948310343059331,0.03428029331829137,0.002153735705861238,,,0.0007948310343059331,0.025306394543869546,0.0018973385980206143,0.0005384339264653095,,0.00025639710784062353,,0.0027178093431106097,0.7414491564535152,0.014947951387108353,0.0007948310343059331,,0.0007948310343059331,0.023127019127224244,0.0005384339264653095,0.005435618686221219,,,0.002153735705861238,0.00025639710784062353,0.0005384339264653095,,,0.00025639710784062353
,,0.004410030254858725,,,,0.004666427362699349,0.0008204707450899954,0.0016409414901799907,0.016537613455720218,,0.0013589046715553048,,0.02066560689195426,0.007973950053843392,0.0019229783088046766,,,0.00025639710784062353,,,,,0.00025639710784062353,0.03666478642120917,0.0024614122352699863,,,0.00025639710784062353,,0.0024614122352699863,0.015153069073380852,0.0016409414901799907,0.00025639710784062353,0.011563509563612122,0.00025639710784062353,,0.00025639710784062353,,,0.0013589046715553048,0.00025639710784062353,0.0008204707450899954,,0.005230500999948721,,0.011025075637146813,0.00025639710784062353,0.0022050151274293625,0.03225475616635044,0.003025485872519358,,0.0005384339264653095,0.0011025075637146812,0.0239731295830983,0.0013589046715553048,,0.00025639710784062353,,0.0008204707450899954,0.006333008563663402,0.7367058099584636,0.012127583200861495,0.0005384339264653095,,0.0011025075637146812,0.01956309932823958,,0.004127993436234039,,,0.002743449053894672,,0.00025639710784062353,,,0.0005384339264653095
,,0.004948464181324034,,,,0.005486898107789344,0.0005384339264653095,0.003845956617609353,0.018152915235116147,,0.002743449053894672,,0.022280908671350186,0.008794420798933387,0.0019229783088046766,,,,0.0005384339264653095,,,0.00025639710784062353,0.00025639710784062353,0.03520332290651761,0.004666427362699349,,,,,0.002743449053894672,0.01264037741654274,0.001076867852930619,,0.013460848161632736,,,,,,0.0016409414901799907,,0.0013589046715553048,,0.004948464181324034,,0.007973950053843392,0.0005384339264653095,0.0008204707450899954,0.037972411671196346,0.0021793754166453,,0.0005384339264653095,0.0016409414901799907,0.03494692579867699,0.001076867852930619,,,,0.0008204707450899954,0.00576893492641403,0.6975283318804164,0.025024357725244858,0.00025639710784062353,0.00025639710784062353,0.0013589046715553048,0.02448592379877955,0.0008204707450899954,0.0035639197989846675,,,0.0035639197989846675,,0.0013589046715553048,,,
0.00025639710784062353,,0.004127993436234039,,0.00025639710784062353,,0.006615045382288087,,0.002743449053894672,0.016024819240038974,0.00025639710784062353,0.0008204707450899954,,0.03676734526434542,0.009102097328342136,0.0016409414901799907,,0.00025639710784062353,0.0005384339264653095,0.0008204707450899954,,,,0.00025639710784062353,0.03979283113686478,0.004974103892108097,,,,,0.0016409414901799907,0.014076201220450233,0.0008204707450899954,,0.011589149274396185,0.0008204707450899954,,,,0.0005384339264653095,0.003025485872519358,,0.0008204707450899954,,0.004974103892108097,,0.008281626583252141,0.00025639710784062353,0.0005384339264653095,0.029562586534023896,0.004410030254858725,,0.0005384339264653095,0.0016409414901799907,0.047536023793651606,0.0024870519460540486,0.0008204707450899954,0.00025639710784062353,,0.0024870519460540486,0.011589149274396185,0.6683759807189374,0.01905030511255833,0.0008204707450899954,,0.00025639710784062353,0.0287421157889339,,0.002743449053894672,,,0.004974103892108097,0.00025639710784062353,0.0008204707450899954,,,
0.00025639710784062353,,0.004076714014665915,,0.001076867852930619,,0.006794523357776524,0.00025639710784062353,0.006794523357776524,0.02666529921542485,0.001076867852930619,0.0018973385980206143,,0.05227937028870314,0.007871391210707143,0.0007948310343059331,0.00025639710784062353,0.0007948310343059331,0.0027178093431106097,0.00025639710784062353,,0.00025639710784062353,,0.00025639710784062353,0.038921080970206655,0.010614840264601815,,,,,0.001076867852930619,0.01794779754884365,0.00025639710784062353,,0.014409517460643045,0.001076867852930619,,0.00025639710784062353,0.00025639710784062353,0.0013589046715553048,0.0027178093431106097,,0.0029742064509512335,,0.011691708117532434,0.00025639710784062353,0.01197374493615712,0.0035382800882006052,0.0005384339264653095,0.032126557612430134,0.002435772524485924,,0.00025639710784062353,0.0007948310343059331,0.05663812112199374,0.0043331111225065385,0.001076867852930619,0.0007948310343059331,,0.002153735705861238,0.006794523357776524,0.5805856109943079,0.03374185939182606,0.0013589046715553048,,0.0005384339264653095,0.027485769960514845,,0.002153735705861238,,,0.011691708117532434,,0.0005384339264653095,0.00025639710784062353,,
,,0.004640787651915286,,0.00025639710784062353,,0.0043587508332906,0.0005384339264653095,0.016358135480231784,0.03138300599969232,0.0021793754166453,0.002435772524485924,,0.08543151633249577,0.010896877083226501,,,0.00025639710784062353,0.0013589046715553048,0.00025639710784062353,0.00025639710784062353,,,0.0005384339264653095,0.042305522793702886,0.023998769293882366,,,,,0.0013589046715553048,0.01828111378903646,0.00025639710784062353,,0.011999384646941183,0.0007948310343059331,0.00025639710784062353,,0.0013589046715553048,0.001076867852930619,0.0016153017793959284,0.00025639710784062353,0.0007948310343059331,,0.011460950720475873,0.00025639710784062353,0.023203938259576434,0.005435618686221219,0.0013589046715553048,0.036305830470232295,0.0018973385980206143,,,0.0007948310343059331,0.08899543613148043,0.0035382800882006052,0.001076867852930619,0.0005384339264653095,,0.0018973385980206143,0.0070765601764012104,0.4497974462848059,0.036305830470232295,0.0016153017793959284,,0.00025639710784062353,0.03220347674478232,0.0018973385980206143,0.004076714014665915,,,0.023203938259576434,,0.0007948310343059331,0.00025639710784062353,,0.00025639710784062353
,,0.0029998461617352958,,0.00025639710784062353,,0.004640787651915286,0.0008204707450899954,0.009845648941079945,0.02328085739192862,0.0029998461617352958,0.0024614122352699863,,0.06545818163171119,0.010948156504794625,0.0005384339264653095,,0.00025639710784062353,0.0016409414901799907,,0.0008204707450899954,,,0.0005384339264653095,0.03422901389672325,0.008743141377365263,,0.00025639710784062353,,,0.001076867852930619,0.01971693759294395,,0.00025639710784062353,0.009845648941079945,0.0008204707450899954,,,0.0013589046715553048,0.003820316906825291,0.0027178093431106097,0.00025639710784062353,0.001076867852930619,,0.0049228244705399726,0.0008204707450899954,0.015588944156709913,0.006563765960719963,0.001076867852930619,0.031203528024203887,0.0024614122352699863,0.00025639710784062353,,0.0013589046715553048,0.04463873647505256,0.004640787651915286,0.001076867852930619,0.00025639710784062353,,0.0016409414901799907,0.005743295215629968,0.5878160094354137,0.024639762063483926,0.0018973385980206143,,0.0008204707450899954,0.02546023280857392,,0.0041023537254499766,,,0.020537408338033948,0.0005384339264653095,,,,0.00025639710784062353
0.00025639710784062353,0.00025639710784062353,0.0027690887646787342,,0.00025639710784062353,0.00025639710784062353,0.007743192656786832,0.0005384339264653095,0.0055381775293574685,0.018845187426285832,0.0011025075637146812,0.0013845443823393671,0.00025639710784062353,0.04184400799958977,0.011076355058714937,0.0013845443823393671,,,0.00025639710784062353,0.0008204707450899954,,0.00025639710784062353,0.00025639710784062353,0.0013845443823393671,0.026306343264447977,0.010512281421465566,,,,,0.0011025075637146812,0.01633249576944772,0.0008204707450899954,,0.007204758730321522,,0.00025639710784062353,0.00025639710784062353,0.0011025075637146812,0.003025485872519358,0.0016409414901799907,,0.0016409414901799907,,0.004410030254858725,0.0013845443823393671,0.013563407004768987,0.00358955950976873,0.0013845443823393671,0.034357212450643555,0.0033075226911440437,0.0008204707450899954,,0.0008204707450899954,0.04099789754371571,0.0033075226911440437,,,0.00025639710784062353,0.00025639710784062353,0.005256140710732783,0.6596071996307881,0.01522998820573304,0.0008204707450899954,,0.0019229783088046766,0.026049946156607353,0.00025639710784062353,0.0033075226911440437,0.00025639710784062353,,0.01164042869596431,,0.00025639710784062353,,0.00025639710784062353,
,,0.002512691656838111,,,,0.00533305984308497,0.0005384339264653095,0.007025280754833086,0.017178606225321778,0.0005384339264653095,0.001948618019588739,,0.04845905338187785,0.009281575303830572,0.0013845443823393671,,,0.00025639710784062353,0.0005384339264653095,,,0.00025639710784062353,0.0008204707450899954,0.03353674170555356,0.009563612122455259,,,,,0.001948618019588739,0.01492231167632429,,,0.009281575303830572,,,,0.0005384339264653095,0.0011025075637146812,0.0005384339264653095,0.00025639710784062353,0.0008204707450899954,,0.0073073175734577715,0.0013845443823393671,0.013230090764576175,0.0033588021127121687,0.0016665812009640532,0.04199784626429414,0.001948618019588739,0.0005384339264653095,0.00025639710784062353,0.0013845443823393671,0.055509973847495,0.004486949387210912,,,0.00025639710784062353,0.0008204707450899954,0.0036408389313368544,0.6230449720527151,0.03015229988205733,0.0005384339264653095,,0.0011025075637146812,0.0267678580585611,,0.004204912568586227,,,0.007025280754833086,0.00025639710784062353,0.0005384339264653095,,,
,,0.0036921183529049794,,0.00028203681862468594,,0.005692015794061843,0.0016922209117481155,0.0062560894313112144,0.022486026357622688,0.00028203681862468594,0.0016922209117481155,0.0005640736372493719,0.04956156094559253,0.007691913235218706,0.004256191990154351,,0.00028203681862468594,0.0005640736372493719,0.0011281472744987437,0.0005640736372493719,,0.00028203681862468594,0.0005640736372493719,0.041305574073124456,0.008255986872468079,,0.00028203681862468594,,,0.0025639710784062355,0.01794779754884365,0.0005640736372493719,,0.007691913235218706,0.00028203681862468594,,0.00028203681862468594,0.00028203681862468594,0.00028203681862468594,0.0019742577303728014,0.00028203681862468594,0.0031280447156556072,,0.008538023691092765,0.00028203681862468594,0.011384031588123686,0.004256191990154351,0.0008461104558740578,0.04271575816624788,0.0005640736372493719,0.00028203681862468594,,0.0014101840931234296,0.03815188964668478,0.0028460078970309216,,,0.0005640736372493719,0.0019742577303728014,0.011101994769499,0.6195579713860828,0.02448592379877955,0.0005640736372493719,,0.0011281472744987437,0.02448592379877955,,0.004256191990154351,0.0008461104558740578,,0.005974052612686529,,0.0011281472744987437,,,
,,0.0034100815342802933,,0.00028203681862468594,,0.0036921183529049794,0.0011281472744987437,0.0054099789754371574,0.023665453053689556,0.00028203681862468594,0.0014101840931234296,0.0005640736372493719,0.03820316906825291,0.009102097328342136,0.0022562945489974875,,,0.0005640736372493719,,0.0005640736372493719,,0.0005640736372493719,0.0011281472744987437,0.04533100866622224,0.004845905338187785,,,,,0.0014101840931234296,0.01794779754884365,0.0014101840931234296,,0.00882006050971745,,,,0.0008461104558740578,0.0005640736372493719,0.0022562945489974875,0.0008461104558740578,0.0028460078970309216,,0.006820163068560587,,0.012537818573406492,0.0062560894313112144,0.0014101840931234296,0.033921337367314494,0.0014101840931234296,0.0008461104558740578,0.0005640736372493719,0.0022562945489974875,0.02307573970565612,0.0031280447156556072,,,0.00028203681862468594,0.0028460078970309216,0.008255986872468079,0.6458386749397467,0.024511563509563614,0.0011281472744987437,,0.0005640736372493719,0.02851135839187734,0.0008461104558740578,0.004256191990154351,,,0.007973950053843392,0.0005640736372493719,0.0028460078970309216,,,
0.0005640736372493719,,0.0014101840931234296,,,,0.005974052612686529,0.0028460078970309216,0.006538126249935901,0.020511768627249884,0.0011281472744987437,0.0008461104558740578,0.0005640736372493719,0.020511768627249884,0.010255884313624942,0.0025639710784062355,0.0008461104558740578,0.0011281472744987437,0.0014101840931234296,0.00028203681862468594,,,0.00028203681862468594,,0.026511460950720475,0.0062560894313112144,,0.00028203681862468594,,,0.0014101840931234296,0.017665760730218964,0.0022562945489974875,0.0005640736372493719,0.00969181067637557,0.00028203681862468594,,,0.0016922209117481155,0.0008461104558740578,0.0028460078970309216,0.0008461104558740578,0.0005640736372493719,,0.005692015794061843,0.0008461104558740578,0.015101789651812728,0.006538126249935901,0.0022562945489974875,0.020511768627249884,0.0022562945489974875,0.0014101840931234296,0.0005640736372493719,0.0014101840931234296,0.018819547715501768,0.004256191990154351,0.0011281472744987437,,,0.0016922209117481155,0.004538228808779037,0.6935285369981026,0.016537613455720218,0.0016922209117481155,,0.0016922209117481155,0.03251115327419107,0.0005640736372493719,0.005692015794061843,0.00028203681862468594,,0.00969181067637557,0.00028203681862468594,0.0008461104558740578,,,0.00028203681862468594
0.0011025075637146812,,0.0033075226911440437,0.00025639710784062353,,,0.006897082200912774,0.0011025075637146812,0.008281626583252141,0.02263986462232706,,0.0024870519460540486,0.00025639710784062353,0.053612635249474384,0.011307112455771498,0.005230500999948721,,0.00025639710784062353,0.0016409414901799907,0.0011025075637146812,0.0005384339264653095,,0.0005384339264653095,0.0005384339264653095,0.025408953387005793,0.005230500999948721,,0.00025639710784062353,,,0.0011025075637146812,0.012973693656735553,0.0022050151274293625,,0.011307112455771498,0.0005384339264653095,,,0.0008204707450899954,0.0019229783088046766,0.0024870519460540486,0.0005384339264653095,0.0013589046715553048,,0.006615045382288087,0.0019229783088046766,0.014640274857699606,0.004127993436234039,0.0033075226911440437,0.031229167734987948,0.0019229783088046766,0.0013589046715553048,,,0.062458335469975895,0.00358955950976873,0.0019229783088046766,0.0005384339264653095,,0.0022050151274293625,0.008563663401876826,0.5836367365776114,0.035357161171221986,0.0013589046715553048,,0.0019229783088046766,0.027613968514435157,,0.0033075226911440437,,,0.011871186093020871,0.00025639710784062353,0.0019229783088046766,,,0.0011025075637146812
0.0007948310343059331,0.0005384339264653095,0.003512640377416543,0.00025639710784062353,,,0.005127942156812471,0.001076867852930619,0.006768883646992462,0.017870878416491463,0.0007948310343059331,0.0016153017793959284,,0.03004974103892108,0.006486846828367776,0.005127942156812471,,0.00025639710784062353,0.00025639710784062353,0.0007948310343059331,0.0005384339264653095,,0.0005384339264653095,0.00025639710784062353,0.029254910004615147,0.005948412901902467,,0.00025639710784062353,,,0.0007948310343059331,0.013794164401825548,0.002153735705861238,0.0005384339264653095,0.006768883646992462,0.0005384339264653095,,,0.0013332649607712425,0.0005384339264653095,0.0013332649607712425,,0.001076867852930619,,0.004051074303881852,0.0007948310343059331,0.00946105327931901,0.0026921696323265474,0.003230603558791857,0.028434439259525154,0.002153735705861238,0.00025639710784062353,,0.00025639710784062353,0.040074867955489465,0.002435772524485924,0.0005384339264653095,0.002153735705861238,,0.002435772524485924,0.0073073175734577715,0.6888877493461874,0.017870878416491463,0.0007948310343059331,,0.0029742064509512335,0.021383518793908006,0.00025639710784062353,0.0026921696323265474,,,0.009999487205784318,0.0005384339264653095,0.001076867852930619,,,0.00025639710784062353
0.00025639710784062353,,0.006230449720527153,,0.0007948310343059331,,0.008127788318547767,0.0007948310343059331,0.0037946771960412286,0.024434644377211424,0.0005384339264653095,0.001076867852930619,,0.03069073380852264,0.007871391210707143,0.0013332649607712425,,,0.00025639710784062353,0.001076867852930619,,,0.0005384339264653095,0.00025639710784062353,0.03774165427413979,0.0037946771960412286,,,,,0.0013332649607712425,0.0176401210194349,0.0005384339264653095,,0.008409825137172453,0.0005384339264653095,0.00025639710784062353,,0.00025639710784062353,0.0005384339264653095,0.002153735705861238,0.0007948310343059331,0.0016153017793959284,,0.005692015794061843,0.00025639710784062353,0.009486692990103072,0.00025639710784062353,0.0005384339264653095,0.03284446951438388,0.002153735705861238,0.0007948310343059331,,0.001076867852930619,0.05648428285728937,0.003512640377416543,0.0016153017793959284,,,0.0013332649607712425,0.0043331111225065385,0.645966873493667,0.026614019793856726,0.00025639710784062353,,0.004051074303881852,0.029588226244807957,0.0005384339264653095,0.0005384339264653095,,,0.007332957284241833,,0.0007948310343059331,,,0.00025639710784062353
,,0.006179170298959028,,0.0007948310343059331,,0.008076508896979641,0.0005384339264653095,0.004307471411722476,0.017229885646889903,,0.0016153017793959284,,0.033921337367314494,0.008332906004820265,0.001076867852930619,0.0005384339264653095,0.00025639710784062353,0.0007948310343059331,,,,0.0005384339264653095,0.00025639710784062353,0.03553663914671042,0.0029485667401671707,,,,,0.001076867852930619,0.01264037741654274,0.0007948310343059331,,0.010486641710681503,0.0005384339264653095,,,,0.00025639710784062353,0.0016153017793959284,0.0013332649607712425,0.001871698887236552,,0.005384339264653095,0.00025639710784062353,0.011563509563612122,0.0026921696323265474,0.001871698887236552,0.03471616840162043,0.001076867852930619,0.00025639710784062353,0.00025639710784062353,0.0013332649607712425,0.044407979077996,0.00348700066663248,0.0005384339264653095,,,0.0016153017793959284,0.005102302446028409,0.676760166145326,0.025306394543869546,0.0007948310343059331,,,0.020716886313522382,,0.0013332649607712425,0.00025639710784062353,,0.0056407363724937185,,0.001076867852930619,,,
,,0.0037177580636890417,,0.0010512281421465566,,0.0050510230244602845,0.0021280959950771756,0.0039741551715296655,0.01728116506845803,0.00025639710784062353,0.0037177580636890417,0.0005127942156812471,0.028998512896774523,0.010640479975385878,0.00025639710784062353,,,0.00025639710784062353,,,,0.0005127942156812471,0.00025639710784062353,0.027665247936003282,0.0031793241372237322,,,,,0.0013076252499871802,0.010896877083226501,0.0007948310343059331,,0.009307215014614635,,,,,0.0007948310343059331,0.0007948310343059331,0.0010512281421465566,0.002384493102917799,,0.005563817240141531,0.00025639710784062353,0.009307215014614635,0.0010512281421465566,0.0007948310343059331,0.030331777857545768,0.0007948310343059331,0.0005127942156812471,,0.0010512281421465566,0.04043382390646633,0.0026408902107584228,,,,0.0010512281421465566,0.005307420132300907,0.7221680939439004,0.014896671965540228,0.00025639710784062353,,0.00025639710784062353,0.022075790985077687,0.00025639710784062353,0.0005127942156812471,0.00025639710784062353,,0.002384493102917799,,0.0007948310343059331,,,0.00025639710784062353
,,0.0045638685195631,,,,0.005102302446028409,0.0015896620686118661,0.00402543459309779,0.012896774524383365,0.0005127942156812471,0.0015896620686118661,,0.03256243269575919,0.008332906004820265,0.0010512281421465566,,,0.0007948310343059331,,,,0.0005127942156812471,0.0005127942156812471,0.036869904107481664,0.00402543459309779,,0.00025639710784062353,,,0.0007948310343059331,0.018819547715501768,0.001871698887236552,,0.009948207784216194,,,,0.00025639710784062353,0.002666529921542485,0.0010512281421465566,,0.0013332649607712425,,0.009666170965591508,0.0005127942156812471,0.009948207784216194,0.0024101328137018613,0.001871698887236552,0.03525460232808574,0.002666529921542485,,,0.0005127942156812471,0.03012666017127327,0.003743397774473104,,,0.00025639710784062353,0.0005127942156812471,0.00697400133326496,0.6947336034049536,0.017486282754730527,0.0013332649607712425,,0.00025639710784062353,0.020716886313522382,,0.0021280959950771756,0.00025639710784062353,,0.0056407363724937185,,0.0007948310343059331,,,0.00025639710784062353
