Adair County,Alfalfa County,Atoka County,Beaver County,Beckham County,Blaine County,Bryan County,Caddo County,Canadian County,Carter County,Cherokee County,Choctaw County,Cimarron County,Cleveland County,Coal County,Comanche County,Cotton County,Craig County,Creek County,Custer County,Delaware County,Dewey County,Ellis County,Garfield County,Garvin County,Grady County,Grant County,Greer County,Harmon County,Harper County,Haskell County,Hughes County,Jackson County,Jefferson County,Johnston County,Kay County,Kingfisher County,Kiowa County,Latimer County,Le Flore County,Lincoln County,Logan County,Love County,Major County,Marshall County,Mayes County,McClain County,McCurtain County,McIntosh County,Murray County,Muskogee County,Noble County,Nowata County,Okfuskee County,Oklahoma County,Okmulgee County,Osage County,Ottawa County,Pawnee County,Payne County,Pittsburg County,Pontotoc County,Pottawatomie County,Pushmataha County,Roger Mills County,Rogers County,Seminole County,Sequoyah County,Stephens County,Texas County,Tillman County,Tulsa County,Wagoner County,Washington County,Washita County,Woods County,Woodward County
,0.00027198197148074754,,,0.0005439639429614951,,0.00027198197148074754,,0.0008159459144422427,0.0013599098574037377,0.003263783657768971,,,0.0021758557718459803,,0.00027198197148074754,,0.0013599098574037377,0.004895675486653456,0.00027198197148074754,0.0021758557718459803,,,0.00027198197148074754,,,,,,,,,,,0.00027198197148074754,0.0029918016862882234,0.00027198197148074754,,,,0.002447837743326728,0.0013599098574037377,,0.00027198197148074754,0.0005439639429614951,0.0035357656292497185,,0.0013599098574037377,0.00027198197148074754,,0.0005439639429614951,0.0010879278859229902,0.013599098574037379,0.00027198197148074754,0.017950810117729338,0.0005439639429614951,0.05985546100944166,0.005167657458134203,0.00027198197148074754,0.0027198197148074754,0.0010879278859229902,0.00027198197148074754,0.001903873800365233,,,0.02311846757586354,,0.0005439639429614951,,,,0.12324668764813304,0.001903873800365233,0.7119128103508567,,,0.0027198197148074754
,,0.000835373198119439,,0.00027198197148074754,,0.00027198197148074754,,0.00027198197148074754,0.0022535649065547657,0.000835373198119439,0.0011267824532773829,,0.0011267824532773829,,0.0011267824532773829,,0.0011267824532773829,0.005070521039748223,0.000835373198119439,0.0013987644247581304,,,0.0013987644247581304,,,,,,,,,,,0.00027198197148074754,0.0022535649065547657,0.00027198197148074754,,,,0.002816956133193457,,0.00027198197148074754,0.00027198197148074754,0.0022535649065547657,0.0031083653883514006,,,,,0.001690173679916074,0.000835373198119439,0.016377200139876442,0.000835373198119439,0.01214205229824766,0.001690173679916074,0.06527567315537941,0.0013987644247581304,0.000835373198119439,0.005070521039748223,0.000835373198119439,0.000835373198119439,0.001690173679916074,0.00027198197148074754,,0.024575513851653262,,0.0005633912266386914,,,,0.20460815168823096,0.000835373198119439,0.6276372537591794,0.0005633912266386914,,0.0019621556513968216
,,0.00027198197148074754,,0.000835373198119439,,0.000835373198119439,,0.0005633912266386914,0.0011267824532773829,0.0025255468780355133,,,0.0022535649065547657,0.00027198197148074754,0.0011267824532773829,,0.002816956133193457,0.006197303493025605,0.00027198197148074754,0.0022535649065547657,,,0.001690173679916074,,,,,,,,0.00027198197148074754,,,0.0011267824532773829,0.0022535649065547657,0.00027198197148074754,,,0.00027198197148074754,0.003380347359832148,,,,0.000835373198119439,0.007596067917783735,,,,,0.0022535649065547657,0.00027198197148074754,0.014648171892605975,,0.013521389439328593,0.00027198197148074754,0.06929712087655904,0.0019621556513968216,0.00027198197148074754,0.003380347359832148,0.0013987644247581304,0.0005633912266386914,0.0011267824532773829,0.00027198197148074754,,0.031549908691766715,0.00027198197148074754,0.001690173679916074,,0.00027198197148074754,,0.2662509227959747,0.004215720557951587,0.5457901076271516,0.0005633912266386914,0.00027198197148074754,0.000835373198119439
,,,,,,0.0008159459144422427,,0.002214710339200373,0.0008159459144422427,0.0005439639429614951,,,0.0024866923106811206,,0.0008159459144422427,,0.0033220655088005593,0.005264793876520185,,0.0041574387069199985,,,0.0016513191125616816,,0.0005439639429614951,0.00027198197148074754,0.00027198197148074754,,,,,0.00027198197148074754,,0.00027198197148074754,0.005264793876520185,0.0005439639429614951,,,0.00027198197148074754,0.003594047480281307,,,,,0.0041574387069199985,0.0005439639429614951,0.00027198197148074754,0.0008159459144422427,,0.0019233010840424291,0.0005439639429614951,0.0160857908847185,,0.01940785639351906,0.003594047480281307,0.04328398803279326,0.002758674282161868,0.0016513191125616816,0.0024866923106811206,0.002214710339200373,,0.002214710339200373,0.0008159459144422427,,0.025799432723316626,,0.0008159459144422427,,0.00027198197148074754,,0.22337490772040253,0.004429420678400746,0.6066752146714846,0.00027198197148074754,0.00027198197148074754,0.0019233010840424291
,,,,0.00027198197148074754,,0.0011073551696001865,0.00027198197148074754,,0.000835373198119439,0.0011073551696001865,0.00027198197148074754,,0.001670746396238878,0.00027198197148074754,0.00027198197148074754,0.00027198197148074754,0.001379337141080934,0.0025061195943583167,,0.0027781015658390642,,,0.0019427283677196255,,,,0.00027198197148074754,,,,,0.00027198197148074754,0.00027198197148074754,,0.0030695108209970083,0.00027198197148074754,,,,0.002234137622877569,,,,,0.000835373198119439,0.00027198197148074754,,,,0.002234137622877569,,0.011734079341026538,0.00027198197148074754,0.010879278859229902,0.002234137622877569,0.0472082993355869,0.0019427283677196255,0.003341492792477756,0.0025061195943583167,0.000835373198119439,,0.002234137622877569,0.00027198197148074754,,0.019271865407778685,,0.0011073551696001865,,0.00027198197148074754,,0.14976492986750592,0.003341492792477756,0.7180906865602052,,,
,,0.0008548004817966352,,,,,,0.0005633912266386914,0.0017096009635932704,0.0005633912266386914,,,0.0014376189921125229,,0.0005633912266386914,0.00027198197148074754,0.0028752379842250458,0.0031666472393829894,,0.0017096009635932704,,,0.0005633912266386914,0.00027198197148074754,,,0.00027198197148074754,,,,,,,,0.0025838287290671016,0.00027198197148074754,0.00027198197148074754,,,0.0020010102187512143,,,,,0.004021447721179625,,0.00027198197148074754,,,0.0020010102187512143,0.00027198197148074754,0.02158371216536504,,0.0057504759684500915,0.0008548004817966352,0.06595562808408129,0.0005633912266386914,0.00027198197148074754,0.0020010102187512143,0.0005633912266386914,,0.0017096009635932704,0.00027198197148074754,,0.029374052919920738,,,,,,0.17597233554804367,0.0014376189921125229,0.6671717760422737,,,
,,0.00029140925515794383,,,,0.0005828185103158877,,0.0008742277654738314,0.001457046275789719,,,,0.001457046275789719,,,0.00029140925515794383,0.003516338345572522,0.004099156855888409,,0.00029140925515794383,,,0.0008742277654738314,,,,,,,0.00029140925515794383,,,,,0.0005828185103158877,0.0005828185103158877,,,,0.0020398647861056066,,,,,0.004099156855888409,,0.0020398647861056066,0.0005828185103158877,,0.0005828185103158877,,0.01643548199090803,,0.007634922485138128,0.0011656370206317753,0.07256090453432801,,0.0020398647861056066,0.0032249290904145782,0.00029140925515794383,,0.0026421105800986905,0.0005828185103158877,,0.03085052647938765,,0.0005828185103158877,,,,0.18246104829622722,0.0020398647861056066,0.6526595951354082,,0.00029140925515794383,
,,0.0011656370206317753,,,,0.00029140925515794383,,0.0011656370206317753,0.0020398647861056066,0.00029140925515794383,0.0005828185103158877,,0.0020398647861056066,,,0.00029140925515794383,0.004079729572211213,0.0037883203170532695,0.00029140925515794383,0.0008742277654738314,,,0.001457046275789719,,0.00029140925515794383,,0.00029140925515794383,,,,,,,,0.0011656370206317753,0.0008742277654738314,,,,0.0026226832964214943,,,,,0.0026226832964214943,,0.001748455530947663,,0.0005828185103158877,0.001457046275789719,0.0008742277654738314,0.01925243812410149,0.0005828185103158877,0.004371138827369158,0.0005828185103158877,0.06916112989081867,0.0005828185103158877,0.00029140925515794383,0.004371138827369158,0.0008742277654738314,0.00029140925515794383,0.003496911061895326,,,0.026265687531569337,,0.0005828185103158877,,,,0.17482612581108908,0.0023312740412635507,0.660955045265571,,0.00029140925515794383,
,,0.0008548004817966352,,0.00027198197148074754,,0.0008548004817966352,,0.0014376189921125229,0.0014376189921125229,0.002292419473909158,,,0.001146209736954579,,0.0005633912266386914,0.00027198197148074754,0.0014376189921125229,0.004021447721179625,0.00027198197148074754,0.0014376189921125229,,,0.0005633912266386914,,0.00027198197148074754,,,,,,,,,,0.0020010102187512143,0.00027198197148074754,,0.00027198197148074754,,0.002292419473909158,0.00027198197148074754,,,,0.004021447721179625,0.00027198197148074754,0.0017096009635932704,,,0.005459066713292148,0.00027198197148074754,0.018980456152620742,,0.016396627423553637,0.00027198197148074754,0.07281345922213156,0.0005633912266386914,0.0008548004817966352,0.005167657458134203,0.00027198197148074754,,0.0031472199557057933,,,0.025896569141702606,,0.0005633912266386914,,,,0.20035357656292496,0.004604266231495512,0.6158643198507985,,0.00027198197148074754,
0.00027198197148074754,,0.00027198197148074754,,0.00027198197148074754,,0.00027198197148074754,,0.0011267824532773829,0.0011267824532773829,0.002836383416870653,,,0.0011267824532773829,,,0.00027198197148074754,0.0014181917084353265,0.0025449741617127094,,0.0019815829350740177,,,0.00027198197148074754,,0.0005633912266386914,,0.00027198197148074754,,,,,,,,0.0031083653883514006,0.00027198197148074754,,,0.0005633912266386914,0.0036717566149900922,0.0005633912266386914,,,,0.0014181917084353265,0.00027198197148074754,0.0011267824532773829,0.0005633912266386914,,0.0011267824532773829,0.00027198197148074754,0.015017290282472704,,0.019563274662936628,0.0005633912266386914,0.06609161906982165,0.000835373198119439,0.0019815829350740177,0.010199323930528033,0.000835373198119439,,0.002836383416870653,0.0005633912266386914,,0.024672650270039242,,0.0005633912266386914,,0.00027198197148074754,,0.20791078991335432,0.0022535649065547657,0.6179818937716128,,0.00027198197148074754,
,,0.00027198197148074754,,,,,,0.0008548004817966352,0.001146209736954579,0.0008548004817966352,,,0.0020204375024284104,,0.0005633912266386914,0.00027198197148074754,0.00027198197148074754,0.0014376189921125229,,0.0031666472393829894,,,0.00027198197148074754,,0.00027198197148074754,,,,,,,0.00027198197148074754,0.00027198197148074754,,0.002311846757586354,0.0005633912266386914,,,,0.0028752379842250458,0.0005633912266386914,,,,0.0014376189921125229,0.00027198197148074754,0.00027198197148074754,,,,,0.008664568520029529,,0.015891518047946536,0.0017290282472704665,0.02832497960135214,0.0005633912266386914,0.003458056494540933,0.006061312507285231,0.0008548004817966352,,0.003749465749698877,0.0005633912266386914,,0.01416248980067607,0.00027198197148074754,0.0005633912266386914,,0.00027198197148074754,,0.10554843221820726,0.002311846757586354,0.7867661343590939,,,
,,0.00027198197148074754,,,,,,0.0005633912266386914,0.0005633912266386914,,,,0.0034774837782181297,,,0.00027198197148074754,0.0008548004817966352,0.002603256012744298,,0.002894665267902242,,,0.00027198197148074754,,0.00027198197148074754,,,,,,,0.00027198197148074754,,,0.001146209736954579,0.00027198197148074754,,,,0.001146209736954579,0.0005633912266386914,,,,0.0005633912266386914,0.00027198197148074754,0.00027198197148074754,,,0.0008548004817966352,0.00027198197148074754,0.012802579943272331,,0.013676807708746163,0.0008548004817966352,0.04165209620390877,0.0014376189921125229,0.0005633912266386914,0.009014259626219063,0.0008548004817966352,,0.0017290282472704665,0.0005633912266386914,,0.013093989198430276,0.00027198197148074754,0.00027198197148074754,,,,0.16315032832109413,0.0017290282472704665,0.7203831060341144,,0.00027198197148074754,
,,,,,,,,0.00029140925515794383,,0.0014959008431441117,,,0.0017873100983020554,,,0.00029140925515794383,0.0023895558922951395,0.008994832342541866,,0.0023895558922951395,,,0.0011850643043089715,,0.00029140925515794383,,,,,,,,,0.0005828185103158877,0.003302638225123363,0.00029140925515794383,,,,0.0017873100983020554,,,0.0005828185103158877,,0.003594047480281307,0.00029140925515794383,,0.00029140925515794383,,0.0005828185103158877,,0.019213583556747096,,0.007809768038232894,0.0011850643043089715,0.06426545440416521,0.0029918016862882234,0.0005828185103158877,0.00689668570540467,0.00029140925515794383,,0.0011850643043089715,,,0.023720713369856625,,,,0.0005828185103158877,,0.19734234759295954,0.0023895558922951395,0.6402261335820026,,0.0008936550491510277,
,,,,,0.00029140925515794383,,,0.0008742277654738314,,,,,0.002059292069782803,,,0.00029140925515794383,0.004740257217235886,0.004740257217235886,,0.002370128608617943,,,0.0008742277654738314,0.0005828185103158877,0.0017678828146248592,,,,,0.0005828185103158877,,,,,0.002370128608617943,0.00029140925515794383,,,,0.002059292069782803,,,,0.00029140925515794383,0.004429420678400746,,0.0011850643043089715,,,0.0008742277654738314,0.00029140925515794383,0.01509499941718149,,0.006799549287018689,0.0014764735594669154,0.06607219178614446,0.002661537863775887,0.0005828185103158877,0.006799549287018689,,,0.002661537863775887,,,0.030209426118040176,0.00029140925515794383,,,0.00029140925515794383,,0.18135369312662702,0.0008742277654738314,0.6532812682130784,,0.0005828185103158877,
,,,,,0.00029140925515794383,0.00029140925515794383,,0.00029140925515794383,,,0.0006022457939930839,,0.0015153281268213078,,,0.00029140925515794383,0.002137001204491588,0.003360920076154952,,,,,0.0015153281268213078,,0.00029140925515794383,,,,,,,,,,0.001223918871663364,0.0006022457939930839,0.00029140925515794383,,,0.002447837743326728,,,,0.001223918871663364,0.002137001204491588,,0.001223918871663364,0.0006022457939930839,,0.0009130823328282239,,0.01993239305280336,0.0009130823328282239,0.008276022846485605,0.001223918871663364,0.06471228192874072,0.0015153281268213078,0.00029140925515794383,0.0067412674359871,0.0015153281268213078,0.0006022457939930839,0.002758674282161868,0.00029140925515794383,,0.03219100905311419,,,0.0009130823328282239,,,0.20761938065819638,0.0039825931538252325,0.6243734701014104,,0.0006022457939930839,0.00029140925515794383
,,0.00029140925515794383,,,,0.0005828185103158877,,0.0005828185103158877,0.00029140925515794383,0.0005828185103158877,0.00029140925515794383,,0.002370128608617943,,,0.00029140925515794383,0.0014764735594669154,0.00565333955006411,,0.0017873100983020554,,0.00029140925515794383,0.0005828185103158877,,0.0008936550491510277,,,,,,,,,,0.002370128608617943,,0.00029140925515794383,,,0.004468275245755138,0.00029140925515794383,,0.00029140925515794383,0.0008936550491510277,0.0017873100983020554,,0.0014764735594669154,,,,,0.01699887321754672,,0.011034697128647472,0.0008936550491510277,0.061195943583168204,0.0008936550491510277,0.0008936550491510277,0.007751486187201306,,0.0005828185103158877,0.0020787193534599993,,,0.023565295100439056,,,0.00029140925515794383,0.0005828185103158877,,0.20149978629987955,0.0017873100983020554,0.6409255157943816,0.00029140925515794383,0.0008936550491510277,
,0.00029140925515794383,0.0005828185103158877,,0.00029140925515794383,,0.00029140925515794383,,,0.0005828185103158877,0.00029140925515794383,,,0.003516338345572522,,0.00029140925515794383,0.00029140925515794383,0.004390566111046354,0.004390566111046354,,0.0005828185103158877,,,0.001457046275789719,,0.00029140925515794383,,,,,,,,,,0.0029335198352566346,,,,,0.004099156855888409,,,0.0005828185103158877,,0.001457046275789719,,0.0008742277654738314,,,0.001457046275789719,,0.021700275867428218,0.0005828185103158877,0.017309709756381863,0.001748455530947663,0.06339122663869137,0.005264793876520185,0.0008742277654738314,0.0064498581808291565,0.00029140925515794383,0.00029140925515794383,0.003516338345572522,0.00029140925515794383,,0.023468158682053077,,0.00029140925515794383,,0.00029140925515794383,,0.21599253992306797,0.004390566111046354,0.6040331040913859,,0.0008742277654738314,
,0.00029140925515794383,0.0006022457939930839,,0.00029140925515794383,0.00029140925515794383,0.00029140925515794383,,0.0018067373819792517,,0.0033220655088005593,0.0008936550491510277,,0.0036329020476356996,,,,0.0027198197148074754,0.004235147841628784,0.0006022457939930839,0.0018067373819792517,,,0.0018067373819792517,,0.0015153281268213078,,,,,,,,,,0.0018067373819792517,,,,,0.006061312507285231,,,0.00029140925515794383,,0.004545984380463924,,,0.00029140925515794383,,0.0018067373819792517,0.0006022457939930839,0.015755527062206162,0.00029140925515794383,0.023351594979989898,0.0008936550491510277,0.06397404514900727,0.0018067373819792517,0.0006022457939930839,0.006663558301278316,0.0008936550491510277,,0.0024089831759723356,0.00029140925515794383,,0.030015153281268213,0.0006022457939930839,0.0018067373819792517,,,,0.2914481097252982,0.0069743948401134554,0.5118117884757354,,0.0008936550491510277,
0.0006022457939930839,,0.00029140925515794383,,0.0008936550491510277,,,,0.0008936550491510277,0.00029140925515794383,0.00029140925515794383,,,0.0027003924311302793,,,,0.0008936550491510277,0.0020981466371371954,0.0012044915879861678,0.0008936550491510277,,,0.0014959008431441117,0.00029140925515794383,0.0020981466371371954,,,,,,,,,,0.0018067373819792517,,0.00029140925515794383,,,0.0027003924311302793,0.00029140925515794383,,,,0.0014959008431441117,,,,0.00029140925515794383,0.0014959008431441117,0.0006022457939930839,0.010859851575552706,,0.011170688114387846,0.0006022457939930839,0.04711116291720092,0.0014959008431441117,0.0006022457939930839,0.00845086839958037,0.0012044915879861678,,0.0008936550491510277,0.00029140925515794383,,0.019019310719975133,,0.00029140925515794383,,,,0.19938221237906517,0.006041885223608035,0.6677740218362668,,0.0006022457939930839,0.00029140925515794383
,,,,0.0005828185103158877,,0.0005828185103158877,0.00029140925515794383,0.0005828185103158877,0.0011850643043089715,0.0008936550491510277,0.00029140925515794383,,0.0020981466371371954,,,0.00029140925515794383,0.0020981466371371954,0.0029918016862882234,0.00029140925515794383,0.0017873100983020554,,,0.0027003924311302793,,0.0020981466371371954,,,,,,,,,,0.0020981466371371954,,,,0.00029140925515794383,0.003283210941446167,0.0011850643043089715,,,,0.003885456735439251,0.00029140925515794383,0.0020981466371371954,0.0011850643043089715,0.00029140925515794383,0.0017873100983020554,0.00029140925515794383,0.00959707813653495,,0.00928624159769981,0.0011850643043089715,0.053716439367447646,0.0014959008431441117,0.0005828185103158877,0.007498931499397754,0.0011850643043089715,,0.0008936550491510277,,,0.025799432723316626,,,0.00029140925515794383,,,0.2043750242841046,0.0029918016862882234,0.6450635272176244,,0.00029140925515794383,0.00029140925515794383
,,0.0014959008431441117,,,,0.0020981466371371954,,0.0008936550491510277,0.0018067373819792517,,,,0.0020981466371371954,,,0.00029140925515794383,0.0036134747639585034,0.004817966351944671,,0.0024089831759723356,,,0.0008936550491510277,,0.0006022457939930839,,,,,,,,,,0.0018067373819792517,,,,,0.005420212145937755,0.0006022457939930839,,,0.0018067373819792517,0.005711621401095698,,0.0012044915879861678,,,0.0008936550491510277,0.00029140925515794383,0.01385165326184093,,0.007829195321910091,0.0008936550491510277,0.07083187628705755,0.0020981466371371954,0.0014959008431441117,0.009344523448731398,0.0006022457939930839,,0.0012044915879861678,,,0.026829078758208027,,,,,,0.20829933558689823,0.0027003924311302793,0.6143684190076544,,0.0006022457939930839,0.00029140925515794383
,,0.0008742277654738314,,0.00029140925515794383,,0.0011656370206317753,,0.0005828185103158877,0.00029140925515794383,,0.0008742277654738314,,0.0011656370206317753,,0.00029140925515794383,0.00029140925515794383,0.002059292069782803,0.0035357656292497185,,0.0014764735594669154,,,0.0014764735594669154,,0.0005828185103158877,,,,,,0.00029140925515794383,,,,0.002059292069782803,,,,0.00029140925515794383,0.002059292069782803,,,,0.0017678828146248592,0.0017678828146248592,,0.0014764735594669154,,,0.00029140925515794383,,0.015075572133504293,0.00029140925515794383,0.00798461359132766,0.002059292069782803,0.05532890391265493,0.005012239188716633,0.00029140925515794383,0.0076932043361697166,0.002350701324940747,0.00029140925515794383,0.0008742277654738314,0.00029140925515794383,,0.022185957959358123,,,,0.00029140925515794383,,0.16095504526557097,0.002661537863775887,0.6896491432567898,,0.0008742277654738314,0.0008742277654738314
,,0.0008936550491510277,,,,0.0020787193534599993,,0.00029140925515794383,0.0017873100983020554,0.00029140925515794383,,,0.0020787193534599993,,,0.0005828185103158877,0.0014764735594669154,0.009538796285503361,,0.00029140925515794383,,,0.0011850643043089715,,0.0005828185103158877,,,,,,,,,,0.003866029451762055,,,,0.00029140925515794383,0.0035746201966041107,,,,0.0011850643043089715,0.004468275245755138,0.00029140925515794383,0.0005828185103158877,0.00029140925515794383,0.0005828185103158877,0.0005828185103158877,0.0005828185103158877,0.014900726580409527,0.0005828185103158877,0.016688036678711583,0.0020787193534599993,0.07007421222364689,0.0050510937560710265,0.0005828185103158877,0.0071492403932082215,0.0005828185103158877,,0.0008936550491510277,,,0.02743132455220111,,,,0.00029140925515794383,,0.1923689629715973,0.002370128608617943,0.6203908769475852,,0.0008936550491510277,0.00029140925515794383
,,0.0012044915879861678,,,,0.0006022457939930839,,,0.0024284104596495317,0.00029140925515794383,,,0.003341492792477756,,0.0006022457939930839,0.00029140925515794383,0.003943738586470839,0.005478493996969344,,0.00456541166414112,,,0.0009130823328282239,,0.0009130823328282239,,,,,,,,,0.00029140925515794383,0.0036523293313128957,,,,0.00029140925515794383,0.00425457512530598,0.0006022457939930839,,,0.0009130823328282239,0.005478493996969344,,0.00029140925515794383,,0.00029140925515794383,0.0009130823328282239,0.0012044915879861678,0.01857248319539962,0.0012044915879861678,0.02375956793721102,0.0009130823328282239,0.06976337568481175,0.006702412868632708,0.0009130823328282239,0.010354742199945604,0.0006022457939930839,,0.0012044915879861678,0.00029140925515794383,,0.025585732602867468,,,,0.0006022457939930839,,0.23914986206628588,0.002117573920814392,0.552162256673272,,0.0024284104596495317,0.0009130823328282239
,,0.0006216730776702801,,,,0.00031083653883514007,,0.0006216730776702801,0.001903873800365233,0.0025449741617127094,,,0.001903873800365233,,0.00031083653883514007,0.00031083653883514007,0.002214710339200373,0.004779111784590279,,0.0031860745230601856,,,0.001903873800365233,0.00031083653883514007,0.00031083653883514007,,,,,,,,,0.00031083653883514007,0.004138011423242802,,,,0.00031083653883514007,0.006372149046120371,0.0006216730776702801,,,,0.0031860745230601856,,0.00031083653883514007,0.00031083653883514007,,0.0025449741617127094,0.00031083653883514007,0.015619536076465788,0.0012627734390177566,0.02805299762987139,0.001903873800365233,0.050044682752457555,0.006682985584955512,0.001903873800365233,0.01593037261530093,0.0006216730776702801,,0.0006216730776702801,0.00031083653883514007,,0.029004934530054007,0.0015930372615300928,0.0009519369001826165,,,,0.24293818238333917,0.005089948323425419,0.5556008858841357,,0.002214710339200373,
,,0.0006022457939930839,,,,0.00029140925515794383,,,0.0009130823328282239,0.002758674282161868,,,0.002758674282161868,,0.00029140925515794383,0.00029140925515794383,0.001223918871663364,0.0024672650270039244,,0.002156428488168784,,,0.0015347554104985042,,0.00029140925515794383,,,,,,,,,0.00029140925515794383,0.004312856976337568,,,,,0.0030695108209970083,,,,,0.0009130823328282239,,0.0006022457939930839,0.0006022457939930839,,0.0015347554104985042,,0.009869060108015698,,0.010490733185685977,0.0009130823328282239,0.05709678672727979,0.003380347359832148,0.0006022457939930839,0.008625713952675137,0.0015347554104985042,,0.0006022457939930839,0.00029140925515794383,,0.016046936317364105,0.00029140925515794383,0.00029140925515794383,,,,0.1623538096903291,0.004623693515172708,0.6951664918211136,,0.0009130823328282239,
,,0.0009130823328282239,,,,0.0006022457939930839,,0.001223918871663364,,,,,0.001223918871663364,,0.0009130823328282239,0.00029140925515794383,0.0030695108209970083,0.006469285464506353,,0.00029140925515794383,,,0.0015347554104985042,,0.00029140925515794383,,,,,,,,,,0.0030695108209970083,,,,,0.0030695108209970083,,,,,0.0036911838986672884,0.00029140925515794383,0.001223918871663364,,,0.0006022457939930839,0.00029140925515794383,0.02469207755371644,,0.011112406263356257,0.0015347554104985042,0.06607219178614446,0.002156428488168784,0.00029140925515794383,0.009247387030345416,0.00029140925515794383,,0.0009130823328282239,,,0.021603139449042234,,,0.0006022457939930839,,,0.18554998640090142,0.001223918871663364,0.644131017601119,,0.0009130823328282239,0.0006022457939930839
,,0.0006216730776702801,,,,0.00031083653883514007,,0.0015930372615300928,,,,,0.002234137622877569,,0.00031083653883514007,0.00031083653883514007,0.003496911061895326,0.004779111784590279,,0.0015930372615300928,,,0.0012627734390177566,,0.0006216730776702801,,,,,,0.00031083653883514007,,,,0.003496911061895326,,,,,0.0031860745230601856,,,,,0.004138011423242802,,0.002234137622877569,,,0.0009519369001826165,,0.016921164082837937,,0.008936550491510277,0.0012627734390177566,0.08046780899094688,0.0009519369001826165,,0.007654349768815324,0.0006216730776702801,,0.002855810700547849,,,0.02203053968994055,,0.00031083653883514007,0.00031083653883514007,0.00031083653883514007,,0.16540389322764892,0.0006216730776702801,0.6586237712243074,,0.0009519369001826165,0.00031083653883514007
,,,,,,0.0009325096165054202,,0.0015736099778528966,0.00031083653883514007,0.0006216730776702801,0.0006216730776702801,,0.0018844465166880367,,0.0009325096165054202,0.00031083653883514007,0.002195283055523177,0.003458056494540933,,0.0006216730776702801,,,0.0015736099778528966,,0.0006216730776702801,0.00031083653883514007,,,,,0.00031083653883514007,,,0.00031083653883514007,0.0025255468780355133,,,,,0.0018844465166880367,,,,0.0012627734390177566,0.002195283055523177,,0.0012627734390177566,,,0.0006216730776702801,,0.016726891246065974,0.0009325096165054202,0.0050510937560710265,0.0037883203170532695,0.0653728095737654,0.002195283055523177,0.0009325096165054202,0.007576640634106539,0.0018844465166880367,,0.0009325096165054202,0.0006216730776702801,,0.026829078758208027,,,0.00031083653883514007,,,0.18380153086995377,0.0018844465166880367,0.6545051870847418,,,0.00031083653883514007
,,0.00031083653883514007,0.00031083653883514007,,,0.0012433461553405603,,0.0006216730776702801,0.00031083653883514007,,,,0.0025061195943583167,,,0.00031083653883514007,0.0025061195943583167,0.00472082993355869,0.00031083653883514007,0.0012433461553405603,,,0.00031083653883514007,,0.00031083653883514007,,,,,,,,,,0.002816956133193457,0.00031083653883514007,,,,0.002816956133193457,,,,,0.003458056494540933,,0.0009325096165054202,,,0.0006216730776702801,,0.02422582274546373,,0.011326106383805417,0.0012433461553405603,0.07019077592571006,0.0012433461553405603,0.0009325096165054202,0.011015269844970275,0.0012433461553405603,,0.0012433461553405603,0.00031083653883514007,,0.028946652679022418,0.00031083653883514007,0.00031083653883514007,,,,0.20116952247736722,0.0012433461553405603,0.6181373120410304,,0.00031083653883514007,0.0006216730776702801
,,,0.0006216730776702801,,0.00031083653883514007,0.0006216730776702801,0.00031083653883514007,0.0015736099778528966,,0.0006216730776702801,,,0.00565333955006411,,,0.00031083653883514007,0.003458056494540933,0.0050316664723938295,0.0009325096165054202,0.0006216730776702801,,,0.006916112989081866,,0.0009325096165054202,0.00031083653883514007,,,,,,,,,0.006916112989081866,,,,,0.004079729572211213,0.00031083653883514007,,0.00031083653883514007,,0.003458056494540933,,0.0018844465166880367,,,0.0018844465166880367,0.00031083653883514007,0.021078602789757934,,0.016979445933869526,0.0009325096165054202,0.07553327893693904,0.0009325096165054202,0.0025061195943583167,0.009111396044605043,0.0006216730776702801,0.0018844465166880367,0.0012433461553405603,0.0006216730776702801,,0.03366748261258111,,0.00031083653883514007,0.0009325096165054202,0.00031083653883514007,,0.28358005983603374,0.004079729572211213,0.49642537980339585,,0.0012433461553405603,0.0006216730776702801
0.0011656370206317753,,,,,,0.0004662548082527101,0.00023312740412635504,,,0.0006993822123790652,,,0.006993822123790652,,,0.00023312740412635504,0.0030306562536426157,0.0037300384660216806,0.0013987644247581304,0.004662548082527101,,,,,0.0004662548082527101,,,,,,0.00023312740412635504,,,,0.005128802890779811,0.00023312740412635504,,,0.0006993822123790652,0.0020981466371371954,0.0006993822123790652,,,,0.004196293274274391,,,0.0006993822123790652,,0.0025644014453899055,0.00023312740412635504,0.013987644247581303,,0.01841706492598205,0.0025644014453899055,0.0622450169017368,0.004429420678400746,0.0025644014453899055,0.003496911061895326,0.0009325096165054202,,0.00023312740412635504,,,0.0254108870497727,0.0004662548082527101,0.0004662548082527101,0.0009325096165054202,0.00023312740412635504,0.00023312740412635504,0.24711504837393636,0.004429420678400746,0.5715118312157594,0.0004662548082527101,,
0.0006993822123790652,,0.0006993822123790652,0.00023312740412635504,0.00023312740412635504,,0.00023312740412635504,,0.0006993822123790652,,0.0004662548082527101,0.00023312740412635504,,0.005692194117418502,,,0.00023312740412635504,0.0009325096165054202,0.002117573920814392,0.0006993822123790652,0.0030695108209970083,,,0.0004662548082527101,0.00023312740412635504,0.00023312740412635504,,,,,0.0004662548082527101,,,,,0.0016513191125616816,0.00023312740412635504,,,,0.0011850643043089715,0.0006993822123790652,,,,0.0011850643043089715,,,0.00023312740412635504,,0.003302638225123363,0.00023312740412635504,0.013268834751525042,,0.009247387030345416,0.0009325096165054202,0.03937910401367681,0.002603256012744298,0.0009325096165054202,0.002836383416870653,0.0009325096165054202,0.00023312740412635504,0.0004662548082527101,,,0.022535649065547655,0.0004662548082527101,0.00023312740412635504,0.00023312740412635504,0.00023312740412635504,0.00023312740412635504,0.13925476939814274,0.002603256012744298,0.7365466060535416,0.00023312740412635504,,0.00023312740412635504
,,,,,,0.00044682752457551384,0.0002137001204491588,0.00044682752457551384,,0.0017873100983020554,0.0002137001204491588,,0.0015736099778528966,,,,0.0024672650270039244,0.004953957337685045,0.0002137001204491588,0.0011073551696001865,,,,,0.00044682752457551384,,,,0.0002137001204491588,,0.00044682752457551384,,0.0002137001204491588,,0.0013404825737265416,,,,,0.0002137001204491588,0.00044682752457551384,0.0002137001204491588,,,0.002914092551579438,,0.0006605276450246726,0.0002137001204491588,,0.002234137622877569,,0.015988654466332516,,0.008548004817966352,0.0015736099778528966,0.05855383300306951,0.0024672650270039244,0.0008936550491510277,0.0031472199557057933,0.0006605276450246726,0.0006605276450246726,0.0002137001204491588,,,0.018689046897462796,0.0006605276450246726,0.0002137001204491588,,,0.0002137001204491588,0.17770136379531415,0.0020204375024284104,0.6841706492598205,0.0002137001204491588,0.0002137001204491588,0.0002137001204491588
,,,,0.00023312740412635504,,0.0007188094960562614,,0.0004662548082527101,,0.0014376189921125229,,,0.0007188094960562614,,,,0.003360920076154952,0.003360920076154952,,0.00023312740412635504,,,0.00023312740412635504,0.0007188094960562614,0.0007188094960562614,,,,,,0.0004662548082527101,,,,0.0014376189921125229,,,0.00023312740412635504,,0.0024089831759723356,,0.00023312740412635504,,,0.0038466021680848583,,0.0014376189921125229,0.00023312740412635504,,0.0014376189921125229,,0.021700275867428218,,0.013249407467847845,0.0004662548082527101,0.059097796946031005,0.0019233010840424291,0.001670746396238878,0.006022457939930839,0.0007188094960562614,0.0007188094960562614,0.00023312740412635504,,,0.019776974783385786,,0.00023312740412635504,,,0.0004662548082527101,0.17754594552589656,0.0019233010840424291,0.6698527411897268,0.00023312740412635504,0.00023312740412635504,
,,0.00023312740412635504,,0.00048568209192990637,,0.00023312740412635504,,0.00023312740412635504,0.00023312740412635504,0.00023312740412635504,,,0.0009907914675370089,,,,0.001748455530947663,0.0022535649065547657,,0.00023312740412635504,,,0.00023312740412635504,0.00023312740412635504,0.00023312740412635504,,,,,0.00023312740412635504,0.00048568209192990637,,,,0.00048568209192990637,,,0.00023312740412635504,0.00023312740412635504,0.00023312740412635504,0.00023312740412635504,,,,0.0007382367797334577,0.00023312740412635504,,0.00023312740412635504,,0.0007382367797334577,,0.009558223569180558,,0.006022457939930839,0.0007382367797334577,0.029684889458755876,0.001748455530947663,0.0009907914675370089,0.003516338345572522,0.00023312740412635504,0.00023312740412635504,,,,0.010801569724521117,,,,,,0.07949644480708708,0.0007382367797334577,0.8445817305824299,,,
,,,,,,,,0.0005245366592842988,0.0002525546878035513,0.0005245366592842988,0.0005245366592842988,,0.005692194117418502,,,,0.0037883203170532695,0.002156428488168784,0.0002525546878035513,0.0007965186307650464,,,0.0005245366592842988,0.0002525546878035513,0.0007965186307650464,,,,,,0.001068500602245794,,,,0.0037883203170532695,,,0.0005245366592842988,0.0002525546878035513,0.0016124645452072891,0.0002525546878035513,,,,0.0013404825737265416,,,0.0005245366592842988,0.0002525546878035513,0.001068500602245794,,0.010296460348914014,,0.012472316120759995,0.002972374402611027,0.056164277110774374,0.0018844465166880367,0.001068500602245794,0.0043322842600147645,0.0013404825737265416,0.0002525546878035513,0.0002525546878035513,0.0002525546878035513,,0.02034036601002448,,0.0002525546878035513,0.0005245366592842988,,,0.17041613241636555,0.0032443563740917744,0.6869098962583051,0.0002525546878035513,,
,,,,0.0009713641838598127,,,,0.0017096009635932704,0.0009713641838598127,0.00023312740412635504,0.00048568209192990637,,0.007576640634106539,,,0.00023312740412635504,0.005128802890779811,0.0041574387069199985,0.00023312740412635504,0.003419201927186541,,,0.00023312740412635504,0.00023312740412635504,0.0012044915879861678,,,,,,0.0009713641838598127,,,,0.002680965147453083,,,0.00023312740412635504,0.00023312740412635504,0.003419201927186541,0.0007188094960562614,,,,0.0029335198352566346,0.0007188094960562614,,0.00048568209192990637,0.00048568209192990637,0.001457046275789719,,0.020048956754866534,0.00048568209192990637,0.019563274662936628,0.001457046275789719,0.07609667016357773,0.0031666472393829894,0.0031666472393829894,0.0061001670746396236,0.0009713641838598127,,0.0009713641838598127,0.00023312740412635504,,0.024711504837393636,,0.00023312740412635504,0.00048568209192990637,,,0.22168473404048647,0.006352721762443175,0.5729105956405176,0.00023312740412635504,,
0.00023312740412635504,,0.0006993822123790652,,0.0006993822123790652,,0.0004662548082527101,,0.0018844465166880367,0.0011656370206317753,0.0009325096165054202,,,0.0073240859463029875,0.00023312740412635504,0.0006993822123790652,0.0004662548082527101,0.0051870847418114,0.00472082993355869,0.00023312740412635504,0.0035357656292497185,,,0.0009325096165054202,0.00023312740412635504,0.00023312740412635504,,,,,,,,,,0.006372149046120371,,,0.0009325096165054202,0.0004662548082527101,0.0025838287290671016,0.0006993822123790652,,,,0.002836383416870653,0.0004662548082527101,0.00023312740412635504,0.0004662548082527101,0.0006993822123790652,0.006139021641994017,0.0004662548082527101,0.015833236196914947,0.0004662548082527101,0.019369001826164665,0.002836383416870653,0.05363873023273886,0.004953957337685045,0.0011656370206317753,0.006372149046120371,0.0011656370206317753,,0.0018844465166880367,,,0.026945642460271205,,0.0018844465166880367,0.0004662548082527101,,,0.25195244200955824,0.008256595562808408,0.5505692194117419,,,
0.00023312740412635504,0.00023312740412635504,0.0004662548082527101,,0.0011656370206317753,,,,0.0013987644247581304,0.0004662548082527101,,,,0.004701402649881494,0.00023312740412635504,,0.0006993822123790652,0.0006993822123790652,0.002816956133193457,,0.0020981466371371954,,,,0.00023312740412635504,0.00023312740412635504,0.00023312740412635504,,,0.00023312740412635504,,,,,,0.004934530054007849,0.00023312740412635504,,,0.0004662548082527101,0.0018650192330108403,0.0004662548082527101,,,,0.0020981466371371954,,,0.00023312740412635504,0.0004662548082527101,0.0004662548082527101,0.0006993822123790652,0.0124528888370828,,0.01105412441232467,0.0020981466371371954,0.040214477211796246,0.0018650192330108403,0.0004662548082527101,0.004215720557951587,0.0013987644247581304,,0.0006993822123790652,,,0.018805610599525974,,0.00023312740412635504,0.00023312740412635504,0.0004662548082527101,,0.14277110774371526,0.0039825931538252325,0.7307378482340599,0.00023312740412635504,,
,,0.0004662548082527101,,0.0009519369001826165,0.00023312740412635504,0.00023312740412635504,,0.0011850643043089715,0.0011850643043089715,0.0004662548082527101,,,0.0009519369001826165,,,0.00023312740412635504,0.002855810700547849,0.004545984380463924,,0.0011850643043089715,,,0.0006993822123790652,0.0004662548082527101,0.0004662548082527101,,,,,,,,,,0.0011850643043089715,0.00023312740412635504,,,0.00023312740412635504,0.0006993822123790652,0.0009519369001826165,,,0.0004662548082527101,0.004293429692660372,,,0.00023312740412635504,,0.0011850643043089715,0.00023312740412635504,0.019369001826164665,0.0004662548082527101,0.01124839724909663,0.0004662548082527101,0.05647511364960951,0.0035746201966041107,0.00023312740412635504,0.0031083653883514006,0.0004662548082527101,0.00023312740412635504,0.0006993822123790652,,,0.02034036601002448,,,0.00023312740412635504,0.00023312740412635504,,0.17830360958930722,0.002855810700547849,0.6756226444418542,0.00023312740412635504,,
0.0005439639429614951,,0.0005439639429614951,,,,0.00027198197148074754,,0.0008159459144422427,0.0008159459144422427,0.0005439639429614951,,,0.0024672650270039244,0.00027198197148074754,,,0.004118584139565606,0.006605276450246726,,0.00027198197148074754,,,,,0.0008159459144422427,,,,,,,,,,0.002739246998484672,,0.00027198197148074754,0.00027198197148074754,,0.0005439639429614951,0.0005439639429614951,,0.00027198197148074754,,0.0030306562536426157,,,0.00027198197148074754,,0.0005439639429614951,0.00027198197148074754,0.020107238605898123,0.00027198197148074754,0.011015269844970275,0.00027198197148074754,0.06418774526945642,0.0038466021680848583,0.0013599098574037377,0.004118584139565606,,,,,,0.02313789485954074,,,0.0005439639429614951,0.0005439639429614951,,0.18733729649920347,0.003302638225123363,0.6528344406885029,0.00027198197148074754,,
,,,,0.0002525546878035513,,0.0005245366592842988,,0.0010490733185685977,0.0005245366592842988,0.0010490733185685977,0.0002525546878035513,,0.0018455919493336442,,0.0010490733185685977,,0.002661537863775887,0.0039825931538252325,,0.0002525546878035513,0.0005245366592842988,,0.0010490733185685977,0.0002525546878035513,0.0005245366592842988,,,,,,,,,,0.0007965186307650464,,,,,0.0005245366592842988,,,0.0005245366592842988,,0.0010490733185685977,,,0.0007965186307650464,,0.0005245366592842988,,0.019155301705715506,0.0007965186307650464,0.008781132222092708,0.0013210552900493452,0.05431868516144073,0.0031860745230601856,0.0007965186307650464,0.0031860745230601856,0.0007965186307650464,,,0.0002525546878035513,,0.022632785483933635,,0.0005245366592842988,0.0005245366592842988,,0.0002525546878035513,0.17146520573493415,0.003458056494540933,0.6885417880871896,,,
,,0.00023312740412635504,,,,0.00023312740412635504,,0.002234137622877569,0.00023312740412635504,0.0017290282472704665,,,0.002739246998484672,,,,0.0024866923106811206,0.0024866923106811206,,0.0014959008431441117,,,0.0007382367797334577,,0.0009907914675370089,,,,,,,,,,0.0034774837782181297,,,,0.00023312740412635504,0.0012433461553405603,0.00023312740412635504,,,,0.0029918016862882234,,,0.00023312740412635504,,0.0012433461553405603,,0.016979445933869526,,0.009733069122275324,0.0019815829350740177,0.06616932820453045,0.0034774837782181297,0.00048568209192990637,0.0052259393091657926,0.0014959008431441117,,0.00048568209192990637,,,0.019718692932354197,,,0.00023312740412635504,,,0.17455414383960835,0.0044877025294323344,0.6694836227998602,0.00023312740412635504,,
0.00023312740412635504,,0.00023312740412635504,,0.0009713641838598127,,0.00048568209192990637,,0.0019621556513968216,0.00023312740412635504,0.0019621556513968216,,,0.0036717566149900922,,0.00048568209192990637,,0.004176865990597195,0.00440999339472355,0.00023312740412635504,0.003924311302793643,,,0.002447837743326728,0.0007188094960562614,0.0019621556513968216,0.00023312740412635504,0.00048568209192990637,,,,,,,,0.004176865990597195,0.0007188094960562614,,0.00048568209192990637,,0.0029335198352566346,,0.0009713641838598127,,,0.0029335198352566346,0.00048568209192990637,,0.0007188094960562614,,0.002195283055523177,0.001457046275789719,0.02164199401639663,,0.020165520456929712,0.0009713641838598127,0.07357112328554222,0.003438629210863737,0.001457046275789719,0.005148230174457007,0.00023312740412635504,,0.00440999339472355,,,0.02360414966779345,0.00023312740412635504,,0.00023312740412635504,0.00023312740412635504,,0.2162839491782259,0.004176865990597195,0.5782919532191009,,,
0.0009907914675370089,,0.00048568209192990637,,0.0012433461553405603,,,,0.0032443563740917744,0.0014959008431441117,0.0007382367797334577,,,0.006488712748183549,,0.0007382367797334577,0.00048568209192990637,0.002739246998484672,0.0037300384660216806,,0.009227959746668221,,,0.0012433461553405603,0.0017290282472704665,0.0014959008431441117,0.00048568209192990637,,,,,,,,,0.006236158060379997,0.00048568209192990637,,0.00023312740412635504,,0.0014959008431441117,0.00048568209192990637,0.0009907914675370089,,,0.0034774837782181297,0.0007382367797334577,,0.00048568209192990637,0.0014959008431441117,0.0017290282472704665,0.0007382367797334577,0.016221781870458873,,0.025954850992734195,0.00048568209192990637,0.06838403854373082,0.0034774837782181297,0.0012433461553405603,0.008470295683257568,0.00048568209192990637,,0.002739246998484672,,,0.03044255352216653,,0.00023312740412635504,0.0007382367797334577,,,0.24633795702684852,0.0032443563740917744,0.5363873023273886,,,
0.00048568209192990637,,0.0012433461553405603,,0.0007382367797334577,,0.0009907914675370089,,0.002758674282161868,,0.0007382367797334577,,,0.0009907914675370089,,0.0007382367797334577,0.0009907914675370089,0.0020010102187512143,0.0014959008431441117,0.00023312740412635504,0.004779111784590279,,,0.001748455530947663,,0.0012433461553405603,,,,,,,,,,0.004779111784590279,0.0007382367797334577,,0.00023312740412635504,,0.0012433461553405603,,,,,0.001748455530947663,,,0.00023312740412635504,0.00023312740412635504,0.003263783657768971,0.00023312740412635504,0.010820997008198314,,0.012588879822823173,0.0014959008431441117,0.043808524692077556,0.004274002408983176,0.00048568209192990637,0.006527567315537942,0.0007382367797334577,0.00048568209192990637,0.0022535649065547657,,,0.019116447138361116,,0.00048568209192990637,0.00023312740412635504,,,0.17094066907564984,0.005789330535804484,0.6860745230601857,,,
,,0.001301628006372149,,,,,,0.002350701324940747,0.0005051093756071026,0.0005051093756071026,,,0.002603256012744298,,0.0010296460348914016,0.0002525546878035513,0.0028752379842250458,0.0052259393091657926,,0.0018261646656564478,0.0002525546878035513,,0.0002525546878035513,,0.001301628006372149,,,,,,,,,,0.004176865990597195,,,0.0002525546878035513,,0.0015541826941757003,0.0005051093756071026,0.0005051093756071026,,,0.002603256012744298,,,0.0005051093756071026,,0.0020787193534599993,0.0002525546878035513,0.01519213583556747,0.0005051093756071026,0.01099584256129308,0.0010296460348914016,0.05585344057193923,0.0033997746435093447,0.0007770913470878502,0.004448847962077942,0.0002525546878035513,,,,,0.0249057776741656,,0.0007770913470878502,,,,0.19695380191941564,0.0028752379842250458,0.6485604382795197,,0.0002525546878035513,0.0005051093756071026
,,0.00027198197148074754,,,,0.00027198197148074754,,0.0020204375024284104,0.00027198197148074754,0.00027198197148074754,0.00027198197148074754,,0.0031666472393829894,,,,0.004040875004856821,0.0066247037339239225,,0.0017290282472704665,,,,0.0008548004817966352,0.0008548004817966352,,,,,,0.0005633912266386914,0.00027198197148074754,,,0.003749465749698877,,,,,0.0025838287290671016,0.00027198197148074754,,,,0.004312856976337568,,0.0005633912266386914,0.001146209736954579,,0.001146209736954579,,0.018183937521855695,0.00027198197148074754,0.014143062516998874,0.0005633912266386914,0.060030306562536426,0.001146209736954579,0.0017290282472704665,0.004312856976337568,0.0005633912266386914,,0.00027198197148074754,,,0.019621556513968217,,0.0005633912266386914,,,,0.18387924000466255,0.003458056494540933,0.6554571239849244,,0.00027198197148074754,0.00027198197148074754
,,0.0010296460348914016,,,,0.0002525546878035513,0.0002525546878035513,0.0012822007226949528,0.0007770913470878502,,0.0005051093756071026,,0.0020787193534599993,,,0.0002525546878035513,0.0023312740412635507,0.0041574387069199985,,0.0010296460348914016,,,,0.0010296460348914016,,,,,,,0.0010296460348914016,0.0002525546878035513,,0.0002525546878035513,0.0002525546878035513,,,0.0002525546878035513,,0.0007770913470878502,0.0002525546878035513,,,,0.0025838287290671016,0.0005051093756071026,0.0007770913470878502,0.0002525546878035513,,0.0020787193534599993,,0.01457046275789719,0.0007770913470878502,0.009363950732408595,0.003885456735439251,0.052298247659012316,0.003380347359832148,0.0012822007226949528,0.002855810700547849,0.0020787193534599993,,0.0007770913470878502,,,0.01767882814624859,0.0007770913470878502,,0.0002525546878035513,0.0002525546878035513,,0.17669114504409994,0.0015541826941757003,0.6859968139254768,,0.0012822007226949528,
,,0.0009907914675370089,,0.00023312740412635504,,0.00048568209192990637,,0.0007382367797334577,0.00048568209192990637,0.0014959008431441117,,,0.0019815829350740177,,0.0017290282472704665,0.00023312740412635504,0.0032443563740917744,0.006236158060379997,,0.0017290282472704665,0.00023312740412635504,,0.0007382367797334577,0.0012433461553405603,0.00023312740412635504,,,,,,0.00023312740412635504,,,,0.0012433461553405603,0.00048568209192990637,,0.00023312740412635504,,0.0029918016862882234,0.002234137622877569,0.00023312740412635504,,,0.004992811905039437,,,0.00048568209192990637,,0.002234137622877569,0.0012433461553405603,0.017465128025799432,,0.019213583556747096,0.0009907914675370089,0.06465400007770913,0.0029918016862882234,0.0019815829350740177,0.004740257217235886,0.0012433461553405603,,0.0009907914675370089,,,0.019718692932354197,0.00023312740412635504,,,,,0.2012083770447216,0.0039825931538252325,0.6214788048335083,,0.00023312740412635504,0.00023312740412635504
0.0007576640634106539,,,,0.0002525546878035513,0.0002525546878035513,0.0007576640634106539,,0.0010102187512142052,0.0005051093756071026,0.002292419473909158,,,0.005361930294906166,,0.002292419473909158,,0.002816956133193457,0.006644131017601119,,0.002292419473909158,,,,0.0015347554104985042,,,,,,,0.0005051093756071026,0.0007576640634106539,,,0.0015347554104985042,0.0015347554104985042,0.0002525546878035513,,,0.0012627734390177566,,,,,0.004351711543691961,0.0005051093756071026,,0.0005051093756071026,,0.002816956133193457,,0.02354586781676186,,0.016629754827679994,0.0015347554104985042,0.06657730116175156,0.0030695108209970083,0.0012627734390177566,0.007168667676885418,0.0030695108209970083,,,,,0.02407040447604616,,,,,,0.22999961145432646,0.0035746201966041107,0.5781948168007149,,0.0002525546878035513,0.0002525546878035513
0.0005051093756071026,,,,,0.0002525546878035513,0.0007576640634106539,,0.002272992190231962,0.0007576640634106539,0.0017678828146248592,,,0.01016046936317364,,0.0017678828146248592,0.0005051093756071026,0.0030500835373198118,0.004060302288534017,,0.00456541166414112,,,0.0010102187512142052,,,,,,,0.0005051093756071026,,0.0002525546878035513,,,0.0007576640634106539,,0.0005051093756071026,0.0002525546878035513,,0.0015153281268213078,,0.0002525546878035513,0.0002525546878035513,,0.0030500835373198118,0.0007576640634106539,,0.0002525546878035513,,0.0025255468780355133,0.0002525546878035513,0.02261335820025644,0.0005051093756071026,0.020573493414150833,0.005828185103158876,0.06861716594785718,0.003807747600730466,0.0027781015658390642,0.016513191125616816,0.002272992190231962,0.0007576640634106539,0.0007576640634106539,0.0002525546878035513,,0.01752340987683102,,0.0010102187512142052,,0.0005051093756071026,,0.2696895520068384,0.002272992190231962,0.520398647861056,,,0.0007576640634106539
0.0010102187512142052,0.0005051093756071026,,,,,0.0002525546878035513,,0.0015153281268213078,0.0005051093756071026,0.0002525546878035513,,,0.002797528849516261,,,0.0005051093756071026,0.0025449741617127094,0.0030500835373198118,,0.002797528849516261,,,0.0017873100983020554,,,0.0002525546878035513,,,,,,,,,,,,0.0002525546878035513,0.0005051093756071026,0.0012627734390177566,,,,0.0005051093756071026,0.0020398647861056066,0.0002525546878035513,0.0002525546878035513,0.0002525546878035513,,0.002797528849516261,0.0002525546878035513,0.010723860589812333,,0.013773944127132145,0.0010102187512142052,0.04341997901853363,0.0035746201966041107,0.0007576640634106539,0.0066247037339239225,0.002292419473909158,0.0005051093756071026,,0.0002525546878035513,,0.018630765046431207,,,,,0.0002525546878035513,0.14659828262812294,0.002292419473909158,0.7218790068772584,,0.0002525546878035513,0.0010102187512142052
0.00048568209192990637,,0.0007188094960562614,0.00023312740412635504,0.00023312740412635504,,,0.00023312740412635504,0.0019427283677196255,0.00048568209192990637,0.0009713641838598127,,,0.004623693515172708,0.00023312740412635504,,0.00023312740412635504,0.0021758557718459803,0.005109375607102615,,0.0012044915879861678,,,0.00023312740412635504,0.00023312740412635504,,,,,,,,,,,0.0021758557718459803,,,0.00023312740412635504,,0.0012044915879861678,0.0007188094960562614,,,,0.004138011423242802,,,0.00048568209192990637,,0.0012044915879861678,0.001690173679916074,0.017309709756381863,0.00023312740412635504,0.009014259626219063,0.00048568209192990637,0.06265298985895792,0.00048568209192990637,0.0007188094960562614,0.0031666472393829894,0.002680965147453083,,0.0007188094960562614,0.00023312740412635504,,0.024128686327077747,0.00048568209192990637,0.00023312740412635504,,0.00023312740412635504,,0.16625869370944554,0.002680965147453083,0.6763608812215876,,0.00023312740412635504,0.00048568209192990637
,,0.0006993822123790652,,0.00023312740412635504,,0.0004662548082527101,,0.00023312740412635504,0.0009325096165054202,0.002137001204491588,,,0.004274002408983176,,,,0.0018844465166880367,0.0045071298131095314,,0.0016513191125616816,,,0.0004662548082527101,0.00023312740412635504,,,,,,,,0.00023312740412635504,,,0.002603256012744298,,,,,0.0009325096165054202,0.0006993822123790652,,,,0.002603256012744298,,0.00023312740412635504,0.0004662548082527101,,0.0006993822123790652,0.0004662548082527101,0.01425962621906205,,0.008548004817966352,0.0006993822123790652,0.044721607024905775,0.0004662548082527101,0.0006993822123790652,0.005692194117418502,0.0016513191125616816,,,,,0.016882309515483546,,,,,,0.1441698721684734,0.0018844465166880367,0.7329719858569375,,0.0004662548082527101,0.00023312740412635504
0.0004662548082527101,,0.0004662548082527101,,0.0004662548082527101,0.00023312740412635504,0.0007188094960562614,,0.0004662548082527101,0.0004662548082527101,0.001690173679916074,0.00023312740412635504,,0.003380347359832148,,0.002156428488168784,,0.001690173679916074,0.005303648443874577,0.0009519369001826165,0.0019233010840424291,,,0.0012044915879861678,0.0004662548082527101,0.00023312740412635504,0.00023312740412635504,,,,,,,,,0.0009519369001826165,,,0.00023312740412635504,0.00023312740412635504,0.0007188094960562614,0.00023312740412635504,,,,0.0026421105800986905,,,0.0009519369001826165,,0.003380347359832148,0.0004662548082527101,0.017154291486964294,0.00023312740412635504,0.010141042079496445,0.0014376189921125229,0.062128453199673625,0.002156428488168784,0.0007188094960562614,0.003127792672028597,0.0012044915879861678,,,,,0.02053463884679644,0.00023312740412635504,0.00023312740412635504,,0.00023312740412635504,,0.181547965963399,0.003380347359832148,0.6627423553638729,,0.00023312740412635504,
,,0.00048568209192990637,,0.00023312740412635504,,0.00048568209192990637,,0.0027198197148074754,0.00023312740412635504,0.0007382367797334577,,,0.0034774837782181297,,0.0037300384660216806,,0.002972374402611027,0.010179896646850838,,0.0014764735594669154,,,0.00048568209192990637,,,,,,,,,,,,0.002972374402611027,0.00023312740412635504,,0.00023312740412635504,0.00023312740412635504,0.0014764735594669154,0.0007382367797334577,0.00023312740412635504,,0.00023312740412635504,0.0019815829350740177,0.00023312740412635504,,0.00023312740412635504,,0.0039631658701480355,0.00048568209192990637,0.024614368419007656,0.00023312740412635504,0.017892528266697752,0.0032249290904145782,0.06440144538990558,0.002234137622877569,0.0007382367797334577,0.0039631658701480355,0.0012433461553405603,,,,,0.024614368419007656,0.00023312740412635504,0.0014764735594669154,0.0007382367797334577,,,0.21235963787543224,0.004973384621362241,0.5965924544430198,,,
0.0005245366592842988,,0.0005245366592842988,,,,0.0005245366592842988,0.0005245366592842988,0.002914092551579438,0.0010490733185685977,0.002370128608617943,,,0.004759684500913082,,0.0015736099778528966,,0.0026421105800986905,0.0039631658701480355,0.0002525546878035513,0.004759684500913082,,,0.0007770913470878502,,0.0005245366592842988,,,,,,,,,,0.0026421105800986905,,,0.0002525546878035513,0.0005245366592842988,0.002914092551579438,0.0007770913470878502,0.0005245366592842988,,0.0005245366592842988,0.002117573920814392,,,0.0015736099778528966,0.0005245366592842988,0.0013210552900493452,0.0007770913470878502,0.020146093173252517,,0.035785056533395504,0.0013210552900493452,0.08219683723821736,0.0015736099778528966,0.0015736099778528966,0.003438629210863737,0.0026421105800986905,0.0005245366592842988,0.0005245366592842988,,,0.025702296304930646,0.0002525546878035513,,,,,0.23969382600924738,0.003438629210863737,0.5387768582196838,0.0002525546878035513,,
0.0007965186307650464,,0.0005245366592842988,,,0.0002525546878035513,,,0.00456541166414112,0.001068500602245794,0.0018650192330108403,0.0005245366592842988,,0.004817966351944671,,0.0007965186307650464,0.0002525546878035513,0.002680965147453083,0.006177876209348409,,0.005905894237867661,,,0.0007965186307650464,,,,,,,,,,,0.0002525546878035513,0.007246376811594203,0.0002525546878035513,,,0.0007965186307650464,0.004021447721179625,0.001068500602245794,0.0002525546878035513,,0.0002525546878035513,0.005089948323425419,,,0.0002525546878035513,0.0002525546878035513,0.003205501806737382,0.0002525546878035513,0.017717682713602984,0.0002525546878035513,0.060185724831953995,0.0013404825737265416,0.06984108481952053,0.002680965147453083,0.0024089831759723356,0.011539806504254575,0.0024089831759723356,,0.001068500602245794,,,0.024711504837393636,0.0002525546878035513,0.0013404825737265416,,0.0002525546878035513,,0.2880289077981117,0.004293429692660372,0.4574542487469403,,,
0.0006993822123790652,0.00023312740412635504,0.0009519369001826165,,0.0004662548082527101,,0.001903873800365233,0.00023312740412635504,0.004293429692660372,0.0006993822123790652,0.0011850643043089715,,,0.0035746201966041107,,0.0004662548082527101,0.0006993822123790652,0.0026226832964214943,0.002137001204491588,,0.004779111784590279,,,0.0011850643043089715,0.0004662548082527101,0.0004662548082527101,,,,,,,0.00023312740412635504,,0.0004662548082527101,0.001903873800365233,0.0004662548082527101,,,0.0011850643043089715,0.003341492792477756,0.0011850643043089715,0.00023312740412635504,,0.00023312740412635504,0.001670746396238878,0.00023312740412635504,0.00023312740412635504,0.00023312740412635504,0.0004662548082527101,0.0006993822123790652,0.0004662548082527101,0.010510160469363174,0.0004662548082527101,0.02271049461864242,0.001903873800365233,0.04590667132921475,0.0014181917084353265,0.0011850643043089715,0.002137001204491588,0.001903873800365233,0.0006993822123790652,0.00023312740412635504,,,0.016008081750009714,0.0006993822123790652,0.0004662548082527101,0.00023312740412635504,0.0004662548082527101,,0.17004701402649883,0.004293429692660372,0.6779344911994405,,0.0004662548082527101,
0.00023312740412635504,,0.0004662548082527101,,0.0004662548082527101,,0.0016513191125616816,0.00023312740412635504,,0.002350701324940747,0.0009325096165054202,,,0.0035357656292497185,,,0.00023312740412635504,0.002350701324940747,0.00472082993355869,0.00023312740412635504,0.0016513191125616816,,,0.0011656370206317753,0.0006993822123790652,0.0004662548082527101,,,,,,,,,,0.0016513191125616816,,0.00023312740412635504,0.0004662548082527101,,0.002117573920814392,0.0006993822123790652,,,,0.004953957337685045,,,,0.00023312740412635504,0.0009325096165054202,,0.014900726580409527,,0.009927341959047285,0.00023312740412635504,0.05631969538019194,0.0025838287290671016,0.0009325096165054202,0.0016513191125616816,0.002350701324940747,,0.00023312740412635504,,,0.024594941135330457,,,0.0004662548082527101,0.00023312740412635504,,0.18244162101255001,0.005439639429614951,0.6647822201499787,,0.00023312740412635504,
0.00023312740412635504,,0.0004662548082527101,0.00023312740412635504,0.0004662548082527101,,0.0004662548082527101,0.0004662548082527101,0.00023312740412635504,,0.0004662548082527101,,,0.0051870847418114,,,,0.007790340754555698,0.0051870847418114,,0.0011656370206317753,,,0.00023312740412635504,0.0004662548082527101,0.002816956133193457,,,,,,,,,,0.003302638225123363,,0.0004662548082527101,,,0.0006993822123790652,,,,,0.005420212145937755,,,0.00023312740412635504,0.00023312740412635504,0.002816956133193457,0.00023312740412635504,0.01155923378793177,,0.011092978979679062,0.0016513191125616816,0.059991451995182035,0.0035357656292497185,0.00023312740412635504,0.0006993822123790652,0.0013987644247581304,,0.00023312740412635504,,,0.03613474763958503,,0.00023312740412635504,,0.00023312740412635504,0.0006993822123790652,0.19112561681625675,0.005905894237867661,0.6359909857403738,,,
0.00023312740412635504,,,,0.00023312740412635504,,0.001690173679916074,,0.00023312740412635504,0.0012044915879861678,0.0004662548082527101,0.0004662548082527101,,0.005089948323425419,,,,0.004837393635621867,0.003380347359832148,,0.0012044915879861678,,,,0.0004662548082527101,0.0024089831759723356,,,,,,,,,0.00023312740412635504,0.0024089831759723356,,,,,0.0014376189921125229,0.00023312740412635504,,,,0.004351711543691961,0.00023312740412635504,,0.00023312740412635504,0.00023312740412635504,0.0012044915879861678,,0.013579671290360182,0.00023312740412635504,0.013579671290360182,0.0014376189921125229,0.051210319773089326,0.0031472199557057933,0.0004662548082527101,0.0031472199557057933,0.001690173679916074,,,,,0.03226871818782298,0.00023312740412635504,,0.00023312740412635504,,0.00023312740412635504,0.16239266425768348,0.002661537863775887,0.6807708746163113,,0.00023312740412635504,
,,0.0004662548082527101,,0.00023312740412635504,,0.0004662548082527101,,0.0011850643043089715,0.0007188094960562614,0.0007188094960562614,,,0.0026421105800986905,,0.0004662548082527101,,0.003827174884407662,0.006954967556436259,,0.0031083653883514006,,,,0.0007188094960562614,0.0011850643043089715,,,,,,,,,,0.0028752379842250458,0.0004662548082527101,,,0.00023312740412635504,0.0011850643043089715,0.00023312740412635504,,,,0.005284221160197381,,,0.00023312740412635504,0.00023312740412635504,0.0050316664723938295,0.00023312740412635504,0.013443680304619808,,0.012006061312507286,0.003827174884407662,0.05979717915841007,0.001670746396238878,0.0009519369001826165,0.001903873800365233,0.0011850643043089715,,,,,0.03337607335742317,,0.0004662548082527101,0.0004662548082527101,0.00023312740412635504,,0.20272370517154292,0.003827174884407662,0.625422543419979,,,
,,0.00023312740412635504,,,,0.0004662548082527101,0.00023312740412635504,0.00023312740412635504,0.0014181917084353265,0.0009519369001826165,0.0006993822123790652,,,,0.0006993822123790652,,0.004759684500913082,0.002855810700547849,,0.004293429692660372,,,0.0004662548082527101,0.0004662548082527101,0.0009519369001826165,,,,,,,,,,0.0014181917084353265,0.0006993822123790652,,,,0.001670746396238878,0.0006993822123790652,,,,0.004759684500913082,0.00023312740412635504,0.0006993822123790652,,0.0004662548082527101,0.001903873800365233,0.00023312740412635504,0.016474336558262425,,0.021719703151105413,0.002370128608617943,0.06784007460076932,0.001903873800365233,0.002370128608617943,0.004759684500913082,0.003341492792477756,,0.0004662548082527101,0.00023312740412635504,,0.04108870497727008,0.00023312740412635504,0.00023312740412635504,,,,0.23887788009480515,0.0071492403932082215,0.5594280607685433,,,
0.0004662548082527101,,,,,0.00023312740412635504,0.0013987644247581304,,0.0004662548082527101,0.002350701324940747,0.003283210941446167,0.0004662548082527101,0.00023312740412635504,0.004002020437502429,,0.0009325096165054202,0.0006993822123790652,0.005633912266386914,0.0018650192330108403,,0.0061195943583168206,,,0.0009325096165054202,0.002816956133193457,0.0006993822123790652,0.00023312740412635504,,,0.00023312740412635504,,,,,0.00023312740412635504,0.004468275245755138,0.0009325096165054202,,,,0.0016318918288844855,,,,,0.0030500835373198118,0.00023312740412635504,0.0018650192330108403,0.0018650192330108403,0.00023312740412635504,0.005633912266386914,0.0009325096165054202,0.012239188716633641,,0.025177759645646346,0.003283210941446167,0.06710183782103586,0.003749465749698877,0.0009325096165054202,0.006352721762443175,0.004235147841628784,0.00023312740412635504,0.0009325096165054202,0.0004662548082527101,,0.036018183937521854,,,,0.0006993822123790652,,0.28328865058087577,0.007770913470878502,0.493375296266076,,,
0.0004662548082527101,,,,,,0.0004662548082527101,,0.00023312740412635504,0.0006993822123790652,0.0014181917084353265,0.00023312740412635504,,0.005944748805222054,,0.0009519369001826165,0.0006993822123790652,0.002603256012744298,0.0009519369001826165,,0.0035551929129269146,,,0.0009519369001826165,0.002137001204491588,0.0006993822123790652,,,,,,,,,,0.002370128608617943,,,,,0.0014181917084353265,0.0004662548082527101,,,,0.002137001204491588,0.0004662548082527101,0.0016513191125616816,0.0009519369001826165,,0.0052259393091657926,,0.011423242802191397,,0.01950499281190504,0.0009519369001826165,0.04569297120876559,0.0030889381046742045,0.0016513191125616816,0.0030889381046742045,0.0030889381046742045,,,0.00023312740412635504,,0.029276916501534755,,,,,,0.14615145510354743,0.007129813109531025,0.6917861444612814,,0.00023312740412635504,
,,,,,,0.0004662548082527101,,0.00023312740412635504,0.0004662548082527101,0.0012044915879861678,,,0.0019233010840424291,,,0.00023312740412635504,0.0038466021680848583,0.003360920076154952,0.00023312740412635504,0.001670746396238878,,,0.0012044915879861678,0.0012044915879861678,0.0014376189921125229,,,,,,0.00023312740412635504,,,,0.001670746396238878,,,,0.0009519369001826165,0.00023312740412635504,,0.0007188094960562614,,0.00023312740412635504,0.0038466021680848583,,0.0007188094960562614,,0.00023312740412635504,0.0019233010840424291,0.00023312740412635504,0.012530597971791584,,0.012278043283988033,0.0012044915879861678,0.04870420017873101,0.0038466021680848583,0.0014376189921125229,0.0012044915879861678,0.001670746396238878,,,,,0.023371022263667093,,0.0004662548082527101,0.0009519369001826165,0.00023312740412635504,,0.16419940163966273,0.003360920076154952,0.695108209970082,,0.0009519369001826165,
,0.0002525546878035513,0.0002525546878035513,,,,0.0002525546878035513,,0.0002525546878035513,,0.0061001670746396236,,,0.0018455919493336442,,0.0005245366592842988,,0.005575630415355325,0.005303648443874577,,0.0018455919493336442,,,0.0010490733185685977,0.0005245366592842988,0.0005245366592842988,,,,,0.0002525546878035513,,,,,0.004779111784590279,,,,0.0002525546878035513,0.0015930372615300928,,0.0002525546878035513,,0.0002525546878035513,0.0039825931538252325,0.0002525546878035513,,,,0.002117573920814392,,0.018863892450557564,,0.017814819131988964,,0.06513968216963904,0.002914092551579438,0.0010490733185685977,0.002117573920814392,0.0023895558922951395,,,0.0002525546878035513,,0.027373042701169522,,,0.0010490733185685977,,,0.17896413723433188,0.0037106111823444845,0.6395267513696236,,0.0007965186307650464,
,,,,0.0008548004817966352,,,,0.0011267824532773829,0.0011267824532773829,,0.00027198197148074754,,0.002836383416870653,,,,0.0025644014453899055,0.005400784862260559,0.00027198197148074754,0.00027198197148074754,,,,,0.0008548004817966352,,,,,,,,,,0.0017096009635932704,,,,0.0005633912266386914,0.002272992190231962,0.00027198197148074754,,,,0.0025644014453899055,,,,0.00027198197148074754,0.00027198197148074754,,0.017367991607413452,0.0005633912266386914,0.017950810117729338,0.0014181917084353265,0.0632746629366282,0.005983603372576447,0.00027198197148074754,0.0019815829350740177,0.002836383416870653,,,,,0.02535260519874111,,,0.0019815829350740177,,,0.20521039748222403,0.004274002408983176,0.6268990169794459,,0.0011267824532773829,
0.0002525546878035513,,0.0007770913470878502,,0.0002525546878035513,,0.0005245366592842988,,0.0015736099778528966,0.0005245366592842988,0.0005245366592842988,,,0.002370128608617943,,,,0.004992811905039437,0.004196293274274391,,0.0018261646656564478,,,,0.0002525546878035513,0.0010490733185685977,,,,,,,,,,0.003943738586470839,,,,0.0002525546878035513,0.002370128608617943,0.0007770913470878502,0.0005245366592842988,,,0.002894665267902242,,0.0002525546878035513,,,0.0002525546878035513,,0.0171154369196099,,0.028966079962699617,0.0015736099778528966,0.07030733962777325,0.0036717566149900922,0.0015736099778528966,0.0020981466371371954,0.0018261646656564478,,0.0005245366592842988,0.0005245366592842988,,0.02053463884679644,0.0002525546878035513,0.0002525546878035513,0.0010490733185685977,,,0.17249485176982554,0.004196293274274391,0.6416054707230835,,0.0010490733185685977,
0.0012627734390177566,,0.0010102187512142052,,0.0005051093756071026,,0.004312856976337568,,0.002272992190231962,0.0010102187512142052,0.0012627734390177566,0.0002525546878035513,,0.0035357656292497185,,,,0.00456541166414112,0.005323075727551774,,0.0027781015658390642,,,0.0007576640634106539,0.0005051093756071026,0.0007576640634106539,,,,,,,,,0.0002525546878035513,0.002272992190231962,,,0.0002525546878035513,0.0002525546878035513,0.0027781015658390642,0.0002525546878035513,0.0002525546878035513,,0.0002525546878035513,0.003283210941446167,0.0005051093756071026,0.0007576640634106539,0.0002525546878035513,,0.0015153281268213078,0.0002525546878035513,0.019543847379259432,,0.022593930916579245,0.0015153281268213078,0.06778179274973774,0.0025255468780355133,0.0010102187512142052,0.002272992190231962,0.0035357656292497185,0.0002525546878035513,0.0017678828146248592,0.0002525546878035513,,0.027664451956327465,,0.0002525546878035513,,,,0.22726036445584177,0.0060807397909624274,0.5714341220810506,,,0.0010102187512142052
0.001068500602245794,0.0002525546878035513,0.0002525546878035513,,0.0016124645452072891,0.0002525546878035513,0.0018844465166880367,0.0002525546878035513,0.001068500602245794,0.0013404825737265416,0.0018844465166880367,0.0002525546878035513,,0.0043322842600147645,0.0005245366592842988,0.0007965186307650464,0.0002525546878035513,0.006508140031860745,0.003516338345572522,,0.007576640634106539,,,0.0024284104596495317,0.0005245366592842988,0.0002525546878035513,,,,,,,,,0.0002525546878035513,0.00487624820297626,0.0002525546878035513,,0.0005245366592842988,,0.0016124645452072891,,,,0.0002525546878035513,0.00487624820297626,0.0016124645452072891,0.0007965186307650464,,,0.0024284104596495317,,0.010568442320394762,,0.021952830555231766,0.0027003924311302793,0.04800481796635195,0.005420212145937755,0.0013404825737265416,0.0005245366592842988,0.003516338345572522,,0.001068500602245794,,,0.024128686327077747,,0.0005245366592842988,0.0005245366592842988,0.0002525546878035513,,0.21968372382173523,0.008120604577068034,0.5957376539612231,,,0.0016124645452072891
0.0002525546878035513,,0.0005245366592842988,,0.0007965186307650464,,0.0018650192330108403,0.0005245366592842988,0.001068500602245794,,0.002137001204491588,0.001068500602245794,,0.0034774837782181297,0.0002525546878035513,0.0013210552900493452,,0.004545984380463924,0.002661537863775887,0.0002525546878035513,0.00534250301122897,,,0.0005245366592842988,0.0005245366592842988,0.0007965186307650464,,,,,0.0015930372615300928,,,,,0.0024089831759723356,,,0.0007965186307650464,0.0007965186307650464,0.0024089831759723356,0.001068500602245794,0.0002525546878035513,,0.001068500602245794,0.0013210552900493452,0.0013210552900493452,0.001068500602245794,0.0002525546878035513,,0.0034774837782181297,,0.00990791467537009,,0.018747328748494385,0.002137001204491588,0.03669813886622372,0.0024089831759723356,0.002137001204491588,0.0007965186307650464,0.004274002408983176,,0.002661537863775887,,,0.01820336480553289,,0.0005245366592842988,,0.0002525546878035513,,0.14174146170882387,0.003749465749698877,0.7078719353459999,,0.0002525546878035513,0.0018650192330108403
0.0002525546878035513,0.0005245366592842988,0.0002525546878035513,,0.0007965186307650464,,0.0005245366592842988,,0.0007965186307650464,0.0002525546878035513,0.0018844465166880367,,,0.0024284104596495317,0.0002525546878035513,0.0005245366592842988,,0.001068500602245794,0.0037883203170532695,,0.0032443563740917744,,,0.0016124645452072891,0.0002525546878035513,0.0002525546878035513,,,,,0.001068500602245794,,,,0.0002525546878035513,0.0024284104596495317,,,,,0.0018844465166880367,,0.0002525546878035513,,,0.002156428488168784,0.0002525546878035513,0.001068500602245794,0.0002525546878035513,0.0002525546878035513,0.002156428488168784,,0.013832225978163732,,0.017892528266697752,0.0013404825737265416,0.05018067373819793,0.0013404825737265416,0.0013404825737265416,0.0016124645452072891,0.002972374402611027,0.0002525546878035513,0.001068500602245794,,,0.02142829389594747,0.0002525546878035513,,,0.0005245366592842988,,0.18990169794459338,0.0027003924311302793,0.6599448265143568,,0.0005245366592842988,0.002156428488168784
0.0002525546878035513,0.0002525546878035513,0.0013404825737265416,,0.0002525546878035513,0.0002525546878035513,0.0002525546878035513,0.0002525546878035513,0.0005245366592842988,0.0002525546878035513,0.0016124645452072891,,,0.002972374402611027,0.0002525546878035513,0.0013404825737265416,,0.0032443563740917744,0.005148230174457007,,0.004060302288534017,,,0.002156428488168784,0.0005245366592842988,0.0002525546878035513,,,,,,,,,0.0002525546878035513,0.0027003924311302793,,,,,0.0027003924311302793,,,0.0002525546878035513,,0.002972374402611027,,0.0013404825737265416,0.0002525546878035513,0.0002525546878035513,0.0024284104596495317,,0.013307689318879434,,0.009499941718148969,0.0005245366592842988,0.05540661304736372,0.002156428488168784,0.0013404825737265416,0.0013404825737265416,0.0018844465166880367,,0.0002525546878035513,0.0002525546878035513,,0.021175739208143918,0.0002525546878035513,0.0005245366592842988,,0.0002525546878035513,,0.17249485176982554,0.005148230174457007,0.6742433073007732,,0.0005245366592842988,0.001068500602245794
0.0002525546878035513,0.0002525546878035513,0.0007770913470878502,0.0002525546878035513,0.0010490733185685977,,0.0002525546878035513,,0.001301628006372149,0.0002525546878035513,0.002370128608617943,0.0010490733185685977,,0.0007770913470878502,0.0002525546878035513,0.001301628006372149,,0.0031472199557057933,0.004215720557951587,0.0005245366592842988,0.0018455919493336442,,,0.0015736099778528966,0.0002525546878035513,0.0002525546878035513,0.0002525546878035513,,,,,,,,,0.0010490733185685977,0.0002525546878035513,,,0.0002525546878035513,0.0018455919493336442,,,0.0002525546878035513,0.0002525546878035513,0.0031472199557057933,,0.0010490733185685977,0.0007770913470878502,,0.0031472199557057933,0.0005245366592842988,0.011598088355286165,,0.012375179702374015,0.0010490733185685977,0.05352216653067568,0.0026226832964214943,0.001301628006372149,0.002894665267902242,0.002894665267902242,,0.0010490733185685977,0.0002525546878035513,,0.02239965807980728,0.0002525546878035513,0.0007770913470878502,0.0002525546878035513,0.0002525546878035513,,0.15135796712903601,0.004992811905039437,0.6948750825659556,,,0.0005245366592842988
0.0002525546878035513,,0.0005051093756071026,0.0002525546878035513,0.0007770913470878502,,0.0002525546878035513,,,,0.002350701324940747,0.0005051093756071026,,0.0005051093756071026,0.0005051093756071026,0.0007770913470878502,,0.002603256012744298,0.004701402649881494,,0.004176865990597195,,,0.0002525546878035513,0.0002525546878035513,0.001301628006372149,,,,,,,,,0.0002525546878035513,0.0018261646656564478,,,,,0.0018261646656564478,,0.0002525546878035513,,,0.002350701324940747,,,,0.0002525546878035513,0.003924311302793643,,0.013074561914753079,,0.008878268640478689,0.0005051093756071026,0.046819753662042975,0.0007770913470878502,0.0007770913470878502,0.0028752379842250458,0.0010296460348914016,0.0002525546878035513,0.0015541826941757003,0.0005051093756071026,,0.01752340987683102,0.0002525546878035513,0.0002525546878035513,,,,0.12480087034230875,0.002603256012744298,0.7453083109919572,,,0.0015541826941757003
0.0005245366592842988,,0.0002525546878035513,0.0002525546878035513,0.001068500602245794,,0.001068500602245794,,0.0007965186307650464,,0.0032443563740917744,0.0007965186307650464,,0.0007965186307650464,,0.001068500602245794,,0.001068500602245794,0.0032443563740917744,,0.006780122003341492,,,0.0002525546878035513,0.0007965186307650464,,,,,,,,,0.0002525546878035513,,0.001068500602245794,,,,,0.0007965186307650464,0.0002525546878035513,,,,0.0018844465166880367,,0.0002525546878035513,0.0002525546878035513,,0.003516338345572522,0.0002525546878035513,0.012200334149279247,,0.007868049889264483,0.001068500602245794,0.0352799471577884,0.0018844465166880367,0.0005245366592842988,0.002156428488168784,0.0018844465166880367,,0.0007965186307650464,0.0002525546878035513,,0.02360414966779345,0.0002525546878035513,,0.0007965186307650464,0.0005245366592842988,,0.11263939076038389,0.004060302288534017,0.7628705754361425,,,0.0007965186307650464
0.000835373198119439,,0.0005439639429614951,0.00027198197148074754,0.0005439639429614951,,0.000835373198119439,,0.000835373198119439,,0.0036523293313128957,0.00027198197148074754,,0.0013987644247581304,,0.0005439639429614951,,0.001670746396238878,0.0011073551696001865,,0.005614484982709718,,,0.00027198197148074754,,0.0005439639429614951,,,,,,,,,,0.0005439639429614951,,,,,0.0013987644247581304,0.00027198197148074754,,,,0.0025255468780355133,,0.00027198197148074754,0.000835373198119439,,0.0013987644247581304,,0.012666588957531958,,0.006177876209348409,0.0019621556513968216,0.029276916501534755,0.0019621556513968216,0.000835373198119439,0.0011073551696001865,0.001670746396238878,,0.0011073551696001865,,,0.022807631037028403,,,,0.00027198197148074754,,0.06560593697789176,0.0030889381046742045,0.8238722461825387,,,0.0013987644247581304
0.0005439639429614951,0.00027198197148074754,0.0005439639429614951,0.00027198197148074754,0.0005439639429614951,,0.000835373198119439,,0.00027198197148074754,,0.0030889381046742045,0.00027198197148074754,,0.0025255468780355133,,0.0005439639429614951,,0.004215720557951587,0.002797528849516261,,0.003360920076154952,,,0.00027198197148074754,0.00027198197148074754,0.000835373198119439,0.00027198197148074754,,,,,,,,,0.000835373198119439,,,,0.0005439639429614951,0.0013987644247581304,,,,,0.002234137622877569,,0.002234137622877569,0.0011073551696001865,,0.001670746396238878,,0.01068500602245794,,0.008994832342541866,0.0044877025294323344,0.027858724793099428,0.0025255468780355133,0.0011073551696001865,0.0013987644247581304,0.0036523293313128957,,0.00027198197148074754,0.00027198197148074754,,0.017445700742122237,,0.00027198197148074754,0.00027198197148074754,,,0.05461009441659867,0.0050510937560710265,0.8282239577262307,,,0.0011073551696001865
0.0007770913470878502,0.0002525546878035513,,,0.0002525546878035513,,0.0015736099778528966,,0.0002525546878035513,,0.002370128608617943,0.0002525546878035513,,0.0026226832964214943,,0.0005245366592842988,,0.0015736099778528966,0.004468275245755138,,0.0026226832964214943,,,0.0010490733185685977,0.0002525546878035513,0.0007770913470878502,,,,,,,,0.0002525546878035513,,0.0018455919493336442,,,,,0.0015736099778528966,0.0010490733185685977,,,,0.0031666472393829894,0.0002525546878035513,,0.0002525546878035513,,0.002370128608617943,,0.01291914364533551,,0.007906904456618876,0.001301628006372149,0.04116641411197886,0.0015736099778528966,0.0002525546878035513,0.003419201927186541,0.001301628006372149,,0.0005245366592842988,,,0.020301511442670086,,0.0005245366592842988,0.0005245366592842988,,,0.11320278198702258,0.0031666472393829894,0.7612775381746124,,,0.0002525546878035513
0.0005245366592842988,,,,0.0007770913470878502,,0.0005245366592842988,,0.0005245366592842988,,0.0005245366592842988,0.0002525546878035513,,0.0007770913470878502,,0.0005245366592842988,,0.0013210552900493452,0.0039631658701480355,,0.004759684500913082,,,0.0013210552900493452,0.0015736099778528966,0.0010490733185685977,,,,,,,,,,0.0010490733185685977,,,0.0002525546878035513,,0.002370128608617943,0.0002525546878035513,,,,0.002370128608617943,,,0.0002525546878035513,,0.0015736099778528966,,0.011636942922640557,,0.006877258421727474,0.0015736099778528966,0.04421649764929868,0.002117573920814392,0.0010490733185685977,0.0015736099778528966,0.0013210552900493452,,0.0002525546878035513,0.0002525546878035513,,0.021447721179624665,,0.0005245366592842988,0.0002525546878035513,0.0002525546878035513,,0.10644208726735828,0.004759684500913082,0.7678828146248592,0.0002525546878035513,,0.0007770913470878502
0.0005051093756071026,0.0002525546878035513,,,,,0.0002525546878035513,,0.0002525546878035513,,0.0015541826941757003,0.0002525546878035513,,0.0010296460348914016,,0.0002525546878035513,,0.0018261646656564478,0.005478493996969344,,0.004429420678400746,,,0.0007770913470878502,0.0020787193534599993,0.0005051093756071026,0.0002525546878035513,,,,,,,,,0.0007770913470878502,0.0002525546878035513,,0.0002525546878035513,,0.0015541826941757003,0.0002525546878035513,,,,0.0010296460348914016,0.0002525546878035513,0.0005051093756071026,0.0005051093756071026,,0.002350701324940747,,0.014356762637448032,,0.007304658662625791,0.0020787193534599993,0.047791117845902786,0.0036523293313128957,0.001301628006372149,0.0020787193534599993,0.002350701324940747,,0.0002525546878035513,0.0002525546878035513,,0.025585732602867468,,,,0.0002525546878035513,,0.13531103081167192,0.003904884019116447,0.7253370633717994,0.0002525546878035513,,0.0005051093756071026
0.000835373198119439,,,,0.00027198197148074754,,,,,0.0005633912266386914,0.001690173679916074,,,0.0005633912266386914,,0.0011267824532773829,,0.001690173679916074,0.00596417608889925,,0.0039631658701480355,,,0.000835373198119439,0.0025449741617127094,0.0014181917084353265,,,,,,,,,0.00027198197148074754,0.00027198197148074754,,,0.00027198197148074754,,0.0011267824532773829,0.00027198197148074754,,,0.0005633912266386914,0.002272992190231962,,0.00027198197148074754,0.00027198197148074754,,0.0005633912266386914,,0.014764735594669154,,0.007945759023973268,0.0011267824532773829,0.0477328359948712,0.002272992190231962,0.000835373198119439,0.001690173679916074,0.000835373198119439,,0.0005633912266386914,,,0.02869409799121887,,0.00027198197148074754,,,,0.11592260170183005,0.0039631658701480355,0.7443758013754516,0.00027198197148074754,0.00027198197148074754,0.000835373198119439
0.00027198197148074754,,,,0.0005439639429614951,,0.00027198197148074754,,0.000835373198119439,0.000835373198119439,0.0027781015658390642,0.0005439639429614951,,0.0005439639429614951,,0.0019427283677196255,,0.003341492792477756,0.005012239188716633,,0.004448847962077942,,,0.0011073551696001865,0.001670746396238878,0.0011073551696001865,0.00027198197148074754,,,,,,,0.00027198197148074754,0.00027198197148074754,0.000835373198119439,,,0.00027198197148074754,,0.000835373198119439,0.00027198197148074754,,,,0.002214710339200373,0.0005439639429614951,,0.000835373198119439,,0.003885456735439251,,0.013657380425068966,,0.007246376811594203,0.001379337141080934,0.05435753972879512,0.0019427283677196255,0.0019427283677196255,0.001379337141080934,0.0030500835373198118,,0.00027198197148074754,,,0.02146714846330186,,0.0005439639429614951,0.00027198197148074754,,,0.09979795624975715,0.004176865990597195,0.7513696234992424,,,0.001379337141080934
0.0005439639429614951,0.00027198197148074754,0.00027198197148074754,,,,0.00027198197148074754,,0.0011073551696001865,0.0005439639429614951,0.0025255468780355133,0.0005439639429614951,,0.0011073551696001865,,0.0013987644247581304,0.0005439639429614951,0.0005439639429614951,0.003360920076154952,,0.004779111784590279,,,0.0025255468780355133,0.002234137622877569,0.0005439639429614951,0.00027198197148074754,,,,,0.0005439639429614951,,0.00027198197148074754,0.00027198197148074754,0.0025255468780355133,,,0.00027198197148074754,,0.0005439639429614951,,,,,,0.0005439639429614951,,0.0013987644247581304,,0.0025255468780355133,,0.01068500602245794,,0.009266814314022613,0.0019621556513968216,0.03937910401367681,0.001670746396238878,0.0025255468780355133,0.0019621556513968216,0.002797528849516261,,0.00027198197148074754,0.00027198197148074754,,0.01884446516688037,,,0.0005439639429614951,,,0.08015697245211174,0.0050510937560710265,0.7917783735478106,,0.00027198197148074754,0.00027198197148074754
0.00027198197148074754,,0.0005439639429614951,,0.0005439639429614951,,0.0011073551696001865,,0.000835373198119439,,0.0019621556513968216,0.00027198197148074754,,0.0005439639429614951,,0.000835373198119439,0.00027198197148074754,0.001670746396238878,0.0036523293313128957,,0.0050510937560710265,,,0.0005439639429614951,0.0019621556513968216,0.000835373198119439,0.00027198197148074754,,,,,,,,,0.0013987644247581304,,,,0.00027198197148074754,0.0011073551696001865,,,,,0.00027198197148074754,0.00027198197148074754,,0.0011073551696001865,0.00027198197148074754,0.002797528849516261,0.00027198197148074754,0.009558223569180558,,0.0036523293313128957,0.002797528849516261,0.045051870847418116,0.0025255468780355133,0.0013987644247581304,0.002234137622877569,0.0030889381046742045,,0.00027198197148074754,,0.00027198197148074754,0.018009091968760927,,0.00027198197148074754,0.00027198197148074754,0.0005439639429614951,,0.051812565567082414,0.0036523293313128957,0.8248241830827213,0.00027198197148074754,0.00027198197148074754,0.00027198197148074754
0.0007770913470878502,,0.0002525546878035513,,0.0005051093756071026,,0.0007770913470878502,,0.0002525546878035513,,0.0018067373819792517,,,0.0015541826941757003,,,0.0002525546878035513,0.0010296460348914016,0.0046819753662042975,,0.003380347359832148,,,0.0007770913470878502,0.001301628006372149,0.0005051093756071026,,,,,,,,,,0.0010296460348914016,,,,0.0002525546878035513,0.0005051093756071026,0.0002525546878035513,,,,0.002855810700547849,0.0005051093756071026,,,,0.0023312740412635507,,0.009888487391692893,,0.0046819753662042975,0.002603256012744298,0.03230757275517737,0.0018067373819792517,0.0015541826941757003,0.0031083653883514006,0.001301628006372149,,0.0002525546878035513,0.0002525546878035513,,0.020068384038543732,,,,,,0.10580098690601081,0.002855810700547849,0.7876792166919221,,,0.0002525546878035513
0.0007965186307650464,,,,0.0007965186307650464,,0.0016124645452072891,,,,0.0016124645452072891,,,0.0013404825737265416,,,,0.004312856976337568,0.003496911061895326,,0.006197303493025605,,,0.0005245366592842988,0.0007965186307650464,0.001068500602245794,,,,,,,,,,0.0013404825737265416,,,,0.0002525546878035513,0.0005245366592842988,,,0.0002525546878035513,,0.0037688930333760733,,,0.0002525546878035513,,0.001068500602245794,0.0005245366592842988,0.012414034269728407,,0.003496911061895326,0.0018844465166880367,0.03508567432101643,0.001068500602245794,0.0016124645452072891,0.0018844465166880367,0.0016124645452072891,,0.0002525546878035513,0.0002525546878035513,,0.019155301705715506,0.0002525546878035513,,,0.0002525546878035513,,0.10554843221820726,0.0048568209192990635,0.7795780393985313,,,0.0002525546878035513
0.00023312740412635504,,,,0.0007188094960562614,,0.0011850643043089715,,,0.0004662548082527101,0.0009519369001826165,0.0004662548082527101,,0.0009519369001826165,,0.00023312740412635504,,0.001903873800365233,0.003827174884407662,0.00023312740412635504,0.003594047480281307,,,0.0007188094960562614,,0.0007188094960562614,,,,,,,0.00023312740412635504,,,0.0004662548082527101,,,,0.00023312740412635504,0.0007188094960562614,0.0007188094960562614,,,,0.0026226832964214943,,,0.0004662548082527101,,0.00023312740412635504,,0.013890507829195322,0.0004662548082527101,0.003594047480281307,0.0011850643043089715,0.044119361230912695,0.001903873800365233,0.0014376189921125229,0.0014376189921125229,0.0009519369001826165,,0.0004662548082527101,0.0004662548082527101,0.00023312740412635504,0.01773710999728018,,0.00023312740412635504,0.0004662548082527101,,,0.1119788631153592,0.0026226832964214943,0.7744492365077515,0.00023312740412635504,,0.00023312740412635504
,0.00023312740412635504,,,0.0006993822123790652,,0.00023312740412635504,,,0.0004662548082527101,0.00023312740412635504,,,0.0011656370206317753,,,,0.0013987644247581304,0.005614484982709718,,0.004915102770330653,,,0.0006993822123790652,,0.0006993822123790652,,,,,,,,,,0.0016318918288844855,,,,,0.0013987644247581304,0.00023312740412635504,,,,0.0025644014453899055,0.00023312740412635504,0.00023312740412635504,,,0.0006993822123790652,0.0004662548082527101,0.01758169172786261,,0.003749465749698877,0.0020981466371371954,0.04715001748455531,0.0006993822123790652,0.0009325096165054202,0.0013987644247581304,0.0006993822123790652,,0.0004662548082527101,0.0004662548082527101,,0.015483545090725415,,0.0004662548082527101,0.0018650192330108403,,,0.10086645685200295,0.003516338345572522,0.7780432839880328,,,0.0006993822123790652
,0.0007188094960562614,,,0.0007188094960562614,,0.00023312740412635504,,0.00023312740412635504,,0.0009519369001826165,0.0004662548082527101,,0.0007188094960562614,,,,0.0014376189921125229,0.0055562031316781285,,0.005789330535804484,,,0.0012044915879861678,0.0004662548082527101,0.0004662548082527101,0.00023312740412635504,,,,,,,,,0.00023312740412635504,,,,,0.0019233010840424291,0.00023312740412635504,,,,0.0014376189921125229,,0.0004662548082527101,0.00023312740412635504,,0.0012044915879861678,,0.011345533667482612,,0.0024089831759723356,0.001690173679916074,0.03914597660955045,0.0019233010840424291,0.0019233010840424291,0.0004662548082527101,0.0009519369001826165,,0.0007188094960562614,0.0004662548082527101,,0.015949799898978125,0.0009519369001826165,0.0009519369001826165,,,,0.09886544663325174,0.002156428488168784,0.7946924660993899,,,0.0004662548082527101
,0.00048568209192990637,0.00023312740412635504,,0.0012433461553405603,,0.00048568209192990637,,0.0007382367797334577,0.00023312740412635504,0.0012433461553405603,,,0.0014764735594669154,,,0.00048568209192990637,0.0017290282472704665,0.0017290282472704665,,0.007226949527917007,,,0.0007382367797334577,,0.00048568209192990637,0.00048568209192990637,,,,,,,,,,,,0.00048568209192990637,,0.0019815829350740177,,,0.00048568209192990637,0.00023312740412635504,0.0007382367797334577,,0.00023312740412635504,0.0009907914675370089,,0.0017290282472704665,,0.01146209736954579,,0.0019815829350740177,0.0007382367797334577,0.03238528188988615,0.0032249290904145782,0.0007382367797334577,0.002739246998484672,0.002234137622877569,,0.00023312740412635504,0.0007382367797334577,,0.013696234992423359,0.0007382367797334577,0.0009907914675370089,0.0007382367797334577,,,0.0819831371177682,0.002234137622877569,0.8165287329525586,,0.00023312740412635504,0.00048568209192990637
0.00023312740412635504,0.00048568209192990637,,,0.0007382367797334577,,0.00023312740412635504,,0.00023312740412635504,0.00048568209192990637,0.00048568209192990637,,,0.00023312740412635504,,,0.00048568209192990637,0.0017290282472704665,0.0009907914675370089,,0.0039825931538252325,,,0.0009907914675370089,0.0007382367797334577,0.0007382367797334577,0.00023312740412635504,,,,0.00023312740412635504,,,,,0.00048568209192990637,,0.00023312740412635504,,0.00023312740412635504,0.0007382367797334577,,,,,0.00048568209192990637,,0.00023312740412635504,0.00023312740412635504,,0.0009907914675370089,,0.009946769242724482,,0.002972374402611027,0.0007382367797334577,0.03934024944632242,0.0014764735594669154,0.00048568209192990637,0.00048568209192990637,0.0009907914675370089,,,0.00048568209192990637,,0.011442670085868594,0.0014764735594669154,0.00048568209192990637,0.00048568209192990637,,,0.04905389128492054,0.0019815829350740177,0.8608035124528889,,0.00023312740412635504,0.00023312740412635504
,0.0005051093756071026,,,0.0007770913470878502,,0.0007770913470878502,0.0002525546878035513,,0.0002525546878035513,0.0007770913470878502,,,0.0007770913470878502,,,0.0005051093756071026,0.0018067373819792517,0.003885456735439251,,0.0025838287290671016,,,0.0010296460348914016,,0.0005051093756071026,,,,,,,,,,0.0002525546878035513,,,,,0.0007770913470878502,0.0007770913470878502,,0.0010296460348914016,,0.0031083653883514006,0.0002525546878035513,,0.0002525546878035513,,0.002059292069782803,,0.015308699537630649,0.0002525546878035513,0.002836383416870653,0.0005051093756071026,0.040214477211796246,0.002059292069782803,0.0005051093756071026,0.0005051093756071026,0.0002525546878035513,,,,,0.0155612542254342,,,,,,0.10121614795819249,0.0025838287290671016,0.7944981932626181,,0.0002525546878035513,0.0005051093756071026
,0.0005051093756071026,,,0.0010296460348914016,,,,0.0005051093756071026,0.0002525546878035513,0.0010296460348914016,,,0.0010296460348914016,,,,0.001301628006372149,0.005459066713292148,,0.0023312740412635507,,,0.0007770913470878502,,0.0005051093756071026,,,,,,,0.0002525546878035513,,,0.0005051093756071026,,,,,0.0015541826941757003,0.0002525546878035513,,0.0010296460348914016,,0.0007770913470878502,0.0002525546878035513,,,,0.0010296460348914016,,0.015891518047946536,,0.003904884019116447,0.0002525546878035513,0.047713408711194,0.002603256012744298,0.0002525546878035513,0.0005051093756071026,0.001301628006372149,,0.0002525546878035513,0.0002525546878035513,,0.018242219372887284,,,,,,0.10432451334654388,0.003380347359832148,0.780238567043556,,,0.0005051093756071026
,0.0005051093756071026,,,0.0012627734390177566,,0.0002525546878035513,,,0.0010102187512142052,0.0012627734390177566,0.0005051093756071026,,0.0002525546878035513,,0.0002525546878035513,,0.002272992190231962,0.005847612386836072,,0.004060302288534017,,,0.0010102187512142052,0.0002525546878035513,0.0015153281268213078,,,,,,,,,,0.0010102187512142052,,,,0.0002525546878035513,0.0005051093756071026,0.0002525546878035513,,0.0002525546878035513,,0.0020204375024284104,,,0.0010102187512142052,,0.0012627734390177566,0.0002525546878035513,0.019077592571006722,,0.003807747600730466,0.0015153281268213078,0.05111318335470334,0.003807747600730466,0.0007576640634106539,0.0010102187512142052,0.0012627734390177566,,0.0015153281268213078,0.0005051093756071026,,0.017542837160508216,,,0.0005051093756071026,,,0.10708318762870575,0.0030500835373198118,0.7596067917783735,,,0.0007576640634106539
,0.00048568209192990637,0.00023312740412635504,,0.0007382367797334577,,0.00048568209192990637,,,0.0009907914675370089,0.0014959008431441117,,,0.0009907914675370089,,,,0.002758674282161868,0.00425457512530598,,0.003496911061895326,,,0.0014959008431441117,,0.0014959008431441117,,,,,,,,,,0.002758674282161868,,,,0.00023312740412635504,0.001748455530947663,,,,,0.0014959008431441117,,,0.00048568209192990637,,0.0007382367797334577,,0.017290282472704668,0.00023312740412635504,0.005517348564323736,0.001748455530947663,0.04514900726580409,0.0014959008431441117,0.0020010102187512143,0.0014959008431441117,0.00048568209192990637,,0.00023312740412635504,,,0.019058165287329527,,0.00048568209192990637,,,,0.11737964797761977,0.0029918016862882234,0.7578194816800715,,,0.00023312740412635504
0.0002525546878035513,0.0007576640634106539,,,0.0007576640634106539,,0.0005051093756071026,,0.0002525546878035513,0.0027781015658390642,0.0012627734390177566,,,0.0010102187512142052,,,,0.003283210941446167,0.00456541166414112,,0.006838403854373082,,,0.0005051093756071026,0.0005051093756071026,0.0015153281268213078,,,,,0.0005051093756071026,,0.0002525546878035513,,,0.002272992190231962,,,0.0005051093756071026,0.0002525546878035513,0.0027781015658390642,0.0002525546878035513,,,,0.0015153281268213078,,,0.0027781015658390642,,0.0030306562536426157,,0.013948789680226911,0.0002525546878035513,0.0030306562536426157,0.0010102187512142052,0.04996697361774877,0.0015153281268213078,0.0010102187512142052,0.004293429692660372,0.0007576640634106539,,0.0002525546878035513,,,0.019271865407778685,,0.0002525546878035513,,,,0.1270738625325407,0.005323075727551774,0.7320977580914637,,0.0005051093756071026,0.0005051093756071026
,,,,0.0009907914675370089,,0.00048568209192990637,,,0.00023312740412635504,0.0014959008431441117,,,0.0020010102187512143,,,,0.0014959008431441117,0.0030112289699654195,,0.007285231378948595,,,0.00023312740412635504,,0.0014959008431441117,,,,,,,,,,0.002758674282161868,,0.00023312740412635504,0.0009907914675370089,0.00023312740412635504,0.001748455530947663,,0.00023312740412635504,,,0.0020010102187512143,0.00048568209192990637,,0.00048568209192990637,,0.00048568209192990637,,0.01130667910012822,,0.0009907914675370089,0.0020010102187512143,0.04497416171270933,0.0037688930333760733,0.0007382367797334577,0.0022535649065547657,0.0012433461553405603,,,0.00023312740412635504,,0.01431790807009364,,0.00023312740412635504,,,,0.08718964914325679,0.005012239188716633,0.795877530403699,,0.00023312740412635504,0.0012433461553405603
,0.0005051093756071026,,,0.0007576640634106539,,0.0005051093756071026,,0.0002525546878035513,,0.0010102187512142052,,,0.0002525546878035513,,,,0.0020204375024284104,0.0025255468780355133,,0.00580875781948168,,,0.0015153281268213078,,0.0005051093756071026,,,,,0.0002525546878035513,,,,,0.0010102187512142052,0.0005051093756071026,0.0002525546878035513,0.0007576640634106539,,0.0005051093756071026,,,,,0.0010102187512142052,,,0.0007576640634106539,0.0002525546878035513,,,0.009344523448731398,,0.0007576640634106539,0.0010102187512142052,0.02879123440960485,0.0010102187512142052,0.0010102187512142052,0.002272992190231962,0.0007576640634106539,,,0.0002525546878035513,,0.012627734390177565,,0.0002525546878035513,,,,0.05255080234681587,0.0030306562536426157,0.8648638147414228,,0.0002525546878035513,0.0002525546878035513
,0.0005245366592842988,,,0.0007965186307650464,,0.0007965186307650464,,,0.0005245366592842988,0.001068500602245794,,,0.0002525546878035513,,0.0002525546878035513,,0.0027003924311302793,0.00487624820297626,0.0002525546878035513,0.0016124645452072891,,,,,0.0007965186307650464,,,,,0.0002525546878035513,,0.0002525546878035513,,,0.0016124645452072891,,0.0002525546878035513,,,0.0007965186307650464,,,0.001068500602245794,,0.002972374402611027,,,0.0005245366592842988,,0.0002525546878035513,,0.01276372537591794,,0.0016124645452072891,0.0005245366592842988,0.036387302327388585,0.001068500602245794,0.001068500602245794,0.0018844465166880367,0.0007965186307650464,,0.0005245366592842988,,,0.01655204569297121,,0.0002525546878035513,,,,0.11351361852585772,0.0032443563740917744,0.7860473248630376,,0.0002525546878035513,0.001068500602245794
,0.0005828185103158877,,,0.0011656370206317753,,0.0005828185103158877,,0.00029140925515794383,,0.0011656370206317753,0.0005828185103158877,,,,0.00029140925515794383,,0.0037883203170532695,0.0026226832964214943,,0.0020398647861056066,,,,,0.0008742277654738314,,,,,,,,0.0005828185103158877,,0.001457046275789719,,0.00029140925515794383,,0.0005828185103158877,0.0008742277654738314,,,0.0005828185103158877,,0.0023312740412635507,,,0.00029140925515794383,,0.001748455530947663,,0.013715662276100556,,0.004079729572211213,0.0005828185103158877,0.04262346038776858,0.0008742277654738314,0.0008742277654738314,0.0020398647861056066,0.0011656370206317753,,,0.00029140925515794383,,0.01810622838714691,,0.00029140925515794383,,,,0.10745230601857249,0.006411003613474764,0.7770136379531414,0.00029140925515794383,0.0005828185103158877,0.0008742277654738314
,0.0005828185103158877,0.00029140925515794383,,0.0011850643043089715,,0.00029140925515794383,,0.00029140925515794383,,0.0008936550491510277,0.00029140925515794383,,0.0014764735594669154,,,,0.003283210941446167,0.002972374402611027,,0.002972374402611027,,,,,0.0005828185103158877,,,,,,,,,,0.002370128608617943,,,,,0.0014764735594669154,,,0.00029140925515794383,,0.0014764735594669154,,0.0020787193534599993,0.00029140925515794383,,0.0020787193534599993,,0.011345533667482612,0.00029140925515794383,0.005672766833741306,0.0005828185103158877,0.05165714729766484,0.003283210941446167,0.0011850643043089715,0.0011850643043089715,,,,,,0.019097019854683917,0.00029140925515794383,,,,,0.13257178381318724,0.004176865990597195,0.7420056727668338,,0.0005828185103158877,0.0008936550491510277
,0.0005633912266386914,,,0.0008548004817966352,,,,0.00027198197148074754,,0.001146209736954579,,,,,,,0.0031666472393829894,0.003749465749698877,,0.002292419473909158,,,,,0.0005633912266386914,,,,,0.00027198197148074754,,,,0.00027198197148074754,0.00027198197148074754,,,,,0.0008548004817966352,,,,,0.0014376189921125229,,0.0020010102187512143,,,0.0005633912266386914,0.00027198197148074754,0.014123635233321677,,0.0014376189921125229,0.001146209736954579,0.048471072774604655,0.0017290282472704665,0.0005633912266386914,0.0014376189921125229,0.00027198197148074754,,,0.0005633912266386914,0.00027198197148074754,0.016144072735750088,0.00027198197148074754,0.00027198197148074754,,,,0.11918638535959902,0.004021447721179625,0.7701169522477367,,0.0005633912266386914,0.0008548004817966352
,0.0005633912266386914,0.00027198197148074754,,0.0005633912266386914,,0.00027198197148074754,,,,0.0014376189921125229,0.00027198197148074754,,0.00027198197148074754,,,,0.002311846757586354,0.002603256012744298,,0.005769903252127288,,,,,0.0005633912266386914,,,,,,,,0.00027198197148074754,,0.001146209736954579,,,,0.001146209736954579,0.001146209736954579,,,0.0005633912266386914,,0.002311846757586354,,0.0005633912266386914,0.00027198197148074754,,0.003458056494540933,,0.015036717566149901,,0.0031666472393829894,0.001146209736954579,0.043400551734856435,0.0028752379842250458,0.0008548004817966352,0.002603256012744298,0.0014376189921125229,,,0.00027198197148074754,0.00027198197148074754,0.017931382834052143,0.0005633912266386914,0.00027198197148074754,,,,0.12328554221548743,0.006352721762443175,0.753914597660955,,0.0005633912266386914,0.00027198197148074754
,0.0005828185103158877,,0.00029140925515794383,0.0008742277654738314,,0.001457046275789719,,0.00029140925515794383,,0.001748455530947663,,0.0008742277654738314,,0.0008742277654738314,0.0008742277654738314,0.00029140925515794383,0.003496911061895326,0.002914092551579438,,0.005828185103158876,,,,0.0005828185103158877,0.0005828185103158877,0.00029140925515794383,,,0.00029140925515794383,,0.0005828185103158877,,,,0.0005828185103158877,,,,,0.001748455530947663,0.00029140925515794383,,,,0.0023312740412635507,0.00029140925515794383,0.0005828185103158877,,,0.004079729572211213,,0.020146093173252517,,0.007596067917783735,0.0020398647861056066,0.04819909080312391,0.0026226832964214943,0.0008742277654738314,0.003496911061895326,0.001457046275789719,,0.0023312740412635507,,,0.0140070715312585,0.00029140925515794383,0.0005828185103158877,,,,0.12184792322337491,0.005245366592842989,0.7354586781676187,,0.0005828185103158877,0.0005828185103158877
,0.0008742277654738314,,,0.0008742277654738314,,0.00029140925515794383,,,,0.0011656370206317753,,,,,0.0011656370206317753,0.00029140925515794383,0.0037883203170532695,0.0037883203170532695,,0.004371138827369158,,,,,0.00029140925515794383,,,,,,0.00029140925515794383,,,,0.0023312740412635507,,,,,0.001748455530947663,,,,,0.002914092551579438,,0.00029140925515794383,0.00029140925515794383,,0.001457046275789719,,0.010820997008198314,,0.0037883203170532695,0.0011656370206317753,0.04707230834984653,0.0026226832964214943,0.0023312740412635507,0.0011656370206317753,0.00029140925515794383,,0.00029140925515794383,0.00029140925515794383,,0.01431790807009364,,0.00029140925515794383,,0.0005828185103158877,,0.07485332400823717,0.005245366592842989,0.8060185724831954,0.00029140925515794383,,0.0023312740412635507
,0.0005245366592842988,,,0.0007965186307650464,,0.0002525546878035513,,0.0002525546878035513,,0.0005245366592842988,,,0.0016124645452072891,,0.0005245366592842988,,0.0032443563740917744,0.0032443563740917744,,0.0037883203170532695,,,,,0.0016124645452072891,,,0.0005245366592842988,0.0002525546878035513,,,,,,0.002156428488168784,,,,,0.001068500602245794,,,0.0002525546878035513,,0.001068500602245794,,,0.001068500602245794,,0.0018844465166880367,,0.012472316120759995,,0.0016124645452072891,0.0013404825737265416,0.04691689008042895,0.0018844465166880367,0.0007965186307650464,0.0007965186307650464,,,0.0002525546878035513,,0.0002525546878035513,0.016260636437813263,,0.0002525546878035513,,0.0005245366592842988,,0.12992967323308854,0.0018844465166880367,0.7596650736294052,,0.0002525546878035513,0.0002525546878035513
,0.0010296460348914016,,,0.0007770913470878502,,,,,,0.0005051093756071026,,,0.0015541826941757003,,,,0.00596417608889925,0.002855810700547849,,0.0067412674359871,,,,0.0007770913470878502,0.0005051093756071026,0.0002525546878035513,,0.0002525546878035513,,0.0002525546878035513,0.0002525546878035513,0.0002525546878035513,,,0.0007770913470878502,,0.0002525546878035513,,0.0012822007226949528,0.0007770913470878502,,,,,0.0025838287290671016,0.0005051093756071026,0.0002525546878035513,0.0012822007226949528,,0.0012822007226949528,,0.020262656875315692,,0.0036329020476356996,0.0015541826941757003,0.055639740451490075,0.0023312740412635507,0.0015541826941757003,0.0007770913470878502,0.0007770913470878502,,,,,0.02078719353459999,0.0002525546878035513,0.0007770913470878502,,,,0.11283366359715584,0.002855810700547849,0.7442203831060341,,,0.0007770913470878502
,0.00048568209192990637,0.00023312740412635504,,0.0007382367797334577,,,,0.00023312740412635504,,0.0009907914675370089,0.00023312740412635504,,0.0014959008431441117,,,,0.0037688930333760733,0.003263783657768971,0.00048568209192990637,0.0022535649065547657,,,,0.00048568209192990637,0.00048568209192990637,0.00023312740412635504,,,,0.00023312740412635504,,,,,0.0007382367797334577,,0.0007382367797334577,,,0.0014959008431441117,,,0.0007382367797334577,,0.0022535649065547657,0.00023312740412635504,0.00023312740412635504,0.00048568209192990637,,0.0022535649065547657,,0.012297470567665229,0.00048568209192990637,0.0025061195943583167,0.002758674282161868,0.034658274080118116,0.0062750126277343905,0.0012433461553405603,0.0014959008431441117,0.00048568209192990637,,,0.00023312740412635504,,0.01581380891323775,,0.0007382367797334577,,,,0.10803512452888837,0.0030112289699654195,0.784201732913704,0.00023312740412635504,,0.0007382367797334577
0.0002525546878035513,0.0005245366592842988,,,0.0007770913470878502,,,,,,0.0018261646656564478,,,0.0015736099778528966,0.0002525546878035513,0.0020981466371371954,,0.003419201927186541,0.0026226832964214943,0.0002525546878035513,0.003419201927186541,,,0.0002525546878035513,0.0015736099778528966,0.0007770913470878502,0.0002525546878035513,,,,,,,,,0.0031472199557057933,,0.0005245366592842988,,0.0002525546878035513,0.0015736099778528966,,,0.0005245366592842988,,0.0026226832964214943,0.0002525546878035513,0.0007770913470878502,0.0007770913470878502,,0.001301628006372149,,0.017911955550374947,,0.002370128608617943,0.0005245366592842988,0.055309476628977734,0.0020981466371371954,0.0015736099778528966,0.002894665267902242,0.0005245366592842988,,0.0005245366592842988,0.0002525546878035513,,0.017367991607413452,,0.0002525546878035513,0.0005245366592842988,,,0.12458717022185958,0.004468275245755138,0.7364106150678011,,,0.0007770913470878502
,0.0013210552900493452,,,0.0005245366592842988,,0.0002525546878035513,,0.0015930372615300928,,0.0013210552900493452,,,0.0018650192330108403,,0.001068500602245794,,0.004274002408983176,0.0029335198352566346,,0.006682985584955512,0.0002525546878035513,,,,0.001068500602245794,,,,,,,,,,0.0007965186307650464,0.0007965186307650464,0.0005245366592842988,,0.0002525546878035513,0.0018650192330108403,,,,,0.0029335198352566346,0.0005245366592842988,0.0007965186307650464,0.0002525546878035513,,0.0018650192330108403,0.0005245366592842988,0.0171154369196099,,0.004817966351944671,0.0005245366592842988,0.04281773322454054,0.0018650192330108403,0.001068500602245794,0.0029335198352566346,0.0005245366592842988,,,,,0.0165909002603256,0.0002525546878035513,0.0002525546878035513,,,,0.14026498814935695,0.004002020437502429,0.7316120759995337,,,0.001068500602245794
,0.0010879278859229902,,,0.0010879278859229902,,0.00027198197148074754,,0.0008159459144422427,,0.0013599098574037377,,,0.001903873800365233,,0.0010879278859229902,,0.001903873800365233,0.003283210941446167,,0.01317169833313906,,,0.0024672650270039244,,0.00027198197148074754,0.0010879278859229902,,,,,0.0005439639429614951,,,,0.0035551929129269146,,,,0.00027198197148074754,0.0010879278859229902,0.0008159459144422427,,,,0.006313867195088783,,0.0005439639429614951,0.0010879278859229902,,0.002195283055523177,0.0010879278859229902,0.017834246415666163,0.0005439639429614951,0.00959707813653495,0.003827174884407662,0.05793215992539923,0.0030112289699654195,0.0008159459144422427,0.0030112289699654195,0.0008159459144422427,,0.003827174884407662,0.00027198197148074754,,0.016746318529743173,,0.00027198197148074754,,0.0005439639429614951,,0.10653922368574426,0.004662548082527101,0.7213544702179742,,0.00027198197148074754,0.0008159459144422427
,,0.00027198197148074754,,0.000835373198119439,,0.000835373198119439,,0.0011073551696001865,,0.0013987644247581304,,,0.0005439639429614951,,,,0.004779111784590279,0.002797528849516261,,0.009558223569180558,,,0.003360920076154952,,0.00027198197148074754,,,,,,0.00027198197148074754,,,0.00027198197148074754,0.0011073551696001865,,,,0.0011073551696001865,0.0011073551696001865,0.00027198197148074754,,,0.00027198197148074754,0.0013987644247581304,,0.00027198197148074754,0.0013987644247581304,,0.003924311302793643,0.00027198197148074754,0.01773710999728018,0.0005439639429614951,0.003924311302793643,0.0025255468780355133,0.059428060768543345,0.0019621556513968216,0.0011073551696001865,0.0013987644247581304,0.0019621556513968216,0.00027198197148074754,0.001670746396238878,0.0005439639429614951,,0.01773710999728018,,0.0005439639429614951,,0.00027198197148074754,,0.08309049228736838,0.005614484982709718,0.760850137933714,0.00027198197148074754,0.00027198197148074754,0.000835373198119439
0.0005245366592842988,0.0005245366592842988,0.0002525546878035513,,0.0013210552900493452,,0.0002525546878035513,,,,0.0015736099778528966,,,0.0018455919493336442,,0.0005245366592842988,0.0002525546878035513,0.0031666472393829894,0.0045071298131095314,0.0002525546878035513,0.005303648443874577,,,,0.0002525546878035513,0.0007770913470878502,,,,,0.0002525546878035513,0.0002525546878035513,,,,0.0005245366592842988,,,,,0.0013210552900493452,,,,,0.002117573920814392,0.0002525546878035513,,,,0.0045071298131095314,0.0002525546878035513,0.016454909274585226,0.0002525546878035513,0.0045071298131095314,0.0015736099778528966,0.042468042118351014,0.0010490733185685977,0.0002525546878035513,0.0018455919493336442,0.0013210552900493452,,,0.0002525546878035513,,0.01884446516688037,,0.0010490733185685977,,,,0.13035707347398687,0.0037106111823444845,0.7442203831060341,0.0002525546878035513,0.0002525546878035513,0.0005245366592842988
,0.0007770913470878502,,,0.0010296460348914016,,0.0002525546878035513,,,,0.0007770913470878502,0.0007770913470878502,,0.0002525546878035513,,,,0.004429420678400746,0.005731048684772895,0.0002525546878035513,0.004429420678400746,,,,0.0005051093756071026,0.001301628006372149,,,,,,0.0010296460348914016,0.0002525546878035513,,,0.001301628006372149,,0.0002525546878035513,,0.0002525546878035513,0.0015541826941757003,,0.0002525546878035513,0.0005051093756071026,,0.001301628006372149,0.0002525546878035513,,0.0002525546878035513,0.0005051093756071026,0.0020787193534599993,0.0002525546878035513,0.018222792089210085,,0.004429420678400746,0.002603256012744298,0.041418968799782414,0.0007770913470878502,0.0018067373819792517,0.0018067373819792517,0.0018067373819792517,,,,,0.016396627423553637,0.0005051093756071026,,,,,0.12037144966390799,0.003380347359832148,0.7556630531919027,,,0.0002525546878035513
,0.0005439639429614951,,,0.0005439639429614951,,0.00027198197148074754,,,0.0013987644247581304,0.00027198197148074754,0.000835373198119439,,0.0005439639429614951,0.00027198197148074754,,,0.005905894237867661,0.00534250301122897,,0.007304658662625791,,,,0.0005439639429614951,0.0013987644247581304,,,,,,0.0005439639429614951,0.00027198197148074754,,,0.001670746396238878,,,,0.00027198197148074754,0.001670746396238878,0.00027198197148074754,0.000835373198119439,,,0.0019621556513968216,0.00027198197148074754,,0.0005439639429614951,0.0005439639429614951,0.0005439639429614951,0.00027198197148074754,0.02053463884679644,0.000835373198119439,0.005614484982709718,0.002797528849516261,0.0498115553483312,0.002234137622877569,0.0011073551696001865,0.000835373198119439,0.0019621556513968216,0.000835373198119439,,0.0005439639429614951,,0.024478377433267282,0.0005439639429614951,,0.000835373198119439,,,0.14327621711932237,0.0025255468780355133,0.7055406613047364,,,0.000835373198119439
,0.0005633912266386914,0.0005633912266386914,,0.0011267824532773829,,0.0017096009635932704,,,0.0017096009635932704,0.0014181917084353265,,,0.0011267824532773829,0.00027198197148074754,,,0.005420212145937755,0.0062750126277343905,,0.006838403854373082,,,0.00027198197148074754,,0.0017096009635932704,,,,,,0.0005633912266386914,,,,0.0039825931538252325,,,,,0.0014181917084353265,0.00027198197148074754,,0.0005633912266386914,,0.0017096009635932704,,,0.00027198197148074754,0.00027198197148074754,0.0017096009635932704,0.0008548004817966352,0.019116447138361116,0.0008548004817966352,0.004274002408983176,0.0014181917084353265,0.06391576329797567,0.003127792672028597,0.0008548004817966352,0.0019815829350740177,0.00027198197148074754,,,,,0.01997124762015775,0.0011267824532773829,,0.0005633912266386914,,,0.16097447254924815,0.0025644014453899055,0.6766717177604227,0.00027198197148074754,0.0008548004817966352,0.0005633912266386914
,0.0002525546878035513,,,,,0.0002525546878035513,,0.0005245366592842988,0.0015930372615300928,0.0010490733185685977,0.0002525546878035513,,0.0005245366592842988,,0.0002525546878035513,,0.004526557096786728,0.006139021641994017,,0.010665578738780743,,,,0.0005245366592842988,0.0010490733185685977,,,,,,,,,,0.003458056494540933,,,,,0.0010490733185685977,0.0005245366592842988,,,,0.0015930372615300928,0.0005245366592842988,0.0002525546878035513,,,0.0013210552900493452,0.0002525546878035513,0.022419085363484477,,0.006139021641994017,0.0007965186307650464,0.0632940902203054,0.0010490733185685977,0.0010490733185685977,0.0023895558922951395,0.002117573920814392,,0.0002525546878035513,,,0.02323503127792672,0.0002525546878035513,0.0007965186307650464,0.0005245366592842988,,,0.17228115164937638,0.004798539068267475,0.6604305086062866,,0.0015930372615300928,
,0.00027198197148074754,,,,0.00027198197148074754,0.00027198197148074754,,0.0008159459144422427,0.00027198197148074754,0.0013599098574037377,0.0008159459144422427,,0.0008159459144422427,,,,0.004662548082527101,0.004934530054007849,,0.017853673699343358,,,0.0010879278859229902,,0.00027198197148074754,0.00027198197148074754,,,,,0.00027198197148074754,,,,0.0016318918288844855,0.00027198197148074754,,,,0.002195283055523177,0.0016318918288844855,,,,0.007401795081011773,0.0005439639429614951,0.0005439639429614951,,0.0005439639429614951,0.0024672650270039244,0.00027198197148074754,0.019776974783385786,0.0010879278859229902,0.009888487391692893,0.004118584139565606,0.06455686365932316,0.002739246998484672,0.0013599098574037377,0.004934530054007849,0.0019233010840424291,,0.0010879278859229902,,,0.024711504837393636,,0.0019233010840424291,,,,0.15137739441271322,0.004390566111046354,0.652737304270117,,0.0016318918288844855,
,0.0005633912266386914,,,,0.0008548004817966352,0.0005633912266386914,,0.0014181917084353265,0.0005633912266386914,0.001146209736954579,0.00027198197148074754,,0.0005633912266386914,,,,0.0031472199557057933,0.004002020437502429,,0.00975249640595252,,,0.0005633912266386914,,0.00027198197148074754,,,,,,,,,,0.00027198197148074754,0.00027198197148074754,,,0.00027198197148074754,0.0014181917084353265,0.002855810700547849,0.00027198197148074754,,,0.003438629210863737,,0.00027198197148074754,0.0005633912266386914,0.0005633912266386914,0.0025644014453899055,0.00027198197148074754,0.012608307106500368,0.00027198197148074754,0.00487624820297626,0.0031472199557057933,0.04330341531647045,0.0008548004817966352,0.001146209736954579,0.0037106111823444845,0.0008548004817966352,,,,,0.02094261180401756,0.0005633912266386914,0.00027198197148074754,,,,0.09523254458561604,0.003438629210863737,0.7709134708785017,,0.001146209736954579,
,0.0002525546878035513,,,0.0002525546878035513,,0.0005051093756071026,0.0002525546878035513,0.0005051093756071026,0.0005051093756071026,0.0005051093756071026,0.0002525546878035513,,0.0005051093756071026,,,,0.002292419473909158,0.0025449741617127094,0.0002525546878035513,0.0007576640634106539,,,,0.0007576640634106539,0.0007576640634106539,0.0005051093756071026,,,,,0.0002525546878035513,,,,0.0025449741617127094,,,,,,0.0007576640634106539,0.0002525546878035513,0.0002525546878035513,,0.0007576640634106539,0.0002525546878035513,0.0005051093756071026,0.0002525546878035513,,0.0025449741617127094,,0.014589890041574387,0.0002525546878035513,0.003827174884407662,0.0007576640634106539,0.044566188755488206,0.0010102187512142052,0.0005051093756071026,0.0017873100983020554,0.0010102187512142052,,,,,0.01997124762015775,0.0002525546878035513,,,,,0.1498620662858919,0.0020398647861056066,0.7387807436764191,,0.0007576640634106539,0.0002525546878035513
,0.00027198197148074754,,,0.00027198197148074754,0.00027198197148074754,0.00027198197148074754,,0.0008159459144422427,0.0010879278859229902,0.00027198197148074754,0.0005439639429614951,,0.0005439639429614951,,0.0005439639429614951,0.00027198197148074754,0.0027198197148074754,0.004351711543691961,,0.0013599098574037377,,,,0.0010879278859229902,0.00027198197148074754,,,,,,,0.00027198197148074754,,,0.0035357656292497185,,,,,0.0005439639429614951,0.0005439639429614951,0.00027198197148074754,,,0.0016318918288844855,,0.00027198197148074754,0.00027198197148074754,,0.0010879278859229902,0.00027198197148074754,0.015541826941757004,,0.0073435132299801845,0.0008159459144422427,0.057252204996697365,0.00027198197148074754,0.0005439639429614951,0.0013599098574037377,,,,,,0.016629754827679994,0.00027198197148074754,0.0005439639429614951,0.00027198197148074754,,,0.17150406030228854,0.003263783657768971,0.699362785095388,,0.0005439639429614951,0.0008159459144422427
,,,,0.0007770913470878502,0.0005245366592842988,,,0.0005245366592842988,0.0015736099778528966,0.0005245366592842988,0.0005245366592842988,,0.0007770913470878502,,0.0013210552900493452,,0.0045071298131095314,0.0045071298131095314,,0.0026421105800986905,,,,0.0010490733185685977,0.0005245366592842988,0.0002525546878035513,,,,,0.0002525546878035513,,,,0.004235147841628784,,,0.0002525546878035513,,0.0005245366592842988,0.0007770913470878502,,,,0.0026421105800986905,0.0005245366592842988,0.0005245366592842988,0.0013210552900493452,,0.0002525546878035513,,0.01723200062167308,0.0005245366592842988,0.0055562031316781285,0.0013210552900493452,0.059661188172669695,0.0015736099778528966,0.0026421105800986905,0.0026421105800986905,0.0018455919493336442,0.0007770913470878502,,0.0002525546878035513,,0.022807631037028403,0.0005245366592842988,0.0002525546878035513,0.0002525546878035513,,,0.16682208493608425,0.003438629210863737,0.6787115825465284,,0.0007770913470878502,0.0010490733185685977
,,,,0.0005051093756071026,0.0005051093756071026,0.0002525546878035513,,0.0005051093756071026,0.0017873100983020554,0.002836383416870653,0.0002525546878035513,,0.0002525546878035513,,,,0.002836383416870653,0.004895675486653456,,0.0030889381046742045,,0.0002525546878035513,0.0005051093756071026,,0.0005051093756071026,,,,0.0002525546878035513,,0.0005051093756071026,,,,0.006177876209348409,,0.0002525546878035513,,,0.0015347554104985042,0.0005051093756071026,,,,0.004371138827369158,0.0002525546878035513,0.0007576640634106539,0.0002525546878035513,,0.0015347554104985042,0.0012822007226949528,0.013657380425068966,,0.004643120798849905,0.0015347554104985042,0.04693631736410615,0.0012822007226949528,0.0010296460348914016,0.0030889381046742045,0.0002525546878035513,,,,,0.020631775265182423,,0.0002525546878035513,0.0002525546878035513,,,0.1436841900765435,0.002836383416870653,0.7214710339200372,0.0002525546878035513,0.0005051093756071026,0.0010296460348914016
,0.0005245366592842988,,,0.0005245366592842988,,0.0005245366592842988,,0.001068500602245794,0.0005245366592842988,0.0032249290904145782,0.0007965186307650464,,0.0027003924311302793,0.0005245366592842988,0.0007965186307650464,,0.0016124645452072891,0.004040875004856821,,0.0067412674359871,,,0.0027003924311302793,,0.0002525546878035513,0.0005245366592842988,,,0.0002525546878035513,,0.0002525546878035513,,,,0.007013249407467848,,,,,0.002156428488168784,,,,,0.003496911061895326,0.0002525546878035513,0.0002525546878035513,,,0.0002525546878035513,,0.017562264444185415,0.0002525546878035513,0.0059253215215448575,0.0007965186307650464,0.05375529393480204,0.0016124645452072891,0.001068500602245794,0.0059253215215448575,0.001068500602245794,0.0002525546878035513,,0.0002525546878035513,,0.02323503127792672,0.0002525546878035513,0.0002525546878035513,,,,0.17805105490150366,0.0048568209192990635,0.6611881726696973,,0.0002525546878035513,0.0024284104596495317
,0.0005245366592842988,,,,,0.0002525546878035513,0.0005245366592842988,0.0007965186307650464,0.0005245366592842988,0.0039825931538252325,0.0002525546878035513,,0.0013210552900493452,0.0005245366592842988,0.0018455919493336442,,0.0037106111823444845,0.0061001670746396236,0.0005245366592842988,0.011423242802191397,,,0.0015930372615300928,,0.0010490733185685977,,,,0.0002525546878035513,,0.0002525546878035513,,,,0.005303648443874577,0.0018455919493336442,,,0.0002525546878035513,0.0018455919493336442,0.0005245366592842988,,0.0005245366592842988,,0.0061001670746396236,0.0002525546878035513,,0.0010490733185685977,0.0002525546878035513,0.002117573920814392,0.0013210552900493452,0.01831992850759607,,0.009558223569180558,0.003438629210863737,0.06323580836927381,0.0026421105800986905,0.0005245366592842988,0.008489722966934763,0.0010490733185685977,,0.0007965186307650464,0.0002525546878035513,,0.02469207755371644,,0.0005245366592842988,0.0002525546878035513,,0.0005245366592842988,0.17482612581108908,0.005828185103158876,0.625811089093523,,0.0015930372615300928,0.0007965186307650464
,0.0007965186307650464,0.0005245366592842988,,,,0.0002525546878035513,0.0005245366592842988,0.001068500602245794,,0.002972374402611027,0.0005245366592842988,,0.0002525546878035513,0.0005245366592842988,0.0013404825737265416,,0.0018844465166880367,0.00596417608889925,0.0005245366592842988,0.008120604577068034,,,0.0007965186307650464,,0.0005245366592842988,,,,0.0002525546878035513,,0.0005245366592842988,,,,0.002972374402611027,,,,0.0007965186307650464,0.001068500602245794,0.0002525546878035513,,,,0.005148230174457007,,,0.0002525546878035513,,0.0007965186307650464,0.0002525546878035513,0.01707658235225551,,0.007304658662625791,0.0018844465166880367,0.05150172902824727,0.0027003924311302793,0.0027003924311302793,0.006488712748183549,0.0013404825737265416,,0.0002525546878035513,0.0005245366592842988,,0.02358472238411625,,0.0007965186307650464,,,,0.1135913276605665,0.00596417608889925,0.7248513812798694,,,0.0005245366592842988
,,,,,,0.0002525546878035513,,0.0002525546878035513,0.0015541826941757003,,0.0005051093756071026,,0.0002525546878035513,,0.0007770913470878502,,0.0018067373819792517,0.003904884019116447,0.0002525546878035513,0.0020787193534599993,,,,,0.0005051093756071026,,,,0.0002525546878035513,,,0.0002525546878035513,,,0.0036329020476356996,,0.0002525546878035513,,0.0002525546878035513,,0.0002525546878035513,,0.0002525546878035513,,0.0010296460348914016,0.0005051093756071026,,0.0007770913470878502,,0.0005051093756071026,,0.012744298092240742,,0.005459066713292148,0.0015541826941757003,0.038524303531880175,0.0023312740412635507,,0.002855810700547849,0.0010296460348914016,,,,,0.02002952947118934,,0.0007770913470878502,0.0005051093756071026,,,0.14292652601313285,0.002603256012744298,0.747775576018961,,,0.0007770913470878502
,,0.0002525546878035513,,0.0007770913470878502,,0.0002525546878035513,,0.0002525546878035513,0.0002525546878035513,0.0005245366592842988,0.0007770913470878502,,0.0002525546878035513,,0.0002525546878035513,,0.003438629210863737,0.0050316664723938295,0.0005245366592842988,0.0013210552900493452,,,0.0002525546878035513,,0.0002525546878035513,,,,0.0002525546878035513,,0.0005245366592842988,,,,0.002370128608617943,,0.0002525546878035513,,0.0002525546878035513,,,,,,0.0007770913470878502,0.0002525546878035513,,0.0005245366592842988,0.0002525546878035513,0.0005245366592842988,,0.013521389439328593,,0.00689668570540467,0.0010490733185685977,0.03978707697089793,0.0031666472393829894,0.0002525546878035513,0.002914092551579438,0.0005245366592842988,,,,,0.01696001865019233,0.0002525546878035513,0.0002525546878035513,,,,0.160760772428799,0.002117573920814392,0.7298441931849089,0.0002525546878035513,,0.0010490733185685977
,,0.0002525546878035513,,0.0002525546878035513,,0.0005245366592842988,,,0.0002525546878035513,0.0010490733185685977,0.001301628006372149,0.0002525546878035513,,,,,0.004196293274274391,0.0068189765706958855,,0.003924311302793643,,,0.0010490733185685977,,0.0002525546878035513,,,,,,0.0005245366592842988,0.0002525546878035513,,0.0002525546878035513,0.0026226832964214943,,0.0002525546878035513,,,0.0002525546878035513,0.0007770913470878502,,,,0.0026226832964214943,,,,0.0002525546878035513,0.003924311302793643,0.0002525546878035513,0.018125655670824106,,0.006294439911411587,0.0010490733185685977,0.04388623382678634,0.0033997746435093447,0.0005245366592842988,0.0020981466371371954,0.0005245366592842988,0.0002525546878035513,,,,0.0207483389672456,,0.0002525546878035513,,,,0.17107666006139022,0.0026226832964214943,0.6962544197070366,0.0002525546878035513,,0.0005245366592842988
,,0.0002525546878035513,,,,0.0005245366592842988,,0.0002525546878035513,,,0.0005245366592842988,0.0002525546878035513,0.0002525546878035513,,,,0.003438629210863737,0.005847612386836072,,0.0037106111823444845,,,0.0005245366592842988,,,,0.0002525546878035513,,,,0.0005245366592842988,0.0002525546878035513,,0.0002525546878035513,0.0026421105800986905,,0.0002525546878035513,,0.0007965186307650464,,,,,,0.0018455919493336442,0.0002525546878035513,,0.0002525546878035513,0.0002525546878035513,0.004779111784590279,,0.018863892450557564,0.0002525546878035513,0.00425457512530598,0.0010490733185685977,0.05556203131678129,0.0010490733185685977,0.0005245366592842988,0.006644131017601119,0.0005245366592842988,,,,,0.02339044954734429,,0.0002525546878035513,,,,0.16513191125616816,0.0018455919493336442,0.6916695807592182,,,0.0010490733185685977
,0.0002525546878035513,0.0002525546878035513,,,0.0002525546878035513,,,0.0015541826941757003,0.0010296460348914016,0.0007770913470878502,0.0005051093756071026,,0.0018067373819792517,,0.0005051093756071026,,0.0025838287290671016,0.005711621401095698,,0.006216730776702801,,,0.0007770913470878502,,0.0002525546878035513,,0.0005051093756071026,,0.0007770913470878502,,0.0002525546878035513,0.0012822007226949528,,,0.003885456735439251,0.0002525546878035513,0.0002525546878035513,,,0.0010296460348914016,,,0.0002525546878035513,0.0005051093756071026,0.0025838287290671016,,,0.0002525546878035513,,0.0025838287290671016,0.0002525546878035513,0.0181645102381785,,0.0051870847418114,0.0007770913470878502,0.06335237207133698,0.0005051093756071026,0.0015541826941757003,0.002855810700547849,0.0010296460348914016,0.0002525546878035513,,,,0.023876131639274198,,,,,,0.16489878385204182,0.002855810700547849,0.6762637448032016,,0.0010296460348914016,0.0002525546878035513
0.00027198197148074754,0.0013599098574037377,,,0.0010879278859229902,,0.0005439639429614951,,0.0010879278859229902,0.0013599098574037377,0.0016318918288844855,0.00027198197148074754,,0.0021758557718459803,,0.0021758557718459803,,0.0024672650270039244,0.0057504759684500915,0.00027198197148074754,0.00959707813653495,,0.00027198197148074754,0.002739246998484672,,0.0008159459144422427,,0.00027198197148074754,,0.0005439639429614951,,,0.0008159459144422427,,0.00027198197148074754,0.0035551929129269146,0.0008159459144422427,0.00027198197148074754,,,0.0010879278859229902,0.001903873800365233,,0.0005439639429614951,0.0008159459144422427,0.0035551929129269146,,0.0005439639429614951,0.00027198197148074754,0.0005439639429614951,0.005206512025488596,0.0008159459144422427,0.018378210358627658,0.0005439639429614951,0.015075572133504293,0.001903873800365233,0.05843726930100633,0.0010879278859229902,0.0013599098574037377,0.0030112289699654195,0.0010879278859229902,,0.00027198197148074754,,,0.027159342580720364,0.0016318918288844855,0.0008159459144422427,,,,0.18080972918366553,0.004934530054007849,0.6239654971441893,0.0010879278859229902,0.001903873800365233,0.0008159459144422427
0.0002525546878035513,0.0007965186307650464,,0.0002525546878035513,0.0024284104596495317,,0.0005245366592842988,0.0002525546878035513,0.0007965186307650464,0.0002525546878035513,0.0018844465166880367,0.0002525546878035513,,0.0016124645452072891,,0.0016124645452072891,,0.003516338345572522,0.005672766833741306,0.0002525546878035513,0.00975249640595252,,,0.0007965186307650464,0.0002525546878035513,0.001068500602245794,0.001068500602245794,,,0.0005245366592842988,,0.0002525546878035513,0.0005245366592842988,,,0.003516338345572522,0.0002525546878035513,,,,0.0016124645452072891,0.0013404825737265416,,0.0005245366592842988,0.0002525546878035513,0.002972374402611027,,,,0.0007965186307650464,0.0024284104596495317,,0.016785173097097563,,0.01354081672300579,0.004604266231495512,0.04985040991568559,0.001068500602245794,0.0013404825737265416,0.0032443563740917744,0.001068500602245794,,0.0002525546878035513,,,0.02302133115747756,,0.0007965186307650464,,0.0002525546878035513,,0.12895830904922873,0.006216730776702801,0.6988382484361036,,0.0013404825737265416,0.0005245366592842988
,0.0002525546878035513,,0.0002525546878035513,,,0.0005245366592842988,,0.0007965186307650464,0.0002525546878035513,0.004040875004856821,0.0005245366592842988,,0.0005245366592842988,0.0005245366592842988,0.0002525546878035513,,0.003496911061895326,0.003496911061895326,,0.002680965147453083,,,,0.0007965186307650464,0.0002525546878035513,,,,,0.0005245366592842988,0.0005245366592842988,0.0005245366592842988,0.0002525546878035513,,0.002156428488168784,,,,,0.001068500602245794,0.0005245366592842988,,,,0.002156428488168784,0.0002525546878035513,,0.0005245366592842988,,0.0029529471189338307,0.0002525546878035513,0.016979445933869526,,0.006469285464506353,0.001068500602245794,0.057971014492753624,0.001068500602245794,0.0002525546878035513,0.0024089831759723356,0.001068500602245794,0.0007965186307650464,,,,0.022904767455414383,,0.0005245366592842988,,,,0.18743443291758946,0.004312856976337568,0.6652873295255857,,0.001068500602245794,
,,,0.0005245366592842988,0.0002525546878035513,,0.0002525546878035513,,0.0007965186307650464,,0.0007965186307650464,0.0005245366592842988,,0.0005245366592842988,,0.0002525546878035513,,0.0018844465166880367,0.004584838947818316,0.0002525546878035513,0.004040875004856821,,,0.0002525546878035513,0.0005245366592842988,0.0007965186307650464,,,,0.0002525546878035513,,0.0002525546878035513,0.0002525546878035513,,,0.005128802890779811,,,0.0005245366592842988,0.0007965186307650464,0.0005245366592842988,0.0002525546878035513,,,,0.004312856976337568,0.0002525546878035513,0.0013404825737265416,0.0005245366592842988,,0.004312856976337568,,0.020243229591638497,,0.007829195321910091,0.0005245366592842988,0.06671329214749194,0.0016124645452072891,0.001068500602245794,0.004040875004856821,0.0007965186307650464,0.0002525546878035513,,,,0.021331157477561487,,0.001068500602245794,,,,0.1634223102925749,0.004584838947818316,0.6702024322959164,,0.0005245366592842988,0.0007965186307650464
0.0002525546878035513,,,0.0005245366592842988,0.0005245366592842988,,,,0.0007770913470878502,,0.0010490733185685977,0.0005245366592842988,,0.0002525546878035513,,0.0002525546878035513,,0.002350701324940747,0.008140031860745231,,0.005517348564323736,,,0.0005245366592842988,0.0002525546878035513,,,,,,,0.0002525546878035513,0.0002525546878035513,,,0.005769903252127288,,,,0.0002525546878035513,0.0015736099778528966,0.0002525546878035513,,,,0.002350701324940747,0.0002525546878035513,0.0010490733185685977,0.0005245366592842988,,0.0033997746435093447,,0.015230990402921864,0.0010490733185685977,0.007868049889264483,0.0002525546878035513,0.06308039009985623,0.0033997746435093447,0.0010490733185685977,0.0015736099778528966,0.0007770913470878502,0.0002525546878035513,0.0002525546878035513,,,0.018922174301589153,,0.0007770913470878502,,0.0002525546878035513,,0.18584139565605937,0.005517348564323736,0.6557291059564052,,0.0007770913470878502,0.0005245366592842988
0.00023312740412635504,,0.00023312740412635504,0.00023312740412635504,0.00023312740412635504,,,,0.0007188094960562614,0.00048568209192990637,0.001457046275789719,0.00023312740412635504,,0.0007188094960562614,,0.001223918871663364,,0.003924311302793643,0.002447837743326728,,0.008101177293390839,,,,,,,,,,,0.00023312740412635504,,0.00023312740412635504,,0.002195283055523177,,0.00023312740412635504,,,0.0007188094960562614,0.0007188094960562614,,,,0.0027003924311302793,0.00023312740412635504,0.00048568209192990637,0.00048568209192990637,,0.003438629210863737,,0.013987644247581303,0.00023312740412635504,0.007848622605587286,0.0017096009635932704,0.05305591172242297,0.0019621556513968216,0.00023312740412635504,0.0019621556513968216,0.001223918871663364,0.0009713641838598127,0.00023312740412635504,,,0.019388429109841863,0.00023312740412635504,0.00048568209192990637,0.00023312740412635504,,,0.18127598399191824,0.004895675486653456,0.6766911450441,,0.001223918871663364,0.00023312740412635504
0.00023312740412635504,,,,0.00023312740412635504,,0.00023312740412635504,,0.0009519369001826165,0.0007188094960562614,0.0023895558922951395,0.00023312740412635504,,0.004545984380463924,,,,0.005264793876520185,0.005517348564323736,,0.011267824532773828,,,0.0011850643043089715,0.0004662548082527101,0.00023312740412635504,,,,,0.00023312740412635504,0.00023312740412635504,0.00023312740412635504,,,0.004798539068267475,,0.00023312740412635504,,0.0004662548082527101,0.0009519369001826165,,,,0.00023312740412635504,0.0026226832964214943,,,0.0011850643043089715,,0.004312856976337568,,0.016318918288844853,0.0004662548082527101,0.008878268640478689,0.001903873800365233,0.06193418036290166,0.0014376189921125229,0.0007188094960562614,0.0026226832964214943,0.0009519369001826165,,,,,0.024711504837393636,0.0004662548082527101,0.0009519369001826165,0.0007188094960562614,,,0.19998445817305824,0.005517348564323736,0.6205851497843572,,0.0009519369001826165,0.001903873800365233
0.0007576640634106539,,,,,,,,,0.0020398647861056066,0.0030500835373198118,,,0.005361930294906166,0.0010102187512142052,0.0007576640634106539,,0.004584838947818316,0.008683995803706726,,0.019155301705715506,,,0.0025449741617127094,0.0007576640634106539,,0.0002525546878035513,,,,0.0005051093756071026,0.0002525546878035513,,,,0.010723860589812333,0.0005051093756071026,,,0.0002525546878035513,0.0030500835373198118,0.0007576640634106539,,,0.0002525546878035513,0.007401795081011773,,0.0002525546878035513,0.0007576640634106539,,0.004079729572211213,,0.01940785639351906,0.0007576640634106539,0.011734079341026538,0.0007576640634106539,0.08711194000854801,0.0025449741617127094,0.0002525546878035513,0.0061195943583168206,0.0017873100983020554,,0.0020398647861056066,,,0.025274896064032326,,0.0007576640634106539,0.0015153281268213078,,,0.1939037183820958,0.0066247037339239225,0.558612114854101,,0.0010102187512142052,0.0020398647861056066
,0.00023312740412635504,,,,,0.00023312740412635504,,,0.0009907914675370089,0.002972374402611027,,,0.0014764735594669154,0.0019815829350740177,0.001223918871663364,,0.003458056494540933,0.005944748805222054,,0.015114426700858686,,,0.0017290282472704665,,0.00048568209192990637,,,,,0.0007382367797334577,,,,,0.0039631658701480355,0.00048568209192990637,0.00023312740412635504,,0.0009907914675370089,0.0017290282472704665,0.0009907914675370089,,,0.00048568209192990637,0.005206512025488596,0.0007382367797334577,,0.00048568209192990637,,0.003205501806737382,,0.01214205229824766,0.00048568209192990637,0.008917123207833081,0.001223918871663364,0.06197303493025605,0.0027198197148074754,0.0027198197148074754,0.004953957337685045,0.0017290282472704665,0.001223918871663364,0.00048568209192990637,0.00023312740412635504,,0.015114426700858686,,0.0007382367797334577,0.00023312740412635504,,,0.1271904262346039,0.004701402649881494,0.6956521739130435,,0.0007382367797334577,0.0017290282472704665
,,,,,,,0.00023312740412635504,0.0007188094960562614,0.0009519369001826165,0.0026226832964214943,,,0.0007188094960562614,0.0009519369001826165,,,0.0028752379842250458,0.007421222364688969,,0.011967206745152894,,,,,,,,,,0.0004662548082527101,0.0004662548082527101,,,,0.002156428488168784,,0.00023312740412635504,0.0004662548082527101,0.00023312740412635504,0.0007188094960562614,0.00023312740412635504,,,0.00023312740412635504,0.001670746396238878,0.00023312740412635504,,0.0007188094960562614,,0.004060302288534017,,0.01052958775304037,,0.006469285464506353,0.0011850643043089715,0.044566188755488206,0.003341492792477756,0.0004662548082527101,0.0026226832964214943,0.001903873800365233,0.0007188094960562614,0.0004662548082527101,0.00023312740412635504,,0.02059292069782803,,0.0009519369001826165,,,,0.11190115398065043,0.0026226832964214943,0.7503788320317053,,0.00023312740412635504,0.0004662548082527101
,,0.00023312740412635504,,,,0.00048568209192990637,,,0.0007382367797334577,0.0009907914675370089,0.00023312740412635504,,0.0012433461553405603,,0.00023312740412635504,,0.004973384621362241,0.0039825931538252325,0.00023312740412635504,0.004235147841628784,,,0.0007382367797334577,,0.00023312740412635504,,,,,,0.00023312740412635504,0.00048568209192990637,0.00048568209192990637,,0.0034774837782181297,0.0009907914675370089,,,0.00023312740412635504,0.0014959008431441117,0.0012433461553405603,0.00023312740412635504,,,0.0012433461553405603,,0.0007382367797334577,0.00023312740412635504,,0.0034774837782181297,0.00023312740412635504,0.013948789680226911,0.00023312740412635504,0.006721840152309904,0.0014959008431441117,0.05935035163383456,0.002739246998484672,0.00048568209192990637,0.0052259393091657926,0.00048568209192990637,0.0007382367797334577,0.00048568209192990637,0.0007382367797334577,,0.021195166491821113,,,0.00023312740412635504,0.00023312740412635504,,0.15936200800404088,0.0024866923106811206,0.6890080428954424,,0.0009907914675370089,0.00048568209192990637
,,0.0010296460348914016,,,,0.0005051093756071026,,0.0002525546878035513,0.0005051093756071026,0.0002525546878035513,0.0005051093756071026,,0.0010296460348914016,,,0.0002525546878035513,0.002836383416870653,0.00596417608889925,,0.003360920076154952,,,,,,,,,,,0.0002525546878035513,0.0007770913470878502,,,0.002836383416870653,,,,,0.002059292069782803,0.0005051093756071026,,,,0.0018067373819792517,,0.0007770913470878502,0.0005051093756071026,,0.0023312740412635507,0.0007770913470878502,0.0176399735788942,0.0005051093756071026,0.0082954501301628,0.0012822007226949528,0.056028286125034,0.002836383416870653,0.0015541826941757003,0.003360920076154952,0.0007770913470878502,0.0010296460348914016,0.0002525546878035513,0.0002525546878035513,,0.02307961300850915,,0.0002525546878035513,,,,0.18962971597311265,0.002059292069782803,0.6597116991102304,,0.0007770913470878502,0.0015541826941757003
,,0.0002525546878035513,,0.0002525546878035513,,0.0002525546878035513,,0.0015153281268213078,,0.0010102187512142052,0.0010102187512142052,,0.0017678828146248592,,,,0.0035357656292497185,0.004545984380463924,0.0002525546878035513,0.005828185103158876,,,0.0005051093756071026,,0.0015153281268213078,,,,,,0.0002525546878035513,0.0005051093756071026,,,0.003283210941446167,0.0002525546878035513,,,,0.0010102187512142052,0.0005051093756071026,,,,0.003283210941446167,0.0007576640634106539,0.0005051093756071026,0.0012627734390177566,,0.0035357656292497185,0.0002525546878035513,0.018999883436297937,0.0005051093756071026,0.009869060108015698,0.0002525546878035513,0.06032171581769437,0.0025255468780355133,0.0007576640634106539,0.0035357656292497185,0.0012627734390177566,,0.0005051093756071026,,,0.020262656875315692,,0.0005051093756071026,,,,0.1716011967206745,0.0020204375024284104,0.666899794070793,,0.0012627734390177566,0.0012627734390177566
,0.0002525546878035513,,,0.0002525546878035513,,0.0002525546878035513,0.0002525546878035513,0.0010296460348914016,0.0002525546878035513,0.002311846757586354,0.0005051093756071026,,0.004371138827369158,,0.0012822007226949528,0.0002525546878035513,0.0030889381046742045,0.0059253215215448575,0.0002525546878035513,0.012122625014570463,,,,,0.0002525546878035513,,,,,0.0005051093756071026,0.0002525546878035513,0.0005051093756071026,,,0.003594047480281307,,,,0.0012822007226949528,0.0025644014453899055,0.0010296460348914016,,0.0002525546878035513,0.0002525546878035513,0.004643120798849905,,0.0002525546878035513,0.0007576640634106539,,0.003341492792477756,0.0002525546878035513,0.017542837160508216,,0.010820997008198314,0.0005051093756071026,0.07714574348214633,0.00876170493841551,0.002059292069782803,0.006702412868632708,0.0007576640634106539,,0.0002525546878035513,0.0002525546878035513,,0.026576524070404475,,0.0007576640634106539,0.0002525546878035513,0.0002525546878035513,,0.24253020942611803,0.004895675486653456,0.5447216070249057,,0.0005051093756071026,0.0025644014453899055
,0.0002525546878035513,,,,,0.0012822007226949528,0.0002525546878035513,0.0010296460348914016,0.0005051093756071026,0.0015541826941757003,0.0010296460348914016,,0.0023312740412635507,,0.0007770913470878502,,0.00440999339472355,0.007265804095271399,,0.015600108792788593,,,0.0002525546878035513,,,0.0002525546878035513,,,,0.0002525546878035513,0.0002525546878035513,0.0002525546878035513,,,0.004662548082527101,,,,0.0007770913470878502,0.0020787193534599993,0.0005051093756071026,0.0002525546878035513,,0.0002525546878035513,0.007537786066752147,,0.0002525546878035513,0.0002525546878035513,,0.0020787193534599993,0.0010296460348914016,0.01690173679916074,,0.015600108792788593,0.0012822007226949528,0.0793215992539923,0.012996852780044294,0.0005051093756071026,0.007790340754555698,0.0005051093756071026,,,,,0.027819870225745037,,0.0005051093756071026,0.0002525546878035513,0.0002525546878035513,,0.22263667094066908,0.005459066713292148,0.5481019543847379,,0.0010296460348914016,0.0018067373819792517
,,,,,,,,0.0010490733185685977,0.0005245366592842988,0.0007770913470878502,0.0002525546878035513,,0.0010490733185685977,,0.0002525546878035513,,0.005517348564323736,0.0031472199557057933,,0.017367991607413452,,,0.001301628006372149,0.0005245366592842988,0.0002525546878035513,,,,,0.0007770913470878502,,,,,0.005264793876520185,,,,0.0005245366592842988,0.0007770913470878502,0.0007770913470878502,,,0.0002525546878035513,0.0031472199557057933,,0.0002525546878035513,0.001301628006372149,,0.002894665267902242,0.0002525546878035513,0.013676807708746163,,0.01183121575941252,0.0020981466371371954,0.069491393713331,0.009985623810078875,0.0007770913470878502,0.006313867195088783,0.0010490733185685977,,0.0005245366592842988,0.0002525546878035513,,0.019738120216031396,,0.0002525546878035513,0.0002525546878035513,0.0007770913470878502,,0.16058592687570425,0.0026226832964214943,0.6502311846757587,,0.0010490733185685977,0.0002525546878035513
0.0002525546878035513,,,,0.0002525546878035513,,0.0002525546878035513,,0.0017678828146248592,0.0002525546878035513,0.0002525546878035513,0.0007576640634106539,,0.0012627734390177566,,,,0.0020204375024284104,0.0030500835373198118,,0.004060302288534017,,,0.0002525546878035513,0.0015153281268213078,,0.0005051093756071026,,,,,0.0005051093756071026,0.0002525546878035513,,,0.0025449741617127094,,,,0.0002525546878035513,0.0010102187512142052,0.0002525546878035513,,,,0.002797528849516261,,,0.0002525546878035513,,0.0017678828146248592,0.0002525546878035513,0.015017290282472704,,0.009674787271243735,0.0007576640634106539,0.06139021641994016,0.0020204375024284104,0.0017678828146248592,0.004312856976337568,0.0002525546878035513,0.0002525546878035513,,,,0.02164199401639663,,0.0002525546878035513,,,,0.16330574659051172,0.0015153281268213078,0.6892217430158915,,0.0012627734390177566,0.0010102187512142052
0.0002525546878035513,,0.0005245366592842988,,0.0002525546878035513,,0.0005245366592842988,,0.001068500602245794,,0.0002525546878035513,0.0005245366592842988,,0.0013210552900493452,,,,0.003205501806737382,0.004817966351944671,0.0002525546878035513,0.0015930372615300928,,,0.001068500602245794,0.001068500602245794,,,,,,,0.0005245366592842988,0.0005245366592842988,,,0.0029335198352566346,,,,0.0005245366592842988,0.0029335198352566346,0.0002525546878035513,,,,0.0024089831759723356,,,0.0002525546878035513,,0.003205501806737382,0.0015930372615300928,0.018747328748494385,,0.007226949527917007,0.0015930372615300928,0.07906904456618875,0.0024089831759723356,0.0015930372615300928,0.006682985584955512,0.0002525546878035513,0.0002525546878035513,0.0002525546878035513,,,0.021700275867428218,,0.0002525546878035513,,,,0.16377200139876444,0.0029335198352566346,0.6605859268757042,,0.0007965186307650464,
,,,,0.0005245366592842988,,0.0007965186307650464,,0.0013210552900493452,0.0002525546878035513,0.002914092551579438,0.0007965186307650464,,0.0013210552900493452,,0.0007965186307650464,,0.0037106111823444845,0.003458056494540933,0.0005245366592842988,0.0050510937560710265,,,,0.0002525546878035513,,,,,,0.0007965186307650464,,0.0007965186307650464,,,0.0037106111823444845,,,,0.0007965186307650464,0.002117573920814392,0.0010490733185685977,0.0002525546878035513,,,0.002914092551579438,0.0002525546878035513,0.0005245366592842988,0.0007965186307650464,,0.002914092551579438,0.0005245366592842988,0.015172708551890275,,0.006391576329797568,0.0018455919493336442,0.06632474647394801,0.0050510937560710265,0.0010490733185685977,0.00425457512530598,0.0007965186307650464,,0.0002525546878035513,,,0.022632785483933635,0.0005245366592842988,,,0.0005245366592842988,,0.18382095815363095,0.002117573920814392,0.6492986750592532,0.0002525546878035513,0.0005245366592842988,
,,0.0002525546878035513,,,,0.0002525546878035513,,0.0023312740412635507,,0.0002525546878035513,0.0005051093756071026,,0.0002525546878035513,,,,0.002855810700547849,0.0036329020476356996,0.0002525546878035513,0.005711621401095698,,,0.0005051093756071026,,,,,,,,,,,,0.005711621401095698,,0.0002525546878035513,0.0005051093756071026,0.0002525546878035513,0.001301628006372149,0.0005051093756071026,0.0002525546878035513,,,0.005711621401095698,,0.0015541826941757003,0.0002525546878035513,,0.0023312740412635507,,0.020301511442670086,0.0005051093756071026,0.009616505420212145,0.001301628006372149,0.0767960523759568,0.0031083653883514006,0.0005051093756071026,0.003904884019116447,0.0007770913470878502,0.0002525546878035513,,,,0.02863581614018728,0.0007770913470878502,0.0002525546878035513,,0.0002525546878035513,,0.1882309515483545,0.0020787193534599993,0.6262384893344213,0.0002525546878035513,0.0007770913470878502,
,,0.0010490733185685977,0.0002525546878035513,0.0005245366592842988,,0.0007770913470878502,,0.0007770913470878502,,0.001301628006372149,0.001301628006372149,,0.001301628006372149,,,,0.005769903252127288,0.0033997746435093447,,0.008664568520029529,,,,,,,,,,0.0002525546878035513,,0.0002525546878035513,,,0.009985623810078875,,,0.0007770913470878502,,0.0031472199557057933,0.0002525546878035513,,,0.0005245366592842988,0.006566421882892334,0.0005245366592842988,0.0002525546878035513,0.0002525546878035513,,0.004196293274274391,0.0007770913470878502,0.026265687531569337,,0.009985623810078875,0.0015736099778528966,0.07594125189416016,0.005517348564323736,0.001301628006372149,0.0026226832964214943,0.0015736099778528966,0.0002525546878035513,0.0002525546878035513,,,0.026013132843765784,,0.0007770913470878502,0.0002525546878035513,,,0.20524925204957842,0.005245366592842989,0.5837704472160703,,0.0005245366592842988,
,0.0002525546878035513,,,0.0002525546878035513,,0.0005245366592842988,,0.0005245366592842988,,0.007634922485138128,0.001301628006372149,,0.002894665267902242,,,,0.003943738586470839,0.004992811905039437,,0.015522399658079807,,,0.0018261646656564478,,,,,,,0.0002525546878035513,0.0002525546878035513,,,,0.008159459144422426,,,,0.0010490733185685977,0.0026226832964214943,0.0005245366592842988,,,,0.006566421882892334,0.0002525546878035513,0.0005245366592842988,0.001301628006372149,,0.0036717566149900922,0.0002525546878035513,0.0165909002603256,0.0002525546878035513,0.014745308310991957,0.0010490733185685977,0.07741772545362707,0.01841706492598205,0.0010490733185685977,0.009480514434471772,0.0007770913470878502,0.0005245366592842988,0.0002525546878035513,,,0.03448342852702335,0.0002525546878035513,0.001301628006372149,0.0010490733185685977,,,0.2235691805571745,0.0026226832964214943,0.5294906166219839,,0.0015736099778528966,
,,,,,,0.0005245366592842988,,0.0005245366592842988,,0.0013210552900493452,0.0013210552900493452,0.0002525546878035513,0.0013210552900493452,,,,0.005012239188716633,0.003438629210863737,,0.014803590162023546,,,0.0007770913470878502,,,,,,,0.0002525546878035513,0.0002525546878035513,,,,0.0036911838986672884,,,,0.0002525546878035513,0.0020981466371371954,0.0002525546878035513,,0.0002525546878035513,,0.004215720557951587,,0.0026421105800986905,0.0007770913470878502,,0.002370128608617943,0.0002525546878035513,0.016396627423553637,,0.00845086839958037,0.0026421105800986905,0.07458134203675643,0.015075572133504293,0.0018455919493336442,0.0044877025294323344,0.002370128608617943,0.0002525546878035513,0.0002525546878035513,0.0002525546878035513,,0.025915996425379804,,,,,,0.14758907409565994,0.005284221160197381,0.6472199557057932,,0.0005245366592842988,0.0002525546878035513
0.0002525546878035513,0.0005051093756071026,,,0.0002525546878035513,,0.0015347554104985042,,0.0005051093756071026,,0.0002525546878035513,0.0005051093756071026,0.0002525546878035513,0.0005051093756071026,,0.0010296460348914016,,0.002816956133193457,0.004118584139565606,,0.002816956133193457,,,,,,,,,,,0.0007576640634106539,,,,0.007207522244239811,,,,0.0005051093756071026,0.0017873100983020554,0.0002525546878035513,,,,0.003594047480281307,0.0005051093756071026,0.0017873100983020554,0.0002525546878035513,,0.005400784862260559,0.0005051093756071026,0.019582701946613823,,0.012355752418696818,0.0012822007226949528,0.06675214671484633,0.003594047480281307,0.0017873100983020554,0.005148230174457007,0.0005051093756071026,,0.0002525546878035513,,,0.020864902669308776,,0.0002525546878035513,,,,0.16882309515483546,0.003341492792477756,0.6560205152115631,,0.0010296460348914016,0.0005051093756071026
,,0.0007576640634106539,0.0007576640634106539,0.0002525546878035513,,0.0007576640634106539,,0.0005051093756071026,0.0002525546878035513,0.0010102187512142052,0.0005051093756071026,0.0002525546878035513,0.0005051093756071026,0.0007576640634106539,0.0002525546878035513,,0.004351711543691961,0.0035746201966041107,,0.0035746201966041107,,,0.0007576640634106539,,,,,,,,0.0007576640634106539,0.0002525546878035513,,,0.007168667676885418,,,,,0.0017873100983020554,0.0007576640634106539,,0.0002525546878035513,,0.004079729572211213,,0.0017873100983020554,0.0007576640634106539,,0.003827174884407662,,0.017406846174767843,0.0005051093756071026,0.008178886428099623,0.004079729572211213,0.06784007460076932,0.0025449741617127094,0.0015347554104985042,0.005109375607102615,0.0015347554104985042,,0.0007576640634106539,0.0005051093756071026,0.0002525546878035513,0.024828068539456814,,,,,,0.18077087461631114,0.0030695108209970083,0.639565605936978,,0.0007576640634106539,0.0005051093756071026
,,0.0002525546878035513,0.0002525546878035513,0.0002525546878035513,,0.0010296460348914016,,0.0010296460348914016,,0.0017873100983020554,,0.0002525546878035513,0.0007576640634106539,0.002311846757586354,0.0005051093756071026,,0.0030889381046742045,0.004371138827369158,0.0002525546878035513,0.002059292069782803,0.0002525546878035513,,0.0007576640634106539,0.0002525546878035513,0.0007576640634106539,,,,,,0.0002525546878035513,,,0.0002525546878035513,0.005400784862260559,,,,0.0005051093756071026,0.0015347554104985042,0.0005051093756071026,,0.0002525546878035513,,0.003341492792477756,0.0005051093756071026,0.0012822007226949528,0.0010296460348914016,0.0002525546878035513,0.004371138827369158,,0.02090375723666317,,0.006702412868632708,0.0017873100983020554,0.07174495861988577,0.004118584139565606,0.0017873100983020554,0.0025644014453899055,0.0002525546878035513,0.0002525546878035513,0.0002525546878035513,0.0010296460348914016,,0.023215603994249524,,,,0.0002525546878035513,,0.17084353265726387,0.0012822007226949528,0.6520184947740606,,0.0002525546878035513,0.0010296460348914016
,,,,,,0.0005245366592842988,,,,0.0018455919493336442,,0.0002525546878035513,0.0005245366592842988,0.0007770913470878502,0.0010490733185685977,,0.0031666472393829894,0.006333294478765979,0.0002525546878035513,0.006605276450246726,0.0002525546878035513,,0.0005245366592842988,0.0010490733185685977,0.0010490733185685977,,,,,,,,,,0.004759684500913082,,,0.0002525546878035513,,0.0015736099778528966,0.0002525546878035513,,0.0002525546878035513,,0.0020981466371371954,0.0005245366592842988,0.0013210552900493452,0.0007770913470878502,,0.0010490733185685977,0.0002525546878035513,0.01929129269145588,0.0002525546878035513,0.010315887632591211,0.0013210552900493452,0.06613047363717604,0.0026421105800986905,0.0015736099778528966,0.0031666472393829894,0.0013210552900493452,0.0002525546878035513,,0.0007770913470878502,,0.028286125033997748,,0.0002525546878035513,,,,0.18807553327893695,0.002370128608617943,0.6361464040097913,,0.0002525546878035513,0.0002525546878035513
0.0002525546878035513,,,,,,0.0007965186307650464,,0.0013404825737265416,0.0005245366592842988,0.0027003924311302793,,,0.001068500602245794,0.0007965186307650464,,,0.0037883203170532695,0.009208532462991024,0.0002525546878035513,0.015988654466332516,0.0002525546878035513,,,0.0013404825737265416,0.0005245366592842988,,,,,,,,,0.0002525546878035513,0.0043322842600147645,,,,0.0007965186307650464,0.0037883203170532695,0.0005245366592842988,,0.0002525546878035513,,0.002972374402611027,0.0013404825737265416,0.001068500602245794,0.0013404825737265416,,0.004604266231495512,0.001068500602245794,0.017873100983020553,,0.011908924894121304,0.0016124645452072891,0.07860278975793604,0.002156428488168784,0.0024284104596495317,0.003516338345572522,0.0007965186307650464,0.0002525546878035513,,0.0018844465166880367,,0.0243812410148813,,0.0002525546878035513,,,,0.1856665501029646,0.002972374402611027,0.6031783036095894,,,0.0013404825737265416
0.0005245366592842988,,,,,0.0005245366592842988,0.0005245366592842988,,0.0007770913470878502,0.0010490733185685977,0.004740257217235886,,,0.0007770913470878502,0.0002525546878035513,0.0005245366592842988,,0.004740257217235886,0.005264793876520185,0.0002525546878035513,0.016357772856199247,0.0002525546878035513,,0.002370128608617943,0.0002525546878035513,,,,,,0.0005245366592842988,0.0002525546878035513,,,0.0002525546878035513,0.005264793876520185,,,,,0.0031666472393829894,0.002370128608617943,,,0.0005245366592842988,0.005789330535804484,0.0002525546878035513,,0.0015736099778528966,0.0002525546878035513,0.004468275245755138,0.0005245366592842988,0.017406846174767843,,0.02428410459649532,0.002894665267902242,0.09053114193573454,0.003419201927186541,0.0015736099778528966,0.004740257217235886,0.0005245366592842988,0.0005245366592842988,,0.0015736099778528966,,0.03588219295178148,0.0002525546878035513,0.0007770913470878502,,,,0.25894626413334887,0.00975249640595252,0.4822628900027198,,,0.0002525546878035513
0.0008159459144422427,,,,,0.0008159459144422427,0.0013599098574037377,,0.0005439639429614951,0.0013599098574037377,0.0021758557718459803,0.00027198197148074754,,0.0010879278859229902,0.00027198197148074754,,0.00027198197148074754,0.0029918016862882234,0.003263783657768971,0.0005439639429614951,0.012511170688114389,0.00027198197148074754,,0.0029918016862882234,0.0005439639429614951,,,,,,,,,,0.00027198197148074754,0.005711621401095698,,,,,0.0035357656292497185,0.00027198197148074754,0.00027198197148074754,,,0.003263783657768971,0.00027198197148074754,0.0013599098574037377,0.0005439639429614951,0.0008159459144422427,0.0013599098574037377,,0.014959008431441117,,0.013871080545518126,0.004079729572211213,0.05659167735167269,0.0021758557718459803,0.0010879278859229902,0.005711621401095698,0.0010879278859229902,,0.00027198197148074754,0.0013599098574037377,,0.02583828729067102,,0.00027198197148074754,,,,0.19889653028713525,0.004079729572211213,0.6199440494230097,,,
,,,,,0.00027198197148074754,,,0.001690173679916074,0.0005633912266386914,0.001690173679916074,,,0.000835373198119439,0.00027198197148074754,0.00027198197148074754,,0.004526557096786728,0.0025449741617127094,,0.005089948323425419,,,,0.000835373198119439,,,,,,,0.00027198197148074754,0.00027198197148074754,,0.00027198197148074754,0.005361930294906166,,,,0.00027198197148074754,0.002816956133193457,0.0013987644247581304,0.00027198197148074754,,,0.002816956133193457,,0.0005633912266386914,0.000835373198119439,0.00027198197148074754,0.000835373198119439,0.0022535649065547657,0.01612464545207289,,0.011034697128647472,0.00027198197148074754,0.06311924466721062,0.0022535649065547657,0.0011267824532773829,0.0013987644247581304,0.001690173679916074,0.000835373198119439,,0.00027198197148074754,,0.023487585965730272,,,,,,0.1851420134436803,0.000835373198119439,0.6553017057155068,,,
0.00027198197148074754,,,,,,0.0005633912266386914,,0.001146209736954579,,0.0017096009635932704,0.00027198197148074754,,0.0037300384660216806,0.00027198197148074754,0.00027198197148074754,,0.003438629210863737,0.0031472199557057933,,0.0057504759684500915,,,0.001146209736954579,,,,,,,,0.00027198197148074754,0.00027198197148074754,,,0.0031472199557057933,,,,0.0005633912266386914,0.0020010102187512143,0.0020010102187512143,,,0.00027198197148074754,0.0025838287290671016,0.0005633912266386914,0.0017096009635932704,0.0008548004817966352,,0.001146209736954579,0.0008548004817966352,0.014648171892605975,,0.009189105179313829,0.0017096009635932704,0.06929712087655904,0.0017096009635932704,0.0014376189921125229,0.004312856976337568,0.0005633912266386914,,0.0005633912266386914,0.0005633912266386914,,0.024711504837393636,,,,,,0.18028519252438124,0.0028752379842250458,0.650172902824727,,,
0.0008159459144422427,,0.00027198197148074754,,0.0005439639429614951,,,,0.0005439639429614951,,0.0008159459144422427,,,0.0016513191125616816,0.00027198197148074754,0.0005439639429614951,,0.00440999339472355,0.0035746201966041107,,0.009111396044605043,,,0.0008159459144422427,,,,,,,,,0.00027198197148074754,,0.00027198197148074754,0.0038466021680848583,,,,0.0005439639429614951,0.0035746201966041107,0.0016513191125616816,,,,0.0035746201966041107,0.00027198197148074754,0.00027198197148074754,0.0005439639429614951,,0.0024672650270039244,,0.019038738003652328,,0.010199323930528033,0.0019233010840424291,0.0679177837354781,0.0046819753662042975,0.0010879278859229902,0.0035746201966041107,0.00027198197148074754,,0.00027198197148074754,0.00027198197148074754,,0.01987411120177177,,,,,,0.19409799121886778,0.003302638225123363,0.6328243385009907,,,
0.000835373198119439,,,,,,0.000835373198119439,,0.0013987644247581304,0.00027198197148074754,0.0011073551696001865,0.0005439639429614951,0.000835373198119439,0.0025061195943583167,0.00027198197148074754,0.000835373198119439,,0.004196293274274391,0.005867039670513269,,0.00643043089715196,,,0.001670746396238878,,,,,,,,,0.00027198197148074754,,,0.004196293274274391,,,,,0.004740257217235886,0.001670746396238878,,,,0.004740257217235886,0.0005439639429614951,0.00027198197148074754,0.000835373198119439,0.0005439639429614951,0.0025061195943583167,,0.01707658235225551,,0.012316897851342426,0.001670746396238878,0.07333799588141586,0.0025061195943583167,0.0019427283677196255,0.0019427283677196255,0.0011073551696001865,0.00027198197148074754,0.0005439639429614951,0.00027198197148074754,,0.026576524070404475,0.0005439639429614951,,,0.00027198197148074754,,0.20322881454715003,0.0036329020476356996,0.604829622722151,,,
0.00027198197148074754,,0.00027198197148074754,0.00027198197148074754,,,0.0013599098574037377,,0.0013599098574037377,0.0021758557718459803,0.0013599098574037377,0.0008159459144422427,,0.004079729572211213,0.0005439639429614951,0.0008159459144422427,,0.003807747600730466,0.005167657458134203,0.0005439639429614951,0.014453899055834014,0.00027198197148074754,,0.00027198197148074754,0.0005439639429614951,0.0005439639429614951,0.00027198197148074754,,,,,,,,,0.006003030656253643,,,,,0.003807747600730466,0.0016318918288844855,,,0.0005439639429614951,0.001903873800365233,0.0008159459144422427,0.00027198197148074754,0.0008159459144422427,,0.0010879278859229902,,0.016629754827679994,,0.014997862998795509,0.00027198197148074754,0.060030306562536426,0.0027198197148074754,0.0013599098574037377,0.004351711543691961,0.0021758557718459803,0.00027198197148074754,0.0005439639429614951,0.00027198197148074754,,0.025644014453899057,0.00027198197148074754,0.0010879278859229902,,,,0.19130046236935153,0.0016318918288844855,0.6184481485798654,,0.0016318918288844855,0.00027198197148074754
0.0005245366592842988,,0.0002525546878035513,0.0013404825737265416,0.0002525546878035513,0.0005245366592842988,,0.0002525546878035513,0.0016124645452072891,0.002156428488168784,0.0013404825737265416,0.0005245366592842988,0.002156428488168784,0.004060302288534017,,0.0002525546878035513,,0.0032443563740917744,0.004604266231495512,0.0013404825737265416,0.016008081750009714,0.0002525546878035513,,0.002156428488168784,0.0002525546878035513,0.0002525546878035513,0.0002525546878035513,,,,,,,,0.0005245366592842988,0.005692194117418502,,,,,0.004604266231495512,0.0005245366592842988,,,0.001068500602245794,0.00596417608889925,0.001068500602245794,,0.0007965186307650464,,0.002156428488168784,0.0002525546878035513,0.011384388234837005,0.0007965186307650464,0.022788203753351208,0.005692194117418502,0.06407118156739325,0.0024284104596495317,0.0024284104596495317,0.003516338345572522,0.0018844465166880367,0.0005245366592842988,0.0027003924311302793,0.0002525546878035513,,0.033123518669619614,0.0007965186307650464,0.0043322842600147645,,0.001068500602245794,,0.2256090453432801,0.0043322842600147645,0.5444107704860707,,0.0013404825737265416,0.0002525546878035513
0.0005633912266386914,,0.0005633912266386914,,,,0.0005633912266386914,0.0005633912266386914,0.001690173679916074,,0.000835373198119439,0.00027198197148074754,0.0011267824532773829,0.0025255468780355133,,,,0.0036717566149900922,0.003380347359832148,0.0005633912266386914,0.01581380891323775,,,0.0005633912266386914,,0.00027198197148074754,,,,,,,,,,0.003943738586470839,,,,,0.0019621556513968216,0.0011267824532773829,,,0.0005633912266386914,0.003943738586470839,,0.00027198197148074754,0.0005633912266386914,,0.003380347359832148,0.00027198197148074754,0.01354081672300579,0.0005633912266386914,0.017775964564634573,0.0013987644247581304,0.06834518397637643,0.0022535649065547657,0.0013987644247581304,0.002816956133193457,0.0019621556513968216,,0.00027198197148074754,,,0.026537669503050084,0.00027198197148074754,0.001690173679916074,,,,0.13810855966118818,0.0045071298131095314,0.6695613319345689,,,
,,,,,,0.0007770913470878502,,0.0007770913470878502,,0.0010490733185685977,,0.0010490733185685977,0.0007770913470878502,,0.0010490733185685977,,0.005245366592842989,0.004196293274274391,,0.004973384621362241,,,0.0007770913470878502,,0.0005245366592842988,,,,,,,,,,0.0033997746435093447,,,,0.0002525546878035513,0.0026226832964214943,0.0015736099778528966,,,0.0005245366592842988,0.0036717566149900922,0.0005245366592842988,0.0005245366592842988,,,0.0015736099778528966,,0.014706453743637564,0.0002525546878035513,0.00996619652640168,0.0010490733185685977,0.07090958542176633,0.0018261646656564478,0.0005245366592842988,0.003924311302793643,0.001301628006372149,0.0002525546878035513,0.0002525546878035513,,,0.027567315537941485,,0.0007770913470878502,0.0002525546878035513,,,0.18306329409022032,0.0031472199557057933,0.6443641450052453,,,
,,0.00027198197148074754,,,,0.0005439639429614951,,0.0005439639429614951,,0.0005439639429614951,,,0.0005439639429614951,,0.0008159459144422427,0.00027198197148074754,0.004973384621362241,0.003866029451762055,,0.004138011423242802,,,0.0011073551696001865,0.0005439639429614951,0.0008159459144422427,,,,,,,0.00027198197148074754,,,0.003594047480281307,,,,0.00027198197148074754,0.002758674282161868,0.0011073551696001865,,,0.0011073551696001865,0.0033220655088005593,0.0005439639429614951,0.00027198197148074754,0.0005439639429614951,,0.0016513191125616816,0.0019233010840424291,0.015774954345883357,0.0011073551696001865,0.007188094960562614,0.00027198197148074754,0.06510082760228465,0.004138011423242802,0.0011073551696001865,0.0019233010840424291,0.0008159459144422427,,0.0011073551696001865,0.00027198197148074754,,0.02381784978824261,,0.0008159459144422427,,0.00027198197148074754,,0.1878229785911334,0.004138011423242802,0.6474336558262423,0.00027198197148074754,,0.00027198197148074754
,,0.00027198197148074754,,0.00027198197148074754,,,,0.00027198197148074754,0.0010879278859229902,0.0010879278859229902,0.00027198197148074754,,0.0005439639429614951,,,,0.0038466021680848583,0.0038466021680848583,,0.0035746201966041107,,,0.0013599098574037377,,,,,,,,,0.00027198197148074754,,,0.0024672650270039244,,,,,0.003302638225123363,,,,,0.004953957337685045,0.00027198197148074754,,0.00027198197148074754,,0.002739246998484672,0.0008159459144422427,0.014861872013055135,0.0008159459144422427,0.00990791467537009,0.0019233010840424291,0.06997707580526091,0.004953957337685045,0.0019233010840424291,0.0038466021680848583,0.0005439639429614951,0.0005439639429614951,0.0016513191125616816,,,0.02203053968994055,,,,,,0.1810040020204375,0.004118584139565606,0.650367175661499,,,
,,,,,,0.00027198197148074754,,0.00027198197148074754,0.0025061195943583167,0.0011073551696001865,,,0.0005439639429614951,0.000835373198119439,0.00027198197148074754,,0.0036134747639585034,0.0027781015658390642,,0.004448847962077942,,,0.0025061195943583167,,,,,,,,,,,,0.002214710339200373,0.00027198197148074754,,,0.0011073551696001865,0.0019427283677196255,0.00027198197148074754,,,,0.005284221160197381,,0.0011073551696001865,0.0011073551696001865,,0.0027781015658390642,,0.026479387652018495,0.000835373198119439,0.008081750009713642,0.0005439639429614951,0.06801492015386408,0.003341492792477756,0.001379337141080934,0.005012239188716633,0.001379337141080934,0.00027198197148074754,0.001670746396238878,,,0.03149162684073513,0.00027198197148074754,0.00027198197148074754,,,,0.18539456813148386,0.003885456735439251,0.6264327621711931,,,
,0.0005439639429614951,0.00027198197148074754,,,0.00027198197148074754,0.0008159459144422427,,0.0016318918288844855,0.0021758557718459803,0.0010879278859229902,,,0.0030112289699654195,0.0008159459144422427,0.002739246998484672,,0.004371138827369158,0.00767377705249252,0.002739246998484672,0.008489722966934763,,,0.001903873800365233,0.0005439639429614951,0.0016318918288844855,,,,,,,,,,0.001903873800365233,,,0.00027198197148074754,,0.0030112289699654195,0.0010879278859229902,0.00027198197148074754,0.00027198197148074754,0.0008159459144422427,0.0035551929129269146,0.00027198197148074754,0.0013599098574037377,0.001903873800365233,,0.0013599098574037377,0.00027198197148074754,0.01670746396238878,,0.01835878307495046,0.001903873800365233,0.08056494540933287,0.0021758557718459803,0.0008159459144422427,0.001903873800365233,0.0016318918288844855,0.0016318918288844855,0.001903873800365233,,,0.026848506041885222,0.0005439639429614951,0.0008159459144422427,,,,0.1976143295644403,0.0035551929129269146,0.5845863931305124,,0.0005439639429614951,0.0008159459144422427
,0.0002525546878035513,,0.0002525546878035513,,,,,0.002156428488168784,0.0007965186307650464,0.003516338345572522,,0.0002525546878035513,0.018689046897462796,0.0002525546878035513,0.0005245366592842988,,0.0037883203170532695,0.006760694719664296,0.004604266231495512,0.015153281268213078,,0.0002525546878035513,0.004604266231495512,,0.0016124645452072891,,,,,,,,,0.0002525546878035513,0.00975249640595252,,,,,0.004604266231495512,0.0013404825737265416,,0.0005245366592842988,0.0002525546878035513,0.0043322842600147645,,0.0032443563740917744,0.0024284104596495317,,0.005128802890779811,0.0007965186307650464,0.013812798694486537,,0.034133737420833817,0.0007965186307650464,0.08695652173913043,0.00487624820297626,0.001068500602245794,0.0027003924311302793,0.0018844465166880367,,0.001068500602245794,0.0005245366592842988,,0.029529471189338307,,0.0002525546878035513,,0.0005245366592842988,,0.18014920153864086,0.006216730776702801,0.536426156894743,,0.0007965186307650464,0.002156428488168784
,,,,,,0.0008548004817966352,,0.002855810700547849,0.00027198197148074754,0.0037106111823444845,,0.0008548004817966352,0.009713641838598127,,0.0005633912266386914,,0.005711621401095698,0.00456541166414112,0.0017096009635932704,0.01286086179430392,,,0.0014181917084353265,,0.0020010102187512143,,,,,,,,,,0.006003030656253643,,,,0.00027198197148074754,0.002855810700547849,0.0014181917084353265,,,0.00027198197148074754,0.005420212145937755,,0.0020010102187512143,0.0014181917084353265,0.00027198197148074754,0.005711621401095698,,0.015444690523371022,,0.02717876986439756,0.0011267824532773829,0.0555037494657497,0.0025644014453899055,0.0005633912266386914,0.0031472199557057933,0.0020010102187512143,0.00027198197148074754,0.0005633912266386914,0.0005633912266386914,,0.03289039126549326,,0.0005633912266386914,,,,0.1430625169988732,0.00456541166414112,0.6372537591793916,,,
,,0.0005633912266386914,,,,0.0005633912266386914,,0.00027198197148074754,0.0005633912266386914,0.0013987644247581304,,0.000835373198119439,,,,,0.0059253215215448575,0.0030889381046742045,,0.001690173679916074,,,,0.00027198197148074754,,,,,0.00027198197148074754,,,,,,0.006488712748183549,,,,0.00027198197148074754,0.001690173679916074,0.000835373198119439,,,,0.0030889381046742045,0.00027198197148074754,0.0005633912266386914,,0.0005633912266386914,0.000835373198119439,,0.02002952947118934,,0.008742277654738315,0.0019621556513968216,0.06517853673699343,0.0019621556513968216,0.0011267824532773829,0.003380347359832148,,,0.0005633912266386914,0.00027198197148074754,,0.025391459766095505,0.00027198197148074754,,,,,0.17158176943699732,0.003943738586470839,0.6652679022419085,,0.00027198197148074754,
,,,0.0007965186307650464,,,0.0002525546878035513,,0.0013404825737265416,0.0005245366592842988,0.003516338345572522,,,0.0002525546878035513,0.001068500602245794,0.0002525546878035513,,0.003516338345572522,0.00596417608889925,,0.003516338345572522,,,,0.0007965186307650464,,,,,,,0.0002525546878035513,,,,0.005420212145937755,,,,,0.0027003924311302793,,,,0.0005245366592842988,0.0043322842600147645,0.0002525546878035513,,0.0002525546878035513,0.0005245366592842988,0.0018844465166880367,0.0002525546878035513,0.019524420095582237,,0.00975249640595252,0.0027003924311302793,0.06671329214749194,0.0027003924311302793,0.0016124645452072891,0.0037883203170532695,0.0013404825737265416,,0.0005245366592842988,,,0.029276916501534755,,,,,,0.1863270777479893,0.0037883203170532695,0.6335042934296926,,,0.0002525546878035513
,0.00027198197148074754,,0.00027198197148074754,,,0.00027198197148074754,,0.002195283055523177,0.0005439639429614951,0.0008159459144422427,0.0005439639429614951,,0.00027198197148074754,0.0005439639429614951,0.00027198197148074754,,0.0030112289699654195,0.006313867195088783,0.00027198197148074754,0.008528577534289155,,,0.0008159459144422427,,,0.00027198197148074754,,,,,,0.00027198197148074754,,0.0005439639429614951,0.006877258421727474,0.00027198197148074754,,,0.00027198197148074754,0.0024672650270039244,0.0019233010840424291,,,,0.004390566111046354,,,,0.00027198197148074754,0.00027198197148074754,0.0010879278859229902,0.022011112406263356,,0.011267824532773828,0.0013599098574037377,0.0720752224423981,0.0030112289699654195,0.0016318918288844855,0.002739246998484672,,,,,,0.025294323347709525,0.00027198197148074754,,,,,0.1862687958969577,0.006041885223608035,0.623343824066519,,0.0005439639429614951,0.00027198197148074754
0.0005633912266386914,,,,,,0.00027198197148074754,0.00027198197148074754,0.0019815829350740177,0.0011267824532773829,0.002272992190231962,0.00027198197148074754,0.000835373198119439,0.000835373198119439,0.000835373198119439,0.0014181917084353265,,0.004545984380463924,0.002836383416870653,0.001690173679916074,0.015366981388662238,,,0.0025449741617127094,,,,,,,,,,,,0.004545984380463924,0.00027198197148074754,,,,0.001690173679916074,0.00027198197148074754,0.00027198197148074754,,,0.002272992190231962,0.000835373198119439,,,0.000835373198119439,0.0039825931538252325,0.00027198197148074754,0.019077592571006722,0.0011267824532773829,0.005692194117418502,0.000835373198119439,0.07349341415083344,0.00425457512530598,0.0014181917084353265,0.0039825931538252325,0.0005633912266386914,0.00027198197148074754,0.0014181917084353265,,,0.022788203753351208,0.000835373198119439,,,,,0.19881882115242647,0.003127792672028597,0.6093756071026148,,,
0.001068500602245794,,,,0.0007965186307650464,,0.0002525546878035513,0.0005245366592842988,0.002137001204491588,0.001068500602245794,0.002680965147453083,,,0.005109375607102615,0.0007965186307650464,0.0007965186307650464,,0.00565333955006411,0.0032249290904145782,0.0018844465166880367,0.027450751835878306,0.0002525546878035513,,0.0013404825737265416,0.0007965186307650464,,,0.0005245366592842988,,,0.0002525546878035513,,,,0.0002525546878035513,0.0053813575785833625,0.0002525546878035513,,0.0005245366592842988,,0.0013404825737265416,0.0007965186307650464,,,,0.006721840152309904,0.0005245366592842988,,,0.0005245366592842988,0.002137001204491588,,0.020184947740606907,0.001068500602245794,0.010762715157166725,0.004021447721179625,0.07485332400823717,0.004021447721179625,0.001068500602245794,0.0029529471189338307,0.0002525546878035513,0.0005245366592842988,0.002680965147453083,0.0002525546878035513,,0.027450751835878306,0.0002525546878035513,0.001068500602245794,,,,0.1758169172786261,0.003496911061895326,0.5942028985507246,,,
0.0007965186307650464,,,,0.0010490733185685977,,0.0002525546878035513,0.0002525546878035513,0.0010490733185685977,0.0007965186307650464,0.0029335198352566346,,,0.002661537863775887,,,,0.005323075727551774,0.007207522244239811,0.0010490733185685977,0.03283210941446167,,,0.0007965186307650464,0.0005245366592842988,,0.0002525546878035513,,,,0.0002525546878035513,,,,0.0002525546878035513,0.004002020437502429,0.0002525546878035513,,0.0002525546878035513,,0.00425457512530598,0.0007965186307650464,,,,0.006139021641994017,0.0005245366592842988,,0.0010490733185685977,0.0002525546878035513,0.0015930372615300928,,0.018941601585266348,0.0005245366592842988,0.018689046897462796,0.0005245366592842988,0.07502816956133193,0.00425457512530598,0.002117573920814392,0.004526557096786728,0.0005245366592842988,0.0002525546878035513,0.0031860745230601856,0.0002525546878035513,,0.027237051715429148,,0.0013210552900493452,0.0013210552900493452,,,0.10280918521972258,0.006139021641994017,0.6549520146093173,,,
0.0005245366592842988,,,,0.0007965186307650464,,0.0018650192330108403,,0.0007965186307650464,0.0007965186307650464,0.0029335198352566346,,,0.003205501806737382,,,,0.006682985584955512,0.004545984380463924,0.0005245366592842988,0.02220538524303532,,,0.0002525546878035513,0.0007965186307650464,,,,,,,,0.0002525546878035513,,,0.005886466954190465,0.0002525546878035513,,0.0015930372615300928,0.0002525546878035513,0.005070521039748223,0.0013210552900493452,,,,0.007751486187201306,0.0002525546878035513,,0.001068500602245794,,0.001068500602245794,,0.016046936317364105,,0.014725881027314761,0.004545984380463924,0.05006411003613475,0.006682985584955512,0.0007965186307650464,0.005070521039748223,0.0034774837782181297,,0.0024089831759723356,0.0002525546878035513,,0.019543847379259432,0.0002525546878035513,0.0015930372615300928,0.0002525546878035513,0.0005245366592842988,,0.09424175311807903,0.005070521039748223,0.7037533512064342,,,
,,,,,,0.0010490733185685977,,0.0010490733185685977,0.0005245366592842988,0.0037106111823444845,,,0.0007965186307650464,,,0.0002525546878035513,0.005828185103158876,0.002914092551579438,,0.0023895558922951395,,,0.0005245366592842988,0.0015930372615300928,,,,,,,,0.0002525546878035513,,,0.0045071298131095314,0.0002525546878035513,,0.0015930372615300928,,0.0018455919493336442,0.0010490733185685977,,,,0.004779111784590279,0.0002525546878035513,0.0002525546878035513,0.0005245366592842988,,0.0002525546878035513,,0.01727085518902747,,0.00689668570540467,0.002117573920814392,0.06296382639779306,0.0010490733185685977,0.0010490733185685977,0.002117573920814392,0.0015930372615300928,,0.0007965186307650464,,,0.02416754089443214,0.0002525546878035513,0.0015930372615300928,,,,0.17136806931654816,0.0031860745230601856,0.6673854761627229,,,
,,,,,,0.0005245366592842988,,0.0013210552900493452,0.001068500602245794,0.0015930372615300928,,,0.0007965186307650464,,,,0.003458056494540933,0.0029335198352566346,,0.004274002408983176,,,0.0013210552900493452,0.0005245366592842988,0.0002525546878035513,,,,,,,0.0002525546878035513,,,0.006935540272759063,0.0002525546878035513,,0.0015930372615300928,0.0005245366592842988,0.002137001204491588,0.0005245366592842988,,,,0.003458056494540933,,0.0005245366592842988,0.0007965186307650464,0.0007965186307650464,0.0007965186307650464,,0.017348564323736257,0.0005245366592842988,0.00773205890352411,0.0007965186307650464,0.05851497843571512,0.0037300384660216806,0.0007965186307650464,0.0013210552900493452,0.0007965186307650464,0.0002525546878035513,,,,0.023507013249407467,0.0002525546878035513,0.0002525546878035513,,0.0002525546878035513,,0.1878229785911334,0.003458056494540933,0.6559816606442087,,,
0.0002525546878035513,,0.0002525546878035513,,,,,,0.0010490733185685977,0.0007770913470878502,,,,0.0007770913470878502,,0.0005245366592842988,,0.006605276450246726,0.0039631658701480355,0.0002525546878035513,0.0013210552900493452,0.0002525546878035513,,0.0005245366592842988,0.0002525546878035513,0.0002525546878035513,,,,,,,,,,0.004759684500913082,0.0002525546878035513,,0.0015736099778528966,,0.004235147841628784,0.0005245366592842988,,,0.0010490733185685977,0.006877258421727474,0.0002525546878035513,0.0007770913470878502,0.0007770913470878502,,0.0010490733185685977,0.0007770913470878502,0.017989664685083732,0.0002525546878035513,0.008198313711776819,0.0007770913470878502,0.058495551152037924,0.002370128608617943,0.0002525546878035513,0.003438629210863737,0.0015736099778528966,0.0002525546878035513,,,,0.02805299762987139,,0.0013210552900493452,,,,0.18689046897462797,0.0013210552900493452,0.6488518475346777,,,
,,,,,,0.0002525546878035513,,0.0010296460348914016,0.0007576640634106539,0.0005051093756071026,,,0.0002525546878035513,,0.0005051093756071026,0.0002525546878035513,0.006954967556436259,0.002311846757586354,,0.005148230174457007,0.0005051093756071026,,0.0005051093756071026,0.0002525546878035513,0.0002525546878035513,,,,,,,,,,0.0038466021680848583,0.0002525546878035513,,0.0015347554104985042,0.0007576640634106539,0.0015347554104985042,0.0002525546878035513,,0.0002525546878035513,,0.004623693515172708,,0.0005051093756071026,0.0007576640634106539,,0.0010296460348914016,0.0005051093756071026,0.013909935112872519,0.0010296460348914016,0.007207522244239811,0.0012822007226949528,0.04765512686016241,0.002311846757586354,0.0015347554104985042,0.004371138827369158,0.0002525546878035513,0.0002525546878035513,,0.0007576640634106539,,0.02935462563624354,,0.0017873100983020554,,0.0005051093756071026,,0.16668609395034387,0.0012822007226949528,0.6837238217352449,,,0.0007576640634106539
,,0.0007770913470878502,0.0005051093756071026,,,0.0002525546878035513,,0.0010296460348914016,0.0018067373819792517,0.002836383416870653,,,0.0002525546878035513,,0.0002525546878035513,,0.006469285464506353,0.003885456735439251,0.0002525546878035513,0.011656370206317752,0.0002525546878035513,,0.0023312740412635507,0.0002525546878035513,,,,,0.0002525546878035513,0.0010296460348914016,,,,,0.0007770913470878502,0.0002525546878035513,,0.0015541826941757003,0.0007770913470878502,0.0007770913470878502,0.0010296460348914016,,0.0002525546878035513,,0.006469285464506353,0.0002525546878035513,0.0002525546878035513,0.0023312740412635507,0.0002525546878035513,0.0023312740412635507,0.0002525546878035513,0.020728911683568402,,0.006216730776702801,0.0023312740412635507,0.060923961611687456,0.0018067373819792517,0.0002525546878035513,0.003360920076154952,0.003360920076154952,0.0005051093756071026,0.0010296460348914016,,,0.0264405330846641,0.0005051093756071026,0.0007770913470878502,,0.0007770913470878502,,0.20587092512724872,0.004915102770330653,0.6075105878696041,,0.0002525546878035513,0.0007770913470878502
,,,,,,,,0.00023312740412635504,0.0014959008431441117,0.004526557096786728,0.00023312740412635504,,0.0007382367797334577,,0.00023312740412635504,,0.0030112289699654195,0.003516338345572522,,0.016105218168395694,,0.00023312740412635504,0.0012433461553405603,0.00048568209192990637,0.00023312740412635504,,,,,0.0007382367797334577,,,,,0.003263783657768971,0.00048568209192990637,,0.0009907914675370089,0.00048568209192990637,0.004526557096786728,0.00048568209192990637,0.00023312740412635504,0.00023312740412635504,,0.004526557096786728,0.00023312740412635504,0.0007382367797334577,0.004274002408983176,0.0014959008431441117,0.0037688930333760733,,0.012569452539145976,,0.008548004817966352,0.0014959008431441117,0.05814586004584839,0.0025061195943583167,0.00023312740412635504,0.0022535649065547657,0.002758674282161868,0.00048568209192990637,0.00023312740412635504,0.00048568209192990637,,0.031957881648987836,,0.0007382367797334577,,0.00048568209192990637,,0.1829855849555115,0.006022457939930839,0.628589190659362,,,0.0007382367797334577
,,,,,,,,0.0007770913470878502,0.0007770913470878502,0.0031666472393829894,,,0.0002525546878035513,,0.0005245366592842988,0.0002525546878035513,0.0026226832964214943,0.0036911838986672884,,0.009499941718148969,,,0.0002525546878035513,,0.0002525546878035513,,,,,0.0010490733185685977,,,,,0.002894665267902242,0.0007770913470878502,,,,0.0010490733185685977,0.0005245366592842988,,,,0.002370128608617943,,0.0002525546878035513,0.0018455919493336442,0.0002525546878035513,0.002894665267902242,0.0005245366592842988,0.010801569724521117,,0.007906904456618876,0.0007770913470878502,0.046975171931460544,0.0018455919493336442,,0.0005245366592842988,0.0007770913470878502,,0.0002525546878035513,0.0005245366592842988,,0.020573493414150833,,0.0005245366592842988,,0.0005245366592842988,,0.14117807048218517,0.003943738586470839,0.7261141547188872,,,0.0002525546878035513
,0.0005051093756071026,,0.0002525546878035513,,,,,0.0002525546878035513,0.0007576640634106539,0.0012822007226949528,,,0.0002525546878035513,,0.0005051093756071026,,0.003866029451762055,0.003341492792477756,0.0002525546878035513,0.0018067373819792517,,,0.0005051093756071026,0.0002525546878035513,,,,,,0.0005051093756071026,0.0002525546878035513,0.0002525546878035513,,,0.005420212145937755,0.0007576640634106539,,,0.0007576640634106539,0.0010296460348914016,,0.0002525546878035513,,,0.004643120798849905,0.0005051093756071026,,,,0.0007576640634106539,0.0002525546878035513,0.015230990402921864,0.0005051093756071026,0.009033686909896258,0.0005051093756071026,0.04852935462563624,0.0007576640634106539,0.0005051093756071026,0.002836383416870653,0.0007576640634106539,0.0007576640634106539,0.0002525546878035513,,,0.02245793993083887,,0.0002525546878035513,,0.0002525546878035513,,0.15829350740179507,0.002059292069782803,0.7070365621478805,,0.0002525546878035513,0.0005051093756071026
,0.0002525546878035513,0.0007770913470878502,,0.0002525546878035513,,,,,0.0010490733185685977,0.002370128608617943,,,,,0.0005245366592842988,,0.004235147841628784,0.004235147841628784,0.0005245366592842988,0.0018455919493336442,,,0.0010490733185685977,0.0007770913470878502,,,,0.0002525546878035513,,,,,,,0.004759684500913082,0.0010490733185685977,,,0.0002525546878035513,0.0010490733185685977,,0.0005245366592842988,,0.0002525546878035513,0.004759684500913082,0.0002525546878035513,,,0.0002525546878035513,0.0007770913470878502,,0.016454909274585226,,0.0045071298131095314,0.0013210552900493452,0.05865096942145549,0.0010490733185685977,0.0005245366592842988,0.0026421105800986905,0.0013210552900493452,0.002117573920814392,0.0013210552900493452,,,0.021234021059175507,0.0005245366592842988,0.0002525546878035513,,,,0.17278626102498348,0.0026421105800986905,0.6795275284609706,,,0.0010490733185685977
,,0.0007770913470878502,,,,,,,0.0007770913470878502,0.0002525546878035513,,,0.0002525546878035513,,0.0002525546878035513,,0.003943738586470839,0.003943738586470839,,0.002350701324940747,,,0.002350701324940747,,,,,0.0002525546878035513,,,,0.0002525546878035513,,,0.0010490733185685977,0.0005245366592842988,,,,0.0018261646656564478,0.0005245366592842988,0.0005245366592842988,0.0002525546878035513,,0.003943738586470839,0.0002525546878035513,0.0002525546878035513,0.0002525546878035513,,,,0.015502972374402612,0.0002525546878035513,0.009733069122275324,0.0005245366592842988,0.06471228192874072,0.003419201927186541,0.0010490733185685977,0.0018261646656564478,0.0007770913470878502,0.002350701324940747,0.0031472199557057933,,0.0002525546878035513,0.02578000543963943,0.0002525546878035513,0.0007770913470878502,,0.0018261646656564478,,0.16416054707230834,0.0026226832964214943,0.6749232622294752,,,0.001301628006372149
0.0002525546878035513,,0.0002525546878035513,,0.0002525546878035513,,,0.0002525546878035513,0.0005051093756071026,0.0007770913470878502,,,,0.0002525546878035513,,0.0002525546878035513,,0.0051870847418114,0.002059292069782803,,0.0051870847418114,,,0.003360920076154952,0.0002525546878035513,,,,0.0002525546878035513,,,0.0002525546878035513,0.0002525546878035513,,,0.0023312740412635507,0.0005051093756071026,,,,0.0018067373819792517,0.0002525546878035513,0.0002525546878035513,,,0.003360920076154952,0.0005051093756071026,,0.0002525546878035513,0.0002525546878035513,0.0018067373819792517,,0.023895558922951393,0.0007770913470878502,0.00596417608889925,0.002855810700547849,0.06234215332012278,0.0025838287290671016,0.0005051093756071026,0.0031083653883514006,0.0015541826941757003,0.002059292069782803,0.003360920076154952,,,0.02987916229552784,,0.0007770913470878502,,0.0015541826941757003,,0.17978008314877414,0.0025838287290671016,0.6434316353887399,,0.0002525546878035513,0.0018067373819792517
0.0002525546878035513,,,,,,0.0005245366592842988,,0.001068500602245794,0.002680965147453083,0.0005245366592842988,,,0.001068500602245794,,0.0002525546878035513,,0.008606286668997942,0.0018650192330108403,,0.011287251816451023,,,0.002680965147453083,,0.0002525546878035513,,,0.0002525546878035513,,,,0.0002525546878035513,,,0.0024089831759723356,0.0005245366592842988,,0.0002525546878035513,0.0007965186307650464,0.001068500602245794,,0.0002525546878035513,,,0.007265804095271399,,,0.0002525546878035513,,,,0.023681858802502235,,0.01183121575941252,0.0024089831759723356,0.07805882581497454,0.001068500602245794,0.0002525546878035513,0.007790340754555698,0.002137001204491588,0.0002525546878035513,0.001068500602245794,,,0.02583828729067102,0.0024089831759723356,0.0024089831759723356,,0.0002525546878035513,,0.19326261802074834,0.0053813575785833625,0.5959124995143179,,0.0002525546878035513,0.0013404825737265416
0.0005439639429614951,,,0.0008159459144422427,0.00027198197148074754,,0.0005439639429614951,,0.001379337141080934,0.0005439639429614951,0.0008159459144422427,,,0.0016513191125616816,,0.0016513191125616816,,0.004448847962077942,0.003885456735439251,0.0008159459144422427,0.013618525857714574,,0.00027198197148074754,0.0019427283677196255,0.0005439639429614951,,,,0.00027198197148074754,,,,,,,0.001379337141080934,0.0008159459144422427,,0.00027198197148074754,,0.0011073551696001865,0.0005439639429614951,,,,0.004992811905039437,0.0008159459144422427,0.0016513191125616816,0.00027198197148074754,0.00027198197148074754,0.0008159459144422427,0.00027198197148074754,0.013055134631075884,,0.011947779461475697,0.0005439639429614951,0.0773205890352411,0.0027781015658390642,0.001379337141080934,0.002214710339200373,0.0011073551696001865,0.0008159459144422427,0.0011073551696001865,0.00027198197148074754,,0.030306562536426156,0.0005439639429614951,0.0019427283677196255,,,,0.19722578389089637,0.003885456735439251,0.6057815596223336,,,0.0005439639429614951
0.0005439639429614951,0.00027198197148074754,,0.0005439639429614951,0.0005439639429614951,,0.00027198197148074754,,0.0008159459144422427,,0.0013599098574037377,,,0.0008159459144422427,,0.002739246998484672,,0.002739246998484672,0.002195283055523177,,0.011811788475735323,,,0.0052259393091657926,,0.0005439639429614951,,,0.00027198197148074754,,,,,,,0.0024672650270039244,0.0010879278859229902,,0.0005439639429614951,,0.0010879278859229902,0.0005439639429614951,,,,0.002195283055523177,0.0008159459144422427,,0.0005439639429614951,,,0.00027198197148074754,0.010451878618331585,0.00027198197148074754,0.010723860589812333,0.0016318918288844855,0.05694136845786222,0.0016318918288844855,0.00027198197148074754,0.0052259393091657926,0.0010879278859229902,0.0005439639429614951,0.00027198197148074754,,,0.027237051715429148,,0.00027198197148074754,,,,0.15131911256168162,0.002739246998484672,0.6888526246260248,,,0.00027198197148074754
0.00027198197148074754,,0.0010879278859229902,0.00027198197148074754,0.00027198197148074754,,0.00027198197148074754,,0.0005439639429614951,,0.0013599098574037377,0.00027198197148074754,,0.0010879278859229902,,0.0021758557718459803,,0.003263783657768971,0.002447837743326728,,0.002447837743326728,,,0.0029918016862882234,0.00027198197148074754,,0.0008159459144422427,,0.00027198197148074754,,,,,,,0.0013599098574037377,0.0008159459144422427,,,,0.00027198197148074754,0.0005439639429614951,,,,0.001903873800365233,0.00027198197148074754,,,,,0.0008159459144422427,0.015036717566149901,0.0008159459144422427,0.008470295683257568,0.0005439639429614951,0.05088005595057699,0.0005439639429614951,0.00027198197148074754,0.004371138827369158,0.003263783657768971,,0.00027198197148074754,,,0.022963049306445972,0.00027198197148074754,,,,,0.16522904767455415,0.00027198197148074754,0.7001398764424758,,,0.0005439639429614951
,,,,0.0002525546878035513,,0.0005051093756071026,,0.0007770913470878502,,0.0010296460348914016,0.0005051093756071026,,0.0015541826941757003,,0.0005051093756071026,,0.008062322726036445,0.0031083653883514006,,0.005206512025488596,,,0.0018067373819792517,0.0005051093756071026,,,,0.0002525546878035513,,,0.0002525546878035513,0.0005051093756071026,,0.0002525546878035513,0.004429420678400746,0.0007770913470878502,,0.0005051093756071026,,,0.0005051093756071026,0.0002525546878035513,,0.0002525546878035513,0.002855810700547849,0.0002525546878035513,,,,0.001301628006372149,0.0002525546878035513,0.016921164082837937,0.0002525546878035513,0.008334304697517192,0.0007770913470878502,0.05105490150367176,0.0020787193534599993,0.0007770913470878502,0.0041574387069199985,0.0023312740412635507,0.0002525546878035513,0.0007770913470878502,,,0.02760617010529588,0.0002525546878035513,0.0002525546878035513,,,,0.17560321715817695,0.0023312740412635507,0.669269922679411,,,0.0005051093756071026
,,,,,,0.0010102187512142052,,0.0005051093756071026,0.0002525546878035513,0.0007576640634106539,0.0007576640634106539,,0.002311846757586354,0.0002525546878035513,0.0002525546878035513,,0.007188094960562614,0.0017873100983020554,,0.004371138827369158,,,0.0017873100983020554,0.0007576640634106539,0.0002525546878035513,,,0.0002525546878035513,,,,0.0002525546878035513,,,0.0030695108209970083,0.0005051093756071026,,0.0005051093756071026,,0.0010102187512142052,,0.0002525546878035513,,0.0010102187512142052,0.002816956133193457,,0.0005051093756071026,0.0007576640634106539,0.0007576640634106539,0.0020398647861056066,,0.01723200062167308,0.0005051093756071026,0.009499941718148969,0.0010102187512142052,0.058378987449974745,0.003594047480281307,,0.0025644014453899055,0.002311846757586354,,,,,0.02416754089443214,,,,,,0.16616155729105955,0.0025644014453899055,0.6750203986478611,,,0.0010102187512142052
,,,,,,0.0007576640634106539,,0.0005051093756071026,0.0005051093756071026,0.002272992190231962,0.0005051093756071026,,0.0017678828146248592,0.0002525546878035513,0.0010102187512142052,,0.006605276450246726,0.003807747600730466,,0.005847612386836072,,,0.0010102187512142052,0.0015153281268213078,,,,0.0002525546878035513,,,,,,,0.0035551929129269146,0.0002525546878035513,,0.0005051093756071026,0.0002525546878035513,,0.0005051093756071026,0.0002525546878035513,,0.0012627734390177566,0.00456541166414112,0.0012627734390177566,,0.0020204375024284104,0.0002525546878035513,0.0015153281268213078,0.0005051093756071026,0.02034036601002448,0.0010102187512142052,0.010937560710261491,0.0012627734390177566,0.0534056028286125,0.0017678828146248592,0.0002525546878035513,0.004817966351944671,0.0015153281268213078,,0.0002525546878035513,0.0005051093756071026,,0.028985507246376812,,,,,,0.17653572677468238,0.0025255468780355133,0.6520573493414151,,,0.0005051093756071026
0.0005051093756071026,,0.0002525546878035513,,0.0005051093756071026,,0.0002525546878035513,,0.0005051093756071026,,0.005167657458134203,0.0002525546878035513,0.0005051093756071026,0.002059292069782803,,0.002059292069782803,,0.0064498581808291565,0.003360920076154952,0.0012822007226949528,0.009053114193573455,,,0.0010296460348914016,,,,,0.0002525546878035513,,,,,,,0.002836383416870653,0.0002525546878035513,,,,0.0030889381046742045,,,,0.0002525546878035513,0.0036134747639585034,0.0005051093756071026,0.0015347554104985042,0.0002525546878035513,,0.0018067373819792517,0.0002525546878035513,0.01705715506857831,0.0007576640634106539,0.010859851575552706,0.0030889381046742045,0.06414889070210203,0.002836383416870653,0.0007576640634106539,0.002311846757586354,0.0002525546878035513,,0.0002525546878035513,,,0.022749349185996814,,0.0005051093756071026,,,,0.189862843377239,0.003866029451762055,0.6322998018417065,,,0.0005051093756071026
,,,,0.0005245366592842988,0.0010490733185685977,,,0.0002525546878035513,,0.0031666472393829894,,,0.001301628006372149,0.0007770913470878502,0.002894665267902242,,0.006333294478765979,0.0020981466371371954,0.002894665267902242,0.019524420095582237,,,0.0007770913470878502,0.0007770913470878502,,,,0.0002525546878035513,,0.0002525546878035513,,,,,0.0026226832964214943,0.0002525546878035513,,,0.0002525546878035513,0.002894665267902242,0.0007770913470878502,,,,0.003943738586470839,,0.0026226832964214943,0.002894665267902242,0.0007770913470878502,0.0015736099778528966,0.0002525546878035513,0.011870070326766912,0.0005245366592842988,0.013443680304619808,0.002370128608617943,0.06358549947546334,0.005536775848000932,0.001301628006372149,0.004215720557951587,0.0005245366592842988,,,0.0002525546878035513,,0.03034541710378055,0.0002525546878035513,0.0010490733185685977,,,,0.18446205851497843,0.004215720557951587,0.6143101371566227,,,
,0.0002525546878035513,,,0.0002525546878035513,0.0007576640634106539,0.0005051093756071026,0.0002525546878035513,0.0005051093756071026,0.0002525546878035513,0.002797528849516261,,,0.0012627734390177566,0.0005051093756071026,0.0017873100983020554,,0.004079729572211213,0.003827174884407662,0.0010102187512142052,0.01301628006372149,,,0.0012627734390177566,0.0002525546878035513,0.0007576640634106539,,,0.0002525546878035513,,,,,,,0.0043322842600147645,0.0002525546878035513,,,,0.0020398647861056066,0.0002525546878035513,,0.0002525546878035513,,0.0020398647861056066,0.0012627734390177566,0.0015153281268213078,0.0012627734390177566,0.0005051093756071026,0.0015153281268213078,,0.01047130590200878,0.0012627734390177566,0.00944165986711738,0.002797528849516261,0.04571239849244279,0.0020398647861056066,0.0005051093756071026,0.0025449741617127094,0.0015153281268213078,,0.0002525546878035513,,,0.02426467731281812,,0.0015153281268213078,,0.0002525546878035513,,0.12748183548976183,0.004079729572211213,0.7165365038660294,,0.0002525546878035513,0.0002525546878035513
0.0002525546878035513,,0.0002525546878035513,,,,0.0002525546878035513,,0.0002525546878035513,,0.0035551929129269146,0.0002525546878035513,,0.0027781015658390642,0.0007576640634106539,0.0007576640634106539,,0.004817966351944671,0.002272992190231962,,0.005575630415355325,0.0002525546878035513,,0.0005051093756071026,0.0002525546878035513,,0.0002525546878035513,,0.0002525546878035513,,,,,,,0.0015153281268213078,0.0002525546878035513,,0.0002525546878035513,0.0015153281268213078,0.0010102187512142052,,0.0005051093756071026,0.0007576640634106539,,0.0027781015658390642,0.0007576640634106539,,0.0002525546878035513,0.0002525546878035513,0.0012627734390177566,0.0002525546878035513,0.015483545090725415,0.0005051093756071026,0.007615495201460932,0.002272992190231962,0.05156001087927886,0.0020204375024284104,0.0005051093756071026,0.0030306562536426157,0.0002525546878035513,0.0005051093756071026,0.0007576640634106539,,,0.02183626685316859,,0.0002525546878035513,,,,0.14632630065664218,0.0035551929129269146,0.7081050627501262,,,0.0007576640634106539
,,0.0006993822123790652,,,,0.00023312740412635504,,0.0011850643043089715,,0.0014181917084353265,0.00023312740412635504,,0.0011850643043089715,,0.0011850643043089715,,0.006663558301278316,0.003807747600730466,0.00023312740412635504,0.00643043089715196,0.0004662548082527101,,0.0014181917084353265,,0.00023312740412635504,,,0.00023312740412635504,,,0.00023312740412635504,,,,0.0014181917084353265,0.00023312740412635504,,0.00023312740412635504,,0.0011850643043089715,0.0004662548082527101,,0.0006993822123790652,,0.0014181917084353265,0.0009519369001826165,0.00023312740412635504,,0.00023312740412635504,0.002370128608617943,0.0004662548082527101,0.017154291486964294,0.0006993822123790652,0.008101177293390839,0.0009519369001826165,0.046450635272176244,0.002370128608617943,0.0004662548082527101,0.002137001204491588,0.0006993822123790652,,,,,0.025954850992734195,,0.00023312740412635504,,,,0.1441504448847962,0.0030889381046742045,0.7110774371527373,0.00023312740412635504,,0.0004662548082527101
,,0.00044682752457551384,,0.00044682752457551384,,,,0.00044682752457551384,0.0002137001204491588,0.0032249290904145782,0.0002137001204491588,,0.0002137001204491588,,,,0.0041574387069199985,0.0032249290904145782,0.0002137001204491588,0.006702412868632708,,,0.0016124645452072891,0.0002137001204491588,0.00044682752457551384,,,0.0002137001204491588,,,,,,,0.004623693515172708,0.0006799549287018689,,0.0002137001204491588,,0.00044682752457551384,0.0002137001204491588,0.0002137001204491588,0.0002137001204491588,0.0002137001204491588,0.001379337141080934,,0.0002137001204491588,,,0.0006799549287018689,0.0002137001204491588,0.01177293390838093,0.0006799549287018689,0.01016046936317364,0.002758674282161868,0.05247309321210708,0.0036911838986672884,0.0016124645452072891,0.001146209736954579,0.0006799549287018689,,,,,0.02519718692932354,0.0002137001204491588,,,,,0.16208182771884835,0.0032249290904145782,0.692330108404243,,,0.0006799549287018689
,,0.0006799549287018689,,0.0006799549287018689,,0.00044682752457551384,0.0006799549287018689,0.001379337141080934,,0.002059292069782803,0.0002137001204491588,,0.0006799549287018689,0.0002137001204491588,,,0.0071492403932082215,0.004837393635621867,0.0006799549287018689,0.005303648443874577,,,0.0009130823328282239,0.0002137001204491588,,,,0.0002137001204491588,,,0.0002137001204491588,,,,0.0029918016862882234,0.0009130823328282239,,,0.0002137001204491588,0.001379337141080934,0.0002137001204491588,0.0002137001204491588,,,0.002059292069782803,0.0002137001204491588,,0.0002137001204491588,0.0002137001204491588,0.0018455919493336442,,0.017756537280957378,,0.010607296887749154,0.001379337141080934,0.061837043944515675,0.0016124645452072891,,0.0025255468780355133,,,0.0016124645452072891,,,0.026071414694797374,0.0002137001204491588,0.0009130823328282239,,0.00044682752457551384,,0.16682208493608425,0.0025255468780355133,0.667987721956716,,0.0002137001204491588,0.00044682752457551384
0.0007188094960562614,,0.001690173679916074,,,0.0009519369001826165,0.001690173679916074,,,,0.006527567315537942,0.00023312740412635504,,0.002894665267902242,,0.00023312740412635504,,0.0062750126277343905,0.003127792672028597,0.0009519369001826165,0.00990791467537009,0.00023312740412635504,,,0.0004662548082527101,,0.00023312740412635504,,,0.0004662548082527101,0.00023312740412635504,0.0004662548082527101,,,,0.002894665267902242,0.0009519369001826165,,,0.0004662548082527101,0.001690173679916074,0.00023312740412635504,0.00023312740412635504,0.00023312740412635504,,0.003127792672028597,0.00023312740412635504,0.0007188094960562614,0.00023312740412635504,0.0004662548082527101,0.0004662548082527101,0.0004662548082527101,0.014997862998795509,0.00023312740412635504,0.016202354586781677,0.004099156855888409,0.06945253914597661,0.002661537863775887,0.00023312740412635504,0.004584838947818316,0.0004662548082527101,,0.0012044915879861678,,,0.026129696545828963,,0.0007188094960562614,,0.0007188094960562614,,0.16773516726891247,0.007246376811594203,0.6333683024439523,,,0.00023312740412635504
0.0004662548082527101,0.00023312740412635504,0.0011850643043089715,,,0.0006993822123790652,0.0033220655088005593,,0.00023312740412635504,,0.006411003613474764,,,0.002603256012744298,,0.00023312740412635504,,0.006411003613474764,0.0045071298131095314,,0.01758169172786261,0.0004662548082527101,,0.0006993822123790652,0.002370128608617943,,,,,0.0009325096165054202,0.00023312740412635504,,,,,0.0037883203170532695,0.0011850643043089715,0.0004662548082527101,,0.00023312740412635504,0.002370128608617943,0.0011850643043089715,,0.0004662548082527101,0.0006993822123790652,0.007362940513657381,,0.0014181917084353265,0.0004662548082527101,0.0006993822123790652,0.0011850643043089715,,0.016163500019427283,,0.017834246415666163,0.0035551929129269146,0.0777479892761394,0.0030889381046742045,0.0033220655088005593,0.009033686909896258,0.0011850643043089715,,0.002370128608617943,,,0.02733418813381513,,0.0014181917084353265,,0.00023312740412635504,,0.17692427244822628,0.004040875004856821,0.5847029568325757,,,0.0009325096165054202
0.00044682752457551384,0.00044682752457551384,0.0016124645452072891,,0.0006799549287018689,0.0006799549287018689,0.001379337141080934,,0.00044682752457551384,,0.00534250301122897,0.00044682752457551384,,0.004643120798849905,,0.0002137001204491588,,0.003943738586470839,0.0020787193534599993,0.0002137001204491588,0.018125655670824106,,,0.0006799549287018689,,0.0002137001204491588,,,,0.00044682752457551384,0.0002137001204491588,,,,,0.0030112289699654195,0.00044682752457551384,0.0006799549287018689,,0.0002137001204491588,0.0018455919493336442,,,0.001146209736954579,0.0002137001204491588,0.001146209736954579,0.0002137001204491588,0.0009130823328282239,0.0006799549287018689,0.0002137001204491588,0.0027781015658390642,0.0002137001204491588,0.009985623810078875,,0.01301628006372149,0.001146209736954579,0.06045770680343474,0.0037106111823444845,0.0009130823328282239,0.006041885223608035,0.0018455919493336442,,0.0018455919493336442,,,0.02416754089443214,,0.0018455919493336442,,,,0.1167385476162723,0.00487624820297626,0.6972257838908964,,,0.0002137001204491588
0.00023312740412635504,0.0004662548082527101,0.0009519369001826165,,,,0.00023312740412635504,0.00023312740412635504,,0.00023312740412635504,0.0009519369001826165,,,0.002137001204491588,,,,0.0035746201966041107,0.0033220655088005593,,0.004759684500913082,,,,0.0004662548082527101,0.0006993822123790652,,,,,,,,,,0.0011850643043089715,0.00023312740412635504,0.0006993822123790652,0.0004662548082527101,,0.00023312740412635504,0.0006993822123790652,,0.00023312740412635504,,0.002137001204491588,,,0.0006993822123790652,,0.0004662548082527101,0.00023312740412635504,0.018591910479076816,,0.008101177293390839,,0.050083537319811945,0.0014181917084353265,0.0011850643043089715,0.005478493996969344,0.0004662548082527101,0.00023312740412635504,,,,0.022885340171737188,,0.00023312740412635504,,,,0.1717566149900921,0.0030889381046742045,0.6899988343629794,,0.00023312740412635504,0.0006993822123790652
,0.0004662548082527101,0.00023312740412635504,0.0004662548082527101,,,0.0009519369001826165,,0.0004662548082527101,,0.0014376189921125229,,0.00023312740412635504,0.0019233010840424291,,0.00023312740412635504,,0.003360920076154952,0.003127792672028597,,0.0026421105800986905,,,,,0.0007188094960562614,,,,,,,,,,0.0012044915879861678,0.00023312740412635504,0.0004662548082527101,,,0.0009519369001826165,0.00023312740412635504,,0.0004662548082527101,,0.0012044915879861678,,0.00023312740412635504,0.0007188094960562614,,0.0007188094960562614,,0.01301628006372149,,0.005303648443874577,0.0012044915879861678,0.05839841473365194,0.001670746396238878,0.0009519369001826165,0.0050510937560710265,0.0024089831759723356,,,,,0.02267164005128803,,0.0004662548082527101,0.0004662548082527101,,,0.17544779888875936,0.003360920076154952,0.6859385320744453,,0.00023312740412635504,0.0007188094960562614
0.00023312740412635504,0.0004662548082527101,0.0004662548082527101,0.0004662548082527101,0.00023312740412635504,,0.0007188094960562614,,0.0007188094960562614,0.0004662548082527101,0.002156428488168784,,,0.0024089831759723356,,0.0007188094960562614,,0.004099156855888409,0.006255585344057194,0.00023312740412635504,0.00456541166414112,,,0.00023312740412635504,0.00023312740412635504,,,,,,0.00023312740412635504,,,,,0.0026421105800986905,0.00023312740412635504,0.0007188094960562614,,0.0004662548082527101,0.0007188094960562614,0.0009519369001826165,,0.00023312740412635504,,0.0019233010840424291,0.00023312740412635504,0.0014376189921125229,0.0007188094960562614,,0.0004662548082527101,,0.016882309515483546,0.0004662548082527101,0.008683995803706726,0.0019233010840424291,0.06053541593814353,0.001670746396238878,0.0012044915879861678,0.005536775848000932,0.002156428488168784,0.0007188094960562614,0.0007188094960562614,0.00023312740412635504,,0.023157322143217935,,0.00023312740412635504,,,,0.1686093950343863,0.005303648443874577,0.6658507207522244,,,0.0004662548082527101
,0.0009325096165054202,0.00023312740412635504,,,,0.0004662548082527101,,0.0004662548082527101,,0.0009325096165054202,,,0.002797528849516261,,,,0.005361930294906166,0.002797528849516261,,0.003496911061895326,,,,,,,,,,0.0004662548082527101,,,,,0.0025644014453899055,0.00023312740412635504,0.0004662548082527101,0.0013987644247581304,0.0004662548082527101,0.0011656370206317753,0.0011656370206317753,,,,0.0018650192330108403,0.0004662548082527101,0.003263783657768971,0.0009325096165054202,,0.0011656370206317753,,0.01981582935074018,0.0004662548082527101,0.009558223569180558,0.00023312740412635504,0.05968061545634689,0.0009325096165054202,0.0004662548082527101,0.0039631658701480355,0.0006993822123790652,0.00023312740412635504,0.0023312740412635507,,,0.02634339666627812,,0.00023312740412635504,,0.00023312740412635504,,0.16882309515483546,0.004429420678400746,0.6677545945525896,,,0.0006993822123790652
,0.0004662548082527101,0.0004662548082527101,,,,0.0014181917084353265,,0.0004662548082527101,0.0009325096165054202,0.002350701324940747,,,0.004021447721179625,,,,0.005905894237867661,0.0037883203170532695,,0.00876170493841551,,,0.0018844465166880367,,,,,,,0.00023312740412635504,,,,,0.002350701324940747,0.00023312740412635504,0.0006993822123790652,0.0009325096165054202,0.00023312740412635504,0.0004662548082527101,0.004021447721179625,,,,0.004973384621362241,,0.002350701324940747,0.002350701324940747,,0.0006993822123790652,,0.018941601585266348,,0.021078602789757934,0.002350701324940747,0.05686365932315344,0.0016513191125616816,0.0009325096165054202,0.006158448925671213,0.0009325096165054202,,0.0006993822123790652,,,0.031511054124412324,,0.00023312740412635504,,,,0.21280646540000778,0.00425457512530598,0.5896957687376152,0.00023312740412635504,,0.0016513191125616816
,0.0004662548082527101,0.0009519369001826165,,,,0.0009519369001826165,,0.002156428488168784,0.001670746396238878,0.001670746396238878,,0.00023312740412635504,0.008140031860745231,,0.0011850643043089715,,0.005264793876520185,0.004060302288534017,,0.01509499941718149,,,0.0004662548082527101,0.00023312740412635504,,0.00023312740412635504,0.00023312740412635504,,,0.0004662548082527101,0.0004662548082527101,,,,0.0050316664723938295,0.00023312740412635504,,,0.0004662548082527101,0.001903873800365233,0.0031083653883514006,,,,0.006216730776702801,0.00023312740412635504,0.0004662548082527101,0.003594047480281307,,0.001670746396238878,0.0011850643043089715,0.0124528888370828,,0.021331157477561487,0.0028752379842250458,0.055872867855616425,0.0026226832964214943,0.002156428488168784,0.011734079341026538,0.0031083653883514006,,0.0009519369001826165,,,0.033084664102265224,,0.0004662548082527101,,,,0.2126899016979446,0.004779111784590279,0.5656836461126005,0.00023312740412635504,0.0004662548082527101,0.0014376189921125229
0.00023312740412635504,0.0007382367797334577,,,,,0.0009907914675370089,,0.0012433461553405603,0.00048568209192990637,0.00023312740412635504,0.00023312740412635504,,0.0030112289699654195,,0.0012433461553405603,0.00048568209192990637,0.00425457512530598,0.0025061195943583167,0.00023312740412635504,0.01105412441232467,0.00023312740412635504,,0.001748455530947663,,,,0.00023312740412635504,,,0.00023312740412635504,,,,,0.002758674282161868,,,0.00048568209192990637,0.00023312740412635504,0.002758674282161868,0.0020010102187512143,,,,0.006780122003341492,0.00023312740412635504,0.00048568209192990637,0.002758674282161868,,0.0022535649065547657,0.00048568209192990637,0.010549015036717567,0.0007382367797334577,0.012316897851342426,0.0030112289699654195,0.05253137506313867,0.0025061195943583167,0.00023312740412635504,0.010549015036717567,0.001748455530947663,0.00048568209192990637,0.001748455530947663,,,0.015833236196914947,,0.00048568209192990637,,,,0.13700120449158798,0.004021447721179625,0.6941562730698995,0.00023312740412635504,0.00048568209192990637,0.0007382367797334577
,0.00044682752457551384,0.0002137001204491588,,,,,,0.0006605276450246726,,0.0011267824532773829,0.00044682752457551384,,0.006760694719664296,,0.0015736099778528966,,0.005633912266386914,0.003827174884407662,0.0006605276450246726,0.0027003924311302793,,,0.0002137001204491588,,,,,,,,,,,,0.0031472199557057933,,,0.0002137001204491588,,0.0013404825737265416,0.0008936550491510277,0.0002137001204491588,0.00044682752457551384,,0.0022535649065547657,,0.0002137001204491588,0.0002137001204491588,,0.00044682752457551384,0.0002137001204491588,0.014220771651707658,,0.01016046936317364,0.00044682752457551384,0.04922873683801531,0.0015736099778528966,0.0011267824532773829,0.012414034269728407,0.0011267824532773829,,0.0008936550491510277,,,0.017601119011539806,,0.0008936550491510277,,,,0.1648793565683646,0.0036134747639585034,0.6877452694564246,,,0.0002137001204491588
,0.00044682752457551384,0.0006799549287018689,,,,0.0013599098574037377,,0.0018261646656564478,,0.004118584139565606,,,0.002292419473909158,,0.002739246998484672,,0.002972374402611027,0.003885456735439251,0.0013599098574037377,0.0036717566149900922,,,0.0036717566149900922,0.00044682752457551384,,,,,,,,,,,0.0015930372615300928,,,,,0.0006799549287018689,0.00044682752457551384,,0.0009130823328282239,0.00044682752457551384,0.0025061195943583167,0.0002137001204491588,0.0009130823328282239,,,0.0018261646656564478,0.0002137001204491588,0.013987644247581303,,0.010782142440843922,0.0002137001204491588,0.05140459260986129,0.0006799549287018689,0.002292419473909158,0.014900726580409527,0.0015930372615300928,0.0025061195943583167,0.0009130823328282239,,,0.022477367214516066,,0.0002137001204491588,,,,0.16985274118972685,0.004584838947818316,0.6643742471927575,,,
0.00023312740412635504,0.00048568209192990637,,,,,0.0007188094960562614,,0.0012044915879861678,,0.0019427283677196255,0.00023312740412635504,,0.0036523293313128957,,0.002195283055523177,,0.005867039670513269,0.00487624820297626,,0.0024284104596495317,,,0.0019427283677196255,0.00023312740412635504,,,,,,,,,,,0.003419201927186541,,,,,,0.002195283055523177,,0.0017096009635932704,,0.0019427283677196255,0.00023312740412635504,0.00023312740412635504,,,0.0019427283677196255,0.00023312740412635504,0.016144072735750088,,0.010024478377433267,0.00048568209192990637,0.05332789369390372,0.0019427283677196255,0.0012044915879861678,0.01124839724909663,0.00048568209192990637,0.00048568209192990637,0.003419201927186541,0.00023312740412635504,,0.025915996425379804,,0.00023312740412635504,,,,0.17197031511054126,0.0017096009635932704,0.6632474647394802,,,
,0.00044682752457551384,0.0006799549287018689,,,,,,0.00044682752457551384,0.0002137001204491588,0.001146209736954579,0.0002137001204491588,,0.0055562031316781285,,0.001379337141080934,,0.006022457939930839,0.003924311302793643,,0.0041574387069199985,,,0.0016124645452072891,0.00044682752457551384,,,,,,0.001146209736954579,,,,,0.0036911838986672884,,,,0.0009130823328282239,0.0016124645452072891,0.001379337141080934,,0.00044682752457551384,,0.004623693515172708,,0.0002137001204491588,0.00044682752457551384,,0.001146209736954579,0.0006799549287018689,0.01690173679916074,,0.012044915879861678,,0.05560088588413568,0.0020787193534599993,0.00044682752457551384,0.011112406263356257,0.0002137001204491588,0.00044682752457551384,0.001146209736954579,,,0.02432295916384971,,0.0002137001204491588,,,,0.15475774177254537,0.003924311302793643,0.6742433073007732,,,
,0.0004662548082527101,0.0006993822123790652,,,0.00023312740412635504,,0.0004662548082527101,0.0006993822123790652,0.0006993822123790652,0.001670746396238878,,,0.007401795081011773,,0.0026226832964214943,,0.007168667676885418,0.003341492792477756,0.0004662548082527101,0.009325096165054203,,,0.00023312740412635504,0.0004662548082527101,0.00023312740412635504,,,,,0.0014181917084353265,,,,,0.0026226832964214943,,,,0.0006993822123790652,0.0014181917084353265,0.0023895558922951395,,0.00023312740412635504,,0.002855810700547849,,0.002137001204491588,0.00023312740412635504,,0.001670746396238878,0.001670746396238878,0.01913587442203831,,0.02034036601002448,0.003827174884407662,0.06510082760228465,0.002137001204491588,0.002855810700547849,0.01985468391809457,0.001670746396238878,0.0009519369001826165,0.0009519369001826165,0.0004662548082527101,,0.03038427167113494,,,,,,0.16944476823250573,0.003341492792477756,0.6036251311341648,,0.001670746396238878,0.0006993822123790652
,,0.0009325096165054202,0.00023312740412635504,0.0004662548082527101,,0.0004662548082527101,,0.002370128608617943,0.0004662548082527101,0.0018844465166880367,,0.00023312740412635504,0.009014259626219063,,0.00023312740412635504,,0.0045071298131095314,0.005459066713292148,0.0004662548082527101,0.015677817927497378,,,0.0004662548082527101,0.0004662548082527101,,0.00023312740412635504,,,,0.0011850643043089715,,,,,0.002603256012744298,,,,0.00023312740412635504,0.0037883203170532695,0.0014181917084353265,,,,0.0052259393091657926,,0.0016513191125616816,0.0009325096165054202,0.0004662548082527101,0.0059253215215448575,0.00023312740412635504,0.021136884640789524,,0.043963942961495125,0.0004662548082527101,0.04944243695846447,0.002603256012744298,0.0016513191125616816,0.02162256673271943,0.0004662548082527101,0.002137001204491588,0.0014181917084353265,,,0.034930256051598864,,,,,,0.18729844193184908,0.004740257217235886,0.5561448498270971,,0.0006993822123790652,0.004040875004856821
,0.00044682752457551384,0.0006799549287018689,,,,,,0.002311846757586354,0.0006799549287018689,0.0018455919493336442,0.00044682752457551384,,0.011811788475735323,,,,0.004390566111046354,0.002311846757586354,,0.010199323930528033,,,0.0020787193534599993,,,0.0002137001204491588,,,,0.00044682752457551384,0.00044682752457551384,,,,0.0032443563740917744,,,,,0.0009130823328282239,0.0018455919493336442,,,0.0002137001204491588,0.0034774837782181297,,0.00044682752457551384,0.0009130823328282239,,0.0009130823328282239,0.001146209736954579,0.013443680304619808,,0.02203053968994055,0.00044682752457551384,0.04567354392508839,0.0030112289699654195,0.00044682752457551384,0.016454909274585226,0.0020787193534599993,0.0016124645452072891,0.001379337141080934,,,0.030831099195710455,0.0002137001204491588,0.0009130823328282239,,,,0.12684073512841434,0.0041574387069199985,0.6785950188444652,,,0.00044682752457551384
,0.0004662548082527101,0.00023312740412635504,,,,0.00023312740412635504,,0.0004662548082527101,,0.002855810700547849,0.00023312740412635504,,0.008101177293390839,,,,0.0035746201966041107,0.0071492403932082215,,0.0026226832964214943,,,0.0009519369001826165,,,0.00023312740412635504,,,,0.00023312740412635504,,,,,0.003341492792477756,,,,0.0006993822123790652,0.0004662548082527101,0.0006993822123790652,,,,0.001670746396238878,,,0.00023312740412635504,,0.0014181917084353265,0.00023312740412635504,0.014803590162023546,,0.010257605781559622,0.00023312740412635504,0.052045692971208764,0.001670746396238878,0.0009519369001826165,0.01670746396238878,0.0004662548082527101,0.0009519369001826165,0.0009519369001826165,,,0.02578000543963943,,,,0.00023312740412635504,,0.15590395150949996,0.003807747600730466,0.6791195555037495,,,
,0.00044682752457551384,,,,0.0002137001204491588,,,0.00044682752457551384,0.0006799549287018689,0.001379337141080934,0.0002137001204491588,,0.0062750126277343905,,,,0.00534250301122897,0.004176865990597195,,0.0016124645452072891,,,0.0009130823328282239,0.00044682752457551384,0.00044682752457551384,0.0002137001204491588,,,,0.00044682752457551384,,,,,0.002311846757586354,,,,0.0002137001204491588,0.0006799549287018689,0.00044682752457551384,,0.0002137001204491588,,0.002311846757586354,0.0002137001204491588,0.0002137001204491588,,,0.0027781015658390642,0.0002137001204491588,0.014181917084353266,,0.013948789680226911,0.0002137001204491588,0.0565333955006411,0.0018455919493336442,0.001379337141080934,0.01581380891323775,0.00044682752457551384,0.0006799549287018689,0.001146209736954579,,,0.027217624431751953,,0.00044682752457551384,,0.00044682752457551384,,0.15497144189299453,0.0034774837782181297,0.6739518980456152,,,0.00044682752457551384
,0.00048568209192990637,0.00023312740412635504,,,0.00023312740412635504,0.00023312740412635504,0.00023312740412635504,0.0012044915879861678,0.00048568209192990637,0.001457046275789719,0.00048568209192990637,,0.0068189765706958855,,,,0.003885456735439251,0.002680965147453083,0.00023312740412635504,0.0024284104596495317,,,0.001457046275789719,0.0007188094960562614,0.00048568209192990637,,,,,0.00048568209192990637,,,,,0.001690173679916074,,,,0.00048568209192990637,0.0019427283677196255,0.00048568209192990637,,0.00023312740412635504,,0.003885456735439251,0.00048568209192990637,,,,0.001457046275789719,,0.015114426700858686,,0.01047130590200878,0.0007188094960562614,0.05606714069238839,0.0036523293313128957,,0.012666588957531958,0.0009713641838598127,0.00048568209192990637,0.002680965147453083,,,0.029004934530054007,,0.00023312740412635504,,0.00048568209192990637,,0.1467537008975405,0.004138011423242802,0.6814119749776586,,,0.00023312740412635504
,0.00048568209192990637,0.0007382367797334577,,,0.00023312740412635504,0.00023312740412635504,,0.0007382367797334577,0.00023312740412635504,0.0019621556513968216,0.00023312740412635504,,0.0071492403932082215,,,,0.005167657458134203,0.004429420678400746,0.00023312740412635504,0.0014764735594669154,,,0.001223918871663364,0.0024672650270039244,,0.00023312740412635504,,,0.00023312740412635504,,,,,,0.004176865990597195,,,,0.0009713641838598127,0.0009713641838598127,0.00048568209192990637,,0.00048568209192990637,,0.004934530054007849,0.00023312740412635504,0.00023312740412635504,,,0.0009713641838598127,0.00048568209192990637,0.02416754089443214,0.00023312740412635504,0.0202238023079613,0.001223918871663364,0.06267241714263512,0.0027003924311302793,0.00048568209192990637,0.01701830050122392,0.001223918871663364,0.00023312740412635504,0.003205501806737382,,,0.03306523681858802,,0.00048568209192990637,,0.00023312740412635504,,0.16977503205501807,0.004429420678400746,0.617204802424525,,,
0.0005051093756071026,0.0002525546878035513,0.0005051093756071026,,,,0.0005051093756071026,0.0005051093756071026,0.0010102187512142052,0.0007576640634106539,0.0030695108209970083,0.0002525546878035513,,0.006916112989081866,,,,0.006158448925671213,0.00487624820297626,,0.007440649648366165,,,0.0020398647861056066,0.0002525546878035513,,,,,,,,,,,0.0033220655088005593,0.0002525546878035513,,,0.0010102187512142052,0.0010102187512142052,0.0012822007226949528,,,,0.002292419473909158,0.0002525546878035513,0.0007576640634106539,,,0.0012822007226949528,,0.022593930916579245,,0.017445700742122237,0.0010102187512142052,0.062128453199673625,0.004351711543691961,0.0015347554104985042,0.022069394257294945,0.0012822007226949528,,0.0033220655088005593,,,0.04338112445117923,,0.0002525546878035513,,,,0.2095232544585616,0.003594047480281307,0.5599914519951821,,0.0005051093756071026,0.0005051093756071026
0.0002525546878035513,0.0002525546878035513,0.0010296460348914016,,0.0002525546878035513,,0.0002525546878035513,0.0007770913470878502,0.0007770913470878502,0.0005051093756071026,0.004953957337685045,0.0002525546878035513,,0.008101177293390839,0.0005051093756071026,,,0.008101177293390839,0.006799549287018689,,0.01934957454248747,,,0.0028752379842250458,0.0002525546878035513,,,,,,,,,,,0.002603256012744298,0.0005051093756071026,,,0.003127792672028597,0.0028752379842250458,0.0015541826941757003,0.0007770913470878502,0.0005051093756071026,0.0007770913470878502,0.003127792672028597,,0.0005051093756071026,0.0002525546878035513,,0.001301628006372149,,0.012550025255468781,0.0002525546878035513,0.023798422504565413,0.0010296460348914016,0.06253642615689474,0.002350701324940747,0.0002525546878035513,0.015949799898978125,0.0007770913470878502,,0.003924311302793643,,,0.032443563740917745,,0.0002525546878035513,,,,0.23473986867156235,0.006799549287018689,0.5268096514745308,,0.0018261646656564478,0.0005051093756071026
0.0005051093756071026,0.0007770913470878502,0.0007770913470878502,,,,,0.0005051093756071026,0.0007770913470878502,0.0005051093756071026,0.003127792672028597,0.0002525546878035513,,0.007809768038232894,,,,0.0041574387069199985,0.004429420678400746,,0.010956987993938688,,,0.0015541826941757003,0.0005051093756071026,,,,,,0.0002525546878035513,,,,,0.0023312740412635507,0.0002525546878035513,,,0.0020787193534599993,0.0020787193534599993,0.0018261646656564478,,0.0005051093756071026,,0.002855810700547849,0.0007770913470878502,,,,0.0010296460348914016,0.0005051093756071026,0.013560244006682985,0.0005051093756071026,0.017989664685083732,0.0010296460348914016,0.05035551929129269,0.0020787193534599993,0.0005051093756071026,0.015638963360142984,0.0002525546878035513,0.0005051093756071026,0.0010296460348914016,,,0.020864902669308776,0.0002525546878035513,0.0010296460348914016,0.0002525546878035513,,,0.15631192446672107,0.006255585344057194,0.6589151804794653,,0.0010296460348914016,0.0005051093756071026
,0.0005245366592842988,,,,,,,0.0007770913470878502,0.0002525546878035513,0.002370128608617943,0.0005245366592842988,,0.0071492403932082215,,,,0.004759684500913082,0.002370128608617943,,0.0031666472393829894,,,,0.002117573920814392,,,,,,,,,,,0.0055562031316781285,,,,0.0005245366592842988,0.0018455919493336442,0.0007770913470878502,,0.0010490733185685977,,0.002914092551579438,0.0002525546878035513,,0.0005245366592842988,,0.002117573920814392,0.0002525546878035513,0.01431790807009364,,0.015891518047946536,0.0002525546878035513,0.06203131678128764,0.0013210552900493452,,0.012180906865602052,0.0005245366592842988,0.0005245366592842988,0.002117573920814392,,,0.022535649065547655,,,,,,0.17206745152892722,0.0050316664723938295,0.6513773944127133,,,
0.0002525546878035513,0.0005245366592842988,,,,,,,0.0002525546878035513,0.0007965186307650464,0.0015930372615300928,0.0005245366592842988,,0.006372149046120371,,0.0013210552900493452,,0.006372149046120371,0.010646151455103548,0.0002525546878035513,0.0010490733185685977,,,,,,,0.0002525546878035513,,,,,,,,0.002661537863775887,,,,0.0002525546878035513,0.0013210552900493452,0.0007965186307650464,,,,0.0018455919493336442,0.0002525546878035513,,0.0005245366592842988,,0.0018455919493336442,,0.021292302910207096,,0.011170688114387846,0.0002525546878035513,0.05270622061623344,0.002117573920814392,0.0002525546878035513,0.01410420794964448,0.0018455919493336442,0.0010490733185685977,0.0015930372615300928,,,0.022360803512452888,,0.0002525546878035513,0.0002525546878035513,,,0.18261646656564479,0.0050510937560710265,0.6433733535377084,,,
0.0002525546878035513,0.0005051093756071026,0.0002525546878035513,,,,0.0005051093756071026,,0.0005051093756071026,0.0007576640634106539,0.0018067373819792517,0.0002525546878035513,,0.007226949527917007,,,0.0002525546878035513,0.005167657458134203,0.003866029451762055,,0.003866029451762055,,,0.0005051093756071026,0.0012822007226949528,0.0002525546878035513,,,,,,,,,,0.003866029451762055,,,,0.0007576640634106539,0.0005051093756071026,0.0007576640634106539,,,,0.004118584139565606,0.0002525546878035513,,0.0010296460348914016,,0.0015347554104985042,,0.01317169833313906,,0.009033686909896258,0.0010296460348914016,0.059991451995182035,0.003360920076154952,0.0007576640634106539,0.013696234992423359,0.0007576640634106539,0.0007576640634106539,0.002311846757586354,,,0.01913587442203831,0.0002525546878035513,0.0002525546878035513,,,,0.16266464622916424,0.003866029451762055,0.6686288223180634,0.0002525546878035513,,
,0.0005051093756071026,0.0002525546878035513,,,,0.0005051093756071026,,0.0005051093756071026,,0.002311846757586354,,,0.007498931499397754,,,,0.004643120798849905,0.005944748805222054,,0.002836383416870653,,,0.0005051093756071026,0.0005051093756071026,0.0007576640634106539,,,,,,,,,,0.006721840152309904,,,,,0.002059292069782803,0.0010296460348914016,,0.0002525546878035513,,0.006469285464506353,0.0002525546878035513,0.0005051093756071026,,,0.0018067373819792517,,0.02251622178187046,,0.012161479581924855,0.0005051093756071026,0.06422659983681081,0.002311846757586354,0.0005051093756071026,0.013968216963904106,0.0002525546878035513,0.0007576640634106539,0.0012822007226949528,,,0.02251622178187046,,0.0012822007226949528,,,,0.1789835645180091,0.004643120798849905,0.6277149628938881,0.0002525546878035513,0.0002525546878035513,
0.0007770913470878502,0.0010490733185685977,0.0002525546878035513,,,0.0002525546878035513,0.0005245366592842988,0.0002525546878035513,0.0007770913470878502,0.0005245366592842988,0.002894665267902242,,,0.006333294478765979,,0.0002525546878035513,,0.006333294478765979,0.005284221160197381,,0.011092978979679062,,,0.0002525546878035513,0.0002525546878035513,0.0002525546878035513,0.0007770913470878502,0.0002525546878035513,,0.0002525546878035513,0.0005245366592842988,,,,0.0002525546878035513,0.005284221160197381,,,,,0.0005245366592842988,0.0007770913470878502,,,,0.0039631658701480355,0.0002525546878035513,0.0007770913470878502,0.0005245366592842988,,0.002370128608617943,0.0005245366592842988,0.022982476590123167,,0.01214205229824766,0.0018455919493336442,0.06395461786533006,0.01425962621906205,0.0005245366592842988,0.012686016241209155,0.0005245366592842988,0.0007770913470878502,0.0007770913470878502,,,0.026693087772467653,,,,,,0.18792011500951936,0.00580875781948168,0.594436025954851,,0.0002525546878035513,
0.0002525546878035513,,,,,0.0005245366592842988,,0.002137001204491588,0.0005245366592842988,,0.001068500602245794,,,0.008839414073124295,,0.001068500602245794,,0.0029335198352566346,0.0029335198352566346,,0.015017290282472704,,,0.0024089831759723356,0.0002525546878035513,0.001068500602245794,,,,0.0002525546878035513,0.0007965186307650464,,,,0.0005245366592842988,0.013676807708746163,0.0002525546878035513,,,0.0002525546878035513,0.0015930372615300928,0.0005245366592842988,,,,0.005886466954190465,0.0007965186307650464,0.0013404825737265416,0.0015930372615300928,0.0002525546878035513,0.0018650192330108403,0.0002525546878035513,0.014745308310991957,0.0005245366592842988,0.007498931499397754,0.001068500602245794,0.06199246221393325,0.0015930372615300928,0.0013404825737265416,0.011267824532773828,0.001068500602245794,0.001068500602245794,0.0034774837782181297,0.001068500602245794,,0.03730038466021681,0.0005245366592842988,0.0002525546878035513,0.0002525546878035513,,,0.2235691805571745,0.009655359987566538,0.5523371022263666,0.0002525546878035513,0.0002525546878035513,
0.0005245366592842988,0.0005245366592842988,,,,,,,,,0.002370128608617943,,,0.006605276450246726,,,,0.004759684500913082,0.0036911838986672884,,0.00767377705249252,,,0.0005245366592842988,0.0002525546878035513,0.0002525546878035513,,,,0.0002525546878035513,0.0005245366592842988,,,,,0.0039631658701480355,,,,,0.0018455919493336442,0.0002525546878035513,,0.0002525546878035513,,0.002370128608617943,0.0007770913470878502,0.0010490733185685977,0.0007770913470878502,,0.0007770913470878502,0.0005245366592842988,0.010587869604071959,0.0002525546878035513,0.007945759023973268,0.0007770913470878502,0.0383883125461398,0.0013210552900493452,0.0010490733185685977,0.01322998018417065,0.0010490733185685977,0.0005245366592842988,0.0026421105800986905,0.0005245366592842988,,0.016668609395034385,0.0005245366592842988,0.0002525546878035513,0.0005245366592842988,,,0.1260636437813265,0.0060807397909624274,0.7299996114543266,,0.0010490733185685977,
0.0002137001204491588,0.00044682752457551384,0.00044682752457551384,,,,,,0.00044682752457551384,,0.0024866923106811206,0.0006799549287018689,,0.004992811905039437,,,,0.007265804095271399,0.0031666472393829894,,0.0020398647861056066,,,0.0006799549287018689,,,,,,,0.0002137001204491588,,,,,0.0018067373819792517,0.0002137001204491588,,,0.0002137001204491588,0.0013599098574037377,0.0002137001204491588,,0.0002137001204491588,,0.003866029451762055,0.00044682752457551384,,0.0008936550491510277,,0.0013599098574037377,0.00044682752457551384,0.024575513851653262,,0.010005051093756072,0.0002137001204491588,0.05165714729766484,0.002272992190231962,0.0011267824532773829,0.011598088355286165,0.0008936550491510277,0.00044682752457551384,0.0006799549287018689,0.0002137001204491588,,0.02319617671057233,,,,,,0.15063915763297975,0.0033997746435093447,0.6849671678905855,,,
0.00023312740412635504,0.00023312740412635504,,,0.00023312740412635504,,0.00023312740412635504,,0.0006993822123790652,,,0.0004662548082527101,,0.0025838287290671016,,,,0.00845086839958037,0.003516338345572522,,0.003283210941446167,,,0.0009325096165054202,,,,,,,,,,,,0.0018650192330108403,0.00023312740412635504,,,,,0.0004662548082527101,,0.00023312740412635504,,0.0013987644247581304,,,0.00023312740412635504,,0.0009325096165054202,,0.01975754749970859,,0.005633912266386914,0.00023312740412635504,0.05880638769087306,0.0025838287290671016,0.003283210941446167,0.004215720557951587,0.0013987644247581304,,0.0004662548082527101,,,0.02210824882464934,,0.00023312740412635504,,,,0.15903174418152854,0.0020981466371371954,0.6936900182616467,0.00023312740412635504,,
0.00023312740412635504,,,,,,0.00048568209192990637,,0.00023312740412635504,,0.001223918871663364,0.00023312740412635504,,0.002195283055523177,,,,0.007829195321910091,0.005633912266386914,0.00048568209192990637,0.0017096009635932704,,,0.0009713641838598127,0.0007188094960562614,,,,,,0.00048568209192990637,,,,,0.0019427283677196255,,,,0.00023312740412635504,0.00048568209192990637,0.0007188094960562614,,,,0.0029335198352566346,,0.00023312740412635504,,,0.0017096009635932704,,0.02131173019388429,,0.008081750009713642,0.00048568209192990637,0.0580875781948168,0.0017096009635932704,0.00048568209192990637,0.005633912266386914,0.0007188094960562614,,0.00048568209192990637,,,0.02204996697361775,,0.0009713641838598127,,,,0.13874966002253564,0.0007188094960562614,0.7098146637137196,,,
0.00023312740412635504,,,0.0004662548082527101,,,0.0006993822123790652,0.00023312740412635504,0.0004662548082527101,,0.0011850643043089715,,,0.002137001204491588,,,,0.007382367797334577,0.004274002408983176,0.0006993822123790652,0.005478493996969344,,,0.0016513191125616816,,,,,,,0.0009519369001826165,,,,,0.004040875004856821,,,,,0.0004662548082527101,0.0006993822123790652,,,,0.0026226832964214943,0.00023312740412635504,0.00023312740412635504,0.0004662548082527101,,0.0011850643043089715,,0.021700275867428218,0.0006993822123790652,0.00643043089715196,0.0006993822123790652,0.0679566383028325,0.0033220655088005593,0.0009519369001826165,0.004526557096786728,0.0016513191125616816,,0.0006993822123790652,,,0.02931577106888915,,0.0006993822123790652,,,,0.158584916656953,0.002137001204491588,0.6648210747173331,,,
0.00023312740412635504,0.0004662548082527101,0.0006993822123790652,,0.0006993822123790652,,0.0009325096165054202,0.00023312740412635504,0.0004662548082527101,,0.0016318918288844855,0.0006993822123790652,,0.003283210941446167,,,0.00023312740412635504,0.011267824532773828,0.005400784862260559,0.0011656370206317753,0.007032676691145044,,,0.0013987644247581304,0.00023312740412635504,,,,,,0.0004662548082527101,,0.00023312740412635504,,,0.006333294478765979,,,0.00023312740412635504,0.0009325096165054202,0.0011656370206317753,0.00023312740412635504,,,,0.0023312740412635507,0.0004662548082527101,0.0009325096165054202,0.0018650192330108403,0.00023312740412635504,0.007032676691145044,0.00023312740412635504,0.019019310719975133,0.00023312740412635504,0.00845086839958037,0.0006993822123790652,0.07918560826825194,0.0020981466371371954,0.003516338345572522,0.006799549287018689,0.002816956133193457,,0.0004662548082527101,0.00023312740412635504,,0.030306562536426156,,0.0006993822123790652,,,,0.18117884757353228,0.003283210941446167,0.6017795391848312,,0.0004662548082527101,
,,0.0007188094960562614,,0.0009519369001826165,0.00023312740412635504,0.00023312740412635504,,0.0021758557718459803,0.00023312740412635504,0.005575630415355325,0.00023312740412635504,,0.004351711543691961,,,,0.007013249407467848,0.007498931499397754,0.0009519369001826165,0.017931382834052143,,,0.0024089831759723356,0.0009519369001826165,,,,,,0.0007188094960562614,0.00023312740412635504,0.0009519369001826165,,0.0004662548082527101,0.0031472199557057933,,,0.0004662548082527101,0.0012044915879861678,0.0021758557718459803,0.0004662548082527101,,0.0004662548082527101,0.00023312740412635504,0.004351711543691961,,0.0004662548082527101,0.0014376189921125229,,0.0009519369001826165,,0.014045926098612892,,0.017445700742122237,0.0009519369001826165,0.06836461126005362,0.0031472199557057933,0.0036329020476356996,0.0036329020476356996,0.001690173679916074,,0.0004662548082527101,0.00023312740412635504,,0.02982088044449625,,0.0009519369001826165,,,,0.19370944554532385,0.005323075727551774,0.5873839219800288,,,
0.00023312740412635504,,,0.00023312740412635504,0.0007188094960562614,,0.00048568209192990637,,0.001690173679916074,,0.0036329020476356996,0.00023312740412635504,,0.003885456735439251,,0.001690173679916074,,0.006313867195088783,0.003885456735439251,0.0009713641838598127,0.01653261840929401,,,0.001457046275789719,0.00048568209192990637,0.00023312740412635504,,,,,0.0007188094960562614,,0.00048568209192990637,,0.00048568209192990637,0.0036329020476356996,,,0.00048568209192990637,0.0012044915879861678,0.0007188094960562614,,,,,0.005595057699032522,0.00048568209192990637,0.00023312740412635504,0.0019427283677196255,,0.002914092551579438,,0.017756537280957378,,0.013132843765784668,0.001457046275789719,0.057660177953918486,0.0033997746435093447,0.002661537863775887,0.0036329020476356996,0.0012044915879861678,0.00023312740412635504,0.0012044915879861678,0.00023312740412635504,,0.02432295916384971,0.00023312740412635504,0.0009713641838598127,,0.00023312740412635504,,0.12676302599370556,0.004604266231495512,0.6782259004545985,,0.00048568209192990637,
0.00023312740412635504,,0.001690173679916074,0.0004662548082527101,,,0.0014376189921125229,,0.0004662548082527101,0.0004662548082527101,0.0036134747639585034,0.00023312740412635504,,0.002661537863775887,,0.0009519369001826165,,0.008470295683257568,0.0036134747639585034,0.0021758557718459803,0.014026498814935695,,,0.0012044915879861678,0.00023312740412635504,0.00023312740412635504,,,,,0.0007188094960562614,,,,,0.0036134747639585034,,,,0.00023312740412635504,0.0004662548082527101,,,0.00023312740412635504,,0.002661537863775887,,,0.0009519369001826165,,0.0004662548082527101,,0.01525041768659906,,0.008955977775187474,0.001690173679916074,0.061720480242452504,0.0024089831759723356,,0.005323075727551774,0.0024089831759723356,,0.0004662548082527101,0.00023312740412635504,,0.02879123440960485,,0.00023312740412635504,,,,0.13919648754711117,0.004099156855888409,0.6777013637953142,,,
0.0002137001204491588,,0.0009130823328282239,,0.0002137001204491588,,0.0002137001204491588,,0.00044682752457551384,,0.0006799549287018689,,,0.0030112289699654195,,0.00044682752457551384,,0.008101177293390839,0.009266814314022613,0.001379337141080934,0.0030112289699654195,,,0.0006799549287018689,,0.0002137001204491588,,,,,0.0006799549287018689,,0.0006799549287018689,,,0.001146209736954579,,,,,0.0002137001204491588,0.0009130823328282239,,,,0.0016124645452072891,,,0.0002137001204491588,,0.001146209736954579,,0.02203053968994055,,0.009033686909896258,0.001146209736954579,0.06004973384621362,0.001379337141080934,0.0016124645452072891,0.004623693515172708,0.00044682752457551384,,0.0002137001204491588,,,0.021797412285814197,,,,,,0.14354819909080313,0.0034774837782181297,0.6952442009558224,,,
,,,,,,0.0002137001204491588,,0.0002137001204491588,,0.0017873100983020554,,,0.0024672650270039244,,,,0.0067412674359871,0.003360920076154952,0.0013404825737265416,0.0027003924311302793,,,0.0006605276450246726,0.0002137001204491588,,,,,,0.00044682752457551384,,0.0002137001204491588,,,0.0008936550491510277,,,,,0.0017873100983020554,,,,,0.0024672650270039244,,,,,0.0017873100983020554,,0.018242219372887284,,0.009227959746668221,0.00044682752457551384,0.052259393091657926,0.0020204375024284104,,0.006294439911411587,0.0002137001204491588,,0.0006605276450246726,0.0002137001204491588,,0.018689046897462796,,,,,,0.1442087267358278,0.003827174884407662,0.716400512880289,,,
0.0002137001204491588,,,,,,,,0.0002137001204491588,0.0002137001204491588,0.0013599098574037377,,,0.0038466021680848583,,,,0.004973384621362241,0.0033997746435093447,0.0002137001204491588,0.0024866923106811206,,,0.00044682752457551384,0.0002137001204491588,0.0002137001204491588,,,,,0.00044682752457551384,0.0002137001204491588,0.0002137001204491588,,,0.0008936550491510277,,,,0.00044682752457551384,0.0018067373819792517,0.0002137001204491588,,,,0.005206512025488596,,0.00044682752457551384,,,0.0013599098574037377,0.0002137001204491588,0.021758557718459803,,0.012006061312507286,0.0006799549287018689,0.06191475307922446,0.0011267824532773829,0.00044682752457551384,0.005206512025488596,0.00044682752457551384,0.0002137001204491588,0.0006799549287018689,0.0002137001204491588,,0.020631775265182423,,0.0006799549287018689,,,,0.15784667987721956,0.0022535649065547657,0.6846369040680732,,,
0.0002137001204491588,,0.0002137001204491588,,0.00044682752457551384,,0.0006799549287018689,,0.0002137001204491588,0.0011267824532773829,0.0013599098574037377,0.0002137001204491588,,0.0027198197148074754,,,,0.0068189765706958855,0.027062206162334384,,0.00705210397482224,,,0.0002137001204491588,0.00044682752457551384,,,,,,0.0006799549287018689,,,,,0.0015736099778528966,0.0002137001204491588,,,0.0002137001204491588,0.0013599098574037377,0.0002137001204491588,,,,0.0036329020476356996,,0.0008936550491510277,0.0006799549287018689,0.00044682752457551384,0.0008936550491510277,0.0002137001204491588,0.027761588374713448,,0.009538796285503361,0.0011267824532773829,0.07440649648366165,0.004079729572211213,0.00044682752457551384,0.007498931499397754,0.0013599098574037377,0.00044682752457551384,0.0006799549287018689,0.0002137001204491588,,0.025022341376228777,,0.0008936550491510277,,,,0.17179546955744648,0.0018067373819792517,0.6124451179236119,,,0.0006799549287018689
0.00023312740412635504,0.00023312740412635504,,,,,0.0004662548082527101,0.00023312740412635504,0.0009519369001826165,0.0004662548082527101,0.002137001204491588,0.0006993822123790652,,0.009305668881377006,,,,0.00643043089715196,0.008586859385320745,0.0004662548082527101,0.013599098574037379,,,0.00023312740412635504,,,,,,0.00023312740412635504,0.0014181917084353265,,,,0.00023312740412635504,0.0026226832964214943,,,,0.00023312740412635504,0.0014181917084353265,0.0009519369001826165,,0.0004662548082527101,0.00023312740412635504,0.005478493996969344,0.00023312740412635504,0.0006993822123790652,0.00023312740412635504,,0.0009519369001826165,0.00023312740412635504,0.022419085363484477,0.0011850643043089715,0.012880289077981116,0.0011850643043089715,0.060593697789175116,0.003807747600730466,0.0016513191125616816,0.005711621401095698,0.002137001204491588,,0.0006993822123790652,0.0004662548082527101,,0.034580564945409335,,0.0011850643043089715,,0.0006993822123790652,,0.21927575086451412,0.00596417608889925,0.5651785367369935,,0.0004662548082527101,0.00023312740412635504
0.00023312740412635504,,0.00023312740412635504,,,,0.00023312740412635504,,0.00048568209192990637,0.00023312740412635504,0.0031666472393829894,0.00048568209192990637,0.0007188094960562614,0.004390566111046354,,,,0.005867039670513269,0.0029335198352566346,0.00048568209192990637,0.004895675486653456,,,0.00048568209192990637,,,,,,0.00023312740412635504,0.0009713641838598127,,,,,0.002195283055523177,,,,0.00023312740412635504,0.001223918871663364,0.0009713641838598127,,,,0.002195283055523177,0.00023312740412635504,0.0009713641838598127,0.00023312740412635504,,0.0009713641838598127,0.0007188094960562614,0.015172708551890275,0.00048568209192990637,0.010762715157166725,0.001457046275789719,0.0482185180868011,0.0029335198352566346,0.001223918871663364,0.006352721762443175,0.002195283055523177,,0.0009713641838598127,0.00023312740412635504,,0.02203053968994055,,0.0009713641838598127,,0.0009713641838598127,,0.12165365038660295,0.0041574387069199985,0.7237245988265921,,0.00048568209192990637,
0.00023312740412635504,,,,,,0.00023312740412635504,,0.00023312740412635504,0.00023312740412635504,0.001690173679916074,,,0.001457046275789719,,,,0.00705210397482224,0.002914092551579438,,0.003885456735439251,,,0.00048568209192990637,,0.0007188094960562614,,,,,0.0007188094960562614,,,,,0.0024284104596495317,,,,0.00023312740412635504,0.00023312740412635504,0.00023312740412635504,,,,0.001690173679916074,0.00023312740412635504,,0.0007188094960562614,,0.0007188094960562614,,0.02407040447604616,,0.006313867195088783,0.00048568209192990637,0.05985546100944166,0.001690173679916074,0.0012044915879861678,0.00705210397482224,,0.0007188094960562614,0.00048568209192990637,,,0.025294323347709525,,0.0009713641838598127,,,,0.15133853984535883,0.002661537863775887,0.6915141624898007,,,
0.0002525546878035513,,,,,,,,0.0002525546878035513,0.0002525546878035513,0.0015153281268213078,,,0.0030306562536426157,,,,0.006566421882892334,0.0037883203170532695,,0.0020204375024284104,,,0.0005051093756071026,0.0005051093756071026,0.0002525546878035513,,,,0.0002525546878035513,0.0002525546878035513,,,,,0.0020204375024284104,,,,,0.0010102187512142052,0.0005051093756071026,,,,0.002272992190231962,0.0005051093756071026,,0.0002525546878035513,,0.0010102187512142052,,0.021777985002137002,,0.006838403854373082,,0.05647511364960951,0.0035357656292497185,0.0005051093756071026,0.0050510937560710265,0.0002525546878035513,0.0007576640634106539,0.0010102187512142052,,,0.026848506041885222,,0.0002525546878035513,,,,0.14842444729377938,0.004040875004856821,0.6972063566072192,,,
0.00023312740412635504,,,,,,0.00023312740412635504,,,0.0009713641838598127,0.00048568209192990637,0.00023312740412635504,,0.001457046275789719,,,,0.005828185103158876,0.003885456735439251,,0.0019427283677196255,,,0.00023312740412635504,,0.00023312740412635504,0.00023312740412635504,,,,0.0009713641838598127,,0.00023312740412635504,,,0.001457046275789719,,,,,0.0009713641838598127,0.0007188094960562614,,,,0.003885456735439251,,,0.0007188094960562614,,0.0009713641838598127,,0.01944671096087345,,0.006546994599215138,0.0007188094960562614,0.059311497066480166,0.0021758557718459803,0.0007188094960562614,0.008256595562808408,0.00023312740412635504,0.00048568209192990637,0.001457046275789719,,,0.02770330652368186,,0.00048568209192990637,,0.00023312740412635504,,0.15390294129074872,0.004371138827369158,0.6878229785911334,,0.00023312740412635504,
0.00048568209192990637,,,,,,,0.00023312740412635504,0.0007188094960562614,0.0017096009635932704,0.002680965147453083,,,0.0019427283677196255,,,,0.004623693515172708,0.004390566111046354,,0.0017096009635932704,,,0.00023312740412635504,,0.00023312740412635504,0.00023312740412635504,,,,0.0007188094960562614,,0.00023312740412635504,,,0.0012044915879861678,0.00023312740412635504,,,,0.002195283055523177,0.00023312740412635504,,,,0.003904884019116447,,,0.00048568209192990637,,0.0061001670746396236,,0.025391459766095505,,0.01831992850759607,0.00048568209192990637,0.06449858180829156,0.001457046275789719,0.00048568209192990637,0.005361930294906166,0.0007188094960562614,0.00023312740412635504,0.00048568209192990637,,,0.030772817344678866,,0.00023312740412635504,,0.0019427283677196255,,0.16223724598826592,0.002195283055523177,0.6504448847962079,,0.00023312740412635504,
0.00023312740412635504,0.00048568209192990637,,,,,0.00023312740412635504,0.00048568209192990637,0.0014764735594669154,0.0017290282472704665,0.0014764735594669154,,,0.0014764735594669154,,,,0.007440649648366165,0.0039631658701480355,,0.004448847962077942,,,0.00048568209192990637,0.00048568209192990637,0.00048568209192990637,,,,,0.0014764735594669154,0.00023312740412635504,,,,0.0014764735594669154,0.00048568209192990637,,,,0.0007382367797334577,,,,,0.005439639429614951,0.00023312740412635504,,0.00023312740412635504,,0.0027198197148074754,0.0007382367797334577,0.026537669503050084,,0.028771807125927654,,0.06447915452461436,0.0024672650270039244,0.001223918871663364,0.007440649648366165,0.001223918871663364,0.00023312740412635504,0.0007382367797334577,0.00023312740412635504,,0.031005944748805223,,,,0.0009907914675370089,,0.2053852430353188,0.002972374402611027,0.585907448420562,,0.0014764735594669154,0.00023312740412635504
0.00023312740412635504,,,,,,0.00023312740412635504,0.00023312740412635504,0.0022535649065547657,0.0022535649065547657,0.0009907914675370089,,,0.0022535649065547657,,,,0.004779111784590279,0.004021447721179625,,0.006799549287018689,,,0.0009907914675370089,0.0007382367797334577,,,,,,0.003263783657768971,0.00023312740412635504,,,,0.0030112289699654195,0.00048568209192990637,,0.0009907914675370089,,0.0030112289699654195,0.00048568209192990637,0.00023312740412635504,,,0.005284221160197381,0.0012433461553405603,,0.0012433461553405603,,0.004274002408983176,0.0025061195943583167,0.032288145471500176,,0.04314799704705288,0.0037688930333760733,0.05626141352916035,0.0030112289699654195,0.0012433461553405603,0.011092978979679062,0.003516338345572522,,0.0014959008431441117,,,0.029004934530054007,,0.00048568209192990637,,,,0.1970703656214788,0.004779111784590279,0.5603217158176944,,0.00023312740412635504,0.00023312740412635504
0.0002525546878035513,0.0002525546878035513,0.0002525546878035513,,,,,,0.0010296460348914016,0.0007576640634106539,0.0018067373819792517,,,0.0018067373819792517,,,0.0002525546878035513,0.004390566111046354,0.003360920076154952,,0.007751486187201306,,,0.0005051093756071026,,,,,,,0.002836383416870653,,,,,0.002059292069782803,0.0002525546878035513,,0.0005051093756071026,,0.002311846757586354,0.0007576640634106539,,,,0.002059292069782803,,0.0005051093756071026,0.0015347554104985042,,0.002311846757586354,,0.016824027664451957,,0.023565295100439056,0.0005051093756071026,0.045051870847418116,0.003360920076154952,0.002059292069782803,0.006197303493025605,0.0007576640634106539,,0.0018067373819792517,0.0005051093756071026,,0.01993239305280336,0.0002525546878035513,0.0002525546878035513,,,,0.13208610172125734,0.004643120798849905,0.7041418968799782,,0.0002525546878035513,0.0002525546878035513
0.00027198197148074754,,0.00027198197148074754,,,,0.00027198197148074754,,0.00027198197148074754,,0.0030695108209970083,,,0.0011073551696001865,,,0.00027198197148074754,0.012899716361658313,0.0036329020476356996,,0.0030695108209970083,,,0.00027198197148074754,0.00027198197148074754,0.00027198197148074754,,,,,0.000835373198119439,,,,,0.0050316664723938295,,,,,0.00027198197148074754,0.000835373198119439,,,,0.002234137622877569,,0.0005439639429614951,0.00027198197148074754,,0.001670746396238878,0.00027198197148074754,0.023273885845281114,,0.008120604577068034,0.0005439639429614951,0.06197303493025605,0.000835373198119439,0.0005439639429614951,0.008120604577068034,,,0.00027198197148074754,0.0005439639429614951,,0.018494774060690833,,,0.00027198197148074754,,,0.15174651280257995,0.004759684500913082,0.6825776119982905,,,
0.0005245366592842988,,,,,,0.0002525546878035513,,,,0.0005245366592842988,,,0.001301628006372149,,0.0002525546878035513,0.0002525546878035513,0.007596067917783735,0.002350701324940747,,0.0033997746435093447,,,0.0010490733185685977,0.0007770913470878502,0.0007770913470878502,,,0.0002525546878035513,0.0002525546878035513,0.0007770913470878502,,,,,0.0020981466371371954,,,0.0002525546878035513,,0.0015736099778528966,0.0010490733185685977,,,,0.002350701324940747,0.0002525546878035513,0.0005245366592842988,,,0.0010490733185685977,0.0002525546878035513,0.024128686327077747,,0.011792361192058126,0.0005245366592842988,0.05482379453704783,0.0007770913470878502,0.0002525546878035513,0.007071531258499437,0.0002525546878035513,,0.0007770913470878502,0.0002525546878035513,,0.02360414966779345,,0.0002525546878035513,0.0005245366592842988,,,0.1561176516299491,0.0026226832964214943,0.6862299413296034,0.0002525546878035513,,
0.0002525546878035513,,,,,,0.0002525546878035513,0.0005051093756071026,0.0007576640634106539,,0.0005051093756071026,0.0002525546878035513,,0.0015347554104985042,,0.0007576640634106539,,0.005128802890779811,0.004099156855888409,,0.005905894237867661,,,0.0015347554104985042,0.0005051093756071026,0.0007576640634106539,,,,,0.0002525546878035513,,0.0002525546878035513,,,0.0015347554104985042,,0.0002525546878035513,,,0.0010102187512142052,0.0005051093756071026,,,,0.003594047480281307,0.0002525546878035513,0.0007576640634106539,0.0002525546878035513,,0.0015347554104985042,,0.019796402067062985,,0.008217740995454016,0.0017873100983020554,0.05814586004584839,0.002311846757586354,0.0002525546878035513,0.007712631619846913,,,0.0012822007226949528,,,0.01723200062167308,,0.0002525546878035513,,,,0.18061545634689358,0.0020398647861056066,0.6674049034464001,,,
0.0002525546878035513,,0.0005051093756071026,0.0002525546878035513,0.0002525546878035513,,0.0005051093756071026,0.0002525546878035513,0.0002525546878035513,,0.0015153281268213078,0.0002525546878035513,0.0002525546878035513,0.0017678828146248592,,0.0007576640634106539,,0.010179896646850838,0.006857831138050278,0.0002525546878035513,0.005089948323425419,,,0.002272992190231962,,0.0005051093756071026,,,,,0.0005051093756071026,,0.0002525546878035513,,,0.00534250301122897,,,0.0002525546878035513,0.0010102187512142052,0.0017678828146248592,0.0010102187512142052,,,,0.0030500835373198118,,0.0005051093756071026,0.0002525546878035513,,0.0005051093756071026,0.0007576640634106539,0.022652212767610834,,0.0061001670746396236,0.0007576640634106539,0.06137078913626297,0.0012627734390177566,0.0002525546878035513,0.006352721762443175,0.0007576640634106539,,0.0007576640634106539,0.0002525546878035513,,0.023681858802502235,0.0002525546878035513,0.0007576640634106539,,0.0012627734390177566,,0.17649687220732796,0.004060302288534017,0.6452772273380736,,0.0005051093756071026,
0.0007576640634106539,,,,0.0010102187512142052,,0.0002525546878035513,,0.0012627734390177566,0.0020398647861056066,0.0017678828146248592,0.0002525546878035513,,0.005867039670513269,,0.0017678828146248592,,0.011986634028830089,0.0043322842600147645,,0.007654349768815324,,,0.0030500835373198118,0.0002525546878035513,0.0007576640634106539,,,,0.0002525546878035513,0.0007576640634106539,0.0002525546878035513,,,0.0002525546878035513,0.0030500835373198118,,,0.0002525546878035513,0.0007576640634106539,0.0030500835373198118,0.0010102187512142052,,,,0.011734079341026538,,,0.0012627734390177566,,0.0017678828146248592,0.0010102187512142052,0.02422582274546373,,0.01581380891323775,0.0020398647861056066,0.08266309204647006,0.003302638225123363,0.0010102187512142052,0.009169677895636632,0.0005051093756071026,0.0002525546878035513,0.0025449741617127094,,,0.02193340327155457,,0.0005051093756071026,,0.0025449741617127094,,0.22401600808175,0.007382367797334577,0.5336674826125811,,,
,,0.0002525546878035513,,0.0002525546878035513,,,0.0002525546878035513,0.0028752379842250458,0.0002525546878035513,0.0036717566149900922,,,0.011539806504254575,,0.0010490733185685977,,0.0073435132299801845,0.006022457939930839,,0.010490733185685977,,,,,0.0002525546878035513,,,,,0.0002525546878035513,0.0015736099778528966,0.0002525546878035513,,,0.0028752379842250458,,,0.0007770913470878502,,0.002350701324940747,0.0026226832964214943,,,,0.010743287873489528,0.0002525546878035513,,0.0005245366592842988,,0.0010490733185685977,0.0005245366592842988,0.024400668298558494,0.0007770913470878502,0.028596961572832886,0.0026226832964214943,0.07557213350429343,0.0036717566149900922,0.0018261646656564478,0.013637953141391771,0.0005245366592842988,0.0002525546878035513,0.004196293274274391,,,0.03621245677429382,,0.0010490733185685977,,0.0007770913470878502,,0.2162645218945487,0.007071531258499437,0.5142401989353849,,0.0002525546878035513,
0.00048568209192990637,,0.0007382367797334577,,,0.00048568209192990637,,0.00023312740412635504,0.0009713641838598127,0.00048568209192990637,0.003205501806737382,,0.00023312740412635504,0.0036911838986672884,,0.00048568209192990637,,0.003943738586470839,0.003458056494540933,0.00023312740412635504,0.0046819753662042975,,,,,0.0007382367797334577,,,,,0.00048568209192990637,0.00023312740412635504,0.0007382367797334577,,,0.0051870847418114,,,0.00023312740412635504,,0.002214710339200373,0.00048568209192990637,0.00048568209192990637,,,0.004448847962077942,0.00023312740412635504,0.0007382367797334577,0.00023312740412635504,,0.001223918871663364,,0.01804794653611532,,0.012841434510626724,0.00023312740412635504,0.03955394956677157,0.0017290282472704665,0.00023312740412635504,0.00913082332828224,0.0009713641838598127,,0.00048568209192990637,,,0.022244239810389713,0.00023312740412635504,0.00048568209192990637,,0.00048568209192990637,,0.14562691844426312,0.003458056494540933,0.7020243229591638,0.00023312740412635504,0.0007382367797334577,0.00023312740412635504
0.00023312740412635504,,,,,,,,0.0007382367797334577,0.00023312740412635504,0.00023312740412635504,,,0.0029918016862882234,,0.0012433461553405603,,0.004759684500913082,0.004992811905039437,,0.003496911061895326,,,0.00023312740412635504,0.0012433461553405603,0.0009907914675370089,,,,,0.0007382367797334577,,0.0007382367797334577,,,0.0009907914675370089,0.0007382367797334577,,0.00023312740412635504,,0.001748455530947663,0.0012433461553405603,,,,0.003749465749698877,0.00023312740412635504,0.00023312740412635504,,,0.0020010102187512143,0.00023312740412635504,0.015522399658079807,,0.010005051093756072,0.00023312740412635504,0.055872867855616425,0.0007382367797334577,0.0007382367797334577,0.005245366592842989,,0.00023312740412635504,0.00023312740412635504,,,0.018028519252438126,,0.00048568209192990637,,,,0.16011967206745154,0.004992811905039437,0.6923301084042429,0.00023312740412635504,0.00048568209192990637,0.00023312740412635504
0.00048568209192990637,0.00023312740412635504,,,,,0.00048568209192990637,,0.00023312740412635504,0.0007382367797334577,0.0007382367797334577,,,0.0037688930333760733,,,,0.004779111784590279,0.003263783657768971,,0.002758674282161868,,,0.0007382367797334577,0.00048568209192990637,0.00023312740412635504,,,,,0.00048568209192990637,,0.00023312740412635504,,,0.001748455530947663,0.00023312740412635504,,0.00023312740412635504,0.00023312740412635504,0.0009907914675370089,0.0014959008431441117,0.00023312740412635504,,,0.0014959008431441117,0.0007382367797334577,0.00048568209192990637,,0.00023312740412635504,0.0022535649065547657,0.0007382367797334577,0.028014143062517,0.00023312740412635504,0.006294439911411587,0.0022535649065547657,0.05882581497455026,0.0012433461553405603,0.0007382367797334577,0.006041885223608035,0.0007382367797334577,0.0014959008431441117,0.00048568209192990637,,,0.02649881493569569,,,,0.00023312740412635504,,0.15551540583595602,0.0020010102187512143,0.6778956366320861,,0.00048568209192990637,0.00023312740412635504
0.0002525546878035513,,,,0.0002525546878035513,,0.0002525546878035513,0.0005051093756071026,0.0002525546878035513,0.0002525546878035513,0.0015347554104985042,,,0.0030695108209970083,,,,0.003594047480281307,0.0030695108209970083,0.0005051093756071026,0.0038466021680848583,,,0.0005051093756071026,,0.0002525546878035513,,,,0.0012822007226949528,0.0002525546878035513,,0.0005051093756071026,,,0.0038466021680848583,0.0005051093756071026,,,0.0005051093756071026,0.002311846757586354,0.0015347554104985042,,,,0.003341492792477756,,0.0007576640634106539,,,0.002816956133193457,0.0015347554104985042,0.01876675603217158,0.0005051093756071026,0.008742277654738315,0.0005051093756071026,0.057368768698760536,0.003341492792477756,0.0007576640634106539,0.008994832342541866,0.0007576640634106539,0.0015347554104985042,0.0010102187512142052,,,0.03446400124334616,0.0005051093756071026,0.0002525546878035513,,0.0015347554104985042,,0.17983836499980574,0.005128802890779811,0.6386525236041496,,,
,,,,0.0002525546878035513,,0.0002525546878035513,0.0002525546878035513,0.0002525546878035513,0.0002525546878035513,0.0020787193534599993,,,0.0046819753662042975,,,,0.0031083653883514006,0.005711621401095698,,0.008314877413839997,,,0.0010296460348914016,0.0002525546878035513,0.0005051093756071026,,,,,0.0005051093756071026,,0.0010296460348914016,,,0.0018067373819792517,0.0002525546878035513,,,,0.0018067373819792517,0.0020787193534599993,0.0002525546878035513,,,0.0023312740412635507,0.0002525546878035513,0.0005051093756071026,,,0.0007770913470878502,0.0007770913470878502,0.027314760850137933,,0.012472316120759995,0.0007770913470878502,0.05565916773516727,0.0007770913470878502,0.0015541826941757003,0.005459066713292148,0.0005051093756071026,,0.0012822007226949528,0.0002525546878035513,,0.039281967595290825,0.0015541826941757003,0.0002525546878035513,,0.0002525546878035513,,0.1841900765434977,0.0041574387069199985,0.624936861328049,,,
,0.00048568209192990637,,,,,,,0.00048568209192990637,0.00023312740412635504,0.002195283055523177,,,0.0009713641838598127,,,,0.0073240859463029875,0.00487624820297626,,0.005614484982709718,,,0.00048568209192990637,,0.00048568209192990637,0.0024284104596495317,,,,0.0007188094960562614,,0.00048568209192990637,,,0.0031666472393829894,0.00023312740412635504,,0.00048568209192990637,,0.0012044915879861678,0.0009713641838598127,0.00023312740412635504,,,0.004138011423242802,0.00023312740412635504,0.00023312740412635504,0.00048568209192990637,,0.001690173679916074,0.00023312740412635504,0.026362823949955316,0.00048568209192990637,0.010238178497882427,0.001457046275789719,0.06420717255313362,0.0024284104596495317,0.0019427283677196255,0.0036523293313128957,0.001690173679916074,,0.0012044915879861678,0.00023312740412635504,,0.026848506041885222,0.001690173679916074,0.00048568209192990637,,0.0009713641838598127,,0.1909119166958076,0.005109375607102615,0.6192640944943079,0.00023312740412635504,,0.00048568209192990637
,0.0009713641838598127,0.00023312740412635504,0.00048568209192990637,0.00048568209192990637,,,,0.00048568209192990637,,0.0012044915879861678,,0.00023312740412635504,0.007537786066752147,,0.0012044915879861678,,0.004623693515172708,0.005109375607102615,0.00023312740412635504,0.007790340754555698,,,,,0.0007188094960562614,,,,,0.0007188094960562614,,,,,0.0036523293313128957,0.00048568209192990637,,0.00048568209192990637,,0.001690173679916074,0.001690173679916074,,,,0.002661537863775887,0.0007188094960562614,0.00023312740412635504,0.0007188094960562614,,0.0060807397909624274,0.0012044915879861678,0.02043750242841046,0.00048568209192990637,0.018009091968760927,0.002914092551579438,0.06890857520301512,0.00023312740412635504,0.010451878618331585,0.00534250301122897,0.001690173679916074,,,0.00023312740412635504,,0.030675680926292886,0.00048568209192990637,0.0009713641838598127,,0.0009713641838598127,,0.20624004351711545,0.005595057699032522,0.5734934141508334,0.00023312740412635504,0.00048568209192990637,0.00048568209192990637
,0.00023312740412635504,,0.0009713641838598127,,,0.00048568209192990637,,0.0007188094960562614,0.00048568209192990637,0.00023312740412635504,,,0.0019427283677196255,,0.00048568209192990637,,0.004643120798849905,0.005633912266386914,,0.003904884019116447,,,,,0.00023312740412635504,,,,0.00023312740412635504,0.00023312740412635504,,,,,0.0017096009635932704,0.00048568209192990637,,0.0009713641838598127,,0.001223918871663364,0.0009713641838598127,0.00023312740412635504,,,0.002447837743326728,0.00023312740412635504,0.00023312740412635504,0.0007188094960562614,,0.0007188094960562614,0.0007188094960562614,0.012491743404437192,0.00023312740412635504,0.010043905661110464,0.0017096009635932704,0.05093833780160858,0.002447837743326728,0.0009713641838598127,0.003904884019116447,0.0017096009635932704,,0.00023312740412635504,,,0.013210552900493453,0.0007188094960562614,0.00023312740412635504,,0.00023312740412635504,,0.14036212456774294,0.007576640634106539,0.7209270699770759,0.00023312740412635504,0.00023312740412635504,0.00048568209192990637
,0.0004662548082527101,,0.00023312740412635504,,,0.0004662548082527101,,0.00023312740412635504,0.0007188094960562614,0.0007188094960562614,,,0.0009519369001826165,,,,0.005769903252127288,0.006721840152309904,,0.0014376189921125229,,,0.00023312740412635504,0.0004662548082527101,0.00023312740412635504,,,,,0.0004662548082527101,,,,,0.001670746396238878,0.00023312740412635504,,0.0004662548082527101,,0.00023312740412635504,0.0007188094960562614,0.00023312740412635504,,,0.005284221160197381,0.00023312740412635504,0.00023312740412635504,0.00023312740412635504,,0.0007188094960562614,0.0004662548082527101,0.02307961300850915,,0.00456541166414112,0.0007188094960562614,0.048587636476667834,0.001670746396238878,0.0007188094960562614,0.003594047480281307,0.0004662548082527101,,,,,0.022127676108326534,,0.0004662548082527101,,0.00023312740412635504,,0.15850720752224423,0.004312856976337568,0.700644985818083,,,0.0004662548082527101
,0.0004662548082527101,0.00023312740412635504,,0.00023312740412635504,0.00023312740412635504,0.00023312740412635504,,,,0.00023312740412635504,,,0.0007188094960562614,,,,0.006255585344057194,0.0038466021680848583,,0.001670746396238878,,,,,0.00023312740412635504,,,,,0.0004662548082527101,,0.0004662548082527101,,,0.0028752379842250458,,,0.0007188094960562614,0.0004662548082527101,0.00023312740412635504,0.0009519369001826165,,,,0.002156428488168784,0.00023312740412635504,0.00023312740412635504,0.00023312740412635504,,0.0019233010840424291,0.00023312740412635504,0.022166530675680925,,0.0069743948401134554,0.00023312740412635504,0.05591172242297082,0.0012044915879861678,0.0007188094960562614,0.003360920076154952,,,,,,0.021913975987877376,,0.00023312740412635504,,,,0.1571278703811633,0.004817966351944671,0.6997901853362862,,,
,0.00023312740412635504,0.00023312740412635504,,,0.00023312740412635504,0.0004662548082527101,,0.00023312740412635504,,0.00023312740412635504,,,0.0009519369001826165,,0.0007188094960562614,0.00023312740412635504,0.006003030656253643,0.004798539068267475,0.0004662548082527101,0.005517348564323736,,,0.0004662548082527101,0.0004662548082527101,0.00023312740412635504,,,,,0.0004662548082527101,,0.00023312740412635504,,,0.001670746396238878,,,0.0014376189921125229,,0.0007188094960562614,0.0009519369001826165,0.00023312740412635504,0.00023312740412635504,,0.002156428488168784,0.00023312740412635504,0.0004662548082527101,0.00023312740412635504,,0.0009519369001826165,,0.020651202548859618,0.00023312740412635504,0.008645141236352334,,0.05235652951004391,0.003360920076154952,0.0007188094960562614,0.003594047480281307,0.00023312740412635504,,0.00023312740412635504,,,0.020651202548859618,0.00023312740412635504,0.00023312740412635504,,,,0.15324241364572405,0.0028752379842250458,0.7012666588957531,,,
,,,,,0.00023312740412635504,,,,,0.0009325096165054202,,,0.0018844465166880367,,0.0011656370206317753,,0.00565333955006411,0.0061195943583168206,,0.0030500835373198118,,,0.0009325096165054202,,,,,,,,,0.00023312740412635504,,,0.0035357656292497185,0.0004662548082527101,,0.0004662548082527101,,0.0011656370206317753,0.00023312740412635504,,,,0.00565333955006411,0.0004662548082527101,0.00023312740412635504,,,0.0016513191125616816,,0.022652212767610834,0.00023312740412635504,0.008722850371061118,0.0009325096165054202,0.0523953840773983,0.0035357656292497185,0.0018844465166880367,0.005420212145937755,,,0.004468275245755138,,,0.021719703151105413,,0.00023312740412635504,,,,0.15061973034930257,0.0037688930333760733,0.6891051793138283,,,0.00023312740412635504
,,0.0004662548082527101,,0.0004662548082527101,0.00023312740412635504,,,,,0.0014181917084353265,0.00023312740412635504,,0.0011850643043089715,,0.00023312740412635504,0.00023312740412635504,0.008528577534289155,0.00425457512530598,0.00023312740412635504,0.006857831138050278,,,0.0004662548082527101,,,,,,,,,,,,0.002603256012744298,0.0004662548082527101,,0.0009325096165054202,,0.0004662548082527101,,,,,0.006158448925671213,0.0006993822123790652,0.0009325096165054202,0.0004662548082527101,,0.015638963360142984,,0.03531880172514279,0.0004662548082527101,0.009480514434471772,0.00023312740412635504,0.06970509383378017,0.0037883203170532695,0.0014181917084353265,0.0035551929129269146,0.0004662548082527101,,0.002117573920814392,,,0.023468158682053077,0.0011850643043089715,0.0004662548082527101,,0.0011850643043089715,,0.18137312041030423,0.0044877025294323344,0.6071803240470918,,,0.0009325096165054202
,,,,0.00023312740412635504,0.00023312740412635504,0.0004662548082527101,,0.00023312740412635504,,0.0016513191125616816,0.0004662548082527101,,0.0006993822123790652,,0.0018844465166880367,,0.006877258421727474,0.0033220655088005593,0.0004662548082527101,0.010918133426584296,,,0.00023312740412635504,0.00023312740412635504,0.00023312740412635504,,,,,,,,,,0.0018844465166880367,0.0006993822123790652,,0.0009325096165054202,,0.002137001204491588,0.00023312740412635504,,,0.00023312740412635504,0.007110385825853829,,0.0004662548082527101,0.002370128608617943,,0.0014181917084353265,0.0006993822123790652,0.026829078758208027,0.0006993822123790652,0.017814819131988964,0.0030695108209970083,0.07316315032832109,0.0030695108209970083,,0.0033220655088005593,0.0006993822123790652,,0.0006993822123790652,,,0.020184947740606907,0.0006993822123790652,0.0011850643043089715,,0.0011850643043089715,,0.18745386020126667,0.004274002408983176,0.6081322609472744,,,0.0011850643043089715
,,,,,0.00023312740412635504,,,0.0006993822123790652,0.0009519369001826165,0.0011850643043089715,0.0004662548082527101,,0.002137001204491588,,0.0009519369001826165,,0.006216730776702801,0.001903873800365233,,0.005731048684772895,,,0.0006993822123790652,0.0009519369001826165,0.00023312740412635504,,,,,,,,,,0.0011850643043089715,,,0.0004662548082527101,0.00023312740412635504,0.002137001204491588,0.00023312740412635504,,0.00023312740412635504,0.00023312740412635504,0.00549792128064654,,0.0006993822123790652,0.0009519369001826165,,0.0009519369001826165,0.0006993822123790652,0.016726891246065974,0.0009519369001826165,0.012180906865602052,0.0011850643043089715,0.04829622722150989,0.005012239188716633,0.0009519369001826165,0.006916112989081866,0.0009519369001826165,,0.0004662548082527101,,,0.02245793993083887,0.0009519369001826165,0.00023312740412635504,,0.0009519369001826165,,0.1286280452267164,0.0035746201966041107,0.712728756265299,,,0.0009519369001826165
,,0.00023312740412635504,,0.00023312740412635504,0.00023312740412635504,,,,0.00023312740412635504,0.0004662548082527101,,,0.001670746396238878,,,,0.007926331740296071,0.004079729572211213,,0.003360920076154952,,,,0.0014376189921125229,,,,,,0.00023312740412635504,,,,,0.001670746396238878,0.00023312740412635504,,0.0004662548082527101,0.0004662548082527101,0.0004662548082527101,0.0004662548082527101,,,,0.003594047480281307,0.0009519369001826165,,0.0004662548082527101,,0.00023312740412635504,0.00023312740412635504,0.017756537280957378,,0.00767377705249252,0.0014376189921125229,0.04922873683801531,0.002156428488168784,0.0004662548082527101,0.005284221160197381,0.00023312740412635504,,0.0004662548082527101,,,0.017037727784901115,,0.0009519369001826165,,,,0.1529898589579205,0.0023895558922951395,0.7123402105917551,,0.00023312740412635504,
,,0.00023312740412635504,,,0.0004662548082527101,0.0009519369001826165,,0.0009519369001826165,,0.001670746396238878,,,0.0019233010840424291,,0.00023312740412635504,0.0004662548082527101,0.004079729572211213,0.0023895558922951395,,0.0011850643043089715,,,,0.0009519369001826165,,,,,,,,0.00023312740412635504,,,0.0014376189921125229,0.00023312740412635504,,0.0004662548082527101,,0.0009519369001826165,0.00023312740412635504,,0.00023312740412635504,0.0004662548082527101,0.003127792672028597,,,0.0007188094960562614,,0.0014376189921125229,0.0004662548082527101,0.019738120216031396,,0.010335314916268407,0.0004662548082527101,0.05560088588413568,0.0026421105800986905,0.0004662548082527101,0.0050510937560710265,0.00023312740412635504,0.00023312740412635504,0.0007188094960562614,,,0.018533628628045227,,0.0009519369001826165,,,,0.16777402183626686,0.0014376189921125229,0.6903096709018145,,,
0.00023312740412635504,,0.0007188094960562614,0.0009713641838598127,,0.00023312740412635504,0.0007188094960562614,0.00023312740412635504,0.0007188094960562614,,0.00048568209192990637,,,0.004643120798849905,,0.0007188094960562614,,0.006352721762443175,0.0031666472393829894,,0.0036523293313128957,,,0.00023312740412635504,0.00023312740412635504,0.00048568209192990637,,,,,,,0.00023312740412635504,,,0.002680965147453083,0.00023312740412635504,,0.0009713641838598127,,0.0007188094960562614,,,,0.00023312740412635504,0.00487624820297626,0.00048568209192990637,0.00023312740412635504,0.00023312740412635504,,0.0017096009635932704,0.00048568209192990637,0.014415044488479621,0.00023312740412635504,0.010510160469363174,0.0009713641838598127,0.06259470800792633,0.002680965147453083,0.002195283055523177,0.006352721762443175,0.0017096009635932704,,0.00023312740412635504,,,0.019310719975133075,,0.0007188094960562614,,0.00023312740412635504,,0.16357772856199246,0.0031666472393829894,0.6742044527334188,,,
,,0.00023312740412635504,0.0012044915879861678,,,,0.00023312740412635504,0.0004662548082527101,0.00023312740412635504,0.0009519369001826165,0.00023312740412635504,,0.0036329020476356996,,0.00023312740412635504,,0.006780122003341492,0.004351711543691961,,0.004604266231495512,,,,,,0.00023312740412635504,,,,0.00023312740412635504,,0.00023312740412635504,,,0.005575630415355325,,,0.0012044915879861678,,0.0021758557718459803,,,,0.00023312740412635504,0.004837393635621867,0.0004662548082527101,0.00023312740412635504,0.00023312740412635504,0.00023312740412635504,0.0007188094960562614,0.0012044915879861678,0.022069394257294945,,0.011889497610444107,0.0007188094960562614,0.05701907759257101,0.003380347359832148,0.0007188094960562614,0.00580875781948168,0.0004662548082527101,0.0009519369001826165,0.0007188094960562614,0.0007188094960562614,,0.024983486808874383,0.0007188094960562614,0.00023312740412635504,,,,0.14657885534444573,0.0024089831759723356,0.6794109647589075,,,0.00023312740412635504
,,0.0009519369001826165,0.0009519369001826165,,,0.0009519369001826165,0.0004662548082527101,0.0007188094960562614,0.0004662548082527101,0.002894665267902242,,,0.009422232583440184,,0.0007188094960562614,,0.004584838947818316,0.010393596767299996,,0.007013249407467848,,,0.002661537863775887,0.00023312740412635504,,0.00023312740412635504,,,,,,,,,0.002894665267902242,,,0.0009519369001826165,,0.0036134747639585034,0.00023312740412635504,,,0.0009519369001826165,0.004584838947818316,0.00023312740412635504,0.00023312740412635504,,0.0004662548082527101,0.004837393635621867,0.0004662548082527101,0.026848506041885222,0.0004662548082527101,0.017406846174767843,0.002661537863775887,0.06241986245483157,0.0024089831759723356,0.0024089831759723356,0.008703423087383921,0.001690173679916074,0.0004662548082527101,0.0021758557718459803,0.0004662548082527101,,0.024439522865912888,0.0004662548082527101,0.0004662548082527101,,,,0.21391382056960795,0.002894665267902242,0.5661499009208533,,0.0004662548082527101,0.0009519369001826165
,,0.0007382367797334577,,,0.00048568209192990637,0.0014764735594669154,0.00048568209192990637,0.0019815829350740177,,0.003458056494540933,0.00023312740412635504,,0.003458056494540933,,0.0009907914675370089,,0.0024672650270039244,0.00767377705249252,,0.005439639429614951,,,0.0017290282472704665,,0.00023312740412635504,0.00048568209192990637,,,,,0.00048568209192990637,0.00023312740412635504,,,0.004196293274274391,,,0.0007382367797334577,0.00048568209192990637,0.0024672650270039244,0.0009907914675370089,,0.001223918871663364,,0.005439639429614951,0.00023312740412635504,0.00048568209192990637,0.00023312740412635504,0.00023312740412635504,0.0027198197148074754,0.0014764735594669154,0.02105917550608074,0.0009907914675370089,0.017348564323736257,0.0017290282472704665,0.07137584023001904,0.0024672650270039244,0.0019815829350740177,0.008664568520029529,0.0007382367797334577,,0.0024672650270039244,0.0009907914675370089,,0.02651824221937289,0.0014764735594669154,0.0014764735594669154,,,,0.2255507634922485,0.00643043089715196,0.5547849399696934,,0.0007382367797334577,0.00023312740412635504
,0.00023312740412635504,0.002137001204491588,,,,0.0009519369001826165,0.0006993822123790652,0.0014181917084353265,,0.0031083653883514006,,,0.001670746396238878,,0.0004662548082527101,0.00023312740412635504,0.006935540272759063,0.004060302288534017,,0.005012239188716633,,,,,0.00023312740412635504,,,,,0.00023312740412635504,,0.00023312740412635504,,,0.002137001204491588,,,0.0004662548082527101,0.00023312740412635504,0.001903873800365233,0.00023312740412635504,,,,0.0026226832964214943,0.00023312740412635504,0.0004662548082527101,,0.0004662548082527101,0.001670746396238878,0.00023312740412635504,0.01769825542992579,0.0006993822123790652,0.008373159264871586,0.0023895558922951395,0.04353654272059681,0.0031083653883514006,0.001903873800365233,0.0031083653883514006,0.0014181917084353265,0.00023312740412635504,0.0004662548082527101,,,0.017931382834052143,0.0011850643043089715,0.0011850643043089715,,0.0004662548082527101,,0.11675797489994949,0.004060302288534017,0.7362357695147064,,0.0009519369001826165,
,,0.0009713641838598127,,,,0.001457046275789719,,0.0012044915879861678,,0.0009713641838598127,,,0.0021758557718459803,,,,0.0031666472393829894,0.005361930294906166,,0.0021758557718459803,,,0.00048568209192990637,0.0007188094960562614,0.00023312740412635504,,,,,,,0.00023312740412635504,,,0.003885456735439251,,,0.0012044915879861678,,0.001457046275789719,,,0.00023312740412635504,,0.004371138827369158,0.00048568209192990637,0.00023312740412635504,,,0.0012044915879861678,,0.01950499281190504,,0.006566421882892334,0.001457046275789719,0.04658662625791662,0.0007188094960562614,0.0019427283677196255,0.003885456735439251,0.00023312740412635504,0.0007188094960562614,0.001457046275789719,,,0.021447721179624665,0.00048568209192990637,0.00048568209192990637,,,,0.15487430547460854,0.002680965147453083,0.7047247153902941,,,
,,,,,,0.001223918871663364,,0.0007382367797334577,0.00048568209192990637,0.0014764735594669154,0.00023312740412635504,,0.0009713641838598127,,,0.00023312740412635504,0.005672766833741306,0.005905894237867661,,0.002214710339200373,,,0.00023312740412635504,0.00048568209192990637,,,,,,,,0.00023312740412635504,0.00048568209192990637,,0.001223918871663364,,,0.0009713641838598127,,,0.00048568209192990637,,,0.00023312740412635504,0.003205501806737382,,,0.00023312740412635504,,0.0009713641838598127,,0.021447721179624665,,0.004915102770330653,0.00048568209192990637,0.05377472121847923,0.00048568209192990637,0.00048568209192990637,0.005167657458134203,0.00048568209192990637,0.002214710339200373,0.00023312740412635504,,,0.01997124762015775,,0.00023312740412635504,,,,0.15172708551890274,0.0027003924311302793,0.7077553716439366,,,
,,,,,,0.0009713641838598127,,0.0009713641838598127,,0.0007188094960562614,0.00023312740412635504,,0.0021758557718459803,,,,0.006799549287018689,0.0036329020476356996,,0.004138011423242802,0.00023312740412635504,,,,,,,,,,,0.00023312740412635504,,,0.0019427283677196255,,,0.0007188094960562614,,0.0007188094960562614,0.0012044915879861678,,0.00023312740412635504,,0.004623693515172708,0.00023312740412635504,,,,0.001457046275789719,,0.016785173097097563,,0.005828185103158876,0.0009713641838598127,0.06181761666083848,0.004371138827369158,0.0012044915879861678,0.002661537863775887,,0.0031472199557057933,0.001457046275789719,,,0.02311846757586354,,0.00023312740412635504,,0.00023312740412635504,,0.16408283793759956,0.0031472199557057933,0.679469246609939,,,0.00023312740412635504
,,0.00023312740412635504,,,,0.0009325096165054202,,0.0009325096165054202,,0.0016513191125616816,,,0.002370128608617943,,,,0.0045071298131095314,0.005459066713292148,,0.0033220655088005593,,,0.00023312740412635504,0.0011850643043089715,,,,,,0.00023312740412635504,,0.00023312740412635504,,,0.002370128608617943,,,0.00023312740412635504,0.0004662548082527101,0.00023312740412635504,0.0009325096165054202,,,,0.006177876209348409,,0.0006993822123790652,0.0004662548082527101,,0.002137001204491588,0.00023312740412635504,0.017834246415666163,,0.013074561914753079,0.0006993822123790652,0.0653922368574426,0.0018844465166880367,0.00023312740412635504,0.004040875004856821,0.00023312740412635504,,0.00023312740412635504,,,0.021875121420522982,,0.0009325096165054202,,0.0009325096165054202,,0.17146520573493415,0.004040875004856821,0.6618875548820764,,,
,0.00023312740412635504,0.00023312740412635504,,,,0.00023312740412635504,,0.00023312740412635504,,0.0019233010840424291,0.00023312740412635504,,0.004798539068267475,,0.00023312740412635504,,0.0069743948401134554,0.005284221160197381,,0.004798539068267475,,,0.0007188094960562614,0.0004662548082527101,0.0007188094960562614,,,,,,,,,,0.0014376189921125229,,,0.0004662548082527101,0.001670746396238878,0.0004662548082527101,0.00023312740412635504,,,0.0007188094960562614,0.004798539068267475,,0.0004662548082527101,0.0004662548082527101,,0.001670746396238878,,0.021894548704200177,0.00023312740412635504,0.014434471772156817,0.0007188094960562614,0.06471228192874072,0.001670746396238878,0.0019233010840424291,0.006721840152309904,0.0009519369001826165,,0.0004662548082527101,0.0004662548082527101,,0.024769786688425225,0.0007188094960562614,0.001670746396238878,,0.0014376189921125229,,0.2069005711621401,0.005517348564323736,0.6053153048140809,,,
,,0.00023312740412635504,,,,0.0007382367797334577,0.00048568209192990637,0.0014764735594669154,,0.0027198197148074754,0.00023312740412635504,,0.008703423087383921,,0.0009907914675370089,,0.00472082993355869,0.00472082993355869,,0.007207522244239811,,,0.0032249290904145782,0.0007382367797334577,0.0019815829350740177,0.00023312740412635504,,,,0.00023312740412635504,0.00023312740412635504,,,,0.0032249290904145782,,,0.00023312740412635504,0.0034774837782181297,0.002972374402611027,0.00023312740412635504,,,0.00048568209192990637,0.006216730776702801,0.0007382367797334577,0.00048568209192990637,0.0007382367797334577,,0.0027198197148074754,,0.016163500019427283,0.00023312740412635504,0.021875121420522982,0.002234137622877569,0.07087073085441194,0.0014764735594669154,0.002972374402611027,0.009189105179313829,0.002234137622877569,,0.00048568209192990637,0.00023312740412635504,,0.026110269262151767,0.00023312740412635504,0.0007382367797334577,0.00023312740412635504,0.0014764735594669154,,0.23075727551773711,0.00845086839958037,0.5436336791389828,,,
,,0.0007382367797334577,,0.00023312740412635504,,0.00048568209192990637,0.00048568209192990637,0.0007382367797334577,,0.00023312740412635504,0.00023312740412635504,,0.0019815829350740177,,0.0007382367797334577,,0.0037300384660216806,0.0067412674359871,,0.003496911061895326,,,0.0014959008431441117,0.00048568209192990637,0.0009907914675370089,,,,,0.00023312740412635504,,0.00023312740412635504,,,0.002234137622877569,0.0009907914675370089,,0.00048568209192990637,0.0007382367797334577,0.002234137622877569,0.001748455530947663,,,0.00023312740412635504,0.0024866923106811206,,0.00048568209192990637,,,0.001748455530947663,0.00023312740412635504,0.01322998018417065,0.0009907914675370089,0.018475346777013638,0.0007382367797334577,0.05021952830555232,0.002739246998484672,0.00048568209192990637,0.007479504215720558,0.0009907914675370089,0.00023312740412635504,0.00023312740412635504,0.00023312740412635504,,0.014725881027314761,0.0009907914675370089,0.00048568209192990637,,0.0012433461553405603,,0.14819131988965303,0.005983603372576447,0.695205346388468,,0.00023312740412635504,
,,0.0007188094960562614,,,,,,0.0012044915879861678,0.00023312740412635504,0.0009519369001826165,,,0.0019233010840424291,,0.0004662548082527101,,0.004584838947818316,0.004099156855888409,0.00023312740412635504,0.0012044915879861678,,,0.00023312740412635504,0.0007188094960562614,0.00023312740412635504,,,,,,,0.00023312740412635504,,,0.0014376189921125229,0.0007188094960562614,,0.00023312740412635504,,0.00023312740412635504,0.00023312740412635504,,,0.00023312740412635504,0.003380347359832148,,,,,0.0004662548082527101,0.00023312740412635504,0.014725881027314761,,0.005303648443874577,,0.042021214593775495,0.001690173679916074,0.0012044915879861678,0.003380347359832148,,0.0007188094960562614,,,,0.014473326339511209,0.00023312740412635504,0.00023312740412635504,,0.0007188094960562614,,0.12872518164510238,0.0026421105800986905,0.7597233554804368,,,
,,0.0007188094960562614,,,,0.00023312740412635504,,0.0014376189921125229,0.00023312740412635504,0.0019233010840424291,,,0.0014376189921125229,,0.00023312740412635504,,0.00580875781948168,0.004351711543691961,0.0004662548082527101,0.001690173679916074,,,0.00023312740412635504,0.0004662548082527101,,,,,,0.0009519369001826165,0.0007188094960562614,0.00023312740412635504,,,0.0007188094960562614,,,,,0.0007188094960562614,0.00023312740412635504,,,,0.0024089831759723356,,,0.0021758557718459803,,0.001690173679916074,0.00023312740412635504,0.014531608190542798,,0.006780122003341492,0.00023312740412635504,0.0404476046159226,0.0012044915879861678,0.001690173679916074,0.0012044915879861678,0.0009519369001826165,0.0004662548082527101,0.0004662548082527101,,,0.01525041768659906,,0.00023312740412635504,0.00023312740412635504,0.0007188094960562614,,0.12573337995881415,0.004118584139565606,0.7564207172553133,,,
,,0.0007382367797334577,,0.0007382367797334577,,0.00048568209192990637,0.00048568209192990637,0.0019815829350740177,,0.0007382367797334577,0.00048568209192990637,,0.0007382367797334577,,0.0014764735594669154,,0.0039631658701480355,0.0037106111823444845,0.00023312740412635504,0.0009907914675370089,,,,0.00023312740412635504,0.0007382367797334577,,,,,0.00023312740412635504,,0.00023312740412635504,,,0.001223918871663364,,,0.00048568209192990637,0.00048568209192990637,0.00023312740412635504,0.0014764735594669154,,,,0.002214710339200373,0.00023312740412635504,,,,0.00023312740412635504,0.00023312740412635504,0.013385398453588219,0.00023312740412635504,0.004448847962077942,0.00048568209192990637,0.05109375607102615,0.0024672650270039244,0.0014764735594669154,0.001223918871663364,0.00023312740412635504,0.0007382367797334577,,,,0.01488129929673233,,0.00048568209192990637,0.00023312740412635504,0.0009907914675370089,,0.14510238178497883,0.003458056494540933,0.7340404864591832,,,
,,0.0007188094960562614,,,,0.0011850643043089715,0.0004662548082527101,0.0004662548082527101,0.0004662548082527101,0.002156428488168784,0.00023312740412635504,,0.001670746396238878,,0.001670746396238878,,0.00456541166414112,0.0050510937560710265,0.0004662548082527101,0.0028752379842250458,,,,0.0007188094960562614,0.0011850643043089715,,,,,,,0.00023312740412635504,,,0.0028752379842250458,,,0.0004662548082527101,,0.0007188094960562614,0.0011850643043089715,,,,0.003360920076154952,0.0007188094960562614,,0.00023312740412635504,,0.001670746396238878,0.00023312740412635504,0.019485565528227843,,0.008178886428099623,0.00023312740412635504,0.05196798383649998,0.0023895558922951395,0.0004662548082527101,0.0011850643043089715,0.0009519369001826165,0.0004662548082527101,0.0007188094960562614,,,0.01851420134436803,0.00023312740412635504,0.00023312740412635504,0.00023312740412635504,0.0014376189921125229,,0.14049811555348332,0.0028752379842250458,0.7143412208105062,,,
,0.00023312740412635504,0.00023312740412635504,,0.00048568209192990637,,,,0.0014764735594669154,,0.002234137622877569,,,0.0027198197148074754,,0.0019815829350740177,,0.004468275245755138,0.006702412868632708,0.0019815829350740177,0.004973384621362241,,,0.00023312740412635504,0.00048568209192990637,0.0014764735594669154,,,,,,,0.00023312740412635504,,,0.002972374402611027,,,0.00023312740412635504,,0.0014764735594669154,0.0019815829350740177,,,,0.005206512025488596,,0.00048568209192990637,0.00023312740412635504,,0.0012433461553405603,,0.02313789485954074,0.00023312740412635504,0.009694214554920932,0.0019815829350740177,0.06418774526945642,0.002234137622877569,0.0014764735594669154,0.0027198197148074754,0.00023312740412635504,0.00023312740412635504,0.0014764735594669154,0.00023312740412635504,,0.0243812410148813,0.0009907914675370089,0.00048568209192990637,0.00023312740412635504,0.0009907914675370089,,0.20624004351711545,0.00472082993355869,0.6103663985701518,,,
,,,,0.0002525546878035513,,,0.0010102187512142052,0.0015347554104985042,0.0015347554104985042,0.0020398647861056066,,,0.003594047480281307,,0.002292419473909158,,0.00487624820297626,0.009227959746668221,0.0007576640634106539,0.004099156855888409,,,0.0017873100983020554,0.0002525546878035513,0.0002525546878035513,0.0005051093756071026,,,,,0.0002525546878035513,,,,0.003594047480281307,0.0005051093756071026,,0.0005051093756071026,0.0010102187512142052,0.0017873100983020554,0.0010102187512142052,,,,0.0025644014453899055,0.0010102187512142052,0.0010102187512142052,,,0.0012822007226949528,0.0012822007226949528,0.016688036678711583,0.0002525546878035513,0.013346543886233827,0.0002525546878035513,0.06780122003341493,0.002816956133193457,0.0030695108209970083,0.011034697128647472,0.0005051093756071026,,,0.0002525546878035513,,0.02978202587714186,0.0005051093756071026,0.0007576640634106539,,0.0010102187512142052,,0.20083925865485489,0.007188094960562614,0.5940669075649843,,,
,,0.00023312740412635504,,,,0.00023312740412635504,0.00023312740412635504,0.0014764735594669154,,0.0014764735594669154,0.00023312740412635504,,0.0019815829350740177,,0.0019815829350740177,,0.0037106111823444845,0.0039631658701480355,0.00023312740412635504,0.0027198197148074754,,,0.00023312740412635504,,0.00023312740412635504,,,,,,,,,,0.004701402649881494,,,0.00048568209192990637,,0.0014764735594669154,0.0009907914675370089,,,,0.002234137622877569,0.0017290282472704665,0.0009907914675370089,0.00048568209192990637,,0.00048568209192990637,0.0017290282472704665,0.015891518047946536,,0.017873100983020553,0.0017290282472704665,0.0476939814275168,0.00048568209192990637,0.001223918871663364,0.0064498581808291565,0.001223918871663364,0.00023312740412635504,0.0007382367797334577,,,0.011908924894121304,0.001223918871663364,0.00023312740412635504,,0.0014764735594669154,,0.12196448692543808,0.006702412868632708,0.7286979834479543,,,
,0.00023312740412635504,,,,,0.00023312740412635504,,0.00048568209192990637,,0.0007188094960562614,,,0.0019621556513968216,,,,0.00440999339472355,0.006857831138050278,,0.0027003924311302793,,,,0.00048568209192990637,,,,,,,,,,,0.0027003924311302793,,,,0.0007188094960562614,0.0009713641838598127,0.0007188094960562614,,,,0.0036717566149900922,0.00023312740412635504,,0.00048568209192990637,,0.001223918871663364,0.00023312740412635504,0.02307961300850915,,0.009810778256984109,0.0009713641838598127,0.05352216653067568,,,0.0041574387069199985,0.00048568209192990637,0.00048568209192990637,0.00048568209192990637,,,0.022827058320705598,,0.00023312740412635504,,0.0007188094960562614,,0.1519990674903835,0.0031860745230601856,0.6989936667055212,,,
,,0.00023312740412635504,,,,0.00023312740412635504,,0.00440999339472355,0.00048568209192990637,0.00048568209192990637,,,0.001223918871663364,,,,0.0041574387069199985,0.005400784862260559,,0.0027003924311302793,,,0.00048568209192990637,,,,,,,,,,,,0.004895675486653456,0.00023312740412635504,,,0.00023312740412635504,0.001457046275789719,0.00048568209192990637,,,,0.002447837743326728,,0.00048568209192990637,0.00048568209192990637,,0.0031860745230601856,,0.025041768659905973,,0.011034697128647472,0.001223918871663364,0.06259470800792633,0.00023312740412635504,0.00048568209192990637,0.0031860745230601856,,,,,,0.022827058320705598,,0.00048568209192990637,,,,0.15491316004196293,0.0029335198352566346,0.6813148385592727,,,
,,0.00023312740412635504,,,,0.00023312740412635504,,0.00023312740412635504,0.00048568209192990637,,,,0.0031666472393829894,,,,0.003904884019116447,0.0036717566149900922,,0.0029335198352566346,,,0.00048568209192990637,,,0.00023312740412635504,,,,,,0.00023312740412635504,,,0.0061195943583168206,0.001223918871663364,,0.00023312740412635504,0.00023312740412635504,0.0007188094960562614,0.0007188094960562614,,,,0.002195283055523177,,0.00023312740412635504,,,0.00048568209192990637,,0.02203053968994055,,0.014453899055834014,0.00023312740412635504,0.05585344057193923,0.0009713641838598127,0.0007188094960562614,0.002680965147453083,0.00023312740412635504,,0.0009713641838598127,,,0.02375956793721102,,,,,,0.17367991607413452,0.003904884019116447,0.6725337063371799,,,
,,0.0002525546878035513,,0.0005245366592842988,,0.0005245366592842988,,0.0005245366592842988,0.0005245366592842988,0.0007965186307650464,,,0.0018650192330108403,,0.0002525546878035513,0.0002525546878035513,0.005070521039748223,0.00534250301122897,,0.0023895558922951395,,,0.0007965186307650464,0.0005245366592842988,,,,,,,,0.0002525546878035513,,,0.004545984380463924,,,,,0.0002525546878035513,0.0005245366592842988,0.0005245366592842988,,,0.003205501806737382,,0.0007965186307650464,0.0002525546878035513,0.0002525546878035513,0.0013210552900493452,,0.022477367214516066,,0.012025488596184481,0.002137001204491588,0.06020515211563119,0.0013210552900493452,0.0002525546878035513,0.0034774837782181297,0.0013210552900493452,,0.001068500602245794,0.0005245366592842988,,0.03156933597544391,,,,0.0002525546878035513,,0.1675214671484633,0.002661537863775887,0.6613630182227921,0.0002525546878035513,,
,,,,,0.0002525546878035513,0.0005245366592842988,,0.0016124645452072891,,0.0002525546878035513,,,0.004040875004856821,,,0.0002525546878035513,0.00456541166414112,0.008081750009713642,0.0002525546878035513,0.011850643043089715,,,0.0002525546878035513,,0.0016124645452072891,,,,,,,,,,0.0018844465166880367,0.0002525546878035513,,,0.0002525546878035513,0.002680965147453083,0.0005245366592842988,,,0.0002525546878035513,0.004837393635621867,0.0002525546878035513,0.0005245366592842988,,0.0002525546878035513,0.0002525546878035513,0.0013404825737265416,0.023157322143217935,,0.02640167851730971,0.0029529471189338307,0.07568869720635661,0.0016124645452072891,0.003496911061895326,0.00565333955006411,0.0013404825737265416,0.0002525546878035513,0.0016124645452072891,,0.0002525546878035513,0.028810661693282044,0.0005245366592842988,0.0002525546878035513,,0.0002525546878035513,,0.21173796479776197,0.004040875004856821,0.564848272914481,,0.0002525546878035513,
,,,,,,,,0.003458056494540933,0.0005245366592842988,0.0013210552900493452,,,0.009053114193573455,,0.0002525546878035513,,0.004526557096786728,0.0050510937560710265,0.0002525546878035513,0.0061195943583168206,,,0.0013210552900493452,0.0005245366592842988,0.002117573920814392,,,,,,,,,0.0007965186307650464,0.002661537863775887,,,,0.0002525546878035513,0.00425457512530598,0.0002525546878035513,0.0010490733185685977,,0.0005245366592842988,0.006916112989081866,0.0002525546878035513,0.0005245366592842988,0.0007965186307650464,,0.0018650192330108403,0.0010490733185685977,0.022652212767610834,0.0002525546878035513,0.022652212767610834,0.003458056494540933,0.0679566383028325,0.003458056494540933,0.0018650192330108403,0.003458056494540933,0.0005245366592842988,0.0002525546878035513,0.0005245366592842988,0.0005245366592842988,,0.026382251233632515,0.0005245366592842988,0.0002525546878035513,,0.0002525546878035513,,0.2137778295838676,0.004779111784590279,0.5702102032093872,,0.0005245366592842988,
,,0.0002525546878035513,,0.0005051093756071026,,0.0002525546878035513,,0.0010296460348914016,0.0002525546878035513,0.0007770913470878502,,,0.007285231378948595,,0.0010296460348914016,,0.0046819753662042975,0.003904884019116447,0.0002525546878035513,0.003380347359832148,,,0.0007770913470878502,0.0018067373819792517,0.001301628006372149,,,,,,,0.0002525546878035513,0.0002525546878035513,0.0005051093756071026,0.0036329020476356996,,,,,0.0031083653883514006,0.0018067373819792517,0.0002525546878035513,,0.0002525546878035513,0.0018067373819792517,0.0005051093756071026,0.0005051093756071026,0.0005051093756071026,0.0002525546878035513,,0.0010296460348914016,0.015114426700858686,0.0002525546878035513,0.016416054707230836,0.0015541826941757003,0.052900493453005404,0.0010296460348914016,0.0015541826941757003,0.002855810700547849,0.001301628006372149,0.0002525546878035513,0.0015541826941757003,0.0005051093756071026,,0.02239965807980728,0.0010296460348914016,0.0005051093756071026,,0.0002525546878035513,,0.14333449897035397,0.005206512025488596,0.6898239888098845,,,
,,,,,,0.00029140925515794383,0.0005828185103158877,0.002661537863775887,,0.0008742277654738314,,,0.002370128608617943,,0.0011850643043089715,,0.004448847962077942,0.005633912266386914,,0.0014764735594669154,,,,0.0011850643043089715,,,,,,,,0.00029140925515794383,,0.0005828185103158877,0.0035551929129269146,,,,,0.0014764735594669154,,,,,0.0017678828146248592,0.00029140925515794383,,0.0005828185103158877,,0.0008742277654738314,,0.03201616350001943,,0.012744298092240742,0.0011850643043089715,0.059311497066480166,0.00029140925515794383,0.0014764735594669154,0.002661537863775887,0.0005828185103158877,0.0005828185103158877,0.0005828185103158877,,,0.02164199401639663,0.00029140925515794383,,,,,0.1731942339822046,0.0038466021680848583,0.6594591444224269,,,
,,0.0005245366592842988,,,,0.0007770913470878502,,0.0005245366592842988,,0.0002525546878035513,,,0.0018455919493336442,,,,0.0050316664723938295,0.003438629210863737,0.0002525546878035513,0.0015736099778528966,,0.0002525546878035513,,0.0002525546878035513,0.0002525546878035513,,,,,,,,,,0.0013210552900493452,,,0.0002525546878035513,,0.0010490733185685977,0.0002525546878035513,0.0002525546878035513,,,0.0018455919493336442,,,0.0005245366592842988,,0.0005245366592842988,,0.024148113610754945,,0.010607296887749154,0.0015736099778528966,0.05414383960834596,,0.0007770913470878502,0.0005245366592842988,0.0005245366592842988,,0.0002525546878035513,,,0.02096203908769476,,,,,,0.15580681509111396,0.0015736099778528966,0.7081050627501262,,,
,,,,0.0002525546878035513,,0.0012627734390177566,,0.0007576640634106539,0.0002525546878035513,0.0002525546878035513,0.0002525546878035513,,0.0002525546878035513,,0.0002525546878035513,0.0002525546878035513,0.0030500835373198118,0.0030500835373198118,0.0005051093756071026,0.002272992190231962,,,0.0002525546878035513,,0.0002525546878035513,,,,,0.0002525546878035513,,0.0002525546878035513,,,0.002272992190231962,,,,,0.0007576640634106539,0.0002525546878035513,,,0.0002525546878035513,0.0010102187512142052,,,0.0007576640634106539,,0.0002525546878035513,,0.01985468391809457,,0.007887477172941679,0.0015153281268213078,0.052978202587714185,0.0005051093756071026,0.0010102187512142052,0.0020204375024284104,0.0002525546878035513,,0.0002525546878035513,,,0.022652212767610834,0.0002525546878035513,0.0002525546878035513,,,,0.17241714263511676,0.002272992190231962,0.6966429653805806,,,
,,0.0002525546878035513,,0.0002525546878035513,,0.0005051093756071026,,0.0002525546878035513,0.0007576640634106539,0.0007576640634106539,0.0005051093756071026,,,,0.0002525546878035513,0.0002525546878035513,0.003341492792477756,0.005148230174457007,0.0002525546878035513,0.002311846757586354,,,0.0002525546878035513,,0.0002525546878035513,,,0.0002525546878035513,,,,0.0002525546878035513,,,0.0015347554104985042,,,,,0.0007576640634106539,0.0005051093756071026,,,,0.0015347554104985042,,,0.0005051093756071026,,,0.0002525546878035513,0.03426972840657419,0.0002525546878035513,0.007460076932043361,0.002059292069782803,0.05900066052764502,0.0005051093756071026,0.0005051093756071026,0.002059292069782803,0.0015347554104985042,,,,,0.02910207094843999,0.0005051093756071026,0.0005051093756071026,,,,0.15487430547460854,0.0030889381046742045,0.6833352760617011,,,
0.0002525546878035513,,0.0002525546878035513,0.0007576640634106539,,,0.0010102187512142052,0.0005051093756071026,0.0010102187512142052,0.0010102187512142052,0.0012627734390177566,,,0.0015153281268213078,,0.0002525546878035513,,0.0037883203170532695,0.006333294478765979,,0.00456541166414112,0.0002525546878035513,,0.0010102187512142052,0.0002525546878035513,,,,0.0002525546878035513,,,,0.0010102187512142052,,,0.0025255468780355133,,,,,0.0030306562536426157,0.0002525546878035513,,,,0.0037883203170532695,,0.0005051093756071026,0.0010102187512142052,,0.0017678828146248592,0.0005051093756071026,0.02410925904340055,,0.023856704355597,0.0015153281268213078,0.060146870264599604,0.0060807397909624274,0.0015153281268213078,0.0015153281268213078,0.0007576640634106539,,0.0020204375024284104,0.0002525546878035513,,0.024361813731204104,0.004312856976337568,0.0012627734390177566,0.0002525546878035513,,,0.1799355014181917,0.0035357656292497185,0.6253836888526246,,0.0002525546878035513,0.0002525546878035513
,0.0002525546878035513,,0.0010102187512142052,,,0.0007576640634106539,0.0005051093756071026,0.002272992190231962,0.0005051093756071026,0.0025255468780355133,,,0.003283210941446167,,,,0.004798539068267475,0.0035357656292497185,,0.005575630415355325,,,0.0035357656292497185,,0.0005051093756071026,,,0.0005051093756071026,,0.0007576640634106539,,0.0012627734390177566,,0.0005051093756071026,0.0030306562536426157,,,,0.0002525546878035513,0.0007576640634106539,0.0015153281268213078,,,,0.004040875004856821,,0.0010102187512142052,0.0005051093756071026,,0.0010102187512142052,0.0010102187512142052,0.02863581614018728,,0.012161479581924855,0.003283210941446167,0.04994754633407157,0.0027781015658390642,0.0020204375024284104,0.004545984380463924,0.0020204375024284104,,0.0005051093756071026,0.0002525546878035513,,0.02686793332556242,0.0010102187512142052,0.0005051093756071026,0.0002525546878035513,,,0.22032482418308272,0.0037883203170532695,0.5953685355713565,,0.0002525546878035513,0.0002525546878035513
,,0.0002525546878035513,0.0002525546878035513,0.0002525546878035513,,0.0002525546878035513,0.0005051093756071026,0.0012822007226949528,0.0002525546878035513,0.0002525546878035513,,,0.0036329020476356996,,,,0.0020787193534599993,0.0036329020476356996,,0.003380347359832148,,,,0.0005051093756071026,0.0002525546878035513,,,0.0002525546878035513,,0.0005051093756071026,,0.0007770913470878502,,,0.0012822007226949528,,,,0.0002525546878035513,0.0018067373819792517,0.0010296460348914016,,,,0.003380347359832148,0.0002525546878035513,0.0007770913470878502,0.0005051093756071026,0.0002525546878035513,,,0.014298480786416443,,0.006488712748183549,0.0015541826941757003,0.040583595601662976,0.0015541826941757003,0.0010296460348914016,0.0031083653883514006,0.0015541826941757003,,0.0025838287290671016,0.0002525546878035513,,0.017950810117729338,0.0005051093756071026,0.0005051093756071026,0.0002525546878035513,,,0.12307184209503827,0.0031083653883514006,0.7529820880444495,0.0002525546878035513,0.0002525546878035513,0.0002525546878035513
,,,0.00027198197148074754,,,0.00027198197148074754,0.0005439639429614951,0.0008159459144422427,0.0005439639429614951,0.0010879278859229902,,,0.0010879278859229902,,,0.00027198197148074754,0.004915102770330653,0.0029918016862882234,,0.0027198197148074754,,,0.0010879278859229902,0.00027198197148074754,,,,,,,,0.0005439639429614951,,,0.001903873800365233,,,,0.00027198197148074754,0.0008159459144422427,0.0005439639429614951,,,,0.0013599098574037377,0.00027198197148074754,,,,0.0013599098574037377,0.0005439639429614951,0.02434238644752691,0.00027198197148074754,0.012569452539145976,0.0008159459144422427,0.05389128492054241,0.0010879278859229902,0.00027198197148074754,0.001903873800365233,,,,,,0.02624626024789214,,,,0.0005439639429614951,,0.15374752302133116,0.001903873800365233,0.6979057388195982,,,
0.00027198197148074754,,,,,,0.00027198197148074754,,0.0011073551696001865,0.0005439639429614951,0.0011073551696001865,,,0.001379337141080934,,0.00027198197148074754,,0.006352721762443175,0.001379337141080934,,0.0008159459144422427,,,,,,,,,,,,0.001379337141080934,,,0.0024866923106811206,,,,,0.0008159459144422427,0.0008159459144422427,,,,0.002214710339200373,0.00027198197148074754,,,,0.0011073551696001865,0.00027198197148074754,0.022438512647161672,,0.011345533667482612,0.0016513191125616816,0.05843726930100633,0.0008159459144422427,0.0008159459144422427,0.0016513191125616816,,,0.00027198197148074754,,,0.02935462563624354,,,,0.0005439639429614951,,0.15844892567121266,0.0019233010840424291,0.6894354431363408,,,
,0.0002525546878035513,,,,,0.0002525546878035513,,0.0005245366592842988,,0.0002525546878035513,0.0002525546878035513,,0.001068500602245794,,,,0.003749465749698877,0.0029335198352566346,,0.003205501806737382,0.0002525546878035513,,0.0002525546878035513,0.0002525546878035513,,,,,,,,0.0005245366592842988,,,0.002661537863775887,,,,,0.0007965186307650464,0.0005245366592842988,,0.0002525546878035513,0.0002525546878035513,0.0015930372615300928,,,,,0.002137001204491588,,0.020068384038543732,,0.006411003613474764,0.0005245366592842988,0.05194855655282279,0.0005245366592842988,0.0002525546878035513,0.0013210552900493452,,,,,,0.027567315537941485,,0.0005245366592842988,,,,0.15293157710688893,0.0034774837782181297,0.711932237634534,,,0.0005245366592842988
0.0002525546878035513,,,,,0.0002525546878035513,0.0005051093756071026,0.0005051093756071026,0.0002525546878035513,,,,,0.0012822007226949528,,0.0002525546878035513,0.0002525546878035513,0.006197303493025605,0.0036134747639585034,,0.002059292069782803,,,0.0010296460348914016,0.0005051093756071026,,,,,,,,0.0005051093756071026,,0.0002525546878035513,0.0012822007226949528,,,0.0002525546878035513,0.0002525546878035513,0.0007576640634106539,0.0010296460348914016,,,,0.002836383416870653,,0.0002525546878035513,0.0002525546878035513,,0.0005051093756071026,,0.02375956793721102,,0.005148230174457007,0.0012822007226949528,0.05476551268601624,0.0012822007226949528,0.0015347554104985042,0.0030889381046742045,,,0.0007576640634106539,0.0002525546878035513,,0.027897579360453822,,0.0005051093756071026,,,,0.16456852002952946,0.0064498581808291565,0.6830632940902203,,,0.0005051093756071026
,,0.001068500602245794,,,0.0002525546878035513,0.0005245366592842988,0.0005245366592842988,0.0007965186307650464,0.0007965186307650464,,,,0.003205501806737382,,0.0002525546878035513,,0.002661537863775887,0.0034774837782181297,0.0005245366592842988,0.002661537863775887,,,,,,,,,,0.0002525546878035513,,0.0005245366592842988,,,0.003749465749698877,,,0.0005245366592842988,0.0015930372615300928,0.0007965186307650464,0.0005245366592842988,,,,0.002137001204491588,0.0002525546878035513,0.0005245366592842988,,,0.001068500602245794,0.0002525546878035513,0.025177759645646346,0.0002525546878035513,0.013132843765784668,0.002137001204491588,0.06807320200489568,0.002137001204491588,0.0015930372615300928,0.0034774837782181297,0.0002525546878035513,,0.0013210552900493452,0.0005245366592842988,,0.03242413645724055,0.0002525546878035513,0.001068500602245794,,,,0.18038232894276723,0.0024089831759723356,0.6345727940319386,,0.001068500602245794,0.0007965186307650464
,0.0002525546878035513,0.0007576640634106539,,0.0002525546878035513,0.0002525546878035513,,0.0005051093756071026,0.0012822007226949528,0.0007576640634106539,0.0010296460348914016,,,0.01105412441232467,0.0002525546878035513,0.0002525546878035513,,0.004371138827369158,0.002311846757586354,0.0012822007226949528,0.002816956133193457,,,,0.0002525546878035513,0.0002525546878035513,,,,,0.0002525546878035513,,,,0.0002525546878035513,0.003341492792477756,,,0.0002525546878035513,,0.002059292069782803,0.0012822007226949528,,,,0.005400784862260559,0.0002525546878035513,0.0005051093756071026,0.0002525546878035513,,0.0030889381046742045,0.002059292069782803,0.01981582935074018,0.0007576640634106539,0.013637953141391771,0.002059292069782803,0.060224579399308385,0.0017873100983020554,0.0015347554104985042,0.004118584139565606,0.0005051093756071026,,0.0010296460348914016,0.0002525546878035513,,0.02780044294206784,0.0002525546878035513,0.0007576640634106539,,,,0.20027586742821618,0.003594047480281307,0.6136301822279209,,,0.0010296460348914016
,,0.0015541826941757003,,0.0007770913470878502,0.0002525546878035513,0.0015541826941757003,,0.001301628006372149,0.001301628006372149,0.0007770913470878502,,,0.004429420678400746,,0.0002525546878035513,,0.003127792672028597,0.0015541826941757003,0.0010296460348914016,0.003380347359832148,,,0.0002525546878035513,,,,,,,0.0002525546878035513,,,,,0.002855810700547849,,,,0.0005051093756071026,0.0015541826941757003,0.0005051093756071026,,,,0.004429420678400746,,,,0.0002525546878035513,0.0010296460348914016,,0.019038738003652328,,0.013307689318879434,0.0010296460348914016,0.051132610638380545,0.002603256012744298,0.001301628006372149,0.002603256012744298,0.0015541826941757003,0.0002525546878035513,0.0002525546878035513,0.0002525546878035513,,0.02034036601002448,0.0002525546878035513,0.0010296460348914016,,,,0.14405330846641023,0.002855810700547849,0.7044333061351362,,,0.0007770913470878502
,,0.0010296460348914016,,,,0.0005051093756071026,,0.0010296460348914016,0.0002525546878035513,0.0002525546878035513,,,0.0010296460348914016,,0.0005051093756071026,,0.003360920076154952,0.0020787193534599993,0.0007770913470878502,0.0007770913470878502,,,,0.0002525546878035513,0.0002525546878035513,,,,,,,0.0002525546878035513,,,0.004662548082527101,,,,,0.0012822007226949528,0.0007770913470878502,,,,0.002855810700547849,,,,,0.0012822007226949528,0.0005051093756071026,0.018708474181139995,,0.009091968760927847,0.0005051093756071026,0.05119089248941213,0.0012822007226949528,0.0020787193534599993,0.0015541826941757003,0.0005051093756071026,0.0007770913470878502,0.0005051093756071026,0.0012822007226949528,,0.022865912888059992,,0.0002525546878035513,,,,0.16684151221976143,0.0025838287290671016,0.6962544197070366,,,
0.00027198197148074754,,0.0013599098574037377,,,,0.00027198197148074754,,,0.0005439639429614951,0.0005439639429614951,0.00027198197148074754,,0.00027198197148074754,,0.00027198197148074754,,0.007110385825853829,0.0010879278859229902,0.0013599098574037377,0.001903873800365233,,,0.0008159459144422427,0.0005439639429614951,,,,,,,,0.00027198197148074754,,,0.003283210941446167,,,,,0.0013599098574037377,0.00027198197148074754,,,,0.0030112289699654195,,0.0005439639429614951,0.00027198197148074754,,0.0010879278859229902,0.00027198197148074754,0.02053463884679644,,0.007926331740296071,0.0010879278859229902,0.04489645257800055,0.0010879278859229902,0.0010879278859229902,0.0010879278859229902,,,0.0005439639429614951,0.0005439639429614951,,0.023273885845281114,0.00027198197148074754,0.0010879278859229902,,,,0.15227104946186423,0.0016318918288844855,0.7156622761005555,,,
0.00027198197148074754,0.00027198197148074754,0.0013599098574037377,0.0008159459144422427,0.00027198197148074754,,0.0010879278859229902,0.0005439639429614951,0.0010879278859229902,0.0010879278859229902,0.0016318918288844855,,,0.0010879278859229902,,0.0029918016862882234,0.00027198197148074754,0.004623693515172708,0.003807747600730466,0.0016318918288844855,0.003263783657768971,,,0.002447837743326728,0.0010879278859229902,0.0008159459144422427,,,,,,,0.00027198197148074754,,,0.003263783657768971,,,0.00027198197148074754,0.0005439639429614951,0.0016318918288844855,,0.00027198197148074754,,,0.0073435132299801845,0.0005439639429614951,0.0008159459144422427,0.0016318918288844855,,0.0016318918288844855,,0.014706453743637564,,0.007615495201460932,0.0008159459144422427,0.05315304814080895,0.0008159459144422427,0.0027198197148074754,0.0035357656292497185,,0.00027198197148074754,0.003263783657768971,0.0005439639429614951,,0.02152543031433345,,0.0008159459144422427,,0.001903873800365233,,0.15238761316392743,0.0035357656292497185,0.6826164665656447,,0.00027198197148074754,0.0008159459144422427
0.0002525546878035513,0.0002525546878035513,0.0010490733185685977,0.0007770913470878502,0.0010490733185685977,0.0010490733185685977,0.0002525546878035513,0.0005245366592842988,0.0013210552900493452,0.0010490733185685977,0.0026421105800986905,,,0.0015736099778528966,,0.002370128608617943,,0.0044877025294323344,0.005012239188716633,0.0007770913470878502,0.00580875781948168,,,0.0015736099778528966,0.0010490733185685977,0.0005245366592842988,,,,,,0.0005245366592842988,,,0.0005245366592842988,0.005012239188716633,0.0005245366592842988,,,0.0005245366592842988,0.0015736099778528966,0.0007770913470878502,,,,0.003438629210863737,0.0005245366592842988,0.0002525546878035513,0.0026421105800986905,,0.0036911838986672884,0.0013210552900493452,0.015328126821307846,0.0002525546878035513,0.006333294478765979,0.002894665267902242,0.05501806737381979,0.0020981466371371954,0.0026421105800986905,0.0039631658701480355,0.0007770913470878502,0.0007770913470878502,0.0018455919493336442,0.0005245366592842988,,0.024866923106811205,0.0005245366592842988,0.0005245366592842988,,0.0010490733185685977,,0.076718343241248,0.004215720557951587,0.7435987100283639,,,0.0013210552900493452
,,0.0005245366592842988,0.0013210552900493452,,0.0015736099778528966,0.0005245366592842988,,0.0005245366592842988,0.0005245366592842988,0.002117573920814392,,,0.002914092551579438,,0.0026421105800986905,,0.0055562031316781285,0.0066247037339239225,0.002370128608617943,0.004759684500913082,,,0.002117573920814392,0.0010490733185685977,0.0013210552900493452,0.0002525546878035513,,,,0.0002525546878035513,0.0005245366592842988,,,0.0002525546878035513,0.0015736099778528966,0.0007770913470878502,,,0.0005245366592842988,0.0013210552900493452,0.0015736099778528966,,,,0.0013210552900493452,,,0.0002525546878035513,,0.0037106111823444845,,0.0119283521777985,0.0007770913470878502,0.0071492403932082215,0.0010490733185685977,0.06261413529160353,0.0007770913470878502,0.0031666472393829894,0.004759684500913082,0.0013210552900493452,0.0005245366592842988,0.0005245366592842988,0.0005245366592842988,,0.02096203908769476,0.0010490733185685977,0.0010490733185685977,,0.002117573920814392,,0.20511326106383806,0.006352721762443175,0.6160003108365388,,0.0005245366592842988,0.002914092551579438
,,,0.0013210552900493452,0.0005245366592842988,0.002117573920814392,0.0007965186307650464,0.0002525546878035513,0.0010490733185685977,,0.0023895558922951395,,,0.0015930372615300928,,0.0010490733185685977,,0.008004040875004857,0.004526557096786728,0.0015930372615300928,0.005323075727551774,,,0.0010490733185685977,0.0015930372615300928,,0.0002525546878035513,,,,,,,,0.0002525546878035513,0.002117573920814392,0.0010490733185685977,,,0.0005245366592842988,0.0005245366592842988,,,,0.0002525546878035513,0.0029335198352566346,0.0002525546878035513,,,,0.0031860745230601856,0.0010490733185685977,0.01493958114776392,0.0002525546878035513,0.006663558301278316,0.0010490733185685977,0.055795158720907644,0.002117573920814392,0.002117573920814392,0.00907254147725065,0.0013210552900493452,,0.0002525546878035513,0.0005245366592842988,,0.025896569141702606,0.0010490733185685977,0.0015930372615300928,,0.0015930372615300928,,0.15590395150949996,0.004526557096786728,0.668978513424253,,0.0002525546878035513,0.0005245366592842988
,,0.00048568209192990637,0.0007382367797334577,,0.00048568209192990637,0.0007382367797334577,0.00023312740412635504,0.00048568209192990637,,0.005012239188716633,0.00023312740412635504,,0.0009907914675370089,,0.0014959008431441117,,0.005517348564323736,0.0025061195943583167,0.0014959008431441117,0.0030112289699654195,,,0.00023312740412635504,0.0007382367797334577,0.0009907914675370089,0.00023312740412635504,,,,0.0007382367797334577,0.00023312740412635504,,,0.00023312740412635504,0.0014959008431441117,0.0007382367797334577,,,,0.0030112289699654195,0.0012433461553405603,0.00023312740412635504,,0.00023312740412635504,0.0020010102187512143,0.00023312740412635504,,,,0.0014959008431441117,,0.013288262035202237,,0.006760694719664296,0.00023312740412635504,0.03663985701519214,0.003496911061895326,0.0014959008431441117,0.0020010102187512143,0.00048568209192990637,,,,,0.015308699537630649,,0.0014959008431441117,,0.0030112289699654195,,0.10290632163810856,0.006022457939930839,0.7681159420289856,,0.00048568209192990637,0.0007382367797334577
,,,0.0002525546878035513,0.0005051093756071026,,0.0007770913470878502,,0.0007770913470878502,0.0005051093756071026,0.002603256012744298,,,0.003380347359832148,,0.0010296460348914016,,0.007304658662625791,0.003127792672028597,0.0002525546878035513,0.0005051093756071026,,,,0.0007770913470878502,0.0002525546878035513,,,,,,,0.0002525546878035513,,,0.0015541826941757003,,,,,,0.0005051093756071026,,,,0.0015541826941757003,0.0007770913470878502,,,,0.0010296460348914016,0.0005051093756071026,0.018028519252438126,,0.0062750126277343905,0.0002525546878035513,0.05647511364960951,0.0005051093756071026,0.0010296460348914016,0.001301628006372149,,,0.0002525546878035513,,,0.02587714185802541,,0.001301628006372149,,0.0010296460348914016,,0.16736604887904574,0.004176865990597195,0.68659905971947,,,0.001301628006372149
,,,0.0002525546878035513,,,,0.0002525546878035513,0.0012822007226949528,,0.002855810700547849,,,0.0012822007226949528,,0.0012822007226949528,,0.0041574387069199985,0.004934530054007849,0.0002525546878035513,0.0005051093756071026,,,0.0007770913470878502,0.0007770913470878502,0.0005051093756071026,,,,,,,0.0005051093756071026,,,0.0010296460348914016,,,,,0.0010296460348914016,,,,,0.0036329020476356996,0.0005051093756071026,,,,0.0020787193534599993,,0.02158371216536504,,0.010393596767299996,0.0007770913470878502,0.04864591832769942,0.0010296460348914016,0.0010296460348914016,0.0023312740412635507,0.0002525546878035513,,0.0002525546878035513,,,0.026013132843765784,,0.0007770913470878502,,0.0010296460348914016,,0.1649764929867506,0.00440999339472355,0.6875704239033298,,,0.0010296460348914016
0.0002525546878035513,,0.0002525546878035513,0.0002525546878035513,,0.0002525546878035513,0.0010296460348914016,,0.0005051093756071026,0.0007770913470878502,0.0015541826941757003,,,0.0015541826941757003,,0.0012822007226949528,,0.004934530054007849,0.0036329020476356996,0.0002525546878035513,0.0018067373819792517,,,0.0002525546878035513,0.0010296460348914016,0.0007770913470878502,,,,,,,0.0002525546878035513,,,0.0007770913470878502,,,0.0002525546878035513,,0.0002525546878035513,,,,,0.004934530054007849,0.0002525546878035513,,,,0.0012822007226949528,,0.018436492209659247,,0.010121614795819248,0.0007770913470878502,0.04804367253370634,0.0010296460348914016,0.0023312740412635507,0.002059292069782803,,,0.0002525546878035513,,,0.025974278276411394,0.0002525546878035513,0.0007770913470878502,,0.0010296460348914016,,0.1405175428371605,0.004138011423242802,0.7153514395617204,,,0.0005051093756071026
,,0.0002525546878035513,,,,0.0005051093756071026,0.0002525546878035513,0.0005051093756071026,0.0005051093756071026,0.002603256012744298,,,0.0010296460348914016,,0.0018067373819792517,,0.0046819753662042975,0.0041574387069199985,,0.0041574387069199985,,,0.0007770913470878502,0.001301628006372149,,,,,,,,0.0002525546878035513,,,0.002855810700547849,,,,,0.0005051093756071026,,,,,0.002855810700547849,0.0005051093756071026,,,,0.0015541826941757003,0.0002525546878035513,0.019019310719975133,,0.009111396044605043,,0.056572250067995496,0.0007770913470878502,0.0023312740412635507,0.002855810700547849,,,0.0007770913470878502,,,0.025274896064032326,,0.0002525546878035513,0.0002525546878035513,0.0007770913470878502,,0.16870653145277228,0.003127792672028597,0.6783424641566616,,,0.0005051093756071026
,0.0002525546878035513,,,,,0.0007576640634106539,,0.0005051093756071026,0.0002525546878035513,0.0002525546878035513,0.0002525546878035513,,0.002311846757586354,,0.0010296460348914016,,0.005672766833741306,0.005672766833741306,0.0005051093756071026,0.002059292069782803,,,0.0007576640634106539,0.0005051093756071026,,0.0002525546878035513,,,,0.0002525546878035513,,,,,0.003866029451762055,,,,,0.002311846757586354,0.0005051093756071026,,,,0.004390566111046354,0.0002525546878035513,,0.0002525546878035513,,0.0007576640634106539,0.0005051093756071026,0.020165520456929712,0.0002525546878035513,0.010587869604071959,0.0005051093756071026,0.06980223025216614,0.0007576640634106539,0.0030889381046742045,0.007479504215720558,0.0005051093756071026,,,,,0.02869409799121887,,0.0007576640634106539,,0.0007576640634106539,,0.21148541010995842,0.0025838287290671016,0.606908342075611,,0.0005051093756071026,0.0010296460348914016
,0.0005051093756071026,,,,,0.0002525546878035513,,0.002272992190231962,0.0005051093756071026,,,,0.007090958542176633,,0.0010102187512142052,,0.0025255468780355133,0.004545984380463924,0.0005051093756071026,0.0035357656292497185,,,0.0010102187512142052,0.0002525546878035513,0.0002525546878035513,0.0005051093756071026,,,0.0005051093756071026,0.0002525546878035513,,,,,0.0017678828146248592,,,,,0.0012627734390177566,0.0002525546878035513,,0.0002525546878035513,,0.0027781015658390642,0.0002525546878035513,0.0002525546878035513,,,0.0037883203170532695,0.0010102187512142052,0.016726891246065974,,0.01596922718265532,0.0010102187512142052,0.07071531258499436,0.0025255468780355133,0.0017678828146248592,0.005323075727551774,0.0005051093756071026,,0.0005051093756071026,,,0.02661537863775887,0.0005051093756071026,0.0010102187512142052,,0.0010102187512142052,,0.20911528150134048,0.004293429692660372,0.6029840307728174,0.0005051093756071026,0.0010102187512142052,0.0007576640634106539
,,,,,,,,0.0012822007226949528,0.0002525546878035513,0.0005051093756071026,0.0005051093756071026,,0.002059292069782803,,0.0018067373819792517,,0.0031083653883514006,0.0018067373819792517,0.0005051093756071026,0.003885456735439251,,,0.0005051093756071026,0.0002525546878035513,0.0007770913470878502,,,,0.0005051093756071026,0.0002525546878035513,0.0002525546878035513,,0.0002525546878035513,,0.0025838287290671016,,,,,0.0015541826941757003,0.0002525546878035513,,0.0002525546878035513,,0.002059292069782803,0.0005051093756071026,,,,0.0010296460348914016,0.0005051093756071026,0.011908924894121304,0.0002525546878035513,0.013210552900493453,0.0012822007226949528,0.046139798733341106,0.0023312740412635507,0.0018067373819792517,0.0018067373819792517,0.0018067373819792517,,0.0010296460348914016,,,0.0191747289893927,0.0002525546878035513,0.0002525546878035513,,0.0012822007226949528,,0.13789485954073902,0.0023312740412635507,0.728969965419435,0.0002525546878035513,0.0005051093756071026,0.0002525546878035513
,,,,,,0.0002525546878035513,,0.0010296460348914016,0.0002525546878035513,0.0017873100983020554,,,0.0010296460348914016,,0.0010296460348914016,,0.0030889381046742045,0.003341492792477756,,0.0017873100983020554,,,0.0010296460348914016,0.0015347554104985042,0.0005051093756071026,,,,,,0.0002525546878035513,0.0002525546878035513,,0.0002525546878035513,0.0010296460348914016,,,,0.0002525546878035513,0.0002525546878035513,,,,,0.003341492792477756,,,0.0005051093756071026,,0.0007576640634106539,0.0002525546878035513,0.021661421300073824,0.0002525546878035513,0.006954967556436259,0.0015347554104985042,0.051326883475152504,0.0010296460348914016,0.0012822007226949528,0.002836383416870653,,0.0002525546878035513,0.0007576640634106539,,,0.023973268057660178,,0.0002525546878035513,0.0005051093756071026,0.0010296460348914016,,0.1617321366126588,0.003594047480281307,0.6964486925438085,,,0.0007576640634106539
,,,,,,0.0007576640634106539,,0.0002525546878035513,0.0007576640634106539,0.0015347554104985042,,,0.0005051093756071026,,0.0005051093756071026,,0.005886466954190465,0.0035746201966041107,,0.0020398647861056066,,,,0.0017873100983020554,0.0005051093756071026,,,,,,,0.0002525546878035513,,,0.002292419473909158,,,,,0.0017873100983020554,,,,,0.0048568209192990635,0.0005051093756071026,,0.0002525546878035513,0.0002525546878035513,0.0012822007226949528,,0.020767766250922796,0.0005051093756071026,0.010762715157166725,0.0007576640634106539,0.059991451995182035,0.0007576640634106539,0.0010102187512142052,0.0020398647861056066,0.0002525546878035513,,0.0005051093756071026,,,0.025896569141702606,,0.0007576640634106539,0.0010102187512142052,0.0010102187512142052,,0.17284454287601508,0.0030695108209970083,0.6671912033259509,,,0.0012822007226949528
,,0.0002525546878035513,,0.0002525546878035513,,,0.0005051093756071026,0.0012822007226949528,,0.0002525546878035513,,,0.0018067373819792517,,,,0.004662548082527101,0.004138011423242802,0.0002525546878035513,0.0007770913470878502,,,0.0005051093756071026,0.002059292069782803,0.0002525546878035513,,,,,,0.0002525546878035513,0.0002525546878035513,,,0.0018067373819792517,,,,,0.0002525546878035513,0.0002525546878035513,,0.0002525546878035513,,0.0023312740412635507,0.0002525546878035513,,,,0.0002525546878035513,0.0002525546878035513,0.014764735594669154,,0.0067412674359871,0.0007770913470878502,0.05626141352916035,0.0005051093756071026,0.0007770913470878502,0.003360920076154952,0.0007770913470878502,,0.0002525546878035513,,,0.02463379570268485,,0.0007770913470878502,0.0010296460348914016,0.0010296460348914016,,0.18543342269883825,0.003885456735439251,0.6755837898744996,,,0.0002525546878035513
,,0.00027198197148074754,,,,0.0005439639429614951,,0.0010879278859229902,0.0008159459144422427,0.0005439639429614951,0.00027198197148074754,,0.0008159459144422427,,0.0005439639429614951,0.00027198197148074754,0.004079729572211213,0.004895675486653456,,0.0013599098574037377,,,0.0008159459144422427,0.0005439639429614951,0.00027198197148074754,,,,,,,0.00027198197148074754,,,0.002447837743326728,,,0.00027198197148074754,,0.004351711543691961,,,,,0.006527567315537942,0.0005439639429614951,,,,0.0008159459144422427,0.0008159459144422427,0.025585732602867468,,0.007887477172941679,0.0008159459144422427,0.06451800909196877,0.0016318918288844855,0.0016318918288844855,0.004623693515172708,0.00027198197148074754,,0.001903873800365233,,,0.03102537203248242,,0.00027198197148074754,0.0008159459144422427,0.0013599098574037377,,0.18539456813148386,0.0029918016862882234,0.6352721762443175,,,0.0008159459144422427
,,,,0.0005051093756071026,,0.0002525546878035513,,0.002272992190231962,0.0015153281268213078,0.0002525546878035513,0.0002525546878035513,,0.0010102187512142052,,0.0002525546878035513,,0.00456541166414112,0.005847612386836072,,0.0012627734390177566,,,0.0012627734390177566,0.0010102187512142052,0.0002525546878035513,,,,,,,,,,0.0020204375024284104,0.0005051093756071026,,0.0005051093756071026,,0.0012627734390177566,,0.0002525546878035513,,,0.00456541166414112,0.0002525546878035513,0.0002525546878035513,,,0.0002525546878035513,0.0005051093756071026,0.02059292069782803,,0.010937560710261491,0.0010102187512142052,0.07248319539961923,0.0020204375024284104,0.0002525546878035513,0.004060302288534017,0.0012627734390177566,,0.0005051093756071026,,,0.029490616621983913,,0.0002525546878035513,0.0010102187512142052,0.0007576640634106539,,0.2027431324552201,0.0017678828146248592,0.6192058126432762,,,0.0007576640634106539
,,,,,,,,0.0009907914675370089,0.00023312740412635504,,,,0.002234137622877569,0.00048568209192990637,0.00023312740412635504,0.00023312740412635504,0.0037300384660216806,0.006216730776702801,,0.007226949527917007,,,0.0019815829350740177,0.0009907914675370089,0.0009907914675370089,,,,,0.00023312740412635504,,,,,0.002739246998484672,,,0.00023312740412635504,0.00023312740412635504,0.0009907914675370089,,,,,0.004973384621362241,0.00048568209192990637,0.00048568209192990637,0.0009907914675370089,,0.002972374402611027,,0.02043750242841046,,0.013948789680226911,0.0014764735594669154,0.06131250728523138,0.0012433461553405603,0.0009907914675370089,0.0032249290904145782,0.0017290282472704665,,0.00048568209192990637,,,0.032637836577689705,,0.00048568209192990637,0.0007382367797334577,0.0009907914675370089,,0.26772739635544157,0.006216730776702801,0.5462369351517271,,,0.00023312740412635504
,,0.00023312740412635504,,0.00023312740412635504,,,,0.0014959008431441117,0.0007382367797334577,,,,0.0012433461553405603,,,,0.0030112289699654195,0.0030112289699654195,,0.0025061195943583167,,,0.00048568209192990637,0.00023312740412635504,0.00023312740412635504,,,,,0.00023312740412635504,,0.00048568209192990637,,,0.0025061195943583167,0.00023312740412635504,,,0.00023312740412635504,0.00023312740412635504,0.00048568209192990637,,0.00023312740412635504,,0.0009907914675370089,0.00048568209192990637,0.00048568209192990637,,,0.00023312740412635504,0.00023312740412635504,0.009810778256984109,0.00023312740412635504,0.007557213350429343,0.0007382367797334577,0.030481408089520923,0.0009907914675370089,0.0007382367797334577,0.00023312740412635504,0.0009907914675370089,,0.00023312740412635504,0.00023312740412635504,,0.014861872013055135,,0.00048568209192990637,0.00023312740412635504,0.001748455530947663,,0.09575708124490034,0.0012433461553405603,0.8119438940047403,,,0.0009907914675370089
,,0.0005051093756071026,,,,0.0007576640634106539,0.0002525546878035513,0.002272992190231962,0.0010102187512142052,0.0012627734390177566,,,0.0015153281268213078,,0.0005051093756071026,,0.004293429692660372,0.003283210941446167,,0.0007576640634106539,,,0.0012627734390177566,0.0010102187512142052,0.0002525546878035513,,,,0.0002525546878035513,0.0002525546878035513,,0.0002525546878035513,,,0.0002525546878035513,,,,0.0002525546878035513,0.0007576640634106539,,,,0.0002525546878035513,0.002272992190231962,,,,,0.0015153281268213078,0.0005051093756071026,0.0191941562730699,,0.0055562031316781285,0.0007576640634106539,0.05633912266386914,0.0002525546878035513,0.0010102187512142052,0.0005051093756071026,0.0002525546878035513,,0.0005051093756071026,,,0.02096203908769476,,0.0005051093756071026,0.0012627734390177566,0.0010102187512142052,,0.1498620662858919,0.002272992190231962,0.7134864203287097,,,0.0007576640634106539
,,0.0007382367797334577,,0.00023312740412635504,,0.00023312740412635504,,0.0009713641838598127,0.00023312740412635504,0.00048568209192990637,,,0.00023312740412635504,,0.001223918871663364,,0.005672766833741306,0.004196293274274391,,0.001223918871663364,,,0.0007382367797334577,0.00048568209192990637,0.0007382367797334577,,,,0.00023312740412635504,0.00023312740412635504,,0.00023312740412635504,,0.00023312740412635504,0.001223918871663364,,,0.00023312740412635504,,0.0007382367797334577,,0.00023312740412635504,,,0.0014764735594669154,0.00023312740412635504,,,,0.00048568209192990637,,0.02743132455220111,,0.0059253215215448575,0.0007382367797334577,0.04917045498698372,0.0017290282472704665,0.00023312740412635504,0.0009713641838598127,0.00048568209192990637,0.00023312740412635504,0.00023312740412635504,,,0.028907798111668027,0.00023312740412635504,0.00048568209192990637,0.0017290282472704665,0.0017290282472704665,,0.15594280607685435,0.0017290282472704665,0.6981582935074018,,,0.0009713641838598127
0.00023312740412635504,,,,0.00048568209192990637,,,,0.0009907914675370089,0.00048568209192990637,0.0007382367797334577,,,0.001748455530947663,,0.00048568209192990637,0.00023312740412635504,0.004526557096786728,0.0050316664723938295,,0.0025061195943583167,,,0.00048568209192990637,0.0007382367797334577,,,,,0.00023312740412635504,,,,,,0.0012433461553405603,,,,0.00023312740412635504,0.0007382367797334577,0.00023312740412635504,,,,0.0022535649065547657,0.00048568209192990637,,0.00023312740412635504,,0.0012433461553405603,,0.01410420794964448,,0.007809768038232894,,0.05971947002370129,0.0014959008431441117,0.0009907914675370089,0.0025061195943583167,0.0009907914675370089,,0.00048568209192990637,,,0.025702296304930646,,0.00048568209192990637,0.0012433461553405603,0.0014959008431441117,,0.18246104829622722,0.0022535649065547657,0.6716789058553834,,,0.0009907914675370089
,,,,0.00048568209192990637,,0.00023312740412635504,,0.0007382367797334577,,0.0007382367797334577,,,0.001223918871663364,,0.00023312740412635504,0.00048568209192990637,0.006663558301278316,0.004429420678400746,,0.0019621556513968216,,,0.00048568209192990637,0.0007382367797334577,0.00023312740412635504,,,,,,,0.00023312740412635504,,,0.0009713641838598127,,,,0.00048568209192990637,0.0007382367797334577,0.00048568209192990637,,,,0.0019621556513968216,0.00023312740412635504,,0.00023312740412635504,,0.0017290282472704665,0.00023312740412635504,0.01950499281190504,,0.0059253215215448575,,0.0679372110191553,0.0007382367797334577,0.0007382367797334577,0.0014764735594669154,0.0007382367797334577,,0.00048568209192990637,,,0.02692621517659401,,0.00023312740412635504,0.0009713641838598127,0.001223918871663364,,0.178381318724016,0.003458056494540933,0.6648210747173331,,,0.00048568209192990637
,,0.0014959008431441117,,,,0.00023312740412635504,,0.0014959008431441117,,0.0012433461553405603,,,0.0009907914675370089,,0.00048568209192990637,,0.005245366592842989,0.0044877025294323344,,0.001748455530947663,,,0.0009907914675370089,0.002234137622877569,0.0007382367797334577,,,,,,,0.00023312740412635504,,,0.0007382367797334577,,,,0.00048568209192990637,0.0014959008431441117,0.00023312740412635504,,,,0.0029918016862882234,,,,,0.0012433461553405603,,0.02401212262501457,,0.006488712748183549,0.0014959008431441117,0.06354664490810895,0.0009907914675370089,0.00023312740412635504,0.002234137622877569,0.0009907914675370089,,0.00048568209192990637,,,0.02826669775032055,,0.00048568209192990637,0.0007382367797334577,0.0009907914675370089,,0.20717255313362085,0.003749465749698877,0.6280646540000778,,,0.0012433461553405603
0.0002525546878035513,0.0002525546878035513,0.0010102187512142052,,,,0.0002525546878035513,,0.0020398647861056066,,0.0015347554104985042,,,0.0010102187512142052,0.0005051093756071026,0.0002525546878035513,,0.00767377705249252,0.00767377705249252,0.0002525546878035513,0.0030695108209970083,,,0.0015347554104985042,0.0012627734390177566,0.0010102187512142052,,,,,,,,,,0.0020398647861056066,0.0002525546878035513,,,0.0005051093756071026,0.0010102187512142052,0.0005051093756071026,,,,0.004099156855888409,0.0005051093756071026,,0.0002525546878035513,,0.0025449741617127094,0.0007576640634106539,0.013307689318879434,,0.013307689318879434,0.0012627734390177566,0.05328903912654932,0.004099156855888409,0.0020398647861056066,0.005633912266386914,0.0007576640634106539,,0.0002525546878035513,,,0.027159342580720364,,0.0012627734390177566,0.0015347554104985042,0.0007576640634106539,,0.23984924427866497,0.006139021641994017,0.58474181139993,,0.0005051093756071026,0.0020398647861056066
0.0002525546878035513,,0.0012822007226949528,,,,0.0007576640634106539,,0.003360920076154952,0.0002525546878035513,0.0012822007226949528,,,0.0007576640634106539,0.0005051093756071026,,,0.004138011423242802,0.004643120798849905,0.0002525546878035513,0.0015347554104985042,,,0.0007576640634106539,0.0010296460348914016,0.0002525546878035513,,,,,,,0.0002525546878035513,,,0.0036134747639585034,,,,0.0002525546878035513,0.0010296460348914016,,,,,0.0015347554104985042,0.0002525546878035513,0.0002525546878035513,0.0002525546878035513,,0.0010296460348914016,0.0007576640634106539,0.013715662276100556,,0.012686016241209155,0.0015347554104985042,0.05723277771302016,0.002311846757586354,0.002059292069782803,0.0030889381046742045,0.0005051093756071026,,,,,0.020456929712087655,,0.0012822007226949528,0.0012822007226949528,0.0005051093756071026,,0.17768193651163694,0.003866029451762055,0.6702218595795936,,,0.0012822007226949528
,,0.0007576640634106539,0.0002525546878035513,,,0.0005051093756071026,,0.0010102187512142052,,0.0017873100983020554,,,0.0007576640634106539,0.0002525546878035513,0.0002525546878035513,0.0002525546878035513,0.0025644014453899055,0.0035746201966041107,,0.0020398647861056066,,,,0.0010102187512142052,0.0002525546878035513,,,,,,0.0002525546878035513,0.0002525546878035513,,,0.0010102187512142052,,,,0.0002525546878035513,0.0017873100983020554,0.0005051093756071026,,,,0.004351711543691961,0.0002525546878035513,,,0.0002525546878035513,0.0007576640634106539,,0.020515211563119244,,0.016163500019427283,0.0007576640634106539,0.056960795741539415,0.0002525546878035513,0.002292419473909158,0.002292419473909158,0.0005051093756071026,,0.0007576640634106539,,,0.022827058320705598,,0.0005051093756071026,0.0017873100983020554,0.0007576640634106539,,0.17832303687298443,0.0033220655088005593,0.6665306756809263,,,0.0005051093756071026
0.0005245366592842988,0.0002525546878035513,0.0007965186307650464,,,,0.0005245366592842988,,0.0015930372615300928,0.0005245366592842988,0.003438629210863737,,0.0005245366592842988,0.0002525546878035513,,0.0005245366592842988,,0.0076932043361697166,0.0037106111823444845,0.0002525546878035513,0.0045071298131095314,,,0.0002525546878035513,0.0013210552900493452,0.0007965186307650464,0.0002525546878035513,,,,,,0.0005245366592842988,0.0002525546878035513,0.0005245366592842988,0.0031860745230601856,,,,0.0002525546878035513,0.0010490733185685977,0.0002525546878035513,,,0.0002525546878035513,0.0023895558922951395,0.0002525546878035513,,0.0002525546878035513,,0.0023895558922951395,0.0002525546878035513,0.015949799898978125,,0.01699887321754672,,0.05501806737381979,0.0007965186307650464,0.002117573920814392,0.0023895558922951395,0.0002525546878035513,,0.0015930372615300928,,,0.02525546878035513,,0.0005245366592842988,0.0013210552900493452,0.0015930372615300928,,0.2132144383572289,0.0018455919493336442,0.6205074406496485,,,0.0010490733185685977
0.0002525546878035513,0.0002525546878035513,0.0015736099778528966,,,,0.0010490733185685977,,0.0007770913470878502,0.002370128608617943,0.0015736099778528966,0.0002525546878035513,0.0007770913470878502,0.0007770913470878502,,0.002894665267902242,,0.006838403854373082,0.004215720557951587,0.0005245366592842988,0.0031472199557057933,,,0.001301628006372149,0.0010490733185685977,0.0002525546878035513,,,,,0.0002525546878035513,,0.0005245366592842988,,0.0002525546878035513,0.0010490733185685977,,,0.0007770913470878502,,0.0015736099778528966,,,,,0.004992811905039437,0.0002525546878035513,0.0002525546878035513,0.0002525546878035513,,0.004468275245755138,,0.0181645102381785,,0.007887477172941679,0.0007770913470878502,0.05847612386836073,0.0020981466371371954,0.0010490733185685977,0.0036717566149900922,0.001301628006372149,0.001301628006372149,0.0015736099778528966,,,0.027664451956327465,,0.0005245366592842988,0.0020981466371371954,0.0010490733185685977,,0.21288417453471656,0.002894665267902242,0.6115514628744609,,0.0002525546878035513,0.0002525546878035513
0.0002525546878035513,,0.0015930372615300928,,,,0.0010490733185685977,0.0002525546878035513,0.0018650192330108403,0.0029335198352566346,0.0018650192330108403,0.0002525546878035513,0.0007965186307650464,0.002117573920814392,,0.0013210552900493452,,0.005867039670513269,0.0023895558922951395,0.0005245366592842988,0.0029335198352566346,,,0.0010490733185685977,0.0015930372615300928,0.0002525546878035513,,,,,,,0.0010490733185685977,,0.0002525546878035513,0.0037300384660216806,0.0002525546878035513,,0.0010490733185685977,0.0002525546878035513,0.002661537863775887,0.0013210552900493452,,,,0.005323075727551774,,,0.0002525546878035513,,0.0018650192330108403,,0.015483545090725415,,0.010937560710261491,0.002117573920814392,0.056611104635349886,0.002117573920814392,0.0010490733185685977,0.002661537863775887,0.0013210552900493452,0.0007965186307650464,0.0007965186307650464,0.0007965186307650464,,0.024556086567976067,,0.0007965186307650464,,0.0015930372615300928,,0.1530481408089521,0.004798539068267475,0.672553133620857,,0.0005245366592842988,0.0005245366592842988
,,0.0005245366592842988,0.0002525546878035513,,,0.0013210552900493452,0.0002525546878035513,0.0024089831759723356,0.0007965186307650464,0.001068500602245794,,0.0007965186307650464,0.0024089831759723356,,0.002661537863775887,,0.002661537863775887,0.004002020437502429,0.0005245366592842988,0.002661537863775887,,,0.0007965186307650464,0.0007965186307650464,0.0005245366592842988,,,,0.0005245366592842988,,,0.0002525546878035513,,0.0002525546878035513,0.004545984380463924,0.0002525546878035513,,,,0.0007965186307650464,0.0002525546878035513,,0.0002525546878035513,,0.0024089831759723356,0.0007965186307650464,,0.0015930372615300928,,0.0037300384660216806,0.0013210552900493452,0.017659400862571395,0.0002525546878035513,0.0088199867894471,0.0002525546878035513,0.05272564789991063,0.0018650192330108403,0.0024089831759723356,0.0018650192330108403,0.0007965186307650464,0.0005245366592842988,,,,0.022477367214516066,0.0002525546878035513,0.0018650192330108403,,0.0013210552900493452,,0.07388195982437736,0.005070521039748223,0.7660177953918483,,0.0002525546878035513,0.0002525546878035513
,,0.0015347554104985042,,,0.0002525546878035513,0.0012822007226949528,,0.004351711543691961,0.0010102187512142052,0.0010102187512142052,0.0005051093756071026,0.0007576640634106539,0.0025644014453899055,,0.0020398647861056066,,0.0053813575785833625,0.0030695108209970083,,0.0030695108209970083,,,0.0007576640634106539,0.0005051093756071026,0.0002525546878035513,,,,0.0005051093756071026,,0.0002525546878035513,0.0012822007226949528,,,0.002816956133193457,0.0002525546878035513,,,,0.0020398647861056066,0.0010102187512142052,0.0002525546878035513,0.0002525546878035513,,0.002816956133193457,0.0002525546878035513,,0.0007576640634106539,0.0005051093756071026,0.002292419473909158,0.0002525546878035513,0.01385165326184093,,0.017950810117729338,0.0015347554104985042,0.06004973384621362,0.004099156855888409,0.0015347554104985042,0.0017873100983020554,0.0017873100983020554,,,0.0002525546878035513,,0.022827058320705598,,0.0002525546878035513,,0.0012822007226949528,,0.17810933675253526,0.004351711543691961,0.6449081089482068,,,0.0015347554104985042
,,0.0014959008431441117,0.00023312740412635504,0.00023312740412635504,,0.00048568209192990637,,0.0045071298131095314,0.0009907914675370089,0.0009907914675370089,,,0.004002020437502429,,0.00048568209192990637,,0.003496911061895326,0.0022535649065547657,,0.005769903252127288,,,0.00048568209192990637,0.0007382367797334577,,,,,0.0007382367797334577,,0.00023312740412635504,0.0007382367797334577,,0.00048568209192990637,0.00023312740412635504,0.00023312740412635504,,,0.0009907914675370089,0.0007382367797334577,0.0007382367797334577,,,,0.004002020437502429,0.00023312740412635504,,0.00023312740412635504,,0.0020010102187512143,,0.012278043283988033,,0.011287251816451023,0.00048568209192990637,0.044643897890196994,0.003496911061895326,0.0014959008431441117,0.0022535649065547657,0.0014959008431441117,,0.00048568209192990637,0.0007382367797334577,,0.02131173019388429,,0.00048568209192990637,,0.0009907914675370089,,0.1005944748805222,0.005517348564323736,0.7541865796324358,,,0.00048568209192990637
,,0.0020010102187512143,,0.00023312740412635504,,0.00048568209192990637,0.00048568209192990637,0.001748455530947663,0.00048568209192990637,0.0012433461553405603,,,0.0012433461553405603,,,0.00048568209192990637,0.006022457939930839,0.0037688930333760733,0.00023312740412635504,0.0030112289699654195,,,0.0020010102187512143,0.0007382367797334577,,0.00048568209192990637,,,0.00048568209192990637,0.00023312740412635504,,0.00023312740412635504,,,0.0012433461553405603,0.00023312740412635504,,,0.0007382367797334577,0.0014959008431441117,0.0007382367797334577,0.00023312740412635504,0.00023312740412635504,,0.002758674282161868,0.00023312740412635504,0.00023312740412635504,0.0009907914675370089,,0.00048568209192990637,,0.01633834557252205,,0.0062750126277343905,0.0007382367797334577,0.04600380774760073,0.001748455530947663,0.001748455530947663,0.003263783657768971,0.001748455530947663,,0.00048568209192990637,0.0007382367797334577,,0.027392469984846717,,0.0009907914675370089,,0.0009907914675370089,,0.16419940163966273,0.002758674282161868,0.6886000699382213,,,0.0007382367797334577
,,0.0009713641838598127,,,,0.00023312740412635504,0.00023312740412635504,0.0009713641838598127,0.00023312740412635504,0.00048568209192990637,,,0.0012044915879861678,,0.00048568209192990637,0.00048568209192990637,0.005109375607102615,0.0036523293313128957,,0.002680965147453083,,,0.0009713641838598127,0.0009713641838598127,0.00023312740412635504,,,,,0.00048568209192990637,,0.0009713641838598127,,,0.0012044915879861678,0.00023312740412635504,,,0.00023312740412635504,,0.00048568209192990637,,,0.00023312740412635504,0.0021758557718459803,0.00023312740412635504,0.00023312740412635504,0.0007188094960562614,,0.0021758557718459803,0.00023312740412635504,0.01534755410498504,,0.0060807397909624274,0.0009713641838598127,0.051171465205734935,0.0009713641838598127,0.0009713641838598127,0.0012044915879861678,0.0009713641838598127,,,0.0012044915879861678,,0.0202238023079613,,0.00048568209192990637,,0.0009713641838598127,,0.1554959785522788,0.002914092551579438,0.7115048373936357,,,0.0009713641838598127
0.00023312740412635504,,0.00023312740412635504,,,,0.0009713641838598127,0.00048568209192990637,0.0009713641838598127,,0.0009713641838598127,,0.00023312740412635504,0.001690173679916074,,0.00048568209192990637,,0.005595057699032522,0.004371138827369158,,0.0033997746435093447,,,0.001690173679916074,0.0009713641838598127,0.00048568209192990637,,,,,0.00023312740412635504,,0.00048568209192990637,,,0.00048568209192990637,0.00023312740412635504,,,0.00023312740412635504,0.0012044915879861678,0.00023312740412635504,0.00048568209192990637,,0.00023312740412635504,0.0031472199557057933,,,,,0.0012044915879861678,0.0007188094960562614,0.013152271049461864,,0.006313867195088783,0.0007188094960562614,0.043594824571628395,0.0012044915879861678,0.00023312740412635504,0.0009713641838598127,0.0007188094960562614,,0.0009713641838598127,0.00048568209192990637,,0.024594941135330457,0.00023312740412635504,0.0007188094960562614,,0.001457046275789719,,0.15027003924311302,0.001690173679916074,0.7200139876442476,,,0.0009713641838598127
,,0.0017096009635932704,,,,0.0009713641838598127,0.00023312740412635504,0.002447837743326728,0.00048568209192990637,0.0007188094960562614,,,0.0019621556513968216,,0.00048568209192990637,,0.003438629210863737,0.0031860745230601856,0.00023312740412635504,0.0029335198352566346,,,0.0019621556513968216,0.0007188094960562614,0.0007188094960562614,,,,,0.00023312740412635504,,0.00048568209192990637,,,0.002195283055523177,0.00023312740412635504,,,0.00023312740412635504,0.0017096009635932704,0.0007188094960562614,0.00048568209192990637,0.00023312740412635504,,0.004662548082527101,0.0007188094960562614,,,,0.00048568209192990637,0.0009713641838598127,0.01769825542992579,0.00023312740412635504,0.010568442320394762,0.00048568209192990637,0.05977775187473287,0.0009713641838598127,0.0009713641838598127,0.001223918871663364,0.00048568209192990637,,,0.00048568209192990637,,0.02484749582313401,0.00023312740412635504,0.00023312740412635504,,0.0009713641838598127,,0.153533822900882,0.0031860745230601856,0.6878035513074562,,,0.0007188094960562614
